========================================
Pod: ncm-platform-flink-kubernetes-operator-5cb9ccc496-rlh64
Namespace: ncm-sc
Started at: Thu Oct  1 06:53:31 AM GMT 2026
Stream duration: 30m
Start-from-now: true
========================================

2026-10-01T06:53:42.041689406Z [m[33m2026-10-01 06:53:42,041[m [36mo.a.f.k.o.r.d.AbstractFlinkResourceReconciler[m [32m[INFO ][ncm-sc/fsc-flink-cluster] Resource fully reconciled, nothing to do...
2026-10-01T06:53:44.597750591Z [m[33m2026-10-01 06:53:44,597[m [36mo.a.f.k.o.c.FlinkSessionJobController[m [32m[INFO ][ncm-sc/ncm-events] Starting reconciliation
2026-10-01T06:53:44.607062201Z [m[33m2026-10-01 06:53:44,606[m [36mo.a.f.k.o.r.d.AbstractFlinkResourceReconciler[m [32m[INFO ][ncm-sc/ncm-events] Resource fully reconciled, nothing to do...
2026-10-01T06:53:57.053648488Z [m[33m2026-10-01 06:53:57,053[m [36mo.a.f.k.o.r.d.AbstractFlinkResourceReconciler[m [32m[INFO ][ncm-sc/fsc-flink-cluster] Resource fully reconciled, nothing to do...
2026-10-01T06:53:59.607832494Z [m[33m2026-10-01 06:53:59,607[m [36mo.a.f.k.o.c.FlinkSessionJobController[m [32m[INFO ][ncm-sc/ncm-events] Starting reconciliation
2026-10-01T06:53:59.617926695Z [m[33m2026-10-01 06:53:59,617[m [36mo.a.f.k.o.r.d.AbstractFlinkResourceReconciler[m [32m[INFO ][ncm-sc/ncm-events] Resource fully reconciled, nothing to do...
2026-10-01T06:54:12.073565004Z [m[33m2026-10-01 06:54:12,073[m [36mo.a.f.k.o.r.d.AbstractFlinkResourceReconciler[m [32m[INFO ][ncm-sc/fsc-flink-cluster] Resource fully reconciled, nothing to do...
2026-10-01T06:54:14.636876689Z [m[33m2026-10-01 06:54:14,636[m [36mo.a.f.k.o.c.FlinkSessionJobController[m [32m[INFO ][ncm-sc/ncm-events] Starting reconciliation
2026-10-01T06:54:14.646829890Z [m[33m2026-10-01 06:54:14,646[m [36mo.a.f.k.o.r.d.AbstractFlinkResourceReconciler[m [32m[INFO ][ncm-sc/ncm-events] Resource fully reconciled, nothing to do...
2026-10-01T06:54:27.088151189Z [m[33m2026-10-01 06:54:27,088[m [36mo.a.f.k.o.r.d.AbstractFlinkResourceReconciler[m [32m[INFO ][ncm-sc/fsc-flink-cluster] Resource fully reconciled, nothing to do...
2026-10-01T06:54:29.647561731Z [m[33m2026-10-01 06:54:29,647[m [36mo.a.f.k.o.c.FlinkSessionJobController[m [32m[INFO ][ncm-sc/ncm-events] Starting reconciliation
2026-10-01T06:54:29.656695824Z [m[33m2026-10-01 06:54:29,656[m [36mo.a.f.k.o.r.d.AbstractFlinkResourceReconciler[m [32m[INFO ][ncm-sc/ncm-events] Resource fully reconciled, nothing to do...
2026-10-01T06:54:42.099844954Z [m[33m2026-10-01 06:54:42,099[m [36mo.a.f.k.o.r.d.AbstractFlinkResourceReconciler[m [32m[INFO ][ncm-sc/fsc-flink-cluster] Resource fully reconciled, nothing to do...
2026-10-01T06:54:44.675904941Z [m[33m2026-10-01 06:54:44,675[m [36mo.a.f.k.o.c.FlinkSessionJobController[m [32m[INFO ][ncm-sc/ncm-events] Starting reconciliation
2026-10-01T06:54:44.685780411Z [m[33m2026-10-01 06:54:44,685[m [36mo.a.f.k.o.r.d.AbstractFlinkResourceReconciler[m [32m[INFO ][ncm-sc/ncm-events] Resource fully reconciled, nothing to do...
2026-10-01T06:54:57.111102379Z [m[33m2026-10-01 06:54:57,111[m [36mo.a.f.k.o.r.d.AbstractFlinkResourceReconciler[m [32m[INFO ][ncm-sc/fsc-flink-cluster] Resource fully reconciled, nothing to do...
2026-10-01T06:54:59.685814305Z [m[33m2026-10-01 06:54:59,685[m [36mo.a.f.k.o.c.FlinkSessionJobController[m [32m[INFO ][ncm-sc/ncm-events] Starting reconciliation
2026-10-01T06:54:59.694627958Z [m[33m2026-10-01 06:54:59,694[m [36mo.a.f.k.o.r.d.AbstractFlinkResourceReconciler[m [32m[INFO ][ncm-sc/ncm-events] Resource fully reconciled, nothing to do...
2026-10-01T06:55:12.127200014Z [m[33m2026-10-01 06:55:12,127[m [36mo.a.f.k.o.r.d.AbstractFlinkResourceReconciler[m [32m[INFO ][ncm-sc/fsc-flink-cluster] Resource fully reconciled, nothing to do...
2026-10-01T06:55:14.695370439Z [m[33m2026-10-01 06:55:14,695[m [36mo.a.f.k.o.c.FlinkSessionJobController[m [32m[INFO ][ncm-sc/ncm-events] Starting reconciliation
2026-10-01T06:55:14.704681027Z [m[33m2026-10-01 06:55:14,704[m [36mo.a.f.k.o.r.d.AbstractFlinkResourceReconciler[m [32m[INFO ][ncm-sc/ncm-events] Resource fully reconciled, nothing to do...
2026-10-01T06:55:27.140520494Z [m[33m2026-10-01 06:55:27,140[m [36mo.a.f.k.o.r.d.AbstractFlinkResourceReconciler[m [32m[INFO ][ncm-sc/fsc-flink-cluster] Resource fully reconciled, nothing to do...
2026-10-01T06:55:29.705279806Z [m[33m2026-10-01 06:55:29,705[m [36mo.a.f.k.o.c.FlinkSessionJobController[m [32m[INFO ][ncm-sc/ncm-events] Starting reconciliation
2026-10-01T06:55:29.714855676Z [m[33m2026-10-01 06:55:29,714[m [36mo.a.f.k.o.r.d.AbstractFlinkResourceReconciler[m [32m[INFO ][ncm-sc/ncm-events] Resource fully reconciled, nothing to do...
2026-10-01T06:55:42.156965036Z [m[33m2026-10-01 06:55:42,156[m [36mo.a.f.k.o.r.d.AbstractFlinkResourceReconciler[m [32m[INFO ][ncm-sc/fsc-flink-cluster] Resource fully reconciled, nothing to do...
2026-10-01T06:55:44.715005540Z [m[33m2026-10-01 06:55:44,714[m [36mo.a.f.k.o.c.FlinkSessionJobController[m [32m[INFO ][ncm-sc/ncm-events] Starting reconciliation
2026-10-01T06:55:44.722887038Z [m[33m2026-10-01 06:55:44,722[m [36mo.a.f.k.o.r.d.AbstractFlinkResourceReconciler[m [32m[INFO ][ncm-sc/ncm-events] Resource fully reconciled, nothing to do...
2026-10-01T06:55:48.002872371Z [m[33m2026-10-01 06:55:48,002[m [36mo.a.f.c.GlobalConfiguration   [m [32m[INFO ] Using legacy YAML parser to load flink configuration file from /opt/flink/conf/flink-conf.yaml.
2026-10-01T06:55:48.002953610Z [m[33m2026-10-01 06:55:48,002[m [36mo.a.f.c.GlobalConfiguration   [m [32m[INFO ] Loading configuration property: parallelism.default, 1
2026-10-01T06:55:48.002960984Z [m[33m2026-10-01 06:55:48,002[m [36mo.a.f.c.GlobalConfiguration   [m [32m[INFO ] Loading configuration property: taskmanager.numberOfTaskSlots, 1
2026-10-01T06:55:48.002969051Z [m[33m2026-10-01 06:55:48,002[m [36mo.a.f.c.GlobalConfiguration   [m [32m[INFO ] Loading configuration property: kubernetes.operator.default-configuration.flink-version.v1_18.env.java.opts.all, --add-exports=java.base/sun.net.util=ALL-UNNAMED --add-exports=java.rmi/sun.rmi.registry=ALL-UNNAMED --add-exports=java.security.jgss/sun.security.krb5=ALL-UNNAMED --add-opens=java.base/java.lang=ALL-UNNAMED --add-opens=java.base/java.net=ALL-UNNAMED --add-opens=java.base/java.io=ALL-UNNAMED --add-opens=java.base/java.nio=ALL-UNNAMED --add-opens=java.base/sun.nio.ch=ALL-UNNAMED --add-opens=java.base/java.lang.reflect=ALL-UNNAMED --add-opens=java.base/java.text=ALL-UNNAMED --add-opens=java.base/java.time=ALL-UNNAMED --add-opens=java.base/java.util=ALL-UNNAMED --add-opens=java.base/java.util.concurrent=ALL-UNNAMED --add-opens=java.base/java.util.concurrent.atomic=ALL-UNNAMED --add-opens=java.base/java.util.concurrent.locks=ALL-UNNAMED
2026-10-01T06:55:48.002974829Z [m[33m2026-10-01 06:55:48,002[m [36mo.a.f.c.GlobalConfiguration   [m [32m[INFO ] Loading configuration property: kubernetes.operator.reconcile.interval, 15 s
2026-10-01T06:55:48.002979385Z [m[33m2026-10-01 06:55:48,002[m [36mo.a.f.c.GlobalConfiguration   [m [32m[INFO ] Loading configuration property: kubernetes.operator.flink.client.timeout, 300 s
2026-10-01T06:55:48.002988755Z [m[33m2026-10-01 06:55:48,002[m [36mo.a.f.c.GlobalConfiguration   [m [32m[INFO ] Loading configuration property: kubernetes.operator.default-configuration.flink-version.v1_19+.env.java.default-opts.all, --add-exports=java.base/sun.net.util=ALL-UNNAMED --add-exports=java.rmi/sun.rmi.registry=ALL-UNNAMED --add-exports=java.security.jgss/sun.security.krb5=ALL-UNNAMED --add-opens=java.base/java.lang=ALL-UNNAMED --add-opens=java.base/java.net=ALL-UNNAMED --add-opens=java.base/java.io=ALL-UNNAMED --add-opens=java.base/java.nio=ALL-UNNAMED --add-opens=java.base/sun.nio.ch=ALL-UNNAMED --add-opens=java.base/java.lang.reflect=ALL-UNNAMED --add-opens=java.base/java.text=ALL-UNNAMED --add-opens=java.base/java.time=ALL-UNNAMED --add-opens=java.base/java.util=ALL-UNNAMED --add-opens=java.base/java.util.concurrent=ALL-UNNAMED --add-opens=java.base/java.util.concurrent.atomic=ALL-UNNAMED --add-opens=java.base/java.util.concurrent.locks=ALL-UNNAMED
2026-10-01T06:55:48.003006689Z [m[33m2026-10-01 06:55:48,002[m [36mo.a.f.c.GlobalConfiguration   [m [32m[INFO ] Loading configuration property: kubernetes.operator.metrics.reporter.slf4j.interval, 5 MINUTE
2026-10-01T06:55:48.003010604Z [m[33m2026-10-01 06:55:48,002[m [36mo.a.f.c.GlobalConfiguration   [m [32m[INFO ] Loading configuration property: kubernetes.operator.observer.progress-check.interval, 5 s
2026-10-01T06:55:48.003014596Z [m[33m2026-10-01 06:55:48,002[m [36mo.a.f.c.GlobalConfiguration   [m [32m[INFO ] Loading configuration property: kubernetes.operator.health.probe.enabled, true
2026-10-01T06:55:48.003018572Z [m[33m2026-10-01 06:55:48,002[m [36mo.a.f.c.GlobalConfiguration   [m [32m[INFO ] Loading configuration property: kubernetes.operator.health.probe.port, 8085
2026-10-01T06:55:48.003022367Z [m[33m2026-10-01 06:55:48,002[m [36mo.a.f.c.GlobalConfiguration   [m [32m[INFO ] Loading configuration property: kubernetes.operator.metrics.reporter.slf4j.factory.class, org.apache.flink.metrics.slf4j.Slf4jReporterFactory
2026-10-01T06:55:48.003028901Z [m[33m2026-10-01 06:55:48,002[m [36mo.a.f.k.o.c.FlinkConfigManager[m [32m[INFO ] Default configuration did not change, nothing to do...
2026-10-01T06:55:52.208742889Z [m[33m2026-10-01 06:55:52,208[m [36mo.a.f.c.GlobalConfiguration   [m [32m[INFO ] Using legacy YAML parser to load flink configuration file from /opt/flink/conf/flink-conf.yaml.
2026-10-01T06:55:52.208889943Z [m[33m2026-10-01 06:55:52,208[m [36mo.a.f.c.GlobalConfiguration   [m [32m[INFO ] Loading configuration property: parallelism.default, 1
2026-10-01T06:55:52.208904680Z [m[33m2026-10-01 06:55:52,208[m [36mo.a.f.c.GlobalConfiguration   [m [32m[INFO ] Loading configuration property: taskmanager.numberOfTaskSlots, 1
2026-10-01T06:55:52.208918681Z [m[33m2026-10-01 06:55:52,208[m [36mo.a.f.c.GlobalConfiguration   [m [32m[INFO ] Loading configuration property: kubernetes.operator.default-configuration.flink-version.v1_18.env.java.opts.all, --add-exports=java.base/sun.net.util=ALL-UNNAMED --add-exports=java.rmi/sun.rmi.registry=ALL-UNNAMED --add-exports=java.security.jgss/sun.security.krb5=ALL-UNNAMED --add-opens=java.base/java.lang=ALL-UNNAMED --add-opens=java.base/java.net=ALL-UNNAMED --add-opens=java.base/java.io=ALL-UNNAMED --add-opens=java.base/java.nio=ALL-UNNAMED --add-opens=java.base/sun.nio.ch=ALL-UNNAMED --add-opens=java.base/java.lang.reflect=ALL-UNNAMED --add-opens=java.base/java.text=ALL-UNNAMED --add-opens=java.base/java.time=ALL-UNNAMED --add-opens=java.base/java.util=ALL-UNNAMED --add-opens=java.base/java.util.concurrent=ALL-UNNAMED --add-opens=java.base/java.util.concurrent.atomic=ALL-UNNAMED --add-opens=java.base/java.util.concurrent.locks=ALL-UNNAMED
2026-10-01T06:55:52.208933858Z [m[33m2026-10-01 06:55:52,208[m [36mo.a.f.c.GlobalConfiguration   [m [32m[INFO ] Loading configuration property: kubernetes.operator.reconcile.interval, 15 s
2026-10-01T06:55:52.208937608Z [m[33m2026-10-01 06:55:52,208[m [36mo.a.f.c.GlobalConfiguration   [m [32m[INFO ] Loading configuration property: kubernetes.operator.flink.client.timeout, 300 s
2026-10-01T06:55:52.208941189Z [m[33m2026-10-01 06:55:52,208[m [36mo.a.f.c.GlobalConfiguration   [m [32m[INFO ] Loading configuration property: kubernetes.operator.default-configuration.flink-version.v1_19+.env.java.default-opts.all, --add-exports=java.base/sun.net.util=ALL-UNNAMED --add-exports=java.rmi/sun.rmi.registry=ALL-UNNAMED --add-exports=java.security.jgss/sun.security.krb5=ALL-UNNAMED --add-opens=java.base/java.lang=ALL-UNNAMED --add-opens=java.base/java.net=ALL-UNNAMED --add-opens=java.base/java.io=ALL-UNNAMED --add-opens=java.base/java.nio=ALL-UNNAMED --add-opens=java.base/sun.nio.ch=ALL-UNNAMED --add-opens=java.base/java.lang.reflect=ALL-UNNAMED --add-opens=java.base/java.text=ALL-UNNAMED --add-opens=java.base/java.time=ALL-UNNAMED --add-opens=java.base/java.util=ALL-UNNAMED --add-opens=java.base/java.util.concurrent=ALL-UNNAMED --add-opens=java.base/java.util.concurrent.atomic=ALL-UNNAMED --add-opens=java.base/java.util.concurrent.locks=ALL-UNNAMED
2026-10-01T06:55:52.208944930Z [m[33m2026-10-01 06:55:52,208[m [36mo.a.f.c.GlobalConfiguration   [m [32m[INFO ] Loading configuration property: kubernetes.operator.metrics.reporter.slf4j.interval, 5 MINUTE
2026-10-01T06:55:52.208950955Z [m[33m2026-10-01 06:55:52,208[m [36mo.a.f.c.GlobalConfiguration   [m [32m[INFO ] Loading configuration property: kubernetes.operator.observer.progress-check.interval, 5 s
2026-10-01T06:55:52.208954955Z [m[33m2026-10-01 06:55:52,208[m [36mo.a.f.c.GlobalConfiguration   [m [32m[INFO ] Loading configuration property: kubernetes.operator.health.probe.enabled, true
2026-10-01T06:55:52.208958245Z [m[33m2026-10-01 06:55:52,208[m [36mo.a.f.c.GlobalConfiguration   [m [32m[INFO ] Loading configuration property: kubernetes.operator.health.probe.port, 8085
2026-10-01T06:55:52.208966218Z [m[33m2026-10-01 06:55:52,208[m [36mo.a.f.c.GlobalConfiguration   [m [32m[INFO ] Loading configuration property: kubernetes.operator.metrics.reporter.slf4j.factory.class, org.apache.flink.metrics.slf4j.Slf4jReporterFactory
2026-10-01T06:55:52.208996549Z [m[33m2026-10-01 06:55:52,208[m [36mo.a.f.k.o.c.FlinkConfigManager[m [32m[INFO ] Default configuration did not change, nothing to do...
2026-10-01T06:55:53.078380286Z [m[33m2026-10-01 06:55:53,077[m [36mo.a.f.m.s.Slf4jReporter       [m [32m[INFO ] 
2026-10-01T06:55:53.078403283Z =========================== Starting metrics report ===========================
2026-10-01T06:55:53.078406832Z 
2026-10-01T06:55:53.078409651Z -- Counters ---------------------------------------------------------------------
2026-10-01T06:55:53.078412747Z ncm-platform-flink-kubernetes-operator-5cb9ccc496-rlh64.k8soperator.ncm-sc.ncm-platform-flink-kubernetes-operator.resource.ncm-sc.ncm-events.FlinkSessionJob.JOSDK.Reconciliation.Count: 66174
2026-10-01T06:55:53.078415875Z ncm-platform-flink-kubernetes-operator-5cb9ccc496-rlh64.k8soperator.ncm-sc.ncm-platform-flink-kubernetes-operator.resource.ncm-sc.fsc-flink-cluster.FlinkDeployment.JOSDK.Resource.Event.UPDATED.Count: 1
2026-10-01T06:55:53.078418502Z ncm-platform-flink-kubernetes-operator-5cb9ccc496-rlh64.k8soperator.ncm-sc.ncm-platform-flink-kubernetes-operator.resource.ncm-sc.fsc-flink-cluster.FlinkDeployment.JOSDK.Reconciliation.Count: 66167
2026-10-01T06:55:53.078421323Z ncm-platform-flink-kubernetes-operator-5cb9ccc496-rlh64.k8soperator.ncm-sc.ncm-platform-flink-kubernetes-operator.system.KubeClient.HttpRequest.Count: 24717
2026-10-01T06:55:53.078424213Z ncm-platform-flink-kubernetes-operator-5cb9ccc496-rlh64.k8soperator.ncm-sc.ncm-platform-flink-kubernetes-operator.resource.ncm-sc.ncm-events.FlinkSessionJob.AutoScaler.scalings: 0
2026-10-01T06:55:53.078426953Z ncm-platform-flink-kubernetes-operator-5cb9ccc496-rlh64.k8soperator.ncm-sc.ncm-platform-flink-kubernetes-operator.system.KubeClient.HttpResponse.Count: 24546
2026-10-01T06:55:53.078429491Z ncm-platform-flink-kubernetes-operator-5cb9ccc496-rlh64.k8soperator.ncm-sc.ncm-platform-flink-kubernetes-operator.system.KubeClient.HttpResponse.409.Count: 1
2026-10-01T06:55:53.078432105Z ncm-platform-flink-kubernetes-operator-5cb9ccc496-rlh64.k8soperator.ncm-sc.ncm-platform-flink-kubernetes-operator.system.KubeClient.HttpRequest.POST.Count: 5
2026-10-01T06:55:53.078456282Z ncm-platform-flink-kubernetes-operator-5cb9ccc496-rlh64.k8soperator.ncm-sc.ncm-platform-flink-kubernetes-operator.resource.ncm-sc.fsc-flink-cluster.FlinkDeployment.JOSDK.Reconciliation.finished.Count: 66167
2026-10-01T06:55:53.078458929Z ncm-platform-flink-kubernetes-operator-5cb9ccc496-rlh64.k8soperator.ncm-sc.ncm-platform-flink-kubernetes-operator.system.KubeClient.HttpRequest.Failed.Count: 189
2026-10-01T06:55:53.078460886Z ncm-platform-flink-kubernetes-operator-5cb9ccc496-rlh64.k8soperator.ncm-sc.ncm-platform-flink-kubernetes-operator.system.KubeClient.HttpResponse.429.Count: 12
2026-10-01T06:55:53.078463026Z ncm-platform-flink-kubernetes-operator-5cb9ccc496-rlh64.k8soperator.ncm-sc.ncm-platform-flink-kubernetes-operator.resource.ncm-sc.ncm-events.FlinkSessionJob.AutoScaler.balanced: 0
2026-10-01T06:55:53.078465329Z ncm-platform-flink-kubernetes-operator-5cb9ccc496-rlh64.k8soperator.ncm-sc.ncm-platform-flink-kubernetes-operator.system.KubeClient.HttpResponse.200.Count: 72
2026-10-01T06:55:53.078467342Z ncm-platform-flink-kubernetes-operator-5cb9ccc496-rlh64.k8soperator.ncm-sc.ncm-platform-flink-kubernetes-operator.system.KubeClient.HttpResponse.404.Count: 5
2026-10-01T06:55:53.078469628Z ncm-platform-flink-kubernetes-operator-5cb9ccc496-rlh64.k8soperator.ncm-sc.ncm-platform-flink-kubernetes-operator.resource.ncm-sc.ncm-events.FlinkSessionJob.JOSDK.Resource.Event.Count: 2
2026-10-01T06:55:53.078472118Z ncm-platform-flink-kubernetes-operator-5cb9ccc496-rlh64.k8soperator.ncm-sc.ncm-platform-flink-kubernetes-operator.system.KubeClient.HttpResponse.201.Count: 5
2026-10-01T06:55:53.078475020Z ncm-platform-flink-kubernetes-operator-5cb9ccc496-rlh64.k8soperator.ncm-sc.ncm-platform-flink-kubernetes-operator.system.KubeClient.HttpRequest.GET.Count: 24670
2026-10-01T06:55:53.078477206Z ncm-platform-flink-kubernetes-operator-5cb9ccc496-rlh64.k8soperator.ncm-sc.ncm-platform-flink-kubernetes-operator.system.KubeClient.HttpRequest.Slow.Count: 0
2026-10-01T06:55:53.078479398Z ncm-platform-flink-kubernetes-operator-5cb9ccc496-rlh64.k8soperator.ncm-sc.ncm-platform-flink-kubernetes-operator.resource.ncm-sc.ncm-events.FlinkSessionJob.AutoScaler.errors: 0
2026-10-01T06:55:53.078481421Z ncm-platform-flink-kubernetes-operator-5cb9ccc496-rlh64.k8soperator.ncm-sc.ncm-platform-flink-kubernetes-operator.system.KubeClient.HttpRequest.PATCH.Count: 3
2026-10-01T06:55:53.078483987Z ncm-platform-flink-kubernetes-operator-5cb9ccc496-rlh64.k8soperator.ncm-sc.ncm-platform-flink-kubernetes-operator.resource.ncm-sc.ncm-events.FlinkSessionJob.JOSDK.Resource.Event.UPDATED.Count: 1
2026-10-01T06:55:53.078486213Z ncm-platform-flink-kubernetes-operator-5cb9ccc496-rlh64.k8soperator.ncm-sc.ncm-platform-flink-kubernetes-operator.resource.ncm-sc.fsc-flink-cluster.FlinkDeployment.JOSDK.Resource.Event.Count: 2
2026-10-01T06:55:53.078490112Z ncm-platform-flink-kubernetes-operator-5cb9ccc496-rlh64.k8soperator.ncm-sc.ncm-platform-flink-kubernetes-operator.resource.ncm-sc.ncm-events.FlinkSessionJob.JOSDK.Reconciliation.finished.Count: 66174
2026-10-01T06:55:53.078492790Z ncm-platform-flink-kubernetes-operator-5cb9ccc496-rlh64.k8soperator.ncm-sc.ncm-platform-flink-kubernetes-operator.system.KubeClient.HttpResponse.101.Count: 24451
2026-10-01T06:55:53.078494985Z ncm-platform-flink-kubernetes-operator-5cb9ccc496-rlh64.k8soperator.ncm-sc.ncm-platform-flink-kubernetes-operator.resource.ncm-sc.ncm-events.FlinkSessionJob.JOSDK.Resource.Event.ADDED.Count: 1
2026-10-01T06:55:53.078497150Z ncm-platform-flink-kubernetes-operator-5cb9ccc496-rlh64.k8soperator.ncm-sc.ncm-platform-flink-kubernetes-operator.system.KubeClient.HttpRequest.PUT.Count: 39
2026-10-01T06:55:53.078499176Z ncm-platform-flink-kubernetes-operator-5cb9ccc496-rlh64.k8soperator.ncm-sc.ncm-platform-flink-kubernetes-operator.resource.ncm-sc.fsc-flink-cluster.FlinkDeployment.JOSDK.Resource.Event.ADDED.Count: 1
2026-10-01T06:55:53.078503832Z 
2026-10-01T06:55:53.078506110Z -- Gauges ---------------------------------------------------------------------
2026-10-01T06:55:53.078508235Z ncm-platform-flink-kubernetes-operator-5cb9ccc496-rlh64.k8soperator.ncm-sc.ncm-platform-flink-kubernetes-operator.system.Status.JVM.Memory.Metaspace.Max: -1
2026-10-01T06:55:53.078510427Z ncm-platform-flink-kubernetes-operator-5cb9ccc496-rlh64.k8soperator.ncm-sc.ncm-platform-flink-kubernetes-operator.namespace.ncm-sc.FlinkSessionJob.Lifecycle.State.FAILED.Count: 0
2026-10-01T06:55:53.078512415Z ncm-platform-flink-kubernetes-operator-5cb9ccc496-rlh64.k8soperator.ncm-sc.ncm-platform-flink-kubernetes-operator.system.Status.JVM.Memory.Heap.Used: 64739488
2026-10-01T06:55:53.078514701Z ncm-platform-flink-kubernetes-operator-5cb9ccc496-rlh64.k8soperator.ncm-sc.ncm-platform-flink-kubernetes-operator.system.Status.JVM.Memory.Metaspace.Committed: 79757312
2026-10-01T06:55:53.078516858Z ncm-platform-flink-kubernetes-operator-5cb9ccc496-rlh64.k8soperator.ncm-sc.ncm-platform-flink-kubernetes-operator.system.Status.JVM.GarbageCollector.Copy.Count: 8966
2026-10-01T06:55:53.078518815Z ncm-platform-flink-kubernetes-operator-5cb9ccc496-rlh64.k8soperator.ncm-sc.ncm-platform-flink-kubernetes-operator.system.Status.JVM.CPU.Time: 1874380000000
2026-10-01T06:55:53.078521034Z ncm-platform-flink-kubernetes-operator-5cb9ccc496-rlh64.k8soperator.ncm-sc.ncm-platform-flink-kubernetes-operator.namespace.ncm-sc.FlinkDeployment.Lifecycle.State.ROLLED_BACK.Count: 0
2026-10-01T06:55:53.078523170Z ncm-platform-flink-kubernetes-operator-5cb9ccc496-rlh64.k8soperator.ncm-sc.ncm-platform-flink-kubernetes-operator.namespace.ncm-sc.FlinkDeployment.FlinkMinorVersion.MALFORMED.Count: 0
2026-10-01T06:55:53.078525106Z ncm-platform-flink-kubernetes-operator-5cb9ccc496-rlh64.k8soperator.ncm-sc.ncm-platform-flink-kubernetes-operator.system.Status.JVM.Memory.Direct.TotalCapacity: 8466052
2026-10-01T06:55:53.078527039Z ncm-platform-flink-kubernetes-operator-5cb9ccc496-rlh64.k8soperator.ncm-sc.ncm-platform-flink-kubernetes-operator.namespace.ncm-sc.FlinkDeployment.Lifecycle.State.STABLE.Count: 1
2026-10-01T06:55:53.078528985Z ncm-platform-flink-kubernetes-operator-5cb9ccc496-rlh64.k8soperator.ncm-sc.ncm-platform-flink-kubernetes-operator.namespace.ncm-sc.FlinkDeployment.JmDeploymentStatus.DEPLOYING.Count: 0
2026-10-01T06:55:53.078531044Z ncm-platform-flink-kubernetes-operator-5cb9ccc496-rlh64.k8soperator.ncm-sc.ncm-platform-flink-kubernetes-operator.system.Status.JVM.CPU.Load: 0.032857142857142856
2026-10-01T06:55:53.078532990Z ncm-platform-flink-kubernetes-operator-5cb9ccc496-rlh64.k8soperator.ncm-sc.ncm-platform-flink-kubernetes-operator.namespace.ncm-sc.FlinkSessionJob.Lifecycle.State.DELETED.Count: 0
2026-10-01T06:55:53.078534937Z ncm-platform-flink-kubernetes-operator-5cb9ccc496-rlh64.k8soperator.ncm-sc.ncm-platform-flink-kubernetes-operator.namespace.ncm-sc.FlinkDeployment.JmDeploymentStatus.ERROR.Count: 0
2026-10-01T06:55:53.078537895Z ncm-platform-flink-kubernetes-operator-5cb9ccc496-rlh64.k8soperator.ncm-sc.ncm-platform-flink-kubernetes-operator.namespace.ncm-sc.FlinkDeployment.FlinkVersion.UNKNOWN.Count: 0
2026-10-01T06:55:53.078540002Z ncm-platform-flink-kubernetes-operator-5cb9ccc496-rlh64.k8soperator.ncm-sc.ncm-platform-flink-kubernetes-operator.namespace.ncm-sc.FlinkDeployment.ResourceUsage.Memory: 5905580032
2026-10-01T06:55:53.078541955Z ncm-platform-flink-kubernetes-operator-5cb9ccc496-rlh64.k8soperator.ncm-sc.ncm-platform-flink-kubernetes-operator.namespace.ncm-sc.FlinkDeployment.Lifecycle.State.SUSPENDED.Count: 0
2026-10-01T06:55:53.078545115Z ncm-platform-flink-kubernetes-operator-5cb9ccc496-rlh64.k8soperator.ncm-sc.ncm-platform-flink-kubernetes-operator.system.Status.JVM.GarbageCollector.Copy.Time: 36715
2026-10-01T06:55:53.078547210Z ncm-platform-flink-kubernetes-operator-5cb9ccc496-rlh64.k8soperator.ncm-sc.ncm-platform-flink-kubernetes-operator.namespace.ncm-sc.FlinkDeployment.FlinkMinorVersion.2_1.Count: 1
2026-10-01T06:55:53.078551305Z ncm-platform-flink-kubernetes-operator-5cb9ccc496-rlh64.k8soperator.ncm-sc.ncm-platform-flink-kubernetes-operator.system.Status.JVM.ClassLoader.ClassesUnloaded: 292
2026-10-01T06:55:53.078553310Z ncm-platform-flink-kubernetes-operator-5cb9ccc496-rlh64.k8soperator.ncm-sc.ncm-platform-flink-kubernetes-operator.namespace.ncm-sc.FlinkDeployment.Lifecycle.State.DEPLOYED.Count: 0
2026-10-01T06:55:53.078555401Z ncm-platform-flink-kubernetes-operator-5cb9ccc496-rlh64.k8soperator.ncm-sc.ncm-platform-flink-kubernetes-operator.namespace.ncm-sc.FlinkSessionJob.Lifecycle.State.CREATED.Count: 0
2026-10-01T06:55:53.078557410Z ncm-platform-flink-kubernetes-operator-5cb9ccc496-rlh64.k8soperator.ncm-sc.ncm-platform-flink-kubernetes-operator.namespace.ncm-sc.FlinkSessionJob.Lifecycle.State.DEPLOYED.Count: 0
2026-10-01T06:55:53.078559544Z ncm-platform-flink-kubernetes-operator-5cb9ccc496-rlh64.k8soperator.ncm-sc.ncm-platform-flink-kubernetes-operator.system.Status.JVM.Memory.NonHeap.Max: -1
2026-10-01T06:55:53.078561502Z ncm-platform-flink-kubernetes-operator-5cb9ccc496-rlh64.k8soperator.ncm-sc.ncm-platform-flink-kubernetes-operator.system.Status.JVM.ClassLoader.ClassesLoaded: 13149
2026-10-01T06:55:53.078563453Z ncm-platform-flink-kubernetes-operator-5cb9ccc496-rlh64.k8soperator.ncm-sc.ncm-platform-flink-kubernetes-operator.system.Status.JVM.Memory.NonHeap.Committed: 141426688
2026-10-01T06:55:53.078565545Z ncm-platform-flink-kubernetes-operator-5cb9ccc496-rlh64.k8soperator.ncm-sc.ncm-platform-flink-kubernetes-operator.namespace.ncm-sc.FlinkDeployment.Lifecycle.State.FAILED.Count: 0
2026-10-01T06:55:53.078567478Z ncm-platform-flink-kubernetes-operator-5cb9ccc496-rlh64.k8soperator.ncm-sc.ncm-platform-flink-kubernetes-operator.namespace.ncm-sc.FlinkDeployment.ResourceUsage.Cpu: 3.25
2026-10-01T06:55:53.078569423Z ncm-platform-flink-kubernetes-operator-5cb9ccc496-rlh64.k8soperator.ncm-sc.ncm-platform-flink-kubernetes-operator.namespace.ncm-sc.FlinkDeployment.Lifecycle.State.ROLLING_BACK.Count: 0
2026-10-01T06:55:53.078571452Z ncm-platform-flink-kubernetes-operator-5cb9ccc496-rlh64.k8soperator.ncm-sc.ncm-platform-flink-kubernetes-operator.system.Status.JVM.Memory.Mapped.Count: 0
2026-10-01T06:55:53.078573510Z ncm-platform-flink-kubernetes-operator-5cb9ccc496-rlh64.k8soperator.ncm-sc.ncm-platform-flink-kubernetes-operator.namespace.ncm-sc.FlinkSessionJob.Lifecycle.State.DELETING.Count: 0
2026-10-01T06:55:53.078578627Z ncm-platform-flink-kubernetes-operator-5cb9ccc496-rlh64.k8soperator.ncm-sc.ncm-platform-flink-kubernetes-operator.system.Status.JVM.Memory.Heap.Max: 259522560
2026-10-01T06:55:53.078580737Z ncm-platform-flink-kubernetes-operator-5cb9ccc496-rlh64.k8soperator.ncm-sc.ncm-platform-flink-kubernetes-operator.system.Status.JVM.Threads.Count: 72
2026-10-01T06:55:53.078582725Z ncm-platform-flink-kubernetes-operator-5cb9ccc496-rlh64.k8soperator.ncm-sc.ncm-platform-flink-kubernetes-operator.namespace.ncm-sc.FlinkDeployment.JmDeploymentStatus.READY.Count: 1
2026-10-01T06:55:53.078584795Z ncm-platform-flink-kubernetes-operator-5cb9ccc496-rlh64.k8soperator.ncm-sc.ncm-platform-flink-kubernetes-operator.namespace.ncm-sc.FlinkSessionJob.Count: 1
2026-10-01T06:55:53.078586757Z ncm-platform-flink-kubernetes-operator-5cb9ccc496-rlh64.k8soperator.ncm-sc.ncm-platform-flink-kubernetes-operator.namespace.ncm-sc.FlinkDeployment.Lifecycle.State.UPGRADING.Count: 0
2026-10-01T06:55:53.078588788Z ncm-platform-flink-kubernetes-operator-5cb9ccc496-rlh64.k8soperator.ncm-sc.ncm-platform-flink-kubernetes-operator.namespace.ncm-sc.FlinkDeployment.Lifecycle.State.DELETED.Count: 0
2026-10-01T06:55:53.078590860Z ncm-platform-flink-kubernetes-operator-5cb9ccc496-rlh64.k8soperator.ncm-sc.ncm-platform-flink-kubernetes-operator.system.Status.JVM.Memory.Heap.Committed: 129921024
2026-10-01T06:55:53.078599447Z ncm-platform-flink-kubernetes-operator-5cb9ccc496-rlh64.k8soperator.ncm-sc.ncm-platform-flink-kubernetes-operator.namespace.ncm-sc.FlinkDeployment.Lifecycle.State.DELETING.Count: 0
2026-10-01T06:55:53.078601798Z ncm-platform-flink-kubernetes-operator-5cb9ccc496-rlh64.k8soperator.ncm-sc.ncm-platform-flink-kubernetes-operator.namespace.ncm-sc.FlinkSessionJob.Lifecycle.State.SUSPENDED.Count: 0
2026-10-01T06:55:53.078605084Z ncm-platform-flink-kubernetes-operator-5cb9ccc496-rlh64.k8soperator.ncm-sc.ncm-platform-flink-kubernetes-operator.system.Status.JVM.Memory.Direct.Count: 16
2026-10-01T06:55:53.078607147Z ncm-platform-flink-kubernetes-operator-5cb9ccc496-rlh64.k8soperator.ncm-sc.ncm-platform-flink-kubernetes-operator.system.Status.JVM.Memory.Mapped.MemoryUsed: 0
2026-10-01T06:55:53.078609353Z ncm-platform-flink-kubernetes-operator-5cb9ccc496-rlh64.k8soperator.ncm-sc.ncm-platform-flink-kubernetes-operator.namespace.ncm-sc.FlinkSessionJob.Lifecycle.State.STABLE.Count: 1
2026-10-01T06:55:53.078611322Z ncm-platform-flink-kubernetes-operator-5cb9ccc496-rlh64.k8soperator.ncm-sc.ncm-platform-flink-kubernetes-operator.namespace.ncm-sc.FlinkDeployment.JmDeploymentStatus.DEPLOYED_NOT_READY.Count: 0
2026-10-01T06:55:53.078613522Z ncm-platform-flink-kubernetes-operator-5cb9ccc496-rlh64.k8soperator.ncm-sc.ncm-platform-flink-kubernetes-operator.namespace.ncm-sc.FlinkDeployment.JmDeploymentStatus.MISSING.Count: 0
2026-10-01T06:55:53.078615538Z ncm-platform-flink-kubernetes-operator-5cb9ccc496-rlh64.k8soperator.ncm-sc.ncm-platform-flink-kubernetes-operator.system.Status.JVM.GarbageCollector.All.Count: 9631
2026-10-01T06:55:53.078617502Z ncm-platform-flink-kubernetes-operator-5cb9ccc496-rlh64.k8soperator.ncm-sc.ncm-platform-flink-kubernetes-operator.system.Status.JVM.GarbageCollector.MarkSweepCompact.Count: 665
2026-10-01T06:55:53.078619473Z ncm-platform-flink-kubernetes-operator-5cb9ccc496-rlh64.k8soperator.ncm-sc.ncm-platform-flink-kubernetes-operator.namespace.ncm-sc.FlinkSessionJob.Lifecycle.State.UPGRADING.Count: 0
2026-10-01T06:55:53.078621423Z ncm-platform-flink-kubernetes-operator-5cb9ccc496-rlh64.k8soperator.ncm-sc.ncm-platform-flink-kubernetes-operator.namespace.ncm-sc.FlinkSessionJob.Lifecycle.State.ROLLING_BACK.Count: 0
2026-10-01T06:55:53.078623378Z ncm-platform-flink-kubernetes-operator-5cb9ccc496-rlh64.k8soperator.ncm-sc.ncm-platform-flink-kubernetes-operator.system.Status.JVM.GarbageCollector.All.Time: 134840
2026-10-01T06:55:53.078625324Z ncm-platform-flink-kubernetes-operator-5cb9ccc496-rlh64.k8soperator.ncm-sc.ncm-platform-flink-kubernetes-operator.system.Status.JVM.Memory.Metaspace.Used: 78783792
2026-10-01T06:55:53.078627271Z ncm-platform-flink-kubernetes-operator-5cb9ccc496-rlh64.k8soperator.ncm-sc.ncm-platform-flink-kubernetes-operator.system.Status.JVM.GarbageCollector.MarkSweepCompact.Time: 98125
2026-10-01T06:55:53.078629558Z ncm-platform-flink-kubernetes-operator-5cb9ccc496-rlh64.k8soperator.ncm-sc.ncm-platform-flink-kubernetes-operator.system.Status.JVM.Memory.Mapped.TotalCapacity: 0
2026-10-01T06:55:53.078631827Z ncm-platform-flink-kubernetes-operator-5cb9ccc496-rlh64.k8soperator.ncm-sc.ncm-platform-flink-kubernetes-operator.system.Status.JVM.Memory.NonHeap.Used: 131827136
2026-10-01T06:55:53.078633967Z ncm-platform-flink-kubernetes-operator-5cb9ccc496-rlh64.k8soperator.ncm-sc.ncm-platform-flink-kubernetes-operator.namespace.ncm-sc.FlinkDeployment.FlinkVersion.2_1_1.Count: 1
2026-10-01T06:55:53.078635907Z ncm-platform-flink-kubernetes-operator-5cb9ccc496-rlh64.k8soperator.ncm-sc.ncm-platform-flink-kubernetes-operator.namespace.ncm-sc.FlinkDeployment.Lifecycle.State.CREATED.Count: 0
2026-10-01T06:55:53.078637865Z ncm-platform-flink-kubernetes-operator-5cb9ccc496-rlh64.k8soperator.ncm-sc.ncm-platform-flink-kubernetes-operator.namespace.ncm-sc.FlinkSessionJob.Lifecycle.State.ROLLED_BACK.Count: 0
2026-10-01T06:55:53.078642131Z ncm-platform-flink-kubernetes-operator-5cb9ccc496-rlh64.k8soperator.ncm-sc.ncm-platform-flink-kubernetes-operator.system.Status.JVM.Memory.Direct.MemoryUsed: 8466053
2026-10-01T06:55:53.078644115Z ncm-platform-flink-kubernetes-operator-5cb9ccc496-rlh64.k8soperator.ncm-sc.ncm-platform-flink-kubernetes-operator.namespace.ncm-sc.FlinkDeployment.Count: 1
2026-10-01T06:55:53.078646061Z ncm-platform-flink-kubernetes-operator-5cb9ccc496-rlh64.k8soperator.ncm-sc.ncm-platform-flink-kubernetes-operator.namespace.ncm-sc.FlinkDeployment.ResourceUsage.StateSize: 0
2026-10-01T06:55:53.078647980Z 
2026-10-01T06:55:53.078650106Z -- Meters ---------------------------------------------------------------------
2026-10-01T06:55:53.078652134Z ncm-platform-flink-kubernetes-operator-5cb9ccc496-rlh64.k8soperator.ncm-sc.ncm-platform-flink-kubernetes-operator.system.KubeClient.HttpRequest.NumPerSecond: 0.016666666666666666
2026-10-01T06:55:53.078654180Z ncm-platform-flink-kubernetes-operator-5cb9ccc496-rlh64.k8soperator.ncm-sc.ncm-platform-flink-kubernetes-operator.system.KubeClient.HttpResponse.201.NumPerSecond: 0.0
2026-10-01T06:55:53.078656303Z ncm-platform-flink-kubernetes-operator-5cb9ccc496-rlh64.k8soperator.ncm-sc.ncm-platform-flink-kubernetes-operator.system.KubeClient.HttpRequest.Failed.NumPerSecond: 0.0
2026-10-01T06:55:53.078659675Z ncm-platform-flink-kubernetes-operator-5cb9ccc496-rlh64.k8soperator.ncm-sc.ncm-platform-flink-kubernetes-operator.system.KubeClient.HttpResponse.429.NumPerSecond: 0.0
2026-10-01T06:55:53.078661790Z ncm-platform-flink-kubernetes-operator-5cb9ccc496-rlh64.k8soperator.ncm-sc.ncm-platform-flink-kubernetes-operator.system.Status.JVM.GarbageCollector.Copy.TimeMsPerSecond: 0.06666666666666667
2026-10-01T06:55:53.078663877Z ncm-platform-flink-kubernetes-operator-5cb9ccc496-rlh64.k8soperator.ncm-sc.ncm-platform-flink-kubernetes-operator.system.Status.JVM.GarbageCollector.MarkSweepCompact.TimeMsPerSecond: 0.0
2026-10-01T06:55:53.078665867Z ncm-platform-flink-kubernetes-operator-5cb9ccc496-rlh64.k8soperator.ncm-sc.ncm-platform-flink-kubernetes-operator.system.KubeClient.HttpResponse.404.NumPerSecond: 0.0
2026-10-01T06:55:53.078667833Z ncm-platform-flink-kubernetes-operator-5cb9ccc496-rlh64.k8soperator.ncm-sc.ncm-platform-flink-kubernetes-operator.system.KubeClient.HttpResponse.200.NumPerSecond: 0.0
2026-10-01T06:55:53.078669823Z ncm-platform-flink-kubernetes-operator-5cb9ccc496-rlh64.k8soperator.ncm-sc.ncm-platform-flink-kubernetes-operator.system.KubeClient.HttpResponse.101.NumPerSecond: 0.016666666666666666
2026-10-01T06:55:53.078671800Z ncm-platform-flink-kubernetes-operator-5cb9ccc496-rlh64.k8soperator.ncm-sc.ncm-platform-flink-kubernetes-operator.system.KubeClient.HttpResponse.409.NumPerSecond: 0.0
2026-10-01T06:55:53.078673849Z ncm-platform-flink-kubernetes-operator-5cb9ccc496-rlh64.k8soperator.ncm-sc.ncm-platform-flink-kubernetes-operator.system.Status.JVM.GarbageCollector.All.TimeMsPerSecond: 0.06666666666666667
2026-10-01T06:55:53.078675796Z ncm-platform-flink-kubernetes-operator-5cb9ccc496-rlh64.k8soperator.ncm-sc.ncm-platform-flink-kubernetes-operator.system.KubeClient.HttpResponse.NumPerSecond: 0.016666666666666666
2026-10-01T06:55:53.078677612Z 
2026-10-01T06:55:53.078679675Z -- Histograms ---------------------------------------------------------------------
2026-10-01T06:55:53.078683046Z ncm-platform-flink-kubernetes-operator-5cb9ccc496-rlh64.k8soperator.ncm-sc.ncm-platform-flink-kubernetes-operator.namespace.ncm-sc.FlinkSessionJob.Lifecycle.Transition.Suspend.TimeSeconds: count=0, min=0, max=0, mean=NaN, stddev=NaN, p50=NaN, p75=NaN, p95=NaN, p98=NaN, p99=NaN, p999=NaN
2026-10-01T06:55:53.078685331Z ncm-platform-flink-kubernetes-operator-5cb9ccc496-rlh64.k8soperator.ncm-sc.ncm-platform-flink-kubernetes-operator.system.FlinkDeployment.Lifecycle.State.STABLE.TimeSeconds: count=0, min=0, max=0, mean=NaN, stddev=NaN, p50=NaN, p75=NaN, p95=NaN, p98=NaN, p99=NaN, p999=NaN
2026-10-01T06:55:53.078690872Z ncm-platform-flink-kubernetes-operator-5cb9ccc496-rlh64.k8soperator.ncm-sc.ncm-platform-flink-kubernetes-operator.system.FlinkDeployment.Lifecycle.Transition.Resume.TimeSeconds: count=0, min=0, max=0, mean=NaN, stddev=NaN, p50=NaN, p75=NaN, p95=NaN, p98=NaN, p99=NaN, p999=NaN
2026-10-01T06:55:53.078693221Z ncm-platform-flink-kubernetes-operator-5cb9ccc496-rlh64.k8soperator.ncm-sc.ncm-platform-flink-kubernetes-operator.namespace.ncm-sc.FlinkSessionJob.Lifecycle.State.DEPLOYED.TimeSeconds: count=1, min=31, max=31, mean=31.0, stddev=0.0, p50=31.0, p75=31.0, p95=31.0, p98=31.0, p99=31.0, p999=31.0
2026-10-01T06:55:53.078695396Z ncm-platform-flink-kubernetes-operator-5cb9ccc496-rlh64.k8soperator.ncm-sc.ncm-platform-flink-kubernetes-operator.namespace.ncm-sc.FlinkSessionJob.Lifecycle.State.UPGRADING.TimeSeconds: count=1, min=0, max=0, mean=0.0, stddev=0.0, p50=0.0, p75=0.0, p95=0.0, p98=0.0, p99=0.0, p999=0.0
2026-10-01T06:55:53.078697947Z ncm-platform-flink-kubernetes-operator-5cb9ccc496-rlh64.k8soperator.ncm-sc.ncm-platform-flink-kubernetes-operator.namespace.ncm-sc.FlinkSessionJob.Lifecycle.State.FAILED.TimeSeconds: count=0, min=0, max=0, mean=NaN, stddev=NaN, p50=NaN, p75=NaN, p95=NaN, p98=NaN, p99=NaN, p999=NaN
2026-10-01T06:55:53.078701236Z ncm-platform-flink-kubernetes-operator-5cb9ccc496-rlh64.k8soperator.ncm-sc.ncm-platform-flink-kubernetes-operator.namespace.ncm-sc.FlinkDeployment.Lifecycle.Transition.Submission.TimeSeconds: count=1, min=4, max=4, mean=4.0, stddev=0.0, p50=4.0, p75=4.0, p95=4.0, p98=4.0, p99=4.0, p999=4.0
2026-10-01T06:55:53.078703486Z ncm-platform-flink-kubernetes-operator-5cb9ccc496-rlh64.k8soperator.ncm-sc.ncm-platform-flink-kubernetes-operator.system.FlinkDeployment.Lifecycle.State.CREATED.TimeSeconds: count=1, min=5, max=5, mean=5.0, stddev=0.0, p50=5.0, p75=5.0, p95=5.0, p98=5.0, p99=5.0, p999=5.0
2026-10-01T06:55:53.078706554Z ncm-platform-flink-kubernetes-operator-5cb9ccc496-rlh64.k8soperator.ncm-sc.ncm-platform-flink-kubernetes-operator.system.FlinkSessionJob.Lifecycle.Transition.Rollback.TimeSeconds: count=0, min=0, max=0, mean=NaN, stddev=NaN, p50=NaN, p75=NaN, p95=NaN, p98=NaN, p99=NaN, p999=NaN
2026-10-01T06:55:53.078708631Z ncm-platform-flink-kubernetes-operator-5cb9ccc496-rlh64.k8soperator.ncm-sc.ncm-platform-flink-kubernetes-operator.system.FlinkDeployment.Lifecycle.State.SUSPENDED.TimeSeconds: count=0, min=0, max=0, mean=NaN, stddev=NaN, p50=NaN, p75=NaN, p95=NaN, p98=NaN, p99=NaN, p999=NaN
2026-10-01T06:55:53.078710637Z ncm-platform-flink-kubernetes-operator-5cb9ccc496-rlh64.k8soperator.ncm-sc.ncm-platform-flink-kubernetes-operator.system.FlinkDeployment.Lifecycle.Transition.Submission.TimeSeconds: count=1, min=4, max=4, mean=4.0, stddev=0.0, p50=4.0, p75=4.0, p95=4.0, p98=4.0, p99=4.0, p999=4.0
2026-10-01T06:55:53.078712602Z ncm-platform-flink-kubernetes-operator-5cb9ccc496-rlh64.k8soperator.ncm-sc.ncm-platform-flink-kubernetes-operator.namespace.ncm-sc.FlinkDeployment.Lifecycle.State.ROLLED_BACK.TimeSeconds: count=0, min=0, max=0, mean=NaN, stddev=NaN, p50=NaN, p75=NaN, p95=NaN, p98=NaN, p99=NaN, p999=NaN
2026-10-01T06:55:53.078714560Z ncm-platform-flink-kubernetes-operator-5cb9ccc496-rlh64.k8soperator.ncm-sc.ncm-platform-flink-kubernetes-operator.namespace.ncm-sc.FlinkDeployment.Lifecycle.State.SUSPENDED.TimeSeconds: count=0, min=0, max=0, mean=NaN, stddev=NaN, p50=NaN, p75=NaN, p95=NaN, p98=NaN, p99=NaN, p999=NaN
2026-10-01T06:55:53.078716551Z ncm-platform-flink-kubernetes-operator-5cb9ccc496-rlh64.k8soperator.ncm-sc.ncm-platform-flink-kubernetes-operator.namespace.ncm-sc.FlinkSessionJob.Lifecycle.State.ROLLED_BACK.TimeSeconds: count=0, min=0, max=0, mean=NaN, stddev=NaN, p50=NaN, p75=NaN, p95=NaN, p98=NaN, p99=NaN, p999=NaN
2026-10-01T06:55:53.078718703Z ncm-platform-flink-kubernetes-operator-5cb9ccc496-rlh64.k8soperator.ncm-sc.ncm-platform-flink-kubernetes-operator.namespace.ncm-sc.FlinkDeployment.Lifecycle.Transition.Stabilization.TimeSeconds: count=1, min=64, max=64, mean=64.0, stddev=0.0, p50=64.0, p75=64.0, p95=64.0, p98=64.0, p99=64.0, p999=64.0
2026-10-01T06:55:53.078724378Z ncm-platform-flink-kubernetes-operator-5cb9ccc496-rlh64.k8soperator.ncm-sc.ncm-platform-flink-kubernetes-operator.namespace.ncm-sc.FlinkDeployment.Lifecycle.Transition.Suspend.TimeSeconds: count=0, min=0, max=0, mean=NaN, stddev=NaN, p50=NaN, p75=NaN, p95=NaN, p98=NaN, p99=NaN, p999=NaN
2026-10-01T06:55:53.078726416Z ncm-platform-flink-kubernetes-operator-5cb9ccc496-rlh64.k8soperator.ncm-sc.ncm-platform-flink-kubernetes-operator.namespace.ncm-sc.FlinkSessionJob.Lifecycle.Transition.Rollback.TimeSeconds: count=0, min=0, max=0, mean=NaN, stddev=NaN, p50=NaN, p75=NaN, p95=NaN, p98=NaN, p99=NaN, p999=NaN
2026-10-01T06:55:53.078728384Z ncm-platform-flink-kubernetes-operator-5cb9ccc496-rlh64.k8soperator.ncm-sc.ncm-platform-flink-kubernetes-operator.system.FlinkDeployment.Lifecycle.State.DELETED.TimeSeconds: count=0, min=0, max=0, mean=NaN, stddev=NaN, p50=NaN, p75=NaN, p95=NaN, p98=NaN, p99=NaN, p999=NaN
2026-10-01T06:55:53.078730381Z ncm-platform-flink-kubernetes-operator-5cb9ccc496-rlh64.k8soperator.ncm-sc.ncm-platform-flink-kubernetes-operator.system.FlinkDeployment.Lifecycle.State.ROLLED_BACK.TimeSeconds: count=0, min=0, max=0, mean=NaN, stddev=NaN, p50=NaN, p75=NaN, p95=NaN, p98=NaN, p99=NaN, p999=NaN
2026-10-01T06:55:53.078732491Z ncm-platform-flink-kubernetes-operator-5cb9ccc496-rlh64.k8soperator.ncm-sc.ncm-platform-flink-kubernetes-operator.namespace.ncm-sc.FlinkDeployment.Lifecycle.State.ROLLING_BACK.TimeSeconds: count=0, min=0, max=0, mean=NaN, stddev=NaN, p50=NaN, p75=NaN, p95=NaN, p98=NaN, p99=NaN, p999=NaN
2026-10-01T06:55:53.078735791Z ncm-platform-flink-kubernetes-operator-5cb9ccc496-rlh64.k8soperator.ncm-sc.ncm-platform-flink-kubernetes-operator.system.FlinkDeployment.Lifecycle.State.DEPLOYED.TimeSeconds: count=1, min=64, max=64, mean=64.0, stddev=0.0, p50=64.0, p75=64.0, p95=64.0, p98=64.0, p99=64.0, p999=64.0
2026-10-01T06:55:53.078737916Z ncm-platform-flink-kubernetes-operator-5cb9ccc496-rlh64.k8soperator.ncm-sc.ncm-platform-flink-kubernetes-operator.system.FlinkSessionJob.Lifecycle.Transition.Suspend.TimeSeconds: count=0, min=0, max=0, mean=NaN, stddev=NaN, p50=NaN, p75=NaN, p95=NaN, p98=NaN, p99=NaN, p999=NaN
2026-10-01T06:55:53.078741319Z ncm-platform-flink-kubernetes-operator-5cb9ccc496-rlh64.k8soperator.ncm-sc.ncm-platform-flink-kubernetes-operator.namespace.ncm-sc.FlinkDeployment.Lifecycle.State.FAILED.TimeSeconds: count=0, min=0, max=0, mean=NaN, stddev=NaN, p50=NaN, p75=NaN, p95=NaN, p98=NaN, p99=NaN, p999=NaN
2026-10-01T06:55:53.078743521Z ncm-platform-flink-kubernetes-operator-5cb9ccc496-rlh64.k8soperator.ncm-sc.ncm-platform-flink-kubernetes-operator.system.FlinkDeployment.Lifecycle.Transition.Suspend.TimeSeconds: count=0, min=0, max=0, mean=NaN, stddev=NaN, p50=NaN, p75=NaN, p95=NaN, p98=NaN, p99=NaN, p999=NaN
2026-10-01T06:55:53.078745606Z ncm-platform-flink-kubernetes-operator-5cb9ccc496-rlh64.k8soperator.ncm-sc.ncm-platform-flink-kubernetes-operator.system.FlinkSessionJob.Lifecycle.State.DEPLOYED.TimeSeconds: count=1, min=31, max=31, mean=31.0, stddev=0.0, p50=31.0, p75=31.0, p95=31.0, p98=31.0, p99=31.0, p999=31.0
2026-10-01T06:55:53.078747649Z ncm-platform-flink-kubernetes-operator-5cb9ccc496-rlh64.k8soperator.ncm-sc.ncm-platform-flink-kubernetes-operator.system.FlinkDeployment.Lifecycle.State.DELETING.TimeSeconds: count=0, min=0, max=0, mean=NaN, stddev=NaN, p50=NaN, p75=NaN, p95=NaN, p98=NaN, p99=NaN, p999=NaN
2026-10-01T06:55:53.078749665Z ncm-platform-flink-kubernetes-operator-5cb9ccc496-rlh64.k8soperator.ncm-sc.ncm-platform-flink-kubernetes-operator.system.FlinkDeployment.Lifecycle.Transition.Upgrade.TimeSeconds: count=0, min=0, max=0, mean=NaN, stddev=NaN, p50=NaN, p75=NaN, p95=NaN, p98=NaN, p99=NaN, p999=NaN
2026-10-01T06:55:53.078753983Z ncm-platform-flink-kubernetes-operator-5cb9ccc496-rlh64.k8soperator.ncm-sc.ncm-platform-flink-kubernetes-operator.system.FlinkSessionJob.Lifecycle.Transition.Submission.TimeSeconds: count=1, min=26, max=26, mean=26.0, stddev=0.0, p50=26.0, p75=26.0, p95=26.0, p98=26.0, p99=26.0, p999=26.0
2026-10-01T06:55:53.078756021Z ncm-platform-flink-kubernetes-operator-5cb9ccc496-rlh64.k8soperator.ncm-sc.ncm-platform-flink-kubernetes-operator.namespace.ncm-sc.FlinkSessionJob.Lifecycle.Transition.Submission.TimeSeconds: count=1, min=26, max=26, mean=26.0, stddev=0.0, p50=26.0, p75=26.0, p95=26.0, p98=26.0, p99=26.0, p999=26.0
2026-10-01T06:55:53.078758078Z ncm-platform-flink-kubernetes-operator-5cb9ccc496-rlh64.k8soperator.ncm-sc.ncm-platform-flink-kubernetes-operator.namespace.ncm-sc.FlinkSessionJob.Lifecycle.Transition.Stabilization.TimeSeconds: count=1, min=31, max=31, mean=31.0, stddev=0.0, p50=31.0, p75=31.0, p95=31.0, p98=31.0, p99=31.0, p999=31.0
2026-10-01T06:55:53.078760144Z ncm-platform-flink-kubernetes-operator-5cb9ccc496-rlh64.k8soperator.ncm-sc.ncm-platform-flink-kubernetes-operator.system.FlinkSessionJob.Lifecycle.State.DELETING.TimeSeconds: count=0, min=0, max=0, mean=NaN, stddev=NaN, p50=NaN, p75=NaN, p95=NaN, p98=NaN, p99=NaN, p999=NaN
2026-10-01T06:55:53.078762240Z ncm-platform-flink-kubernetes-operator-5cb9ccc496-rlh64.k8soperator.ncm-sc.ncm-platform-flink-kubernetes-operator.namespace.ncm-sc.FlinkSessionJob.Lifecycle.Transition.Resume.TimeSeconds: count=0, min=0, max=0, mean=NaN, stddev=NaN, p50=NaN, p75=NaN, p95=NaN, p98=NaN, p99=NaN, p999=NaN
2026-10-01T06:55:53.078764198Z ncm-platform-flink-kubernetes-operator-5cb9ccc496-rlh64.k8soperator.ncm-sc.ncm-platform-flink-kubernetes-operator.namespace.ncm-sc.FlinkSessionJob.Lifecycle.State.SUSPENDED.TimeSeconds: count=0, min=0, max=0, mean=NaN, stddev=NaN, p50=NaN, p75=NaN, p95=NaN, p98=NaN, p99=NaN, p999=NaN
2026-10-01T06:55:53.078766286Z ncm-platform-flink-kubernetes-operator-5cb9ccc496-rlh64.k8soperator.ncm-sc.ncm-platform-flink-kubernetes-operator.system.FlinkSessionJob.Lifecycle.State.ROLLING_BACK.TimeSeconds: count=0, min=0, max=0, mean=NaN, stddev=NaN, p50=NaN, p75=NaN, p95=NaN, p98=NaN, p99=NaN, p999=NaN
2026-10-01T06:55:53.078768254Z ncm-platform-flink-kubernetes-operator-5cb9ccc496-rlh64.k8soperator.ncm-sc.ncm-platform-flink-kubernetes-operator.namespace.ncm-sc.FlinkSessionJob.Lifecycle.State.DELETING.TimeSeconds: count=0, min=0, max=0, mean=NaN, stddev=NaN, p50=NaN, p75=NaN, p95=NaN, p98=NaN, p99=NaN, p999=NaN
2026-10-01T06:55:53.078770229Z ncm-platform-flink-kubernetes-operator-5cb9ccc496-rlh64.k8soperator.ncm-sc.ncm-platform-flink-kubernetes-operator.namespace.ncm-sc.FlinkDeployment.Lifecycle.State.CREATED.TimeSeconds: count=1, min=5, max=5, mean=5.0, stddev=0.0, p50=5.0, p75=5.0, p95=5.0, p98=5.0, p99=5.0, p999=5.0
2026-10-01T06:55:53.078773361Z ncm-platform-flink-kubernetes-operator-5cb9ccc496-rlh64.k8soperator.ncm-sc.ncm-platform-flink-kubernetes-operator.system.FlinkSessionJob.Lifecycle.Transition.Resume.TimeSeconds: count=0, min=0, max=0, mean=NaN, stddev=NaN, p50=NaN, p75=NaN, p95=NaN, p98=NaN, p99=NaN, p999=NaN
2026-10-01T06:55:53.078775573Z ncm-platform-flink-kubernetes-operator-5cb9ccc496-rlh64.k8soperator.ncm-sc.ncm-platform-flink-kubernetes-operator.system.FlinkSessionJob.Lifecycle.State.SUSPENDED.TimeSeconds: count=0, min=0, max=0, mean=NaN, stddev=NaN, p50=NaN, p75=NaN, p95=NaN, p98=NaN, p99=NaN, p999=NaN
2026-10-01T06:55:53.078777578Z ncm-platform-flink-kubernetes-operator-5cb9ccc496-rlh64.k8soperator.ncm-sc.ncm-platform-flink-kubernetes-operator.namespace.ncm-sc.FlinkSessionJob.Lifecycle.State.CREATED.TimeSeconds: count=1, min=72, max=72, mean=72.0, stddev=0.0, p50=72.0, p75=72.0, p95=72.0, p98=72.0, p99=72.0, p999=72.0
2026-10-01T06:55:53.078779940Z ncm-platform-flink-kubernetes-operator-5cb9ccc496-rlh64.k8soperator.ncm-sc.ncm-platform-flink-kubernetes-operator.namespace.ncm-sc.FlinkDeployment.Lifecycle.Transition.Upgrade.TimeSeconds: count=0, min=0, max=0, mean=NaN, stddev=NaN, p50=NaN, p75=NaN, p95=NaN, p98=NaN, p99=NaN, p999=NaN
2026-10-01T06:55:53.078783697Z ncm-platform-flink-kubernetes-operator-5cb9ccc496-rlh64.k8soperator.ncm-sc.ncm-platform-flink-kubernetes-operator.namespace.ncm-sc.FlinkDeployment.Lifecycle.State.STABLE.TimeSeconds: count=0, min=0, max=0, mean=NaN, stddev=NaN, p50=NaN, p75=NaN, p95=NaN, p98=NaN, p99=NaN, p999=NaN
2026-10-01T06:55:53.078785695Z ncm-platform-flink-kubernetes-operator-5cb9ccc496-rlh64.k8soperator.ncm-sc.ncm-platform-flink-kubernetes-operator.system.FlinkDeployment.Lifecycle.Transition.Rollback.TimeSeconds: count=0, min=0, max=0, mean=NaN, stddev=NaN, p50=NaN, p75=NaN, p95=NaN, p98=NaN, p99=NaN, p999=NaN
2026-10-01T06:55:53.078787710Z ncm-platform-flink-kubernetes-operator-5cb9ccc496-rlh64.k8soperator.ncm-sc.ncm-platform-flink-kubernetes-operator.namespace.ncm-sc.FlinkDeployment.Lifecycle.State.DEPLOYED.TimeSeconds: count=1, min=64, max=64, mean=64.0, stddev=0.0, p50=64.0, p75=64.0, p95=64.0, p98=64.0, p99=64.0, p999=64.0
2026-10-01T06:55:53.078789716Z ncm-platform-flink-kubernetes-operator-5cb9ccc496-rlh64.k8soperator.ncm-sc.ncm-platform-flink-kubernetes-operator.namespace.ncm-sc.FlinkSessionJob.Lifecycle.State.ROLLING_BACK.TimeSeconds: count=0, min=0, max=0, mean=NaN, stddev=NaN, p50=NaN, p75=NaN, p95=NaN, p98=NaN, p99=NaN, p999=NaN
2026-10-01T06:55:53.078791806Z ncm-platform-flink-kubernetes-operator-5cb9ccc496-rlh64.k8soperator.ncm-sc.ncm-platform-flink-kubernetes-operator.system.FlinkDeployment.Lifecycle.State.FAILED.TimeSeconds: count=0, min=0, max=0, mean=NaN, stddev=NaN, p50=NaN, p75=NaN, p95=NaN, p98=NaN, p99=NaN, p999=NaN
2026-10-01T06:55:53.078793797Z ncm-platform-flink-kubernetes-operator-5cb9ccc496-rlh64.k8soperator.ncm-sc.ncm-platform-flink-kubernetes-operator.namespace.ncm-sc.FlinkDeployment.Lifecycle.Transition.Rollback.TimeSeconds: count=0, min=0, max=0, mean=NaN, stddev=NaN, p50=NaN, p75=NaN, p95=NaN, p98=NaN, p99=NaN, p999=NaN
2026-10-01T06:55:53.078795893Z ncm-platform-flink-kubernetes-operator-5cb9ccc496-rlh64.k8soperator.ncm-sc.ncm-platform-flink-kubernetes-operator.system.FlinkSessionJob.Lifecycle.State.FAILED.TimeSeconds: count=0, min=0, max=0, mean=NaN, stddev=NaN, p50=NaN, p75=NaN, p95=NaN, p98=NaN, p99=NaN, p999=NaN
2026-10-01T06:55:53.078797851Z ncm-platform-flink-kubernetes-operator-5cb9ccc496-rlh64.k8soperator.ncm-sc.ncm-platform-flink-kubernetes-operator.system.FlinkSessionJob.Lifecycle.State.CREATED.TimeSeconds: count=1, min=72, max=72, mean=72.0, stddev=0.0, p50=72.0, p75=72.0, p95=72.0, p98=72.0, p99=72.0, p999=72.0
2026-10-01T06:55:53.078799901Z ncm-platform-flink-kubernetes-operator-5cb9ccc496-rlh64.k8soperator.ncm-sc.ncm-platform-flink-kubernetes-operator.system.FlinkSessionJob.Lifecycle.State.DELETED.TimeSeconds: count=0, min=0, max=0, mean=NaN, stddev=NaN, p50=NaN, p75=NaN, p95=NaN, p98=NaN, p99=NaN, p999=NaN
2026-10-01T06:55:53.078801878Z ncm-platform-flink-kubernetes-operator-5cb9ccc496-rlh64.k8soperator.ncm-sc.ncm-platform-flink-kubernetes-operator.system.FlinkDeployment.Lifecycle.Transition.Stabilization.TimeSeconds: count=1, min=64, max=64, mean=64.0, stddev=0.0, p50=64.0, p75=64.0, p95=64.0, p98=64.0, p99=64.0, p999=64.0
2026-10-01T06:55:53.078805002Z ncm-platform-flink-kubernetes-operator-5cb9ccc496-rlh64.k8soperator.ncm-sc.ncm-platform-flink-kubernetes-operator.system.FlinkSessionJob.Lifecycle.Transition.Upgrade.TimeSeconds: count=0, min=0, max=0, mean=NaN, stddev=NaN, p50=NaN, p75=NaN, p95=NaN, p98=NaN, p99=NaN, p999=NaN
2026-10-01T06:55:53.078807076Z ncm-platform-flink-kubernetes-operator-5cb9ccc496-rlh64.k8soperator.ncm-sc.ncm-platform-flink-kubernetes-operator.namespace.ncm-sc.FlinkDeployment.Lifecycle.State.DELETING.TimeSeconds: count=0, min=0, max=0, mean=NaN, stddev=NaN, p50=NaN, p75=NaN, p95=NaN, p98=NaN, p99=NaN, p999=NaN
2026-10-01T06:55:53.078809091Z ncm-platform-flink-kubernetes-operator-5cb9ccc496-rlh64.k8soperator.ncm-sc.ncm-platform-flink-kubernetes-operator.system.FlinkSessionJob.Lifecycle.State.ROLLED_BACK.TimeSeconds: count=0, min=0, max=0, mean=NaN, stddev=NaN, p50=NaN, p75=NaN, p95=NaN, p98=NaN, p99=NaN, p999=NaN
2026-10-01T06:55:53.078816591Z ncm-platform-flink-kubernetes-operator-5cb9ccc496-rlh64.k8soperator.ncm-sc.ncm-platform-flink-kubernetes-operator.namespace.ncm-sc.FlinkDeployment.Lifecycle.Transition.Resume.TimeSeconds: count=0, min=0, max=0, mean=NaN, stddev=NaN, p50=NaN, p75=NaN, p95=NaN, p98=NaN, p99=NaN, p999=NaN
2026-10-01T06:55:53.078819709Z ncm-platform-flink-kubernetes-operator-5cb9ccc496-rlh64.k8soperator.ncm-sc.ncm-platform-flink-kubernetes-operator.namespace.ncm-sc.FlinkDeployment.Lifecycle.State.UPGRADING.TimeSeconds: count=1, min=0, max=0, mean=0.0, stddev=0.0, p50=0.0, p75=0.0, p95=0.0, p98=0.0, p99=0.0, p999=0.0
2026-10-01T06:55:53.078821939Z ncm-platform-flink-kubernetes-operator-5cb9ccc496-rlh64.k8soperator.ncm-sc.ncm-platform-flink-kubernetes-operator.system.FlinkSessionJob.Lifecycle.State.UPGRADING.TimeSeconds: count=1, min=0, max=0, mean=0.0, stddev=0.0, p50=0.0, p75=0.0, p95=0.0, p98=0.0, p99=0.0, p999=0.0
2026-10-01T06:55:53.078824163Z ncm-platform-flink-kubernetes-operator-5cb9ccc496-rlh64.k8soperator.ncm-sc.ncm-platform-flink-kubernetes-operator.namespace.ncm-sc.FlinkSessionJob.JOSDK.reconcile.resource.TimeSeconds: count=1000, min=0, max=0, mean=0.0, stddev=0.0, p50=0.0, p75=0.0, p95=0.0, p98=0.0, p99=0.0, p999=0.0
2026-10-01T06:55:53.078826748Z ncm-platform-flink-kubernetes-operator-5cb9ccc496-rlh64.k8soperator.ncm-sc.ncm-platform-flink-kubernetes-operator.system.KubeClient.HttpResponse.TimeNanos: count=1000, min=2870701, max=188643330, mean=5187200.734000006, stddev=5942827.47075956, p50=5180801.0, p75=5762269.75, p95=6899503.999999999, p98=7474975.7, p99=9425351.610000007, p999=1.8846923077202392E8
2026-10-01T06:55:53.078828901Z ncm-platform-flink-kubernetes-operator-5cb9ccc496-rlh64.k8soperator.ncm-sc.ncm-platform-flink-kubernetes-operator.namespace.ncm-sc.FlinkSessionJob.Lifecycle.Transition.Upgrade.TimeSeconds: count=0, min=0, max=0, mean=NaN, stddev=NaN, p50=NaN, p75=NaN, p95=NaN, p98=NaN, p99=NaN, p999=NaN
2026-10-01T06:55:53.078830929Z ncm-platform-flink-kubernetes-operator-5cb9ccc496-rlh64.k8soperator.ncm-sc.ncm-platform-flink-kubernetes-operator.system.FlinkSessionJob.Lifecycle.State.STABLE.TimeSeconds: count=0, min=0, max=0, mean=NaN, stddev=NaN, p50=NaN, p75=NaN, p95=NaN, p98=NaN, p99=NaN, p999=NaN
2026-10-01T06:55:53.078832952Z ncm-platform-flink-kubernetes-operator-5cb9ccc496-rlh64.k8soperator.ncm-sc.ncm-platform-flink-kubernetes-operator.system.FlinkDeployment.Lifecycle.State.ROLLING_BACK.TimeSeconds: count=0, min=0, max=0, mean=NaN, stddev=NaN, p50=NaN, p75=NaN, p95=NaN, p98=NaN, p99=NaN, p999=NaN
2026-10-01T06:55:53.078834955Z ncm-platform-flink-kubernetes-operator-5cb9ccc496-rlh64.k8soperator.ncm-sc.ncm-platform-flink-kubernetes-operator.system.FlinkSessionJob.Lifecycle.Transition.Stabilization.TimeSeconds: count=1, min=31, max=31, mean=31.0, stddev=0.0, p50=31.0, p75=31.0, p95=31.0, p98=31.0, p99=31.0, p999=31.0
2026-10-01T06:55:53.078836916Z ncm-platform-flink-kubernetes-operator-5cb9ccc496-rlh64.k8soperator.ncm-sc.ncm-platform-flink-kubernetes-operator.namespace.ncm-sc.FlinkSessionJob.Lifecycle.State.STABLE.TimeSeconds: count=0, min=0, max=0, mean=NaN, stddev=NaN, p50=NaN, p75=NaN, p95=NaN, p98=NaN, p99=NaN, p999=NaN
2026-10-01T06:55:53.078838936Z ncm-platform-flink-kubernetes-operator-5cb9ccc496-rlh64.k8soperator.ncm-sc.ncm-platform-flink-kubernetes-operator.system.FlinkDeployment.Lifecycle.State.UPGRADING.TimeSeconds: count=1, min=0, max=0, mean=0.0, stddev=0.0, p50=0.0, p75=0.0, p95=0.0, p98=0.0, p99=0.0, p999=0.0
2026-10-01T06:55:53.078840953Z ncm-platform-flink-kubernetes-operator-5cb9ccc496-rlh64.k8soperator.ncm-sc.ncm-platform-flink-kubernetes-operator.namespace.ncm-sc.FlinkDeployment.Lifecycle.State.DELETED.TimeSeconds: count=0, min=0, max=0, mean=NaN, stddev=NaN, p50=NaN, p75=NaN, p95=NaN, p98=NaN, p99=NaN, p999=NaN
2026-10-01T06:55:53.078844979Z ncm-platform-flink-kubernetes-operator-5cb9ccc496-rlh64.k8soperator.ncm-sc.ncm-platform-flink-kubernetes-operator.namespace.ncm-sc.FlinkSessionJob.Lifecycle.State.DELETED.TimeSeconds: count=0, min=0, max=0, mean=NaN, stddev=NaN, p50=NaN, p75=NaN, p95=NaN, p98=NaN, p99=NaN, p999=NaN
2026-10-01T06:55:53.078846931Z 
2026-10-01T06:55:53.078849468Z =========================== Finished metrics report ===========================
2026-10-01T06:55:53.078851491Z 
2026-10-01T06:55:57.172514696Z [m[33m2026-10-01 06:55:57,172[m [36mo.a.f.k.o.r.d.AbstractFlinkResourceReconciler[m [32m[INFO ][ncm-sc/fsc-flink-cluster] Resource fully reconciled, nothing to do...
2026-10-01T06:55:59.723501040Z [m[33m2026-10-01 06:55:59,723[m [36mo.a.f.k.o.c.FlinkSessionJobController[m [32m[INFO ][ncm-sc/ncm-events] Starting reconciliation
2026-10-01T06:55:59.732692217Z [m[33m2026-10-01 06:55:59,732[m [36mo.a.f.k.o.r.d.AbstractFlinkResourceReconciler[m [32m[INFO ][ncm-sc/ncm-events] Resource fully reconciled, nothing to do...
2026-10-01T06:56:12.183252912Z [m[33m2026-10-01 06:56:12,183[m [36mo.a.f.k.o.r.d.AbstractFlinkResourceReconciler[m [32m[INFO ][ncm-sc/fsc-flink-cluster] Resource fully reconciled, nothing to do...
2026-10-01T06:56:14.733317678Z [m[33m2026-10-01 06:56:14,733[m [36mo.a.f.k.o.c.FlinkSessionJobController[m [32m[INFO ][ncm-sc/ncm-events] Starting reconciliation
2026-10-01T06:56:14.742053524Z [m[33m2026-10-01 06:56:14,741[m [36mo.a.f.k.o.r.d.AbstractFlinkResourceReconciler[m [32m[INFO ][ncm-sc/ncm-events] Resource fully reconciled, nothing to do...
2026-10-01T06:56:27.195844799Z [m[33m2026-10-01 06:56:27,195[m [36mo.a.f.k.o.r.d.AbstractFlinkResourceReconciler[m [32m[INFO ][ncm-sc/fsc-flink-cluster] Resource fully reconciled, nothing to do...
2026-10-01T06:56:29.742623683Z [m[33m2026-10-01 06:56:29,742[m [36mo.a.f.k.o.c.FlinkSessionJobController[m [32m[INFO ][ncm-sc/ncm-events] Starting reconciliation
2026-10-01T06:56:29.752144404Z [m[33m2026-10-01 06:56:29,752[m [36mo.a.f.k.o.r.d.AbstractFlinkResourceReconciler[m [32m[INFO ][ncm-sc/ncm-events] Resource fully reconciled, nothing to do...
2026-10-01T06:56:42.207011700Z [m[33m2026-10-01 06:56:42,206[m [36mo.a.f.k.o.r.d.AbstractFlinkResourceReconciler[m [32m[INFO ][ncm-sc/fsc-flink-cluster] Resource fully reconciled, nothing to do...
2026-10-01T06:56:44.752787563Z [m[33m2026-10-01 06:56:44,752[m [36mo.a.f.k.o.c.FlinkSessionJobController[m [32m[INFO ][ncm-sc/ncm-events] Starting reconciliation
2026-10-01T06:56:44.760950515Z [m[33m2026-10-01 06:56:44,760[m [36mo.a.f.k.o.r.d.AbstractFlinkResourceReconciler[m [32m[INFO ][ncm-sc/ncm-events] Resource fully reconciled, nothing to do...
2026-10-01T06:56:57.218381474Z [m[33m2026-10-01 06:56:57,218[m [36mo.a.f.k.o.r.d.AbstractFlinkResourceReconciler[m [32m[INFO ][ncm-sc/fsc-flink-cluster] Resource fully reconciled, nothing to do...
2026-10-01T06:56:59.761672362Z [m[33m2026-10-01 06:56:59,761[m [36mo.a.f.k.o.c.FlinkSessionJobController[m [32m[INFO ][ncm-sc/ncm-events] Starting reconciliation
2026-10-01T06:56:59.772633491Z [m[33m2026-10-01 06:56:59,772[m [36mo.a.f.k.o.r.d.AbstractFlinkResourceReconciler[m [32m[INFO ][ncm-sc/ncm-events] Resource fully reconciled, nothing to do...
2026-10-01T06:57:12.230814250Z [m[33m2026-10-01 06:57:12,230[m [36mo.a.f.k.o.r.d.AbstractFlinkResourceReconciler[m [32m[INFO ][ncm-sc/fsc-flink-cluster] Resource fully reconciled, nothing to do...
2026-10-01T06:57:14.773218074Z [m[33m2026-10-01 06:57:14,773[m [36mo.a.f.k.o.c.FlinkSessionJobController[m [32m[INFO ][ncm-sc/ncm-events] Starting reconciliation
2026-10-01T06:57:14.788024883Z [m[33m2026-10-01 06:57:14,787[m [36mo.a.f.k.o.r.d.AbstractFlinkResourceReconciler[m [32m[INFO ][ncm-sc/ncm-events] Resource fully reconciled, nothing to do...
2026-10-01T06:57:27.242151619Z [m[33m2026-10-01 06:57:27,242[m [36mo.a.f.k.o.r.d.AbstractFlinkResourceReconciler[m [32m[INFO ][ncm-sc/fsc-flink-cluster] Resource fully reconciled, nothing to do...
2026-10-01T06:57:29.788586911Z [m[33m2026-10-01 06:57:29,788[m [36mo.a.f.k.o.c.FlinkSessionJobController[m [32m[INFO ][ncm-sc/ncm-events] Starting reconciliation
2026-10-01T06:57:29.800320710Z [m[33m2026-10-01 06:57:29,800[m [36mo.a.f.k.o.r.d.AbstractFlinkResourceReconciler[m [32m[INFO ][ncm-sc/ncm-events] Resource fully reconciled, nothing to do...
2026-10-01T06:57:42.253418278Z [m[33m2026-10-01 06:57:42,253[m [36mo.a.f.k.o.r.d.AbstractFlinkResourceReconciler[m [32m[INFO ][ncm-sc/fsc-flink-cluster] Resource fully reconciled, nothing to do...
2026-10-01T06:57:44.800930804Z [m[33m2026-10-01 06:57:44,800[m [36mo.a.f.k.o.c.FlinkSessionJobController[m [32m[INFO ][ncm-sc/ncm-events] Starting reconciliation
2026-10-01T06:57:44.807772821Z [m[33m2026-10-01 06:57:44,807[m [36mo.a.f.k.o.r.d.AbstractFlinkResourceReconciler[m [32m[INFO ][ncm-sc/ncm-events] Resource fully reconciled, nothing to do...
2026-10-01T06:57:57.263714061Z [m[33m2026-10-01 06:57:57,263[m [36mo.a.f.k.o.r.d.AbstractFlinkResourceReconciler[m [32m[INFO ][ncm-sc/fsc-flink-cluster] Resource fully reconciled, nothing to do...
2026-10-01T06:57:59.808371002Z [m[33m2026-10-01 06:57:59,808[m [36mo.a.f.k.o.c.FlinkSessionJobController[m [32m[INFO ][ncm-sc/ncm-events] Starting reconciliation
2026-10-01T06:57:59.816893675Z [m[33m2026-10-01 06:57:59,816[m [36mo.a.f.k.o.r.d.AbstractFlinkResourceReconciler[m [32m[INFO ][ncm-sc/ncm-events] Resource fully reconciled, nothing to do...
2026-10-01T06:58:12.276706548Z [m[33m2026-10-01 06:58:12,276[m [36mo.a.f.k.o.r.d.AbstractFlinkResourceReconciler[m [32m[INFO ][ncm-sc/fsc-flink-cluster] Resource fully reconciled, nothing to do...
2026-10-01T06:58:14.817601761Z [m[33m2026-10-01 06:58:14,817[m [36mo.a.f.k.o.c.FlinkSessionJobController[m [32m[INFO ][ncm-sc/ncm-events] Starting reconciliation
2026-10-01T06:58:14.825763780Z [m[33m2026-10-01 06:58:14,825[m [36mo.a.f.k.o.r.d.AbstractFlinkResourceReconciler[m [32m[INFO ][ncm-sc/ncm-events] Resource fully reconciled, nothing to do...
2026-10-01T06:58:27.289005365Z [m[33m2026-10-01 06:58:27,288[m [36mo.a.f.k.o.r.d.AbstractFlinkResourceReconciler[m [32m[INFO ][ncm-sc/fsc-flink-cluster] Resource fully reconciled, nothing to do...
2026-10-01T06:58:29.826759881Z [m[33m2026-10-01 06:58:29,826[m [36mo.a.f.k.o.c.FlinkSessionJobController[m [32m[INFO ][ncm-sc/ncm-events] Starting reconciliation
2026-10-01T06:58:29.838328698Z [m[33m2026-10-01 06:58:29,838[m [36mo.a.f.k.o.r.d.AbstractFlinkResourceReconciler[m [32m[INFO ][ncm-sc/ncm-events] Resource fully reconciled, nothing to do...
2026-10-01T06:58:42.300840712Z [m[33m2026-10-01 06:58:42,300[m [36mo.a.f.k.o.r.d.AbstractFlinkResourceReconciler[m [32m[INFO ][ncm-sc/fsc-flink-cluster] Resource fully reconciled, nothing to do...
2026-10-01T06:58:44.838903879Z [m[33m2026-10-01 06:58:44,838[m [36mo.a.f.k.o.c.FlinkSessionJobController[m [32m[INFO ][ncm-sc/ncm-events] Starting reconciliation
2026-10-01T06:58:44.846852671Z [m[33m2026-10-01 06:58:44,846[m [36mo.a.f.k.o.r.d.AbstractFlinkResourceReconciler[m [32m[INFO ][ncm-sc/ncm-events] Resource fully reconciled, nothing to do...
2026-10-01T06:58:57.312027534Z [m[33m2026-10-01 06:58:57,311[m [36mo.a.f.k.o.r.d.AbstractFlinkResourceReconciler[m [32m[INFO ][ncm-sc/fsc-flink-cluster] Resource fully reconciled, nothing to do...
2026-10-01T06:58:59.847484402Z [m[33m2026-10-01 06:58:59,847[m [36mo.a.f.k.o.c.FlinkSessionJobController[m [32m[INFO ][ncm-sc/ncm-events] Starting reconciliation
2026-10-01T06:58:59.860552920Z [m[33m2026-10-01 06:58:59,860[m [36mo.a.f.k.o.r.d.AbstractFlinkResourceReconciler[m [32m[INFO ][ncm-sc/ncm-events] Resource fully reconciled, nothing to do...
2026-10-01T06:59:12.325351386Z [m[33m2026-10-01 06:59:12,325[m [36mo.a.f.k.o.r.d.AbstractFlinkResourceReconciler[m [32m[INFO ][ncm-sc/fsc-flink-cluster] Resource fully reconciled, nothing to do...
2026-10-01T06:59:14.861166456Z [m[33m2026-10-01 06:59:14,861[m [36mo.a.f.k.o.c.FlinkSessionJobController[m [32m[INFO ][ncm-sc/ncm-events] Starting reconciliation
2026-10-01T06:59:14.869454898Z [m[33m2026-10-01 06:59:14,869[m [36mo.a.f.k.o.r.d.AbstractFlinkResourceReconciler[m [32m[INFO ][ncm-sc/ncm-events] Resource fully reconciled, nothing to do...
2026-10-01T06:59:27.348886325Z [m[33m2026-10-01 06:59:27,348[m [36mo.a.f.k.o.r.d.AbstractFlinkResourceReconciler[m [32m[INFO ][ncm-sc/fsc-flink-cluster] Resource fully reconciled, nothing to do...
2026-10-01T06:59:29.870167786Z [m[33m2026-10-01 06:59:29,870[m [36mo.a.f.k.o.c.FlinkSessionJobController[m [32m[INFO ][ncm-sc/ncm-events] Starting reconciliation
2026-10-01T06:59:29.880437799Z [m[33m2026-10-01 06:59:29,880[m [36mo.a.f.k.o.r.d.AbstractFlinkResourceReconciler[m [32m[INFO ][ncm-sc/ncm-events] Resource fully reconciled, nothing to do...
2026-10-01T06:59:42.362229148Z [m[33m2026-10-01 06:59:42,362[m [36mo.a.f.k.o.r.d.AbstractFlinkResourceReconciler[m [32m[INFO ][ncm-sc/fsc-flink-cluster] Resource fully reconciled, nothing to do...
2026-10-01T06:59:44.881111656Z [m[33m2026-10-01 06:59:44,880[m [36mo.a.f.k.o.c.FlinkSessionJobController[m [32m[INFO ][ncm-sc/ncm-events] Starting reconciliation
2026-10-01T06:59:44.887858146Z [m[33m2026-10-01 06:59:44,887[m [36mo.a.f.k.o.r.d.AbstractFlinkResourceReconciler[m [32m[INFO ][ncm-sc/ncm-events] Resource fully reconciled, nothing to do...
2026-10-01T06:59:57.374275429Z [m[33m2026-10-01 06:59:57,374[m [36mo.a.f.k.o.r.d.AbstractFlinkResourceReconciler[m [32m[INFO ][ncm-sc/fsc-flink-cluster] Resource fully reconciled, nothing to do...
2026-10-01T06:59:59.888378368Z [m[33m2026-10-01 06:59:59,888[m [36mo.a.f.k.o.c.FlinkSessionJobController[m [32m[INFO ][ncm-sc/ncm-events] Starting reconciliation
2026-10-01T06:59:59.897059486Z [m[33m2026-10-01 06:59:59,896[m [36mo.a.f.k.o.r.d.AbstractFlinkResourceReconciler[m [32m[INFO ][ncm-sc/ncm-events] Resource fully reconciled, nothing to do...
2026-10-01T07:00:12.388601168Z [m[33m2026-10-01 07:00:12,388[m [36mo.a.f.k.o.r.d.AbstractFlinkResourceReconciler[m [32m[INFO ][ncm-sc/fsc-flink-cluster] Resource fully reconciled, nothing to do...
2026-10-01T07:00:14.897653082Z [m[33m2026-10-01 07:00:14,897[m [36mo.a.f.k.o.c.FlinkSessionJobController[m [32m[INFO ][ncm-sc/ncm-events] Starting reconciliation
2026-10-01T07:00:14.905624819Z [m[33m2026-10-01 07:00:14,905[m [36mo.a.f.k.o.r.d.AbstractFlinkResourceReconciler[m [32m[INFO ][ncm-sc/ncm-events] Resource fully reconciled, nothing to do...
2026-10-01T07:00:27.400887617Z [m[33m2026-10-01 07:00:27,400[m [36mo.a.f.k.o.r.d.AbstractFlinkResourceReconciler[m [32m[INFO ][ncm-sc/fsc-flink-cluster] Resource fully reconciled, nothing to do...
2026-10-01T07:00:29.916989455Z [m[33m2026-10-01 07:00:29,916[m [36mo.a.f.k.o.c.FlinkSessionJobController[m [32m[INFO ][ncm-sc/ncm-events] Starting reconciliation
2026-10-01T07:00:29.926428257Z [m[33m2026-10-01 07:00:29,926[m [36mo.a.f.k.o.r.d.AbstractFlinkResourceReconciler[m [32m[INFO ][ncm-sc/ncm-events] Resource fully reconciled, nothing to do...
2026-10-01T07:00:42.412105864Z [m[33m2026-10-01 07:00:42,411[m [36mo.a.f.k.o.r.d.AbstractFlinkResourceReconciler[m [32m[INFO ][ncm-sc/fsc-flink-cluster] Resource fully reconciled, nothing to do...
2026-10-01T07:00:44.927473588Z [m[33m2026-10-01 07:00:44,927[m [36mo.a.f.k.o.c.FlinkSessionJobController[m [32m[INFO ][ncm-sc/ncm-events] Starting reconciliation
2026-10-01T07:00:44.934963723Z [m[33m2026-10-01 07:00:44,934[m [36mo.a.f.k.o.r.d.AbstractFlinkResourceReconciler[m [32m[INFO ][ncm-sc/ncm-events] Resource fully reconciled, nothing to do...
2026-10-01T07:00:48.002877168Z [m[33m2026-10-01 07:00:48,002[m [36mo.a.f.c.GlobalConfiguration   [m [32m[INFO ] Using legacy YAML parser to load flink configuration file from /opt/flink/conf/flink-conf.yaml.
2026-10-01T07:00:48.002917700Z [m[33m2026-10-01 07:00:48,002[m [36mo.a.f.c.GlobalConfiguration   [m [32m[INFO ] Loading configuration property: parallelism.default, 1
2026-10-01T07:00:48.002922982Z [m[33m2026-10-01 07:00:48,002[m [36mo.a.f.c.GlobalConfiguration   [m [32m[INFO ] Loading configuration property: taskmanager.numberOfTaskSlots, 1
2026-10-01T07:00:48.002927480Z [m[33m2026-10-01 07:00:48,002[m [36mo.a.f.c.GlobalConfiguration   [m [32m[INFO ] Loading configuration property: kubernetes.operator.default-configuration.flink-version.v1_18.env.java.opts.all, --add-exports=java.base/sun.net.util=ALL-UNNAMED --add-exports=java.rmi/sun.rmi.registry=ALL-UNNAMED --add-exports=java.security.jgss/sun.security.krb5=ALL-UNNAMED --add-opens=java.base/java.lang=ALL-UNNAMED --add-opens=java.base/java.net=ALL-UNNAMED --add-opens=java.base/java.io=ALL-UNNAMED --add-opens=java.base/java.nio=ALL-UNNAMED --add-opens=java.base/sun.nio.ch=ALL-UNNAMED --add-opens=java.base/java.lang.reflect=ALL-UNNAMED --add-opens=java.base/java.text=ALL-UNNAMED --add-opens=java.base/java.time=ALL-UNNAMED --add-opens=java.base/java.util=ALL-UNNAMED --add-opens=java.base/java.util.concurrent=ALL-UNNAMED --add-opens=java.base/java.util.concurrent.atomic=ALL-UNNAMED --add-opens=java.base/java.util.concurrent.locks=ALL-UNNAMED
2026-10-01T07:00:48.002931211Z [m[33m2026-10-01 07:00:48,002[m [36mo.a.f.c.GlobalConfiguration   [m [32m[INFO ] Loading configuration property: kubernetes.operator.reconcile.interval, 15 s
2026-10-01T07:00:48.002933891Z [m[33m2026-10-01 07:00:48,002[m [36mo.a.f.c.GlobalConfiguration   [m [32m[INFO ] Loading configuration property: kubernetes.operator.flink.client.timeout, 300 s
2026-10-01T07:00:48.002936249Z [m[33m2026-10-01 07:00:48,002[m [36mo.a.f.c.GlobalConfiguration   [m [32m[INFO ] Loading configuration property: kubernetes.operator.default-configuration.flink-version.v1_19+.env.java.default-opts.all, --add-exports=java.base/sun.net.util=ALL-UNNAMED --add-exports=java.rmi/sun.rmi.registry=ALL-UNNAMED --add-exports=java.security.jgss/sun.security.krb5=ALL-UNNAMED --add-opens=java.base/java.lang=ALL-UNNAMED --add-opens=java.base/java.net=ALL-UNNAMED --add-opens=java.base/java.io=ALL-UNNAMED --add-opens=java.base/java.nio=ALL-UNNAMED --add-opens=java.base/sun.nio.ch=ALL-UNNAMED --add-opens=java.base/java.lang.reflect=ALL-UNNAMED --add-opens=java.base/java.text=ALL-UNNAMED --add-opens=java.base/java.time=ALL-UNNAMED --add-opens=java.base/java.util=ALL-UNNAMED --add-opens=java.base/java.util.concurrent=ALL-UNNAMED --add-opens=java.base/java.util.concurrent.atomic=ALL-UNNAMED --add-opens=java.base/java.util.concurrent.locks=ALL-UNNAMED
2026-10-01T07:00:48.002938827Z [m[33m2026-10-01 07:00:48,002[m [36mo.a.f.c.GlobalConfiguration   [m [32m[INFO ] Loading configuration property: kubernetes.operator.metrics.reporter.slf4j.interval, 5 MINUTE
2026-10-01T07:00:48.002941197Z [m[33m2026-10-01 07:00:48,002[m [36mo.a.f.c.GlobalConfiguration   [m [32m[INFO ] Loading configuration property: kubernetes.operator.observer.progress-check.interval, 5 s
2026-10-01T07:00:48.002943898Z [m[33m2026-10-01 07:00:48,002[m [36mo.a.f.c.GlobalConfiguration   [m [32m[INFO ] Loading configuration property: kubernetes.operator.health.probe.enabled, true
2026-10-01T07:00:48.002945990Z [m[33m2026-10-01 07:00:48,002[m [36mo.a.f.c.GlobalConfiguration   [m [32m[INFO ] Loading configuration property: kubernetes.operator.health.probe.port, 8085
2026-10-01T07:00:48.002951659Z [m[33m2026-10-01 07:00:48,002[m [36mo.a.f.c.GlobalConfiguration   [m [32m[INFO ] Loading configuration property: kubernetes.operator.metrics.reporter.slf4j.factory.class, org.apache.flink.metrics.slf4j.Slf4jReporterFactory
2026-10-01T07:00:48.002966324Z [m[33m2026-10-01 07:00:48,002[m [36mo.a.f.k.o.c.FlinkConfigManager[m [32m[INFO ] Default configuration did not change, nothing to do...
2026-10-01T07:00:52.208656110Z [m[33m2026-10-01 07:00:52,208[m [36mo.a.f.c.GlobalConfiguration   [m [32m[INFO ] Using legacy YAML parser to load flink configuration file from /opt/flink/conf/flink-conf.yaml.
2026-10-01T07:00:52.208757957Z [m[33m2026-10-01 07:00:52,208[m [36mo.a.f.c.GlobalConfiguration   [m [32m[INFO ] Loading configuration property: parallelism.default, 1
2026-10-01T07:00:52.208782976Z [m[33m2026-10-01 07:00:52,208[m [36mo.a.f.c.GlobalConfiguration   [m [32m[INFO ] Loading configuration property: taskmanager.numberOfTaskSlots, 1
2026-10-01T07:00:52.208790668Z [m[33m2026-10-01 07:00:52,208[m [36mo.a.f.c.GlobalConfiguration   [m [32m[INFO ] Loading configuration property: kubernetes.operator.default-configuration.flink-version.v1_18.env.java.opts.all, --add-exports=java.base/sun.net.util=ALL-UNNAMED --add-exports=java.rmi/sun.rmi.registry=ALL-UNNAMED --add-exports=java.security.jgss/sun.security.krb5=ALL-UNNAMED --add-opens=java.base/java.lang=ALL-UNNAMED --add-opens=java.base/java.net=ALL-UNNAMED --add-opens=java.base/java.io=ALL-UNNAMED --add-opens=java.base/java.nio=ALL-UNNAMED --add-opens=java.base/sun.nio.ch=ALL-UNNAMED --add-opens=java.base/java.lang.reflect=ALL-UNNAMED --add-opens=java.base/java.text=ALL-UNNAMED --add-opens=java.base/java.time=ALL-UNNAMED --add-opens=java.base/java.util=ALL-UNNAMED --add-opens=java.base/java.util.concurrent=ALL-UNNAMED --add-opens=java.base/java.util.concurrent.atomic=ALL-UNNAMED --add-opens=java.base/java.util.concurrent.locks=ALL-UNNAMED
2026-10-01T07:00:52.208807745Z [m[33m2026-10-01 07:00:52,208[m [36mo.a.f.c.GlobalConfiguration   [m [32m[INFO ] Loading configuration property: kubernetes.operator.reconcile.interval, 15 s
2026-10-01T07:00:52.208811475Z [m[33m2026-10-01 07:00:52,208[m [36mo.a.f.c.GlobalConfiguration   [m [32m[INFO ] Loading configuration property: kubernetes.operator.flink.client.timeout, 300 s
2026-10-01T07:00:52.208814858Z [m[33m2026-10-01 07:00:52,208[m [36mo.a.f.c.GlobalConfiguration   [m [32m[INFO ] Loading configuration property: kubernetes.operator.default-configuration.flink-version.v1_19+.env.java.default-opts.all, --add-exports=java.base/sun.net.util=ALL-UNNAMED --add-exports=java.rmi/sun.rmi.registry=ALL-UNNAMED --add-exports=java.security.jgss/sun.security.krb5=ALL-UNNAMED --add-opens=java.base/java.lang=ALL-UNNAMED --add-opens=java.base/java.net=ALL-UNNAMED --add-opens=java.base/java.io=ALL-UNNAMED --add-opens=java.base/java.nio=ALL-UNNAMED --add-opens=java.base/sun.nio.ch=ALL-UNNAMED --add-opens=java.base/java.lang.reflect=ALL-UNNAMED --add-opens=java.base/java.text=ALL-UNNAMED --add-opens=java.base/java.time=ALL-UNNAMED --add-opens=java.base/java.util=ALL-UNNAMED --add-opens=java.base/java.util.concurrent=ALL-UNNAMED --add-opens=java.base/java.util.concurrent.atomic=ALL-UNNAMED --add-opens=java.base/java.util.concurrent.locks=ALL-UNNAMED
2026-10-01T07:00:52.208818870Z [m[33m2026-10-01 07:00:52,208[m [36mo.a.f.c.GlobalConfiguration   [m [32m[INFO ] Loading configuration property: kubernetes.operator.metrics.reporter.slf4j.interval, 5 MINUTE
2026-10-01T07:00:52.208822312Z [m[33m2026-10-01 07:00:52,208[m [36mo.a.f.c.GlobalConfiguration   [m [32m[INFO ] Loading configuration property: kubernetes.operator.observer.progress-check.interval, 5 s
2026-10-01T07:00:52.208834154Z [m[33m2026-10-01 07:00:52,208[m [36mo.a.f.c.GlobalConfiguration   [m [32m[INFO ] Loading configuration property: kubernetes.operator.health.probe.enabled, true
2026-10-01T07:00:52.208837666Z [m[33m2026-10-01 07:00:52,208[m [36mo.a.f.c.GlobalConfiguration   [m [32m[INFO ] Loading configuration property: kubernetes.operator.health.probe.port, 8085
2026-10-01T07:00:52.208847845Z [m[33m2026-10-01 07:00:52,208[m [36mo.a.f.c.GlobalConfiguration   [m [32m[INFO ] Loading configuration property: kubernetes.operator.metrics.reporter.slf4j.factory.class, org.apache.flink.metrics.slf4j.Slf4jReporterFactory
2026-10-01T07:00:52.208875039Z [m[33m2026-10-01 07:00:52,208[m [36mo.a.f.k.o.c.FlinkConfigManager[m [32m[INFO ] Default configuration did not change, nothing to do...
2026-10-01T07:00:53.078064748Z [m[33m2026-10-01 07:00:53,077[m [36mo.a.f.m.s.Slf4jReporter       [m [32m[INFO ] 
2026-10-01T07:00:53.078084028Z =========================== Starting metrics report ===========================
2026-10-01T07:00:53.078089518Z 
2026-10-01T07:00:53.078093670Z -- Counters ---------------------------------------------------------------------
2026-10-01T07:00:53.078098252Z ncm-platform-flink-kubernetes-operator-5cb9ccc496-rlh64.k8soperator.ncm-sc.ncm-platform-flink-kubernetes-operator.resource.ncm-sc.ncm-events.FlinkSessionJob.JOSDK.Reconciliation.Count: 66194
2026-10-01T07:00:53.078103288Z ncm-platform-flink-kubernetes-operator-5cb9ccc496-rlh64.k8soperator.ncm-sc.ncm-platform-flink-kubernetes-operator.resource.ncm-sc.fsc-flink-cluster.FlinkDeployment.JOSDK.Resource.Event.UPDATED.Count: 1
2026-10-01T07:00:53.078107275Z ncm-platform-flink-kubernetes-operator-5cb9ccc496-rlh64.k8soperator.ncm-sc.ncm-platform-flink-kubernetes-operator.resource.ncm-sc.fsc-flink-cluster.FlinkDeployment.JOSDK.Reconciliation.Count: 66187
2026-10-01T07:00:53.078111392Z ncm-platform-flink-kubernetes-operator-5cb9ccc496-rlh64.k8soperator.ncm-sc.ncm-platform-flink-kubernetes-operator.system.KubeClient.HttpRequest.Count: 24727
2026-10-01T07:00:53.078115799Z ncm-platform-flink-kubernetes-operator-5cb9ccc496-rlh64.k8soperator.ncm-sc.ncm-platform-flink-kubernetes-operator.resource.ncm-sc.ncm-events.FlinkSessionJob.AutoScaler.scalings: 0
2026-10-01T07:00:53.078119414Z ncm-platform-flink-kubernetes-operator-5cb9ccc496-rlh64.k8soperator.ncm-sc.ncm-platform-flink-kubernetes-operator.system.KubeClient.HttpResponse.Count: 24556
2026-10-01T07:00:53.078124347Z ncm-platform-flink-kubernetes-operator-5cb9ccc496-rlh64.k8soperator.ncm-sc.ncm-platform-flink-kubernetes-operator.system.KubeClient.HttpResponse.409.Count: 1
2026-10-01T07:00:53.078128598Z ncm-platform-flink-kubernetes-operator-5cb9ccc496-rlh64.k8soperator.ncm-sc.ncm-platform-flink-kubernetes-operator.system.KubeClient.HttpRequest.POST.Count: 5
2026-10-01T07:00:53.078133716Z ncm-platform-flink-kubernetes-operator-5cb9ccc496-rlh64.k8soperator.ncm-sc.ncm-platform-flink-kubernetes-operator.resource.ncm-sc.fsc-flink-cluster.FlinkDeployment.JOSDK.Reconciliation.finished.Count: 66187
2026-10-01T07:00:53.078137539Z ncm-platform-flink-kubernetes-operator-5cb9ccc496-rlh64.k8soperator.ncm-sc.ncm-platform-flink-kubernetes-operator.system.KubeClient.HttpRequest.Failed.Count: 189
2026-10-01T07:00:53.078141387Z ncm-platform-flink-kubernetes-operator-5cb9ccc496-rlh64.k8soperator.ncm-sc.ncm-platform-flink-kubernetes-operator.system.KubeClient.HttpResponse.429.Count: 12
2026-10-01T07:00:53.078145253Z ncm-platform-flink-kubernetes-operator-5cb9ccc496-rlh64.k8soperator.ncm-sc.ncm-platform-flink-kubernetes-operator.resource.ncm-sc.ncm-events.FlinkSessionJob.AutoScaler.balanced: 0
2026-10-01T07:00:53.078149135Z ncm-platform-flink-kubernetes-operator-5cb9ccc496-rlh64.k8soperator.ncm-sc.ncm-platform-flink-kubernetes-operator.system.KubeClient.HttpResponse.200.Count: 72
2026-10-01T07:00:53.078153728Z ncm-platform-flink-kubernetes-operator-5cb9ccc496-rlh64.k8soperator.ncm-sc.ncm-platform-flink-kubernetes-operator.system.KubeClient.HttpResponse.404.Count: 5
2026-10-01T07:00:53.078158347Z ncm-platform-flink-kubernetes-operator-5cb9ccc496-rlh64.k8soperator.ncm-sc.ncm-platform-flink-kubernetes-operator.resource.ncm-sc.ncm-events.FlinkSessionJob.JOSDK.Resource.Event.Count: 2
2026-10-01T07:00:53.078162104Z ncm-platform-flink-kubernetes-operator-5cb9ccc496-rlh64.k8soperator.ncm-sc.ncm-platform-flink-kubernetes-operator.system.KubeClient.HttpResponse.201.Count: 5
2026-10-01T07:00:53.078177792Z ncm-platform-flink-kubernetes-operator-5cb9ccc496-rlh64.k8soperator.ncm-sc.ncm-platform-flink-kubernetes-operator.system.KubeClient.HttpRequest.GET.Count: 24680
2026-10-01T07:00:53.078181333Z ncm-platform-flink-kubernetes-operator-5cb9ccc496-rlh64.k8soperator.ncm-sc.ncm-platform-flink-kubernetes-operator.system.KubeClient.HttpRequest.Slow.Count: 0
2026-10-01T07:00:53.078184828Z ncm-platform-flink-kubernetes-operator-5cb9ccc496-rlh64.k8soperator.ncm-sc.ncm-platform-flink-kubernetes-operator.resource.ncm-sc.ncm-events.FlinkSessionJob.AutoScaler.errors: 0
2026-10-01T07:00:53.078187731Z ncm-platform-flink-kubernetes-operator-5cb9ccc496-rlh64.k8soperator.ncm-sc.ncm-platform-flink-kubernetes-operator.system.KubeClient.HttpRequest.PATCH.Count: 3
2026-10-01T07:00:53.078190879Z ncm-platform-flink-kubernetes-operator-5cb9ccc496-rlh64.k8soperator.ncm-sc.ncm-platform-flink-kubernetes-operator.resource.ncm-sc.ncm-events.FlinkSessionJob.JOSDK.Resource.Event.UPDATED.Count: 1
2026-10-01T07:00:53.078193917Z ncm-platform-flink-kubernetes-operator-5cb9ccc496-rlh64.k8soperator.ncm-sc.ncm-platform-flink-kubernetes-operator.resource.ncm-sc.fsc-flink-cluster.FlinkDeployment.JOSDK.Resource.Event.Count: 2
2026-10-01T07:00:53.078203713Z ncm-platform-flink-kubernetes-operator-5cb9ccc496-rlh64.k8soperator.ncm-sc.ncm-platform-flink-kubernetes-operator.resource.ncm-sc.ncm-events.FlinkSessionJob.JOSDK.Reconciliation.finished.Count: 66194
2026-10-01T07:00:53.078207273Z ncm-platform-flink-kubernetes-operator-5cb9ccc496-rlh64.k8soperator.ncm-sc.ncm-platform-flink-kubernetes-operator.system.KubeClient.HttpResponse.101.Count: 24461
2026-10-01T07:00:53.078210803Z ncm-platform-flink-kubernetes-operator-5cb9ccc496-rlh64.k8soperator.ncm-sc.ncm-platform-flink-kubernetes-operator.resource.ncm-sc.ncm-events.FlinkSessionJob.JOSDK.Resource.Event.ADDED.Count: 1
2026-10-01T07:00:53.078213831Z ncm-platform-flink-kubernetes-operator-5cb9ccc496-rlh64.k8soperator.ncm-sc.ncm-platform-flink-kubernetes-operator.system.KubeClient.HttpRequest.PUT.Count: 39
2026-10-01T07:00:53.078216902Z ncm-platform-flink-kubernetes-operator-5cb9ccc496-rlh64.k8soperator.ncm-sc.ncm-platform-flink-kubernetes-operator.resource.ncm-sc.fsc-flink-cluster.FlinkDeployment.JOSDK.Resource.Event.ADDED.Count: 1
2026-10-01T07:00:53.078220165Z 
2026-10-01T07:00:53.078223567Z -- Gauges ---------------------------------------------------------------------
2026-10-01T07:00:53.078226536Z ncm-platform-flink-kubernetes-operator-5cb9ccc496-rlh64.k8soperator.ncm-sc.ncm-platform-flink-kubernetes-operator.system.Status.JVM.Memory.Metaspace.Max: -1
2026-10-01T07:00:53.078229526Z ncm-platform-flink-kubernetes-operator-5cb9ccc496-rlh64.k8soperator.ncm-sc.ncm-platform-flink-kubernetes-operator.namespace.ncm-sc.FlinkSessionJob.Lifecycle.State.FAILED.Count: 0
2026-10-01T07:00:53.078232631Z ncm-platform-flink-kubernetes-operator-5cb9ccc496-rlh64.k8soperator.ncm-sc.ncm-platform-flink-kubernetes-operator.system.Status.JVM.Memory.Heap.Used: 99079416
2026-10-01T07:00:53.078235587Z ncm-platform-flink-kubernetes-operator-5cb9ccc496-rlh64.k8soperator.ncm-sc.ncm-platform-flink-kubernetes-operator.system.Status.JVM.Memory.Metaspace.Committed: 79757312
2026-10-01T07:00:53.078238885Z ncm-platform-flink-kubernetes-operator-5cb9ccc496-rlh64.k8soperator.ncm-sc.ncm-platform-flink-kubernetes-operator.system.Status.JVM.GarbageCollector.Copy.Count: 8968
2026-10-01T07:00:53.078241568Z ncm-platform-flink-kubernetes-operator-5cb9ccc496-rlh64.k8soperator.ncm-sc.ncm-platform-flink-kubernetes-operator.system.Status.JVM.CPU.Time: 1874970000000
2026-10-01T07:00:53.078244370Z ncm-platform-flink-kubernetes-operator-5cb9ccc496-rlh64.k8soperator.ncm-sc.ncm-platform-flink-kubernetes-operator.namespace.ncm-sc.FlinkDeployment.Lifecycle.State.ROLLED_BACK.Count: 0
2026-10-01T07:00:53.078251133Z ncm-platform-flink-kubernetes-operator-5cb9ccc496-rlh64.k8soperator.ncm-sc.ncm-platform-flink-kubernetes-operator.namespace.ncm-sc.FlinkDeployment.FlinkMinorVersion.MALFORMED.Count: 0
2026-10-01T07:00:53.078254668Z ncm-platform-flink-kubernetes-operator-5cb9ccc496-rlh64.k8soperator.ncm-sc.ncm-platform-flink-kubernetes-operator.system.Status.JVM.Memory.Direct.TotalCapacity: 8466052
2026-10-01T07:00:53.078257828Z ncm-platform-flink-kubernetes-operator-5cb9ccc496-rlh64.k8soperator.ncm-sc.ncm-platform-flink-kubernetes-operator.namespace.ncm-sc.FlinkDeployment.Lifecycle.State.STABLE.Count: 1
2026-10-01T07:00:53.078261183Z ncm-platform-flink-kubernetes-operator-5cb9ccc496-rlh64.k8soperator.ncm-sc.ncm-platform-flink-kubernetes-operator.namespace.ncm-sc.FlinkDeployment.JmDeploymentStatus.DEPLOYING.Count: 0
2026-10-01T07:00:53.078264628Z ncm-platform-flink-kubernetes-operator-5cb9ccc496-rlh64.k8soperator.ncm-sc.ncm-platform-flink-kubernetes-operator.system.Status.JVM.CPU.Load: 0.027188940092165898
2026-10-01T07:00:53.078268002Z ncm-platform-flink-kubernetes-operator-5cb9ccc496-rlh64.k8soperator.ncm-sc.ncm-platform-flink-kubernetes-operator.namespace.ncm-sc.FlinkSessionJob.Lifecycle.State.DELETED.Count: 0
2026-10-01T07:00:53.078271224Z ncm-platform-flink-kubernetes-operator-5cb9ccc496-rlh64.k8soperator.ncm-sc.ncm-platform-flink-kubernetes-operator.namespace.ncm-sc.FlinkDeployment.JmDeploymentStatus.ERROR.Count: 0
2026-10-01T07:00:53.078274590Z ncm-platform-flink-kubernetes-operator-5cb9ccc496-rlh64.k8soperator.ncm-sc.ncm-platform-flink-kubernetes-operator.namespace.ncm-sc.FlinkDeployment.FlinkVersion.UNKNOWN.Count: 0
2026-10-01T07:00:53.078278029Z ncm-platform-flink-kubernetes-operator-5cb9ccc496-rlh64.k8soperator.ncm-sc.ncm-platform-flink-kubernetes-operator.namespace.ncm-sc.FlinkDeployment.ResourceUsage.Memory: 5905580032
2026-10-01T07:00:53.078281238Z ncm-platform-flink-kubernetes-operator-5cb9ccc496-rlh64.k8soperator.ncm-sc.ncm-platform-flink-kubernetes-operator.namespace.ncm-sc.FlinkDeployment.Lifecycle.State.SUSPENDED.Count: 0
2026-10-01T07:00:53.078302755Z ncm-platform-flink-kubernetes-operator-5cb9ccc496-rlh64.k8soperator.ncm-sc.ncm-platform-flink-kubernetes-operator.system.Status.JVM.GarbageCollector.Copy.Time: 36722
2026-10-01T07:00:53.078309678Z ncm-platform-flink-kubernetes-operator-5cb9ccc496-rlh64.k8soperator.ncm-sc.ncm-platform-flink-kubernetes-operator.namespace.ncm-sc.FlinkDeployment.FlinkMinorVersion.2_1.Count: 1
2026-10-01T07:00:53.078313053Z ncm-platform-flink-kubernetes-operator-5cb9ccc496-rlh64.k8soperator.ncm-sc.ncm-platform-flink-kubernetes-operator.system.Status.JVM.ClassLoader.ClassesUnloaded: 292
2026-10-01T07:00:53.078316423Z ncm-platform-flink-kubernetes-operator-5cb9ccc496-rlh64.k8soperator.ncm-sc.ncm-platform-flink-kubernetes-operator.namespace.ncm-sc.FlinkDeployment.Lifecycle.State.DEPLOYED.Count: 0
2026-10-01T07:00:53.078319903Z ncm-platform-flink-kubernetes-operator-5cb9ccc496-rlh64.k8soperator.ncm-sc.ncm-platform-flink-kubernetes-operator.namespace.ncm-sc.FlinkSessionJob.Lifecycle.State.CREATED.Count: 0
2026-10-01T07:00:53.078323373Z ncm-platform-flink-kubernetes-operator-5cb9ccc496-rlh64.k8soperator.ncm-sc.ncm-platform-flink-kubernetes-operator.namespace.ncm-sc.FlinkSessionJob.Lifecycle.State.DEPLOYED.Count: 0
2026-10-01T07:00:53.078326635Z ncm-platform-flink-kubernetes-operator-5cb9ccc496-rlh64.k8soperator.ncm-sc.ncm-platform-flink-kubernetes-operator.system.Status.JVM.Memory.NonHeap.Max: -1
2026-10-01T07:00:53.078330026Z ncm-platform-flink-kubernetes-operator-5cb9ccc496-rlh64.k8soperator.ncm-sc.ncm-platform-flink-kubernetes-operator.system.Status.JVM.ClassLoader.ClassesLoaded: 13149
2026-10-01T07:00:53.078345824Z ncm-platform-flink-kubernetes-operator-5cb9ccc496-rlh64.k8soperator.ncm-sc.ncm-platform-flink-kubernetes-operator.system.Status.JVM.Memory.NonHeap.Committed: 141426688
2026-10-01T07:00:53.078356096Z ncm-platform-flink-kubernetes-operator-5cb9ccc496-rlh64.k8soperator.ncm-sc.ncm-platform-flink-kubernetes-operator.namespace.ncm-sc.FlinkDeployment.Lifecycle.State.FAILED.Count: 0
2026-10-01T07:00:53.078359795Z ncm-platform-flink-kubernetes-operator-5cb9ccc496-rlh64.k8soperator.ncm-sc.ncm-platform-flink-kubernetes-operator.namespace.ncm-sc.FlinkDeployment.ResourceUsage.Cpu: 3.25
2026-10-01T07:00:53.078371348Z ncm-platform-flink-kubernetes-operator-5cb9ccc496-rlh64.k8soperator.ncm-sc.ncm-platform-flink-kubernetes-operator.namespace.ncm-sc.FlinkDeployment.Lifecycle.State.ROLLING_BACK.Count: 0
2026-10-01T07:00:53.078375274Z ncm-platform-flink-kubernetes-operator-5cb9ccc496-rlh64.k8soperator.ncm-sc.ncm-platform-flink-kubernetes-operator.system.Status.JVM.Memory.Mapped.Count: 0
2026-10-01T07:00:53.078378788Z ncm-platform-flink-kubernetes-operator-5cb9ccc496-rlh64.k8soperator.ncm-sc.ncm-platform-flink-kubernetes-operator.namespace.ncm-sc.FlinkSessionJob.Lifecycle.State.DELETING.Count: 0
2026-10-01T07:00:53.078386826Z ncm-platform-flink-kubernetes-operator-5cb9ccc496-rlh64.k8soperator.ncm-sc.ncm-platform-flink-kubernetes-operator.system.Status.JVM.Memory.Heap.Max: 259522560
2026-10-01T07:00:53.078390479Z ncm-platform-flink-kubernetes-operator-5cb9ccc496-rlh64.k8soperator.ncm-sc.ncm-platform-flink-kubernetes-operator.system.Status.JVM.Threads.Count: 72
2026-10-01T07:00:53.078393663Z ncm-platform-flink-kubernetes-operator-5cb9ccc496-rlh64.k8soperator.ncm-sc.ncm-platform-flink-kubernetes-operator.namespace.ncm-sc.FlinkDeployment.JmDeploymentStatus.READY.Count: 1
2026-10-01T07:00:53.078396883Z ncm-platform-flink-kubernetes-operator-5cb9ccc496-rlh64.k8soperator.ncm-sc.ncm-platform-flink-kubernetes-operator.namespace.ncm-sc.FlinkSessionJob.Count: 1
2026-10-01T07:00:53.078400040Z ncm-platform-flink-kubernetes-operator-5cb9ccc496-rlh64.k8soperator.ncm-sc.ncm-platform-flink-kubernetes-operator.namespace.ncm-sc.FlinkDeployment.Lifecycle.State.UPGRADING.Count: 0
2026-10-01T07:00:53.078403475Z ncm-platform-flink-kubernetes-operator-5cb9ccc496-rlh64.k8soperator.ncm-sc.ncm-platform-flink-kubernetes-operator.namespace.ncm-sc.FlinkDeployment.Lifecycle.State.DELETED.Count: 0
2026-10-01T07:00:53.078407064Z ncm-platform-flink-kubernetes-operator-5cb9ccc496-rlh64.k8soperator.ncm-sc.ncm-platform-flink-kubernetes-operator.system.Status.JVM.Memory.Heap.Committed: 129921024
2026-10-01T07:00:53.078410679Z ncm-platform-flink-kubernetes-operator-5cb9ccc496-rlh64.k8soperator.ncm-sc.ncm-platform-flink-kubernetes-operator.namespace.ncm-sc.FlinkDeployment.Lifecycle.State.DELETING.Count: 0
2026-10-01T07:00:53.078414147Z ncm-platform-flink-kubernetes-operator-5cb9ccc496-rlh64.k8soperator.ncm-sc.ncm-platform-flink-kubernetes-operator.namespace.ncm-sc.FlinkSessionJob.Lifecycle.State.SUSPENDED.Count: 0
2026-10-01T07:00:53.078417412Z ncm-platform-flink-kubernetes-operator-5cb9ccc496-rlh64.k8soperator.ncm-sc.ncm-platform-flink-kubernetes-operator.system.Status.JVM.Memory.Direct.Count: 16
2026-10-01T07:00:53.078420682Z ncm-platform-flink-kubernetes-operator-5cb9ccc496-rlh64.k8soperator.ncm-sc.ncm-platform-flink-kubernetes-operator.system.Status.JVM.Memory.Mapped.MemoryUsed: 0
2026-10-01T07:00:53.078430818Z ncm-platform-flink-kubernetes-operator-5cb9ccc496-rlh64.k8soperator.ncm-sc.ncm-platform-flink-kubernetes-operator.namespace.ncm-sc.FlinkSessionJob.Lifecycle.State.STABLE.Count: 1
2026-10-01T07:00:53.078435029Z ncm-platform-flink-kubernetes-operator-5cb9ccc496-rlh64.k8soperator.ncm-sc.ncm-platform-flink-kubernetes-operator.namespace.ncm-sc.FlinkDeployment.JmDeploymentStatus.DEPLOYED_NOT_READY.Count: 0
2026-10-01T07:00:53.078438977Z ncm-platform-flink-kubernetes-operator-5cb9ccc496-rlh64.k8soperator.ncm-sc.ncm-platform-flink-kubernetes-operator.namespace.ncm-sc.FlinkDeployment.JmDeploymentStatus.MISSING.Count: 0
2026-10-01T07:00:53.078442509Z ncm-platform-flink-kubernetes-operator-5cb9ccc496-rlh64.k8soperator.ncm-sc.ncm-platform-flink-kubernetes-operator.system.Status.JVM.GarbageCollector.All.Count: 9633
2026-10-01T07:00:53.078450925Z ncm-platform-flink-kubernetes-operator-5cb9ccc496-rlh64.k8soperator.ncm-sc.ncm-platform-flink-kubernetes-operator.system.Status.JVM.GarbageCollector.MarkSweepCompact.Count: 665
2026-10-01T07:00:53.078455796Z ncm-platform-flink-kubernetes-operator-5cb9ccc496-rlh64.k8soperator.ncm-sc.ncm-platform-flink-kubernetes-operator.namespace.ncm-sc.FlinkSessionJob.Lifecycle.State.UPGRADING.Count: 0
2026-10-01T07:00:53.078459177Z ncm-platform-flink-kubernetes-operator-5cb9ccc496-rlh64.k8soperator.ncm-sc.ncm-platform-flink-kubernetes-operator.namespace.ncm-sc.FlinkSessionJob.Lifecycle.State.ROLLING_BACK.Count: 0
2026-10-01T07:00:53.078462518Z ncm-platform-flink-kubernetes-operator-5cb9ccc496-rlh64.k8soperator.ncm-sc.ncm-platform-flink-kubernetes-operator.system.Status.JVM.GarbageCollector.All.Time: 134847
2026-10-01T07:00:53.078465832Z ncm-platform-flink-kubernetes-operator-5cb9ccc496-rlh64.k8soperator.ncm-sc.ncm-platform-flink-kubernetes-operator.system.Status.JVM.Memory.Metaspace.Used: 78783792
2026-10-01T07:00:53.078469515Z ncm-platform-flink-kubernetes-operator-5cb9ccc496-rlh64.k8soperator.ncm-sc.ncm-platform-flink-kubernetes-operator.system.Status.JVM.GarbageCollector.MarkSweepCompact.Time: 98125
2026-10-01T07:00:53.078472828Z ncm-platform-flink-kubernetes-operator-5cb9ccc496-rlh64.k8soperator.ncm-sc.ncm-platform-flink-kubernetes-operator.system.Status.JVM.Memory.Mapped.TotalCapacity: 0
2026-10-01T07:00:53.078476187Z ncm-platform-flink-kubernetes-operator-5cb9ccc496-rlh64.k8soperator.ncm-sc.ncm-platform-flink-kubernetes-operator.system.Status.JVM.Memory.NonHeap.Used: 131827136
2026-10-01T07:00:53.078479574Z ncm-platform-flink-kubernetes-operator-5cb9ccc496-rlh64.k8soperator.ncm-sc.ncm-platform-flink-kubernetes-operator.namespace.ncm-sc.FlinkDeployment.FlinkVersion.2_1_1.Count: 1
2026-10-01T07:00:53.078483124Z ncm-platform-flink-kubernetes-operator-5cb9ccc496-rlh64.k8soperator.ncm-sc.ncm-platform-flink-kubernetes-operator.namespace.ncm-sc.FlinkDeployment.Lifecycle.State.CREATED.Count: 0
2026-10-01T07:00:53.078486625Z ncm-platform-flink-kubernetes-operator-5cb9ccc496-rlh64.k8soperator.ncm-sc.ncm-platform-flink-kubernetes-operator.namespace.ncm-sc.FlinkSessionJob.Lifecycle.State.ROLLED_BACK.Count: 0
2026-10-01T07:00:53.078490097Z ncm-platform-flink-kubernetes-operator-5cb9ccc496-rlh64.k8soperator.ncm-sc.ncm-platform-flink-kubernetes-operator.system.Status.JVM.Memory.Direct.MemoryUsed: 8466053
2026-10-01T07:00:53.078493695Z ncm-platform-flink-kubernetes-operator-5cb9ccc496-rlh64.k8soperator.ncm-sc.ncm-platform-flink-kubernetes-operator.namespace.ncm-sc.FlinkDeployment.Count: 1
2026-10-01T07:00:53.078497125Z ncm-platform-flink-kubernetes-operator-5cb9ccc496-rlh64.k8soperator.ncm-sc.ncm-platform-flink-kubernetes-operator.namespace.ncm-sc.FlinkDeployment.ResourceUsage.StateSize: 0
2026-10-01T07:00:53.078500291Z 
2026-10-01T07:00:53.078503847Z -- Meters ---------------------------------------------------------------------
2026-10-01T07:00:53.078507457Z ncm-platform-flink-kubernetes-operator-5cb9ccc496-rlh64.k8soperator.ncm-sc.ncm-platform-flink-kubernetes-operator.system.KubeClient.HttpRequest.NumPerSecond: 0.05
2026-10-01T07:00:53.078510811Z ncm-platform-flink-kubernetes-operator-5cb9ccc496-rlh64.k8soperator.ncm-sc.ncm-platform-flink-kubernetes-operator.system.KubeClient.HttpResponse.201.NumPerSecond: 0.0
2026-10-01T07:00:53.078514215Z ncm-platform-flink-kubernetes-operator-5cb9ccc496-rlh64.k8soperator.ncm-sc.ncm-platform-flink-kubernetes-operator.system.KubeClient.HttpRequest.Failed.NumPerSecond: 0.0
2026-10-01T07:00:53.078517752Z ncm-platform-flink-kubernetes-operator-5cb9ccc496-rlh64.k8soperator.ncm-sc.ncm-platform-flink-kubernetes-operator.system.KubeClient.HttpResponse.429.NumPerSecond: 0.0
2026-10-01T07:00:53.078525832Z ncm-platform-flink-kubernetes-operator-5cb9ccc496-rlh64.k8soperator.ncm-sc.ncm-platform-flink-kubernetes-operator.system.Status.JVM.GarbageCollector.Copy.TimeMsPerSecond: 0.0
2026-10-01T07:00:53.078535735Z ncm-platform-flink-kubernetes-operator-5cb9ccc496-rlh64.k8soperator.ncm-sc.ncm-platform-flink-kubernetes-operator.system.Status.JVM.GarbageCollector.MarkSweepCompact.TimeMsPerSecond: 0.0
2026-10-01T07:00:53.078539385Z ncm-platform-flink-kubernetes-operator-5cb9ccc496-rlh64.k8soperator.ncm-sc.ncm-platform-flink-kubernetes-operator.system.KubeClient.HttpResponse.404.NumPerSecond: 0.0
2026-10-01T07:00:53.078543248Z ncm-platform-flink-kubernetes-operator-5cb9ccc496-rlh64.k8soperator.ncm-sc.ncm-platform-flink-kubernetes-operator.system.KubeClient.HttpResponse.200.NumPerSecond: 0.0
2026-10-01T07:00:53.078545579Z ncm-platform-flink-kubernetes-operator-5cb9ccc496-rlh64.k8soperator.ncm-sc.ncm-platform-flink-kubernetes-operator.system.KubeClient.HttpResponse.101.NumPerSecond: 0.05
2026-10-01T07:00:53.078548134Z ncm-platform-flink-kubernetes-operator-5cb9ccc496-rlh64.k8soperator.ncm-sc.ncm-platform-flink-kubernetes-operator.system.KubeClient.HttpResponse.409.NumPerSecond: 0.0
2026-10-01T07:00:53.078550320Z ncm-platform-flink-kubernetes-operator-5cb9ccc496-rlh64.k8soperator.ncm-sc.ncm-platform-flink-kubernetes-operator.system.Status.JVM.GarbageCollector.All.TimeMsPerSecond: 0.0
2026-10-01T07:00:53.078552321Z ncm-platform-flink-kubernetes-operator-5cb9ccc496-rlh64.k8soperator.ncm-sc.ncm-platform-flink-kubernetes-operator.system.KubeClient.HttpResponse.NumPerSecond: 0.05
2026-10-01T07:00:53.078554205Z 
2026-10-01T07:00:53.078556609Z -- Histograms ---------------------------------------------------------------------
2026-10-01T07:00:53.078559110Z ncm-platform-flink-kubernetes-operator-5cb9ccc496-rlh64.k8soperator.ncm-sc.ncm-platform-flink-kubernetes-operator.namespace.ncm-sc.FlinkSessionJob.Lifecycle.Transition.Suspend.TimeSeconds: count=0, min=0, max=0, mean=NaN, stddev=NaN, p50=NaN, p75=NaN, p95=NaN, p98=NaN, p99=NaN, p999=NaN
2026-10-01T07:00:53.078561431Z ncm-platform-flink-kubernetes-operator-5cb9ccc496-rlh64.k8soperator.ncm-sc.ncm-platform-flink-kubernetes-operator.system.FlinkDeployment.Lifecycle.State.STABLE.TimeSeconds: count=0, min=0, max=0, mean=NaN, stddev=NaN, p50=NaN, p75=NaN, p95=NaN, p98=NaN, p99=NaN, p999=NaN
2026-10-01T07:00:53.078563885Z ncm-platform-flink-kubernetes-operator-5cb9ccc496-rlh64.k8soperator.ncm-sc.ncm-platform-flink-kubernetes-operator.system.FlinkDeployment.Lifecycle.Transition.Resume.TimeSeconds: count=0, min=0, max=0, mean=NaN, stddev=NaN, p50=NaN, p75=NaN, p95=NaN, p98=NaN, p99=NaN, p999=NaN
2026-10-01T07:00:53.078566300Z ncm-platform-flink-kubernetes-operator-5cb9ccc496-rlh64.k8soperator.ncm-sc.ncm-platform-flink-kubernetes-operator.namespace.ncm-sc.FlinkSessionJob.Lifecycle.State.DEPLOYED.TimeSeconds: count=1, min=31, max=31, mean=31.0, stddev=0.0, p50=31.0, p75=31.0, p95=31.0, p98=31.0, p99=31.0, p999=31.0
2026-10-01T07:00:53.078568445Z ncm-platform-flink-kubernetes-operator-5cb9ccc496-rlh64.k8soperator.ncm-sc.ncm-platform-flink-kubernetes-operator.namespace.ncm-sc.FlinkSessionJob.Lifecycle.State.UPGRADING.TimeSeconds: count=1, min=0, max=0, mean=0.0, stddev=0.0, p50=0.0, p75=0.0, p95=0.0, p98=0.0, p99=0.0, p999=0.0
2026-10-01T07:00:53.078570502Z ncm-platform-flink-kubernetes-operator-5cb9ccc496-rlh64.k8soperator.ncm-sc.ncm-platform-flink-kubernetes-operator.namespace.ncm-sc.FlinkSessionJob.Lifecycle.State.FAILED.TimeSeconds: count=0, min=0, max=0, mean=NaN, stddev=NaN, p50=NaN, p75=NaN, p95=NaN, p98=NaN, p99=NaN, p999=NaN
2026-10-01T07:00:53.078572578Z ncm-platform-flink-kubernetes-operator-5cb9ccc496-rlh64.k8soperator.ncm-sc.ncm-platform-flink-kubernetes-operator.namespace.ncm-sc.FlinkDeployment.Lifecycle.Transition.Submission.TimeSeconds: count=1, min=4, max=4, mean=4.0, stddev=0.0, p50=4.0, p75=4.0, p95=4.0, p98=4.0, p99=4.0, p999=4.0
2026-10-01T07:00:53.078577408Z ncm-platform-flink-kubernetes-operator-5cb9ccc496-rlh64.k8soperator.ncm-sc.ncm-platform-flink-kubernetes-operator.system.FlinkDeployment.Lifecycle.State.CREATED.TimeSeconds: count=1, min=5, max=5, mean=5.0, stddev=0.0, p50=5.0, p75=5.0, p95=5.0, p98=5.0, p99=5.0, p999=5.0
2026-10-01T07:00:53.078579583Z ncm-platform-flink-kubernetes-operator-5cb9ccc496-rlh64.k8soperator.ncm-sc.ncm-platform-flink-kubernetes-operator.system.FlinkSessionJob.Lifecycle.Transition.Rollback.TimeSeconds: count=0, min=0, max=0, mean=NaN, stddev=NaN, p50=NaN, p75=NaN, p95=NaN, p98=NaN, p99=NaN, p999=NaN
2026-10-01T07:00:53.078581772Z ncm-platform-flink-kubernetes-operator-5cb9ccc496-rlh64.k8soperator.ncm-sc.ncm-platform-flink-kubernetes-operator.system.FlinkDeployment.Lifecycle.State.SUSPENDED.TimeSeconds: count=0, min=0, max=0, mean=NaN, stddev=NaN, p50=NaN, p75=NaN, p95=NaN, p98=NaN, p99=NaN, p999=NaN
2026-10-01T07:00:53.078588154Z ncm-platform-flink-kubernetes-operator-5cb9ccc496-rlh64.k8soperator.ncm-sc.ncm-platform-flink-kubernetes-operator.system.FlinkDeployment.Lifecycle.Transition.Submission.TimeSeconds: count=1, min=4, max=4, mean=4.0, stddev=0.0, p50=4.0, p75=4.0, p95=4.0, p98=4.0, p99=4.0, p999=4.0
2026-10-01T07:00:53.078590388Z ncm-platform-flink-kubernetes-operator-5cb9ccc496-rlh64.k8soperator.ncm-sc.ncm-platform-flink-kubernetes-operator.namespace.ncm-sc.FlinkDeployment.Lifecycle.State.ROLLED_BACK.TimeSeconds: count=0, min=0, max=0, mean=NaN, stddev=NaN, p50=NaN, p75=NaN, p95=NaN, p98=NaN, p99=NaN, p999=NaN
2026-10-01T07:00:53.078592382Z ncm-platform-flink-kubernetes-operator-5cb9ccc496-rlh64.k8soperator.ncm-sc.ncm-platform-flink-kubernetes-operator.namespace.ncm-sc.FlinkDeployment.Lifecycle.State.SUSPENDED.TimeSeconds: count=0, min=0, max=0, mean=NaN, stddev=NaN, p50=NaN, p75=NaN, p95=NaN, p98=NaN, p99=NaN, p999=NaN
2026-10-01T07:00:53.078594655Z ncm-platform-flink-kubernetes-operator-5cb9ccc496-rlh64.k8soperator.ncm-sc.ncm-platform-flink-kubernetes-operator.namespace.ncm-sc.FlinkSessionJob.Lifecycle.State.ROLLED_BACK.TimeSeconds: count=0, min=0, max=0, mean=NaN, stddev=NaN, p50=NaN, p75=NaN, p95=NaN, p98=NaN, p99=NaN, p999=NaN
2026-10-01T07:00:53.078597987Z ncm-platform-flink-kubernetes-operator-5cb9ccc496-rlh64.k8soperator.ncm-sc.ncm-platform-flink-kubernetes-operator.namespace.ncm-sc.FlinkDeployment.Lifecycle.Transition.Stabilization.TimeSeconds: count=1, min=64, max=64, mean=64.0, stddev=0.0, p50=64.0, p75=64.0, p95=64.0, p98=64.0, p99=64.0, p999=64.0
2026-10-01T07:00:53.078601405Z ncm-platform-flink-kubernetes-operator-5cb9ccc496-rlh64.k8soperator.ncm-sc.ncm-platform-flink-kubernetes-operator.namespace.ncm-sc.FlinkDeployment.Lifecycle.Transition.Suspend.TimeSeconds: count=0, min=0, max=0, mean=NaN, stddev=NaN, p50=NaN, p75=NaN, p95=NaN, p98=NaN, p99=NaN, p999=NaN
2026-10-01T07:00:53.078604586Z ncm-platform-flink-kubernetes-operator-5cb9ccc496-rlh64.k8soperator.ncm-sc.ncm-platform-flink-kubernetes-operator.namespace.ncm-sc.FlinkSessionJob.Lifecycle.Transition.Rollback.TimeSeconds: count=0, min=0, max=0, mean=NaN, stddev=NaN, p50=NaN, p75=NaN, p95=NaN, p98=NaN, p99=NaN, p999=NaN
2026-10-01T07:00:53.078609461Z ncm-platform-flink-kubernetes-operator-5cb9ccc496-rlh64.k8soperator.ncm-sc.ncm-platform-flink-kubernetes-operator.system.FlinkDeployment.Lifecycle.State.DELETED.TimeSeconds: count=0, min=0, max=0, mean=NaN, stddev=NaN, p50=NaN, p75=NaN, p95=NaN, p98=NaN, p99=NaN, p999=NaN
2026-10-01T07:00:53.078612766Z ncm-platform-flink-kubernetes-operator-5cb9ccc496-rlh64.k8soperator.ncm-sc.ncm-platform-flink-kubernetes-operator.system.FlinkDeployment.Lifecycle.State.ROLLED_BACK.TimeSeconds: count=0, min=0, max=0, mean=NaN, stddev=NaN, p50=NaN, p75=NaN, p95=NaN, p98=NaN, p99=NaN, p999=NaN
2026-10-01T07:00:53.078616049Z ncm-platform-flink-kubernetes-operator-5cb9ccc496-rlh64.k8soperator.ncm-sc.ncm-platform-flink-kubernetes-operator.namespace.ncm-sc.FlinkDeployment.Lifecycle.State.ROLLING_BACK.TimeSeconds: count=0, min=0, max=0, mean=NaN, stddev=NaN, p50=NaN, p75=NaN, p95=NaN, p98=NaN, p99=NaN, p999=NaN
2026-10-01T07:00:53.078622114Z ncm-platform-flink-kubernetes-operator-5cb9ccc496-rlh64.k8soperator.ncm-sc.ncm-platform-flink-kubernetes-operator.system.FlinkDeployment.Lifecycle.State.DEPLOYED.TimeSeconds: count=1, min=64, max=64, mean=64.0, stddev=0.0, p50=64.0, p75=64.0, p95=64.0, p98=64.0, p99=64.0, p999=64.0
2026-10-01T07:00:53.078625346Z ncm-platform-flink-kubernetes-operator-5cb9ccc496-rlh64.k8soperator.ncm-sc.ncm-platform-flink-kubernetes-operator.system.FlinkSessionJob.Lifecycle.Transition.Suspend.TimeSeconds: count=0, min=0, max=0, mean=NaN, stddev=NaN, p50=NaN, p75=NaN, p95=NaN, p98=NaN, p99=NaN, p999=NaN
2026-10-01T07:00:53.078628699Z ncm-platform-flink-kubernetes-operator-5cb9ccc496-rlh64.k8soperator.ncm-sc.ncm-platform-flink-kubernetes-operator.namespace.ncm-sc.FlinkDeployment.Lifecycle.State.FAILED.TimeSeconds: count=0, min=0, max=0, mean=NaN, stddev=NaN, p50=NaN, p75=NaN, p95=NaN, p98=NaN, p99=NaN, p999=NaN
2026-10-01T07:00:53.078632065Z ncm-platform-flink-kubernetes-operator-5cb9ccc496-rlh64.k8soperator.ncm-sc.ncm-platform-flink-kubernetes-operator.system.FlinkDeployment.Lifecycle.Transition.Suspend.TimeSeconds: count=0, min=0, max=0, mean=NaN, stddev=NaN, p50=NaN, p75=NaN, p95=NaN, p98=NaN, p99=NaN, p999=NaN
2026-10-01T07:00:53.078641710Z ncm-platform-flink-kubernetes-operator-5cb9ccc496-rlh64.k8soperator.ncm-sc.ncm-platform-flink-kubernetes-operator.system.FlinkSessionJob.Lifecycle.State.DEPLOYED.TimeSeconds: count=1, min=31, max=31, mean=31.0, stddev=0.0, p50=31.0, p75=31.0, p95=31.0, p98=31.0, p99=31.0, p999=31.0
2026-10-01T07:00:53.078645488Z ncm-platform-flink-kubernetes-operator-5cb9ccc496-rlh64.k8soperator.ncm-sc.ncm-platform-flink-kubernetes-operator.system.FlinkDeployment.Lifecycle.State.DELETING.TimeSeconds: count=0, min=0, max=0, mean=NaN, stddev=NaN, p50=NaN, p75=NaN, p95=NaN, p98=NaN, p99=NaN, p999=NaN
2026-10-01T07:00:53.078649010Z ncm-platform-flink-kubernetes-operator-5cb9ccc496-rlh64.k8soperator.ncm-sc.ncm-platform-flink-kubernetes-operator.system.FlinkDeployment.Lifecycle.Transition.Upgrade.TimeSeconds: count=0, min=0, max=0, mean=NaN, stddev=NaN, p50=NaN, p75=NaN, p95=NaN, p98=NaN, p99=NaN, p999=NaN
2026-10-01T07:00:53.078654320Z ncm-platform-flink-kubernetes-operator-5cb9ccc496-rlh64.k8soperator.ncm-sc.ncm-platform-flink-kubernetes-operator.system.FlinkSessionJob.Lifecycle.Transition.Submission.TimeSeconds: count=1, min=26, max=26, mean=26.0, stddev=0.0, p50=26.0, p75=26.0, p95=26.0, p98=26.0, p99=26.0, p999=26.0
2026-10-01T07:00:53.078658154Z ncm-platform-flink-kubernetes-operator-5cb9ccc496-rlh64.k8soperator.ncm-sc.ncm-platform-flink-kubernetes-operator.namespace.ncm-sc.FlinkSessionJob.Lifecycle.Transition.Submission.TimeSeconds: count=1, min=26, max=26, mean=26.0, stddev=0.0, p50=26.0, p75=26.0, p95=26.0, p98=26.0, p99=26.0, p999=26.0
2026-10-01T07:00:53.078661780Z ncm-platform-flink-kubernetes-operator-5cb9ccc496-rlh64.k8soperator.ncm-sc.ncm-platform-flink-kubernetes-operator.namespace.ncm-sc.FlinkSessionJob.Lifecycle.Transition.Stabilization.TimeSeconds: count=1, min=31, max=31, mean=31.0, stddev=0.0, p50=31.0, p75=31.0, p95=31.0, p98=31.0, p99=31.0, p999=31.0
2026-10-01T07:00:53.078665220Z ncm-platform-flink-kubernetes-operator-5cb9ccc496-rlh64.k8soperator.ncm-sc.ncm-platform-flink-kubernetes-operator.system.FlinkSessionJob.Lifecycle.State.DELETING.TimeSeconds: count=0, min=0, max=0, mean=NaN, stddev=NaN, p50=NaN, p75=NaN, p95=NaN, p98=NaN, p99=NaN, p999=NaN
2026-10-01T07:00:53.078668764Z ncm-platform-flink-kubernetes-operator-5cb9ccc496-rlh64.k8soperator.ncm-sc.ncm-platform-flink-kubernetes-operator.namespace.ncm-sc.FlinkSessionJob.Lifecycle.Transition.Resume.TimeSeconds: count=0, min=0, max=0, mean=NaN, stddev=NaN, p50=NaN, p75=NaN, p95=NaN, p98=NaN, p99=NaN, p999=NaN
2026-10-01T07:00:53.078672321Z ncm-platform-flink-kubernetes-operator-5cb9ccc496-rlh64.k8soperator.ncm-sc.ncm-platform-flink-kubernetes-operator.namespace.ncm-sc.FlinkSessionJob.Lifecycle.State.SUSPENDED.TimeSeconds: count=0, min=0, max=0, mean=NaN, stddev=NaN, p50=NaN, p75=NaN, p95=NaN, p98=NaN, p99=NaN, p999=NaN
2026-10-01T07:00:53.078683303Z ncm-platform-flink-kubernetes-operator-5cb9ccc496-rlh64.k8soperator.ncm-sc.ncm-platform-flink-kubernetes-operator.system.FlinkSessionJob.Lifecycle.State.ROLLING_BACK.TimeSeconds: count=0, min=0, max=0, mean=NaN, stddev=NaN, p50=NaN, p75=NaN, p95=NaN, p98=NaN, p99=NaN, p999=NaN
2026-10-01T07:00:53.078687387Z ncm-platform-flink-kubernetes-operator-5cb9ccc496-rlh64.k8soperator.ncm-sc.ncm-platform-flink-kubernetes-operator.namespace.ncm-sc.FlinkSessionJob.Lifecycle.State.DELETING.TimeSeconds: count=0, min=0, max=0, mean=NaN, stddev=NaN, p50=NaN, p75=NaN, p95=NaN, p98=NaN, p99=NaN, p999=NaN
2026-10-01T07:00:53.078690960Z ncm-platform-flink-kubernetes-operator-5cb9ccc496-rlh64.k8soperator.ncm-sc.ncm-platform-flink-kubernetes-operator.namespace.ncm-sc.FlinkDeployment.Lifecycle.State.CREATED.TimeSeconds: count=1, min=5, max=5, mean=5.0, stddev=0.0, p50=5.0, p75=5.0, p95=5.0, p98=5.0, p99=5.0, p999=5.0
2026-10-01T07:00:53.078694312Z ncm-platform-flink-kubernetes-operator-5cb9ccc496-rlh64.k8soperator.ncm-sc.ncm-platform-flink-kubernetes-operator.system.FlinkSessionJob.Lifecycle.Transition.Resume.TimeSeconds: count=0, min=0, max=0, mean=NaN, stddev=NaN, p50=NaN, p75=NaN, p95=NaN, p98=NaN, p99=NaN, p999=NaN
2026-10-01T07:00:53.078697414Z ncm-platform-flink-kubernetes-operator-5cb9ccc496-rlh64.k8soperator.ncm-sc.ncm-platform-flink-kubernetes-operator.system.FlinkSessionJob.Lifecycle.State.SUSPENDED.TimeSeconds: count=0, min=0, max=0, mean=NaN, stddev=NaN, p50=NaN, p75=NaN, p95=NaN, p98=NaN, p99=NaN, p999=NaN
2026-10-01T07:00:53.078708495Z ncm-platform-flink-kubernetes-operator-5cb9ccc496-rlh64.k8soperator.ncm-sc.ncm-platform-flink-kubernetes-operator.namespace.ncm-sc.FlinkSessionJob.Lifecycle.State.CREATED.TimeSeconds: count=1, min=72, max=72, mean=72.0, stddev=0.0, p50=72.0, p75=72.0, p95=72.0, p98=72.0, p99=72.0, p999=72.0
2026-10-01T07:00:53.078712252Z ncm-platform-flink-kubernetes-operator-5cb9ccc496-rlh64.k8soperator.ncm-sc.ncm-platform-flink-kubernetes-operator.namespace.ncm-sc.FlinkDeployment.Lifecycle.Transition.Upgrade.TimeSeconds: count=0, min=0, max=0, mean=NaN, stddev=NaN, p50=NaN, p75=NaN, p95=NaN, p98=NaN, p99=NaN, p999=NaN
2026-10-01T07:00:53.078715648Z ncm-platform-flink-kubernetes-operator-5cb9ccc496-rlh64.k8soperator.ncm-sc.ncm-platform-flink-kubernetes-operator.namespace.ncm-sc.FlinkDeployment.Lifecycle.State.STABLE.TimeSeconds: count=0, min=0, max=0, mean=NaN, stddev=NaN, p50=NaN, p75=NaN, p95=NaN, p98=NaN, p99=NaN, p999=NaN
2026-10-01T07:00:53.078718981Z ncm-platform-flink-kubernetes-operator-5cb9ccc496-rlh64.k8soperator.ncm-sc.ncm-platform-flink-kubernetes-operator.system.FlinkDeployment.Lifecycle.Transition.Rollback.TimeSeconds: count=0, min=0, max=0, mean=NaN, stddev=NaN, p50=NaN, p75=NaN, p95=NaN, p98=NaN, p99=NaN, p999=NaN
2026-10-01T07:00:53.078722570Z ncm-platform-flink-kubernetes-operator-5cb9ccc496-rlh64.k8soperator.ncm-sc.ncm-platform-flink-kubernetes-operator.namespace.ncm-sc.FlinkDeployment.Lifecycle.State.DEPLOYED.TimeSeconds: count=1, min=64, max=64, mean=64.0, stddev=0.0, p50=64.0, p75=64.0, p95=64.0, p98=64.0, p99=64.0, p999=64.0
2026-10-01T07:00:53.078726245Z ncm-platform-flink-kubernetes-operator-5cb9ccc496-rlh64.k8soperator.ncm-sc.ncm-platform-flink-kubernetes-operator.namespace.ncm-sc.FlinkSessionJob.Lifecycle.State.ROLLING_BACK.TimeSeconds: count=0, min=0, max=0, mean=NaN, stddev=NaN, p50=NaN, p75=NaN, p95=NaN, p98=NaN, p99=NaN, p999=NaN
2026-10-01T07:00:53.078729632Z ncm-platform-flink-kubernetes-operator-5cb9ccc496-rlh64.k8soperator.ncm-sc.ncm-platform-flink-kubernetes-operator.system.FlinkDeployment.Lifecycle.State.FAILED.TimeSeconds: count=0, min=0, max=0, mean=NaN, stddev=NaN, p50=NaN, p75=NaN, p95=NaN, p98=NaN, p99=NaN, p999=NaN
2026-10-01T07:00:53.078742801Z ncm-platform-flink-kubernetes-operator-5cb9ccc496-rlh64.k8soperator.ncm-sc.ncm-platform-flink-kubernetes-operator.namespace.ncm-sc.FlinkDeployment.Lifecycle.Transition.Rollback.TimeSeconds: count=0, min=0, max=0, mean=NaN, stddev=NaN, p50=NaN, p75=NaN, p95=NaN, p98=NaN, p99=NaN, p999=NaN
2026-10-01T07:00:53.078746249Z ncm-platform-flink-kubernetes-operator-5cb9ccc496-rlh64.k8soperator.ncm-sc.ncm-platform-flink-kubernetes-operator.system.FlinkSessionJob.Lifecycle.State.FAILED.TimeSeconds: count=0, min=0, max=0, mean=NaN, stddev=NaN, p50=NaN, p75=NaN, p95=NaN, p98=NaN, p99=NaN, p999=NaN
2026-10-01T07:00:53.078749499Z ncm-platform-flink-kubernetes-operator-5cb9ccc496-rlh64.k8soperator.ncm-sc.ncm-platform-flink-kubernetes-operator.system.FlinkSessionJob.Lifecycle.State.CREATED.TimeSeconds: count=1, min=72, max=72, mean=72.0, stddev=0.0, p50=72.0, p75=72.0, p95=72.0, p98=72.0, p99=72.0, p999=72.0
2026-10-01T07:00:53.078756004Z ncm-platform-flink-kubernetes-operator-5cb9ccc496-rlh64.k8soperator.ncm-sc.ncm-platform-flink-kubernetes-operator.system.FlinkSessionJob.Lifecycle.State.DELETED.TimeSeconds: count=0, min=0, max=0, mean=NaN, stddev=NaN, p50=NaN, p75=NaN, p95=NaN, p98=NaN, p99=NaN, p999=NaN
2026-10-01T07:00:53.078759232Z ncm-platform-flink-kubernetes-operator-5cb9ccc496-rlh64.k8soperator.ncm-sc.ncm-platform-flink-kubernetes-operator.system.FlinkDeployment.Lifecycle.Transition.Stabilization.TimeSeconds: count=1, min=64, max=64, mean=64.0, stddev=0.0, p50=64.0, p75=64.0, p95=64.0, p98=64.0, p99=64.0, p999=64.0
2026-10-01T07:00:53.078762661Z ncm-platform-flink-kubernetes-operator-5cb9ccc496-rlh64.k8soperator.ncm-sc.ncm-platform-flink-kubernetes-operator.system.FlinkSessionJob.Lifecycle.Transition.Upgrade.TimeSeconds: count=0, min=0, max=0, mean=NaN, stddev=NaN, p50=NaN, p75=NaN, p95=NaN, p98=NaN, p99=NaN, p999=NaN
2026-10-01T07:00:53.078767439Z ncm-platform-flink-kubernetes-operator-5cb9ccc496-rlh64.k8soperator.ncm-sc.ncm-platform-flink-kubernetes-operator.namespace.ncm-sc.FlinkDeployment.Lifecycle.State.DELETING.TimeSeconds: count=0, min=0, max=0, mean=NaN, stddev=NaN, p50=NaN, p75=NaN, p95=NaN, p98=NaN, p99=NaN, p999=NaN
2026-10-01T07:00:53.078775095Z ncm-platform-flink-kubernetes-operator-5cb9ccc496-rlh64.k8soperator.ncm-sc.ncm-platform-flink-kubernetes-operator.system.FlinkSessionJob.Lifecycle.State.ROLLED_BACK.TimeSeconds: count=0, min=0, max=0, mean=NaN, stddev=NaN, p50=NaN, p75=NaN, p95=NaN, p98=NaN, p99=NaN, p999=NaN
2026-10-01T07:00:53.078777454Z ncm-platform-flink-kubernetes-operator-5cb9ccc496-rlh64.k8soperator.ncm-sc.ncm-platform-flink-kubernetes-operator.namespace.ncm-sc.FlinkDeployment.Lifecycle.Transition.Resume.TimeSeconds: count=0, min=0, max=0, mean=NaN, stddev=NaN, p50=NaN, p75=NaN, p95=NaN, p98=NaN, p99=NaN, p999=NaN
2026-10-01T07:00:53.078779582Z ncm-platform-flink-kubernetes-operator-5cb9ccc496-rlh64.k8soperator.ncm-sc.ncm-platform-flink-kubernetes-operator.namespace.ncm-sc.FlinkDeployment.Lifecycle.State.UPGRADING.TimeSeconds: count=1, min=0, max=0, mean=0.0, stddev=0.0, p50=0.0, p75=0.0, p95=0.0, p98=0.0, p99=0.0, p999=0.0
2026-10-01T07:00:53.078781553Z ncm-platform-flink-kubernetes-operator-5cb9ccc496-rlh64.k8soperator.ncm-sc.ncm-platform-flink-kubernetes-operator.system.FlinkSessionJob.Lifecycle.State.UPGRADING.TimeSeconds: count=1, min=0, max=0, mean=0.0, stddev=0.0, p50=0.0, p75=0.0, p95=0.0, p98=0.0, p99=0.0, p999=0.0
2026-10-01T07:00:53.078783536Z ncm-platform-flink-kubernetes-operator-5cb9ccc496-rlh64.k8soperator.ncm-sc.ncm-platform-flink-kubernetes-operator.namespace.ncm-sc.FlinkSessionJob.JOSDK.reconcile.resource.TimeSeconds: count=1000, min=0, max=0, mean=0.0, stddev=0.0, p50=0.0, p75=0.0, p95=0.0, p98=0.0, p99=0.0, p999=0.0
2026-10-01T07:00:53.078786860Z ncm-platform-flink-kubernetes-operator-5cb9ccc496-rlh64.k8soperator.ncm-sc.ncm-platform-flink-kubernetes-operator.system.KubeClient.HttpResponse.TimeNanos: count=1000, min=2870701, max=188643330, mean=5193211.3309999965, stddev=5943999.736718326, p50=5178627.5, p75=5767841.5, p95=6954241.349999999, p98=7474975.7, p99=9425351.610000007, p999=1.8846923077202392E8
2026-10-01T07:00:53.078793965Z ncm-platform-flink-kubernetes-operator-5cb9ccc496-rlh64.k8soperator.ncm-sc.ncm-platform-flink-kubernetes-operator.namespace.ncm-sc.FlinkSessionJob.Lifecycle.Transition.Upgrade.TimeSeconds: count=0, min=0, max=0, mean=NaN, stddev=NaN, p50=NaN, p75=NaN, p95=NaN, p98=NaN, p99=NaN, p999=NaN
2026-10-01T07:00:53.078797273Z ncm-platform-flink-kubernetes-operator-5cb9ccc496-rlh64.k8soperator.ncm-sc.ncm-platform-flink-kubernetes-operator.system.FlinkSessionJob.Lifecycle.State.STABLE.TimeSeconds: count=0, min=0, max=0, mean=NaN, stddev=NaN, p50=NaN, p75=NaN, p95=NaN, p98=NaN, p99=NaN, p999=NaN
2026-10-01T07:00:53.078800519Z ncm-platform-flink-kubernetes-operator-5cb9ccc496-rlh64.k8soperator.ncm-sc.ncm-platform-flink-kubernetes-operator.system.FlinkDeployment.Lifecycle.State.ROLLING_BACK.TimeSeconds: count=0, min=0, max=0, mean=NaN, stddev=NaN, p50=NaN, p75=NaN, p95=NaN, p98=NaN, p99=NaN, p999=NaN
2026-10-01T07:00:53.078803601Z ncm-platform-flink-kubernetes-operator-5cb9ccc496-rlh64.k8soperator.ncm-sc.ncm-platform-flink-kubernetes-operator.system.FlinkSessionJob.Lifecycle.Transition.Stabilization.TimeSeconds: count=1, min=31, max=31, mean=31.0, stddev=0.0, p50=31.0, p75=31.0, p95=31.0, p98=31.0, p99=31.0, p999=31.0
2026-10-01T07:00:53.078806747Z ncm-platform-flink-kubernetes-operator-5cb9ccc496-rlh64.k8soperator.ncm-sc.ncm-platform-flink-kubernetes-operator.namespace.ncm-sc.FlinkSessionJob.Lifecycle.State.STABLE.TimeSeconds: count=0, min=0, max=0, mean=NaN, stddev=NaN, p50=NaN, p75=NaN, p95=NaN, p98=NaN, p99=NaN, p999=NaN
2026-10-01T07:00:53.078810030Z ncm-platform-flink-kubernetes-operator-5cb9ccc496-rlh64.k8soperator.ncm-sc.ncm-platform-flink-kubernetes-operator.system.FlinkDeployment.Lifecycle.State.UPGRADING.TimeSeconds: count=1, min=0, max=0, mean=0.0, stddev=0.0, p50=0.0, p75=0.0, p95=0.0, p98=0.0, p99=0.0, p999=0.0
2026-10-01T07:00:53.078813363Z ncm-platform-flink-kubernetes-operator-5cb9ccc496-rlh64.k8soperator.ncm-sc.ncm-platform-flink-kubernetes-operator.namespace.ncm-sc.FlinkDeployment.Lifecycle.State.DELETED.TimeSeconds: count=0, min=0, max=0, mean=NaN, stddev=NaN, p50=NaN, p75=NaN, p95=NaN, p98=NaN, p99=NaN, p999=NaN
2026-10-01T07:00:53.078816561Z ncm-platform-flink-kubernetes-operator-5cb9ccc496-rlh64.k8soperator.ncm-sc.ncm-platform-flink-kubernetes-operator.namespace.ncm-sc.FlinkSessionJob.Lifecycle.State.DELETED.TimeSeconds: count=0, min=0, max=0, mean=NaN, stddev=NaN, p50=NaN, p75=NaN, p95=NaN, p98=NaN, p99=NaN, p999=NaN
2026-10-01T07:00:53.078819646Z 
2026-10-01T07:00:53.078830937Z =========================== Finished metrics report ===========================
2026-10-01T07:00:53.078834526Z 
2026-10-01T07:00:57.434864445Z [m[33m2026-10-01 07:00:57,434[m [36mo.a.f.k.o.r.d.AbstractFlinkResourceReconciler[m [32m[INFO ][ncm-sc/fsc-flink-cluster] Resource fully reconciled, nothing to do...
2026-10-01T07:00:59.935579892Z [m[33m2026-10-01 07:00:59,935[m [36mo.a.f.k.o.c.FlinkSessionJobController[m [32m[INFO ][ncm-sc/ncm-events] Starting reconciliation
2026-10-01T07:00:59.946497940Z [m[33m2026-10-01 07:00:59,946[m [36mo.a.f.k.o.r.d.AbstractFlinkResourceReconciler[m [32m[INFO ][ncm-sc/ncm-events] Resource fully reconciled, nothing to do...
2026-10-01T07:01:12.446290779Z [m[33m2026-10-01 07:01:12,446[m [36mo.a.f.k.o.r.d.AbstractFlinkResourceReconciler[m [32m[INFO ][ncm-sc/fsc-flink-cluster] Resource fully reconciled, nothing to do...
2026-10-01T07:01:14.947158995Z [m[33m2026-10-01 07:01:14,947[m [36mo.a.f.k.o.c.FlinkSessionJobController[m [32m[INFO ][ncm-sc/ncm-events] Starting reconciliation
2026-10-01T07:01:14.954429797Z [m[33m2026-10-01 07:01:14,954[m [36mo.a.f.k.o.r.d.AbstractFlinkResourceReconciler[m [32m[INFO ][ncm-sc/ncm-events] Resource fully reconciled, nothing to do...
2026-10-01T07:01:27.457550354Z [m[33m2026-10-01 07:01:27,457[m [36mo.a.f.k.o.r.d.AbstractFlinkResourceReconciler[m [32m[INFO ][ncm-sc/fsc-flink-cluster] Resource fully reconciled, nothing to do...
2026-10-01T07:01:29.955053485Z [m[33m2026-10-01 07:01:29,954[m [36mo.a.f.k.o.c.FlinkSessionJobController[m [32m[INFO ][ncm-sc/ncm-events] Starting reconciliation
2026-10-01T07:01:29.963692569Z [m[33m2026-10-01 07:01:29,963[m [36mo.a.f.k.o.r.d.AbstractFlinkResourceReconciler[m [32m[INFO ][ncm-sc/ncm-events] Resource fully reconciled, nothing to do...
2026-10-01T07:01:42.475015758Z [m[33m2026-10-01 07:01:42,474[m [36mo.a.f.k.o.r.d.AbstractFlinkResourceReconciler[m [32m[INFO ][ncm-sc/fsc-flink-cluster] Resource fully reconciled, nothing to do...
2026-10-01T07:01:44.964311443Z [m[33m2026-10-01 07:01:44,964[m [36mo.a.f.k.o.c.FlinkSessionJobController[m [32m[INFO ][ncm-sc/ncm-events] Starting reconciliation
2026-10-01T07:01:44.971630448Z [m[33m2026-10-01 07:01:44,971[m [36mo.a.f.k.o.r.d.AbstractFlinkResourceReconciler[m [32m[INFO ][ncm-sc/ncm-events] Resource fully reconciled, nothing to do...
2026-10-01T07:01:57.485969063Z [m[33m2026-10-01 07:01:57,485[m [36mo.a.f.k.o.r.d.AbstractFlinkResourceReconciler[m [32m[INFO ][ncm-sc/fsc-flink-cluster] Resource fully reconciled, nothing to do...
2026-10-01T07:01:59.972248356Z [m[33m2026-10-01 07:01:59,972[m [36mo.a.f.k.o.c.FlinkSessionJobController[m [32m[INFO ][ncm-sc/ncm-events] Starting reconciliation
2026-10-01T07:01:59.980964068Z [m[33m2026-10-01 07:01:59,980[m [36mo.a.f.k.o.r.d.AbstractFlinkResourceReconciler[m [32m[INFO ][ncm-sc/ncm-events] Resource fully reconciled, nothing to do...
2026-10-01T07:02:12.498172013Z [m[33m2026-10-01 07:02:12,498[m [36mo.a.f.k.o.r.d.AbstractFlinkResourceReconciler[m [32m[INFO ][ncm-sc/fsc-flink-cluster] Resource fully reconciled, nothing to do...
2026-10-01T07:02:14.981857831Z [m[33m2026-10-01 07:02:14,981[m [36mo.a.f.k.o.c.FlinkSessionJobController[m [32m[INFO ][ncm-sc/ncm-events] Starting reconciliation
2026-10-01T07:02:14.990308658Z [m[33m2026-10-01 07:02:14,990[m [36mo.a.f.k.o.r.d.AbstractFlinkResourceReconciler[m [32m[INFO ][ncm-sc/ncm-events] Resource fully reconciled, nothing to do...
2026-10-01T07:02:27.510682365Z [m[33m2026-10-01 07:02:27,510[m [36mo.a.f.k.o.r.d.AbstractFlinkResourceReconciler[m [32m[INFO ][ncm-sc/fsc-flink-cluster] Resource fully reconciled, nothing to do...
2026-10-01T07:02:29.993495182Z [m[33m2026-10-01 07:02:29,990[m [36mo.a.f.k.o.c.FlinkSessionJobController[m [32m[INFO ][ncm-sc/ncm-events] Starting reconciliation
2026-10-01T07:02:30.009471380Z [m[33m2026-10-01 07:02:30,000[m [36mo.a.f.k.o.r.d.AbstractFlinkResourceReconciler[m [32m[INFO ][ncm-sc/ncm-events] Resource fully reconciled, nothing to do...
2026-10-01T07:02:42.526276649Z [m[33m2026-10-01 07:02:42,526[m [36mo.a.f.k.o.r.d.AbstractFlinkResourceReconciler[m [32m[INFO ][ncm-sc/fsc-flink-cluster] Resource fully reconciled, nothing to do...
2026-10-01T07:02:45.001036152Z [m[33m2026-10-01 07:02:45,000[m [36mo.a.f.k.o.c.FlinkSessionJobController[m [32m[INFO ][ncm-sc/ncm-events] Starting reconciliation
2026-10-01T07:02:45.014727208Z [m[33m2026-10-01 07:02:45,014[m [36mo.a.f.k.o.r.d.AbstractFlinkResourceReconciler[m [32m[INFO ][ncm-sc/ncm-events] Resource fully reconciled, nothing to do...
2026-10-01T07:02:57.538516832Z [m[33m2026-10-01 07:02:57,538[m [36mo.a.f.k.o.r.d.AbstractFlinkResourceReconciler[m [32m[INFO ][ncm-sc/fsc-flink-cluster] Resource fully reconciled, nothing to do...
2026-10-01T07:03:00.015523953Z [m[33m2026-10-01 07:03:00,015[m [36mo.a.f.k.o.c.FlinkSessionJobController[m [32m[INFO ][ncm-sc/ncm-events] Starting reconciliation
2026-10-01T07:03:00.041968205Z [m[33m2026-10-01 07:03:00,041[m [36mo.a.f.k.o.r.d.AbstractFlinkResourceReconciler[m [32m[INFO ][ncm-sc/ncm-events] Resource fully reconciled, nothing to do...
2026-10-01T07:03:12.554016547Z [m[33m2026-10-01 07:03:12,553[m [36mo.a.f.k.o.r.d.AbstractFlinkResourceReconciler[m [32m[INFO ][ncm-sc/fsc-flink-cluster] Resource fully reconciled, nothing to do...
2026-10-01T07:03:15.042574221Z [m[33m2026-10-01 07:03:15,042[m [36mo.a.f.k.o.c.FlinkSessionJobController[m [32m[INFO ][ncm-sc/ncm-events] Starting reconciliation
2026-10-01T07:03:15.050412826Z [m[33m2026-10-01 07:03:15,050[m [36mo.a.f.k.o.r.d.AbstractFlinkResourceReconciler[m [32m[INFO ][ncm-sc/ncm-events] Resource fully reconciled, nothing to do...
2026-10-01T07:03:27.588171562Z [m[33m2026-10-01 07:03:27,588[m [36mo.a.f.k.o.r.d.AbstractFlinkResourceReconciler[m [32m[INFO ][ncm-sc/fsc-flink-cluster] Resource fully reconciled, nothing to do...
2026-10-01T07:03:30.051163152Z [m[33m2026-10-01 07:03:30,051[m [36mo.a.f.k.o.c.FlinkSessionJobController[m [32m[INFO ][ncm-sc/ncm-events] Starting reconciliation
2026-10-01T07:03:30.059691125Z [m[33m2026-10-01 07:03:30,059[m [36mo.a.f.k.o.r.d.AbstractFlinkResourceReconciler[m [32m[INFO ][ncm-sc/ncm-events] Resource fully reconciled, nothing to do...
2026-10-01T07:03:42.623029177Z [m[33m2026-10-01 07:03:42,622[m [36mo.a.f.k.o.r.d.AbstractFlinkResourceReconciler[m [32m[INFO ][ncm-sc/fsc-flink-cluster] Resource fully reconciled, nothing to do...
2026-10-01T07:03:45.060367707Z [m[33m2026-10-01 07:03:45,060[m [36mo.a.f.k.o.c.FlinkSessionJobController[m [32m[INFO ][ncm-sc/ncm-events] Starting reconciliation
2026-10-01T07:03:45.068014768Z [m[33m2026-10-01 07:03:45,067[m [36mo.a.f.k.o.r.d.AbstractFlinkResourceReconciler[m [32m[INFO ][ncm-sc/ncm-events] Resource fully reconciled, nothing to do...
2026-10-01T07:03:57.655399108Z [m[33m2026-10-01 07:03:57,655[m [36mo.a.f.k.o.r.d.AbstractFlinkResourceReconciler[m [32m[INFO ][ncm-sc/fsc-flink-cluster] Resource fully reconciled, nothing to do...
2026-10-01T07:04:00.068620430Z [m[33m2026-10-01 07:04:00,068[m [36mo.a.f.k.o.c.FlinkSessionJobController[m [32m[INFO ][ncm-sc/ncm-events] Starting reconciliation
2026-10-01T07:04:00.076985753Z [m[33m2026-10-01 07:04:00,076[m [36mo.a.f.k.o.r.d.AbstractFlinkResourceReconciler[m [32m[INFO ][ncm-sc/ncm-events] Resource fully reconciled, nothing to do...
2026-10-01T07:04:12.666649376Z [m[33m2026-10-01 07:04:12,666[m [36mo.a.f.k.o.r.d.AbstractFlinkResourceReconciler[m [32m[INFO ][ncm-sc/fsc-flink-cluster] Resource fully reconciled, nothing to do...
2026-10-01T07:04:15.084534095Z [m[33m2026-10-01 07:04:15,077[m [36mo.a.f.k.o.c.FlinkSessionJobController[m [32m[INFO ][ncm-sc/ncm-events] Starting reconciliation
2026-10-01T07:04:15.084809516Z [m[33m2026-10-01 07:04:15,084[m [36mo.a.f.k.o.r.d.AbstractFlinkResourceReconciler[m [32m[INFO ][ncm-sc/ncm-events] Resource fully reconciled, nothing to do...
2026-10-01T07:04:27.679289279Z [m[33m2026-10-01 07:04:27,679[m [36mo.a.f.k.o.r.d.AbstractFlinkResourceReconciler[m [32m[INFO ][ncm-sc/fsc-flink-cluster] Resource fully reconciled, nothing to do...
2026-10-01T07:04:30.085713206Z [m[33m2026-10-01 07:04:30,085[m [36mo.a.f.k.o.c.FlinkSessionJobController[m [32m[INFO ][ncm-sc/ncm-events] Starting reconciliation
2026-10-01T07:04:30.093705818Z [m[33m2026-10-01 07:04:30,093[m [36mo.a.f.k.o.r.d.AbstractFlinkResourceReconciler[m [32m[INFO ][ncm-sc/ncm-events] Resource fully reconciled, nothing to do...
2026-10-01T07:04:42.697627397Z [m[33m2026-10-01 07:04:42,697[m [36mo.a.f.k.o.r.d.AbstractFlinkResourceReconciler[m [32m[INFO ][ncm-sc/fsc-flink-cluster] Resource fully reconciled, nothing to do...
2026-10-01T07:04:45.094517395Z [m[33m2026-10-01 07:04:45,094[m [36mo.a.f.k.o.c.FlinkSessionJobController[m [32m[INFO ][ncm-sc/ncm-events] Starting reconciliation
2026-10-01T07:04:45.107085520Z [m[33m2026-10-01 07:04:45,106[m [36mo.a.f.k.o.r.d.AbstractFlinkResourceReconciler[m [32m[INFO ][ncm-sc/ncm-events] Resource fully reconciled, nothing to do...
2026-10-01T07:04:57.708737093Z [m[33m2026-10-01 07:04:57,708[m [36mo.a.f.k.o.r.d.AbstractFlinkResourceReconciler[m [32m[INFO ][ncm-sc/fsc-flink-cluster] Resource fully reconciled, nothing to do...
2026-10-01T07:05:00.108643634Z [m[33m2026-10-01 07:05:00,108[m [36mo.a.f.k.o.c.FlinkSessionJobController[m [32m[INFO ][ncm-sc/ncm-events] Starting reconciliation
2026-10-01T07:05:00.122814831Z [m[33m2026-10-01 07:05:00,122[m [36mo.a.f.k.o.r.d.AbstractFlinkResourceReconciler[m [32m[INFO ][ncm-sc/ncm-events] Resource fully reconciled, nothing to do...
2026-10-01T07:05:12.719964693Z [m[33m2026-10-01 07:05:12,719[m [36mo.a.f.k.o.r.d.AbstractFlinkResourceReconciler[m [32m[INFO ][ncm-sc/fsc-flink-cluster] Resource fully reconciled, nothing to do...
2026-10-01T07:05:15.123406888Z [m[33m2026-10-01 07:05:15,123[m [36mo.a.f.k.o.c.FlinkSessionJobController[m [32m[INFO ][ncm-sc/ncm-events] Starting reconciliation
2026-10-01T07:05:15.130922370Z [m[33m2026-10-01 07:05:15,130[m [36mo.a.f.k.o.r.d.AbstractFlinkResourceReconciler[m [32m[INFO ][ncm-sc/ncm-events] Resource fully reconciled, nothing to do...
2026-10-01T07:05:27.741558945Z [m[33m2026-10-01 07:05:27,741[m [36mo.a.f.k.o.r.d.AbstractFlinkResourceReconciler[m [32m[INFO ][ncm-sc/fsc-flink-cluster] Resource fully reconciled, nothing to do...
2026-10-01T07:05:30.131559384Z [m[33m2026-10-01 07:05:30,131[m [36mo.a.f.k.o.c.FlinkSessionJobController[m [32m[INFO ][ncm-sc/ncm-events] Starting reconciliation
2026-10-01T07:05:30.139781680Z [m[33m2026-10-01 07:05:30,139[m [36mo.a.f.k.o.r.d.AbstractFlinkResourceReconciler[m [32m[INFO ][ncm-sc/ncm-events] Resource fully reconciled, nothing to do...
2026-10-01T07:05:42.752365947Z [m[33m2026-10-01 07:05:42,752[m [36mo.a.f.k.o.r.d.AbstractFlinkResourceReconciler[m [32m[INFO ][ncm-sc/fsc-flink-cluster] Resource fully reconciled, nothing to do...
2026-10-01T07:05:45.140364005Z [m[33m2026-10-01 07:05:45,140[m [36mo.a.f.k.o.c.FlinkSessionJobController[m [32m[INFO ][ncm-sc/ncm-events] Starting reconciliation
2026-10-01T07:05:45.147414945Z [m[33m2026-10-01 07:05:45,147[m [36mo.a.f.k.o.r.d.AbstractFlinkResourceReconciler[m [32m[INFO ][ncm-sc/ncm-events] Resource fully reconciled, nothing to do...
2026-10-01T07:05:48.002831368Z [m[33m2026-10-01 07:05:48,002[m [36mo.a.f.c.GlobalConfiguration   [m [32m[INFO ] Using legacy YAML parser to load flink configuration file from /opt/flink/conf/flink-conf.yaml.
2026-10-01T07:05:48.002895270Z [m[33m2026-10-01 07:05:48,002[m [36mo.a.f.c.GlobalConfiguration   [m [32m[INFO ] Loading configuration property: parallelism.default, 1
2026-10-01T07:05:48.002909528Z [m[33m2026-10-01 07:05:48,002[m [36mo.a.f.c.GlobalConfiguration   [m [32m[INFO ] Loading configuration property: taskmanager.numberOfTaskSlots, 1
2026-10-01T07:05:48.002914261Z [m[33m2026-10-01 07:05:48,002[m [36mo.a.f.c.GlobalConfiguration   [m [32m[INFO ] Loading configuration property: kubernetes.operator.default-configuration.flink-version.v1_18.env.java.opts.all, --add-exports=java.base/sun.net.util=ALL-UNNAMED --add-exports=java.rmi/sun.rmi.registry=ALL-UNNAMED --add-exports=java.security.jgss/sun.security.krb5=ALL-UNNAMED --add-opens=java.base/java.lang=ALL-UNNAMED --add-opens=java.base/java.net=ALL-UNNAMED --add-opens=java.base/java.io=ALL-UNNAMED --add-opens=java.base/java.nio=ALL-UNNAMED --add-opens=java.base/sun.nio.ch=ALL-UNNAMED --add-opens=java.base/java.lang.reflect=ALL-UNNAMED --add-opens=java.base/java.text=ALL-UNNAMED --add-opens=java.base/java.time=ALL-UNNAMED --add-opens=java.base/java.util=ALL-UNNAMED --add-opens=java.base/java.util.concurrent=ALL-UNNAMED --add-opens=java.base/java.util.concurrent.atomic=ALL-UNNAMED --add-opens=java.base/java.util.concurrent.locks=ALL-UNNAMED
2026-10-01T07:05:48.002927969Z [m[33m2026-10-01 07:05:48,002[m [36mo.a.f.c.GlobalConfiguration   [m [32m[INFO ] Loading configuration property: kubernetes.operator.reconcile.interval, 15 s
2026-10-01T07:05:48.002930524Z [m[33m2026-10-01 07:05:48,002[m [36mo.a.f.c.GlobalConfiguration   [m [32m[INFO ] Loading configuration property: kubernetes.operator.flink.client.timeout, 300 s
2026-10-01T07:05:48.002932958Z [m[33m2026-10-01 07:05:48,002[m [36mo.a.f.c.GlobalConfiguration   [m [32m[INFO ] Loading configuration property: kubernetes.operator.default-configuration.flink-version.v1_19+.env.java.default-opts.all, --add-exports=java.base/sun.net.util=ALL-UNNAMED --add-exports=java.rmi/sun.rmi.registry=ALL-UNNAMED --add-exports=java.security.jgss/sun.security.krb5=ALL-UNNAMED --add-opens=java.base/java.lang=ALL-UNNAMED --add-opens=java.base/java.net=ALL-UNNAMED --add-opens=java.base/java.io=ALL-UNNAMED --add-opens=java.base/java.nio=ALL-UNNAMED --add-opens=java.base/sun.nio.ch=ALL-UNNAMED --add-opens=java.base/java.lang.reflect=ALL-UNNAMED --add-opens=java.base/java.text=ALL-UNNAMED --add-opens=java.base/java.time=ALL-UNNAMED --add-opens=java.base/java.util=ALL-UNNAMED --add-opens=java.base/java.util.concurrent=ALL-UNNAMED --add-opens=java.base/java.util.concurrent.atomic=ALL-UNNAMED --add-opens=java.base/java.util.concurrent.locks=ALL-UNNAMED
2026-10-01T07:05:48.002939899Z [m[33m2026-10-01 07:05:48,002[m [36mo.a.f.c.GlobalConfiguration   [m [32m[INFO ] Loading configuration property: kubernetes.operator.metrics.reporter.slf4j.interval, 5 MINUTE
2026-10-01T07:05:48.002945862Z [m[33m2026-10-01 07:05:48,002[m [36mo.a.f.c.GlobalConfiguration   [m [32m[INFO ] Loading configuration property: kubernetes.operator.observer.progress-check.interval, 5 s
2026-10-01T07:05:48.002948346Z [m[33m2026-10-01 07:05:48,002[m [36mo.a.f.c.GlobalConfiguration   [m [32m[INFO ] Loading configuration property: kubernetes.operator.health.probe.enabled, true
2026-10-01T07:05:48.002950574Z [m[33m2026-10-01 07:05:48,002[m [36mo.a.f.c.GlobalConfiguration   [m [32m[INFO ] Loading configuration property: kubernetes.operator.health.probe.port, 8085
2026-10-01T07:05:48.002953309Z [m[33m2026-10-01 07:05:48,002[m [36mo.a.f.c.GlobalConfiguration   [m [32m[INFO ] Loading configuration property: kubernetes.operator.metrics.reporter.slf4j.factory.class, org.apache.flink.metrics.slf4j.Slf4jReporterFactory
2026-10-01T07:05:48.002955466Z [m[33m2026-10-01 07:05:48,002[m [36mo.a.f.k.o.c.FlinkConfigManager[m [32m[INFO ] Default configuration did not change, nothing to do...
2026-10-01T07:05:52.208746937Z [m[33m2026-10-01 07:05:52,208[m [36mo.a.f.c.GlobalConfiguration   [m [32m[INFO ] Using legacy YAML parser to load flink configuration file from /opt/flink/conf/flink-conf.yaml.
2026-10-01T07:05:52.208821234Z [m[33m2026-10-01 07:05:52,208[m [36mo.a.f.c.GlobalConfiguration   [m [32m[INFO ] Loading configuration property: parallelism.default, 1
2026-10-01T07:05:52.208830024Z [m[33m2026-10-01 07:05:52,208[m [36mo.a.f.c.GlobalConfiguration   [m [32m[INFO ] Loading configuration property: taskmanager.numberOfTaskSlots, 1
2026-10-01T07:05:52.208837230Z [m[33m2026-10-01 07:05:52,208[m [36mo.a.f.c.GlobalConfiguration   [m [32m[INFO ] Loading configuration property: kubernetes.operator.default-configuration.flink-version.v1_18.env.java.opts.all, --add-exports=java.base/sun.net.util=ALL-UNNAMED --add-exports=java.rmi/sun.rmi.registry=ALL-UNNAMED --add-exports=java.security.jgss/sun.security.krb5=ALL-UNNAMED --add-opens=java.base/java.lang=ALL-UNNAMED --add-opens=java.base/java.net=ALL-UNNAMED --add-opens=java.base/java.io=ALL-UNNAMED --add-opens=java.base/java.nio=ALL-UNNAMED --add-opens=java.base/sun.nio.ch=ALL-UNNAMED --add-opens=java.base/java.lang.reflect=ALL-UNNAMED --add-opens=java.base/java.text=ALL-UNNAMED --add-opens=java.base/java.time=ALL-UNNAMED --add-opens=java.base/java.util=ALL-UNNAMED --add-opens=java.base/java.util.concurrent=ALL-UNNAMED --add-opens=java.base/java.util.concurrent.atomic=ALL-UNNAMED --add-opens=java.base/java.util.concurrent.locks=ALL-UNNAMED
2026-10-01T07:05:52.208855107Z [m[33m2026-10-01 07:05:52,208[m [36mo.a.f.c.GlobalConfiguration   [m [32m[INFO ] Loading configuration property: kubernetes.operator.reconcile.interval, 15 s
2026-10-01T07:05:52.208859806Z [m[33m2026-10-01 07:05:52,208[m [36mo.a.f.c.GlobalConfiguration   [m [32m[INFO ] Loading configuration property: kubernetes.operator.flink.client.timeout, 300 s
2026-10-01T07:05:52.208863730Z [m[33m2026-10-01 07:05:52,208[m [36mo.a.f.c.GlobalConfiguration   [m [32m[INFO ] Loading configuration property: kubernetes.operator.default-configuration.flink-version.v1_19+.env.java.default-opts.all, --add-exports=java.base/sun.net.util=ALL-UNNAMED --add-exports=java.rmi/sun.rmi.registry=ALL-UNNAMED --add-exports=java.security.jgss/sun.security.krb5=ALL-UNNAMED --add-opens=java.base/java.lang=ALL-UNNAMED --add-opens=java.base/java.net=ALL-UNNAMED --add-opens=java.base/java.io=ALL-UNNAMED --add-opens=java.base/java.nio=ALL-UNNAMED --add-opens=java.base/sun.nio.ch=ALL-UNNAMED --add-opens=java.base/java.lang.reflect=ALL-UNNAMED --add-opens=java.base/java.text=ALL-UNNAMED --add-opens=java.base/java.time=ALL-UNNAMED --add-opens=java.base/java.util=ALL-UNNAMED --add-opens=java.base/java.util.concurrent=ALL-UNNAMED --add-opens=java.base/java.util.concurrent.atomic=ALL-UNNAMED --add-opens=java.base/java.util.concurrent.locks=ALL-UNNAMED
2026-10-01T07:05:52.208872585Z [m[33m2026-10-01 07:05:52,208[m [36mo.a.f.c.GlobalConfiguration   [m [32m[INFO ] Loading configuration property: kubernetes.operator.metrics.reporter.slf4j.interval, 5 MINUTE
2026-10-01T07:05:52.208884846Z [m[33m2026-10-01 07:05:52,208[m [36mo.a.f.c.GlobalConfiguration   [m [32m[INFO ] Loading configuration property: kubernetes.operator.observer.progress-check.interval, 5 s
2026-10-01T07:05:52.208888452Z [m[33m2026-10-01 07:05:52,208[m [36mo.a.f.c.GlobalConfiguration   [m [32m[INFO ] Loading configuration property: kubernetes.operator.health.probe.enabled, true
2026-10-01T07:05:52.208891771Z [m[33m2026-10-01 07:05:52,208[m [36mo.a.f.c.GlobalConfiguration   [m [32m[INFO ] Loading configuration property: kubernetes.operator.health.probe.port, 8085
2026-10-01T07:05:52.208895625Z [m[33m2026-10-01 07:05:52,208[m [36mo.a.f.c.GlobalConfiguration   [m [32m[INFO ] Loading configuration property: kubernetes.operator.metrics.reporter.slf4j.factory.class, org.apache.flink.metrics.slf4j.Slf4jReporterFactory
2026-10-01T07:05:52.208905260Z [m[33m2026-10-01 07:05:52,208[m [36mo.a.f.k.o.c.FlinkConfigManager[m [32m[INFO ] Default configuration did not change, nothing to do...
2026-10-01T07:05:53.079074840Z [m[33m2026-10-01 07:05:53,078[m [36mo.a.f.m.s.Slf4jReporter       [m [32m[INFO ] 
2026-10-01T07:05:53.079095081Z =========================== Starting metrics report ===========================
2026-10-01T07:05:53.079099099Z 
2026-10-01T07:05:53.079101926Z -- Counters ---------------------------------------------------------------------
2026-10-01T07:05:53.079105021Z ncm-platform-flink-kubernetes-operator-5cb9ccc496-rlh64.k8soperator.ncm-sc.ncm-platform-flink-kubernetes-operator.resource.ncm-sc.ncm-events.FlinkSessionJob.JOSDK.Reconciliation.Count: 66214
2026-10-01T07:05:53.079108318Z ncm-platform-flink-kubernetes-operator-5cb9ccc496-rlh64.k8soperator.ncm-sc.ncm-platform-flink-kubernetes-operator.resource.ncm-sc.fsc-flink-cluster.FlinkDeployment.JOSDK.Resource.Event.UPDATED.Count: 1
2026-10-01T07:05:53.079111488Z ncm-platform-flink-kubernetes-operator-5cb9ccc496-rlh64.k8soperator.ncm-sc.ncm-platform-flink-kubernetes-operator.resource.ncm-sc.fsc-flink-cluster.FlinkDeployment.JOSDK.Reconciliation.Count: 66207
2026-10-01T07:05:53.079114799Z ncm-platform-flink-kubernetes-operator-5cb9ccc496-rlh64.k8soperator.ncm-sc.ncm-platform-flink-kubernetes-operator.system.KubeClient.HttpRequest.Count: 24731
2026-10-01T07:05:53.079117724Z ncm-platform-flink-kubernetes-operator-5cb9ccc496-rlh64.k8soperator.ncm-sc.ncm-platform-flink-kubernetes-operator.resource.ncm-sc.ncm-events.FlinkSessionJob.AutoScaler.scalings: 0
2026-10-01T07:05:53.079130157Z ncm-platform-flink-kubernetes-operator-5cb9ccc496-rlh64.k8soperator.ncm-sc.ncm-platform-flink-kubernetes-operator.system.KubeClient.HttpResponse.Count: 24560
2026-10-01T07:05:53.079133072Z ncm-platform-flink-kubernetes-operator-5cb9ccc496-rlh64.k8soperator.ncm-sc.ncm-platform-flink-kubernetes-operator.system.KubeClient.HttpResponse.409.Count: 1
2026-10-01T07:05:53.079135697Z ncm-platform-flink-kubernetes-operator-5cb9ccc496-rlh64.k8soperator.ncm-sc.ncm-platform-flink-kubernetes-operator.system.KubeClient.HttpRequest.POST.Count: 5
2026-10-01T07:05:53.079137827Z ncm-platform-flink-kubernetes-operator-5cb9ccc496-rlh64.k8soperator.ncm-sc.ncm-platform-flink-kubernetes-operator.resource.ncm-sc.fsc-flink-cluster.FlinkDeployment.JOSDK.Reconciliation.finished.Count: 66207
2026-10-01T07:05:53.079140361Z ncm-platform-flink-kubernetes-operator-5cb9ccc496-rlh64.k8soperator.ncm-sc.ncm-platform-flink-kubernetes-operator.system.KubeClient.HttpRequest.Failed.Count: 189
2026-10-01T07:05:53.079142548Z ncm-platform-flink-kubernetes-operator-5cb9ccc496-rlh64.k8soperator.ncm-sc.ncm-platform-flink-kubernetes-operator.system.KubeClient.HttpResponse.429.Count: 12
2026-10-01T07:05:53.079145052Z ncm-platform-flink-kubernetes-operator-5cb9ccc496-rlh64.k8soperator.ncm-sc.ncm-platform-flink-kubernetes-operator.resource.ncm-sc.ncm-events.FlinkSessionJob.AutoScaler.balanced: 0
2026-10-01T07:05:53.079147519Z ncm-platform-flink-kubernetes-operator-5cb9ccc496-rlh64.k8soperator.ncm-sc.ncm-platform-flink-kubernetes-operator.system.KubeClient.HttpResponse.200.Count: 72
2026-10-01T07:05:53.079149619Z ncm-platform-flink-kubernetes-operator-5cb9ccc496-rlh64.k8soperator.ncm-sc.ncm-platform-flink-kubernetes-operator.system.KubeClient.HttpResponse.404.Count: 5
2026-10-01T07:05:53.079151707Z ncm-platform-flink-kubernetes-operator-5cb9ccc496-rlh64.k8soperator.ncm-sc.ncm-platform-flink-kubernetes-operator.resource.ncm-sc.ncm-events.FlinkSessionJob.JOSDK.Resource.Event.Count: 2
2026-10-01T07:05:53.079153666Z ncm-platform-flink-kubernetes-operator-5cb9ccc496-rlh64.k8soperator.ncm-sc.ncm-platform-flink-kubernetes-operator.system.KubeClient.HttpResponse.201.Count: 5
2026-10-01T07:05:53.079156075Z ncm-platform-flink-kubernetes-operator-5cb9ccc496-rlh64.k8soperator.ncm-sc.ncm-platform-flink-kubernetes-operator.system.KubeClient.HttpRequest.GET.Count: 24684
2026-10-01T07:05:53.079158181Z ncm-platform-flink-kubernetes-operator-5cb9ccc496-rlh64.k8soperator.ncm-sc.ncm-platform-flink-kubernetes-operator.system.KubeClient.HttpRequest.Slow.Count: 0
2026-10-01T07:05:53.079160345Z ncm-platform-flink-kubernetes-operator-5cb9ccc496-rlh64.k8soperator.ncm-sc.ncm-platform-flink-kubernetes-operator.resource.ncm-sc.ncm-events.FlinkSessionJob.AutoScaler.errors: 0
2026-10-01T07:05:53.079162377Z ncm-platform-flink-kubernetes-operator-5cb9ccc496-rlh64.k8soperator.ncm-sc.ncm-platform-flink-kubernetes-operator.system.KubeClient.HttpRequest.PATCH.Count: 3
2026-10-01T07:05:53.079164426Z ncm-platform-flink-kubernetes-operator-5cb9ccc496-rlh64.k8soperator.ncm-sc.ncm-platform-flink-kubernetes-operator.resource.ncm-sc.ncm-events.FlinkSessionJob.JOSDK.Resource.Event.UPDATED.Count: 1
2026-10-01T07:05:53.079166478Z ncm-platform-flink-kubernetes-operator-5cb9ccc496-rlh64.k8soperator.ncm-sc.ncm-platform-flink-kubernetes-operator.resource.ncm-sc.fsc-flink-cluster.FlinkDeployment.JOSDK.Resource.Event.Count: 2
2026-10-01T07:05:53.079174281Z ncm-platform-flink-kubernetes-operator-5cb9ccc496-rlh64.k8soperator.ncm-sc.ncm-platform-flink-kubernetes-operator.resource.ncm-sc.ncm-events.FlinkSessionJob.JOSDK.Reconciliation.finished.Count: 66214
2026-10-01T07:05:53.079176721Z ncm-platform-flink-kubernetes-operator-5cb9ccc496-rlh64.k8soperator.ncm-sc.ncm-platform-flink-kubernetes-operator.system.KubeClient.HttpResponse.101.Count: 24465
2026-10-01T07:05:53.079181812Z ncm-platform-flink-kubernetes-operator-5cb9ccc496-rlh64.k8soperator.ncm-sc.ncm-platform-flink-kubernetes-operator.resource.ncm-sc.ncm-events.FlinkSessionJob.JOSDK.Resource.Event.ADDED.Count: 1
2026-10-01T07:05:53.079184582Z ncm-platform-flink-kubernetes-operator-5cb9ccc496-rlh64.k8soperator.ncm-sc.ncm-platform-flink-kubernetes-operator.system.KubeClient.HttpRequest.PUT.Count: 39
2026-10-01T07:05:53.079186764Z ncm-platform-flink-kubernetes-operator-5cb9ccc496-rlh64.k8soperator.ncm-sc.ncm-platform-flink-kubernetes-operator.resource.ncm-sc.fsc-flink-cluster.FlinkDeployment.JOSDK.Resource.Event.ADDED.Count: 1
2026-10-01T07:05:53.079188753Z 
2026-10-01T07:05:53.079190956Z -- Gauges ---------------------------------------------------------------------
2026-10-01T07:05:53.079192991Z ncm-platform-flink-kubernetes-operator-5cb9ccc496-rlh64.k8soperator.ncm-sc.ncm-platform-flink-kubernetes-operator.system.Status.JVM.Memory.Metaspace.Max: -1
2026-10-01T07:05:53.079195107Z ncm-platform-flink-kubernetes-operator-5cb9ccc496-rlh64.k8soperator.ncm-sc.ncm-platform-flink-kubernetes-operator.namespace.ncm-sc.FlinkSessionJob.Lifecycle.State.FAILED.Count: 0
2026-10-01T07:05:53.079197178Z ncm-platform-flink-kubernetes-operator-5cb9ccc496-rlh64.k8soperator.ncm-sc.ncm-platform-flink-kubernetes-operator.system.Status.JVM.Memory.Heap.Used: 96319392
2026-10-01T07:05:53.079199284Z ncm-platform-flink-kubernetes-operator-5cb9ccc496-rlh64.k8soperator.ncm-sc.ncm-platform-flink-kubernetes-operator.system.Status.JVM.Memory.Metaspace.Committed: 79757312
2026-10-01T07:05:53.079201359Z ncm-platform-flink-kubernetes-operator-5cb9ccc496-rlh64.k8soperator.ncm-sc.ncm-platform-flink-kubernetes-operator.system.Status.JVM.GarbageCollector.Copy.Count: 8971
2026-10-01T07:05:53.079203386Z ncm-platform-flink-kubernetes-operator-5cb9ccc496-rlh64.k8soperator.ncm-sc.ncm-platform-flink-kubernetes-operator.system.Status.JVM.CPU.Time: 1875550000000
2026-10-01T07:05:53.079205355Z ncm-platform-flink-kubernetes-operator-5cb9ccc496-rlh64.k8soperator.ncm-sc.ncm-platform-flink-kubernetes-operator.namespace.ncm-sc.FlinkDeployment.Lifecycle.State.ROLLED_BACK.Count: 0
2026-10-01T07:05:53.079207431Z ncm-platform-flink-kubernetes-operator-5cb9ccc496-rlh64.k8soperator.ncm-sc.ncm-platform-flink-kubernetes-operator.namespace.ncm-sc.FlinkDeployment.FlinkMinorVersion.MALFORMED.Count: 0
2026-10-01T07:05:53.079209391Z ncm-platform-flink-kubernetes-operator-5cb9ccc496-rlh64.k8soperator.ncm-sc.ncm-platform-flink-kubernetes-operator.system.Status.JVM.Memory.Direct.TotalCapacity: 8466052
2026-10-01T07:05:53.079211418Z ncm-platform-flink-kubernetes-operator-5cb9ccc496-rlh64.k8soperator.ncm-sc.ncm-platform-flink-kubernetes-operator.namespace.ncm-sc.FlinkDeployment.Lifecycle.State.STABLE.Count: 1
2026-10-01T07:05:53.079213416Z ncm-platform-flink-kubernetes-operator-5cb9ccc496-rlh64.k8soperator.ncm-sc.ncm-platform-flink-kubernetes-operator.namespace.ncm-sc.FlinkDeployment.JmDeploymentStatus.DEPLOYING.Count: 0
2026-10-01T07:05:53.079215394Z ncm-platform-flink-kubernetes-operator-5cb9ccc496-rlh64.k8soperator.ncm-sc.ncm-platform-flink-kubernetes-operator.system.Status.JVM.CPU.Load: 0.02678983833718245
2026-10-01T07:05:53.079217497Z ncm-platform-flink-kubernetes-operator-5cb9ccc496-rlh64.k8soperator.ncm-sc.ncm-platform-flink-kubernetes-operator.namespace.ncm-sc.FlinkSessionJob.Lifecycle.State.DELETED.Count: 0
2026-10-01T07:05:53.079219546Z ncm-platform-flink-kubernetes-operator-5cb9ccc496-rlh64.k8soperator.ncm-sc.ncm-platform-flink-kubernetes-operator.namespace.ncm-sc.FlinkDeployment.JmDeploymentStatus.ERROR.Count: 0
2026-10-01T07:05:53.079221543Z ncm-platform-flink-kubernetes-operator-5cb9ccc496-rlh64.k8soperator.ncm-sc.ncm-platform-flink-kubernetes-operator.namespace.ncm-sc.FlinkDeployment.FlinkVersion.UNKNOWN.Count: 0
2026-10-01T07:05:53.079225539Z ncm-platform-flink-kubernetes-operator-5cb9ccc496-rlh64.k8soperator.ncm-sc.ncm-platform-flink-kubernetes-operator.namespace.ncm-sc.FlinkDeployment.ResourceUsage.Memory: 5905580032
2026-10-01T07:05:53.079233286Z ncm-platform-flink-kubernetes-operator-5cb9ccc496-rlh64.k8soperator.ncm-sc.ncm-platform-flink-kubernetes-operator.namespace.ncm-sc.FlinkDeployment.Lifecycle.State.SUSPENDED.Count: 0
2026-10-01T07:05:53.079240216Z ncm-platform-flink-kubernetes-operator-5cb9ccc496-rlh64.k8soperator.ncm-sc.ncm-platform-flink-kubernetes-operator.system.Status.JVM.GarbageCollector.Copy.Time: 36738
2026-10-01T07:05:53.079242687Z ncm-platform-flink-kubernetes-operator-5cb9ccc496-rlh64.k8soperator.ncm-sc.ncm-platform-flink-kubernetes-operator.namespace.ncm-sc.FlinkDeployment.FlinkMinorVersion.2_1.Count: 1
2026-10-01T07:05:53.079244831Z ncm-platform-flink-kubernetes-operator-5cb9ccc496-rlh64.k8soperator.ncm-sc.ncm-platform-flink-kubernetes-operator.system.Status.JVM.ClassLoader.ClassesUnloaded: 292
2026-10-01T07:05:53.079247128Z ncm-platform-flink-kubernetes-operator-5cb9ccc496-rlh64.k8soperator.ncm-sc.ncm-platform-flink-kubernetes-operator.namespace.ncm-sc.FlinkDeployment.Lifecycle.State.DEPLOYED.Count: 0
2026-10-01T07:05:53.079249364Z ncm-platform-flink-kubernetes-operator-5cb9ccc496-rlh64.k8soperator.ncm-sc.ncm-platform-flink-kubernetes-operator.namespace.ncm-sc.FlinkSessionJob.Lifecycle.State.CREATED.Count: 0
2026-10-01T07:05:53.079251403Z ncm-platform-flink-kubernetes-operator-5cb9ccc496-rlh64.k8soperator.ncm-sc.ncm-platform-flink-kubernetes-operator.namespace.ncm-sc.FlinkSessionJob.Lifecycle.State.DEPLOYED.Count: 0
2026-10-01T07:05:53.079253378Z ncm-platform-flink-kubernetes-operator-5cb9ccc496-rlh64.k8soperator.ncm-sc.ncm-platform-flink-kubernetes-operator.system.Status.JVM.Memory.NonHeap.Max: -1
2026-10-01T07:05:53.079255507Z ncm-platform-flink-kubernetes-operator-5cb9ccc496-rlh64.k8soperator.ncm-sc.ncm-platform-flink-kubernetes-operator.system.Status.JVM.ClassLoader.ClassesLoaded: 13149
2026-10-01T07:05:53.079257480Z ncm-platform-flink-kubernetes-operator-5cb9ccc496-rlh64.k8soperator.ncm-sc.ncm-platform-flink-kubernetes-operator.system.Status.JVM.Memory.NonHeap.Committed: 141426688
2026-10-01T07:05:53.079259462Z ncm-platform-flink-kubernetes-operator-5cb9ccc496-rlh64.k8soperator.ncm-sc.ncm-platform-flink-kubernetes-operator.namespace.ncm-sc.FlinkDeployment.Lifecycle.State.FAILED.Count: 0
2026-10-01T07:05:53.079261766Z ncm-platform-flink-kubernetes-operator-5cb9ccc496-rlh64.k8soperator.ncm-sc.ncm-platform-flink-kubernetes-operator.namespace.ncm-sc.FlinkDeployment.ResourceUsage.Cpu: 3.25
2026-10-01T07:05:53.079263784Z ncm-platform-flink-kubernetes-operator-5cb9ccc496-rlh64.k8soperator.ncm-sc.ncm-platform-flink-kubernetes-operator.namespace.ncm-sc.FlinkDeployment.Lifecycle.State.ROLLING_BACK.Count: 0
2026-10-01T07:05:53.079265762Z ncm-platform-flink-kubernetes-operator-5cb9ccc496-rlh64.k8soperator.ncm-sc.ncm-platform-flink-kubernetes-operator.system.Status.JVM.Memory.Mapped.Count: 0
2026-10-01T07:05:53.079267763Z ncm-platform-flink-kubernetes-operator-5cb9ccc496-rlh64.k8soperator.ncm-sc.ncm-platform-flink-kubernetes-operator.namespace.ncm-sc.FlinkSessionJob.Lifecycle.State.DELETING.Count: 0
2026-10-01T07:05:53.079269807Z ncm-platform-flink-kubernetes-operator-5cb9ccc496-rlh64.k8soperator.ncm-sc.ncm-platform-flink-kubernetes-operator.system.Status.JVM.Memory.Heap.Max: 259522560
2026-10-01T07:05:53.079271877Z ncm-platform-flink-kubernetes-operator-5cb9ccc496-rlh64.k8soperator.ncm-sc.ncm-platform-flink-kubernetes-operator.system.Status.JVM.Threads.Count: 72
2026-10-01T07:05:53.079273827Z ncm-platform-flink-kubernetes-operator-5cb9ccc496-rlh64.k8soperator.ncm-sc.ncm-platform-flink-kubernetes-operator.namespace.ncm-sc.FlinkDeployment.JmDeploymentStatus.READY.Count: 1
2026-10-01T07:05:53.079275802Z ncm-platform-flink-kubernetes-operator-5cb9ccc496-rlh64.k8soperator.ncm-sc.ncm-platform-flink-kubernetes-operator.namespace.ncm-sc.FlinkSessionJob.Count: 1
2026-10-01T07:05:53.079280788Z ncm-platform-flink-kubernetes-operator-5cb9ccc496-rlh64.k8soperator.ncm-sc.ncm-platform-flink-kubernetes-operator.namespace.ncm-sc.FlinkDeployment.Lifecycle.State.UPGRADING.Count: 0
2026-10-01T07:05:53.079282858Z ncm-platform-flink-kubernetes-operator-5cb9ccc496-rlh64.k8soperator.ncm-sc.ncm-platform-flink-kubernetes-operator.namespace.ncm-sc.FlinkDeployment.Lifecycle.State.DELETED.Count: 0
2026-10-01T07:05:53.079284867Z ncm-platform-flink-kubernetes-operator-5cb9ccc496-rlh64.k8soperator.ncm-sc.ncm-platform-flink-kubernetes-operator.system.Status.JVM.Memory.Heap.Committed: 129921024
2026-10-01T07:05:53.079287012Z ncm-platform-flink-kubernetes-operator-5cb9ccc496-rlh64.k8soperator.ncm-sc.ncm-platform-flink-kubernetes-operator.namespace.ncm-sc.FlinkDeployment.Lifecycle.State.DELETING.Count: 0
2026-10-01T07:05:53.079288995Z ncm-platform-flink-kubernetes-operator-5cb9ccc496-rlh64.k8soperator.ncm-sc.ncm-platform-flink-kubernetes-operator.namespace.ncm-sc.FlinkSessionJob.Lifecycle.State.SUSPENDED.Count: 0
2026-10-01T07:05:53.079295445Z ncm-platform-flink-kubernetes-operator-5cb9ccc496-rlh64.k8soperator.ncm-sc.ncm-platform-flink-kubernetes-operator.system.Status.JVM.Memory.Direct.Count: 16
2026-10-01T07:05:53.079297717Z ncm-platform-flink-kubernetes-operator-5cb9ccc496-rlh64.k8soperator.ncm-sc.ncm-platform-flink-kubernetes-operator.system.Status.JVM.Memory.Mapped.MemoryUsed: 0
2026-10-01T07:05:53.079299793Z ncm-platform-flink-kubernetes-operator-5cb9ccc496-rlh64.k8soperator.ncm-sc.ncm-platform-flink-kubernetes-operator.namespace.ncm-sc.FlinkSessionJob.Lifecycle.State.STABLE.Count: 1
2026-10-01T07:05:53.079301843Z ncm-platform-flink-kubernetes-operator-5cb9ccc496-rlh64.k8soperator.ncm-sc.ncm-platform-flink-kubernetes-operator.namespace.ncm-sc.FlinkDeployment.JmDeploymentStatus.DEPLOYED_NOT_READY.Count: 0
2026-10-01T07:05:53.079303942Z ncm-platform-flink-kubernetes-operator-5cb9ccc496-rlh64.k8soperator.ncm-sc.ncm-platform-flink-kubernetes-operator.namespace.ncm-sc.FlinkDeployment.JmDeploymentStatus.MISSING.Count: 0
2026-10-01T07:05:53.079306018Z ncm-platform-flink-kubernetes-operator-5cb9ccc496-rlh64.k8soperator.ncm-sc.ncm-platform-flink-kubernetes-operator.system.Status.JVM.GarbageCollector.All.Count: 9636
2026-10-01T07:05:53.079308387Z ncm-platform-flink-kubernetes-operator-5cb9ccc496-rlh64.k8soperator.ncm-sc.ncm-platform-flink-kubernetes-operator.system.Status.JVM.GarbageCollector.MarkSweepCompact.Count: 665
2026-10-01T07:05:53.079310369Z ncm-platform-flink-kubernetes-operator-5cb9ccc496-rlh64.k8soperator.ncm-sc.ncm-platform-flink-kubernetes-operator.namespace.ncm-sc.FlinkSessionJob.Lifecycle.State.UPGRADING.Count: 0
2026-10-01T07:05:53.079312353Z ncm-platform-flink-kubernetes-operator-5cb9ccc496-rlh64.k8soperator.ncm-sc.ncm-platform-flink-kubernetes-operator.namespace.ncm-sc.FlinkSessionJob.Lifecycle.State.ROLLING_BACK.Count: 0
2026-10-01T07:05:53.079315052Z ncm-platform-flink-kubernetes-operator-5cb9ccc496-rlh64.k8soperator.ncm-sc.ncm-platform-flink-kubernetes-operator.system.Status.JVM.GarbageCollector.All.Time: 134863
2026-10-01T07:05:53.079317176Z ncm-platform-flink-kubernetes-operator-5cb9ccc496-rlh64.k8soperator.ncm-sc.ncm-platform-flink-kubernetes-operator.system.Status.JVM.Memory.Metaspace.Used: 78783792
2026-10-01T07:05:53.079319234Z ncm-platform-flink-kubernetes-operator-5cb9ccc496-rlh64.k8soperator.ncm-sc.ncm-platform-flink-kubernetes-operator.system.Status.JVM.GarbageCollector.MarkSweepCompact.Time: 98125
2026-10-01T07:05:53.079321315Z ncm-platform-flink-kubernetes-operator-5cb9ccc496-rlh64.k8soperator.ncm-sc.ncm-platform-flink-kubernetes-operator.system.Status.JVM.Memory.Mapped.TotalCapacity: 0
2026-10-01T07:05:53.079323522Z ncm-platform-flink-kubernetes-operator-5cb9ccc496-rlh64.k8soperator.ncm-sc.ncm-platform-flink-kubernetes-operator.system.Status.JVM.Memory.NonHeap.Used: 131827136
2026-10-01T07:05:53.079327920Z ncm-platform-flink-kubernetes-operator-5cb9ccc496-rlh64.k8soperator.ncm-sc.ncm-platform-flink-kubernetes-operator.namespace.ncm-sc.FlinkDeployment.FlinkVersion.2_1_1.Count: 1
2026-10-01T07:05:53.079329918Z ncm-platform-flink-kubernetes-operator-5cb9ccc496-rlh64.k8soperator.ncm-sc.ncm-platform-flink-kubernetes-operator.namespace.ncm-sc.FlinkDeployment.Lifecycle.State.CREATED.Count: 0
2026-10-01T07:05:53.079339398Z ncm-platform-flink-kubernetes-operator-5cb9ccc496-rlh64.k8soperator.ncm-sc.ncm-platform-flink-kubernetes-operator.namespace.ncm-sc.FlinkSessionJob.Lifecycle.State.ROLLED_BACK.Count: 0
2026-10-01T07:05:53.079342786Z ncm-platform-flink-kubernetes-operator-5cb9ccc496-rlh64.k8soperator.ncm-sc.ncm-platform-flink-kubernetes-operator.system.Status.JVM.Memory.Direct.MemoryUsed: 8466053
2026-10-01T07:05:53.079344838Z ncm-platform-flink-kubernetes-operator-5cb9ccc496-rlh64.k8soperator.ncm-sc.ncm-platform-flink-kubernetes-operator.namespace.ncm-sc.FlinkDeployment.Count: 1
2026-10-01T07:05:53.079347071Z ncm-platform-flink-kubernetes-operator-5cb9ccc496-rlh64.k8soperator.ncm-sc.ncm-platform-flink-kubernetes-operator.namespace.ncm-sc.FlinkDeployment.ResourceUsage.StateSize: 0
2026-10-01T07:05:53.079349065Z 
2026-10-01T07:05:53.079351177Z -- Meters ---------------------------------------------------------------------
2026-10-01T07:05:53.079353197Z ncm-platform-flink-kubernetes-operator-5cb9ccc496-rlh64.k8soperator.ncm-sc.ncm-platform-flink-kubernetes-operator.system.KubeClient.HttpRequest.NumPerSecond: 0.03333333333333333
2026-10-01T07:05:53.079355289Z ncm-platform-flink-kubernetes-operator-5cb9ccc496-rlh64.k8soperator.ncm-sc.ncm-platform-flink-kubernetes-operator.system.KubeClient.HttpResponse.201.NumPerSecond: 0.0
2026-10-01T07:05:53.079357377Z ncm-platform-flink-kubernetes-operator-5cb9ccc496-rlh64.k8soperator.ncm-sc.ncm-platform-flink-kubernetes-operator.system.KubeClient.HttpRequest.Failed.NumPerSecond: 0.0
2026-10-01T07:05:53.079364187Z ncm-platform-flink-kubernetes-operator-5cb9ccc496-rlh64.k8soperator.ncm-sc.ncm-platform-flink-kubernetes-operator.system.KubeClient.HttpResponse.429.NumPerSecond: 0.0
2026-10-01T07:05:53.079366498Z ncm-platform-flink-kubernetes-operator-5cb9ccc496-rlh64.k8soperator.ncm-sc.ncm-platform-flink-kubernetes-operator.system.Status.JVM.GarbageCollector.Copy.TimeMsPerSecond: 0.0
2026-10-01T07:05:53.079368627Z ncm-platform-flink-kubernetes-operator-5cb9ccc496-rlh64.k8soperator.ncm-sc.ncm-platform-flink-kubernetes-operator.system.Status.JVM.GarbageCollector.MarkSweepCompact.TimeMsPerSecond: 0.0
2026-10-01T07:05:53.079370807Z ncm-platform-flink-kubernetes-operator-5cb9ccc496-rlh64.k8soperator.ncm-sc.ncm-platform-flink-kubernetes-operator.system.KubeClient.HttpResponse.404.NumPerSecond: 0.0
2026-10-01T07:05:53.079372781Z ncm-platform-flink-kubernetes-operator-5cb9ccc496-rlh64.k8soperator.ncm-sc.ncm-platform-flink-kubernetes-operator.system.KubeClient.HttpResponse.200.NumPerSecond: 0.0
2026-10-01T07:05:53.079374767Z ncm-platform-flink-kubernetes-operator-5cb9ccc496-rlh64.k8soperator.ncm-sc.ncm-platform-flink-kubernetes-operator.system.KubeClient.HttpResponse.101.NumPerSecond: 0.03333333333333333
2026-10-01T07:05:53.079376774Z ncm-platform-flink-kubernetes-operator-5cb9ccc496-rlh64.k8soperator.ncm-sc.ncm-platform-flink-kubernetes-operator.system.KubeClient.HttpResponse.409.NumPerSecond: 0.0
2026-10-01T07:05:53.079378748Z ncm-platform-flink-kubernetes-operator-5cb9ccc496-rlh64.k8soperator.ncm-sc.ncm-platform-flink-kubernetes-operator.system.Status.JVM.GarbageCollector.All.TimeMsPerSecond: 0.0
2026-10-01T07:05:53.079380720Z ncm-platform-flink-kubernetes-operator-5cb9ccc496-rlh64.k8soperator.ncm-sc.ncm-platform-flink-kubernetes-operator.system.KubeClient.HttpResponse.NumPerSecond: 0.03333333333333333
2026-10-01T07:05:53.079388591Z 
2026-10-01T07:05:53.079390622Z -- Histograms ---------------------------------------------------------------------
2026-10-01T07:05:53.079394729Z ncm-platform-flink-kubernetes-operator-5cb9ccc496-rlh64.k8soperator.ncm-sc.ncm-platform-flink-kubernetes-operator.namespace.ncm-sc.FlinkSessionJob.Lifecycle.Transition.Suspend.TimeSeconds: count=0, min=0, max=0, mean=NaN, stddev=NaN, p50=NaN, p75=NaN, p95=NaN, p98=NaN, p99=NaN, p999=NaN
2026-10-01T07:05:53.079397187Z ncm-platform-flink-kubernetes-operator-5cb9ccc496-rlh64.k8soperator.ncm-sc.ncm-platform-flink-kubernetes-operator.system.FlinkDeployment.Lifecycle.State.STABLE.TimeSeconds: count=0, min=0, max=0, mean=NaN, stddev=NaN, p50=NaN, p75=NaN, p95=NaN, p98=NaN, p99=NaN, p999=NaN
2026-10-01T07:05:53.079399314Z ncm-platform-flink-kubernetes-operator-5cb9ccc496-rlh64.k8soperator.ncm-sc.ncm-platform-flink-kubernetes-operator.system.FlinkDeployment.Lifecycle.Transition.Resume.TimeSeconds: count=0, min=0, max=0, mean=NaN, stddev=NaN, p50=NaN, p75=NaN, p95=NaN, p98=NaN, p99=NaN, p999=NaN
2026-10-01T07:05:53.079402804Z ncm-platform-flink-kubernetes-operator-5cb9ccc496-rlh64.k8soperator.ncm-sc.ncm-platform-flink-kubernetes-operator.namespace.ncm-sc.FlinkSessionJob.Lifecycle.State.DEPLOYED.TimeSeconds: count=1, min=31, max=31, mean=31.0, stddev=0.0, p50=31.0, p75=31.0, p95=31.0, p98=31.0, p99=31.0, p999=31.0
2026-10-01T07:05:53.079405016Z ncm-platform-flink-kubernetes-operator-5cb9ccc496-rlh64.k8soperator.ncm-sc.ncm-platform-flink-kubernetes-operator.namespace.ncm-sc.FlinkSessionJob.Lifecycle.State.UPGRADING.TimeSeconds: count=1, min=0, max=0, mean=0.0, stddev=0.0, p50=0.0, p75=0.0, p95=0.0, p98=0.0, p99=0.0, p999=0.0
2026-10-01T07:05:53.079407579Z ncm-platform-flink-kubernetes-operator-5cb9ccc496-rlh64.k8soperator.ncm-sc.ncm-platform-flink-kubernetes-operator.namespace.ncm-sc.FlinkSessionJob.Lifecycle.State.FAILED.TimeSeconds: count=0, min=0, max=0, mean=NaN, stddev=NaN, p50=NaN, p75=NaN, p95=NaN, p98=NaN, p99=NaN, p999=NaN
2026-10-01T07:05:53.079409857Z ncm-platform-flink-kubernetes-operator-5cb9ccc496-rlh64.k8soperator.ncm-sc.ncm-platform-flink-kubernetes-operator.namespace.ncm-sc.FlinkDeployment.Lifecycle.Transition.Submission.TimeSeconds: count=1, min=4, max=4, mean=4.0, stddev=0.0, p50=4.0, p75=4.0, p95=4.0, p98=4.0, p99=4.0, p999=4.0
2026-10-01T07:05:53.079411885Z ncm-platform-flink-kubernetes-operator-5cb9ccc496-rlh64.k8soperator.ncm-sc.ncm-platform-flink-kubernetes-operator.system.FlinkDeployment.Lifecycle.State.CREATED.TimeSeconds: count=1, min=5, max=5, mean=5.0, stddev=0.0, p50=5.0, p75=5.0, p95=5.0, p98=5.0, p99=5.0, p999=5.0
2026-10-01T07:05:53.079418464Z ncm-platform-flink-kubernetes-operator-5cb9ccc496-rlh64.k8soperator.ncm-sc.ncm-platform-flink-kubernetes-operator.system.FlinkSessionJob.Lifecycle.Transition.Rollback.TimeSeconds: count=0, min=0, max=0, mean=NaN, stddev=NaN, p50=NaN, p75=NaN, p95=NaN, p98=NaN, p99=NaN, p999=NaN
2026-10-01T07:05:53.079420856Z ncm-platform-flink-kubernetes-operator-5cb9ccc496-rlh64.k8soperator.ncm-sc.ncm-platform-flink-kubernetes-operator.system.FlinkDeployment.Lifecycle.State.SUSPENDED.TimeSeconds: count=0, min=0, max=0, mean=NaN, stddev=NaN, p50=NaN, p75=NaN, p95=NaN, p98=NaN, p99=NaN, p999=NaN
2026-10-01T07:05:53.079423033Z ncm-platform-flink-kubernetes-operator-5cb9ccc496-rlh64.k8soperator.ncm-sc.ncm-platform-flink-kubernetes-operator.system.FlinkDeployment.Lifecycle.Transition.Submission.TimeSeconds: count=1, min=4, max=4, mean=4.0, stddev=0.0, p50=4.0, p75=4.0, p95=4.0, p98=4.0, p99=4.0, p999=4.0
2026-10-01T07:05:53.079425104Z ncm-platform-flink-kubernetes-operator-5cb9ccc496-rlh64.k8soperator.ncm-sc.ncm-platform-flink-kubernetes-operator.namespace.ncm-sc.FlinkDeployment.Lifecycle.State.ROLLED_BACK.TimeSeconds: count=0, min=0, max=0, mean=NaN, stddev=NaN, p50=NaN, p75=NaN, p95=NaN, p98=NaN, p99=NaN, p999=NaN
2026-10-01T07:05:53.079427117Z ncm-platform-flink-kubernetes-operator-5cb9ccc496-rlh64.k8soperator.ncm-sc.ncm-platform-flink-kubernetes-operator.namespace.ncm-sc.FlinkDeployment.Lifecycle.State.SUSPENDED.TimeSeconds: count=0, min=0, max=0, mean=NaN, stddev=NaN, p50=NaN, p75=NaN, p95=NaN, p98=NaN, p99=NaN, p999=NaN
2026-10-01T07:05:53.079431989Z ncm-platform-flink-kubernetes-operator-5cb9ccc496-rlh64.k8soperator.ncm-sc.ncm-platform-flink-kubernetes-operator.namespace.ncm-sc.FlinkSessionJob.Lifecycle.State.ROLLED_BACK.TimeSeconds: count=0, min=0, max=0, mean=NaN, stddev=NaN, p50=NaN, p75=NaN, p95=NaN, p98=NaN, p99=NaN, p999=NaN
2026-10-01T07:05:53.079434191Z ncm-platform-flink-kubernetes-operator-5cb9ccc496-rlh64.k8soperator.ncm-sc.ncm-platform-flink-kubernetes-operator.namespace.ncm-sc.FlinkDeployment.Lifecycle.Transition.Stabilization.TimeSeconds: count=1, min=64, max=64, mean=64.0, stddev=0.0, p50=64.0, p75=64.0, p95=64.0, p98=64.0, p99=64.0, p999=64.0
2026-10-01T07:05:53.079436408Z ncm-platform-flink-kubernetes-operator-5cb9ccc496-rlh64.k8soperator.ncm-sc.ncm-platform-flink-kubernetes-operator.namespace.ncm-sc.FlinkDeployment.Lifecycle.Transition.Suspend.TimeSeconds: count=0, min=0, max=0, mean=NaN, stddev=NaN, p50=NaN, p75=NaN, p95=NaN, p98=NaN, p99=NaN, p999=NaN
2026-10-01T07:05:53.079438451Z ncm-platform-flink-kubernetes-operator-5cb9ccc496-rlh64.k8soperator.ncm-sc.ncm-platform-flink-kubernetes-operator.namespace.ncm-sc.FlinkSessionJob.Lifecycle.Transition.Rollback.TimeSeconds: count=0, min=0, max=0, mean=NaN, stddev=NaN, p50=NaN, p75=NaN, p95=NaN, p98=NaN, p99=NaN, p999=NaN
2026-10-01T07:05:53.079440418Z ncm-platform-flink-kubernetes-operator-5cb9ccc496-rlh64.k8soperator.ncm-sc.ncm-platform-flink-kubernetes-operator.system.FlinkDeployment.Lifecycle.State.DELETED.TimeSeconds: count=0, min=0, max=0, mean=NaN, stddev=NaN, p50=NaN, p75=NaN, p95=NaN, p98=NaN, p99=NaN, p999=NaN
2026-10-01T07:05:53.079442431Z ncm-platform-flink-kubernetes-operator-5cb9ccc496-rlh64.k8soperator.ncm-sc.ncm-platform-flink-kubernetes-operator.system.FlinkDeployment.Lifecycle.State.ROLLED_BACK.TimeSeconds: count=0, min=0, max=0, mean=NaN, stddev=NaN, p50=NaN, p75=NaN, p95=NaN, p98=NaN, p99=NaN, p999=NaN
2026-10-01T07:05:53.079445179Z ncm-platform-flink-kubernetes-operator-5cb9ccc496-rlh64.k8soperator.ncm-sc.ncm-platform-flink-kubernetes-operator.namespace.ncm-sc.FlinkDeployment.Lifecycle.State.ROLLING_BACK.TimeSeconds: count=0, min=0, max=0, mean=NaN, stddev=NaN, p50=NaN, p75=NaN, p95=NaN, p98=NaN, p99=NaN, p999=NaN
2026-10-01T07:05:53.079447282Z ncm-platform-flink-kubernetes-operator-5cb9ccc496-rlh64.k8soperator.ncm-sc.ncm-platform-flink-kubernetes-operator.system.FlinkDeployment.Lifecycle.State.DEPLOYED.TimeSeconds: count=1, min=64, max=64, mean=64.0, stddev=0.0, p50=64.0, p75=64.0, p95=64.0, p98=64.0, p99=64.0, p999=64.0
2026-10-01T07:05:53.079449301Z ncm-platform-flink-kubernetes-operator-5cb9ccc496-rlh64.k8soperator.ncm-sc.ncm-platform-flink-kubernetes-operator.system.FlinkSessionJob.Lifecycle.Transition.Suspend.TimeSeconds: count=0, min=0, max=0, mean=NaN, stddev=NaN, p50=NaN, p75=NaN, p95=NaN, p98=NaN, p99=NaN, p999=NaN
2026-10-01T07:05:53.079455222Z ncm-platform-flink-kubernetes-operator-5cb9ccc496-rlh64.k8soperator.ncm-sc.ncm-platform-flink-kubernetes-operator.namespace.ncm-sc.FlinkDeployment.Lifecycle.State.FAILED.TimeSeconds: count=0, min=0, max=0, mean=NaN, stddev=NaN, p50=NaN, p75=NaN, p95=NaN, p98=NaN, p99=NaN, p999=NaN
2026-10-01T07:05:53.079459062Z ncm-platform-flink-kubernetes-operator-5cb9ccc496-rlh64.k8soperator.ncm-sc.ncm-platform-flink-kubernetes-operator.system.FlinkDeployment.Lifecycle.Transition.Suspend.TimeSeconds: count=0, min=0, max=0, mean=NaN, stddev=NaN, p50=NaN, p75=NaN, p95=NaN, p98=NaN, p99=NaN, p999=NaN
2026-10-01T07:05:53.079461579Z ncm-platform-flink-kubernetes-operator-5cb9ccc496-rlh64.k8soperator.ncm-sc.ncm-platform-flink-kubernetes-operator.system.FlinkSessionJob.Lifecycle.State.DEPLOYED.TimeSeconds: count=1, min=31, max=31, mean=31.0, stddev=0.0, p50=31.0, p75=31.0, p95=31.0, p98=31.0, p99=31.0, p999=31.0
2026-10-01T07:05:53.079466573Z ncm-platform-flink-kubernetes-operator-5cb9ccc496-rlh64.k8soperator.ncm-sc.ncm-platform-flink-kubernetes-operator.system.FlinkDeployment.Lifecycle.State.DELETING.TimeSeconds: count=0, min=0, max=0, mean=NaN, stddev=NaN, p50=NaN, p75=NaN, p95=NaN, p98=NaN, p99=NaN, p999=NaN
2026-10-01T07:05:53.079468751Z ncm-platform-flink-kubernetes-operator-5cb9ccc496-rlh64.k8soperator.ncm-sc.ncm-platform-flink-kubernetes-operator.system.FlinkDeployment.Lifecycle.Transition.Upgrade.TimeSeconds: count=0, min=0, max=0, mean=NaN, stddev=NaN, p50=NaN, p75=NaN, p95=NaN, p98=NaN, p99=NaN, p999=NaN
2026-10-01T07:05:53.079472064Z ncm-platform-flink-kubernetes-operator-5cb9ccc496-rlh64.k8soperator.ncm-sc.ncm-platform-flink-kubernetes-operator.system.FlinkSessionJob.Lifecycle.Transition.Submission.TimeSeconds: count=1, min=26, max=26, mean=26.0, stddev=0.0, p50=26.0, p75=26.0, p95=26.0, p98=26.0, p99=26.0, p999=26.0
2026-10-01T07:05:53.079474413Z ncm-platform-flink-kubernetes-operator-5cb9ccc496-rlh64.k8soperator.ncm-sc.ncm-platform-flink-kubernetes-operator.namespace.ncm-sc.FlinkSessionJob.Lifecycle.Transition.Submission.TimeSeconds: count=1, min=26, max=26, mean=26.0, stddev=0.0, p50=26.0, p75=26.0, p95=26.0, p98=26.0, p99=26.0, p999=26.0
2026-10-01T07:05:53.079476791Z ncm-platform-flink-kubernetes-operator-5cb9ccc496-rlh64.k8soperator.ncm-sc.ncm-platform-flink-kubernetes-operator.namespace.ncm-sc.FlinkSessionJob.Lifecycle.Transition.Stabilization.TimeSeconds: count=1, min=31, max=31, mean=31.0, stddev=0.0, p50=31.0, p75=31.0, p95=31.0, p98=31.0, p99=31.0, p999=31.0
2026-10-01T07:05:53.079478763Z ncm-platform-flink-kubernetes-operator-5cb9ccc496-rlh64.k8soperator.ncm-sc.ncm-platform-flink-kubernetes-operator.system.FlinkSessionJob.Lifecycle.State.DELETING.TimeSeconds: count=0, min=0, max=0, mean=NaN, stddev=NaN, p50=NaN, p75=NaN, p95=NaN, p98=NaN, p99=NaN, p999=NaN
2026-10-01T07:05:53.079480712Z ncm-platform-flink-kubernetes-operator-5cb9ccc496-rlh64.k8soperator.ncm-sc.ncm-platform-flink-kubernetes-operator.namespace.ncm-sc.FlinkSessionJob.Lifecycle.Transition.Resume.TimeSeconds: count=0, min=0, max=0, mean=NaN, stddev=NaN, p50=NaN, p75=NaN, p95=NaN, p98=NaN, p99=NaN, p999=NaN
2026-10-01T07:05:53.079482698Z ncm-platform-flink-kubernetes-operator-5cb9ccc496-rlh64.k8soperator.ncm-sc.ncm-platform-flink-kubernetes-operator.namespace.ncm-sc.FlinkSessionJob.Lifecycle.State.SUSPENDED.TimeSeconds: count=0, min=0, max=0, mean=NaN, stddev=NaN, p50=NaN, p75=NaN, p95=NaN, p98=NaN, p99=NaN, p999=NaN
2026-10-01T07:05:53.079484668Z ncm-platform-flink-kubernetes-operator-5cb9ccc496-rlh64.k8soperator.ncm-sc.ncm-platform-flink-kubernetes-operator.system.FlinkSessionJob.Lifecycle.State.ROLLING_BACK.TimeSeconds: count=0, min=0, max=0, mean=NaN, stddev=NaN, p50=NaN, p75=NaN, p95=NaN, p98=NaN, p99=NaN, p999=NaN
2026-10-01T07:05:53.079486661Z ncm-platform-flink-kubernetes-operator-5cb9ccc496-rlh64.k8soperator.ncm-sc.ncm-platform-flink-kubernetes-operator.namespace.ncm-sc.FlinkSessionJob.Lifecycle.State.DELETING.TimeSeconds: count=0, min=0, max=0, mean=NaN, stddev=NaN, p50=NaN, p75=NaN, p95=NaN, p98=NaN, p99=NaN, p999=NaN
2026-10-01T07:05:53.079488610Z ncm-platform-flink-kubernetes-operator-5cb9ccc496-rlh64.k8soperator.ncm-sc.ncm-platform-flink-kubernetes-operator.namespace.ncm-sc.FlinkDeployment.Lifecycle.State.CREATED.TimeSeconds: count=1, min=5, max=5, mean=5.0, stddev=0.0, p50=5.0, p75=5.0, p95=5.0, p98=5.0, p99=5.0, p999=5.0
2026-10-01T07:05:53.079494704Z ncm-platform-flink-kubernetes-operator-5cb9ccc496-rlh64.k8soperator.ncm-sc.ncm-platform-flink-kubernetes-operator.system.FlinkSessionJob.Lifecycle.Transition.Resume.TimeSeconds: count=0, min=0, max=0, mean=NaN, stddev=NaN, p50=NaN, p75=NaN, p95=NaN, p98=NaN, p99=NaN, p999=NaN
2026-10-01T07:05:53.079497196Z ncm-platform-flink-kubernetes-operator-5cb9ccc496-rlh64.k8soperator.ncm-sc.ncm-platform-flink-kubernetes-operator.system.FlinkSessionJob.Lifecycle.State.SUSPENDED.TimeSeconds: count=0, min=0, max=0, mean=NaN, stddev=NaN, p50=NaN, p75=NaN, p95=NaN, p98=NaN, p99=NaN, p999=NaN
2026-10-01T07:05:53.079501782Z ncm-platform-flink-kubernetes-operator-5cb9ccc496-rlh64.k8soperator.ncm-sc.ncm-platform-flink-kubernetes-operator.namespace.ncm-sc.FlinkSessionJob.Lifecycle.State.CREATED.TimeSeconds: count=1, min=72, max=72, mean=72.0, stddev=0.0, p50=72.0, p75=72.0, p95=72.0, p98=72.0, p99=72.0, p999=72.0
2026-10-01T07:05:53.079503899Z ncm-platform-flink-kubernetes-operator-5cb9ccc496-rlh64.k8soperator.ncm-sc.ncm-platform-flink-kubernetes-operator.namespace.ncm-sc.FlinkDeployment.Lifecycle.Transition.Upgrade.TimeSeconds: count=0, min=0, max=0, mean=NaN, stddev=NaN, p50=NaN, p75=NaN, p95=NaN, p98=NaN, p99=NaN, p999=NaN
2026-10-01T07:05:53.079505962Z ncm-platform-flink-kubernetes-operator-5cb9ccc496-rlh64.k8soperator.ncm-sc.ncm-platform-flink-kubernetes-operator.namespace.ncm-sc.FlinkDeployment.Lifecycle.State.STABLE.TimeSeconds: count=0, min=0, max=0, mean=NaN, stddev=NaN, p50=NaN, p75=NaN, p95=NaN, p98=NaN, p99=NaN, p999=NaN
2026-10-01T07:05:53.079508044Z ncm-platform-flink-kubernetes-operator-5cb9ccc496-rlh64.k8soperator.ncm-sc.ncm-platform-flink-kubernetes-operator.system.FlinkDeployment.Lifecycle.Transition.Rollback.TimeSeconds: count=0, min=0, max=0, mean=NaN, stddev=NaN, p50=NaN, p75=NaN, p95=NaN, p98=NaN, p99=NaN, p999=NaN
2026-10-01T07:05:53.079510042Z ncm-platform-flink-kubernetes-operator-5cb9ccc496-rlh64.k8soperator.ncm-sc.ncm-platform-flink-kubernetes-operator.namespace.ncm-sc.FlinkDeployment.Lifecycle.State.DEPLOYED.TimeSeconds: count=1, min=64, max=64, mean=64.0, stddev=0.0, p50=64.0, p75=64.0, p95=64.0, p98=64.0, p99=64.0, p999=64.0
2026-10-01T07:05:53.079512245Z ncm-platform-flink-kubernetes-operator-5cb9ccc496-rlh64.k8soperator.ncm-sc.ncm-platform-flink-kubernetes-operator.namespace.ncm-sc.FlinkSessionJob.Lifecycle.State.ROLLING_BACK.TimeSeconds: count=0, min=0, max=0, mean=NaN, stddev=NaN, p50=NaN, p75=NaN, p95=NaN, p98=NaN, p99=NaN, p999=NaN
2026-10-01T07:05:53.079514240Z ncm-platform-flink-kubernetes-operator-5cb9ccc496-rlh64.k8soperator.ncm-sc.ncm-platform-flink-kubernetes-operator.system.FlinkDeployment.Lifecycle.State.FAILED.TimeSeconds: count=0, min=0, max=0, mean=NaN, stddev=NaN, p50=NaN, p75=NaN, p95=NaN, p98=NaN, p99=NaN, p999=NaN
2026-10-01T07:05:53.079516311Z ncm-platform-flink-kubernetes-operator-5cb9ccc496-rlh64.k8soperator.ncm-sc.ncm-platform-flink-kubernetes-operator.namespace.ncm-sc.FlinkDeployment.Lifecycle.Transition.Rollback.TimeSeconds: count=0, min=0, max=0, mean=NaN, stddev=NaN, p50=NaN, p75=NaN, p95=NaN, p98=NaN, p99=NaN, p999=NaN
2026-10-01T07:05:53.079518403Z ncm-platform-flink-kubernetes-operator-5cb9ccc496-rlh64.k8soperator.ncm-sc.ncm-platform-flink-kubernetes-operator.system.FlinkSessionJob.Lifecycle.State.FAILED.TimeSeconds: count=0, min=0, max=0, mean=NaN, stddev=NaN, p50=NaN, p75=NaN, p95=NaN, p98=NaN, p99=NaN, p999=NaN
2026-10-01T07:05:53.079520412Z ncm-platform-flink-kubernetes-operator-5cb9ccc496-rlh64.k8soperator.ncm-sc.ncm-platform-flink-kubernetes-operator.system.FlinkSessionJob.Lifecycle.State.CREATED.TimeSeconds: count=1, min=72, max=72, mean=72.0, stddev=0.0, p50=72.0, p75=72.0, p95=72.0, p98=72.0, p99=72.0, p999=72.0
2026-10-01T07:05:53.079522582Z ncm-platform-flink-kubernetes-operator-5cb9ccc496-rlh64.k8soperator.ncm-sc.ncm-platform-flink-kubernetes-operator.system.FlinkSessionJob.Lifecycle.State.DELETED.TimeSeconds: count=0, min=0, max=0, mean=NaN, stddev=NaN, p50=NaN, p75=NaN, p95=NaN, p98=NaN, p99=NaN, p999=NaN
2026-10-01T07:05:53.079524577Z ncm-platform-flink-kubernetes-operator-5cb9ccc496-rlh64.k8soperator.ncm-sc.ncm-platform-flink-kubernetes-operator.system.FlinkDeployment.Lifecycle.Transition.Stabilization.TimeSeconds: count=1, min=64, max=64, mean=64.0, stddev=0.0, p50=64.0, p75=64.0, p95=64.0, p98=64.0, p99=64.0, p999=64.0
2026-10-01T07:05:53.079533729Z ncm-platform-flink-kubernetes-operator-5cb9ccc496-rlh64.k8soperator.ncm-sc.ncm-platform-flink-kubernetes-operator.system.FlinkSessionJob.Lifecycle.Transition.Upgrade.TimeSeconds: count=0, min=0, max=0, mean=NaN, stddev=NaN, p50=NaN, p75=NaN, p95=NaN, p98=NaN, p99=NaN, p999=NaN
2026-10-01T07:05:53.079538915Z ncm-platform-flink-kubernetes-operator-5cb9ccc496-rlh64.k8soperator.ncm-sc.ncm-platform-flink-kubernetes-operator.namespace.ncm-sc.FlinkDeployment.Lifecycle.State.DELETING.TimeSeconds: count=0, min=0, max=0, mean=NaN, stddev=NaN, p50=NaN, p75=NaN, p95=NaN, p98=NaN, p99=NaN, p999=NaN
2026-10-01T07:05:53.079540950Z ncm-platform-flink-kubernetes-operator-5cb9ccc496-rlh64.k8soperator.ncm-sc.ncm-platform-flink-kubernetes-operator.system.FlinkSessionJob.Lifecycle.State.ROLLED_BACK.TimeSeconds: count=0, min=0, max=0, mean=NaN, stddev=NaN, p50=NaN, p75=NaN, p95=NaN, p98=NaN, p99=NaN, p999=NaN
2026-10-01T07:05:53.079548635Z ncm-platform-flink-kubernetes-operator-5cb9ccc496-rlh64.k8soperator.ncm-sc.ncm-platform-flink-kubernetes-operator.namespace.ncm-sc.FlinkDeployment.Lifecycle.Transition.Resume.TimeSeconds: count=0, min=0, max=0, mean=NaN, stddev=NaN, p50=NaN, p75=NaN, p95=NaN, p98=NaN, p99=NaN, p999=NaN
2026-10-01T07:05:53.079551082Z ncm-platform-flink-kubernetes-operator-5cb9ccc496-rlh64.k8soperator.ncm-sc.ncm-platform-flink-kubernetes-operator.namespace.ncm-sc.FlinkDeployment.Lifecycle.State.UPGRADING.TimeSeconds: count=1, min=0, max=0, mean=0.0, stddev=0.0, p50=0.0, p75=0.0, p95=0.0, p98=0.0, p99=0.0, p999=0.0
2026-10-01T07:05:53.079553187Z ncm-platform-flink-kubernetes-operator-5cb9ccc496-rlh64.k8soperator.ncm-sc.ncm-platform-flink-kubernetes-operator.system.FlinkSessionJob.Lifecycle.State.UPGRADING.TimeSeconds: count=1, min=0, max=0, mean=0.0, stddev=0.0, p50=0.0, p75=0.0, p95=0.0, p98=0.0, p99=0.0, p999=0.0
2026-10-01T07:05:53.079555175Z ncm-platform-flink-kubernetes-operator-5cb9ccc496-rlh64.k8soperator.ncm-sc.ncm-platform-flink-kubernetes-operator.namespace.ncm-sc.FlinkSessionJob.JOSDK.reconcile.resource.TimeSeconds: count=1000, min=0, max=0, mean=0.0, stddev=0.0, p50=0.0, p75=0.0, p95=0.0, p98=0.0, p99=0.0, p999=0.0
2026-10-01T07:05:53.079559492Z ncm-platform-flink-kubernetes-operator-5cb9ccc496-rlh64.k8soperator.ncm-sc.ncm-platform-flink-kubernetes-operator.system.KubeClient.HttpResponse.TimeNanos: count=1000, min=2959745, max=188643330, mean=5190915.174000008, stddev=5944028.723459367, p50=5165760.5, p75=5767841.5, p95=6954241.349999999, p98=7474975.7, p99=9425351.610000007, p999=1.8846923077202392E8
2026-10-01T07:05:53.079564118Z ncm-platform-flink-kubernetes-operator-5cb9ccc496-rlh64.k8soperator.ncm-sc.ncm-platform-flink-kubernetes-operator.namespace.ncm-sc.FlinkSessionJob.Lifecycle.Transition.Upgrade.TimeSeconds: count=0, min=0, max=0, mean=NaN, stddev=NaN, p50=NaN, p75=NaN, p95=NaN, p98=NaN, p99=NaN, p999=NaN
2026-10-01T07:05:53.079566522Z ncm-platform-flink-kubernetes-operator-5cb9ccc496-rlh64.k8soperator.ncm-sc.ncm-platform-flink-kubernetes-operator.system.FlinkSessionJob.Lifecycle.State.STABLE.TimeSeconds: count=0, min=0, max=0, mean=NaN, stddev=NaN, p50=NaN, p75=NaN, p95=NaN, p98=NaN, p99=NaN, p999=NaN
2026-10-01T07:05:53.079568678Z ncm-platform-flink-kubernetes-operator-5cb9ccc496-rlh64.k8soperator.ncm-sc.ncm-platform-flink-kubernetes-operator.system.FlinkDeployment.Lifecycle.State.ROLLING_BACK.TimeSeconds: count=0, min=0, max=0, mean=NaN, stddev=NaN, p50=NaN, p75=NaN, p95=NaN, p98=NaN, p99=NaN, p999=NaN
2026-10-01T07:05:53.079570752Z ncm-platform-flink-kubernetes-operator-5cb9ccc496-rlh64.k8soperator.ncm-sc.ncm-platform-flink-kubernetes-operator.system.FlinkSessionJob.Lifecycle.Transition.Stabilization.TimeSeconds: count=1, min=31, max=31, mean=31.0, stddev=0.0, p50=31.0, p75=31.0, p95=31.0, p98=31.0, p99=31.0, p999=31.0
2026-10-01T07:05:53.079572734Z ncm-platform-flink-kubernetes-operator-5cb9ccc496-rlh64.k8soperator.ncm-sc.ncm-platform-flink-kubernetes-operator.namespace.ncm-sc.FlinkSessionJob.Lifecycle.State.STABLE.TimeSeconds: count=0, min=0, max=0, mean=NaN, stddev=NaN, p50=NaN, p75=NaN, p95=NaN, p98=NaN, p99=NaN, p999=NaN
2026-10-01T07:05:53.079577095Z ncm-platform-flink-kubernetes-operator-5cb9ccc496-rlh64.k8soperator.ncm-sc.ncm-platform-flink-kubernetes-operator.system.FlinkDeployment.Lifecycle.State.UPGRADING.TimeSeconds: count=1, min=0, max=0, mean=0.0, stddev=0.0, p50=0.0, p75=0.0, p95=0.0, p98=0.0, p99=0.0, p999=0.0
2026-10-01T07:05:53.079579113Z ncm-platform-flink-kubernetes-operator-5cb9ccc496-rlh64.k8soperator.ncm-sc.ncm-platform-flink-kubernetes-operator.namespace.ncm-sc.FlinkDeployment.Lifecycle.State.DELETED.TimeSeconds: count=0, min=0, max=0, mean=NaN, stddev=NaN, p50=NaN, p75=NaN, p95=NaN, p98=NaN, p99=NaN, p999=NaN
2026-10-01T07:05:53.079581174Z ncm-platform-flink-kubernetes-operator-5cb9ccc496-rlh64.k8soperator.ncm-sc.ncm-platform-flink-kubernetes-operator.namespace.ncm-sc.FlinkSessionJob.Lifecycle.State.DELETED.TimeSeconds: count=0, min=0, max=0, mean=NaN, stddev=NaN, p50=NaN, p75=NaN, p95=NaN, p98=NaN, p99=NaN, p999=NaN
2026-10-01T07:05:53.079583052Z 
2026-10-01T07:05:53.079585218Z =========================== Finished metrics report ===========================
2026-10-01T07:05:53.079587192Z 
2026-10-01T07:05:57.763608477Z [m[33m2026-10-01 07:05:57,763[m [36mo.a.f.k.o.r.d.AbstractFlinkResourceReconciler[m [32m[INFO ][ncm-sc/fsc-flink-cluster] Resource fully reconciled, nothing to do...
2026-10-01T07:06:00.148012292Z [m[33m2026-10-01 07:06:00,147[m [36mo.a.f.k.o.c.FlinkSessionJobController[m [32m[INFO ][ncm-sc/ncm-events] Starting reconciliation
2026-10-01T07:06:00.164388020Z [m[33m2026-10-01 07:06:00,164[m [36mo.a.f.k.o.r.d.AbstractFlinkResourceReconciler[m [32m[INFO ][ncm-sc/ncm-events] Resource fully reconciled, nothing to do...
2026-10-01T07:06:12.775474937Z [m[33m2026-10-01 07:06:12,775[m [36mo.a.f.k.o.r.d.AbstractFlinkResourceReconciler[m [32m[INFO ][ncm-sc/fsc-flink-cluster] Resource fully reconciled, nothing to do...
2026-10-01T07:06:15.165033823Z [m[33m2026-10-01 07:06:15,164[m [36mo.a.f.k.o.c.FlinkSessionJobController[m [32m[INFO ][ncm-sc/ncm-events] Starting reconciliation
2026-10-01T07:06:15.172253507Z [m[33m2026-10-01 07:06:15,172[m [36mo.a.f.k.o.r.d.AbstractFlinkResourceReconciler[m [32m[INFO ][ncm-sc/ncm-events] Resource fully reconciled, nothing to do...
2026-10-01T07:06:27.786673912Z [m[33m2026-10-01 07:06:27,786[m [36mo.a.f.k.o.r.d.AbstractFlinkResourceReconciler[m [32m[INFO ][ncm-sc/fsc-flink-cluster] Resource fully reconciled, nothing to do...
2026-10-01T07:06:30.172789183Z [m[33m2026-10-01 07:06:30,172[m [36mo.a.f.k.o.c.FlinkSessionJobController[m [32m[INFO ][ncm-sc/ncm-events] Starting reconciliation
2026-10-01T07:06:30.184765185Z [m[33m2026-10-01 07:06:30,184[m [36mo.a.f.k.o.r.d.AbstractFlinkResourceReconciler[m [32m[INFO ][ncm-sc/ncm-events] Resource fully reconciled, nothing to do...
2026-10-01T07:06:42.797919708Z [m[33m2026-10-01 07:06:42,797[m [36mo.a.f.k.o.r.d.AbstractFlinkResourceReconciler[m [32m[INFO ][ncm-sc/fsc-flink-cluster] Resource fully reconciled, nothing to do...
2026-10-01T07:06:45.185366134Z [m[33m2026-10-01 07:06:45,185[m [36mo.a.f.k.o.c.FlinkSessionJobController[m [32m[INFO ][ncm-sc/ncm-events] Starting reconciliation
2026-10-01T07:06:45.192486712Z [m[33m2026-10-01 07:06:45,192[m [36mo.a.f.k.o.r.d.AbstractFlinkResourceReconciler[m [32m[INFO ][ncm-sc/ncm-events] Resource fully reconciled, nothing to do...
2026-10-01T07:06:57.809268473Z [m[33m2026-10-01 07:06:57,809[m [36mo.a.f.k.o.r.d.AbstractFlinkResourceReconciler[m [32m[INFO ][ncm-sc/fsc-flink-cluster] Resource fully reconciled, nothing to do...
2026-10-01T07:07:00.193104685Z [m[33m2026-10-01 07:07:00,192[m [36mo.a.f.k.o.c.FlinkSessionJobController[m [32m[INFO ][ncm-sc/ncm-events] Starting reconciliation
2026-10-01T07:07:00.201702087Z [m[33m2026-10-01 07:07:00,201[m [36mo.a.f.k.o.r.d.AbstractFlinkResourceReconciler[m [32m[INFO ][ncm-sc/ncm-events] Resource fully reconciled, nothing to do...
2026-10-01T07:07:12.820590408Z [m[33m2026-10-01 07:07:12,820[m [36mo.a.f.k.o.r.d.AbstractFlinkResourceReconciler[m [32m[INFO ][ncm-sc/fsc-flink-cluster] Resource fully reconciled, nothing to do...
2026-10-01T07:07:15.202577143Z [m[33m2026-10-01 07:07:15,202[m [36mo.a.f.k.o.c.FlinkSessionJobController[m [32m[INFO ][ncm-sc/ncm-events] Starting reconciliation
2026-10-01T07:07:15.210487538Z [m[33m2026-10-01 07:07:15,210[m [36mo.a.f.k.o.r.d.AbstractFlinkResourceReconciler[m [32m[INFO ][ncm-sc/ncm-events] Resource fully reconciled, nothing to do...
2026-10-01T07:07:27.832328706Z [m[33m2026-10-01 07:07:27,832[m [36mo.a.f.k.o.r.d.AbstractFlinkResourceReconciler[m [32m[INFO ][ncm-sc/fsc-flink-cluster] Resource fully reconciled, nothing to do...
2026-10-01T07:07:30.211087159Z [m[33m2026-10-01 07:07:30,210[m [36mo.a.f.k.o.c.FlinkSessionJobController[m [32m[INFO ][ncm-sc/ncm-events] Starting reconciliation
2026-10-01T07:07:30.219742485Z [m[33m2026-10-01 07:07:30,219[m [36mo.a.f.k.o.r.d.AbstractFlinkResourceReconciler[m [32m[INFO ][ncm-sc/ncm-events] Resource fully reconciled, nothing to do...
2026-10-01T07:07:42.843508119Z [m[33m2026-10-01 07:07:42,843[m [36mo.a.f.k.o.r.d.AbstractFlinkResourceReconciler[m [32m[INFO ][ncm-sc/fsc-flink-cluster] Resource fully reconciled, nothing to do...
2026-10-01T07:07:45.220308406Z [m[33m2026-10-01 07:07:45,220[m [36mo.a.f.k.o.c.FlinkSessionJobController[m [32m[INFO ][ncm-sc/ncm-events] Starting reconciliation
2026-10-01T07:07:45.228104279Z [m[33m2026-10-01 07:07:45,227[m [36mo.a.f.k.o.r.d.AbstractFlinkResourceReconciler[m [32m[INFO ][ncm-sc/ncm-events] Resource fully reconciled, nothing to do...
