2026-06-03 14:11:23 - create_rate_cards - INFO - ================================================================================
2026-06-03 14:11:23 - create_rate_cards - INFO - Script: create_rate_cards
2026-06-03 14:11:23 - create_rate_cards - INFO - Log file: /Users/mohan.as1/workspace/mohan_helpers/cost_governnance/logs/create_rate_cards_20260603_141123.log
2026-06-03 14:11:23 - create_rate_cards - INFO - ================================================================================
2026-06-03 14:11:23 - create_rate_cards - INFO - ================================================================================
2026-06-03 14:11:23 - create_rate_cards - INFO - Create Rate Cards Script Started
2026-06-03 14:11:23 - create_rate_cards - INFO - ================================================================================
2026-06-03 14:11:23 - create_rate_cards - INFO - [API REQUEST] POST https://ncm.services.nconprem-10-36-199-8.ccpnx.com/v1/cg/config/rate-cards
2026-06-03 14:11:23 - create_rate_cards - INFO - [REQUEST JSON PAYLOAD]
{
  "rateCards": [
    {
      "rateCardName": "st_testing441692_0",
      "meteringRates": {
        "vm": {
          "vCpu": {
            "unit": "HOUR",
            "rate": 24
          },
          "vRam": {
            "unit": "HOUR",
            "rate": 7
          },
          "vStorage": {
            "unit": "GIB",
            "rate": 52
          },
          "customConfigs": [
            {
              "description": "st_testing441692_0",
              "value": {
                "unit": "DAY",
                "rate": 36
              }
            },
            {
              "description": "st_testing441692_1",
              "value": {
                "unit": "DAY",
                "rate": 96
              }
            },
            {
              "description": "st_testing441692_2",
              "value": {
                "unit": "DAY",
                "rate": 26
              }
            },
            {
              "description": "st_testing441692_3",
              "value": {
                "unit": "DAY",
                "rate": 69
              }
            },
            {
              "description": "st_testing441692_4",
              "value": {
                "unit": "DAY",
                "rate": 73
              }
            }
          ]
        }
      },
      "resources": []
    }
  ]
}
2026-06-03 14:11:27 - create_rate_cards - INFO - [API RESPONSE] POST https://ncm.services.nconprem-10-36-199-8.ccpnx.com/v1/cg/config/rate-cards
2026-06-03 14:11:27 - create_rate_cards - INFO - [STATUS CODE] 200
2026-06-03 14:11:27 - create_rate_cards - INFO - [TIME TAKEN] 4.0158 seconds (4015.79 ms)
2026-06-03 14:11:27 - create_rate_cards - INFO - [RESPONSE CONTENT-TYPE] application/json
2026-06-03 14:11:27 - create_rate_cards - INFO - [RESPONSE PAYLOAD]
{
  "ids": [
    "019ae5fe-26cd-418b-8cf8-32fe7ebe3a7c"
  ]
}
2026-06-03 14:11:27 - create_rate_cards - INFO - ✓ [1] Created rate card: st_testing441692_0
2026-06-03 14:11:27 - create_rate_cards - INFO - [API REQUEST] POST https://ncm.services.nconprem-10-36-199-8.ccpnx.com/v1/cg/config/rate-cards
2026-06-03 14:11:27 - create_rate_cards - INFO - [REQUEST JSON PAYLOAD]
{
  "rateCards": [
    {
      "rateCardName": "st_testing441692_1",
      "meteringRates": {
        "vm": {
          "vCpu": {
            "unit": "HOUR",
            "rate": 87
          },
          "vRam": {
            "unit": "HOUR",
            "rate": 15
          },
          "vStorage": {
            "unit": "GIB",
            "rate": 58
          },
          "customConfigs": [
            {
              "description": "st_testing441692_0",
              "value": {
                "unit": "DAY",
                "rate": 97
              }
            },
            {
              "description": "st_testing441692_1",
              "value": {
                "unit": "DAY",
                "rate": 97
              }
            },
            {
              "description": "st_testing441692_2",
              "value": {
                "unit": "DAY",
                "rate": 38
              }
            },
            {
              "description": "st_testing441692_3",
              "value": {
                "unit": "DAY",
                "rate": 79
              }
            },
            {
              "description": "st_testing441692_4",
              "value": {
                "unit": "DAY",
                "rate": 8
              }
            }
          ]
        }
      },
      "resources": []
    }
  ]
}
2026-06-03 14:11:29 - create_rate_cards - INFO - [API RESPONSE] POST https://ncm.services.nconprem-10-36-199-8.ccpnx.com/v1/cg/config/rate-cards
2026-06-03 14:11:29 - create_rate_cards - INFO - [STATUS CODE] 200
2026-06-03 14:11:29 - create_rate_cards - INFO - [TIME TAKEN] 1.4173 seconds (1417.25 ms)
2026-06-03 14:11:29 - create_rate_cards - INFO - [RESPONSE CONTENT-TYPE] application/json
2026-06-03 14:11:29 - create_rate_cards - INFO - [RESPONSE PAYLOAD]
{
  "ids": [
    "83b8cd72-a867-4f27-93e1-ca87fd0e14f3"
  ]
}
2026-06-03 14:11:29 - create_rate_cards - INFO - ✓ [2] Created rate card: st_testing441692_1
2026-06-03 14:11:29 - create_rate_cards - INFO - [API REQUEST] POST https://ncm.services.nconprem-10-36-199-8.ccpnx.com/v1/cg/config/rate-cards
2026-06-03 14:11:29 - create_rate_cards - INFO - [REQUEST JSON PAYLOAD]
{
  "rateCards": [
    {
      "rateCardName": "st_testing441692_2",
      "meteringRates": {
        "vm": {
          "vCpu": {
            "unit": "HOUR",
            "rate": 34
          },
          "vRam": {
            "unit": "HOUR",
            "rate": 60
          },
          "vStorage": {
            "unit": "GIB",
            "rate": 96
          },
          "customConfigs": [
            {
              "description": "st_testing441692_0",
              "value": {
                "unit": "DAY",
                "rate": 100
              }
            },
            {
              "description": "st_testing441692_1",
              "value": {
                "unit": "DAY",
                "rate": 88
              }
            },
            {
              "description": "st_testing441692_2",
              "value": {
                "unit": "DAY",
                "rate": 58
              }
            },
            {
              "description": "st_testing441692_3",
              "value": {
                "unit": "DAY",
                "rate": 93
              }
            },
            {
              "description": "st_testing441692_4",
              "value": {
                "unit": "DAY",
                "rate": 47
              }
            }
          ]
        }
      },
      "resources": []
    }
  ]
}
2026-06-03 14:11:30 - create_rate_cards - INFO - [API RESPONSE] POST https://ncm.services.nconprem-10-36-199-8.ccpnx.com/v1/cg/config/rate-cards
2026-06-03 14:11:30 - create_rate_cards - INFO - [STATUS CODE] 200
2026-06-03 14:11:30 - create_rate_cards - INFO - [TIME TAKEN] 1.7398 seconds (1739.83 ms)
2026-06-03 14:11:30 - create_rate_cards - INFO - [RESPONSE CONTENT-TYPE] application/json
2026-06-03 14:11:30 - create_rate_cards - INFO - [RESPONSE PAYLOAD]
{
  "ids": [
    "bf2cb6ec-e769-4ee7-9e17-ac2f8b62f57b"
  ]
}
2026-06-03 14:11:30 - create_rate_cards - INFO - ✓ [3] Created rate card: st_testing441692_2
2026-06-03 14:11:30 - create_rate_cards - INFO - [API REQUEST] POST https://ncm.services.nconprem-10-36-199-8.ccpnx.com/v1/cg/config/rate-cards
2026-06-03 14:11:30 - create_rate_cards - INFO - [REQUEST JSON PAYLOAD]
{
  "rateCards": [
    {
      "rateCardName": "st_testing441692_3",
      "meteringRates": {
        "vm": {
          "vCpu": {
            "unit": "HOUR",
            "rate": 50
          },
          "vRam": {
            "unit": "HOUR",
            "rate": 87
          },
          "vStorage": {
            "unit": "GIB",
            "rate": 69
          },
          "customConfigs": [
            {
              "description": "st_testing441692_0",
              "value": {
                "unit": "DAY",
                "rate": 28
              }
            },
            {
              "description": "st_testing441692_1",
              "value": {
                "unit": "DAY",
                "rate": 19
              }
            },
            {
              "description": "st_testing441692_2",
              "value": {
                "unit": "DAY",
                "rate": 33
              }
            },
            {
              "description": "st_testing441692_3",
              "value": {
                "unit": "DAY",
                "rate": 41
              }
            },
            {
              "description": "st_testing441692_4",
              "value": {
                "unit": "DAY",
                "rate": 94
              }
            }
          ]
        }
      },
      "resources": []
    }
  ]
}
2026-06-03 14:11:32 - create_rate_cards - INFO - [API RESPONSE] POST https://ncm.services.nconprem-10-36-199-8.ccpnx.com/v1/cg/config/rate-cards
2026-06-03 14:11:32 - create_rate_cards - INFO - [STATUS CODE] 200
2026-06-03 14:11:32 - create_rate_cards - INFO - [TIME TAKEN] 1.7561 seconds (1756.09 ms)
2026-06-03 14:11:32 - create_rate_cards - INFO - [RESPONSE CONTENT-TYPE] application/json
2026-06-03 14:11:32 - create_rate_cards - INFO - [RESPONSE PAYLOAD]
{
  "ids": [
    "dac6a452-10d8-4fcc-87d8-98ca3d602ad8"
  ]
}
2026-06-03 14:11:32 - create_rate_cards - INFO - ✓ [4] Created rate card: st_testing441692_3
2026-06-03 14:11:32 - create_rate_cards - INFO - [API REQUEST] POST https://ncm.services.nconprem-10-36-199-8.ccpnx.com/v1/cg/config/rate-cards
2026-06-03 14:11:32 - create_rate_cards - INFO - [REQUEST JSON PAYLOAD]
{
  "rateCards": [
    {
      "rateCardName": "st_testing441692_4",
      "meteringRates": {
        "vm": {
          "vCpu": {
            "unit": "HOUR",
            "rate": 92
          },
          "vRam": {
            "unit": "HOUR",
            "rate": 72
          },
          "vStorage": {
            "unit": "GIB",
            "rate": 26
          },
          "customConfigs": [
            {
              "description": "st_testing441692_0",
              "value": {
                "unit": "DAY",
                "rate": 76
              }
            },
            {
              "description": "st_testing441692_1",
              "value": {
                "unit": "DAY",
                "rate": 27
              }
            },
            {
              "description": "st_testing441692_2",
              "value": {
                "unit": "DAY",
                "rate": 84
              }
            },
            {
              "description": "st_testing441692_3",
              "value": {
                "unit": "DAY",
                "rate": 24
              }
            },
            {
              "description": "st_testing441692_4",
              "value": {
                "unit": "DAY",
                "rate": 76
              }
            }
          ]
        }
      },
      "resources": []
    }
  ]
}
2026-06-03 14:11:34 - create_rate_cards - INFO - [API RESPONSE] POST https://ncm.services.nconprem-10-36-199-8.ccpnx.com/v1/cg/config/rate-cards
2026-06-03 14:11:34 - create_rate_cards - INFO - [STATUS CODE] 200
2026-06-03 14:11:34 - create_rate_cards - INFO - [TIME TAKEN] 1.8323 seconds (1832.28 ms)
2026-06-03 14:11:34 - create_rate_cards - INFO - [RESPONSE CONTENT-TYPE] application/json
2026-06-03 14:11:34 - create_rate_cards - INFO - [RESPONSE PAYLOAD]
{
  "ids": [
    "86d5dc97-2ca8-48df-a56a-60fe8a117e78"
  ]
}
2026-06-03 14:11:34 - create_rate_cards - INFO - ✓ [5] Created rate card: st_testing441692_4
2026-06-03 14:11:34 - create_rate_cards - INFO - [API REQUEST] POST https://ncm.services.nconprem-10-36-199-8.ccpnx.com/v1/cg/config/rate-cards
2026-06-03 14:11:34 - create_rate_cards - INFO - [REQUEST JSON PAYLOAD]
{
  "rateCards": [
    {
      "rateCardName": "st_testing441692_5",
      "meteringRates": {
        "vm": {
          "vCpu": {
            "unit": "HOUR",
            "rate": 25
          },
          "vRam": {
            "unit": "HOUR",
            "rate": 4
          },
          "vStorage": {
            "unit": "GIB",
            "rate": 67
          },
          "customConfigs": [
            {
              "description": "st_testing441692_0",
              "value": {
                "unit": "DAY",
                "rate": 89
              }
            },
            {
              "description": "st_testing441692_1",
              "value": {
                "unit": "DAY",
                "rate": 70
              }
            },
            {
              "description": "st_testing441692_2",
              "value": {
                "unit": "DAY",
                "rate": 52
              }
            },
            {
              "description": "st_testing441692_3",
              "value": {
                "unit": "DAY",
                "rate": 23
              }
            },
            {
              "description": "st_testing441692_4",
              "value": {
                "unit": "DAY",
                "rate": 41
              }
            }
          ]
        }
      },
      "resources": []
    }
  ]
}
2026-06-03 14:11:36 - create_rate_cards - INFO - [API RESPONSE] POST https://ncm.services.nconprem-10-36-199-8.ccpnx.com/v1/cg/config/rate-cards
2026-06-03 14:11:36 - create_rate_cards - INFO - [STATUS CODE] 200
2026-06-03 14:11:36 - create_rate_cards - INFO - [TIME TAKEN] 1.8964 seconds (1896.36 ms)
2026-06-03 14:11:36 - create_rate_cards - INFO - [RESPONSE CONTENT-TYPE] application/json
2026-06-03 14:11:36 - create_rate_cards - INFO - [RESPONSE PAYLOAD]
{
  "ids": [
    "19ac0da0-c7c9-44a9-9da6-0fc61fbde31f"
  ]
}
2026-06-03 14:11:36 - create_rate_cards - INFO - ✓ [6] Created rate card: st_testing441692_5
2026-06-03 14:11:36 - create_rate_cards - INFO - [API REQUEST] POST https://ncm.services.nconprem-10-36-199-8.ccpnx.com/v1/cg/config/rate-cards
2026-06-03 14:11:36 - create_rate_cards - INFO - [REQUEST JSON PAYLOAD]
{
  "rateCards": [
    {
      "rateCardName": "st_testing441692_6",
      "meteringRates": {
        "vm": {
          "vCpu": {
            "unit": "HOUR",
            "rate": 91
          },
          "vRam": {
            "unit": "HOUR",
            "rate": 7
          },
          "vStorage": {
            "unit": "GIB",
            "rate": 84
          },
          "customConfigs": [
            {
              "description": "st_testing441692_0",
              "value": {
                "unit": "DAY",
                "rate": 39
              }
            },
            {
              "description": "st_testing441692_1",
              "value": {
                "unit": "DAY",
                "rate": 47
              }
            },
            {
              "description": "st_testing441692_2",
              "value": {
                "unit": "DAY",
                "rate": 76
              }
            },
            {
              "description": "st_testing441692_3",
              "value": {
                "unit": "DAY",
                "rate": 16
              }
            },
            {
              "description": "st_testing441692_4",
              "value": {
                "unit": "DAY",
                "rate": 95
              }
            }
          ]
        }
      },
      "resources": []
    }
  ]
}
2026-06-03 14:11:38 - create_rate_cards - INFO - [API RESPONSE] POST https://ncm.services.nconprem-10-36-199-8.ccpnx.com/v1/cg/config/rate-cards
2026-06-03 14:11:38 - create_rate_cards - INFO - [STATUS CODE] 200
2026-06-03 14:11:38 - create_rate_cards - INFO - [TIME TAKEN] 2.5086 seconds (2508.58 ms)
2026-06-03 14:11:38 - create_rate_cards - INFO - [RESPONSE CONTENT-TYPE] application/json
2026-06-03 14:11:38 - create_rate_cards - INFO - [RESPONSE PAYLOAD]
{
  "ids": [
    "73710154-a81c-4ebb-8ffb-c17451c991ea"
  ]
}
2026-06-03 14:11:38 - create_rate_cards - INFO - ✓ [7] Created rate card: st_testing441692_6
2026-06-03 14:11:38 - create_rate_cards - INFO - [API REQUEST] POST https://ncm.services.nconprem-10-36-199-8.ccpnx.com/v1/cg/config/rate-cards
2026-06-03 14:11:38 - create_rate_cards - INFO - [REQUEST JSON PAYLOAD]
{
  "rateCards": [
    {
      "rateCardName": "st_testing441692_7",
      "meteringRates": {
        "vm": {
          "vCpu": {
            "unit": "HOUR",
            "rate": 69
          },
          "vRam": {
            "unit": "HOUR",
            "rate": 66
          },
          "vStorage": {
            "unit": "GIB",
            "rate": 62
          },
          "customConfigs": [
            {
              "description": "st_testing441692_0",
              "value": {
                "unit": "DAY",
                "rate": 65
              }
            },
            {
              "description": "st_testing441692_1",
              "value": {
                "unit": "DAY",
                "rate": 74
              }
            },
            {
              "description": "st_testing441692_2",
              "value": {
                "unit": "DAY",
                "rate": 29
              }
            },
            {
              "description": "st_testing441692_3",
              "value": {
                "unit": "DAY",
                "rate": 47
              }
            },
            {
              "description": "st_testing441692_4",
              "value": {
                "unit": "DAY",
                "rate": 52
              }
            }
          ]
        }
      },
      "resources": []
    }
  ]
}
2026-06-03 14:11:41 - create_rate_cards - INFO - [API RESPONSE] POST https://ncm.services.nconprem-10-36-199-8.ccpnx.com/v1/cg/config/rate-cards
2026-06-03 14:11:41 - create_rate_cards - INFO - [STATUS CODE] 200
2026-06-03 14:11:41 - create_rate_cards - INFO - [TIME TAKEN] 2.4914 seconds (2491.40 ms)
2026-06-03 14:11:41 - create_rate_cards - INFO - [RESPONSE CONTENT-TYPE] application/json
2026-06-03 14:11:41 - create_rate_cards - INFO - [RESPONSE PAYLOAD]
{
  "ids": [
    "f6054aca-046f-4329-ae63-1cba248d3a0d"
  ]
}
2026-06-03 14:11:41 - create_rate_cards - INFO - ✓ [8] Created rate card: st_testing441692_7
2026-06-03 14:11:41 - create_rate_cards - INFO - [API REQUEST] POST https://ncm.services.nconprem-10-36-199-8.ccpnx.com/v1/cg/config/rate-cards
2026-06-03 14:11:41 - create_rate_cards - INFO - [REQUEST JSON PAYLOAD]
{
  "rateCards": [
    {
      "rateCardName": "st_testing441692_8",
      "meteringRates": {
        "vm": {
          "vCpu": {
            "unit": "HOUR",
            "rate": 77
          },
          "vRam": {
            "unit": "HOUR",
            "rate": 78
          },
          "vStorage": {
            "unit": "GIB",
            "rate": 41
          },
          "customConfigs": [
            {
              "description": "st_testing441692_0",
              "value": {
                "unit": "DAY",
                "rate": 77
              }
            },
            {
              "description": "st_testing441692_1",
              "value": {
                "unit": "DAY",
                "rate": 23
              }
            },
            {
              "description": "st_testing441692_2",
              "value": {
                "unit": "DAY",
                "rate": 22
              }
            },
            {
              "description": "st_testing441692_3",
              "value": {
                "unit": "DAY",
                "rate": 65
              }
            },
            {
              "description": "st_testing441692_4",
              "value": {
                "unit": "DAY",
                "rate": 15
              }
            }
          ]
        }
      },
      "resources": []
    }
  ]
}
2026-06-03 14:11:42 - create_rate_cards - INFO - [API RESPONSE] POST https://ncm.services.nconprem-10-36-199-8.ccpnx.com/v1/cg/config/rate-cards
2026-06-03 14:11:42 - create_rate_cards - INFO - [STATUS CODE] 200
2026-06-03 14:11:42 - create_rate_cards - INFO - [TIME TAKEN] 1.6581 seconds (1658.15 ms)
2026-06-03 14:11:42 - create_rate_cards - INFO - [RESPONSE CONTENT-TYPE] application/json
2026-06-03 14:11:42 - create_rate_cards - INFO - [RESPONSE PAYLOAD]
{
  "ids": [
    "21d6eda3-07db-4125-929c-53eaa7c4ce9f"
  ]
}
2026-06-03 14:11:42 - create_rate_cards - INFO - ✓ [9] Created rate card: st_testing441692_8
2026-06-03 14:11:42 - create_rate_cards - INFO - [API REQUEST] POST https://ncm.services.nconprem-10-36-199-8.ccpnx.com/v1/cg/config/rate-cards
2026-06-03 14:11:42 - create_rate_cards - INFO - [REQUEST JSON PAYLOAD]
{
  "rateCards": [
    {
      "rateCardName": "st_testing441692_9",
      "meteringRates": {
        "vm": {
          "vCpu": {
            "unit": "HOUR",
            "rate": 71
          },
          "vRam": {
            "unit": "HOUR",
            "rate": 10
          },
          "vStorage": {
            "unit": "GIB",
            "rate": 83
          },
          "customConfigs": [
            {
              "description": "st_testing441692_0",
              "value": {
                "unit": "DAY",
                "rate": 72
              }
            },
            {
              "description": "st_testing441692_1",
              "value": {
                "unit": "DAY",
                "rate": 11
              }
            },
            {
              "description": "st_testing441692_2",
              "value": {
                "unit": "DAY",
                "rate": 36
              }
            },
            {
              "description": "st_testing441692_3",
              "value": {
                "unit": "DAY",
                "rate": 57
              }
            },
            {
              "description": "st_testing441692_4",
              "value": {
                "unit": "DAY",
                "rate": 96
              }
            }
          ]
        }
      },
      "resources": []
    }
  ]
}
2026-06-03 14:11:44 - create_rate_cards - INFO - [API RESPONSE] POST https://ncm.services.nconprem-10-36-199-8.ccpnx.com/v1/cg/config/rate-cards
2026-06-03 14:11:44 - create_rate_cards - INFO - [STATUS CODE] 200
2026-06-03 14:11:44 - create_rate_cards - INFO - [TIME TAKEN] 1.5832 seconds (1583.24 ms)
2026-06-03 14:11:44 - create_rate_cards - INFO - [RESPONSE CONTENT-TYPE] application/json
2026-06-03 14:11:44 - create_rate_cards - INFO - [RESPONSE PAYLOAD]
{
  "ids": [
    "eed1b8bb-4a3b-4751-80cc-dceaccb71070"
  ]
}
2026-06-03 14:11:44 - create_rate_cards - INFO - ✓ [10] Created rate card: st_testing441692_9
2026-06-03 14:11:44 - create_rate_cards - INFO - [API REQUEST] POST https://ncm.services.nconprem-10-36-199-8.ccpnx.com/v1/cg/config/rate-cards
2026-06-03 14:11:44 - create_rate_cards - INFO - [REQUEST JSON PAYLOAD]
{
  "rateCards": [
    {
      "rateCardName": "st_testing441692_10",
      "meteringRates": {
        "vm": {
          "vCpu": {
            "unit": "HOUR",
            "rate": 35
          },
          "vRam": {
            "unit": "HOUR",
            "rate": 87
          },
          "vStorage": {
            "unit": "GIB",
            "rate": 69
          },
          "customConfigs": [
            {
              "description": "st_testing441692_0",
              "value": {
                "unit": "DAY",
                "rate": 14
              }
            },
            {
              "description": "st_testing441692_1",
              "value": {
                "unit": "DAY",
                "rate": 78
              }
            },
            {
              "description": "st_testing441692_2",
              "value": {
                "unit": "DAY",
                "rate": 38
              }
            },
            {
              "description": "st_testing441692_3",
              "value": {
                "unit": "DAY",
                "rate": 78
              }
            },
            {
              "description": "st_testing441692_4",
              "value": {
                "unit": "DAY",
                "rate": 84
              }
            }
          ]
        }
      },
      "resources": []
    }
  ]
}
2026-06-03 14:11:46 - create_rate_cards - INFO - [API RESPONSE] POST https://ncm.services.nconprem-10-36-199-8.ccpnx.com/v1/cg/config/rate-cards
2026-06-03 14:11:46 - create_rate_cards - INFO - [STATUS CODE] 200
2026-06-03 14:11:46 - create_rate_cards - INFO - [TIME TAKEN] 1.5072 seconds (1507.24 ms)
2026-06-03 14:11:46 - create_rate_cards - INFO - [RESPONSE CONTENT-TYPE] application/json
2026-06-03 14:11:46 - create_rate_cards - INFO - [RESPONSE PAYLOAD]
{
  "ids": [
    "42b79e79-77b6-4881-ad29-557ebc290f88"
  ]
}
2026-06-03 14:11:46 - create_rate_cards - INFO - ✓ [11] Created rate card: st_testing441692_10
2026-06-03 14:11:46 - create_rate_cards - INFO - [API REQUEST] POST https://ncm.services.nconprem-10-36-199-8.ccpnx.com/v1/cg/config/rate-cards
2026-06-03 14:11:46 - create_rate_cards - INFO - [REQUEST JSON PAYLOAD]
{
  "rateCards": [
    {
      "rateCardName": "st_testing441692_11",
      "meteringRates": {
        "vm": {
          "vCpu": {
            "unit": "HOUR",
            "rate": 26
          },
          "vRam": {
            "unit": "HOUR",
            "rate": 34
          },
          "vStorage": {
            "unit": "GIB",
            "rate": 48
          },
          "customConfigs": [
            {
              "description": "st_testing441692_0",
              "value": {
                "unit": "DAY",
                "rate": 64
              }
            },
            {
              "description": "st_testing441692_1",
              "value": {
                "unit": "DAY",
                "rate": 65
              }
            },
            {
              "description": "st_testing441692_2",
              "value": {
                "unit": "DAY",
                "rate": 45
              }
            },
            {
              "description": "st_testing441692_3",
              "value": {
                "unit": "DAY",
                "rate": 76
              }
            },
            {
              "description": "st_testing441692_4",
              "value": {
                "unit": "DAY",
                "rate": 47
              }
            }
          ]
        }
      },
      "resources": []
    }
  ]
}
2026-06-03 14:11:47 - create_rate_cards - INFO - [API RESPONSE] POST https://ncm.services.nconprem-10-36-199-8.ccpnx.com/v1/cg/config/rate-cards
2026-06-03 14:11:47 - create_rate_cards - INFO - [STATUS CODE] 200
2026-06-03 14:11:47 - create_rate_cards - INFO - [TIME TAKEN] 1.4149 seconds (1414.90 ms)
2026-06-03 14:11:47 - create_rate_cards - INFO - [RESPONSE CONTENT-TYPE] application/json
2026-06-03 14:11:47 - create_rate_cards - INFO - [RESPONSE PAYLOAD]
{
  "ids": [
    "e7137b4d-239d-4fcb-98a0-8c870915d1d2"
  ]
}
2026-06-03 14:11:47 - create_rate_cards - INFO - ✓ [12] Created rate card: st_testing441692_11
2026-06-03 14:11:47 - create_rate_cards - INFO - [API REQUEST] POST https://ncm.services.nconprem-10-36-199-8.ccpnx.com/v1/cg/config/rate-cards
2026-06-03 14:11:47 - create_rate_cards - INFO - [REQUEST JSON PAYLOAD]
{
  "rateCards": [
    {
      "rateCardName": "st_testing441692_12",
      "meteringRates": {
        "vm": {
          "vCpu": {
            "unit": "HOUR",
            "rate": 30
          },
          "vRam": {
            "unit": "HOUR",
            "rate": 80
          },
          "vStorage": {
            "unit": "GIB",
            "rate": 70
          },
          "customConfigs": [
            {
              "description": "st_testing441692_0",
              "value": {
                "unit": "DAY",
                "rate": 69
              }
            },
            {
              "description": "st_testing441692_1",
              "value": {
                "unit": "DAY",
                "rate": 22
              }
            },
            {
              "description": "st_testing441692_2",
              "value": {
                "unit": "DAY",
                "rate": 44
              }
            },
            {
              "description": "st_testing441692_3",
              "value": {
                "unit": "DAY",
                "rate": 98
              }
            },
            {
              "description": "st_testing441692_4",
              "value": {
                "unit": "DAY",
                "rate": 91
              }
            }
          ]
        }
      },
      "resources": []
    }
  ]
}
2026-06-03 14:11:49 - create_rate_cards - INFO - [API RESPONSE] POST https://ncm.services.nconprem-10-36-199-8.ccpnx.com/v1/cg/config/rate-cards
2026-06-03 14:11:49 - create_rate_cards - INFO - [STATUS CODE] 200
2026-06-03 14:11:49 - create_rate_cards - INFO - [TIME TAKEN] 2.3811 seconds (2381.08 ms)
2026-06-03 14:11:49 - create_rate_cards - INFO - [RESPONSE CONTENT-TYPE] application/json
2026-06-03 14:11:49 - create_rate_cards - INFO - [RESPONSE PAYLOAD]
{
  "ids": [
    "440568a9-8569-4907-94fa-1fcb6e609ccf"
  ]
}
2026-06-03 14:11:49 - create_rate_cards - INFO - ✓ [13] Created rate card: st_testing441692_12
2026-06-03 14:11:49 - create_rate_cards - INFO - [API REQUEST] POST https://ncm.services.nconprem-10-36-199-8.ccpnx.com/v1/cg/config/rate-cards
2026-06-03 14:11:49 - create_rate_cards - INFO - [REQUEST JSON PAYLOAD]
{
  "rateCards": [
    {
      "rateCardName": "st_testing441692_13",
      "meteringRates": {
        "vm": {
          "vCpu": {
            "unit": "HOUR",
            "rate": 92
          },
          "vRam": {
            "unit": "HOUR",
            "rate": 38
          },
          "vStorage": {
            "unit": "GIB",
            "rate": 2
          },
          "customConfigs": [
            {
              "description": "st_testing441692_0",
              "value": {
                "unit": "DAY",
                "rate": 18
              }
            },
            {
              "description": "st_testing441692_1",
              "value": {
                "unit": "DAY",
                "rate": 72
              }
            },
            {
              "description": "st_testing441692_2",
              "value": {
                "unit": "DAY",
                "rate": 1
              }
            },
            {
              "description": "st_testing441692_3",
              "value": {
                "unit": "DAY",
                "rate": 52
              }
            },
            {
              "description": "st_testing441692_4",
              "value": {
                "unit": "DAY",
                "rate": 84
              }
            }
          ]
        }
      },
      "resources": []
    }
  ]
}
2026-06-03 14:11:52 - create_rate_cards - INFO - [API RESPONSE] POST https://ncm.services.nconprem-10-36-199-8.ccpnx.com/v1/cg/config/rate-cards
2026-06-03 14:11:52 - create_rate_cards - INFO - [STATUS CODE] 200
2026-06-03 14:11:52 - create_rate_cards - INFO - [TIME TAKEN] 2.6531 seconds (2653.14 ms)
2026-06-03 14:11:52 - create_rate_cards - INFO - [RESPONSE CONTENT-TYPE] application/json
2026-06-03 14:11:52 - create_rate_cards - INFO - [RESPONSE PAYLOAD]
{
  "ids": [
    "c6634cd6-42a3-4253-97e8-c85b578b42fd"
  ]
}
2026-06-03 14:11:52 - create_rate_cards - INFO - ✓ [14] Created rate card: st_testing441692_13
2026-06-03 14:11:52 - create_rate_cards - INFO - [API REQUEST] POST https://ncm.services.nconprem-10-36-199-8.ccpnx.com/v1/cg/config/rate-cards
2026-06-03 14:11:52 - create_rate_cards - INFO - [REQUEST JSON PAYLOAD]
{
  "rateCards": [
    {
      "rateCardName": "st_testing441692_14",
      "meteringRates": {
        "vm": {
          "vCpu": {
            "unit": "HOUR",
            "rate": 72
          },
          "vRam": {
            "unit": "HOUR",
            "rate": 66
          },
          "vStorage": {
            "unit": "GIB",
            "rate": 29
          },
          "customConfigs": [
            {
              "description": "st_testing441692_0",
              "value": {
                "unit": "DAY",
                "rate": 82
              }
            },
            {
              "description": "st_testing441692_1",
              "value": {
                "unit": "DAY",
                "rate": 36
              }
            },
            {
              "description": "st_testing441692_2",
              "value": {
                "unit": "DAY",
                "rate": 33
              }
            },
            {
              "description": "st_testing441692_3",
              "value": {
                "unit": "DAY",
                "rate": 92
              }
            },
            {
              "description": "st_testing441692_4",
              "value": {
                "unit": "DAY",
                "rate": 55
              }
            }
          ]
        }
      },
      "resources": []
    }
  ]
}
2026-06-03 14:11:54 - create_rate_cards - INFO - [API RESPONSE] POST https://ncm.services.nconprem-10-36-199-8.ccpnx.com/v1/cg/config/rate-cards
2026-06-03 14:11:54 - create_rate_cards - INFO - [STATUS CODE] 200
2026-06-03 14:11:54 - create_rate_cards - INFO - [TIME TAKEN] 2.0343 seconds (2034.32 ms)
2026-06-03 14:11:54 - create_rate_cards - INFO - [RESPONSE CONTENT-TYPE] application/json
2026-06-03 14:11:54 - create_rate_cards - INFO - [RESPONSE PAYLOAD]
{
  "ids": [
    "db8553a5-a1a1-40d3-8b6a-95e1ec1bcd45"
  ]
}
2026-06-03 14:11:54 - create_rate_cards - INFO - ✓ [15] Created rate card: st_testing441692_14
2026-06-03 14:11:54 - create_rate_cards - INFO - [API REQUEST] POST https://ncm.services.nconprem-10-36-199-8.ccpnx.com/v1/cg/config/rate-cards
2026-06-03 14:11:54 - create_rate_cards - INFO - [REQUEST JSON PAYLOAD]
{
  "rateCards": [
    {
      "rateCardName": "st_testing441692_15",
      "meteringRates": {
        "vm": {
          "vCpu": {
            "unit": "HOUR",
            "rate": 12
          },
          "vRam": {
            "unit": "HOUR",
            "rate": 90
          },
          "vStorage": {
            "unit": "GIB",
            "rate": 59
          },
          "customConfigs": [
            {
              "description": "st_testing441692_0",
              "value": {
                "unit": "DAY",
                "rate": 5
              }
            },
            {
              "description": "st_testing441692_1",
              "value": {
                "unit": "DAY",
                "rate": 29
              }
            },
            {
              "description": "st_testing441692_2",
              "value": {
                "unit": "DAY",
                "rate": 70
              }
            },
            {
              "description": "st_testing441692_3",
              "value": {
                "unit": "DAY",
                "rate": 92
              }
            },
            {
              "description": "st_testing441692_4",
              "value": {
                "unit": "DAY",
                "rate": 84
              }
            }
          ]
        }
      },
      "resources": []
    }
  ]
}
2026-06-03 14:11:56 - create_rate_cards - INFO - [API RESPONSE] POST https://ncm.services.nconprem-10-36-199-8.ccpnx.com/v1/cg/config/rate-cards
2026-06-03 14:11:56 - create_rate_cards - INFO - [STATUS CODE] 200
2026-06-03 14:11:56 - create_rate_cards - INFO - [TIME TAKEN] 1.9864 seconds (1986.39 ms)
2026-06-03 14:11:56 - create_rate_cards - INFO - [RESPONSE CONTENT-TYPE] application/json
2026-06-03 14:11:56 - create_rate_cards - INFO - [RESPONSE PAYLOAD]
{
  "ids": [
    "856bba3d-2c77-466d-8536-c43391811509"
  ]
}
2026-06-03 14:11:56 - create_rate_cards - INFO - ✓ [16] Created rate card: st_testing441692_15
2026-06-03 14:11:56 - create_rate_cards - INFO - [API REQUEST] POST https://ncm.services.nconprem-10-36-199-8.ccpnx.com/v1/cg/config/rate-cards
2026-06-03 14:11:56 - create_rate_cards - INFO - [REQUEST JSON PAYLOAD]
{
  "rateCards": [
    {
      "rateCardName": "st_testing441692_16",
      "meteringRates": {
        "vm": {
          "vCpu": {
            "unit": "HOUR",
            "rate": 81
          },
          "vRam": {
            "unit": "HOUR",
            "rate": 50
          },
          "vStorage": {
            "unit": "GIB",
            "rate": 2
          },
          "customConfigs": [
            {
              "description": "st_testing441692_0",
              "value": {
                "unit": "DAY",
                "rate": 53
              }
            },
            {
              "description": "st_testing441692_1",
              "value": {
                "unit": "DAY",
                "rate": 65
              }
            },
            {
              "description": "st_testing441692_2",
              "value": {
                "unit": "DAY",
                "rate": 18
              }
            },
            {
              "description": "st_testing441692_3",
              "value": {
                "unit": "DAY",
                "rate": 85
              }
            },
            {
              "description": "st_testing441692_4",
              "value": {
                "unit": "DAY",
                "rate": 53
              }
            }
          ]
        }
      },
      "resources": []
    }
  ]
}
2026-06-03 14:11:59 - create_rate_cards - INFO - [API RESPONSE] POST https://ncm.services.nconprem-10-36-199-8.ccpnx.com/v1/cg/config/rate-cards
2026-06-03 14:11:59 - create_rate_cards - INFO - [STATUS CODE] 200
2026-06-03 14:11:59 - create_rate_cards - INFO - [TIME TAKEN] 2.4993 seconds (2499.34 ms)
2026-06-03 14:11:59 - create_rate_cards - INFO - [RESPONSE CONTENT-TYPE] application/json
2026-06-03 14:11:59 - create_rate_cards - INFO - [RESPONSE PAYLOAD]
{
  "ids": [
    "f5c82d67-5bd0-484f-b0d2-073e97fb36b7"
  ]
}
2026-06-03 14:11:59 - create_rate_cards - INFO - ✓ [17] Created rate card: st_testing441692_16
2026-06-03 14:11:59 - create_rate_cards - INFO - [API REQUEST] POST https://ncm.services.nconprem-10-36-199-8.ccpnx.com/v1/cg/config/rate-cards
2026-06-03 14:11:59 - create_rate_cards - INFO - [REQUEST JSON PAYLOAD]
{
  "rateCards": [
    {
      "rateCardName": "st_testing441692_17",
      "meteringRates": {
        "vm": {
          "vCpu": {
            "unit": "HOUR",
            "rate": 37
          },
          "vRam": {
            "unit": "HOUR",
            "rate": 17
          },
          "vStorage": {
            "unit": "GIB",
            "rate": 77
          },
          "customConfigs": [
            {
              "description": "st_testing441692_0",
              "value": {
                "unit": "DAY",
                "rate": 86
              }
            },
            {
              "description": "st_testing441692_1",
              "value": {
                "unit": "DAY",
                "rate": 71
              }
            },
            {
              "description": "st_testing441692_2",
              "value": {
                "unit": "DAY",
                "rate": 65
              }
            },
            {
              "description": "st_testing441692_3",
              "value": {
                "unit": "DAY",
                "rate": 25
              }
            },
            {
              "description": "st_testing441692_4",
              "value": {
                "unit": "DAY",
                "rate": 15
              }
            }
          ]
        }
      },
      "resources": []
    }
  ]
}
2026-06-03 14:12:01 - create_rate_cards - INFO - [API RESPONSE] POST https://ncm.services.nconprem-10-36-199-8.ccpnx.com/v1/cg/config/rate-cards
2026-06-03 14:12:01 - create_rate_cards - INFO - [STATUS CODE] 200
2026-06-03 14:12:01 - create_rate_cards - INFO - [TIME TAKEN] 2.2260 seconds (2226.00 ms)
2026-06-03 14:12:01 - create_rate_cards - INFO - [RESPONSE CONTENT-TYPE] application/json
2026-06-03 14:12:01 - create_rate_cards - INFO - [RESPONSE PAYLOAD]
{
  "ids": [
    "4495d582-a631-421d-a1db-a65f26021a39"
  ]
}
2026-06-03 14:12:01 - create_rate_cards - INFO - ✓ [18] Created rate card: st_testing441692_17
2026-06-03 14:12:01 - create_rate_cards - INFO - [API REQUEST] POST https://ncm.services.nconprem-10-36-199-8.ccpnx.com/v1/cg/config/rate-cards
2026-06-03 14:12:01 - create_rate_cards - INFO - [REQUEST JSON PAYLOAD]
{
  "rateCards": [
    {
      "rateCardName": "st_testing441692_18",
      "meteringRates": {
        "vm": {
          "vCpu": {
            "unit": "HOUR",
            "rate": 92
          },
          "vRam": {
            "unit": "HOUR",
            "rate": 35
          },
          "vStorage": {
            "unit": "GIB",
            "rate": 85
          },
          "customConfigs": [
            {
              "description": "st_testing441692_0",
              "value": {
                "unit": "DAY",
                "rate": 17
              }
            },
            {
              "description": "st_testing441692_1",
              "value": {
                "unit": "DAY",
                "rate": 72
              }
            },
            {
              "description": "st_testing441692_2",
              "value": {
                "unit": "DAY",
                "rate": 34
              }
            },
            {
              "description": "st_testing441692_3",
              "value": {
                "unit": "DAY",
                "rate": 66
              }
            },
            {
              "description": "st_testing441692_4",
              "value": {
                "unit": "DAY",
                "rate": 32
              }
            }
          ]
        }
      },
      "resources": []
    }
  ]
}
2026-06-03 14:12:03 - create_rate_cards - INFO - [API RESPONSE] POST https://ncm.services.nconprem-10-36-199-8.ccpnx.com/v1/cg/config/rate-cards
2026-06-03 14:12:03 - create_rate_cards - INFO - [STATUS CODE] 200
2026-06-03 14:12:03 - create_rate_cards - INFO - [TIME TAKEN] 2.5948 seconds (2594.81 ms)
2026-06-03 14:12:03 - create_rate_cards - INFO - [RESPONSE CONTENT-TYPE] application/json
2026-06-03 14:12:03 - create_rate_cards - INFO - [RESPONSE PAYLOAD]
{
  "ids": [
    "93068eea-da33-439c-96c7-32ec1054ae22"
  ]
}
2026-06-03 14:12:03 - create_rate_cards - INFO - ✓ [19] Created rate card: st_testing441692_18
2026-06-03 14:12:03 - create_rate_cards - INFO - [API REQUEST] POST https://ncm.services.nconprem-10-36-199-8.ccpnx.com/v1/cg/config/rate-cards
2026-06-03 14:12:03 - create_rate_cards - INFO - [REQUEST JSON PAYLOAD]
{
  "rateCards": [
    {
      "rateCardName": "st_testing441692_19",
      "meteringRates": {
        "vm": {
          "vCpu": {
            "unit": "HOUR",
            "rate": 43
          },
          "vRam": {
            "unit": "HOUR",
            "rate": 50
          },
          "vStorage": {
            "unit": "GIB",
            "rate": 84
          },
          "customConfigs": [
            {
              "description": "st_testing441692_0",
              "value": {
                "unit": "DAY",
                "rate": 1
              }
            },
            {
              "description": "st_testing441692_1",
              "value": {
                "unit": "DAY",
                "rate": 45
              }
            },
            {
              "description": "st_testing441692_2",
              "value": {
                "unit": "DAY",
                "rate": 44
              }
            },
            {
              "description": "st_testing441692_3",
              "value": {
                "unit": "DAY",
                "rate": 29
              }
            },
            {
              "description": "st_testing441692_4",
              "value": {
                "unit": "DAY",
                "rate": 50
              }
            }
          ]
        }
      },
      "resources": []
    }
  ]
}
2026-06-03 14:12:06 - create_rate_cards - INFO - [API RESPONSE] POST https://ncm.services.nconprem-10-36-199-8.ccpnx.com/v1/cg/config/rate-cards
2026-06-03 14:12:06 - create_rate_cards - INFO - [STATUS CODE] 200
2026-06-03 14:12:06 - create_rate_cards - INFO - [TIME TAKEN] 2.8357 seconds (2835.67 ms)
2026-06-03 14:12:06 - create_rate_cards - INFO - [RESPONSE CONTENT-TYPE] application/json
2026-06-03 14:12:06 - create_rate_cards - INFO - [RESPONSE PAYLOAD]
{
  "ids": [
    "81fd6bc7-1bf2-49f7-8ea8-099be67ce7aa"
  ]
}
2026-06-03 14:12:06 - create_rate_cards - INFO - ✓ [20] Created rate card: st_testing441692_19
2026-06-03 14:12:06 - create_rate_cards - INFO - [API REQUEST] POST https://ncm.services.nconprem-10-36-199-8.ccpnx.com/v1/cg/config/rate-cards
2026-06-03 14:12:06 - create_rate_cards - INFO - [REQUEST JSON PAYLOAD]
{
  "rateCards": [
    {
      "rateCardName": "st_testing441692_20",
      "meteringRates": {
        "vm": {
          "vCpu": {
            "unit": "HOUR",
            "rate": 62
          },
          "vRam": {
            "unit": "HOUR",
            "rate": 21
          },
          "vStorage": {
            "unit": "GIB",
            "rate": 24
          },
          "customConfigs": [
            {
              "description": "st_testing441692_0",
              "value": {
                "unit": "DAY",
                "rate": 52
              }
            },
            {
              "description": "st_testing441692_1",
              "value": {
                "unit": "DAY",
                "rate": 41
              }
            },
            {
              "description": "st_testing441692_2",
              "value": {
                "unit": "DAY",
                "rate": 42
              }
            },
            {
              "description": "st_testing441692_3",
              "value": {
                "unit": "DAY",
                "rate": 95
              }
            },
            {
              "description": "st_testing441692_4",
              "value": {
                "unit": "DAY",
                "rate": 92
              }
            }
          ]
        }
      },
      "resources": []
    }
  ]
}
2026-06-03 14:12:09 - create_rate_cards - INFO - [API RESPONSE] POST https://ncm.services.nconprem-10-36-199-8.ccpnx.com/v1/cg/config/rate-cards
2026-06-03 14:12:09 - create_rate_cards - INFO - [STATUS CODE] 200
2026-06-03 14:12:09 - create_rate_cards - INFO - [TIME TAKEN] 2.6382 seconds (2638.23 ms)
2026-06-03 14:12:09 - create_rate_cards - INFO - [RESPONSE CONTENT-TYPE] application/json
2026-06-03 14:12:09 - create_rate_cards - INFO - [RESPONSE PAYLOAD]
{
  "ids": [
    "e5ac8475-b28d-4f24-93f2-2d465bfbc2d7"
  ]
}
2026-06-03 14:12:09 - create_rate_cards - INFO - ✓ [21] Created rate card: st_testing441692_20
2026-06-03 14:12:09 - create_rate_cards - INFO - [API REQUEST] POST https://ncm.services.nconprem-10-36-199-8.ccpnx.com/v1/cg/config/rate-cards
2026-06-03 14:12:09 - create_rate_cards - INFO - [REQUEST JSON PAYLOAD]
{
  "rateCards": [
    {
      "rateCardName": "st_testing441692_21",
      "meteringRates": {
        "vm": {
          "vCpu": {
            "unit": "HOUR",
            "rate": 88
          },
          "vRam": {
            "unit": "HOUR",
            "rate": 27
          },
          "vStorage": {
            "unit": "GIB",
            "rate": 38
          },
          "customConfigs": [
            {
              "description": "st_testing441692_0",
              "value": {
                "unit": "DAY",
                "rate": 79
              }
            },
            {
              "description": "st_testing441692_1",
              "value": {
                "unit": "DAY",
                "rate": 13
              }
            },
            {
              "description": "st_testing441692_2",
              "value": {
                "unit": "DAY",
                "rate": 25
              }
            },
            {
              "description": "st_testing441692_3",
              "value": {
                "unit": "DAY",
                "rate": 42
              }
            },
            {
              "description": "st_testing441692_4",
              "value": {
                "unit": "DAY",
                "rate": 71
              }
            }
          ]
        }
      },
      "resources": []
    }
  ]
}
2026-06-03 14:12:11 - create_rate_cards - INFO - [API RESPONSE] POST https://ncm.services.nconprem-10-36-199-8.ccpnx.com/v1/cg/config/rate-cards
2026-06-03 14:12:11 - create_rate_cards - INFO - [STATUS CODE] 200
2026-06-03 14:12:11 - create_rate_cards - INFO - [TIME TAKEN] 2.1192 seconds (2119.16 ms)
2026-06-03 14:12:11 - create_rate_cards - INFO - [RESPONSE CONTENT-TYPE] application/json
2026-06-03 14:12:11 - create_rate_cards - INFO - [RESPONSE PAYLOAD]
{
  "ids": [
    "ad100790-8642-4e67-97cc-2743789675fd"
  ]
}
2026-06-03 14:12:11 - create_rate_cards - INFO - ✓ [22] Created rate card: st_testing441692_21
2026-06-03 14:12:11 - create_rate_cards - INFO - [API REQUEST] POST https://ncm.services.nconprem-10-36-199-8.ccpnx.com/v1/cg/config/rate-cards
2026-06-03 14:12:11 - create_rate_cards - INFO - [REQUEST JSON PAYLOAD]
{
  "rateCards": [
    {
      "rateCardName": "st_testing441692_22",
      "meteringRates": {
        "vm": {
          "vCpu": {
            "unit": "HOUR",
            "rate": 82
          },
          "vRam": {
            "unit": "HOUR",
            "rate": 29
          },
          "vStorage": {
            "unit": "GIB",
            "rate": 79
          },
          "customConfigs": [
            {
              "description": "st_testing441692_0",
              "value": {
                "unit": "DAY",
                "rate": 1
              }
            },
            {
              "description": "st_testing441692_1",
              "value": {
                "unit": "DAY",
                "rate": 3
              }
            },
            {
              "description": "st_testing441692_2",
              "value": {
                "unit": "DAY",
                "rate": 97
              }
            },
            {
              "description": "st_testing441692_3",
              "value": {
                "unit": "DAY",
                "rate": 85
              }
            },
            {
              "description": "st_testing441692_4",
              "value": {
                "unit": "DAY",
                "rate": 32
              }
            }
          ]
        }
      },
      "resources": []
    }
  ]
}
2026-06-03 14:12:13 - create_rate_cards - INFO - [API RESPONSE] POST https://ncm.services.nconprem-10-36-199-8.ccpnx.com/v1/cg/config/rate-cards
2026-06-03 14:12:13 - create_rate_cards - INFO - [STATUS CODE] 200
2026-06-03 14:12:13 - create_rate_cards - INFO - [TIME TAKEN] 2.4234 seconds (2423.42 ms)
2026-06-03 14:12:13 - create_rate_cards - INFO - [RESPONSE CONTENT-TYPE] application/json
2026-06-03 14:12:13 - create_rate_cards - INFO - [RESPONSE PAYLOAD]
{
  "ids": [
    "9572b6d8-1b09-4126-941f-aeabb6f134e1"
  ]
}
2026-06-03 14:12:13 - create_rate_cards - INFO - ✓ [23] Created rate card: st_testing441692_22
2026-06-03 14:12:13 - create_rate_cards - INFO - [API REQUEST] POST https://ncm.services.nconprem-10-36-199-8.ccpnx.com/v1/cg/config/rate-cards
2026-06-03 14:12:13 - create_rate_cards - INFO - [REQUEST JSON PAYLOAD]
{
  "rateCards": [
    {
      "rateCardName": "st_testing441692_23",
      "meteringRates": {
        "vm": {
          "vCpu": {
            "unit": "HOUR",
            "rate": 80
          },
          "vRam": {
            "unit": "HOUR",
            "rate": 73
          },
          "vStorage": {
            "unit": "GIB",
            "rate": 61
          },
          "customConfigs": [
            {
              "description": "st_testing441692_0",
              "value": {
                "unit": "DAY",
                "rate": 81
              }
            },
            {
              "description": "st_testing441692_1",
              "value": {
                "unit": "DAY",
                "rate": 54
              }
            },
            {
              "description": "st_testing441692_2",
              "value": {
                "unit": "DAY",
                "rate": 99
              }
            },
            {
              "description": "st_testing441692_3",
              "value": {
                "unit": "DAY",
                "rate": 6
              }
            },
            {
              "description": "st_testing441692_4",
              "value": {
                "unit": "DAY",
                "rate": 69
              }
            }
          ]
        }
      },
      "resources": []
    }
  ]
}
2026-06-03 14:12:15 - create_rate_cards - INFO - [API RESPONSE] POST https://ncm.services.nconprem-10-36-199-8.ccpnx.com/v1/cg/config/rate-cards
2026-06-03 14:12:15 - create_rate_cards - INFO - [STATUS CODE] 200
2026-06-03 14:12:15 - create_rate_cards - INFO - [TIME TAKEN] 1.5697 seconds (1569.67 ms)
2026-06-03 14:12:15 - create_rate_cards - INFO - [RESPONSE CONTENT-TYPE] application/json
2026-06-03 14:12:15 - create_rate_cards - INFO - [RESPONSE PAYLOAD]
{
  "ids": [
    "5a47b290-8b85-4051-bb4d-e636128038f7"
  ]
}
2026-06-03 14:12:15 - create_rate_cards - INFO - ✓ [24] Created rate card: st_testing441692_23
2026-06-03 14:12:15 - create_rate_cards - INFO - [API REQUEST] POST https://ncm.services.nconprem-10-36-199-8.ccpnx.com/v1/cg/config/rate-cards
2026-06-03 14:12:15 - create_rate_cards - INFO - [REQUEST JSON PAYLOAD]
{
  "rateCards": [
    {
      "rateCardName": "st_testing441692_24",
      "meteringRates": {
        "vm": {
          "vCpu": {
            "unit": "HOUR",
            "rate": 99
          },
          "vRam": {
            "unit": "HOUR",
            "rate": 60
          },
          "vStorage": {
            "unit": "GIB",
            "rate": 62
          },
          "customConfigs": [
            {
              "description": "st_testing441692_0",
              "value": {
                "unit": "DAY",
                "rate": 77
              }
            },
            {
              "description": "st_testing441692_1",
              "value": {
                "unit": "DAY",
                "rate": 34
              }
            },
            {
              "description": "st_testing441692_2",
              "value": {
                "unit": "DAY",
                "rate": 1
              }
            },
            {
              "description": "st_testing441692_3",
              "value": {
                "unit": "DAY",
                "rate": 56
              }
            },
            {
              "description": "st_testing441692_4",
              "value": {
                "unit": "DAY",
                "rate": 85
              }
            }
          ]
        }
      },
      "resources": []
    }
  ]
}
2026-06-03 14:12:17 - create_rate_cards - INFO - [API RESPONSE] POST https://ncm.services.nconprem-10-36-199-8.ccpnx.com/v1/cg/config/rate-cards
2026-06-03 14:12:17 - create_rate_cards - INFO - [STATUS CODE] 200
2026-06-03 14:12:17 - create_rate_cards - INFO - [TIME TAKEN] 1.7786 seconds (1778.56 ms)
2026-06-03 14:12:17 - create_rate_cards - INFO - [RESPONSE CONTENT-TYPE] application/json
2026-06-03 14:12:17 - create_rate_cards - INFO - [RESPONSE PAYLOAD]
{
  "ids": [
    "791f3759-afc2-4501-b0c2-f0f2b336e2b4"
  ]
}
2026-06-03 14:12:17 - create_rate_cards - INFO - ✓ [25] Created rate card: st_testing441692_24
2026-06-03 14:12:17 - create_rate_cards - INFO - [API REQUEST] POST https://ncm.services.nconprem-10-36-199-8.ccpnx.com/v1/cg/config/rate-cards
2026-06-03 14:12:17 - create_rate_cards - INFO - [REQUEST JSON PAYLOAD]
{
  "rateCards": [
    {
      "rateCardName": "st_testing441692_25",
      "meteringRates": {
        "vm": {
          "vCpu": {
            "unit": "HOUR",
            "rate": 36
          },
          "vRam": {
            "unit": "HOUR",
            "rate": 54
          },
          "vStorage": {
            "unit": "GIB",
            "rate": 14
          },
          "customConfigs": [
            {
              "description": "st_testing441692_0",
              "value": {
                "unit": "DAY",
                "rate": 35
              }
            },
            {
              "description": "st_testing441692_1",
              "value": {
                "unit": "DAY",
                "rate": 97
              }
            },
            {
              "description": "st_testing441692_2",
              "value": {
                "unit": "DAY",
                "rate": 41
              }
            },
            {
              "description": "st_testing441692_3",
              "value": {
                "unit": "DAY",
                "rate": 15
              }
            },
            {
              "description": "st_testing441692_4",
              "value": {
                "unit": "DAY",
                "rate": 45
              }
            }
          ]
        }
      },
      "resources": []
    }
  ]
}
2026-06-03 14:12:19 - create_rate_cards - INFO - [API RESPONSE] POST https://ncm.services.nconprem-10-36-199-8.ccpnx.com/v1/cg/config/rate-cards
2026-06-03 14:12:19 - create_rate_cards - INFO - [STATUS CODE] 200
2026-06-03 14:12:19 - create_rate_cards - INFO - [TIME TAKEN] 2.1830 seconds (2182.99 ms)
2026-06-03 14:12:19 - create_rate_cards - INFO - [RESPONSE CONTENT-TYPE] application/json
2026-06-03 14:12:19 - create_rate_cards - INFO - [RESPONSE PAYLOAD]
{
  "ids": [
    "b9769bbf-03c1-4506-84f2-8da5ca64076c"
  ]
}
2026-06-03 14:12:19 - create_rate_cards - INFO - ✓ [26] Created rate card: st_testing441692_25
2026-06-03 14:12:19 - create_rate_cards - INFO - [API REQUEST] POST https://ncm.services.nconprem-10-36-199-8.ccpnx.com/v1/cg/config/rate-cards
2026-06-03 14:12:19 - create_rate_cards - INFO - [REQUEST JSON PAYLOAD]
{
  "rateCards": [
    {
      "rateCardName": "st_testing441692_26",
      "meteringRates": {
        "vm": {
          "vCpu": {
            "unit": "HOUR",
            "rate": 18
          },
          "vRam": {
            "unit": "HOUR",
            "rate": 88
          },
          "vStorage": {
            "unit": "GIB",
            "rate": 48
          },
          "customConfigs": [
            {
              "description": "st_testing441692_0",
              "value": {
                "unit": "DAY",
                "rate": 81
              }
            },
            {
              "description": "st_testing441692_1",
              "value": {
                "unit": "DAY",
                "rate": 49
              }
            },
            {
              "description": "st_testing441692_2",
              "value": {
                "unit": "DAY",
                "rate": 38
              }
            },
            {
              "description": "st_testing441692_3",
              "value": {
                "unit": "DAY",
                "rate": 44
              }
            },
            {
              "description": "st_testing441692_4",
              "value": {
                "unit": "DAY",
                "rate": 5
              }
            }
          ]
        }
      },
      "resources": []
    }
  ]
}
2026-06-03 14:12:21 - create_rate_cards - INFO - [API RESPONSE] POST https://ncm.services.nconprem-10-36-199-8.ccpnx.com/v1/cg/config/rate-cards
2026-06-03 14:12:21 - create_rate_cards - INFO - [STATUS CODE] 200
2026-06-03 14:12:21 - create_rate_cards - INFO - [TIME TAKEN] 2.4062 seconds (2406.20 ms)
2026-06-03 14:12:21 - create_rate_cards - INFO - [RESPONSE CONTENT-TYPE] application/json
2026-06-03 14:12:21 - create_rate_cards - INFO - [RESPONSE PAYLOAD]
{
  "ids": [
    "0fcfaca4-cd7d-4ab9-8c64-ba6e90787b90"
  ]
}
2026-06-03 14:12:21 - create_rate_cards - INFO - ✓ [27] Created rate card: st_testing441692_26
2026-06-03 14:12:21 - create_rate_cards - INFO - [API REQUEST] POST https://ncm.services.nconprem-10-36-199-8.ccpnx.com/v1/cg/config/rate-cards
2026-06-03 14:12:21 - create_rate_cards - INFO - [REQUEST JSON PAYLOAD]
{
  "rateCards": [
    {
      "rateCardName": "st_testing441692_27",
      "meteringRates": {
        "vm": {
          "vCpu": {
            "unit": "HOUR",
            "rate": 58
          },
          "vRam": {
            "unit": "HOUR",
            "rate": 5
          },
          "vStorage": {
            "unit": "GIB",
            "rate": 35
          },
          "customConfigs": [
            {
              "description": "st_testing441692_0",
              "value": {
                "unit": "DAY",
                "rate": 54
              }
            },
            {
              "description": "st_testing441692_1",
              "value": {
                "unit": "DAY",
                "rate": 41
              }
            },
            {
              "description": "st_testing441692_2",
              "value": {
                "unit": "DAY",
                "rate": 19
              }
            },
            {
              "description": "st_testing441692_3",
              "value": {
                "unit": "DAY",
                "rate": 73
              }
            },
            {
              "description": "st_testing441692_4",
              "value": {
                "unit": "DAY",
                "rate": 22
              }
            }
          ]
        }
      },
      "resources": []
    }
  ]
}
2026-06-03 14:12:24 - create_rate_cards - INFO - [API RESPONSE] POST https://ncm.services.nconprem-10-36-199-8.ccpnx.com/v1/cg/config/rate-cards
2026-06-03 14:12:24 - create_rate_cards - INFO - [STATUS CODE] 200
2026-06-03 14:12:24 - create_rate_cards - INFO - [TIME TAKEN] 2.9957 seconds (2995.68 ms)
2026-06-03 14:12:24 - create_rate_cards - INFO - [RESPONSE CONTENT-TYPE] application/json
2026-06-03 14:12:24 - create_rate_cards - INFO - [RESPONSE PAYLOAD]
{
  "ids": [
    "ab12f655-fde6-448d-beeb-06554b68cb00"
  ]
}
2026-06-03 14:12:24 - create_rate_cards - INFO - ✓ [28] Created rate card: st_testing441692_27
2026-06-03 14:12:24 - create_rate_cards - INFO - [API REQUEST] POST https://ncm.services.nconprem-10-36-199-8.ccpnx.com/v1/cg/config/rate-cards
2026-06-03 14:12:24 - create_rate_cards - INFO - [REQUEST JSON PAYLOAD]
{
  "rateCards": [
    {
      "rateCardName": "st_testing441692_28",
      "meteringRates": {
        "vm": {
          "vCpu": {
            "unit": "HOUR",
            "rate": 10
          },
          "vRam": {
            "unit": "HOUR",
            "rate": 83
          },
          "vStorage": {
            "unit": "GIB",
            "rate": 73
          },
          "customConfigs": [
            {
              "description": "st_testing441692_0",
              "value": {
                "unit": "DAY",
                "rate": 28
              }
            },
            {
              "description": "st_testing441692_1",
              "value": {
                "unit": "DAY",
                "rate": 68
              }
            },
            {
              "description": "st_testing441692_2",
              "value": {
                "unit": "DAY",
                "rate": 17
              }
            },
            {
              "description": "st_testing441692_3",
              "value": {
                "unit": "DAY",
                "rate": 4
              }
            },
            {
              "description": "st_testing441692_4",
              "value": {
                "unit": "DAY",
                "rate": 100
              }
            }
          ]
        }
      },
      "resources": []
    }
  ]
}
2026-06-03 14:12:27 - create_rate_cards - INFO - [API RESPONSE] POST https://ncm.services.nconprem-10-36-199-8.ccpnx.com/v1/cg/config/rate-cards
2026-06-03 14:12:27 - create_rate_cards - INFO - [STATUS CODE] 200
2026-06-03 14:12:27 - create_rate_cards - INFO - [TIME TAKEN] 2.3635 seconds (2363.52 ms)
2026-06-03 14:12:27 - create_rate_cards - INFO - [RESPONSE CONTENT-TYPE] application/json
2026-06-03 14:12:27 - create_rate_cards - INFO - [RESPONSE PAYLOAD]
{
  "ids": [
    "5d080762-2a1b-456c-8567-aba0305bca1a"
  ]
}
2026-06-03 14:12:27 - create_rate_cards - INFO - ✓ [29] Created rate card: st_testing441692_28
2026-06-03 14:12:27 - create_rate_cards - INFO - [API REQUEST] POST https://ncm.services.nconprem-10-36-199-8.ccpnx.com/v1/cg/config/rate-cards
2026-06-03 14:12:27 - create_rate_cards - INFO - [REQUEST JSON PAYLOAD]
{
  "rateCards": [
    {
      "rateCardName": "st_testing441692_29",
      "meteringRates": {
        "vm": {
          "vCpu": {
            "unit": "HOUR",
            "rate": 75
          },
          "vRam": {
            "unit": "HOUR",
            "rate": 15
          },
          "vStorage": {
            "unit": "GIB",
            "rate": 7
          },
          "customConfigs": [
            {
              "description": "st_testing441692_0",
              "value": {
                "unit": "DAY",
                "rate": 62
              }
            },
            {
              "description": "st_testing441692_1",
              "value": {
                "unit": "DAY",
                "rate": 6
              }
            },
            {
              "description": "st_testing441692_2",
              "value": {
                "unit": "DAY",
                "rate": 80
              }
            },
            {
              "description": "st_testing441692_3",
              "value": {
                "unit": "DAY",
                "rate": 51
              }
            },
            {
              "description": "st_testing441692_4",
              "value": {
                "unit": "DAY",
                "rate": 13
              }
            }
          ]
        }
      },
      "resources": []
    }
  ]
}
2026-06-03 14:12:29 - create_rate_cards - INFO - [API RESPONSE] POST https://ncm.services.nconprem-10-36-199-8.ccpnx.com/v1/cg/config/rate-cards
2026-06-03 14:12:29 - create_rate_cards - INFO - [STATUS CODE] 200
2026-06-03 14:12:29 - create_rate_cards - INFO - [TIME TAKEN] 2.0313 seconds (2031.27 ms)
2026-06-03 14:12:29 - create_rate_cards - INFO - [RESPONSE CONTENT-TYPE] application/json
2026-06-03 14:12:29 - create_rate_cards - INFO - [RESPONSE PAYLOAD]
{
  "ids": [
    "955955fe-bc18-4b21-b287-d5433a16d2b8"
  ]
}
2026-06-03 14:12:29 - create_rate_cards - INFO - ✓ [30] Created rate card: st_testing441692_29
2026-06-03 14:12:29 - create_rate_cards - INFO - [API REQUEST] POST https://ncm.services.nconprem-10-36-199-8.ccpnx.com/v1/cg/config/rate-cards
2026-06-03 14:12:29 - create_rate_cards - INFO - [REQUEST JSON PAYLOAD]
{
  "rateCards": [
    {
      "rateCardName": "st_testing441692_30",
      "meteringRates": {
        "vm": {
          "vCpu": {
            "unit": "HOUR",
            "rate": 48
          },
          "vRam": {
            "unit": "HOUR",
            "rate": 53
          },
          "vStorage": {
            "unit": "GIB",
            "rate": 94
          },
          "customConfigs": [
            {
              "description": "st_testing441692_0",
              "value": {
                "unit": "DAY",
                "rate": 91
              }
            },
            {
              "description": "st_testing441692_1",
              "value": {
                "unit": "DAY",
                "rate": 90
              }
            },
            {
              "description": "st_testing441692_2",
              "value": {
                "unit": "DAY",
                "rate": 74
              }
            },
            {
              "description": "st_testing441692_3",
              "value": {
                "unit": "DAY",
                "rate": 34
              }
            },
            {
              "description": "st_testing441692_4",
              "value": {
                "unit": "DAY",
                "rate": 39
              }
            }
          ]
        }
      },
      "resources": []
    }
  ]
}
2026-06-03 14:12:31 - create_rate_cards - INFO - [API RESPONSE] POST https://ncm.services.nconprem-10-36-199-8.ccpnx.com/v1/cg/config/rate-cards
2026-06-03 14:12:31 - create_rate_cards - INFO - [STATUS CODE] 200
2026-06-03 14:12:31 - create_rate_cards - INFO - [TIME TAKEN] 1.9824 seconds (1982.38 ms)
2026-06-03 14:12:31 - create_rate_cards - INFO - [RESPONSE CONTENT-TYPE] application/json
2026-06-03 14:12:31 - create_rate_cards - INFO - [RESPONSE PAYLOAD]
{
  "ids": [
    "7b1a955e-281d-428e-a059-d3f3117467b9"
  ]
}
2026-06-03 14:12:31 - create_rate_cards - INFO - ✓ [31] Created rate card: st_testing441692_30
2026-06-03 14:12:31 - create_rate_cards - INFO - [API REQUEST] POST https://ncm.services.nconprem-10-36-199-8.ccpnx.com/v1/cg/config/rate-cards
2026-06-03 14:12:31 - create_rate_cards - INFO - [REQUEST JSON PAYLOAD]
{
  "rateCards": [
    {
      "rateCardName": "st_testing441692_31",
      "meteringRates": {
        "vm": {
          "vCpu": {
            "unit": "HOUR",
            "rate": 28
          },
          "vRam": {
            "unit": "HOUR",
            "rate": 25
          },
          "vStorage": {
            "unit": "GIB",
            "rate": 29
          },
          "customConfigs": [
            {
              "description": "st_testing441692_0",
              "value": {
                "unit": "DAY",
                "rate": 64
              }
            },
            {
              "description": "st_testing441692_1",
              "value": {
                "unit": "DAY",
                "rate": 80
              }
            },
            {
              "description": "st_testing441692_2",
              "value": {
                "unit": "DAY",
                "rate": 70
              }
            },
            {
              "description": "st_testing441692_3",
              "value": {
                "unit": "DAY",
                "rate": 43
              }
            },
            {
              "description": "st_testing441692_4",
              "value": {
                "unit": "DAY",
                "rate": 68
              }
            }
          ]
        }
      },
      "resources": []
    }
  ]
}
2026-06-03 14:12:32 - create_rate_cards - INFO - [API RESPONSE] POST https://ncm.services.nconprem-10-36-199-8.ccpnx.com/v1/cg/config/rate-cards
2026-06-03 14:12:32 - create_rate_cards - INFO - [STATUS CODE] 200
2026-06-03 14:12:32 - create_rate_cards - INFO - [TIME TAKEN] 1.6802 seconds (1680.15 ms)
2026-06-03 14:12:32 - create_rate_cards - INFO - [RESPONSE CONTENT-TYPE] application/json
2026-06-03 14:12:32 - create_rate_cards - INFO - [RESPONSE PAYLOAD]
{
  "ids": [
    "1ab9c0e9-7aa6-4357-bc21-5adca7659d54"
  ]
}
2026-06-03 14:12:32 - create_rate_cards - INFO - ✓ [32] Created rate card: st_testing441692_31
2026-06-03 14:12:32 - create_rate_cards - INFO - [API REQUEST] POST https://ncm.services.nconprem-10-36-199-8.ccpnx.com/v1/cg/config/rate-cards
2026-06-03 14:12:32 - create_rate_cards - INFO - [REQUEST JSON PAYLOAD]
{
  "rateCards": [
    {
      "rateCardName": "st_testing441692_32",
      "meteringRates": {
        "vm": {
          "vCpu": {
            "unit": "HOUR",
            "rate": 2
          },
          "vRam": {
            "unit": "HOUR",
            "rate": 17
          },
          "vStorage": {
            "unit": "GIB",
            "rate": 88
          },
          "customConfigs": [
            {
              "description": "st_testing441692_0",
              "value": {
                "unit": "DAY",
                "rate": 64
              }
            },
            {
              "description": "st_testing441692_1",
              "value": {
                "unit": "DAY",
                "rate": 97
              }
            },
            {
              "description": "st_testing441692_2",
              "value": {
                "unit": "DAY",
                "rate": 40
              }
            },
            {
              "description": "st_testing441692_3",
              "value": {
                "unit": "DAY",
                "rate": 99
              }
            },
            {
              "description": "st_testing441692_4",
              "value": {
                "unit": "DAY",
                "rate": 41
              }
            }
          ]
        }
      },
      "resources": []
    }
  ]
}
2026-06-03 14:12:34 - create_rate_cards - INFO - [API RESPONSE] POST https://ncm.services.nconprem-10-36-199-8.ccpnx.com/v1/cg/config/rate-cards
2026-06-03 14:12:34 - create_rate_cards - INFO - [STATUS CODE] 200
2026-06-03 14:12:34 - create_rate_cards - INFO - [TIME TAKEN] 1.8272 seconds (1827.20 ms)
2026-06-03 14:12:34 - create_rate_cards - INFO - [RESPONSE CONTENT-TYPE] application/json
2026-06-03 14:12:34 - create_rate_cards - INFO - [RESPONSE PAYLOAD]
{
  "ids": [
    "e3faeb8b-fa55-41dd-9c6f-a9c1310b9132"
  ]
}
2026-06-03 14:12:34 - create_rate_cards - INFO - ✓ [33] Created rate card: st_testing441692_32
2026-06-03 14:12:34 - create_rate_cards - INFO - [API REQUEST] POST https://ncm.services.nconprem-10-36-199-8.ccpnx.com/v1/cg/config/rate-cards
2026-06-03 14:12:34 - create_rate_cards - INFO - [REQUEST JSON PAYLOAD]
{
  "rateCards": [
    {
      "rateCardName": "st_testing441692_33",
      "meteringRates": {
        "vm": {
          "vCpu": {
            "unit": "HOUR",
            "rate": 21
          },
          "vRam": {
            "unit": "HOUR",
            "rate": 34
          },
          "vStorage": {
            "unit": "GIB",
            "rate": 3
          },
          "customConfigs": [
            {
              "description": "st_testing441692_0",
              "value": {
                "unit": "DAY",
                "rate": 72
              }
            },
            {
              "description": "st_testing441692_1",
              "value": {
                "unit": "DAY",
                "rate": 94
              }
            },
            {
              "description": "st_testing441692_2",
              "value": {
                "unit": "DAY",
                "rate": 8
              }
            },
            {
              "description": "st_testing441692_3",
              "value": {
                "unit": "DAY",
                "rate": 39
              }
            },
            {
              "description": "st_testing441692_4",
              "value": {
                "unit": "DAY",
                "rate": 78
              }
            }
          ]
        }
      },
      "resources": []
    }
  ]
}
2026-06-03 14:12:37 - create_rate_cards - INFO - [API RESPONSE] POST https://ncm.services.nconprem-10-36-199-8.ccpnx.com/v1/cg/config/rate-cards
2026-06-03 14:12:37 - create_rate_cards - INFO - [STATUS CODE] 200
2026-06-03 14:12:37 - create_rate_cards - INFO - [TIME TAKEN] 2.3637 seconds (2363.70 ms)
2026-06-03 14:12:37 - create_rate_cards - INFO - [RESPONSE CONTENT-TYPE] application/json
2026-06-03 14:12:37 - create_rate_cards - INFO - [RESPONSE PAYLOAD]
{
  "ids": [
    "dcf86b4d-ea13-4db4-b5fb-5e15b77d0bb3"
  ]
}
2026-06-03 14:12:37 - create_rate_cards - INFO - ✓ [34] Created rate card: st_testing441692_33
2026-06-03 14:12:37 - create_rate_cards - INFO - [API REQUEST] POST https://ncm.services.nconprem-10-36-199-8.ccpnx.com/v1/cg/config/rate-cards
2026-06-03 14:12:37 - create_rate_cards - INFO - [REQUEST JSON PAYLOAD]
{
  "rateCards": [
    {
      "rateCardName": "st_testing441692_34",
      "meteringRates": {
        "vm": {
          "vCpu": {
            "unit": "HOUR",
            "rate": 17
          },
          "vRam": {
            "unit": "HOUR",
            "rate": 67
          },
          "vStorage": {
            "unit": "GIB",
            "rate": 87
          },
          "customConfigs": [
            {
              "description": "st_testing441692_0",
              "value": {
                "unit": "DAY",
                "rate": 38
              }
            },
            {
              "description": "st_testing441692_1",
              "value": {
                "unit": "DAY",
                "rate": 62
              }
            },
            {
              "description": "st_testing441692_2",
              "value": {
                "unit": "DAY",
                "rate": 20
              }
            },
            {
              "description": "st_testing441692_3",
              "value": {
                "unit": "DAY",
                "rate": 46
              }
            },
            {
              "description": "st_testing441692_4",
              "value": {
                "unit": "DAY",
                "rate": 4
              }
            }
          ]
        }
      },
      "resources": []
    }
  ]
}
2026-06-03 14:12:39 - create_rate_cards - INFO - [API RESPONSE] POST https://ncm.services.nconprem-10-36-199-8.ccpnx.com/v1/cg/config/rate-cards
2026-06-03 14:12:39 - create_rate_cards - INFO - [STATUS CODE] 200
2026-06-03 14:12:39 - create_rate_cards - INFO - [TIME TAKEN] 2.2153 seconds (2215.25 ms)
2026-06-03 14:12:39 - create_rate_cards - INFO - [RESPONSE CONTENT-TYPE] application/json
2026-06-03 14:12:39 - create_rate_cards - INFO - [RESPONSE PAYLOAD]
{
  "ids": [
    "3a8f1abe-c0f7-4199-9803-6b1b87157f61"
  ]
}
2026-06-03 14:12:39 - create_rate_cards - INFO - ✓ [35] Created rate card: st_testing441692_34
2026-06-03 14:12:39 - create_rate_cards - INFO - [API REQUEST] POST https://ncm.services.nconprem-10-36-199-8.ccpnx.com/v1/cg/config/rate-cards
2026-06-03 14:12:39 - create_rate_cards - INFO - [REQUEST JSON PAYLOAD]
{
  "rateCards": [
    {
      "rateCardName": "st_testing441692_35",
      "meteringRates": {
        "vm": {
          "vCpu": {
            "unit": "HOUR",
            "rate": 8
          },
          "vRam": {
            "unit": "HOUR",
            "rate": 11
          },
          "vStorage": {
            "unit": "GIB",
            "rate": 72
          },
          "customConfigs": [
            {
              "description": "st_testing441692_0",
              "value": {
                "unit": "DAY",
                "rate": 92
              }
            },
            {
              "description": "st_testing441692_1",
              "value": {
                "unit": "DAY",
                "rate": 89
              }
            },
            {
              "description": "st_testing441692_2",
              "value": {
                "unit": "DAY",
                "rate": 23
              }
            },
            {
              "description": "st_testing441692_3",
              "value": {
                "unit": "DAY",
                "rate": 53
              }
            },
            {
              "description": "st_testing441692_4",
              "value": {
                "unit": "DAY",
                "rate": 9
              }
            }
          ]
        }
      },
      "resources": []
    }
  ]
}
2026-06-03 14:12:41 - create_rate_cards - INFO - [API RESPONSE] POST https://ncm.services.nconprem-10-36-199-8.ccpnx.com/v1/cg/config/rate-cards
2026-06-03 14:12:41 - create_rate_cards - INFO - [STATUS CODE] 200
2026-06-03 14:12:41 - create_rate_cards - INFO - [TIME TAKEN] 1.7081 seconds (1708.11 ms)
2026-06-03 14:12:41 - create_rate_cards - INFO - [RESPONSE CONTENT-TYPE] application/json
2026-06-03 14:12:41 - create_rate_cards - INFO - [RESPONSE PAYLOAD]
{
  "ids": [
    "c3fd1d50-01d2-40e2-a8ff-2adc2764eeee"
  ]
}
2026-06-03 14:12:41 - create_rate_cards - INFO - ✓ [36] Created rate card: st_testing441692_35
2026-06-03 14:12:41 - create_rate_cards - INFO - [API REQUEST] POST https://ncm.services.nconprem-10-36-199-8.ccpnx.com/v1/cg/config/rate-cards
2026-06-03 14:12:41 - create_rate_cards - INFO - [REQUEST JSON PAYLOAD]
{
  "rateCards": [
    {
      "rateCardName": "st_testing441692_36",
      "meteringRates": {
        "vm": {
          "vCpu": {
            "unit": "HOUR",
            "rate": 61
          },
          "vRam": {
            "unit": "HOUR",
            "rate": 83
          },
          "vStorage": {
            "unit": "GIB",
            "rate": 62
          },
          "customConfigs": [
            {
              "description": "st_testing441692_0",
              "value": {
                "unit": "DAY",
                "rate": 33
              }
            },
            {
              "description": "st_testing441692_1",
              "value": {
                "unit": "DAY",
                "rate": 22
              }
            },
            {
              "description": "st_testing441692_2",
              "value": {
                "unit": "DAY",
                "rate": 95
              }
            },
            {
              "description": "st_testing441692_3",
              "value": {
                "unit": "DAY",
                "rate": 19
              }
            },
            {
              "description": "st_testing441692_4",
              "value": {
                "unit": "DAY",
                "rate": 27
              }
            }
          ]
        }
      },
      "resources": []
    }
  ]
}
2026-06-03 14:12:42 - create_rate_cards - INFO - [API RESPONSE] POST https://ncm.services.nconprem-10-36-199-8.ccpnx.com/v1/cg/config/rate-cards
2026-06-03 14:12:42 - create_rate_cards - INFO - [STATUS CODE] 200
2026-06-03 14:12:42 - create_rate_cards - INFO - [TIME TAKEN] 1.5941 seconds (1594.10 ms)
2026-06-03 14:12:42 - create_rate_cards - INFO - [RESPONSE CONTENT-TYPE] application/json
2026-06-03 14:12:42 - create_rate_cards - INFO - [RESPONSE PAYLOAD]
{
  "ids": [
    "395e04d1-1883-4eac-a690-5ac7c23fcd80"
  ]
}
2026-06-03 14:12:42 - create_rate_cards - INFO - ✓ [37] Created rate card: st_testing441692_36
2026-06-03 14:12:42 - create_rate_cards - INFO - [API REQUEST] POST https://ncm.services.nconprem-10-36-199-8.ccpnx.com/v1/cg/config/rate-cards
2026-06-03 14:12:42 - create_rate_cards - INFO - [REQUEST JSON PAYLOAD]
{
  "rateCards": [
    {
      "rateCardName": "st_testing441692_37",
      "meteringRates": {
        "vm": {
          "vCpu": {
            "unit": "HOUR",
            "rate": 30
          },
          "vRam": {
            "unit": "HOUR",
            "rate": 97
          },
          "vStorage": {
            "unit": "GIB",
            "rate": 43
          },
          "customConfigs": [
            {
              "description": "st_testing441692_0",
              "value": {
                "unit": "DAY",
                "rate": 81
              }
            },
            {
              "description": "st_testing441692_1",
              "value": {
                "unit": "DAY",
                "rate": 56
              }
            },
            {
              "description": "st_testing441692_2",
              "value": {
                "unit": "DAY",
                "rate": 39
              }
            },
            {
              "description": "st_testing441692_3",
              "value": {
                "unit": "DAY",
                "rate": 41
              }
            },
            {
              "description": "st_testing441692_4",
              "value": {
                "unit": "DAY",
                "rate": 7
              }
            }
          ]
        }
      },
      "resources": []
    }
  ]
}
2026-06-03 14:12:44 - create_rate_cards - INFO - [API RESPONSE] POST https://ncm.services.nconprem-10-36-199-8.ccpnx.com/v1/cg/config/rate-cards
2026-06-03 14:12:44 - create_rate_cards - INFO - [STATUS CODE] 200
2026-06-03 14:12:44 - create_rate_cards - INFO - [TIME TAKEN] 2.0338 seconds (2033.85 ms)
2026-06-03 14:12:44 - create_rate_cards - INFO - [RESPONSE CONTENT-TYPE] application/json
2026-06-03 14:12:44 - create_rate_cards - INFO - [RESPONSE PAYLOAD]
{
  "ids": [
    "353bd3cc-1908-4911-bfca-7ea51d10bb26"
  ]
}
2026-06-03 14:12:44 - create_rate_cards - INFO - ✓ [38] Created rate card: st_testing441692_37
2026-06-03 14:12:44 - create_rate_cards - INFO - [API REQUEST] POST https://ncm.services.nconprem-10-36-199-8.ccpnx.com/v1/cg/config/rate-cards
2026-06-03 14:12:44 - create_rate_cards - INFO - [REQUEST JSON PAYLOAD]
{
  "rateCards": [
    {
      "rateCardName": "st_testing441692_38",
      "meteringRates": {
        "vm": {
          "vCpu": {
            "unit": "HOUR",
            "rate": 60
          },
          "vRam": {
            "unit": "HOUR",
            "rate": 32
          },
          "vStorage": {
            "unit": "GIB",
            "rate": 41
          },
          "customConfigs": [
            {
              "description": "st_testing441692_0",
              "value": {
                "unit": "DAY",
                "rate": 38
              }
            },
            {
              "description": "st_testing441692_1",
              "value": {
                "unit": "DAY",
                "rate": 25
              }
            },
            {
              "description": "st_testing441692_2",
              "value": {
                "unit": "DAY",
                "rate": 56
              }
            },
            {
              "description": "st_testing441692_3",
              "value": {
                "unit": "DAY",
                "rate": 95
              }
            },
            {
              "description": "st_testing441692_4",
              "value": {
                "unit": "DAY",
                "rate": 10
              }
            }
          ]
        }
      },
      "resources": []
    }
  ]
}
2026-06-03 14:12:46 - create_rate_cards - INFO - [API RESPONSE] POST https://ncm.services.nconprem-10-36-199-8.ccpnx.com/v1/cg/config/rate-cards
2026-06-03 14:12:46 - create_rate_cards - INFO - [STATUS CODE] 200
2026-06-03 14:12:46 - create_rate_cards - INFO - [TIME TAKEN] 1.7592 seconds (1759.24 ms)
2026-06-03 14:12:46 - create_rate_cards - INFO - [RESPONSE CONTENT-TYPE] application/json
2026-06-03 14:12:46 - create_rate_cards - INFO - [RESPONSE PAYLOAD]
{
  "ids": [
    "fabe1ea9-3e8c-4595-9f16-398536b118f0"
  ]
}
2026-06-03 14:12:46 - create_rate_cards - INFO - ✓ [39] Created rate card: st_testing441692_38
2026-06-03 14:12:46 - create_rate_cards - INFO - [API REQUEST] POST https://ncm.services.nconprem-10-36-199-8.ccpnx.com/v1/cg/config/rate-cards
2026-06-03 14:12:46 - create_rate_cards - INFO - [REQUEST JSON PAYLOAD]
{
  "rateCards": [
    {
      "rateCardName": "st_testing441692_39",
      "meteringRates": {
        "vm": {
          "vCpu": {
            "unit": "HOUR",
            "rate": 34
          },
          "vRam": {
            "unit": "HOUR",
            "rate": 68
          },
          "vStorage": {
            "unit": "GIB",
            "rate": 45
          },
          "customConfigs": [
            {
              "description": "st_testing441692_0",
              "value": {
                "unit": "DAY",
                "rate": 14
              }
            },
            {
              "description": "st_testing441692_1",
              "value": {
                "unit": "DAY",
                "rate": 44
              }
            },
            {
              "description": "st_testing441692_2",
              "value": {
                "unit": "DAY",
                "rate": 74
              }
            },
            {
              "description": "st_testing441692_3",
              "value": {
                "unit": "DAY",
                "rate": 1
              }
            },
            {
              "description": "st_testing441692_4",
              "value": {
                "unit": "DAY",
                "rate": 33
              }
            }
          ]
        }
      },
      "resources": []
    }
  ]
}
2026-06-03 14:12:48 - create_rate_cards - INFO - [API RESPONSE] POST https://ncm.services.nconprem-10-36-199-8.ccpnx.com/v1/cg/config/rate-cards
2026-06-03 14:12:48 - create_rate_cards - INFO - [STATUS CODE] 200
2026-06-03 14:12:48 - create_rate_cards - INFO - [TIME TAKEN] 1.8283 seconds (1828.29 ms)
2026-06-03 14:12:48 - create_rate_cards - INFO - [RESPONSE CONTENT-TYPE] application/json
2026-06-03 14:12:48 - create_rate_cards - INFO - [RESPONSE PAYLOAD]
{
  "ids": [
    "3d548b07-afa2-41eb-905d-6e52ba403684"
  ]
}
2026-06-03 14:12:48 - create_rate_cards - INFO - ✓ [40] Created rate card: st_testing441692_39
2026-06-03 14:12:48 - create_rate_cards - INFO - [API REQUEST] POST https://ncm.services.nconprem-10-36-199-8.ccpnx.com/v1/cg/config/rate-cards
2026-06-03 14:12:48 - create_rate_cards - INFO - [REQUEST JSON PAYLOAD]
{
  "rateCards": [
    {
      "rateCardName": "st_testing441692_40",
      "meteringRates": {
        "vm": {
          "vCpu": {
            "unit": "HOUR",
            "rate": 80
          },
          "vRam": {
            "unit": "HOUR",
            "rate": 34
          },
          "vStorage": {
            "unit": "GIB",
            "rate": 40
          },
          "customConfigs": [
            {
              "description": "st_testing441692_0",
              "value": {
                "unit": "DAY",
                "rate": 72
              }
            },
            {
              "description": "st_testing441692_1",
              "value": {
                "unit": "DAY",
                "rate": 57
              }
            },
            {
              "description": "st_testing441692_2",
              "value": {
                "unit": "DAY",
                "rate": 67
              }
            },
            {
              "description": "st_testing441692_3",
              "value": {
                "unit": "DAY",
                "rate": 20
              }
            },
            {
              "description": "st_testing441692_4",
              "value": {
                "unit": "DAY",
                "rate": 70
              }
            }
          ]
        }
      },
      "resources": []
    }
  ]
}
2026-06-03 14:12:50 - create_rate_cards - INFO - [API RESPONSE] POST https://ncm.services.nconprem-10-36-199-8.ccpnx.com/v1/cg/config/rate-cards
2026-06-03 14:12:50 - create_rate_cards - INFO - [STATUS CODE] 200
2026-06-03 14:12:50 - create_rate_cards - INFO - [TIME TAKEN] 1.8371 seconds (1837.08 ms)
2026-06-03 14:12:50 - create_rate_cards - INFO - [RESPONSE CONTENT-TYPE] application/json
2026-06-03 14:12:50 - create_rate_cards - INFO - [RESPONSE PAYLOAD]
{
  "ids": [
    "338f5665-5043-426d-a48c-e66e57ecada5"
  ]
}
2026-06-03 14:12:50 - create_rate_cards - INFO - ✓ [41] Created rate card: st_testing441692_40
2026-06-03 14:12:50 - create_rate_cards - INFO - [API REQUEST] POST https://ncm.services.nconprem-10-36-199-8.ccpnx.com/v1/cg/config/rate-cards
2026-06-03 14:12:50 - create_rate_cards - INFO - [REQUEST JSON PAYLOAD]
{
  "rateCards": [
    {
      "rateCardName": "st_testing441692_41",
      "meteringRates": {
        "vm": {
          "vCpu": {
            "unit": "HOUR",
            "rate": 57
          },
          "vRam": {
            "unit": "HOUR",
            "rate": 27
          },
          "vStorage": {
            "unit": "GIB",
            "rate": 49
          },
          "customConfigs": [
            {
              "description": "st_testing441692_0",
              "value": {
                "unit": "DAY",
                "rate": 62
              }
            },
            {
              "description": "st_testing441692_1",
              "value": {
                "unit": "DAY",
                "rate": 22
              }
            },
            {
              "description": "st_testing441692_2",
              "value": {
                "unit": "DAY",
                "rate": 91
              }
            },
            {
              "description": "st_testing441692_3",
              "value": {
                "unit": "DAY",
                "rate": 35
              }
            },
            {
              "description": "st_testing441692_4",
              "value": {
                "unit": "DAY",
                "rate": 62
              }
            }
          ]
        }
      },
      "resources": []
    }
  ]
}
2026-06-03 14:12:52 - create_rate_cards - INFO - [API RESPONSE] POST https://ncm.services.nconprem-10-36-199-8.ccpnx.com/v1/cg/config/rate-cards
2026-06-03 14:12:52 - create_rate_cards - INFO - [STATUS CODE] 200
2026-06-03 14:12:52 - create_rate_cards - INFO - [TIME TAKEN] 2.0102 seconds (2010.22 ms)
2026-06-03 14:12:52 - create_rate_cards - INFO - [RESPONSE CONTENT-TYPE] application/json
2026-06-03 14:12:52 - create_rate_cards - INFO - [RESPONSE PAYLOAD]
{
  "ids": [
    "97cc157f-3d1b-46b7-aacc-7947570b0ddd"
  ]
}
2026-06-03 14:12:52 - create_rate_cards - INFO - ✓ [42] Created rate card: st_testing441692_41
2026-06-03 14:12:52 - create_rate_cards - INFO - [API REQUEST] POST https://ncm.services.nconprem-10-36-199-8.ccpnx.com/v1/cg/config/rate-cards
2026-06-03 14:12:52 - create_rate_cards - INFO - [REQUEST JSON PAYLOAD]
{
  "rateCards": [
    {
      "rateCardName": "st_testing441692_42",
      "meteringRates": {
        "vm": {
          "vCpu": {
            "unit": "HOUR",
            "rate": 52
          },
          "vRam": {
            "unit": "HOUR",
            "rate": 91
          },
          "vStorage": {
            "unit": "GIB",
            "rate": 57
          },
          "customConfigs": [
            {
              "description": "st_testing441692_0",
              "value": {
                "unit": "DAY",
                "rate": 57
              }
            },
            {
              "description": "st_testing441692_1",
              "value": {
                "unit": "DAY",
                "rate": 8
              }
            },
            {
              "description": "st_testing441692_2",
              "value": {
                "unit": "DAY",
                "rate": 81
              }
            },
            {
              "description": "st_testing441692_3",
              "value": {
                "unit": "DAY",
                "rate": 8
              }
            },
            {
              "description": "st_testing441692_4",
              "value": {
                "unit": "DAY",
                "rate": 84
              }
            }
          ]
        }
      },
      "resources": []
    }
  ]
}
2026-06-03 14:12:54 - create_rate_cards - INFO - [API RESPONSE] POST https://ncm.services.nconprem-10-36-199-8.ccpnx.com/v1/cg/config/rate-cards
2026-06-03 14:12:54 - create_rate_cards - INFO - [STATUS CODE] 200
2026-06-03 14:12:54 - create_rate_cards - INFO - [TIME TAKEN] 2.1657 seconds (2165.70 ms)
2026-06-03 14:12:54 - create_rate_cards - INFO - [RESPONSE CONTENT-TYPE] application/json
2026-06-03 14:12:54 - create_rate_cards - INFO - [RESPONSE PAYLOAD]
{
  "ids": [
    "ba03715d-2994-4b7b-b83e-b78551533168"
  ]
}
2026-06-03 14:12:54 - create_rate_cards - INFO - ✓ [43] Created rate card: st_testing441692_42
2026-06-03 14:12:54 - create_rate_cards - INFO - [API REQUEST] POST https://ncm.services.nconprem-10-36-199-8.ccpnx.com/v1/cg/config/rate-cards
2026-06-03 14:12:54 - create_rate_cards - INFO - [REQUEST JSON PAYLOAD]
{
  "rateCards": [
    {
      "rateCardName": "st_testing441692_43",
      "meteringRates": {
        "vm": {
          "vCpu": {
            "unit": "HOUR",
            "rate": 94
          },
          "vRam": {
            "unit": "HOUR",
            "rate": 32
          },
          "vStorage": {
            "unit": "GIB",
            "rate": 96
          },
          "customConfigs": [
            {
              "description": "st_testing441692_0",
              "value": {
                "unit": "DAY",
                "rate": 5
              }
            },
            {
              "description": "st_testing441692_1",
              "value": {
                "unit": "DAY",
                "rate": 57
              }
            },
            {
              "description": "st_testing441692_2",
              "value": {
                "unit": "DAY",
                "rate": 32
              }
            },
            {
              "description": "st_testing441692_3",
              "value": {
                "unit": "DAY",
                "rate": 77
              }
            },
            {
              "description": "st_testing441692_4",
              "value": {
                "unit": "DAY",
                "rate": 91
              }
            }
          ]
        }
      },
      "resources": []
    }
  ]
}
2026-06-03 14:12:55 - create_rate_cards - INFO - [API RESPONSE] POST https://ncm.services.nconprem-10-36-199-8.ccpnx.com/v1/cg/config/rate-cards
2026-06-03 14:12:55 - create_rate_cards - INFO - [STATUS CODE] 200
2026-06-03 14:12:55 - create_rate_cards - INFO - [TIME TAKEN] 1.6401 seconds (1640.06 ms)
2026-06-03 14:12:55 - create_rate_cards - INFO - [RESPONSE CONTENT-TYPE] application/json
2026-06-03 14:12:55 - create_rate_cards - INFO - [RESPONSE PAYLOAD]
{
  "ids": [
    "c0eeb3b7-12b3-4b82-8f14-3be25ddd0713"
  ]
}
2026-06-03 14:12:55 - create_rate_cards - INFO - ✓ [44] Created rate card: st_testing441692_43
2026-06-03 14:12:55 - create_rate_cards - INFO - [API REQUEST] POST https://ncm.services.nconprem-10-36-199-8.ccpnx.com/v1/cg/config/rate-cards
2026-06-03 14:12:55 - create_rate_cards - INFO - [REQUEST JSON PAYLOAD]
{
  "rateCards": [
    {
      "rateCardName": "st_testing441692_44",
      "meteringRates": {
        "vm": {
          "vCpu": {
            "unit": "HOUR",
            "rate": 60
          },
          "vRam": {
            "unit": "HOUR",
            "rate": 1
          },
          "vStorage": {
            "unit": "GIB",
            "rate": 49
          },
          "customConfigs": [
            {
              "description": "st_testing441692_0",
              "value": {
                "unit": "DAY",
                "rate": 87
              }
            },
            {
              "description": "st_testing441692_1",
              "value": {
                "unit": "DAY",
                "rate": 51
              }
            },
            {
              "description": "st_testing441692_2",
              "value": {
                "unit": "DAY",
                "rate": 4
              }
            },
            {
              "description": "st_testing441692_3",
              "value": {
                "unit": "DAY",
                "rate": 58
              }
            },
            {
              "description": "st_testing441692_4",
              "value": {
                "unit": "DAY",
                "rate": 39
              }
            }
          ]
        }
      },
      "resources": []
    }
  ]
}
2026-06-03 14:12:57 - create_rate_cards - INFO - [API RESPONSE] POST https://ncm.services.nconprem-10-36-199-8.ccpnx.com/v1/cg/config/rate-cards
2026-06-03 14:12:57 - create_rate_cards - INFO - [STATUS CODE] 200
2026-06-03 14:12:57 - create_rate_cards - INFO - [TIME TAKEN] 1.7783 seconds (1778.31 ms)
2026-06-03 14:12:57 - create_rate_cards - INFO - [RESPONSE CONTENT-TYPE] application/json
2026-06-03 14:12:57 - create_rate_cards - INFO - [RESPONSE PAYLOAD]
{
  "ids": [
    "ddf8a835-b10a-495f-a84f-d1e5fd153988"
  ]
}
2026-06-03 14:12:57 - create_rate_cards - INFO - ✓ [45] Created rate card: st_testing441692_44
2026-06-03 14:12:57 - create_rate_cards - INFO - [API REQUEST] POST https://ncm.services.nconprem-10-36-199-8.ccpnx.com/v1/cg/config/rate-cards
2026-06-03 14:12:57 - create_rate_cards - INFO - [REQUEST JSON PAYLOAD]
{
  "rateCards": [
    {
      "rateCardName": "st_testing441692_45",
      "meteringRates": {
        "vm": {
          "vCpu": {
            "unit": "HOUR",
            "rate": 78
          },
          "vRam": {
            "unit": "HOUR",
            "rate": 21
          },
          "vStorage": {
            "unit": "GIB",
            "rate": 56
          },
          "customConfigs": [
            {
              "description": "st_testing441692_0",
              "value": {
                "unit": "DAY",
                "rate": 66
              }
            },
            {
              "description": "st_testing441692_1",
              "value": {
                "unit": "DAY",
                "rate": 12
              }
            },
            {
              "description": "st_testing441692_2",
              "value": {
                "unit": "DAY",
                "rate": 100
              }
            },
            {
              "description": "st_testing441692_3",
              "value": {
                "unit": "DAY",
                "rate": 31
              }
            },
            {
              "description": "st_testing441692_4",
              "value": {
                "unit": "DAY",
                "rate": 74
              }
            }
          ]
        }
      },
      "resources": []
    }
  ]
}
2026-06-03 14:12:59 - create_rate_cards - INFO - [API RESPONSE] POST https://ncm.services.nconprem-10-36-199-8.ccpnx.com/v1/cg/config/rate-cards
2026-06-03 14:12:59 - create_rate_cards - INFO - [STATUS CODE] 200
2026-06-03 14:12:59 - create_rate_cards - INFO - [TIME TAKEN] 2.1301 seconds (2130.14 ms)
2026-06-03 14:12:59 - create_rate_cards - INFO - [RESPONSE CONTENT-TYPE] application/json
2026-06-03 14:12:59 - create_rate_cards - INFO - [RESPONSE PAYLOAD]
{
  "ids": [
    "c5c1bad7-8a22-4129-a892-cb0a07fca2b3"
  ]
}
2026-06-03 14:12:59 - create_rate_cards - INFO - ✓ [46] Created rate card: st_testing441692_45
2026-06-03 14:12:59 - create_rate_cards - INFO - [API REQUEST] POST https://ncm.services.nconprem-10-36-199-8.ccpnx.com/v1/cg/config/rate-cards
2026-06-03 14:12:59 - create_rate_cards - INFO - [REQUEST JSON PAYLOAD]
{
  "rateCards": [
    {
      "rateCardName": "st_testing441692_46",
      "meteringRates": {
        "vm": {
          "vCpu": {
            "unit": "HOUR",
            "rate": 42
          },
          "vRam": {
            "unit": "HOUR",
            "rate": 8
          },
          "vStorage": {
            "unit": "GIB",
            "rate": 22
          },
          "customConfigs": [
            {
              "description": "st_testing441692_0",
              "value": {
                "unit": "DAY",
                "rate": 24
              }
            },
            {
              "description": "st_testing441692_1",
              "value": {
                "unit": "DAY",
                "rate": 53
              }
            },
            {
              "description": "st_testing441692_2",
              "value": {
                "unit": "DAY",
                "rate": 89
              }
            },
            {
              "description": "st_testing441692_3",
              "value": {
                "unit": "DAY",
                "rate": 22
              }
            },
            {
              "description": "st_testing441692_4",
              "value": {
                "unit": "DAY",
                "rate": 73
              }
            }
          ]
        }
      },
      "resources": []
    }
  ]
}
2026-06-03 14:13:01 - create_rate_cards - INFO - [API RESPONSE] POST https://ncm.services.nconprem-10-36-199-8.ccpnx.com/v1/cg/config/rate-cards
2026-06-03 14:13:01 - create_rate_cards - INFO - [STATUS CODE] 200
2026-06-03 14:13:01 - create_rate_cards - INFO - [TIME TAKEN] 1.9592 seconds (1959.16 ms)
2026-06-03 14:13:01 - create_rate_cards - INFO - [RESPONSE CONTENT-TYPE] application/json
2026-06-03 14:13:01 - create_rate_cards - INFO - [RESPONSE PAYLOAD]
{
  "ids": [
    "1497e40c-eb74-41ff-8a0e-a49248b273be"
  ]
}
2026-06-03 14:13:01 - create_rate_cards - INFO - ✓ [47] Created rate card: st_testing441692_46
2026-06-03 14:13:01 - create_rate_cards - INFO - [API REQUEST] POST https://ncm.services.nconprem-10-36-199-8.ccpnx.com/v1/cg/config/rate-cards
2026-06-03 14:13:01 - create_rate_cards - INFO - [REQUEST JSON PAYLOAD]
{
  "rateCards": [
    {
      "rateCardName": "st_testing441692_47",
      "meteringRates": {
        "vm": {
          "vCpu": {
            "unit": "HOUR",
            "rate": 28
          },
          "vRam": {
            "unit": "HOUR",
            "rate": 60
          },
          "vStorage": {
            "unit": "GIB",
            "rate": 75
          },
          "customConfigs": [
            {
              "description": "st_testing441692_0",
              "value": {
                "unit": "DAY",
                "rate": 4
              }
            },
            {
              "description": "st_testing441692_1",
              "value": {
                "unit": "DAY",
                "rate": 62
              }
            },
            {
              "description": "st_testing441692_2",
              "value": {
                "unit": "DAY",
                "rate": 47
              }
            },
            {
              "description": "st_testing441692_3",
              "value": {
                "unit": "DAY",
                "rate": 17
              }
            },
            {
              "description": "st_testing441692_4",
              "value": {
                "unit": "DAY",
                "rate": 59
              }
            }
          ]
        }
      },
      "resources": []
    }
  ]
}
2026-06-03 14:13:03 - create_rate_cards - INFO - [API RESPONSE] POST https://ncm.services.nconprem-10-36-199-8.ccpnx.com/v1/cg/config/rate-cards
2026-06-03 14:13:03 - create_rate_cards - INFO - [STATUS CODE] 200
2026-06-03 14:13:03 - create_rate_cards - INFO - [TIME TAKEN] 1.9319 seconds (1931.90 ms)
2026-06-03 14:13:03 - create_rate_cards - INFO - [RESPONSE CONTENT-TYPE] application/json
2026-06-03 14:13:03 - create_rate_cards - INFO - [RESPONSE PAYLOAD]
{
  "ids": [
    "bd7871b3-7bcd-49c5-a646-2b528cbe74b7"
  ]
}
2026-06-03 14:13:03 - create_rate_cards - INFO - ✓ [48] Created rate card: st_testing441692_47
2026-06-03 14:13:03 - create_rate_cards - INFO - [API REQUEST] POST https://ncm.services.nconprem-10-36-199-8.ccpnx.com/v1/cg/config/rate-cards
2026-06-03 14:13:03 - create_rate_cards - INFO - [REQUEST JSON PAYLOAD]
{
  "rateCards": [
    {
      "rateCardName": "st_testing441692_48",
      "meteringRates": {
        "vm": {
          "vCpu": {
            "unit": "HOUR",
            "rate": 26
          },
          "vRam": {
            "unit": "HOUR",
            "rate": 22
          },
          "vStorage": {
            "unit": "GIB",
            "rate": 61
          },
          "customConfigs": [
            {
              "description": "st_testing441692_0",
              "value": {
                "unit": "DAY",
                "rate": 82
              }
            },
            {
              "description": "st_testing441692_1",
              "value": {
                "unit": "DAY",
                "rate": 31
              }
            },
            {
              "description": "st_testing441692_2",
              "value": {
                "unit": "DAY",
                "rate": 8
              }
            },
            {
              "description": "st_testing441692_3",
              "value": {
                "unit": "DAY",
                "rate": 16
              }
            },
            {
              "description": "st_testing441692_4",
              "value": {
                "unit": "DAY",
                "rate": 68
              }
            }
          ]
        }
      },
      "resources": []
    }
  ]
}
2026-06-03 14:13:05 - create_rate_cards - INFO - [API RESPONSE] POST https://ncm.services.nconprem-10-36-199-8.ccpnx.com/v1/cg/config/rate-cards
2026-06-03 14:13:05 - create_rate_cards - INFO - [STATUS CODE] 200
2026-06-03 14:13:05 - create_rate_cards - INFO - [TIME TAKEN] 1.9198 seconds (1919.77 ms)
2026-06-03 14:13:05 - create_rate_cards - INFO - [RESPONSE CONTENT-TYPE] application/json
2026-06-03 14:13:05 - create_rate_cards - INFO - [RESPONSE PAYLOAD]
{
  "ids": [
    "0d640c37-2839-4455-86c7-c15d8a521453"
  ]
}
2026-06-03 14:13:05 - create_rate_cards - INFO - ✓ [49] Created rate card: st_testing441692_48
2026-06-03 14:13:05 - create_rate_cards - INFO - [API REQUEST] POST https://ncm.services.nconprem-10-36-199-8.ccpnx.com/v1/cg/config/rate-cards
2026-06-03 14:13:05 - create_rate_cards - INFO - [REQUEST JSON PAYLOAD]
{
  "rateCards": [
    {
      "rateCardName": "st_testing441692_49",
      "meteringRates": {
        "vm": {
          "vCpu": {
            "unit": "HOUR",
            "rate": 97
          },
          "vRam": {
            "unit": "HOUR",
            "rate": 44
          },
          "vStorage": {
            "unit": "GIB",
            "rate": 99
          },
          "customConfigs": [
            {
              "description": "st_testing441692_0",
              "value": {
                "unit": "DAY",
                "rate": 87
              }
            },
            {
              "description": "st_testing441692_1",
              "value": {
                "unit": "DAY",
                "rate": 8
              }
            },
            {
              "description": "st_testing441692_2",
              "value": {
                "unit": "DAY",
                "rate": 94
              }
            },
            {
              "description": "st_testing441692_3",
              "value": {
                "unit": "DAY",
                "rate": 11
              }
            },
            {
              "description": "st_testing441692_4",
              "value": {
                "unit": "DAY",
                "rate": 66
              }
            }
          ]
        }
      },
      "resources": []
    }
  ]
}
2026-06-03 14:13:08 - create_rate_cards - INFO - [API RESPONSE] POST https://ncm.services.nconprem-10-36-199-8.ccpnx.com/v1/cg/config/rate-cards
2026-06-03 14:13:08 - create_rate_cards - INFO - [STATUS CODE] 200
2026-06-03 14:13:08 - create_rate_cards - INFO - [TIME TAKEN] 2.8232 seconds (2823.22 ms)
2026-06-03 14:13:08 - create_rate_cards - INFO - [RESPONSE CONTENT-TYPE] application/json
2026-06-03 14:13:08 - create_rate_cards - INFO - [RESPONSE PAYLOAD]
{
  "ids": [
    "ba8b4cae-c125-494c-801a-677aa0f461c8"
  ]
}
2026-06-03 14:13:08 - create_rate_cards - INFO - ✓ [50] Created rate card: st_testing441692_49
2026-06-03 14:13:08 - create_rate_cards - INFO - [API REQUEST] POST https://ncm.services.nconprem-10-36-199-8.ccpnx.com/v1/cg/config/rate-cards
2026-06-03 14:13:08 - create_rate_cards - INFO - [REQUEST JSON PAYLOAD]
{
  "rateCards": [
    {
      "rateCardName": "st_testing441692_50",
      "meteringRates": {
        "vm": {
          "vCpu": {
            "unit": "HOUR",
            "rate": 58
          },
          "vRam": {
            "unit": "HOUR",
            "rate": 4
          },
          "vStorage": {
            "unit": "GIB",
            "rate": 20
          },
          "customConfigs": [
            {
              "description": "st_testing441692_0",
              "value": {
                "unit": "DAY",
                "rate": 77
              }
            },
            {
              "description": "st_testing441692_1",
              "value": {
                "unit": "DAY",
                "rate": 44
              }
            },
            {
              "description": "st_testing441692_2",
              "value": {
                "unit": "DAY",
                "rate": 56
              }
            },
            {
              "description": "st_testing441692_3",
              "value": {
                "unit": "DAY",
                "rate": 44
              }
            },
            {
              "description": "st_testing441692_4",
              "value": {
                "unit": "DAY",
                "rate": 53
              }
            }
          ]
        }
      },
      "resources": []
    }
  ]
}
2026-06-03 14:13:10 - create_rate_cards - INFO - [API RESPONSE] POST https://ncm.services.nconprem-10-36-199-8.ccpnx.com/v1/cg/config/rate-cards
2026-06-03 14:13:10 - create_rate_cards - INFO - [STATUS CODE] 200
2026-06-03 14:13:10 - create_rate_cards - INFO - [TIME TAKEN] 2.2298 seconds (2229.76 ms)
2026-06-03 14:13:10 - create_rate_cards - INFO - [RESPONSE CONTENT-TYPE] application/json
2026-06-03 14:13:10 - create_rate_cards - INFO - [RESPONSE PAYLOAD]
{
  "ids": [
    "3f71ef6a-fad3-4fe4-a9e0-318b65b32a4c"
  ]
}
2026-06-03 14:13:10 - create_rate_cards - INFO - ✓ [51] Created rate card: st_testing441692_50
2026-06-03 14:13:10 - create_rate_cards - INFO - [API REQUEST] POST https://ncm.services.nconprem-10-36-199-8.ccpnx.com/v1/cg/config/rate-cards
2026-06-03 14:13:10 - create_rate_cards - INFO - [REQUEST JSON PAYLOAD]
{
  "rateCards": [
    {
      "rateCardName": "st_testing441692_51",
      "meteringRates": {
        "vm": {
          "vCpu": {
            "unit": "HOUR",
            "rate": 29
          },
          "vRam": {
            "unit": "HOUR",
            "rate": 87
          },
          "vStorage": {
            "unit": "GIB",
            "rate": 34
          },
          "customConfigs": [
            {
              "description": "st_testing441692_0",
              "value": {
                "unit": "DAY",
                "rate": 1
              }
            },
            {
              "description": "st_testing441692_1",
              "value": {
                "unit": "DAY",
                "rate": 5
              }
            },
            {
              "description": "st_testing441692_2",
              "value": {
                "unit": "DAY",
                "rate": 76
              }
            },
            {
              "description": "st_testing441692_3",
              "value": {
                "unit": "DAY",
                "rate": 95
              }
            },
            {
              "description": "st_testing441692_4",
              "value": {
                "unit": "DAY",
                "rate": 49
              }
            }
          ]
        }
      },
      "resources": []
    }
  ]
}
2026-06-03 14:13:13 - create_rate_cards - INFO - [API RESPONSE] POST https://ncm.services.nconprem-10-36-199-8.ccpnx.com/v1/cg/config/rate-cards
2026-06-03 14:13:13 - create_rate_cards - INFO - [STATUS CODE] 200
2026-06-03 14:13:13 - create_rate_cards - INFO - [TIME TAKEN] 2.3842 seconds (2384.22 ms)
2026-06-03 14:13:13 - create_rate_cards - INFO - [RESPONSE CONTENT-TYPE] application/json
2026-06-03 14:13:13 - create_rate_cards - INFO - [RESPONSE PAYLOAD]
{
  "ids": [
    "f966b33c-3a0e-4185-bea1-6d9b9630c5f8"
  ]
}
2026-06-03 14:13:13 - create_rate_cards - INFO - ✓ [52] Created rate card: st_testing441692_51
2026-06-03 14:13:13 - create_rate_cards - INFO - [API REQUEST] POST https://ncm.services.nconprem-10-36-199-8.ccpnx.com/v1/cg/config/rate-cards
2026-06-03 14:13:13 - create_rate_cards - INFO - [REQUEST JSON PAYLOAD]
{
  "rateCards": [
    {
      "rateCardName": "st_testing441692_52",
      "meteringRates": {
        "vm": {
          "vCpu": {
            "unit": "HOUR",
            "rate": 12
          },
          "vRam": {
            "unit": "HOUR",
            "rate": 22
          },
          "vStorage": {
            "unit": "GIB",
            "rate": 11
          },
          "customConfigs": [
            {
              "description": "st_testing441692_0",
              "value": {
                "unit": "DAY",
                "rate": 19
              }
            },
            {
              "description": "st_testing441692_1",
              "value": {
                "unit": "DAY",
                "rate": 71
              }
            },
            {
              "description": "st_testing441692_2",
              "value": {
                "unit": "DAY",
                "rate": 2
              }
            },
            {
              "description": "st_testing441692_3",
              "value": {
                "unit": "DAY",
                "rate": 34
              }
            },
            {
              "description": "st_testing441692_4",
              "value": {
                "unit": "DAY",
                "rate": 9
              }
            }
          ]
        }
      },
      "resources": []
    }
  ]
}
2026-06-03 14:13:15 - create_rate_cards - INFO - [API RESPONSE] POST https://ncm.services.nconprem-10-36-199-8.ccpnx.com/v1/cg/config/rate-cards
2026-06-03 14:13:15 - create_rate_cards - INFO - [STATUS CODE] 200
2026-06-03 14:13:15 - create_rate_cards - INFO - [TIME TAKEN] 2.4785 seconds (2478.48 ms)
2026-06-03 14:13:15 - create_rate_cards - INFO - [RESPONSE CONTENT-TYPE] application/json
2026-06-03 14:13:15 - create_rate_cards - INFO - [RESPONSE PAYLOAD]
{
  "ids": [
    "2cbf2c23-a715-4300-9ac4-79c54ac0e461"
  ]
}
2026-06-03 14:13:15 - create_rate_cards - INFO - ✓ [53] Created rate card: st_testing441692_52
2026-06-03 14:13:15 - create_rate_cards - INFO - [API REQUEST] POST https://ncm.services.nconprem-10-36-199-8.ccpnx.com/v1/cg/config/rate-cards
2026-06-03 14:13:15 - create_rate_cards - INFO - [REQUEST JSON PAYLOAD]
{
  "rateCards": [
    {
      "rateCardName": "st_testing441692_53",
      "meteringRates": {
        "vm": {
          "vCpu": {
            "unit": "HOUR",
            "rate": 15
          },
          "vRam": {
            "unit": "HOUR",
            "rate": 72
          },
          "vStorage": {
            "unit": "GIB",
            "rate": 50
          },
          "customConfigs": [
            {
              "description": "st_testing441692_0",
              "value": {
                "unit": "DAY",
                "rate": 88
              }
            },
            {
              "description": "st_testing441692_1",
              "value": {
                "unit": "DAY",
                "rate": 6
              }
            },
            {
              "description": "st_testing441692_2",
              "value": {
                "unit": "DAY",
                "rate": 25
              }
            },
            {
              "description": "st_testing441692_3",
              "value": {
                "unit": "DAY",
                "rate": 65
              }
            },
            {
              "description": "st_testing441692_4",
              "value": {
                "unit": "DAY",
                "rate": 22
              }
            }
          ]
        }
      },
      "resources": []
    }
  ]
}
2026-06-03 14:13:17 - create_rate_cards - INFO - [API RESPONSE] POST https://ncm.services.nconprem-10-36-199-8.ccpnx.com/v1/cg/config/rate-cards
2026-06-03 14:13:17 - create_rate_cards - INFO - [STATUS CODE] 200
2026-06-03 14:13:17 - create_rate_cards - INFO - [TIME TAKEN] 1.7124 seconds (1712.36 ms)
2026-06-03 14:13:17 - create_rate_cards - INFO - [RESPONSE CONTENT-TYPE] application/json
2026-06-03 14:13:17 - create_rate_cards - INFO - [RESPONSE PAYLOAD]
{
  "ids": [
    "9bdf73ee-8794-4d96-ba5b-dbd8cae9901b"
  ]
}
2026-06-03 14:13:17 - create_rate_cards - INFO - ✓ [54] Created rate card: st_testing441692_53
2026-06-03 14:13:17 - create_rate_cards - INFO - [API REQUEST] POST https://ncm.services.nconprem-10-36-199-8.ccpnx.com/v1/cg/config/rate-cards
2026-06-03 14:13:17 - create_rate_cards - INFO - [REQUEST JSON PAYLOAD]
{
  "rateCards": [
    {
      "rateCardName": "st_testing441692_54",
      "meteringRates": {
        "vm": {
          "vCpu": {
            "unit": "HOUR",
            "rate": 47
          },
          "vRam": {
            "unit": "HOUR",
            "rate": 43
          },
          "vStorage": {
            "unit": "GIB",
            "rate": 67
          },
          "customConfigs": [
            {
              "description": "st_testing441692_0",
              "value": {
                "unit": "DAY",
                "rate": 54
              }
            },
            {
              "description": "st_testing441692_1",
              "value": {
                "unit": "DAY",
                "rate": 22
              }
            },
            {
              "description": "st_testing441692_2",
              "value": {
                "unit": "DAY",
                "rate": 22
              }
            },
            {
              "description": "st_testing441692_3",
              "value": {
                "unit": "DAY",
                "rate": 51
              }
            },
            {
              "description": "st_testing441692_4",
              "value": {
                "unit": "DAY",
                "rate": 87
              }
            }
          ]
        }
      },
      "resources": []
    }
  ]
}
2026-06-03 14:13:19 - create_rate_cards - INFO - [API RESPONSE] POST https://ncm.services.nconprem-10-36-199-8.ccpnx.com/v1/cg/config/rate-cards
2026-06-03 14:13:19 - create_rate_cards - INFO - [STATUS CODE] 200
2026-06-03 14:13:19 - create_rate_cards - INFO - [TIME TAKEN] 2.4267 seconds (2426.70 ms)
2026-06-03 14:13:19 - create_rate_cards - INFO - [RESPONSE CONTENT-TYPE] application/json
2026-06-03 14:13:19 - create_rate_cards - INFO - [RESPONSE PAYLOAD]
{
  "ids": [
    "8ad6a4b4-b4f8-4b18-9b95-08a2f10eb568"
  ]
}
2026-06-03 14:13:19 - create_rate_cards - INFO - ✓ [55] Created rate card: st_testing441692_54
2026-06-03 14:13:19 - create_rate_cards - INFO - [API REQUEST] POST https://ncm.services.nconprem-10-36-199-8.ccpnx.com/v1/cg/config/rate-cards
2026-06-03 14:13:19 - create_rate_cards - INFO - [REQUEST JSON PAYLOAD]
{
  "rateCards": [
    {
      "rateCardName": "st_testing441692_55",
      "meteringRates": {
        "vm": {
          "vCpu": {
            "unit": "HOUR",
            "rate": 79
          },
          "vRam": {
            "unit": "HOUR",
            "rate": 47
          },
          "vStorage": {
            "unit": "GIB",
            "rate": 84
          },
          "customConfigs": [
            {
              "description": "st_testing441692_0",
              "value": {
                "unit": "DAY",
                "rate": 45
              }
            },
            {
              "description": "st_testing441692_1",
              "value": {
                "unit": "DAY",
                "rate": 83
              }
            },
            {
              "description": "st_testing441692_2",
              "value": {
                "unit": "DAY",
                "rate": 82
              }
            },
            {
              "description": "st_testing441692_3",
              "value": {
                "unit": "DAY",
                "rate": 44
              }
            },
            {
              "description": "st_testing441692_4",
              "value": {
                "unit": "DAY",
                "rate": 49
              }
            }
          ]
        }
      },
      "resources": []
    }
  ]
}
2026-06-03 14:13:22 - create_rate_cards - INFO - [API RESPONSE] POST https://ncm.services.nconprem-10-36-199-8.ccpnx.com/v1/cg/config/rate-cards
2026-06-03 14:13:22 - create_rate_cards - INFO - [STATUS CODE] 200
2026-06-03 14:13:22 - create_rate_cards - INFO - [TIME TAKEN] 2.3735 seconds (2373.51 ms)
2026-06-03 14:13:22 - create_rate_cards - INFO - [RESPONSE CONTENT-TYPE] application/json
2026-06-03 14:13:22 - create_rate_cards - INFO - [RESPONSE PAYLOAD]
{
  "ids": [
    "3422fd6e-fd58-4daf-a25c-5c6067ca97b0"
  ]
}
2026-06-03 14:13:22 - create_rate_cards - INFO - ✓ [56] Created rate card: st_testing441692_55
2026-06-03 14:13:22 - create_rate_cards - INFO - [API REQUEST] POST https://ncm.services.nconprem-10-36-199-8.ccpnx.com/v1/cg/config/rate-cards
2026-06-03 14:13:22 - create_rate_cards - INFO - [REQUEST JSON PAYLOAD]
{
  "rateCards": [
    {
      "rateCardName": "st_testing441692_56",
      "meteringRates": {
        "vm": {
          "vCpu": {
            "unit": "HOUR",
            "rate": 67
          },
          "vRam": {
            "unit": "HOUR",
            "rate": 42
          },
          "vStorage": {
            "unit": "GIB",
            "rate": 12
          },
          "customConfigs": [
            {
              "description": "st_testing441692_0",
              "value": {
                "unit": "DAY",
                "rate": 81
              }
            },
            {
              "description": "st_testing441692_1",
              "value": {
                "unit": "DAY",
                "rate": 12
              }
            },
            {
              "description": "st_testing441692_2",
              "value": {
                "unit": "DAY",
                "rate": 50
              }
            },
            {
              "description": "st_testing441692_3",
              "value": {
                "unit": "DAY",
                "rate": 5
              }
            },
            {
              "description": "st_testing441692_4",
              "value": {
                "unit": "DAY",
                "rate": 47
              }
            }
          ]
        }
      },
      "resources": []
    }
  ]
}
2026-06-03 14:13:24 - create_rate_cards - INFO - [API RESPONSE] POST https://ncm.services.nconprem-10-36-199-8.ccpnx.com/v1/cg/config/rate-cards
2026-06-03 14:13:24 - create_rate_cards - INFO - [STATUS CODE] 200
2026-06-03 14:13:24 - create_rate_cards - INFO - [TIME TAKEN] 2.4815 seconds (2481.49 ms)
2026-06-03 14:13:24 - create_rate_cards - INFO - [RESPONSE CONTENT-TYPE] application/json
2026-06-03 14:13:24 - create_rate_cards - INFO - [RESPONSE PAYLOAD]
{
  "ids": [
    "01ad6e4d-e2cd-4aa5-8ca1-1ecd6ba27c41"
  ]
}
2026-06-03 14:13:24 - create_rate_cards - INFO - ✓ [57] Created rate card: st_testing441692_56
2026-06-03 14:13:24 - create_rate_cards - INFO - [API REQUEST] POST https://ncm.services.nconprem-10-36-199-8.ccpnx.com/v1/cg/config/rate-cards
2026-06-03 14:13:24 - create_rate_cards - INFO - [REQUEST JSON PAYLOAD]
{
  "rateCards": [
    {
      "rateCardName": "st_testing441692_57",
      "meteringRates": {
        "vm": {
          "vCpu": {
            "unit": "HOUR",
            "rate": 22
          },
          "vRam": {
            "unit": "HOUR",
            "rate": 10
          },
          "vStorage": {
            "unit": "GIB",
            "rate": 85
          },
          "customConfigs": [
            {
              "description": "st_testing441692_0",
              "value": {
                "unit": "DAY",
                "rate": 52
              }
            },
            {
              "description": "st_testing441692_1",
              "value": {
                "unit": "DAY",
                "rate": 5
              }
            },
            {
              "description": "st_testing441692_2",
              "value": {
                "unit": "DAY",
                "rate": 76
              }
            },
            {
              "description": "st_testing441692_3",
              "value": {
                "unit": "DAY",
                "rate": 80
              }
            },
            {
              "description": "st_testing441692_4",
              "value": {
                "unit": "DAY",
                "rate": 92
              }
            }
          ]
        }
      },
      "resources": []
    }
  ]
}
2026-06-03 14:13:27 - create_rate_cards - INFO - [API RESPONSE] POST https://ncm.services.nconprem-10-36-199-8.ccpnx.com/v1/cg/config/rate-cards
2026-06-03 14:13:27 - create_rate_cards - INFO - [STATUS CODE] 200
2026-06-03 14:13:27 - create_rate_cards - INFO - [TIME TAKEN] 2.4527 seconds (2452.74 ms)
2026-06-03 14:13:27 - create_rate_cards - INFO - [RESPONSE CONTENT-TYPE] application/json
2026-06-03 14:13:27 - create_rate_cards - INFO - [RESPONSE PAYLOAD]
{
  "ids": [
    "3b4bbb64-46ca-4062-9703-7e936aa4f732"
  ]
}
2026-06-03 14:13:27 - create_rate_cards - INFO - ✓ [58] Created rate card: st_testing441692_57
2026-06-03 14:13:27 - create_rate_cards - INFO - [API REQUEST] POST https://ncm.services.nconprem-10-36-199-8.ccpnx.com/v1/cg/config/rate-cards
2026-06-03 14:13:27 - create_rate_cards - INFO - [REQUEST JSON PAYLOAD]
{
  "rateCards": [
    {
      "rateCardName": "st_testing441692_58",
      "meteringRates": {
        "vm": {
          "vCpu": {
            "unit": "HOUR",
            "rate": 97
          },
          "vRam": {
            "unit": "HOUR",
            "rate": 50
          },
          "vStorage": {
            "unit": "GIB",
            "rate": 14
          },
          "customConfigs": [
            {
              "description": "st_testing441692_0",
              "value": {
                "unit": "DAY",
                "rate": 77
              }
            },
            {
              "description": "st_testing441692_1",
              "value": {
                "unit": "DAY",
                "rate": 59
              }
            },
            {
              "description": "st_testing441692_2",
              "value": {
                "unit": "DAY",
                "rate": 48
              }
            },
            {
              "description": "st_testing441692_3",
              "value": {
                "unit": "DAY",
                "rate": 19
              }
            },
            {
              "description": "st_testing441692_4",
              "value": {
                "unit": "DAY",
                "rate": 54
              }
            }
          ]
        }
      },
      "resources": []
    }
  ]
}
2026-06-03 14:13:29 - create_rate_cards - INFO - [API RESPONSE] POST https://ncm.services.nconprem-10-36-199-8.ccpnx.com/v1/cg/config/rate-cards
2026-06-03 14:13:29 - create_rate_cards - INFO - [STATUS CODE] 200
2026-06-03 14:13:29 - create_rate_cards - INFO - [TIME TAKEN] 2.4623 seconds (2462.29 ms)
2026-06-03 14:13:29 - create_rate_cards - INFO - [RESPONSE CONTENT-TYPE] application/json
2026-06-03 14:13:29 - create_rate_cards - INFO - [RESPONSE PAYLOAD]
{
  "ids": [
    "27e5608f-e1aa-4c3f-b2f1-9536ca593b97"
  ]
}
2026-06-03 14:13:29 - create_rate_cards - INFO - ✓ [59] Created rate card: st_testing441692_58
2026-06-03 14:13:29 - create_rate_cards - INFO - [API REQUEST] POST https://ncm.services.nconprem-10-36-199-8.ccpnx.com/v1/cg/config/rate-cards
2026-06-03 14:13:29 - create_rate_cards - INFO - [REQUEST JSON PAYLOAD]
{
  "rateCards": [
    {
      "rateCardName": "st_testing441692_59",
      "meteringRates": {
        "vm": {
          "vCpu": {
            "unit": "HOUR",
            "rate": 91
          },
          "vRam": {
            "unit": "HOUR",
            "rate": 39
          },
          "vStorage": {
            "unit": "GIB",
            "rate": 19
          },
          "customConfigs": [
            {
              "description": "st_testing441692_0",
              "value": {
                "unit": "DAY",
                "rate": 4
              }
            },
            {
              "description": "st_testing441692_1",
              "value": {
                "unit": "DAY",
                "rate": 10
              }
            },
            {
              "description": "st_testing441692_2",
              "value": {
                "unit": "DAY",
                "rate": 11
              }
            },
            {
              "description": "st_testing441692_3",
              "value": {
                "unit": "DAY",
                "rate": 42
              }
            },
            {
              "description": "st_testing441692_4",
              "value": {
                "unit": "DAY",
                "rate": 47
              }
            }
          ]
        }
      },
      "resources": []
    }
  ]
}
2026-06-03 14:13:32 - create_rate_cards - INFO - [API RESPONSE] POST https://ncm.services.nconprem-10-36-199-8.ccpnx.com/v1/cg/config/rate-cards
2026-06-03 14:13:32 - create_rate_cards - INFO - [STATUS CODE] 200
2026-06-03 14:13:32 - create_rate_cards - INFO - [TIME TAKEN] 3.3539 seconds (3353.90 ms)
2026-06-03 14:13:32 - create_rate_cards - INFO - [RESPONSE CONTENT-TYPE] application/json
2026-06-03 14:13:32 - create_rate_cards - INFO - [RESPONSE PAYLOAD]
{
  "ids": [
    "71737cef-29ef-4cc8-8f62-a8c9a6aaab46"
  ]
}
2026-06-03 14:13:32 - create_rate_cards - INFO - ✓ [60] Created rate card: st_testing441692_59
2026-06-03 14:13:32 - create_rate_cards - INFO - [API REQUEST] POST https://ncm.services.nconprem-10-36-199-8.ccpnx.com/v1/cg/config/rate-cards
2026-06-03 14:13:32 - create_rate_cards - INFO - [REQUEST JSON PAYLOAD]
{
  "rateCards": [
    {
      "rateCardName": "st_testing441692_60",
      "meteringRates": {
        "vm": {
          "vCpu": {
            "unit": "HOUR",
            "rate": 77
          },
          "vRam": {
            "unit": "HOUR",
            "rate": 54
          },
          "vStorage": {
            "unit": "GIB",
            "rate": 39
          },
          "customConfigs": [
            {
              "description": "st_testing441692_0",
              "value": {
                "unit": "DAY",
                "rate": 37
              }
            },
            {
              "description": "st_testing441692_1",
              "value": {
                "unit": "DAY",
                "rate": 55
              }
            },
            {
              "description": "st_testing441692_2",
              "value": {
                "unit": "DAY",
                "rate": 64
              }
            },
            {
              "description": "st_testing441692_3",
              "value": {
                "unit": "DAY",
                "rate": 41
              }
            },
            {
              "description": "st_testing441692_4",
              "value": {
                "unit": "DAY",
                "rate": 1
              }
            }
          ]
        }
      },
      "resources": []
    }
  ]
}
2026-06-03 14:13:34 - create_rate_cards - INFO - [API RESPONSE] POST https://ncm.services.nconprem-10-36-199-8.ccpnx.com/v1/cg/config/rate-cards
2026-06-03 14:13:34 - create_rate_cards - INFO - [STATUS CODE] 200
2026-06-03 14:13:34 - create_rate_cards - INFO - [TIME TAKEN] 1.7218 seconds (1721.79 ms)
2026-06-03 14:13:34 - create_rate_cards - INFO - [RESPONSE CONTENT-TYPE] application/json
2026-06-03 14:13:34 - create_rate_cards - INFO - [RESPONSE PAYLOAD]
{
  "ids": [
    "5c1b1a98-2133-4612-82a9-2f1ba3e05cbb"
  ]
}
2026-06-03 14:13:34 - create_rate_cards - INFO - ✓ [61] Created rate card: st_testing441692_60
2026-06-03 14:13:34 - create_rate_cards - INFO - [API REQUEST] POST https://ncm.services.nconprem-10-36-199-8.ccpnx.com/v1/cg/config/rate-cards
2026-06-03 14:13:34 - create_rate_cards - INFO - [REQUEST JSON PAYLOAD]
{
  "rateCards": [
    {
      "rateCardName": "st_testing441692_61",
      "meteringRates": {
        "vm": {
          "vCpu": {
            "unit": "HOUR",
            "rate": 97
          },
          "vRam": {
            "unit": "HOUR",
            "rate": 7
          },
          "vStorage": {
            "unit": "GIB",
            "rate": 91
          },
          "customConfigs": [
            {
              "description": "st_testing441692_0",
              "value": {
                "unit": "DAY",
                "rate": 46
              }
            },
            {
              "description": "st_testing441692_1",
              "value": {
                "unit": "DAY",
                "rate": 25
              }
            },
            {
              "description": "st_testing441692_2",
              "value": {
                "unit": "DAY",
                "rate": 62
              }
            },
            {
              "description": "st_testing441692_3",
              "value": {
                "unit": "DAY",
                "rate": 11
              }
            },
            {
              "description": "st_testing441692_4",
              "value": {
                "unit": "DAY",
                "rate": 62
              }
            }
          ]
        }
      },
      "resources": []
    }
  ]
}
2026-06-03 14:13:36 - create_rate_cards - INFO - [API RESPONSE] POST https://ncm.services.nconprem-10-36-199-8.ccpnx.com/v1/cg/config/rate-cards
2026-06-03 14:13:36 - create_rate_cards - INFO - [STATUS CODE] 200
2026-06-03 14:13:36 - create_rate_cards - INFO - [TIME TAKEN] 1.7908 seconds (1790.85 ms)
2026-06-03 14:13:36 - create_rate_cards - INFO - [RESPONSE CONTENT-TYPE] application/json
2026-06-03 14:13:36 - create_rate_cards - INFO - [RESPONSE PAYLOAD]
{
  "ids": [
    "3fcbd2a5-78e9-4ebb-bda9-c69d833e7575"
  ]
}
2026-06-03 14:13:36 - create_rate_cards - INFO - ✓ [62] Created rate card: st_testing441692_61
2026-06-03 14:13:36 - create_rate_cards - INFO - [API REQUEST] POST https://ncm.services.nconprem-10-36-199-8.ccpnx.com/v1/cg/config/rate-cards
2026-06-03 14:13:36 - create_rate_cards - INFO - [REQUEST JSON PAYLOAD]
{
  "rateCards": [
    {
      "rateCardName": "st_testing441692_62",
      "meteringRates": {
        "vm": {
          "vCpu": {
            "unit": "HOUR",
            "rate": 55
          },
          "vRam": {
            "unit": "HOUR",
            "rate": 65
          },
          "vStorage": {
            "unit": "GIB",
            "rate": 47
          },
          "customConfigs": [
            {
              "description": "st_testing441692_0",
              "value": {
                "unit": "DAY",
                "rate": 2
              }
            },
            {
              "description": "st_testing441692_1",
              "value": {
                "unit": "DAY",
                "rate": 91
              }
            },
            {
              "description": "st_testing441692_2",
              "value": {
                "unit": "DAY",
                "rate": 74
              }
            },
            {
              "description": "st_testing441692_3",
              "value": {
                "unit": "DAY",
                "rate": 78
              }
            },
            {
              "description": "st_testing441692_4",
              "value": {
                "unit": "DAY",
                "rate": 71
              }
            }
          ]
        }
      },
      "resources": []
    }
  ]
}
2026-06-03 14:13:38 - create_rate_cards - INFO - [API RESPONSE] POST https://ncm.services.nconprem-10-36-199-8.ccpnx.com/v1/cg/config/rate-cards
2026-06-03 14:13:38 - create_rate_cards - INFO - [STATUS CODE] 200
2026-06-03 14:13:38 - create_rate_cards - INFO - [TIME TAKEN] 1.5893 seconds (1589.28 ms)
2026-06-03 14:13:38 - create_rate_cards - INFO - [RESPONSE CONTENT-TYPE] application/json
2026-06-03 14:13:38 - create_rate_cards - INFO - [RESPONSE PAYLOAD]
{
  "ids": [
    "639000a8-dca3-4a11-9273-1c62dbbf8a60"
  ]
}
2026-06-03 14:13:38 - create_rate_cards - INFO - ✓ [63] Created rate card: st_testing441692_62
2026-06-03 14:13:38 - create_rate_cards - INFO - [API REQUEST] POST https://ncm.services.nconprem-10-36-199-8.ccpnx.com/v1/cg/config/rate-cards
2026-06-03 14:13:38 - create_rate_cards - INFO - [REQUEST JSON PAYLOAD]
{
  "rateCards": [
    {
      "rateCardName": "st_testing441692_63",
      "meteringRates": {
        "vm": {
          "vCpu": {
            "unit": "HOUR",
            "rate": 61
          },
          "vRam": {
            "unit": "HOUR",
            "rate": 18
          },
          "vStorage": {
            "unit": "GIB",
            "rate": 23
          },
          "customConfigs": [
            {
              "description": "st_testing441692_0",
              "value": {
                "unit": "DAY",
                "rate": 57
              }
            },
            {
              "description": "st_testing441692_1",
              "value": {
                "unit": "DAY",
                "rate": 14
              }
            },
            {
              "description": "st_testing441692_2",
              "value": {
                "unit": "DAY",
                "rate": 69
              }
            },
            {
              "description": "st_testing441692_3",
              "value": {
                "unit": "DAY",
                "rate": 9
              }
            },
            {
              "description": "st_testing441692_4",
              "value": {
                "unit": "DAY",
                "rate": 29
              }
            }
          ]
        }
      },
      "resources": []
    }
  ]
}
2026-06-03 14:13:39 - create_rate_cards - INFO - [API RESPONSE] POST https://ncm.services.nconprem-10-36-199-8.ccpnx.com/v1/cg/config/rate-cards
2026-06-03 14:13:39 - create_rate_cards - INFO - [STATUS CODE] 200
2026-06-03 14:13:39 - create_rate_cards - INFO - [TIME TAKEN] 1.6141 seconds (1614.13 ms)
2026-06-03 14:13:39 - create_rate_cards - INFO - [RESPONSE CONTENT-TYPE] application/json
2026-06-03 14:13:39 - create_rate_cards - INFO - [RESPONSE PAYLOAD]
{
  "ids": [
    "a2eed6c5-6a25-4e81-98e7-cc129f950efe"
  ]
}
2026-06-03 14:13:39 - create_rate_cards - INFO - ✓ [64] Created rate card: st_testing441692_63
2026-06-03 14:13:39 - create_rate_cards - INFO - [API REQUEST] POST https://ncm.services.nconprem-10-36-199-8.ccpnx.com/v1/cg/config/rate-cards
2026-06-03 14:13:39 - create_rate_cards - INFO - [REQUEST JSON PAYLOAD]
{
  "rateCards": [
    {
      "rateCardName": "st_testing441692_64",
      "meteringRates": {
        "vm": {
          "vCpu": {
            "unit": "HOUR",
            "rate": 88
          },
          "vRam": {
            "unit": "HOUR",
            "rate": 51
          },
          "vStorage": {
            "unit": "GIB",
            "rate": 14
          },
          "customConfigs": [
            {
              "description": "st_testing441692_0",
              "value": {
                "unit": "DAY",
                "rate": 15
              }
            },
            {
              "description": "st_testing441692_1",
              "value": {
                "unit": "DAY",
                "rate": 75
              }
            },
            {
              "description": "st_testing441692_2",
              "value": {
                "unit": "DAY",
                "rate": 93
              }
            },
            {
              "description": "st_testing441692_3",
              "value": {
                "unit": "DAY",
                "rate": 67
              }
            },
            {
              "description": "st_testing441692_4",
              "value": {
                "unit": "DAY",
                "rate": 86
              }
            }
          ]
        }
      },
      "resources": []
    }
  ]
}
2026-06-03 14:13:41 - create_rate_cards - INFO - [API RESPONSE] POST https://ncm.services.nconprem-10-36-199-8.ccpnx.com/v1/cg/config/rate-cards
2026-06-03 14:13:41 - create_rate_cards - INFO - [STATUS CODE] 200
2026-06-03 14:13:41 - create_rate_cards - INFO - [TIME TAKEN] 1.3956 seconds (1395.56 ms)
2026-06-03 14:13:41 - create_rate_cards - INFO - [RESPONSE CONTENT-TYPE] application/json
2026-06-03 14:13:41 - create_rate_cards - INFO - [RESPONSE PAYLOAD]
{
  "ids": [
    "ebd435ce-cf8e-402e-bc12-8ee22c89d037"
  ]
}
2026-06-03 14:13:41 - create_rate_cards - INFO - ✓ [65] Created rate card: st_testing441692_64
2026-06-03 14:13:41 - create_rate_cards - INFO - [API REQUEST] POST https://ncm.services.nconprem-10-36-199-8.ccpnx.com/v1/cg/config/rate-cards
2026-06-03 14:13:41 - create_rate_cards - INFO - [REQUEST JSON PAYLOAD]
{
  "rateCards": [
    {
      "rateCardName": "st_testing441692_65",
      "meteringRates": {
        "vm": {
          "vCpu": {
            "unit": "HOUR",
            "rate": 27
          },
          "vRam": {
            "unit": "HOUR",
            "rate": 1
          },
          "vStorage": {
            "unit": "GIB",
            "rate": 38
          },
          "customConfigs": [
            {
              "description": "st_testing441692_0",
              "value": {
                "unit": "DAY",
                "rate": 82
              }
            },
            {
              "description": "st_testing441692_1",
              "value": {
                "unit": "DAY",
                "rate": 65
              }
            },
            {
              "description": "st_testing441692_2",
              "value": {
                "unit": "DAY",
                "rate": 72
              }
            },
            {
              "description": "st_testing441692_3",
              "value": {
                "unit": "DAY",
                "rate": 52
              }
            },
            {
              "description": "st_testing441692_4",
              "value": {
                "unit": "DAY",
                "rate": 33
              }
            }
          ]
        }
      },
      "resources": []
    }
  ]
}
2026-06-03 14:13:42 - create_rate_cards - INFO - [API RESPONSE] POST https://ncm.services.nconprem-10-36-199-8.ccpnx.com/v1/cg/config/rate-cards
2026-06-03 14:13:42 - create_rate_cards - INFO - [STATUS CODE] 200
2026-06-03 14:13:42 - create_rate_cards - INFO - [TIME TAKEN] 1.9094 seconds (1909.41 ms)
2026-06-03 14:13:42 - create_rate_cards - INFO - [RESPONSE CONTENT-TYPE] application/json
2026-06-03 14:13:42 - create_rate_cards - INFO - [RESPONSE PAYLOAD]
{
  "ids": [
    "5b566afc-6674-42a0-b209-7f9d9670917d"
  ]
}
2026-06-03 14:13:42 - create_rate_cards - INFO - ✓ [66] Created rate card: st_testing441692_65
2026-06-03 14:13:42 - create_rate_cards - INFO - [API REQUEST] POST https://ncm.services.nconprem-10-36-199-8.ccpnx.com/v1/cg/config/rate-cards
2026-06-03 14:13:42 - create_rate_cards - INFO - [REQUEST JSON PAYLOAD]
{
  "rateCards": [
    {
      "rateCardName": "st_testing441692_66",
      "meteringRates": {
        "vm": {
          "vCpu": {
            "unit": "HOUR",
            "rate": 53
          },
          "vRam": {
            "unit": "HOUR",
            "rate": 21
          },
          "vStorage": {
            "unit": "GIB",
            "rate": 96
          },
          "customConfigs": [
            {
              "description": "st_testing441692_0",
              "value": {
                "unit": "DAY",
                "rate": 13
              }
            },
            {
              "description": "st_testing441692_1",
              "value": {
                "unit": "DAY",
                "rate": 25
              }
            },
            {
              "description": "st_testing441692_2",
              "value": {
                "unit": "DAY",
                "rate": 63
              }
            },
            {
              "description": "st_testing441692_3",
              "value": {
                "unit": "DAY",
                "rate": 16
              }
            },
            {
              "description": "st_testing441692_4",
              "value": {
                "unit": "DAY",
                "rate": 14
              }
            }
          ]
        }
      },
      "resources": []
    }
  ]
}
2026-06-03 14:13:45 - create_rate_cards - INFO - [API RESPONSE] POST https://ncm.services.nconprem-10-36-199-8.ccpnx.com/v1/cg/config/rate-cards
2026-06-03 14:13:45 - create_rate_cards - INFO - [STATUS CODE] 200
2026-06-03 14:13:45 - create_rate_cards - INFO - [TIME TAKEN] 2.8961 seconds (2896.12 ms)
2026-06-03 14:13:45 - create_rate_cards - INFO - [RESPONSE CONTENT-TYPE] application/json
2026-06-03 14:13:45 - create_rate_cards - INFO - [RESPONSE PAYLOAD]
{
  "ids": [
    "33e5bb12-db9b-4328-bb13-70779b398b16"
  ]
}
2026-06-03 14:13:45 - create_rate_cards - INFO - ✓ [67] Created rate card: st_testing441692_66
2026-06-03 14:13:45 - create_rate_cards - INFO - [API REQUEST] POST https://ncm.services.nconprem-10-36-199-8.ccpnx.com/v1/cg/config/rate-cards
2026-06-03 14:13:45 - create_rate_cards - INFO - [REQUEST JSON PAYLOAD]
{
  "rateCards": [
    {
      "rateCardName": "st_testing441692_67",
      "meteringRates": {
        "vm": {
          "vCpu": {
            "unit": "HOUR",
            "rate": 81
          },
          "vRam": {
            "unit": "HOUR",
            "rate": 99
          },
          "vStorage": {
            "unit": "GIB",
            "rate": 42
          },
          "customConfigs": [
            {
              "description": "st_testing441692_0",
              "value": {
                "unit": "DAY",
                "rate": 81
              }
            },
            {
              "description": "st_testing441692_1",
              "value": {
                "unit": "DAY",
                "rate": 78
              }
            },
            {
              "description": "st_testing441692_2",
              "value": {
                "unit": "DAY",
                "rate": 44
              }
            },
            {
              "description": "st_testing441692_3",
              "value": {
                "unit": "DAY",
                "rate": 32
              }
            },
            {
              "description": "st_testing441692_4",
              "value": {
                "unit": "DAY",
                "rate": 18
              }
            }
          ]
        }
      },
      "resources": []
    }
  ]
}
2026-06-03 14:13:47 - create_rate_cards - INFO - [API RESPONSE] POST https://ncm.services.nconprem-10-36-199-8.ccpnx.com/v1/cg/config/rate-cards
2026-06-03 14:13:47 - create_rate_cards - INFO - [STATUS CODE] 200
2026-06-03 14:13:47 - create_rate_cards - INFO - [TIME TAKEN] 1.8781 seconds (1878.09 ms)
2026-06-03 14:13:47 - create_rate_cards - INFO - [RESPONSE CONTENT-TYPE] application/json
2026-06-03 14:13:47 - create_rate_cards - INFO - [RESPONSE PAYLOAD]
{
  "ids": [
    "36a527d4-c48d-4adf-9b85-931d3d414e41"
  ]
}
2026-06-03 14:13:47 - create_rate_cards - INFO - ✓ [68] Created rate card: st_testing441692_67
2026-06-03 14:13:47 - create_rate_cards - INFO - [API REQUEST] POST https://ncm.services.nconprem-10-36-199-8.ccpnx.com/v1/cg/config/rate-cards
2026-06-03 14:13:47 - create_rate_cards - INFO - [REQUEST JSON PAYLOAD]
{
  "rateCards": [
    {
      "rateCardName": "st_testing441692_68",
      "meteringRates": {
        "vm": {
          "vCpu": {
            "unit": "HOUR",
            "rate": 77
          },
          "vRam": {
            "unit": "HOUR",
            "rate": 72
          },
          "vStorage": {
            "unit": "GIB",
            "rate": 100
          },
          "customConfigs": [
            {
              "description": "st_testing441692_0",
              "value": {
                "unit": "DAY",
                "rate": 76
              }
            },
            {
              "description": "st_testing441692_1",
              "value": {
                "unit": "DAY",
                "rate": 51
              }
            },
            {
              "description": "st_testing441692_2",
              "value": {
                "unit": "DAY",
                "rate": 69
              }
            },
            {
              "description": "st_testing441692_3",
              "value": {
                "unit": "DAY",
                "rate": 83
              }
            },
            {
              "description": "st_testing441692_4",
              "value": {
                "unit": "DAY",
                "rate": 51
              }
            }
          ]
        }
      },
      "resources": []
    }
  ]
}
2026-06-03 14:13:49 - create_rate_cards - INFO - [API RESPONSE] POST https://ncm.services.nconprem-10-36-199-8.ccpnx.com/v1/cg/config/rate-cards
2026-06-03 14:13:49 - create_rate_cards - INFO - [STATUS CODE] 200
2026-06-03 14:13:49 - create_rate_cards - INFO - [TIME TAKEN] 1.8042 seconds (1804.23 ms)
2026-06-03 14:13:49 - create_rate_cards - INFO - [RESPONSE CONTENT-TYPE] application/json
2026-06-03 14:13:49 - create_rate_cards - INFO - [RESPONSE PAYLOAD]
{
  "ids": [
    "d79ea3f9-cae8-47f1-9302-af7284361002"
  ]
}
2026-06-03 14:13:49 - create_rate_cards - INFO - ✓ [69] Created rate card: st_testing441692_68
2026-06-03 14:13:49 - create_rate_cards - INFO - [API REQUEST] POST https://ncm.services.nconprem-10-36-199-8.ccpnx.com/v1/cg/config/rate-cards
2026-06-03 14:13:49 - create_rate_cards - INFO - [REQUEST JSON PAYLOAD]
{
  "rateCards": [
    {
      "rateCardName": "st_testing441692_69",
      "meteringRates": {
        "vm": {
          "vCpu": {
            "unit": "HOUR",
            "rate": 35
          },
          "vRam": {
            "unit": "HOUR",
            "rate": 19
          },
          "vStorage": {
            "unit": "GIB",
            "rate": 3
          },
          "customConfigs": [
            {
              "description": "st_testing441692_0",
              "value": {
                "unit": "DAY",
                "rate": 95
              }
            },
            {
              "description": "st_testing441692_1",
              "value": {
                "unit": "DAY",
                "rate": 15
              }
            },
            {
              "description": "st_testing441692_2",
              "value": {
                "unit": "DAY",
                "rate": 96
              }
            },
            {
              "description": "st_testing441692_3",
              "value": {
                "unit": "DAY",
                "rate": 91
              }
            },
            {
              "description": "st_testing441692_4",
              "value": {
                "unit": "DAY",
                "rate": 38
              }
            }
          ]
        }
      },
      "resources": []
    }
  ]
}
2026-06-03 14:13:51 - create_rate_cards - INFO - [API RESPONSE] POST https://ncm.services.nconprem-10-36-199-8.ccpnx.com/v1/cg/config/rate-cards
2026-06-03 14:13:51 - create_rate_cards - INFO - [STATUS CODE] 200
2026-06-03 14:13:51 - create_rate_cards - INFO - [TIME TAKEN] 1.5970 seconds (1597.01 ms)
2026-06-03 14:13:51 - create_rate_cards - INFO - [RESPONSE CONTENT-TYPE] application/json
2026-06-03 14:13:51 - create_rate_cards - INFO - [RESPONSE PAYLOAD]
{
  "ids": [
    "01e18ab3-48f9-407b-b18c-568035d1c95a"
  ]
}
2026-06-03 14:13:51 - create_rate_cards - INFO - ✓ [70] Created rate card: st_testing441692_69
2026-06-03 14:13:51 - create_rate_cards - INFO - [API REQUEST] POST https://ncm.services.nconprem-10-36-199-8.ccpnx.com/v1/cg/config/rate-cards
2026-06-03 14:13:51 - create_rate_cards - INFO - [REQUEST JSON PAYLOAD]
{
  "rateCards": [
    {
      "rateCardName": "st_testing441692_70",
      "meteringRates": {
        "vm": {
          "vCpu": {
            "unit": "HOUR",
            "rate": 25
          },
          "vRam": {
            "unit": "HOUR",
            "rate": 76
          },
          "vStorage": {
            "unit": "GIB",
            "rate": 90
          },
          "customConfigs": [
            {
              "description": "st_testing441692_0",
              "value": {
                "unit": "DAY",
                "rate": 24
              }
            },
            {
              "description": "st_testing441692_1",
              "value": {
                "unit": "DAY",
                "rate": 36
              }
            },
            {
              "description": "st_testing441692_2",
              "value": {
                "unit": "DAY",
                "rate": 87
              }
            },
            {
              "description": "st_testing441692_3",
              "value": {
                "unit": "DAY",
                "rate": 30
              }
            },
            {
              "description": "st_testing441692_4",
              "value": {
                "unit": "DAY",
                "rate": 40
              }
            }
          ]
        }
      },
      "resources": []
    }
  ]
}
2026-06-03 14:13:52 - create_rate_cards - INFO - [API RESPONSE] POST https://ncm.services.nconprem-10-36-199-8.ccpnx.com/v1/cg/config/rate-cards
2026-06-03 14:13:52 - create_rate_cards - INFO - [STATUS CODE] 200
2026-06-03 14:13:52 - create_rate_cards - INFO - [TIME TAKEN] 1.7612 seconds (1761.24 ms)
2026-06-03 14:13:52 - create_rate_cards - INFO - [RESPONSE CONTENT-TYPE] application/json
2026-06-03 14:13:52 - create_rate_cards - INFO - [RESPONSE PAYLOAD]
{
  "ids": [
    "06a13661-fc69-494c-aa2c-4fccf5c66e3a"
  ]
}
2026-06-03 14:13:52 - create_rate_cards - INFO - ✓ [71] Created rate card: st_testing441692_70
2026-06-03 14:13:52 - create_rate_cards - INFO - [API REQUEST] POST https://ncm.services.nconprem-10-36-199-8.ccpnx.com/v1/cg/config/rate-cards
2026-06-03 14:13:52 - create_rate_cards - INFO - [REQUEST JSON PAYLOAD]
{
  "rateCards": [
    {
      "rateCardName": "st_testing441692_71",
      "meteringRates": {
        "vm": {
          "vCpu": {
            "unit": "HOUR",
            "rate": 39
          },
          "vRam": {
            "unit": "HOUR",
            "rate": 46
          },
          "vStorage": {
            "unit": "GIB",
            "rate": 70
          },
          "customConfigs": [
            {
              "description": "st_testing441692_0",
              "value": {
                "unit": "DAY",
                "rate": 19
              }
            },
            {
              "description": "st_testing441692_1",
              "value": {
                "unit": "DAY",
                "rate": 53
              }
            },
            {
              "description": "st_testing441692_2",
              "value": {
                "unit": "DAY",
                "rate": 31
              }
            },
            {
              "description": "st_testing441692_3",
              "value": {
                "unit": "DAY",
                "rate": 4
              }
            },
            {
              "description": "st_testing441692_4",
              "value": {
                "unit": "DAY",
                "rate": 19
              }
            }
          ]
        }
      },
      "resources": []
    }
  ]
}
2026-06-03 14:13:54 - create_rate_cards - INFO - [API RESPONSE] POST https://ncm.services.nconprem-10-36-199-8.ccpnx.com/v1/cg/config/rate-cards
2026-06-03 14:13:54 - create_rate_cards - INFO - [STATUS CODE] 200
2026-06-03 14:13:54 - create_rate_cards - INFO - [TIME TAKEN] 1.7138 seconds (1713.77 ms)
2026-06-03 14:13:54 - create_rate_cards - INFO - [RESPONSE CONTENT-TYPE] application/json
2026-06-03 14:13:54 - create_rate_cards - INFO - [RESPONSE PAYLOAD]
{
  "ids": [
    "c37cbe8f-74cc-4b1c-b35f-b4369abe4637"
  ]
}
2026-06-03 14:13:54 - create_rate_cards - INFO - ✓ [72] Created rate card: st_testing441692_71
2026-06-03 14:13:54 - create_rate_cards - INFO - [API REQUEST] POST https://ncm.services.nconprem-10-36-199-8.ccpnx.com/v1/cg/config/rate-cards
2026-06-03 14:13:54 - create_rate_cards - INFO - [REQUEST JSON PAYLOAD]
{
  "rateCards": [
    {
      "rateCardName": "st_testing441692_72",
      "meteringRates": {
        "vm": {
          "vCpu": {
            "unit": "HOUR",
            "rate": 91
          },
          "vRam": {
            "unit": "HOUR",
            "rate": 43
          },
          "vStorage": {
            "unit": "GIB",
            "rate": 25
          },
          "customConfigs": [
            {
              "description": "st_testing441692_0",
              "value": {
                "unit": "DAY",
                "rate": 84
              }
            },
            {
              "description": "st_testing441692_1",
              "value": {
                "unit": "DAY",
                "rate": 2
              }
            },
            {
              "description": "st_testing441692_2",
              "value": {
                "unit": "DAY",
                "rate": 53
              }
            },
            {
              "description": "st_testing441692_3",
              "value": {
                "unit": "DAY",
                "rate": 97
              }
            },
            {
              "description": "st_testing441692_4",
              "value": {
                "unit": "DAY",
                "rate": 56
              }
            }
          ]
        }
      },
      "resources": []
    }
  ]
}
2026-06-03 14:13:56 - create_rate_cards - INFO - [API RESPONSE] POST https://ncm.services.nconprem-10-36-199-8.ccpnx.com/v1/cg/config/rate-cards
2026-06-03 14:13:56 - create_rate_cards - INFO - [STATUS CODE] 200
2026-06-03 14:13:56 - create_rate_cards - INFO - [TIME TAKEN] 1.9039 seconds (1903.91 ms)
2026-06-03 14:13:56 - create_rate_cards - INFO - [RESPONSE CONTENT-TYPE] application/json
2026-06-03 14:13:56 - create_rate_cards - INFO - [RESPONSE PAYLOAD]
{
  "ids": [
    "d3d4af1f-9140-466c-867c-3b4b129f80d4"
  ]
}
2026-06-03 14:13:56 - create_rate_cards - INFO - ✓ [73] Created rate card: st_testing441692_72
2026-06-03 14:13:56 - create_rate_cards - INFO - [API REQUEST] POST https://ncm.services.nconprem-10-36-199-8.ccpnx.com/v1/cg/config/rate-cards
2026-06-03 14:13:56 - create_rate_cards - INFO - [REQUEST JSON PAYLOAD]
{
  "rateCards": [
    {
      "rateCardName": "st_testing441692_73",
      "meteringRates": {
        "vm": {
          "vCpu": {
            "unit": "HOUR",
            "rate": 90
          },
          "vRam": {
            "unit": "HOUR",
            "rate": 75
          },
          "vStorage": {
            "unit": "GIB",
            "rate": 58
          },
          "customConfigs": [
            {
              "description": "st_testing441692_0",
              "value": {
                "unit": "DAY",
                "rate": 86
              }
            },
            {
              "description": "st_testing441692_1",
              "value": {
                "unit": "DAY",
                "rate": 92
              }
            },
            {
              "description": "st_testing441692_2",
              "value": {
                "unit": "DAY",
                "rate": 26
              }
            },
            {
              "description": "st_testing441692_3",
              "value": {
                "unit": "DAY",
                "rate": 85
              }
            },
            {
              "description": "st_testing441692_4",
              "value": {
                "unit": "DAY",
                "rate": 50
              }
            }
          ]
        }
      },
      "resources": []
    }
  ]
}
2026-06-03 14:13:59 - create_rate_cards - INFO - [API RESPONSE] POST https://ncm.services.nconprem-10-36-199-8.ccpnx.com/v1/cg/config/rate-cards
2026-06-03 14:13:59 - create_rate_cards - INFO - [STATUS CODE] 200
2026-06-03 14:13:59 - create_rate_cards - INFO - [TIME TAKEN] 2.5139 seconds (2513.86 ms)
2026-06-03 14:13:59 - create_rate_cards - INFO - [RESPONSE CONTENT-TYPE] application/json
2026-06-03 14:13:59 - create_rate_cards - INFO - [RESPONSE PAYLOAD]
{
  "ids": [
    "702db022-f266-41f6-ae33-2a9190c93ab8"
  ]
}
2026-06-03 14:13:59 - create_rate_cards - INFO - ✓ [74] Created rate card: st_testing441692_73
2026-06-03 14:13:59 - create_rate_cards - INFO - [API REQUEST] POST https://ncm.services.nconprem-10-36-199-8.ccpnx.com/v1/cg/config/rate-cards
2026-06-03 14:13:59 - create_rate_cards - INFO - [REQUEST JSON PAYLOAD]
{
  "rateCards": [
    {
      "rateCardName": "st_testing441692_74",
      "meteringRates": {
        "vm": {
          "vCpu": {
            "unit": "HOUR",
            "rate": 58
          },
          "vRam": {
            "unit": "HOUR",
            "rate": 86
          },
          "vStorage": {
            "unit": "GIB",
            "rate": 31
          },
          "customConfigs": [
            {
              "description": "st_testing441692_0",
              "value": {
                "unit": "DAY",
                "rate": 82
              }
            },
            {
              "description": "st_testing441692_1",
              "value": {
                "unit": "DAY",
                "rate": 81
              }
            },
            {
              "description": "st_testing441692_2",
              "value": {
                "unit": "DAY",
                "rate": 80
              }
            },
            {
              "description": "st_testing441692_3",
              "value": {
                "unit": "DAY",
                "rate": 94
              }
            },
            {
              "description": "st_testing441692_4",
              "value": {
                "unit": "DAY",
                "rate": 80
              }
            }
          ]
        }
      },
      "resources": []
    }
  ]
}
2026-06-03 14:14:01 - create_rate_cards - INFO - [API RESPONSE] POST https://ncm.services.nconprem-10-36-199-8.ccpnx.com/v1/cg/config/rate-cards
2026-06-03 14:14:01 - create_rate_cards - INFO - [STATUS CODE] 200
2026-06-03 14:14:01 - create_rate_cards - INFO - [TIME TAKEN] 2.4539 seconds (2453.86 ms)
2026-06-03 14:14:01 - create_rate_cards - INFO - [RESPONSE CONTENT-TYPE] application/json
2026-06-03 14:14:01 - create_rate_cards - INFO - [RESPONSE PAYLOAD]
{
  "ids": [
    "098f499a-922b-47a1-b7d7-cde87fc16dea"
  ]
}
2026-06-03 14:14:01 - create_rate_cards - INFO - ✓ [75] Created rate card: st_testing441692_74
2026-06-03 14:14:01 - create_rate_cards - INFO - [API REQUEST] POST https://ncm.services.nconprem-10-36-199-8.ccpnx.com/v1/cg/config/rate-cards
2026-06-03 14:14:01 - create_rate_cards - INFO - [REQUEST JSON PAYLOAD]
{
  "rateCards": [
    {
      "rateCardName": "st_testing441692_75",
      "meteringRates": {
        "vm": {
          "vCpu": {
            "unit": "HOUR",
            "rate": 43
          },
          "vRam": {
            "unit": "HOUR",
            "rate": 32
          },
          "vStorage": {
            "unit": "GIB",
            "rate": 61
          },
          "customConfigs": [
            {
              "description": "st_testing441692_0",
              "value": {
                "unit": "DAY",
                "rate": 42
              }
            },
            {
              "description": "st_testing441692_1",
              "value": {
                "unit": "DAY",
                "rate": 60
              }
            },
            {
              "description": "st_testing441692_2",
              "value": {
                "unit": "DAY",
                "rate": 79
              }
            },
            {
              "description": "st_testing441692_3",
              "value": {
                "unit": "DAY",
                "rate": 68
              }
            },
            {
              "description": "st_testing441692_4",
              "value": {
                "unit": "DAY",
                "rate": 17
              }
            }
          ]
        }
      },
      "resources": []
    }
  ]
}
2026-06-03 14:14:03 - create_rate_cards - INFO - [API RESPONSE] POST https://ncm.services.nconprem-10-36-199-8.ccpnx.com/v1/cg/config/rate-cards
2026-06-03 14:14:03 - create_rate_cards - INFO - [STATUS CODE] 200
2026-06-03 14:14:03 - create_rate_cards - INFO - [TIME TAKEN] 2.3708 seconds (2370.79 ms)
2026-06-03 14:14:03 - create_rate_cards - INFO - [RESPONSE CONTENT-TYPE] application/json
2026-06-03 14:14:03 - create_rate_cards - INFO - [RESPONSE PAYLOAD]
{
  "ids": [
    "5f11fe44-88e7-47e6-9763-d4aaa9fa20c2"
  ]
}
2026-06-03 14:14:03 - create_rate_cards - INFO - ✓ [76] Created rate card: st_testing441692_75
2026-06-03 14:14:03 - create_rate_cards - INFO - [API REQUEST] POST https://ncm.services.nconprem-10-36-199-8.ccpnx.com/v1/cg/config/rate-cards
2026-06-03 14:14:03 - create_rate_cards - INFO - [REQUEST JSON PAYLOAD]
{
  "rateCards": [
    {
      "rateCardName": "st_testing441692_76",
      "meteringRates": {
        "vm": {
          "vCpu": {
            "unit": "HOUR",
            "rate": 42
          },
          "vRam": {
            "unit": "HOUR",
            "rate": 78
          },
          "vStorage": {
            "unit": "GIB",
            "rate": 63
          },
          "customConfigs": [
            {
              "description": "st_testing441692_0",
              "value": {
                "unit": "DAY",
                "rate": 50
              }
            },
            {
              "description": "st_testing441692_1",
              "value": {
                "unit": "DAY",
                "rate": 38
              }
            },
            {
              "description": "st_testing441692_2",
              "value": {
                "unit": "DAY",
                "rate": 91
              }
            },
            {
              "description": "st_testing441692_3",
              "value": {
                "unit": "DAY",
                "rate": 54
              }
            },
            {
              "description": "st_testing441692_4",
              "value": {
                "unit": "DAY",
                "rate": 66
              }
            }
          ]
        }
      },
      "resources": []
    }
  ]
}
2026-06-03 14:14:06 - create_rate_cards - INFO - [API RESPONSE] POST https://ncm.services.nconprem-10-36-199-8.ccpnx.com/v1/cg/config/rate-cards
2026-06-03 14:14:06 - create_rate_cards - INFO - [STATUS CODE] 200
2026-06-03 14:14:06 - create_rate_cards - INFO - [TIME TAKEN] 2.4197 seconds (2419.73 ms)
2026-06-03 14:14:06 - create_rate_cards - INFO - [RESPONSE CONTENT-TYPE] application/json
2026-06-03 14:14:06 - create_rate_cards - INFO - [RESPONSE PAYLOAD]
{
  "ids": [
    "8258c7ea-eb47-4b38-be64-62a25c96e941"
  ]
}
2026-06-03 14:14:06 - create_rate_cards - INFO - ✓ [77] Created rate card: st_testing441692_76
2026-06-03 14:14:06 - create_rate_cards - INFO - [API REQUEST] POST https://ncm.services.nconprem-10-36-199-8.ccpnx.com/v1/cg/config/rate-cards
2026-06-03 14:14:06 - create_rate_cards - INFO - [REQUEST JSON PAYLOAD]
{
  "rateCards": [
    {
      "rateCardName": "st_testing441692_77",
      "meteringRates": {
        "vm": {
          "vCpu": {
            "unit": "HOUR",
            "rate": 71
          },
          "vRam": {
            "unit": "HOUR",
            "rate": 36
          },
          "vStorage": {
            "unit": "GIB",
            "rate": 85
          },
          "customConfigs": [
            {
              "description": "st_testing441692_0",
              "value": {
                "unit": "DAY",
                "rate": 10
              }
            },
            {
              "description": "st_testing441692_1",
              "value": {
                "unit": "DAY",
                "rate": 76
              }
            },
            {
              "description": "st_testing441692_2",
              "value": {
                "unit": "DAY",
                "rate": 15
              }
            },
            {
              "description": "st_testing441692_3",
              "value": {
                "unit": "DAY",
                "rate": 42
              }
            },
            {
              "description": "st_testing441692_4",
              "value": {
                "unit": "DAY",
                "rate": 16
              }
            }
          ]
        }
      },
      "resources": []
    }
  ]
}
2026-06-03 14:14:09 - create_rate_cards - INFO - [API RESPONSE] POST https://ncm.services.nconprem-10-36-199-8.ccpnx.com/v1/cg/config/rate-cards
2026-06-03 14:14:09 - create_rate_cards - INFO - [STATUS CODE] 200
2026-06-03 14:14:09 - create_rate_cards - INFO - [TIME TAKEN] 3.3773 seconds (3377.27 ms)
2026-06-03 14:14:09 - create_rate_cards - INFO - [RESPONSE CONTENT-TYPE] application/json
2026-06-03 14:14:09 - create_rate_cards - INFO - [RESPONSE PAYLOAD]
{
  "ids": [
    "a993d06e-4bcf-4bfd-9ec4-c41cf7f8315e"
  ]
}
2026-06-03 14:14:09 - create_rate_cards - INFO - ✓ [78] Created rate card: st_testing441692_77
2026-06-03 14:14:09 - create_rate_cards - INFO - [API REQUEST] POST https://ncm.services.nconprem-10-36-199-8.ccpnx.com/v1/cg/config/rate-cards
2026-06-03 14:14:09 - create_rate_cards - INFO - [REQUEST JSON PAYLOAD]
{
  "rateCards": [
    {
      "rateCardName": "st_testing441692_78",
      "meteringRates": {
        "vm": {
          "vCpu": {
            "unit": "HOUR",
            "rate": 23
          },
          "vRam": {
            "unit": "HOUR",
            "rate": 45
          },
          "vStorage": {
            "unit": "GIB",
            "rate": 62
          },
          "customConfigs": [
            {
              "description": "st_testing441692_0",
              "value": {
                "unit": "DAY",
                "rate": 97
              }
            },
            {
              "description": "st_testing441692_1",
              "value": {
                "unit": "DAY",
                "rate": 39
              }
            },
            {
              "description": "st_testing441692_2",
              "value": {
                "unit": "DAY",
                "rate": 34
              }
            },
            {
              "description": "st_testing441692_3",
              "value": {
                "unit": "DAY",
                "rate": 2
              }
            },
            {
              "description": "st_testing441692_4",
              "value": {
                "unit": "DAY",
                "rate": 56
              }
            }
          ]
        }
      },
      "resources": []
    }
  ]
}
2026-06-03 14:14:12 - create_rate_cards - INFO - [API RESPONSE] POST https://ncm.services.nconprem-10-36-199-8.ccpnx.com/v1/cg/config/rate-cards
2026-06-03 14:14:12 - create_rate_cards - INFO - [STATUS CODE] 200
2026-06-03 14:14:12 - create_rate_cards - INFO - [TIME TAKEN] 3.1512 seconds (3151.16 ms)
2026-06-03 14:14:12 - create_rate_cards - INFO - [RESPONSE CONTENT-TYPE] application/json
2026-06-03 14:14:12 - create_rate_cards - INFO - [RESPONSE PAYLOAD]
{
  "ids": [
    "e45a9c3e-5087-43d9-8a15-13e5c1de47aa"
  ]
}
2026-06-03 14:14:12 - create_rate_cards - INFO - ✓ [79] Created rate card: st_testing441692_78
2026-06-03 14:14:12 - create_rate_cards - INFO - [API REQUEST] POST https://ncm.services.nconprem-10-36-199-8.ccpnx.com/v1/cg/config/rate-cards
2026-06-03 14:14:12 - create_rate_cards - INFO - [REQUEST JSON PAYLOAD]
{
  "rateCards": [
    {
      "rateCardName": "st_testing441692_79",
      "meteringRates": {
        "vm": {
          "vCpu": {
            "unit": "HOUR",
            "rate": 10
          },
          "vRam": {
            "unit": "HOUR",
            "rate": 37
          },
          "vStorage": {
            "unit": "GIB",
            "rate": 23
          },
          "customConfigs": [
            {
              "description": "st_testing441692_0",
              "value": {
                "unit": "DAY",
                "rate": 43
              }
            },
            {
              "description": "st_testing441692_1",
              "value": {
                "unit": "DAY",
                "rate": 59
              }
            },
            {
              "description": "st_testing441692_2",
              "value": {
                "unit": "DAY",
                "rate": 30
              }
            },
            {
              "description": "st_testing441692_3",
              "value": {
                "unit": "DAY",
                "rate": 84
              }
            },
            {
              "description": "st_testing441692_4",
              "value": {
                "unit": "DAY",
                "rate": 1
              }
            }
          ]
        }
      },
      "resources": []
    }
  ]
}
2026-06-03 14:14:15 - create_rate_cards - INFO - [API RESPONSE] POST https://ncm.services.nconprem-10-36-199-8.ccpnx.com/v1/cg/config/rate-cards
2026-06-03 14:14:15 - create_rate_cards - INFO - [STATUS CODE] 200
2026-06-03 14:14:15 - create_rate_cards - INFO - [TIME TAKEN] 2.1824 seconds (2182.44 ms)
2026-06-03 14:14:15 - create_rate_cards - INFO - [RESPONSE CONTENT-TYPE] application/json
2026-06-03 14:14:15 - create_rate_cards - INFO - [RESPONSE PAYLOAD]
{
  "ids": [
    "d494564b-f92b-4b66-9005-499345bf6b64"
  ]
}
2026-06-03 14:14:15 - create_rate_cards - INFO - ✓ [80] Created rate card: st_testing441692_79
2026-06-03 14:14:15 - create_rate_cards - INFO - [API REQUEST] POST https://ncm.services.nconprem-10-36-199-8.ccpnx.com/v1/cg/config/rate-cards
2026-06-03 14:14:15 - create_rate_cards - INFO - [REQUEST JSON PAYLOAD]
{
  "rateCards": [
    {
      "rateCardName": "st_testing441692_80",
      "meteringRates": {
        "vm": {
          "vCpu": {
            "unit": "HOUR",
            "rate": 17
          },
          "vRam": {
            "unit": "HOUR",
            "rate": 47
          },
          "vStorage": {
            "unit": "GIB",
            "rate": 56
          },
          "customConfigs": [
            {
              "description": "st_testing441692_0",
              "value": {
                "unit": "DAY",
                "rate": 11
              }
            },
            {
              "description": "st_testing441692_1",
              "value": {
                "unit": "DAY",
                "rate": 22
              }
            },
            {
              "description": "st_testing441692_2",
              "value": {
                "unit": "DAY",
                "rate": 51
              }
            },
            {
              "description": "st_testing441692_3",
              "value": {
                "unit": "DAY",
                "rate": 21
              }
            },
            {
              "description": "st_testing441692_4",
              "value": {
                "unit": "DAY",
                "rate": 100
              }
            }
          ]
        }
      },
      "resources": []
    }
  ]
}
2026-06-03 14:14:17 - create_rate_cards - INFO - [API RESPONSE] POST https://ncm.services.nconprem-10-36-199-8.ccpnx.com/v1/cg/config/rate-cards
2026-06-03 14:14:17 - create_rate_cards - INFO - [STATUS CODE] 200
2026-06-03 14:14:17 - create_rate_cards - INFO - [TIME TAKEN] 2.0178 seconds (2017.78 ms)
2026-06-03 14:14:17 - create_rate_cards - INFO - [RESPONSE CONTENT-TYPE] application/json
2026-06-03 14:14:17 - create_rate_cards - INFO - [RESPONSE PAYLOAD]
{
  "ids": [
    "c5c55aa5-ef7d-488f-9156-d523daf2a76f"
  ]
}
2026-06-03 14:14:17 - create_rate_cards - INFO - ✓ [81] Created rate card: st_testing441692_80
2026-06-03 14:14:17 - create_rate_cards - INFO - [API REQUEST] POST https://ncm.services.nconprem-10-36-199-8.ccpnx.com/v1/cg/config/rate-cards
2026-06-03 14:14:17 - create_rate_cards - INFO - [REQUEST JSON PAYLOAD]
{
  "rateCards": [
    {
      "rateCardName": "st_testing441692_81",
      "meteringRates": {
        "vm": {
          "vCpu": {
            "unit": "HOUR",
            "rate": 40
          },
          "vRam": {
            "unit": "HOUR",
            "rate": 95
          },
          "vStorage": {
            "unit": "GIB",
            "rate": 5
          },
          "customConfigs": [
            {
              "description": "st_testing441692_0",
              "value": {
                "unit": "DAY",
                "rate": 45
              }
            },
            {
              "description": "st_testing441692_1",
              "value": {
                "unit": "DAY",
                "rate": 39
              }
            },
            {
              "description": "st_testing441692_2",
              "value": {
                "unit": "DAY",
                "rate": 11
              }
            },
            {
              "description": "st_testing441692_3",
              "value": {
                "unit": "DAY",
                "rate": 74
              }
            },
            {
              "description": "st_testing441692_4",
              "value": {
                "unit": "DAY",
                "rate": 15
              }
            }
          ]
        }
      },
      "resources": []
    }
  ]
}
2026-06-03 14:14:19 - create_rate_cards - INFO - [API RESPONSE] POST https://ncm.services.nconprem-10-36-199-8.ccpnx.com/v1/cg/config/rate-cards
2026-06-03 14:14:19 - create_rate_cards - INFO - [STATUS CODE] 200
2026-06-03 14:14:19 - create_rate_cards - INFO - [TIME TAKEN] 2.5758 seconds (2575.79 ms)
2026-06-03 14:14:19 - create_rate_cards - INFO - [RESPONSE CONTENT-TYPE] application/json
2026-06-03 14:14:19 - create_rate_cards - INFO - [RESPONSE PAYLOAD]
{
  "ids": [
    "69f8784a-34d2-494d-9342-e1c23bf75a83"
  ]
}
2026-06-03 14:14:19 - create_rate_cards - INFO - ✓ [82] Created rate card: st_testing441692_81
2026-06-03 14:14:19 - create_rate_cards - INFO - [API REQUEST] POST https://ncm.services.nconprem-10-36-199-8.ccpnx.com/v1/cg/config/rate-cards
2026-06-03 14:14:19 - create_rate_cards - INFO - [REQUEST JSON PAYLOAD]
{
  "rateCards": [
    {
      "rateCardName": "st_testing441692_82",
      "meteringRates": {
        "vm": {
          "vCpu": {
            "unit": "HOUR",
            "rate": 22
          },
          "vRam": {
            "unit": "HOUR",
            "rate": 20
          },
          "vStorage": {
            "unit": "GIB",
            "rate": 39
          },
          "customConfigs": [
            {
              "description": "st_testing441692_0",
              "value": {
                "unit": "DAY",
                "rate": 82
              }
            },
            {
              "description": "st_testing441692_1",
              "value": {
                "unit": "DAY",
                "rate": 85
              }
            },
            {
              "description": "st_testing441692_2",
              "value": {
                "unit": "DAY",
                "rate": 84
              }
            },
            {
              "description": "st_testing441692_3",
              "value": {
                "unit": "DAY",
                "rate": 67
              }
            },
            {
              "description": "st_testing441692_4",
              "value": {
                "unit": "DAY",
                "rate": 31
              }
            }
          ]
        }
      },
      "resources": []
    }
  ]
}
2026-06-03 14:14:21 - create_rate_cards - INFO - [API RESPONSE] POST https://ncm.services.nconprem-10-36-199-8.ccpnx.com/v1/cg/config/rate-cards
2026-06-03 14:14:21 - create_rate_cards - INFO - [STATUS CODE] 200
2026-06-03 14:14:21 - create_rate_cards - INFO - [TIME TAKEN] 2.1318 seconds (2131.79 ms)
2026-06-03 14:14:21 - create_rate_cards - INFO - [RESPONSE CONTENT-TYPE] application/json
2026-06-03 14:14:21 - create_rate_cards - INFO - [RESPONSE PAYLOAD]
{
  "ids": [
    "93ba932f-30b7-462c-8fa6-c842c9b6e7a3"
  ]
}
2026-06-03 14:14:21 - create_rate_cards - INFO - ✓ [83] Created rate card: st_testing441692_82
2026-06-03 14:14:21 - create_rate_cards - INFO - [API REQUEST] POST https://ncm.services.nconprem-10-36-199-8.ccpnx.com/v1/cg/config/rate-cards
2026-06-03 14:14:21 - create_rate_cards - INFO - [REQUEST JSON PAYLOAD]
{
  "rateCards": [
    {
      "rateCardName": "st_testing441692_83",
      "meteringRates": {
        "vm": {
          "vCpu": {
            "unit": "HOUR",
            "rate": 32
          },
          "vRam": {
            "unit": "HOUR",
            "rate": 34
          },
          "vStorage": {
            "unit": "GIB",
            "rate": 28
          },
          "customConfigs": [
            {
              "description": "st_testing441692_0",
              "value": {
                "unit": "DAY",
                "rate": 52
              }
            },
            {
              "description": "st_testing441692_1",
              "value": {
                "unit": "DAY",
                "rate": 78
              }
            },
            {
              "description": "st_testing441692_2",
              "value": {
                "unit": "DAY",
                "rate": 43
              }
            },
            {
              "description": "st_testing441692_3",
              "value": {
                "unit": "DAY",
                "rate": 43
              }
            },
            {
              "description": "st_testing441692_4",
              "value": {
                "unit": "DAY",
                "rate": 9
              }
            }
          ]
        }
      },
      "resources": []
    }
  ]
}
2026-06-03 14:14:23 - create_rate_cards - INFO - [API RESPONSE] POST https://ncm.services.nconprem-10-36-199-8.ccpnx.com/v1/cg/config/rate-cards
2026-06-03 14:14:23 - create_rate_cards - INFO - [STATUS CODE] 200
2026-06-03 14:14:23 - create_rate_cards - INFO - [TIME TAKEN] 1.7076 seconds (1707.61 ms)
2026-06-03 14:14:23 - create_rate_cards - INFO - [RESPONSE CONTENT-TYPE] application/json
2026-06-03 14:14:23 - create_rate_cards - INFO - [RESPONSE PAYLOAD]
{
  "ids": [
    "3f5ee9f1-4ba0-452c-be41-bfb4d6eca7e7"
  ]
}
2026-06-03 14:14:23 - create_rate_cards - INFO - ✓ [84] Created rate card: st_testing441692_83
2026-06-03 14:14:23 - create_rate_cards - INFO - [API REQUEST] POST https://ncm.services.nconprem-10-36-199-8.ccpnx.com/v1/cg/config/rate-cards
2026-06-03 14:14:23 - create_rate_cards - INFO - [REQUEST JSON PAYLOAD]
{
  "rateCards": [
    {
      "rateCardName": "st_testing441692_84",
      "meteringRates": {
        "vm": {
          "vCpu": {
            "unit": "HOUR",
            "rate": 40
          },
          "vRam": {
            "unit": "HOUR",
            "rate": 4
          },
          "vStorage": {
            "unit": "GIB",
            "rate": 91
          },
          "customConfigs": [
            {
              "description": "st_testing441692_0",
              "value": {
                "unit": "DAY",
                "rate": 36
              }
            },
            {
              "description": "st_testing441692_1",
              "value": {
                "unit": "DAY",
                "rate": 47
              }
            },
            {
              "description": "st_testing441692_2",
              "value": {
                "unit": "DAY",
                "rate": 61
              }
            },
            {
              "description": "st_testing441692_3",
              "value": {
                "unit": "DAY",
                "rate": 74
              }
            },
            {
              "description": "st_testing441692_4",
              "value": {
                "unit": "DAY",
                "rate": 26
              }
            }
          ]
        }
      },
      "resources": []
    }
  ]
}
2026-06-03 14:14:25 - create_rate_cards - INFO - [API RESPONSE] POST https://ncm.services.nconprem-10-36-199-8.ccpnx.com/v1/cg/config/rate-cards
2026-06-03 14:14:25 - create_rate_cards - INFO - [STATUS CODE] 200
2026-06-03 14:14:25 - create_rate_cards - INFO - [TIME TAKEN] 1.7534 seconds (1753.42 ms)
2026-06-03 14:14:25 - create_rate_cards - INFO - [RESPONSE CONTENT-TYPE] application/json
2026-06-03 14:14:25 - create_rate_cards - INFO - [RESPONSE PAYLOAD]
{
  "ids": [
    "c3cb270c-513e-4625-9537-1c9479ba72e6"
  ]
}
2026-06-03 14:14:25 - create_rate_cards - INFO - ✓ [85] Created rate card: st_testing441692_84
2026-06-03 14:14:25 - create_rate_cards - INFO - [API REQUEST] POST https://ncm.services.nconprem-10-36-199-8.ccpnx.com/v1/cg/config/rate-cards
2026-06-03 14:14:25 - create_rate_cards - INFO - [REQUEST JSON PAYLOAD]
{
  "rateCards": [
    {
      "rateCardName": "st_testing441692_85",
      "meteringRates": {
        "vm": {
          "vCpu": {
            "unit": "HOUR",
            "rate": 5
          },
          "vRam": {
            "unit": "HOUR",
            "rate": 20
          },
          "vStorage": {
            "unit": "GIB",
            "rate": 19
          },
          "customConfigs": [
            {
              "description": "st_testing441692_0",
              "value": {
                "unit": "DAY",
                "rate": 70
              }
            },
            {
              "description": "st_testing441692_1",
              "value": {
                "unit": "DAY",
                "rate": 75
              }
            },
            {
              "description": "st_testing441692_2",
              "value": {
                "unit": "DAY",
                "rate": 13
              }
            },
            {
              "description": "st_testing441692_3",
              "value": {
                "unit": "DAY",
                "rate": 91
              }
            },
            {
              "description": "st_testing441692_4",
              "value": {
                "unit": "DAY",
                "rate": 44
              }
            }
          ]
        }
      },
      "resources": []
    }
  ]
}
2026-06-03 14:14:27 - create_rate_cards - INFO - [API RESPONSE] POST https://ncm.services.nconprem-10-36-199-8.ccpnx.com/v1/cg/config/rate-cards
2026-06-03 14:14:27 - create_rate_cards - INFO - [STATUS CODE] 200
2026-06-03 14:14:27 - create_rate_cards - INFO - [TIME TAKEN] 2.2629 seconds (2262.92 ms)
2026-06-03 14:14:27 - create_rate_cards - INFO - [RESPONSE CONTENT-TYPE] application/json
2026-06-03 14:14:27 - create_rate_cards - INFO - [RESPONSE PAYLOAD]
{
  "ids": [
    "402b4557-d718-4c8e-acbf-350e99204085"
  ]
}
2026-06-03 14:14:27 - create_rate_cards - INFO - ✓ [86] Created rate card: st_testing441692_85
2026-06-03 14:14:27 - create_rate_cards - INFO - [API REQUEST] POST https://ncm.services.nconprem-10-36-199-8.ccpnx.com/v1/cg/config/rate-cards
2026-06-03 14:14:27 - create_rate_cards - INFO - [REQUEST JSON PAYLOAD]
{
  "rateCards": [
    {
      "rateCardName": "st_testing441692_86",
      "meteringRates": {
        "vm": {
          "vCpu": {
            "unit": "HOUR",
            "rate": 56
          },
          "vRam": {
            "unit": "HOUR",
            "rate": 64
          },
          "vStorage": {
            "unit": "GIB",
            "rate": 89
          },
          "customConfigs": [
            {
              "description": "st_testing441692_0",
              "value": {
                "unit": "DAY",
                "rate": 73
              }
            },
            {
              "description": "st_testing441692_1",
              "value": {
                "unit": "DAY",
                "rate": 96
              }
            },
            {
              "description": "st_testing441692_2",
              "value": {
                "unit": "DAY",
                "rate": 100
              }
            },
            {
              "description": "st_testing441692_3",
              "value": {
                "unit": "DAY",
                "rate": 20
              }
            },
            {
              "description": "st_testing441692_4",
              "value": {
                "unit": "DAY",
                "rate": 6
              }
            }
          ]
        }
      },
      "resources": []
    }
  ]
}
2026-06-03 14:14:29 - create_rate_cards - INFO - [API RESPONSE] POST https://ncm.services.nconprem-10-36-199-8.ccpnx.com/v1/cg/config/rate-cards
2026-06-03 14:14:29 - create_rate_cards - INFO - [STATUS CODE] 200
2026-06-03 14:14:29 - create_rate_cards - INFO - [TIME TAKEN] 1.6347 seconds (1634.73 ms)
2026-06-03 14:14:29 - create_rate_cards - INFO - [RESPONSE CONTENT-TYPE] application/json
2026-06-03 14:14:29 - create_rate_cards - INFO - [RESPONSE PAYLOAD]
{
  "ids": [
    "41e2b2e0-3f67-45fb-8d32-95b0d052b10f"
  ]
}
2026-06-03 14:14:29 - create_rate_cards - INFO - ✓ [87] Created rate card: st_testing441692_86
2026-06-03 14:14:29 - create_rate_cards - INFO - [API REQUEST] POST https://ncm.services.nconprem-10-36-199-8.ccpnx.com/v1/cg/config/rate-cards
2026-06-03 14:14:29 - create_rate_cards - INFO - [REQUEST JSON PAYLOAD]
{
  "rateCards": [
    {
      "rateCardName": "st_testing441692_87",
      "meteringRates": {
        "vm": {
          "vCpu": {
            "unit": "HOUR",
            "rate": 80
          },
          "vRam": {
            "unit": "HOUR",
            "rate": 17
          },
          "vStorage": {
            "unit": "GIB",
            "rate": 64
          },
          "customConfigs": [
            {
              "description": "st_testing441692_0",
              "value": {
                "unit": "DAY",
                "rate": 72
              }
            },
            {
              "description": "st_testing441692_1",
              "value": {
                "unit": "DAY",
                "rate": 12
              }
            },
            {
              "description": "st_testing441692_2",
              "value": {
                "unit": "DAY",
                "rate": 67
              }
            },
            {
              "description": "st_testing441692_3",
              "value": {
                "unit": "DAY",
                "rate": 81
              }
            },
            {
              "description": "st_testing441692_4",
              "value": {
                "unit": "DAY",
                "rate": 53
              }
            }
          ]
        }
      },
      "resources": []
    }
  ]
}
2026-06-03 14:23:12 - create_rate_cards - INFO - 
2026-06-03 14:23:12 - create_rate_cards - INFO - ================================================================================================================================================================
2026-06-03 14:23:12 - create_rate_cards - INFO - API METRICS CONSOLIDATED REPORT
2026-06-03 14:23:12 - create_rate_cards - INFO - ================================================================================================================================================================
2026-06-03 14:23:12 - create_rate_cards - INFO - Method   | Endpoint                                           |   Count |   Fail |    Min(ms) |    Max(ms) |    P90(ms) |    P95(ms) |    P98(ms)
2026-06-03 14:23:12 - create_rate_cards - INFO - ----------------------------------------------------------------------------------------------------------------------------------------------------------------
2026-06-03 14:23:12 - create_rate_cards - INFO - POST     | /v1/cg/config/rate-cards                           |      87 |      - |    1395.56 |    4015.79 |    2653.14 |    2995.68 |    3377.27
2026-06-03 14:23:12 - create_rate_cards - INFO - ----------------------------------------------------------------------------------------------------------------------------------------------------------------
2026-06-03 14:23:12 - create_rate_cards - INFO - Total API Calls: 87 | Unique Endpoints: 1 | Total Failures (non-200/202): 0 | Exceptions: 0
2026-06-03 14:23:12 - create_rate_cards - INFO - ================================================================================================================================================================
2026-06-03 14:23:12 - create_rate_cards - INFO - 
2026-06-03 14:23:12 - create_rate_cards - INFO - STATUS CODE BREAKDOWN:
2026-06-03 14:23:12 - create_rate_cards - INFO - ----------------------------------------------------------------------------------------------------
2026-06-03 14:23:12 - create_rate_cards - INFO - POST   /v1/cg/config/rate-cards                   | 200: 87
2026-06-03 14:23:12 - create_rate_cards - INFO - ================================================================================================================================================================
