2026-02-02 05:14:54 - create_budget - INFO - ================================================================================
2026-02-02 05:14:54 - create_budget - INFO - Script: create_budget
2026-02-02 05:14:54 - create_budget - INFO - Log file: /home/mohan.as1/mohan_helpers/cost_governnance/logs/create_budget_20260202_051454.log
2026-02-02 05:14:54 - create_budget - INFO - ================================================================================
2026-02-02 05:14:54 - create_budget - INFO - ================================================================================
2026-02-02 05:14:54 - create_budget - INFO - Starting Budget Creation Process
2026-02-02 05:14:54 - create_budget - INFO - ================================================================================
2026-02-02 05:14:54 - create_budget - INFO - Configuration:
2026-02-02 05:14:54 - create_budget - INFO -   - Base URL: https://ncm.services.nconprem-10-53-60-173.ccpnx.com
2026-02-02 05:14:54 - create_budget - INFO -   - Budget name prefix: budget_1
2026-02-02 05:14:54 - create_budget - INFO -   - Recipients per budget: 5
2026-02-02 05:14:54 - create_budget - INFO - ================================================================================
2026-02-02 05:14:54 - create_budget - INFO - Fetching resource groups...
2026-02-02 05:14:54 - create_budget - INFO - [API REQUEST] GET https://ncm.services.nconprem-10-53-60-173.ccpnx.com/v1/cg/global/budgets/listResourceGroups
2026-02-02 05:14:55 - create_budget - INFO - [API RESPONSE] GET https://ncm.services.nconprem-10-53-60-173.ccpnx.com/v1/cg/global/budgets/listResourceGroups
2026-02-02 05:14:55 - create_budget - INFO - [STATUS CODE] 200
2026-02-02 05:14:55 - create_budget - INFO - [TIME TAKEN] 0.6559 seconds (655.85 ms)
2026-02-02 05:14:55 - create_budget - INFO - [RESPONSE CONTENT-TYPE] application/json
2026-02-02 05:14:55 - create_budget - INFO - [RESPONSE PAYLOAD]
{
  "data": [
    {
      "buId": "e12ae3c9-5d29-4e17-b6bc-8e80f1114d87",
      "buName": "iuhhyu",
      "alreadyBudgeted": false,
      "sessions": [
        2026,
        2027
      ],
      "ccUnits": [],
      "editable": true
    },
    {
      "buId": "341bfda5-1a0f-41e0-92e7-d8892b536584",
      "buName": "Business_Unit_1",
      "alreadyBudgeted": false,
      "sessions": [
        2026,
        2027
      ],
      "ccUnits": [
        {
          "ccId": "24ede76e-000e-4140-b34e-e174ad0c2f8a",
          "ccName": "CC_HomePC_Account_0e846_ADGroup_$Default_538825",
          "alreadyBudgeted": false,
          "sessions": [
            2026,
            2027
          ],
          "editable": true
        },
        {
          "ccId": "87521a54-77ea-42a3-8e85-f0a8502cb58f",
          "ccName": "CC_HomePC_Account_0e846_ahv_0-250930-142555-NameChanged_key1_7nbbX_ahv_0-250930-142555-NameChanged_value1_10_7nbbX_538825",
          "alreadyBudgeted": false,
          "sessions": [
            2026,
            2027
          ],
          "editable": true
        },
        {
          "ccId": "f3712666-49d6-4393-9873-0d9e5c3971ba",
          "ccName": "CC_HomePC_Account_0e846_ahv_0-250930-142555-NameChanged_key1_Dx2Sk_ahv_0-250930-142555-NameChanged_value1_1_Dx2Sk_538825",
          "alreadyBudgeted": false,
          "sessions": [
            2026,
            2027
          ],
          "editable": true
        },
        {
          "ccId": "ab5fd6cb-bc20-4366-8e2e-5dd372c65cac",
          "ccName": "CC_HomePC_Account_0e846_ahv_0-250930-142555-NameChanged_key1_fo4eW_ahv_0-250930-142555-NameChanged_value1_1_fo4eW_538825",
          "alreadyBudgeted": false,
          "sessions": [
            2026,
            2027
          ],
          "editable": true
        },
        {
          "ccId": "e2e584aa-8217-4e98-b55d-ae4e0925f730",
          "ccName": "CC_HomePC_Account_0e846_ahv_0-250930-142555-NameChanged_key1_gTvXL_ahv_0-250930-142555-NameChanged_value1_10_g
... (truncated)
2026-02-02 05:14:55 - create_budget - INFO - Fetched 38 resource groups
2026-02-02 05:14:55 - create_budget - INFO - Fetching user list...
2026-02-02 05:14:55 - create_budget - INFO - [API REQUEST] GET https://ncm.services.nconprem-10-53-60-173.ccpnx.com/v1/cg/users/list
2026-02-02 05:14:55 - create_budget - INFO - [API RESPONSE] GET https://ncm.services.nconprem-10-53-60-173.ccpnx.com/v1/cg/users/list
2026-02-02 05:14:55 - create_budget - INFO - [STATUS CODE] 200
2026-02-02 05:14:55 - create_budget - INFO - [TIME TAKEN] 0.3144 seconds (314.45 ms)
2026-02-02 05:14:55 - create_budget - INFO - [RESPONSE CONTENT-TYPE] application/json
2026-02-02 05:14:55 - create_budget - INFO - [RESPONSE PAYLOAD]
{
  "users": [
    {
      "name": "sspuser1@systest.nutanix.com",
      "email": "sspuser1@systest.nutanix.com"
    }
  ]
}
2026-02-02 05:14:55 - create_budget - INFO - Fetched 1 users for recipients
2026-02-02 05:14:55 - create_budget - INFO - Planning to create: 38 BU budgets + 181 CC budgets = 219 total
2026-02-02 05:14:55 - create_budget - INFO - ================================================================================
2026-02-02 05:14:55 - create_budget - INFO - [1/219] Creating BU budget: budget_1_iuhhyu
2026-02-02 05:14:55 - create_budget - INFO - [API REQUEST] POST https://ncm.services.nconprem-10-53-60-173.ccpnx.com/v1/cg/global/budgets
2026-02-02 05:14:55 - create_budget - INFO - [REQUEST DATA PAYLOAD] {"budgetName": "budget_1_iuhhyu", "financialYearStartMonth": "2", "resourceGroups": {"businessUnit": ["e12ae3c9-5d29-4e17-b6bc-8e80f1114d87"]}, "systemEstimate": true, "budgetAlert": {"configuration": {"monthly": [{"thresholdPercent": 66, "isDisabled": false}], "quarterly": [{"thresholdPercent": 83, "isDisabled": false}], "yearly": [{"thresholdPercent": 93, "isDisabled": false}]}, "recipients": ["sspuser1@systest.nutanix.com"], "isDisabled": false}}
2026-02-02 05:14:56 - create_budget - INFO - [API RESPONSE] POST https://ncm.services.nconprem-10-53-60-173.ccpnx.com/v1/cg/global/budgets
2026-02-02 05:14:56 - create_budget - INFO - [STATUS CODE] 500
2026-02-02 05:14:56 - create_budget - INFO - [TIME TAKEN] 0.6937 seconds (693.74 ms)
2026-02-02 05:14:56 - create_budget - INFO - [RESPONSE CONTENT-TYPE] application/json
2026-02-02 05:14:56 - create_budget - INFO - [RESPONSE PAYLOAD]
{
  "errorCode": 990020,
  "errorMessage": "The system encountered an internal error. If the issue persists, please reach out to our support."
}
2026-02-02 05:14:56 - create_budget - ERROR - ✗ Failed to create budget 'budget_1_iuhhyu': HTTP 500 - {'errorCode': 990020, 'errorMessage': 'The system encountered an internal error. If the issue persists, please reach out to our support.'}
2026-02-02 05:14:56 - create_budget - INFO - [2/219] Creating BU budget: budget_1_Business_Unit_1
2026-02-02 05:14:56 - create_budget - INFO - [API REQUEST] POST https://ncm.services.nconprem-10-53-60-173.ccpnx.com/v1/cg/global/budgets
2026-02-02 05:14:56 - create_budget - INFO - [REQUEST DATA PAYLOAD] {"budgetName": "budget_1_Business_Unit_1", "financialYearStartMonth": "12", "resourceGroups": {"businessUnit": ["341bfda5-1a0f-41e0-92e7-d8892b536584"]}, "systemEstimate": true, "budgetAlert": {"configuration": {"monthly": [{"thresholdPercent": 73, "isDisabled": false}], "quarterly": [{"thresholdPercent": 83, "isDisabled": false}], "yearly": [{"thresholdPercent": 93, "isDisabled": false}]}, "recipients": ["sspuser1@systest.nutanix.com"], "isDisabled": false}}
2026-02-02 05:14:56 - create_budget - INFO - [API RESPONSE] POST https://ncm.services.nconprem-10-53-60-173.ccpnx.com/v1/cg/global/budgets
2026-02-02 05:14:56 - create_budget - INFO - [STATUS CODE] 500
2026-02-02 05:14:56 - create_budget - INFO - [TIME TAKEN] 0.5187 seconds (518.70 ms)
2026-02-02 05:14:56 - create_budget - INFO - [RESPONSE CONTENT-TYPE] application/json
2026-02-02 05:14:56 - create_budget - INFO - [RESPONSE PAYLOAD]
{
  "errorCode": 990020,
  "errorMessage": "The system encountered an internal error. If the issue persists, please reach out to our support."
}
2026-02-02 05:14:56 - create_budget - ERROR - ✗ Failed to create budget 'budget_1_Business_Unit_1': HTTP 500 - {'errorCode': 990020, 'errorMessage': 'The system encountered an internal error. If the issue persists, please reach out to our support.'}
2026-02-02 05:14:56 - create_budget - INFO - [3/219] Creating CC budget: budget_1_CC_HomePC_Account_0e846_ADGroup_$Default_538825
2026-02-02 05:14:56 - create_budget - INFO - [API REQUEST] POST https://ncm.services.nconprem-10-53-60-173.ccpnx.com/v1/cg/global/budgets
2026-02-02 05:14:56 - create_budget - INFO - [REQUEST DATA PAYLOAD] {"budgetName": "budget_1_CC_HomePC_Account_0e846_ADGroup_$Default_538825", "financialYearStartMonth": "12", "resourceGroups": {"costCenters": ["24ede76e-000e-4140-b34e-e174ad0c2f8a"]}, "systemEstimate": true, "budgetAlert": {"configuration": {"monthly": [{"thresholdPercent": 68, "isDisabled": false}], "quarterly": [{"thresholdPercent": 83, "isDisabled": false}], "yearly": [{"thresholdPercent": 92, "isDisabled": false}]}, "recipients": ["sspuser1@systest.nutanix.com"], "isDisabled": false}}
2026-02-02 05:14:57 - create_budget - INFO - [API RESPONSE] POST https://ncm.services.nconprem-10-53-60-173.ccpnx.com/v1/cg/global/budgets
2026-02-02 05:14:57 - create_budget - INFO - [STATUS CODE] 200
2026-02-02 05:14:57 - create_budget - INFO - [TIME TAKEN] 0.8763 seconds (876.26 ms)
2026-02-02 05:14:57 - create_budget - INFO - [RESPONSE CONTENT-TYPE] application/json
2026-02-02 05:14:57 - create_budget - INFO - [RESPONSE PAYLOAD]
{
  "budgetId": "ee7cdc9c-7d71-4fab-9467-e808ca263959"
}
2026-02-02 05:14:57 - create_budget - INFO - ✓ Created budget: budget_1_CC_HomePC_Account_0e846_ADGroup_$Default_538825
2026-02-02 05:14:57 - create_budget - INFO - [4/219] Creating CC budget: budget_1_CC_HomePC_Account_0e846_ahv_0-250930-142555-NameChanged_key1_7nbbX_ahv_0-250930-142555-NameChanged_value1_10_7nbbX_538825
2026-02-02 05:14:57 - create_budget - INFO - [API REQUEST] POST https://ncm.services.nconprem-10-53-60-173.ccpnx.com/v1/cg/global/budgets
2026-02-02 05:14:57 - create_budget - INFO - [REQUEST DATA PAYLOAD] {"budgetName": "budget_1_CC_HomePC_Account_0e846_ahv_0-250930-142555-NameChanged_key1_7nbbX_ahv_0-250930-142555-NameChanged_value1_10_7nbbX_538825", "financialYearStartMonth": "8", "resourceGroups": {"costCenters": ["87521a54-77ea-42a3-8e85-f0a8502cb58f"]}, "systemEstimate": true, "budgetAlert": {"configuration": {"monthly": [{"thresholdPercent": 66, "isDisabled": false}], "quarterly": [{"thresholdPercent": 85, "isDisabled": false}], "yearly": [{"thresholdPercent": 94, "isDisabled": false}]}, "recipients": ["sspuser1@systest.nutanix.com"], "isDisabled": false}}
2026-02-02 05:14:57 - create_budget - INFO - [API RESPONSE] POST https://ncm.services.nconprem-10-53-60-173.ccpnx.com/v1/cg/global/budgets
2026-02-02 05:14:57 - create_budget - INFO - [STATUS CODE] 200
2026-02-02 05:14:57 - create_budget - INFO - [TIME TAKEN] 0.3766 seconds (376.59 ms)
2026-02-02 05:14:57 - create_budget - INFO - [RESPONSE CONTENT-TYPE] application/json
2026-02-02 05:14:57 - create_budget - INFO - [RESPONSE PAYLOAD]
{
  "budgetId": "69b9ea59-a1cf-4c30-86cd-6bf64de5ad7e"
}
2026-02-02 05:14:57 - create_budget - INFO - ✓ Created budget: budget_1_CC_HomePC_Account_0e846_ahv_0-250930-142555-NameChanged_key1_7nbbX_ahv_0-250930-142555-NameChanged_value1_10_7nbbX_538825
2026-02-02 05:14:57 - create_budget - INFO - [5/219] Creating CC budget: budget_1_CC_HomePC_Account_0e846_ahv_0-250930-142555-NameChanged_key1_Dx2Sk_ahv_0-250930-142555-NameChanged_value1_1_Dx2Sk_538825
2026-02-02 05:14:57 - create_budget - INFO - [API REQUEST] POST https://ncm.services.nconprem-10-53-60-173.ccpnx.com/v1/cg/global/budgets
2026-02-02 05:14:57 - create_budget - INFO - [REQUEST DATA PAYLOAD] {"budgetName": "budget_1_CC_HomePC_Account_0e846_ahv_0-250930-142555-NameChanged_key1_Dx2Sk_ahv_0-250930-142555-NameChanged_value1_1_Dx2Sk_538825", "financialYearStartMonth": "2", "resourceGroups": {"costCenters": ["f3712666-49d6-4393-9873-0d9e5c3971ba"]}, "systemEstimate": true, "budgetAlert": {"configuration": {"monthly": [{"thresholdPercent": 72, "isDisabled": false}], "quarterly": [{"thresholdPercent": 82, "isDisabled": false}], "yearly": [{"thresholdPercent": 95, "isDisabled": false}]}, "recipients": ["sspuser1@systest.nutanix.com"], "isDisabled": false}}
2026-02-02 05:14:58 - create_budget - INFO - [API RESPONSE] POST https://ncm.services.nconprem-10-53-60-173.ccpnx.com/v1/cg/global/budgets
2026-02-02 05:14:58 - create_budget - INFO - [STATUS CODE] 200
2026-02-02 05:14:58 - create_budget - INFO - [TIME TAKEN] 0.6168 seconds (616.82 ms)
2026-02-02 05:14:58 - create_budget - INFO - [RESPONSE CONTENT-TYPE] application/json
2026-02-02 05:14:58 - create_budget - INFO - [RESPONSE PAYLOAD]
{
  "budgetId": "f9fc159c-6635-45ab-a8b0-2c38c79c83e3"
}
2026-02-02 05:14:58 - create_budget - INFO - ✓ Created budget: budget_1_CC_HomePC_Account_0e846_ahv_0-250930-142555-NameChanged_key1_Dx2Sk_ahv_0-250930-142555-NameChanged_value1_1_Dx2Sk_538825
2026-02-02 05:14:58 - create_budget - INFO - [6/219] Creating CC budget: budget_1_CC_HomePC_Account_0e846_ahv_0-250930-142555-NameChanged_key1_fo4eW_ahv_0-250930-142555-NameChanged_value1_1_fo4eW_538825
2026-02-02 05:14:58 - create_budget - INFO - [API REQUEST] POST https://ncm.services.nconprem-10-53-60-173.ccpnx.com/v1/cg/global/budgets
2026-02-02 05:14:58 - create_budget - INFO - [REQUEST DATA PAYLOAD] {"budgetName": "budget_1_CC_HomePC_Account_0e846_ahv_0-250930-142555-NameChanged_key1_fo4eW_ahv_0-250930-142555-NameChanged_value1_1_fo4eW_538825", "financialYearStartMonth": "10", "resourceGroups": {"costCenters": ["ab5fd6cb-bc20-4366-8e2e-5dd372c65cac"]}, "systemEstimate": true, "budgetAlert": {"configuration": {"monthly": [{"thresholdPercent": 65, "isDisabled": false}], "quarterly": [{"thresholdPercent": 83, "isDisabled": false}], "yearly": [{"thresholdPercent": 87, "isDisabled": false}]}, "recipients": ["sspuser1@systest.nutanix.com"], "isDisabled": false}}
2026-02-02 05:14:59 - create_budget - INFO - [API RESPONSE] POST https://ncm.services.nconprem-10-53-60-173.ccpnx.com/v1/cg/global/budgets
2026-02-02 05:14:59 - create_budget - INFO - [STATUS CODE] 200
2026-02-02 05:14:59 - create_budget - INFO - [TIME TAKEN] 0.8024 seconds (802.42 ms)
2026-02-02 05:14:59 - create_budget - INFO - [RESPONSE CONTENT-TYPE] application/json
2026-02-02 05:14:59 - create_budget - INFO - [RESPONSE PAYLOAD]
{
  "budgetId": "33cdf2d9-c5c3-4aed-8241-79f0f1490997"
}
2026-02-02 05:14:59 - create_budget - INFO - ✓ Created budget: budget_1_CC_HomePC_Account_0e846_ahv_0-250930-142555-NameChanged_key1_fo4eW_ahv_0-250930-142555-NameChanged_value1_1_fo4eW_538825
2026-02-02 05:14:59 - create_budget - INFO - [7/219] Creating CC budget: budget_1_CC_HomePC_Account_0e846_ahv_0-250930-142555-NameChanged_key1_gTvXL_ahv_0-250930-142555-NameChanged_value1_10_gTvXL_538825
2026-02-02 05:14:59 - create_budget - INFO - [API REQUEST] POST https://ncm.services.nconprem-10-53-60-173.ccpnx.com/v1/cg/global/budgets
2026-02-02 05:14:59 - create_budget - INFO - [REQUEST DATA PAYLOAD] {"budgetName": "budget_1_CC_HomePC_Account_0e846_ahv_0-250930-142555-NameChanged_key1_gTvXL_ahv_0-250930-142555-NameChanged_value1_10_gTvXL_538825", "financialYearStartMonth": "10", "resourceGroups": {"costCenters": ["e2e584aa-8217-4e98-b55d-ae4e0925f730"]}, "systemEstimate": true, "budgetAlert": {"configuration": {"monthly": [{"thresholdPercent": 72, "isDisabled": false}], "quarterly": [{"thresholdPercent": 77, "isDisabled": false}], "yearly": [{"thresholdPercent": 92, "isDisabled": false}]}, "recipients": ["sspuser1@systest.nutanix.com"], "isDisabled": false}}
2026-02-02 05:14:59 - create_budget - INFO - [API RESPONSE] POST https://ncm.services.nconprem-10-53-60-173.ccpnx.com/v1/cg/global/budgets
2026-02-02 05:14:59 - create_budget - INFO - [STATUS CODE] 200
2026-02-02 05:14:59 - create_budget - INFO - [TIME TAKEN] 0.6209 seconds (620.88 ms)
2026-02-02 05:14:59 - create_budget - INFO - [RESPONSE CONTENT-TYPE] application/json
2026-02-02 05:14:59 - create_budget - INFO - [RESPONSE PAYLOAD]
{
  "budgetId": "95fa5398-716c-4b96-a831-74f51d363df8"
}
2026-02-02 05:14:59 - create_budget - INFO - ✓ Created budget: budget_1_CC_HomePC_Account_0e846_ahv_0-250930-142555-NameChanged_key1_gTvXL_ahv_0-250930-142555-NameChanged_value1_10_gTvXL_538825
2026-02-02 05:14:59 - create_budget - INFO - [8/219] Creating BU budget: budget_1_Business_Unit_2
2026-02-02 05:14:59 - create_budget - INFO - [API REQUEST] POST https://ncm.services.nconprem-10-53-60-173.ccpnx.com/v1/cg/global/budgets
2026-02-02 05:14:59 - create_budget - INFO - [REQUEST DATA PAYLOAD] {"budgetName": "budget_1_Business_Unit_2", "financialYearStartMonth": "5", "resourceGroups": {"businessUnit": ["e8a34ef2-efd3-4d84-b713-c8d54f8965a1"]}, "systemEstimate": true, "budgetAlert": {"configuration": {"monthly": [{"thresholdPercent": 74, "isDisabled": false}], "quarterly": [{"thresholdPercent": 75, "isDisabled": false}], "yearly": [{"thresholdPercent": 85, "isDisabled": false}]}, "recipients": ["sspuser1@systest.nutanix.com"], "isDisabled": false}}
2026-02-02 05:15:00 - create_budget - INFO - [API RESPONSE] POST https://ncm.services.nconprem-10-53-60-173.ccpnx.com/v1/cg/global/budgets
2026-02-02 05:15:00 - create_budget - INFO - [STATUS CODE] 500
2026-02-02 05:15:00 - create_budget - INFO - [TIME TAKEN] 0.4895 seconds (489.53 ms)
2026-02-02 05:15:00 - create_budget - INFO - [RESPONSE CONTENT-TYPE] application/json
2026-02-02 05:15:00 - create_budget - INFO - [RESPONSE PAYLOAD]
{
  "errorCode": 990020,
  "errorMessage": "The system encountered an internal error. If the issue persists, please reach out to our support."
}
2026-02-02 05:15:00 - create_budget - ERROR - ✗ Failed to create budget 'budget_1_Business_Unit_2': HTTP 500 - {'errorCode': 990020, 'errorMessage': 'The system encountered an internal error. If the issue persists, please reach out to our support.'}
2026-02-02 05:15:00 - create_budget - INFO - [9/219] Creating CC budget: budget_1_CC_HomePC_Account_0e846_ahv_0-250930-142939_key1_twjx2_ahv_0-250930-142939_value1_1_twjx2_538825
2026-02-02 05:15:00 - create_budget - INFO - [API REQUEST] POST https://ncm.services.nconprem-10-53-60-173.ccpnx.com/v1/cg/global/budgets
2026-02-02 05:15:00 - create_budget - INFO - [REQUEST DATA PAYLOAD] {"budgetName": "budget_1_CC_HomePC_Account_0e846_ahv_0-250930-142939_key1_twjx2_ahv_0-250930-142939_value1_1_twjx2_538825", "financialYearStartMonth": "12", "resourceGroups": {"costCenters": ["0180d484-4d60-4ea0-a9f2-9181321d7887"]}, "systemEstimate": true, "budgetAlert": {"configuration": {"monthly": [{"thresholdPercent": 75, "isDisabled": false}], "quarterly": [{"thresholdPercent": 77, "isDisabled": false}], "yearly": [{"thresholdPercent": 93, "isDisabled": false}]}, "recipients": ["sspuser1@systest.nutanix.com"], "isDisabled": false}}
2026-02-02 05:15:01 - create_budget - INFO - [API RESPONSE] POST https://ncm.services.nconprem-10-53-60-173.ccpnx.com/v1/cg/global/budgets
2026-02-02 05:15:01 - create_budget - INFO - [STATUS CODE] 200
2026-02-02 05:15:01 - create_budget - INFO - [TIME TAKEN] 0.6940 seconds (693.98 ms)
2026-02-02 05:15:01 - create_budget - INFO - [RESPONSE CONTENT-TYPE] application/json
2026-02-02 05:15:01 - create_budget - INFO - [RESPONSE PAYLOAD]
{
  "budgetId": "31325164-8174-4d82-b8b4-af6c96df189e"
}
2026-02-02 05:15:01 - create_budget - INFO - ✓ Created budget: budget_1_CC_HomePC_Account_0e846_ahv_0-250930-142939_key1_twjx2_ahv_0-250930-142939_value1_1_twjx2_538825
2026-02-02 05:15:01 - create_budget - INFO - [10/219] Creating CC budget: budget_1_CC_HomePC_Account_0e846_ahv_0-251002-230901_key1_ZMC08_ahv_0-251002-230901_value1_1_ZMC08_538825
2026-02-02 05:15:01 - create_budget - INFO - [API REQUEST] POST https://ncm.services.nconprem-10-53-60-173.ccpnx.com/v1/cg/global/budgets
2026-02-02 05:15:01 - create_budget - INFO - [REQUEST DATA PAYLOAD] {"budgetName": "budget_1_CC_HomePC_Account_0e846_ahv_0-251002-230901_key1_ZMC08_ahv_0-251002-230901_value1_1_ZMC08_538825", "financialYearStartMonth": "2", "resourceGroups": {"costCenters": ["4ace8827-057c-4ecf-b032-5f116e3c155f"]}, "systemEstimate": true, "budgetAlert": {"configuration": {"monthly": [{"thresholdPercent": 72, "isDisabled": false}], "quarterly": [{"thresholdPercent": 82, "isDisabled": false}], "yearly": [{"thresholdPercent": 85, "isDisabled": false}]}, "recipients": ["sspuser1@systest.nutanix.com"], "isDisabled": false}}
2026-02-02 05:15:01 - create_budget - INFO - [API RESPONSE] POST https://ncm.services.nconprem-10-53-60-173.ccpnx.com/v1/cg/global/budgets
2026-02-02 05:15:01 - create_budget - INFO - [STATUS CODE] 200
2026-02-02 05:15:01 - create_budget - INFO - [TIME TAKEN] 0.8857 seconds (885.68 ms)
2026-02-02 05:15:01 - create_budget - INFO - [RESPONSE CONTENT-TYPE] application/json
2026-02-02 05:15:01 - create_budget - INFO - [RESPONSE PAYLOAD]
{
  "budgetId": "63789cdb-1b88-4344-be51-e502db58ed57"
}
2026-02-02 05:15:01 - create_budget - INFO - ✓ Created budget: budget_1_CC_HomePC_Account_0e846_ahv_0-251002-230901_key1_ZMC08_ahv_0-251002-230901_value1_1_ZMC08_538825
2026-02-02 05:15:01 - create_budget - INFO - [11/219] Creating CC budget: budget_1_CC_HomePC_Account_0e846_ahv_0-250930-203852_key1_j0ZEM_ahv_0-250930-203852_value1_1_j0ZEM_538825
2026-02-02 05:15:01 - create_budget - INFO - [API REQUEST] POST https://ncm.services.nconprem-10-53-60-173.ccpnx.com/v1/cg/global/budgets
2026-02-02 05:15:01 - create_budget - INFO - [REQUEST DATA PAYLOAD] {"budgetName": "budget_1_CC_HomePC_Account_0e846_ahv_0-250930-203852_key1_j0ZEM_ahv_0-250930-203852_value1_1_j0ZEM_538825", "financialYearStartMonth": "10", "resourceGroups": {"costCenters": ["24dd1534-fae0-4186-a1d9-77c855de99de"]}, "systemEstimate": true, "budgetAlert": {"configuration": {"monthly": [{"thresholdPercent": 75, "isDisabled": false}], "quarterly": [{"thresholdPercent": 84, "isDisabled": false}], "yearly": [{"thresholdPercent": 91, "isDisabled": false}]}, "recipients": ["sspuser1@systest.nutanix.com"], "isDisabled": false}}
2026-02-02 05:15:02 - create_budget - INFO - [API RESPONSE] POST https://ncm.services.nconprem-10-53-60-173.ccpnx.com/v1/cg/global/budgets
2026-02-02 05:15:02 - create_budget - INFO - [STATUS CODE] 200
2026-02-02 05:15:02 - create_budget - INFO - [TIME TAKEN] 0.6888 seconds (688.82 ms)
2026-02-02 05:15:02 - create_budget - INFO - [RESPONSE CONTENT-TYPE] application/json
2026-02-02 05:15:02 - create_budget - INFO - [RESPONSE PAYLOAD]
{
  "budgetId": "18ea054c-d1c6-4af8-98a3-0aca364fce4d"
}
2026-02-02 05:15:02 - create_budget - INFO - ✓ Created budget: budget_1_CC_HomePC_Account_0e846_ahv_0-250930-203852_key1_j0ZEM_ahv_0-250930-203852_value1_1_j0ZEM_538825
2026-02-02 05:15:02 - create_budget - INFO - [12/219] Creating CC budget: budget_1_CC_HomePC_Account_0e846_ahv_0-251004-104419_key1_GA5E4_ahv_0-251004-104419_value1_1_GA5E4_538825
2026-02-02 05:15:02 - create_budget - INFO - [API REQUEST] POST https://ncm.services.nconprem-10-53-60-173.ccpnx.com/v1/cg/global/budgets
2026-02-02 05:15:02 - create_budget - INFO - [REQUEST DATA PAYLOAD] {"budgetName": "budget_1_CC_HomePC_Account_0e846_ahv_0-251004-104419_key1_GA5E4_ahv_0-251004-104419_value1_1_GA5E4_538825", "financialYearStartMonth": "1", "resourceGroups": {"costCenters": ["44d630eb-f191-4005-b80f-ca9da0026f87"]}, "systemEstimate": true, "budgetAlert": {"configuration": {"monthly": [{"thresholdPercent": 65, "isDisabled": false}], "quarterly": [{"thresholdPercent": 84, "isDisabled": false}], "yearly": [{"thresholdPercent": 87, "isDisabled": false}]}, "recipients": ["sspuser1@systest.nutanix.com"], "isDisabled": false}}
2026-02-02 05:15:03 - create_budget - INFO - [API RESPONSE] POST https://ncm.services.nconprem-10-53-60-173.ccpnx.com/v1/cg/global/budgets
2026-02-02 05:15:03 - create_budget - INFO - [STATUS CODE] 200
2026-02-02 05:15:03 - create_budget - INFO - [TIME TAKEN] 0.4643 seconds (464.25 ms)
2026-02-02 05:15:03 - create_budget - INFO - [RESPONSE CONTENT-TYPE] application/json
2026-02-02 05:15:03 - create_budget - INFO - [RESPONSE PAYLOAD]
{
  "budgetId": "aeee07f7-583b-4e46-b30a-8074a96a37ea"
}
2026-02-02 05:15:03 - create_budget - INFO - ✓ Created budget: budget_1_CC_HomePC_Account_0e846_ahv_0-251004-104419_key1_GA5E4_ahv_0-251004-104419_value1_1_GA5E4_538825
2026-02-02 05:15:03 - create_budget - INFO - [13/219] Creating CC budget: budget_1_CC_HomePC_Account_0e846_ahv_0-251003-055714_key1_zcZmD_ahv_0-251003-055714_value1_1_zcZmD_538825
2026-02-02 05:15:03 - create_budget - INFO - [API REQUEST] POST https://ncm.services.nconprem-10-53-60-173.ccpnx.com/v1/cg/global/budgets
2026-02-02 05:15:03 - create_budget - INFO - [REQUEST DATA PAYLOAD] {"budgetName": "budget_1_CC_HomePC_Account_0e846_ahv_0-251003-055714_key1_zcZmD_ahv_0-251003-055714_value1_1_zcZmD_538825", "financialYearStartMonth": "12", "resourceGroups": {"costCenters": ["0a342428-22c9-40f6-a6c6-799b03d6fc84"]}, "systemEstimate": true, "budgetAlert": {"configuration": {"monthly": [{"thresholdPercent": 68, "isDisabled": false}], "quarterly": [{"thresholdPercent": 79, "isDisabled": false}], "yearly": [{"thresholdPercent": 94, "isDisabled": false}]}, "recipients": ["sspuser1@systest.nutanix.com"], "isDisabled": false}}
2026-02-02 05:15:03 - create_budget - INFO - [API RESPONSE] POST https://ncm.services.nconprem-10-53-60-173.ccpnx.com/v1/cg/global/budgets
2026-02-02 05:15:03 - create_budget - INFO - [STATUS CODE] 200
2026-02-02 05:15:03 - create_budget - INFO - [TIME TAKEN] 0.5660 seconds (565.95 ms)
2026-02-02 05:15:03 - create_budget - INFO - [RESPONSE CONTENT-TYPE] application/json
2026-02-02 05:15:03 - create_budget - INFO - [RESPONSE PAYLOAD]
{
  "budgetId": "b7584979-93bf-4b49-8831-7697b258cf47"
}
2026-02-02 05:15:03 - create_budget - INFO - ✓ Created budget: budget_1_CC_HomePC_Account_0e846_ahv_0-251003-055714_key1_zcZmD_ahv_0-251003-055714_value1_1_zcZmD_538825
2026-02-02 05:15:03 - create_budget - INFO - [14/219] Creating BU budget: budget_1_Business_Unit_3
2026-02-02 05:15:03 - create_budget - INFO - [API REQUEST] POST https://ncm.services.nconprem-10-53-60-173.ccpnx.com/v1/cg/global/budgets
2026-02-02 05:15:03 - create_budget - INFO - [REQUEST DATA PAYLOAD] {"budgetName": "budget_1_Business_Unit_3", "financialYearStartMonth": "7", "resourceGroups": {"businessUnit": ["edd0ad80-804e-4ab1-9f9e-9ab919e71529"]}, "systemEstimate": true, "budgetAlert": {"configuration": {"monthly": [{"thresholdPercent": 70, "isDisabled": false}], "quarterly": [{"thresholdPercent": 78, "isDisabled": false}], "yearly": [{"thresholdPercent": 92, "isDisabled": false}]}, "recipients": ["sspuser1@systest.nutanix.com"], "isDisabled": false}}
2026-02-02 05:15:04 - create_budget - INFO - [API RESPONSE] POST https://ncm.services.nconprem-10-53-60-173.ccpnx.com/v1/cg/global/budgets
2026-02-02 05:15:04 - create_budget - INFO - [STATUS CODE] 500
2026-02-02 05:15:04 - create_budget - INFO - [TIME TAKEN] 0.6272 seconds (627.22 ms)
2026-02-02 05:15:04 - create_budget - INFO - [RESPONSE CONTENT-TYPE] application/json
2026-02-02 05:15:04 - create_budget - INFO - [RESPONSE PAYLOAD]
{
  "errorCode": 990020,
  "errorMessage": "The system encountered an internal error. If the issue persists, please reach out to our support."
}
2026-02-02 05:15:04 - create_budget - ERROR - ✗ Failed to create budget 'budget_1_Business_Unit_3': HTTP 500 - {'errorCode': 990020, 'errorMessage': 'The system encountered an internal error. If the issue persists, please reach out to our support.'}
2026-02-02 05:15:04 - create_budget - INFO - [15/219] Creating CC budget: budget_1_CC_HomePC_Account_0e846_ahv_0-251004-112445_key1_7Juyt_ahv_0-251004-112445_value1_1_7Juyt_538825
2026-02-02 05:15:04 - create_budget - INFO - [API REQUEST] POST https://ncm.services.nconprem-10-53-60-173.ccpnx.com/v1/cg/global/budgets
2026-02-02 05:15:04 - create_budget - INFO - [REQUEST DATA PAYLOAD] {"budgetName": "budget_1_CC_HomePC_Account_0e846_ahv_0-251004-112445_key1_7Juyt_ahv_0-251004-112445_value1_1_7Juyt_538825", "financialYearStartMonth": "7", "resourceGroups": {"costCenters": ["bbe8a0e5-cb30-4592-adf4-d0e0e9bfaa9f"]}, "systemEstimate": true, "budgetAlert": {"configuration": {"monthly": [{"thresholdPercent": 66, "isDisabled": false}], "quarterly": [{"thresholdPercent": 77, "isDisabled": false}], "yearly": [{"thresholdPercent": 90, "isDisabled": false}]}, "recipients": ["sspuser1@systest.nutanix.com"], "isDisabled": false}}
2026-02-02 05:15:04 - create_budget - INFO - [API RESPONSE] POST https://ncm.services.nconprem-10-53-60-173.ccpnx.com/v1/cg/global/budgets
2026-02-02 05:15:04 - create_budget - INFO - [STATUS CODE] 200
2026-02-02 05:15:04 - create_budget - INFO - [TIME TAKEN] 0.4789 seconds (478.90 ms)
2026-02-02 05:15:04 - create_budget - INFO - [RESPONSE CONTENT-TYPE] application/json
2026-02-02 05:15:04 - create_budget - INFO - [RESPONSE PAYLOAD]
{
  "budgetId": "dd5e31ce-1702-407c-bf4d-2b0a3f6aca19"
}
2026-02-02 05:15:04 - create_budget - INFO - ✓ Created budget: budget_1_CC_HomePC_Account_0e846_ahv_0-251004-112445_key1_7Juyt_ahv_0-251004-112445_value1_1_7Juyt_538825
2026-02-02 05:15:04 - create_budget - INFO - [16/219] Creating CC budget: budget_1_CC_HomePC_Account_0e846_ahv_0-251004-112437_key1_w3YcU_ahv_0-251004-112437_value1_1_w3YcU_377027
2026-02-02 05:15:04 - create_budget - INFO - [API REQUEST] POST https://ncm.services.nconprem-10-53-60-173.ccpnx.com/v1/cg/global/budgets
2026-02-02 05:15:04 - create_budget - INFO - [REQUEST DATA PAYLOAD] {"budgetName": "budget_1_CC_HomePC_Account_0e846_ahv_0-251004-112437_key1_w3YcU_ahv_0-251004-112437_value1_1_w3YcU_377027", "financialYearStartMonth": "9", "resourceGroups": {"costCenters": ["6bb41b99-9bf3-4040-ab6e-ab3173d70c5a"]}, "systemEstimate": true, "budgetAlert": {"configuration": {"monthly": [{"thresholdPercent": 72, "isDisabled": false}], "quarterly": [{"thresholdPercent": 75, "isDisabled": false}], "yearly": [{"thresholdPercent": 94, "isDisabled": false}]}, "recipients": ["sspuser1@systest.nutanix.com"], "isDisabled": false}}
2026-02-02 05:15:05 - create_budget - INFO - [API RESPONSE] POST https://ncm.services.nconprem-10-53-60-173.ccpnx.com/v1/cg/global/budgets
2026-02-02 05:15:05 - create_budget - INFO - [STATUS CODE] 200
2026-02-02 05:15:05 - create_budget - INFO - [TIME TAKEN] 0.6883 seconds (688.35 ms)
2026-02-02 05:15:05 - create_budget - INFO - [RESPONSE CONTENT-TYPE] application/json
2026-02-02 05:15:05 - create_budget - INFO - [RESPONSE PAYLOAD]
{
  "budgetId": "b79b75ca-5c45-4e7e-ad63-954782b2702c"
}
2026-02-02 05:15:05 - create_budget - INFO - ✓ Created budget: budget_1_CC_HomePC_Account_0e846_ahv_0-251004-112437_key1_w3YcU_ahv_0-251004-112437_value1_1_w3YcU_377027
2026-02-02 05:15:05 - create_budget - INFO - [17/219] Creating CC budget: budget_1_CC_HomePC_Account_0e846_ahv_0-251004-112453_key1_LWd5m_ahv_0-251004-112453_value1_1_LWd5m_377027
2026-02-02 05:15:05 - create_budget - INFO - [API REQUEST] POST https://ncm.services.nconprem-10-53-60-173.ccpnx.com/v1/cg/global/budgets
2026-02-02 05:15:05 - create_budget - INFO - [REQUEST DATA PAYLOAD] {"budgetName": "budget_1_CC_HomePC_Account_0e846_ahv_0-251004-112453_key1_LWd5m_ahv_0-251004-112453_value1_1_LWd5m_377027", "financialYearStartMonth": "4", "resourceGroups": {"costCenters": ["73bfb36f-4b34-434f-be73-f5d2cac393eb"]}, "systemEstimate": true, "budgetAlert": {"configuration": {"monthly": [{"thresholdPercent": 69, "isDisabled": false}], "quarterly": [{"thresholdPercent": 83, "isDisabled": false}], "yearly": [{"thresholdPercent": 88, "isDisabled": false}]}, "recipients": ["sspuser1@systest.nutanix.com"], "isDisabled": false}}
2026-02-02 05:15:06 - create_budget - INFO - [API RESPONSE] POST https://ncm.services.nconprem-10-53-60-173.ccpnx.com/v1/cg/global/budgets
2026-02-02 05:15:06 - create_budget - INFO - [STATUS CODE] 200
2026-02-02 05:15:06 - create_budget - INFO - [TIME TAKEN] 0.7093 seconds (709.32 ms)
2026-02-02 05:15:06 - create_budget - INFO - [RESPONSE CONTENT-TYPE] application/json
2026-02-02 05:15:06 - create_budget - INFO - [RESPONSE PAYLOAD]
{
  "budgetId": "4746b9d6-e153-4818-bdd4-5b076b42b165"
}
2026-02-02 05:15:06 - create_budget - INFO - ✓ Created budget: budget_1_CC_HomePC_Account_0e846_ahv_0-251004-112453_key1_LWd5m_ahv_0-251004-112453_value1_1_LWd5m_377027
2026-02-02 05:15:06 - create_budget - INFO - [18/219] Creating CC budget: budget_1_CC_HomePC_Account_0e846_ahv_0-251004-112454_key1_P1FyH_ahv_0-251004-112454_value1_1_P1FyH_538825
2026-02-02 05:15:06 - create_budget - INFO - [API REQUEST] POST https://ncm.services.nconprem-10-53-60-173.ccpnx.com/v1/cg/global/budgets
2026-02-02 05:15:06 - create_budget - INFO - [REQUEST DATA PAYLOAD] {"budgetName": "budget_1_CC_HomePC_Account_0e846_ahv_0-251004-112454_key1_P1FyH_ahv_0-251004-112454_value1_1_P1FyH_538825", "financialYearStartMonth": "2", "resourceGroups": {"costCenters": ["c9271b10-12b3-4f60-81f2-4fdb75910b0e"]}, "systemEstimate": true, "budgetAlert": {"configuration": {"monthly": [{"thresholdPercent": 71, "isDisabled": false}], "quarterly": [{"thresholdPercent": 76, "isDisabled": false}], "yearly": [{"thresholdPercent": 90, "isDisabled": false}]}, "recipients": ["sspuser1@systest.nutanix.com"], "isDisabled": false}}
2026-02-02 05:15:06 - create_budget - INFO - [API RESPONSE] POST https://ncm.services.nconprem-10-53-60-173.ccpnx.com/v1/cg/global/budgets
2026-02-02 05:15:06 - create_budget - INFO - [STATUS CODE] 200
2026-02-02 05:15:06 - create_budget - INFO - [TIME TAKEN] 0.5257 seconds (525.67 ms)
2026-02-02 05:15:06 - create_budget - INFO - [RESPONSE CONTENT-TYPE] application/json
2026-02-02 05:15:06 - create_budget - INFO - [RESPONSE PAYLOAD]
{
  "budgetId": "bd733ded-dedb-4a68-a895-b6eacd85627e"
}
2026-02-02 05:15:06 - create_budget - INFO - ✓ Created budget: budget_1_CC_HomePC_Account_0e846_ahv_0-251004-112454_key1_P1FyH_ahv_0-251004-112454_value1_1_P1FyH_538825
2026-02-02 05:15:06 - create_budget - INFO - [19/219] Creating CC budget: budget_1_CC_HomePC_Account_0e846_ahv_0-251004-112505_key1_h7zvi_ahv_0-251004-112505_value1_1_h7zvi_538825
2026-02-02 05:15:06 - create_budget - INFO - [API REQUEST] POST https://ncm.services.nconprem-10-53-60-173.ccpnx.com/v1/cg/global/budgets
2026-02-02 05:15:06 - create_budget - INFO - [REQUEST DATA PAYLOAD] {"budgetName": "budget_1_CC_HomePC_Account_0e846_ahv_0-251004-112505_key1_h7zvi_ahv_0-251004-112505_value1_1_h7zvi_538825", "financialYearStartMonth": "10", "resourceGroups": {"costCenters": ["90d382b9-f841-46f2-9b94-c0647a9df1f7"]}, "systemEstimate": true, "budgetAlert": {"configuration": {"monthly": [{"thresholdPercent": 69, "isDisabled": false}], "quarterly": [{"thresholdPercent": 76, "isDisabled": false}], "yearly": [{"thresholdPercent": 92, "isDisabled": false}]}, "recipients": ["sspuser1@systest.nutanix.com"], "isDisabled": false}}
2026-02-02 05:15:07 - create_budget - INFO - [API RESPONSE] POST https://ncm.services.nconprem-10-53-60-173.ccpnx.com/v1/cg/global/budgets
2026-02-02 05:15:07 - create_budget - INFO - [STATUS CODE] 200
2026-02-02 05:15:07 - create_budget - INFO - [TIME TAKEN] 0.5941 seconds (594.07 ms)
2026-02-02 05:15:07 - create_budget - INFO - [RESPONSE CONTENT-TYPE] application/json
2026-02-02 05:15:07 - create_budget - INFO - [RESPONSE PAYLOAD]
{
  "budgetId": "43c0514f-3e4f-407f-a966-1f6432714457"
}
2026-02-02 05:15:07 - create_budget - INFO - ✓ Created budget: budget_1_CC_HomePC_Account_0e846_ahv_0-251004-112505_key1_h7zvi_ahv_0-251004-112505_value1_1_h7zvi_538825
2026-02-02 05:15:07 - create_budget - INFO - [20/219] Creating BU budget: budget_1_Business_Unit_4
2026-02-02 05:15:07 - create_budget - INFO - [API REQUEST] POST https://ncm.services.nconprem-10-53-60-173.ccpnx.com/v1/cg/global/budgets
2026-02-02 05:15:07 - create_budget - INFO - [REQUEST DATA PAYLOAD] {"budgetName": "budget_1_Business_Unit_4", "financialYearStartMonth": "7", "resourceGroups": {"businessUnit": ["56e47fd2-389f-4de6-b42e-a2653e27ce36"]}, "systemEstimate": true, "budgetAlert": {"configuration": {"monthly": [{"thresholdPercent": 72, "isDisabled": false}], "quarterly": [{"thresholdPercent": 79, "isDisabled": false}], "yearly": [{"thresholdPercent": 86, "isDisabled": false}]}, "recipients": ["sspuser1@systest.nutanix.com"], "isDisabled": false}}
2026-02-02 05:15:07 - create_budget - INFO - [API RESPONSE] POST https://ncm.services.nconprem-10-53-60-173.ccpnx.com/v1/cg/global/budgets
2026-02-02 05:15:07 - create_budget - INFO - [STATUS CODE] 500
2026-02-02 05:15:07 - create_budget - INFO - [TIME TAKEN] 0.5629 seconds (562.88 ms)
2026-02-02 05:15:07 - create_budget - INFO - [RESPONSE CONTENT-TYPE] application/json
2026-02-02 05:15:07 - create_budget - INFO - [RESPONSE PAYLOAD]
{
  "errorCode": 990020,
  "errorMessage": "The system encountered an internal error. If the issue persists, please reach out to our support."
}
2026-02-02 05:15:07 - create_budget - ERROR - ✗ Failed to create budget 'budget_1_Business_Unit_4': HTTP 500 - {'errorCode': 990020, 'errorMessage': 'The system encountered an internal error. If the issue persists, please reach out to our support.'}
2026-02-02 05:15:07 - create_budget - INFO - [21/219] Creating CC budget: budget_1_CC_HomePC_Account_0e846_ahv_0-251004-112521_key1_VxDdX_ahv_0-251004-112521_value1_10_VxDdX_538825
2026-02-02 05:15:07 - create_budget - INFO - [API REQUEST] POST https://ncm.services.nconprem-10-53-60-173.ccpnx.com/v1/cg/global/budgets
2026-02-02 05:15:07 - create_budget - INFO - [REQUEST DATA PAYLOAD] {"budgetName": "budget_1_CC_HomePC_Account_0e846_ahv_0-251004-112521_key1_VxDdX_ahv_0-251004-112521_value1_10_VxDdX_538825", "financialYearStartMonth": "3", "resourceGroups": {"costCenters": ["e759d72b-6fce-4131-8abd-d0feb495ca1f"]}, "systemEstimate": true, "budgetAlert": {"configuration": {"monthly": [{"thresholdPercent": 75, "isDisabled": false}], "quarterly": [{"thresholdPercent": 83, "isDisabled": false}], "yearly": [{"thresholdPercent": 93, "isDisabled": false}]}, "recipients": ["sspuser1@systest.nutanix.com"], "isDisabled": false}}
2026-02-02 05:15:08 - create_budget - INFO - [API RESPONSE] POST https://ncm.services.nconprem-10-53-60-173.ccpnx.com/v1/cg/global/budgets
2026-02-02 05:15:08 - create_budget - INFO - [STATUS CODE] 200
2026-02-02 05:15:08 - create_budget - INFO - [TIME TAKEN] 0.4648 seconds (464.77 ms)
2026-02-02 05:15:08 - create_budget - INFO - [RESPONSE CONTENT-TYPE] application/json
2026-02-02 05:15:08 - create_budget - INFO - [RESPONSE PAYLOAD]
{
  "budgetId": "05e7c0b5-4a45-435c-b882-6f47ee736e9e"
}
2026-02-02 05:15:08 - create_budget - INFO - ✓ Created budget: budget_1_CC_HomePC_Account_0e846_ahv_0-251004-112521_key1_VxDdX_ahv_0-251004-112521_value1_10_VxDdX_538825
2026-02-02 05:15:08 - create_budget - INFO - [22/219] Creating CC budget: budget_1_CC_HomePC_Account_0e846_ahv_0-251004-112524_key1_FxJNZ_ahv_0-251004-112524_value1_10_FxJNZ_538825
2026-02-02 05:15:08 - create_budget - INFO - [API REQUEST] POST https://ncm.services.nconprem-10-53-60-173.ccpnx.com/v1/cg/global/budgets
2026-02-02 05:15:08 - create_budget - INFO - [REQUEST DATA PAYLOAD] {"budgetName": "budget_1_CC_HomePC_Account_0e846_ahv_0-251004-112524_key1_FxJNZ_ahv_0-251004-112524_value1_10_FxJNZ_538825", "financialYearStartMonth": "1", "resourceGroups": {"costCenters": ["d3b2df3c-8cb0-4462-8b7e-f3b7980c2c0c"]}, "systemEstimate": true, "budgetAlert": {"configuration": {"monthly": [{"thresholdPercent": 72, "isDisabled": false}], "quarterly": [{"thresholdPercent": 84, "isDisabled": false}], "yearly": [{"thresholdPercent": 90, "isDisabled": false}]}, "recipients": ["sspuser1@systest.nutanix.com"], "isDisabled": false}}
2026-02-02 05:15:08 - create_budget - INFO - [API RESPONSE] POST https://ncm.services.nconprem-10-53-60-173.ccpnx.com/v1/cg/global/budgets
2026-02-02 05:15:08 - create_budget - INFO - [STATUS CODE] 200
2026-02-02 05:15:08 - create_budget - INFO - [TIME TAKEN] 0.5359 seconds (535.94 ms)
2026-02-02 05:15:08 - create_budget - INFO - [RESPONSE CONTENT-TYPE] application/json
2026-02-02 05:15:08 - create_budget - INFO - [RESPONSE PAYLOAD]
{
  "budgetId": "2a96dc0b-289d-4ce3-9a45-b52b3eff8e28"
}
2026-02-02 05:15:08 - create_budget - INFO - ✓ Created budget: budget_1_CC_HomePC_Account_0e846_ahv_0-251004-112524_key1_FxJNZ_ahv_0-251004-112524_value1_10_FxJNZ_538825
2026-02-02 05:15:08 - create_budget - INFO - [23/219] Creating CC budget: budget_1_CC_HomePC_Account_0e846_ahv_0-251004-112507_key1_OXKuE_ahv_0-251004-112507_value1_1_OXKuE_377027
2026-02-02 05:15:08 - create_budget - INFO - [API REQUEST] POST https://ncm.services.nconprem-10-53-60-173.ccpnx.com/v1/cg/global/budgets
2026-02-02 05:15:08 - create_budget - INFO - [REQUEST DATA PAYLOAD] {"budgetName": "budget_1_CC_HomePC_Account_0e846_ahv_0-251004-112507_key1_OXKuE_ahv_0-251004-112507_value1_1_OXKuE_377027", "financialYearStartMonth": "6", "resourceGroups": {"costCenters": ["16a92d6b-582a-4389-bd4f-94c0874cab58"]}, "systemEstimate": true, "budgetAlert": {"configuration": {"monthly": [{"thresholdPercent": 67, "isDisabled": false}], "quarterly": [{"thresholdPercent": 81, "isDisabled": false}], "yearly": [{"thresholdPercent": 91, "isDisabled": false}]}, "recipients": ["sspuser1@systest.nutanix.com"], "isDisabled": false}}
2026-02-02 05:15:09 - create_budget - INFO - [API RESPONSE] POST https://ncm.services.nconprem-10-53-60-173.ccpnx.com/v1/cg/global/budgets
2026-02-02 05:15:09 - create_budget - INFO - [STATUS CODE] 200
2026-02-02 05:15:09 - create_budget - INFO - [TIME TAKEN] 0.5189 seconds (518.87 ms)
2026-02-02 05:15:09 - create_budget - INFO - [RESPONSE CONTENT-TYPE] application/json
2026-02-02 05:15:09 - create_budget - INFO - [RESPONSE PAYLOAD]
{
  "budgetId": "dae05355-93a3-4a21-84ce-ea8db4da1de7"
}
2026-02-02 05:15:09 - create_budget - INFO - ✓ Created budget: budget_1_CC_HomePC_Account_0e846_ahv_0-251004-112507_key1_OXKuE_ahv_0-251004-112507_value1_1_OXKuE_377027
2026-02-02 05:15:09 - create_budget - INFO - [24/219] Creating CC budget: budget_1_CC_HomePC_Account_0e846_ahv_0-251004-112513_key1_hJU4i_ahv_0-251004-112513_value1_1_hJU4i_377027
2026-02-02 05:15:09 - create_budget - INFO - [API REQUEST] POST https://ncm.services.nconprem-10-53-60-173.ccpnx.com/v1/cg/global/budgets
2026-02-02 05:15:09 - create_budget - INFO - [REQUEST DATA PAYLOAD] {"budgetName": "budget_1_CC_HomePC_Account_0e846_ahv_0-251004-112513_key1_hJU4i_ahv_0-251004-112513_value1_1_hJU4i_377027", "financialYearStartMonth": "11", "resourceGroups": {"costCenters": ["5493b9ff-46f7-4090-951a-a95a6237bc9a"]}, "systemEstimate": true, "budgetAlert": {"configuration": {"monthly": [{"thresholdPercent": 74, "isDisabled": false}], "quarterly": [{"thresholdPercent": 85, "isDisabled": false}], "yearly": [{"thresholdPercent": 90, "isDisabled": false}]}, "recipients": ["sspuser1@systest.nutanix.com"], "isDisabled": false}}
2026-02-02 05:15:10 - create_budget - INFO - [API RESPONSE] POST https://ncm.services.nconprem-10-53-60-173.ccpnx.com/v1/cg/global/budgets
2026-02-02 05:15:10 - create_budget - INFO - [STATUS CODE] 200
2026-02-02 05:15:10 - create_budget - INFO - [TIME TAKEN] 0.7297 seconds (729.67 ms)
2026-02-02 05:15:10 - create_budget - INFO - [RESPONSE CONTENT-TYPE] application/json
2026-02-02 05:15:10 - create_budget - INFO - [RESPONSE PAYLOAD]
{
  "budgetId": "a15b59b5-fa80-473e-8b8d-9814c52b3e54"
}
2026-02-02 05:15:10 - create_budget - INFO - ✓ Created budget: budget_1_CC_HomePC_Account_0e846_ahv_0-251004-112513_key1_hJU4i_ahv_0-251004-112513_value1_1_hJU4i_377027
2026-02-02 05:15:10 - create_budget - INFO - [25/219] Creating CC budget: budget_1_CC_HomePC_Account_0e846_ahv_0-251004-112533_key1_GOxLS_ahv_0-251004-112533_value1_10_GOxLS_538825
2026-02-02 05:15:10 - create_budget - INFO - [API REQUEST] POST https://ncm.services.nconprem-10-53-60-173.ccpnx.com/v1/cg/global/budgets
2026-02-02 05:15:10 - create_budget - INFO - [REQUEST DATA PAYLOAD] {"budgetName": "budget_1_CC_HomePC_Account_0e846_ahv_0-251004-112533_key1_GOxLS_ahv_0-251004-112533_value1_10_GOxLS_538825", "financialYearStartMonth": "7", "resourceGroups": {"costCenters": ["82b581f7-26b8-4129-a54b-627be1ac994b"]}, "systemEstimate": true, "budgetAlert": {"configuration": {"monthly": [{"thresholdPercent": 65, "isDisabled": false}], "quarterly": [{"thresholdPercent": 77, "isDisabled": false}], "yearly": [{"thresholdPercent": 91, "isDisabled": false}]}, "recipients": ["sspuser1@systest.nutanix.com"], "isDisabled": false}}
2026-02-02 05:15:10 - create_budget - INFO - [API RESPONSE] POST https://ncm.services.nconprem-10-53-60-173.ccpnx.com/v1/cg/global/budgets
2026-02-02 05:15:10 - create_budget - INFO - [STATUS CODE] 200
2026-02-02 05:15:10 - create_budget - INFO - [TIME TAKEN] 0.4766 seconds (476.63 ms)
2026-02-02 05:15:10 - create_budget - INFO - [RESPONSE CONTENT-TYPE] application/json
2026-02-02 05:15:10 - create_budget - INFO - [RESPONSE PAYLOAD]
{
  "budgetId": "80b7c672-9703-4a67-8ab7-a8c1db16b3a5"
}
2026-02-02 05:15:10 - create_budget - INFO - ✓ Created budget: budget_1_CC_HomePC_Account_0e846_ahv_0-251004-112533_key1_GOxLS_ahv_0-251004-112533_value1_10_GOxLS_538825
2026-02-02 05:15:10 - create_budget - INFO - [26/219] Creating BU budget: budget_1_Business_Unit_5
2026-02-02 05:15:10 - create_budget - INFO - [API REQUEST] POST https://ncm.services.nconprem-10-53-60-173.ccpnx.com/v1/cg/global/budgets
2026-02-02 05:15:10 - create_budget - INFO - [REQUEST DATA PAYLOAD] {"budgetName": "budget_1_Business_Unit_5", "financialYearStartMonth": "3", "resourceGroups": {"businessUnit": ["1d924685-df3c-40ff-9c06-3adf21e93455"]}, "systemEstimate": true, "budgetAlert": {"configuration": {"monthly": [{"thresholdPercent": 70, "isDisabled": false}], "quarterly": [{"thresholdPercent": 75, "isDisabled": false}], "yearly": [{"thresholdPercent": 85, "isDisabled": false}]}, "recipients": ["sspuser1@systest.nutanix.com"], "isDisabled": false}}
2026-02-02 05:15:11 - create_budget - INFO - [API RESPONSE] POST https://ncm.services.nconprem-10-53-60-173.ccpnx.com/v1/cg/global/budgets
2026-02-02 05:15:11 - create_budget - INFO - [STATUS CODE] 500
2026-02-02 05:15:11 - create_budget - INFO - [TIME TAKEN] 0.4335 seconds (433.51 ms)
2026-02-02 05:15:11 - create_budget - INFO - [RESPONSE CONTENT-TYPE] application/json
2026-02-02 05:15:11 - create_budget - INFO - [RESPONSE PAYLOAD]
{
  "errorCode": 990020,
  "errorMessage": "The system encountered an internal error. If the issue persists, please reach out to our support."
}
2026-02-02 05:15:11 - create_budget - ERROR - ✗ Failed to create budget 'budget_1_Business_Unit_5': HTTP 500 - {'errorCode': 990020, 'errorMessage': 'The system encountered an internal error. If the issue persists, please reach out to our support.'}
2026-02-02 05:15:11 - create_budget - INFO - [27/219] Creating CC budget: budget_1_CC_HomePC_Account_0e846_ahv_0-251004-112543_key1_cWNZI_ahv_0-251004-112543_value1_2_cWNZI_538825
2026-02-02 05:15:11 - create_budget - INFO - [API REQUEST] POST https://ncm.services.nconprem-10-53-60-173.ccpnx.com/v1/cg/global/budgets
2026-02-02 05:15:11 - create_budget - INFO - [REQUEST DATA PAYLOAD] {"budgetName": "budget_1_CC_HomePC_Account_0e846_ahv_0-251004-112543_key1_cWNZI_ahv_0-251004-112543_value1_2_cWNZI_538825", "financialYearStartMonth": "1", "resourceGroups": {"costCenters": ["cde176a4-bfbb-46da-a40b-30727c8d7853"]}, "systemEstimate": true, "budgetAlert": {"configuration": {"monthly": [{"thresholdPercent": 68, "isDisabled": false}], "quarterly": [{"thresholdPercent": 84, "isDisabled": false}], "yearly": [{"thresholdPercent": 85, "isDisabled": false}]}, "recipients": ["sspuser1@systest.nutanix.com"], "isDisabled": false}}
2026-02-02 05:15:11 - create_budget - INFO - [API RESPONSE] POST https://ncm.services.nconprem-10-53-60-173.ccpnx.com/v1/cg/global/budgets
2026-02-02 05:15:11 - create_budget - INFO - [STATUS CODE] 200
2026-02-02 05:15:11 - create_budget - INFO - [TIME TAKEN] 0.3848 seconds (384.84 ms)
2026-02-02 05:15:11 - create_budget - INFO - [RESPONSE CONTENT-TYPE] application/json
2026-02-02 05:15:11 - create_budget - INFO - [RESPONSE PAYLOAD]
{
  "budgetId": "0f2eca01-eb1e-4430-becc-4b428dd6c1e5"
}
2026-02-02 05:15:11 - create_budget - INFO - ✓ Created budget: budget_1_CC_HomePC_Account_0e846_ahv_0-251004-112543_key1_cWNZI_ahv_0-251004-112543_value1_2_cWNZI_538825
2026-02-02 05:15:11 - create_budget - INFO - [28/219] Creating CC budget: budget_1_CC_HomePC_Account_0e846_ahv_0-251004-112549_key1_jePTb_ahv_0-251004-112549_value1_4_jePTb_538825
2026-02-02 05:15:11 - create_budget - INFO - [API REQUEST] POST https://ncm.services.nconprem-10-53-60-173.ccpnx.com/v1/cg/global/budgets
2026-02-02 05:15:11 - create_budget - INFO - [REQUEST DATA PAYLOAD] {"budgetName": "budget_1_CC_HomePC_Account_0e846_ahv_0-251004-112549_key1_jePTb_ahv_0-251004-112549_value1_4_jePTb_538825", "financialYearStartMonth": "6", "resourceGroups": {"costCenters": ["48e2908c-d0d3-47d4-a9d5-db278476d768"]}, "systemEstimate": true, "budgetAlert": {"configuration": {"monthly": [{"thresholdPercent": 71, "isDisabled": false}], "quarterly": [{"thresholdPercent": 78, "isDisabled": false}], "yearly": [{"thresholdPercent": 86, "isDisabled": false}]}, "recipients": ["sspuser1@systest.nutanix.com"], "isDisabled": false}}
2026-02-02 05:15:11 - create_budget - INFO - [API RESPONSE] POST https://ncm.services.nconprem-10-53-60-173.ccpnx.com/v1/cg/global/budgets
2026-02-02 05:15:11 - create_budget - INFO - [STATUS CODE] 200
2026-02-02 05:15:11 - create_budget - INFO - [TIME TAKEN] 0.5128 seconds (512.84 ms)
2026-02-02 05:15:11 - create_budget - INFO - [RESPONSE CONTENT-TYPE] application/json
2026-02-02 05:15:11 - create_budget - INFO - [RESPONSE PAYLOAD]
{
  "budgetId": "6594b650-e01c-4ec4-ba32-deacc7296c55"
}
2026-02-02 05:15:11 - create_budget - INFO - ✓ Created budget: budget_1_CC_HomePC_Account_0e846_ahv_0-251004-112549_key1_jePTb_ahv_0-251004-112549_value1_4_jePTb_538825
2026-02-02 05:15:11 - create_budget - INFO - [29/219] Creating CC budget: budget_1_CC_HomePC_Account_0e846_ahv_0-251004-112538_key1_8T3pf_ahv_0-251004-112538_value1_10_8T3pf_538825
2026-02-02 05:15:11 - create_budget - INFO - [API REQUEST] POST https://ncm.services.nconprem-10-53-60-173.ccpnx.com/v1/cg/global/budgets
2026-02-02 05:15:11 - create_budget - INFO - [REQUEST DATA PAYLOAD] {"budgetName": "budget_1_CC_HomePC_Account_0e846_ahv_0-251004-112538_key1_8T3pf_ahv_0-251004-112538_value1_10_8T3pf_538825", "financialYearStartMonth": "7", "resourceGroups": {"costCenters": ["4d895752-651d-44f2-8da5-3e9abb6966de"]}, "systemEstimate": true, "budgetAlert": {"configuration": {"monthly": [{"thresholdPercent": 67, "isDisabled": false}], "quarterly": [{"thresholdPercent": 80, "isDisabled": false}], "yearly": [{"thresholdPercent": 85, "isDisabled": false}]}, "recipients": ["sspuser1@systest.nutanix.com"], "isDisabled": false}}
2026-02-02 05:15:12 - create_budget - INFO - [API RESPONSE] POST https://ncm.services.nconprem-10-53-60-173.ccpnx.com/v1/cg/global/budgets
2026-02-02 05:15:12 - create_budget - INFO - [STATUS CODE] 200
2026-02-02 05:15:12 - create_budget - INFO - [TIME TAKEN] 0.3818 seconds (381.82 ms)
2026-02-02 05:15:12 - create_budget - INFO - [RESPONSE CONTENT-TYPE] application/json
2026-02-02 05:15:12 - create_budget - INFO - [RESPONSE PAYLOAD]
{
  "budgetId": "802911b4-1140-4863-a157-88b11e23f1d4"
}
2026-02-02 05:15:12 - create_budget - INFO - ✓ Created budget: budget_1_CC_HomePC_Account_0e846_ahv_0-251004-112538_key1_8T3pf_ahv_0-251004-112538_value1_10_8T3pf_538825
2026-02-02 05:15:12 - create_budget - INFO - [30/219] Creating CC budget: budget_1_CC_HomePC_Account_0e846_ahv_0-251004-112557_key1_jW5Pe_ahv_0-251004-112557_value1_10_jW5Pe_538825
2026-02-02 05:15:12 - create_budget - INFO - [API REQUEST] POST https://ncm.services.nconprem-10-53-60-173.ccpnx.com/v1/cg/global/budgets
2026-02-02 05:15:12 - create_budget - INFO - [REQUEST DATA PAYLOAD] {"budgetName": "budget_1_CC_HomePC_Account_0e846_ahv_0-251004-112557_key1_jW5Pe_ahv_0-251004-112557_value1_10_jW5Pe_538825", "financialYearStartMonth": "7", "resourceGroups": {"costCenters": ["9bbf35fd-9b95-4a39-aca6-59344a363616"]}, "systemEstimate": true, "budgetAlert": {"configuration": {"monthly": [{"thresholdPercent": 68, "isDisabled": false}], "quarterly": [{"thresholdPercent": 85, "isDisabled": false}], "yearly": [{"thresholdPercent": 86, "isDisabled": false}]}, "recipients": ["sspuser1@systest.nutanix.com"], "isDisabled": false}}
2026-02-02 05:15:12 - create_budget - INFO - [API RESPONSE] POST https://ncm.services.nconprem-10-53-60-173.ccpnx.com/v1/cg/global/budgets
2026-02-02 05:15:12 - create_budget - INFO - [STATUS CODE] 200
2026-02-02 05:15:12 - create_budget - INFO - [TIME TAKEN] 0.3081 seconds (308.06 ms)
2026-02-02 05:15:12 - create_budget - INFO - [RESPONSE CONTENT-TYPE] application/json
2026-02-02 05:15:12 - create_budget - INFO - [RESPONSE PAYLOAD]
{
  "budgetId": "e5aa6ddf-4b43-4f42-a520-ddcc172579be"
}
2026-02-02 05:15:12 - create_budget - INFO - ✓ Created budget: budget_1_CC_HomePC_Account_0e846_ahv_0-251004-112557_key1_jW5Pe_ahv_0-251004-112557_value1_10_jW5Pe_538825
2026-02-02 05:15:12 - create_budget - INFO - [31/219] Creating CC budget: budget_1_CC_HomePC_Account_0e846_ahv_0-251004-112558_key1_Rvw5V_ahv_0-251004-112558_value1_1_Rvw5V_538825
2026-02-02 05:15:12 - create_budget - INFO - [API REQUEST] POST https://ncm.services.nconprem-10-53-60-173.ccpnx.com/v1/cg/global/budgets
2026-02-02 05:15:12 - create_budget - INFO - [REQUEST DATA PAYLOAD] {"budgetName": "budget_1_CC_HomePC_Account_0e846_ahv_0-251004-112558_key1_Rvw5V_ahv_0-251004-112558_value1_1_Rvw5V_538825", "financialYearStartMonth": "10", "resourceGroups": {"costCenters": ["0d2799ae-b73f-4497-8b6f-d928fc31815f"]}, "systemEstimate": true, "budgetAlert": {"configuration": {"monthly": [{"thresholdPercent": 72, "isDisabled": false}], "quarterly": [{"thresholdPercent": 85, "isDisabled": false}], "yearly": [{"thresholdPercent": 91, "isDisabled": false}]}, "recipients": ["sspuser1@systest.nutanix.com"], "isDisabled": false}}
2026-02-02 05:15:13 - create_budget - INFO - [API RESPONSE] POST https://ncm.services.nconprem-10-53-60-173.ccpnx.com/v1/cg/global/budgets
2026-02-02 05:15:13 - create_budget - INFO - [STATUS CODE] 200
2026-02-02 05:15:13 - create_budget - INFO - [TIME TAKEN] 0.4241 seconds (424.09 ms)
2026-02-02 05:15:13 - create_budget - INFO - [RESPONSE CONTENT-TYPE] application/json
2026-02-02 05:15:13 - create_budget - INFO - [RESPONSE PAYLOAD]
{
  "budgetId": "66e2bb6b-f198-4628-8f16-d591fb1735a1"
}
2026-02-02 05:15:13 - create_budget - INFO - ✓ Created budget: budget_1_CC_HomePC_Account_0e846_ahv_0-251004-112558_key1_Rvw5V_ahv_0-251004-112558_value1_1_Rvw5V_538825
2026-02-02 05:15:13 - create_budget - INFO - [32/219] Creating BU budget: budget_1_Business_Unit_6
2026-02-02 05:15:13 - create_budget - INFO - [API REQUEST] POST https://ncm.services.nconprem-10-53-60-173.ccpnx.com/v1/cg/global/budgets
2026-02-02 05:15:13 - create_budget - INFO - [REQUEST DATA PAYLOAD] {"budgetName": "budget_1_Business_Unit_6", "financialYearStartMonth": "12", "resourceGroups": {"businessUnit": ["d3d68b7c-6df0-48c1-843a-43c34e64e7d0"]}, "systemEstimate": true, "budgetAlert": {"configuration": {"monthly": [{"thresholdPercent": 74, "isDisabled": false}], "quarterly": [{"thresholdPercent": 83, "isDisabled": false}], "yearly": [{"thresholdPercent": 91, "isDisabled": false}]}, "recipients": ["sspuser1@systest.nutanix.com"], "isDisabled": false}}
2026-02-02 05:15:13 - create_budget - INFO - [API RESPONSE] POST https://ncm.services.nconprem-10-53-60-173.ccpnx.com/v1/cg/global/budgets
2026-02-02 05:15:13 - create_budget - INFO - [STATUS CODE] 500
2026-02-02 05:15:13 - create_budget - INFO - [TIME TAKEN] 0.3275 seconds (327.46 ms)
2026-02-02 05:15:13 - create_budget - INFO - [RESPONSE CONTENT-TYPE] application/json
2026-02-02 05:15:13 - create_budget - INFO - [RESPONSE PAYLOAD]
{
  "errorCode": 990020,
  "errorMessage": "The system encountered an internal error. If the issue persists, please reach out to our support."
}
2026-02-02 05:15:13 - create_budget - ERROR - ✗ Failed to create budget 'budget_1_Business_Unit_6': HTTP 500 - {'errorCode': 990020, 'errorMessage': 'The system encountered an internal error. If the issue persists, please reach out to our support.'}
2026-02-02 05:15:13 - create_budget - INFO - [33/219] Creating CC budget: budget_1_CC_HomePC_Account_0e846_ahv_0-251004-112606_key1_tZ7F6_ahv_0-251004-112606_value1_2_tZ7F6_538825
2026-02-02 05:15:13 - create_budget - INFO - [API REQUEST] POST https://ncm.services.nconprem-10-53-60-173.ccpnx.com/v1/cg/global/budgets
2026-02-02 05:15:13 - create_budget - INFO - [REQUEST DATA PAYLOAD] {"budgetName": "budget_1_CC_HomePC_Account_0e846_ahv_0-251004-112606_key1_tZ7F6_ahv_0-251004-112606_value1_2_tZ7F6_538825", "financialYearStartMonth": "3", "resourceGroups": {"costCenters": ["073a7a6a-a369-4ac1-b7d7-fa36edcfbdbd"]}, "systemEstimate": true, "budgetAlert": {"configuration": {"monthly": [{"thresholdPercent": 71, "isDisabled": false}], "quarterly": [{"thresholdPercent": 84, "isDisabled": false}], "yearly": [{"thresholdPercent": 85, "isDisabled": false}]}, "recipients": ["sspuser1@systest.nutanix.com"], "isDisabled": false}}
2026-02-02 05:15:13 - create_budget - INFO - [API RESPONSE] POST https://ncm.services.nconprem-10-53-60-173.ccpnx.com/v1/cg/global/budgets
2026-02-02 05:15:13 - create_budget - INFO - [STATUS CODE] 200
2026-02-02 05:15:13 - create_budget - INFO - [TIME TAKEN] 0.4702 seconds (470.21 ms)
2026-02-02 05:15:13 - create_budget - INFO - [RESPONSE CONTENT-TYPE] application/json
2026-02-02 05:15:13 - create_budget - INFO - [RESPONSE PAYLOAD]
{
  "budgetId": "ab41acf8-1975-4986-8890-b5c4e261068c"
}
2026-02-02 05:15:13 - create_budget - INFO - ✓ Created budget: budget_1_CC_HomePC_Account_0e846_ahv_0-251004-112606_key1_tZ7F6_ahv_0-251004-112606_value1_2_tZ7F6_538825
2026-02-02 05:15:13 - create_budget - INFO - [34/219] Creating CC budget: budget_1_CC_HomePC_Account_0e846_ahv_0-251004-112618_key1_7aFgy_ahv_0-251004-112618_value1_1_7aFgy_538825
2026-02-02 05:15:13 - create_budget - INFO - [API REQUEST] POST https://ncm.services.nconprem-10-53-60-173.ccpnx.com/v1/cg/global/budgets
2026-02-02 05:15:13 - create_budget - INFO - [REQUEST DATA PAYLOAD] {"budgetName": "budget_1_CC_HomePC_Account_0e846_ahv_0-251004-112618_key1_7aFgy_ahv_0-251004-112618_value1_1_7aFgy_538825", "financialYearStartMonth": "10", "resourceGroups": {"costCenters": ["315c6d33-9030-46c3-8932-890acc971389"]}, "systemEstimate": true, "budgetAlert": {"configuration": {"monthly": [{"thresholdPercent": 65, "isDisabled": false}], "quarterly": [{"thresholdPercent": 81, "isDisabled": false}], "yearly": [{"thresholdPercent": 95, "isDisabled": false}]}, "recipients": ["sspuser1@systest.nutanix.com"], "isDisabled": false}}
2026-02-02 05:15:14 - create_budget - INFO - [API RESPONSE] POST https://ncm.services.nconprem-10-53-60-173.ccpnx.com/v1/cg/global/budgets
2026-02-02 05:15:14 - create_budget - INFO - [STATUS CODE] 200
2026-02-02 05:15:14 - create_budget - INFO - [TIME TAKEN] 0.3155 seconds (315.50 ms)
2026-02-02 05:15:14 - create_budget - INFO - [RESPONSE CONTENT-TYPE] application/json
2026-02-02 05:15:14 - create_budget - INFO - [RESPONSE PAYLOAD]
{
  "budgetId": "6da1734e-67d6-4e77-8b8f-61733028e912"
}
2026-02-02 05:15:14 - create_budget - INFO - ✓ Created budget: budget_1_CC_HomePC_Account_0e846_ahv_0-251004-112618_key1_7aFgy_ahv_0-251004-112618_value1_1_7aFgy_538825
2026-02-02 05:15:14 - create_budget - INFO - [35/219] Creating CC budget: budget_1_CC_HomePC_Account_0e846_ahv_0-251004-112615_key1_JyWLu_ahv_0-251004-112615_value1_4_JyWLu_538825
2026-02-02 05:15:14 - create_budget - INFO - [API REQUEST] POST https://ncm.services.nconprem-10-53-60-173.ccpnx.com/v1/cg/global/budgets
2026-02-02 05:15:14 - create_budget - INFO - [REQUEST DATA PAYLOAD] {"budgetName": "budget_1_CC_HomePC_Account_0e846_ahv_0-251004-112615_key1_JyWLu_ahv_0-251004-112615_value1_4_JyWLu_538825", "financialYearStartMonth": "5", "resourceGroups": {"costCenters": ["cb6bbfda-193a-44be-8772-98f18582a6d9"]}, "systemEstimate": true, "budgetAlert": {"configuration": {"monthly": [{"thresholdPercent": 69, "isDisabled": false}], "quarterly": [{"thresholdPercent": 81, "isDisabled": false}], "yearly": [{"thresholdPercent": 93, "isDisabled": false}]}, "recipients": ["sspuser1@systest.nutanix.com"], "isDisabled": false}}
2026-02-02 05:15:14 - create_budget - INFO - [API RESPONSE] POST https://ncm.services.nconprem-10-53-60-173.ccpnx.com/v1/cg/global/budgets
2026-02-02 05:15:14 - create_budget - INFO - [STATUS CODE] 200
2026-02-02 05:15:14 - create_budget - INFO - [TIME TAKEN] 0.2712 seconds (271.24 ms)
2026-02-02 05:15:14 - create_budget - INFO - [RESPONSE CONTENT-TYPE] application/json
2026-02-02 05:15:14 - create_budget - INFO - [RESPONSE PAYLOAD]
{
  "budgetId": "021ef8d3-6640-4caf-8b5a-083e7bbc6123"
}
2026-02-02 05:15:14 - create_budget - INFO - ✓ Created budget: budget_1_CC_HomePC_Account_0e846_ahv_0-251004-112615_key1_JyWLu_ahv_0-251004-112615_value1_4_JyWLu_538825
2026-02-02 05:15:14 - create_budget - INFO - [36/219] Creating CC budget: budget_1_CC_HomePC_Account_0e846_ahv_0-251004-112632_key1_OWnlM_ahv_0-251004-112632_value1_1_OWnlM_538825
2026-02-02 05:15:14 - create_budget - INFO - [API REQUEST] POST https://ncm.services.nconprem-10-53-60-173.ccpnx.com/v1/cg/global/budgets
2026-02-02 05:15:14 - create_budget - INFO - [REQUEST DATA PAYLOAD] {"budgetName": "budget_1_CC_HomePC_Account_0e846_ahv_0-251004-112632_key1_OWnlM_ahv_0-251004-112632_value1_1_OWnlM_538825", "financialYearStartMonth": "11", "resourceGroups": {"costCenters": ["cc7aa0b4-97c6-4c05-923e-9bdaf1658122"]}, "systemEstimate": true, "budgetAlert": {"configuration": {"monthly": [{"thresholdPercent": 67, "isDisabled": false}], "quarterly": [{"thresholdPercent": 80, "isDisabled": false}], "yearly": [{"thresholdPercent": 95, "isDisabled": false}]}, "recipients": ["sspuser1@systest.nutanix.com"], "isDisabled": false}}
2026-02-02 05:15:14 - create_budget - INFO - [API RESPONSE] POST https://ncm.services.nconprem-10-53-60-173.ccpnx.com/v1/cg/global/budgets
2026-02-02 05:15:14 - create_budget - INFO - [STATUS CODE] 200
2026-02-02 05:15:14 - create_budget - INFO - [TIME TAKEN] 0.2582 seconds (258.15 ms)
2026-02-02 05:15:14 - create_budget - INFO - [RESPONSE CONTENT-TYPE] application/json
2026-02-02 05:15:14 - create_budget - INFO - [RESPONSE PAYLOAD]
{
  "budgetId": "41f437ea-9c6b-4a41-8c2e-8dad4a982fcf"
}
2026-02-02 05:15:14 - create_budget - INFO - ✓ Created budget: budget_1_CC_HomePC_Account_0e846_ahv_0-251004-112632_key1_OWnlM_ahv_0-251004-112632_value1_1_OWnlM_538825
2026-02-02 05:15:14 - create_budget - INFO - [37/219] Creating CC budget: budget_1_CC_HomePC_Account_0e846_ahv_0-251004-112635_key1_zXZb6_ahv_0-251004-112635_value1_3_zXZb6_538825
2026-02-02 05:15:14 - create_budget - INFO - [API REQUEST] POST https://ncm.services.nconprem-10-53-60-173.ccpnx.com/v1/cg/global/budgets
2026-02-02 05:15:14 - create_budget - INFO - [REQUEST DATA PAYLOAD] {"budgetName": "budget_1_CC_HomePC_Account_0e846_ahv_0-251004-112635_key1_zXZb6_ahv_0-251004-112635_value1_3_zXZb6_538825", "financialYearStartMonth": "11", "resourceGroups": {"costCenters": ["676ca4c0-f90f-499b-9316-2a0ab22afcb6"]}, "systemEstimate": true, "budgetAlert": {"configuration": {"monthly": [{"thresholdPercent": 73, "isDisabled": false}], "quarterly": [{"thresholdPercent": 79, "isDisabled": false}], "yearly": [{"thresholdPercent": 93, "isDisabled": false}]}, "recipients": ["sspuser1@systest.nutanix.com"], "isDisabled": false}}
2026-02-02 05:15:15 - create_budget - INFO - [API RESPONSE] POST https://ncm.services.nconprem-10-53-60-173.ccpnx.com/v1/cg/global/budgets
2026-02-02 05:15:15 - create_budget - INFO - [STATUS CODE] 200
2026-02-02 05:15:15 - create_budget - INFO - [TIME TAKEN] 0.2721 seconds (272.06 ms)
2026-02-02 05:15:15 - create_budget - INFO - [RESPONSE CONTENT-TYPE] application/json
2026-02-02 05:15:15 - create_budget - INFO - [RESPONSE PAYLOAD]
{
  "budgetId": "f67475c2-0d66-4e2e-a4fa-18e8139001e4"
}
2026-02-02 05:15:15 - create_budget - INFO - ✓ Created budget: budget_1_CC_HomePC_Account_0e846_ahv_0-251004-112635_key1_zXZb6_ahv_0-251004-112635_value1_3_zXZb6_538825
2026-02-02 05:15:15 - create_budget - INFO - [38/219] Creating BU budget: budget_1_Business_Unit_7
2026-02-02 05:15:15 - create_budget - INFO - [API REQUEST] POST https://ncm.services.nconprem-10-53-60-173.ccpnx.com/v1/cg/global/budgets
2026-02-02 05:15:15 - create_budget - INFO - [REQUEST DATA PAYLOAD] {"budgetName": "budget_1_Business_Unit_7", "financialYearStartMonth": "4", "resourceGroups": {"businessUnit": ["b18392d1-4fb9-4220-bd93-b3622520e0a9"]}, "systemEstimate": true, "budgetAlert": {"configuration": {"monthly": [{"thresholdPercent": 69, "isDisabled": false}], "quarterly": [{"thresholdPercent": 80, "isDisabled": false}], "yearly": [{"thresholdPercent": 90, "isDisabled": false}]}, "recipients": ["sspuser1@systest.nutanix.com"], "isDisabled": false}}
2026-02-02 05:15:15 - create_budget - INFO - [API RESPONSE] POST https://ncm.services.nconprem-10-53-60-173.ccpnx.com/v1/cg/global/budgets
2026-02-02 05:15:15 - create_budget - INFO - [STATUS CODE] 500
2026-02-02 05:15:15 - create_budget - INFO - [TIME TAKEN] 0.2613 seconds (261.30 ms)
2026-02-02 05:15:15 - create_budget - INFO - [RESPONSE CONTENT-TYPE] application/json
2026-02-02 05:15:15 - create_budget - INFO - [RESPONSE PAYLOAD]
{
  "errorCode": 990020,
  "errorMessage": "The system encountered an internal error. If the issue persists, please reach out to our support."
}
2026-02-02 05:15:15 - create_budget - ERROR - ✗ Failed to create budget 'budget_1_Business_Unit_7': HTTP 500 - {'errorCode': 990020, 'errorMessage': 'The system encountered an internal error. If the issue persists, please reach out to our support.'}
2026-02-02 05:15:15 - create_budget - INFO - [39/219] Creating CC budget: budget_1_CC_HomePC_Account_0e846_ahv_0-251004-112641_key1_WlNEz_ahv_0-251004-112641_value1_2_WlNEz_538825
2026-02-02 05:15:15 - create_budget - INFO - [API REQUEST] POST https://ncm.services.nconprem-10-53-60-173.ccpnx.com/v1/cg/global/budgets
2026-02-02 05:15:15 - create_budget - INFO - [REQUEST DATA PAYLOAD] {"budgetName": "budget_1_CC_HomePC_Account_0e846_ahv_0-251004-112641_key1_WlNEz_ahv_0-251004-112641_value1_2_WlNEz_538825", "financialYearStartMonth": "3", "resourceGroups": {"costCenters": ["9c61cd93-4a4c-4e70-afb3-4725f55a434c"]}, "systemEstimate": true, "budgetAlert": {"configuration": {"monthly": [{"thresholdPercent": 75, "isDisabled": false}], "quarterly": [{"thresholdPercent": 80, "isDisabled": false}], "yearly": [{"thresholdPercent": 91, "isDisabled": false}]}, "recipients": ["sspuser1@systest.nutanix.com"], "isDisabled": false}}
2026-02-02 05:15:15 - create_budget - INFO - [API RESPONSE] POST https://ncm.services.nconprem-10-53-60-173.ccpnx.com/v1/cg/global/budgets
2026-02-02 05:15:15 - create_budget - INFO - [STATUS CODE] 200
2026-02-02 05:15:15 - create_budget - INFO - [TIME TAKEN] 0.3056 seconds (305.58 ms)
2026-02-02 05:15:15 - create_budget - INFO - [RESPONSE CONTENT-TYPE] application/json
2026-02-02 05:15:15 - create_budget - INFO - [RESPONSE PAYLOAD]
{
  "budgetId": "63e25407-4484-4108-b34e-2f6b7d68154f"
}
2026-02-02 05:15:15 - create_budget - INFO - ✓ Created budget: budget_1_CC_HomePC_Account_0e846_ahv_0-251004-112641_key1_WlNEz_ahv_0-251004-112641_value1_2_WlNEz_538825
2026-02-02 05:15:15 - create_budget - INFO - [40/219] Creating CC budget: budget_1_CC_HomePC_Account_0e846_ahv_0-251004-112707_key1_24wOh_ahv_0-251004-112707_value1_1_24wOh_377027
2026-02-02 05:15:15 - create_budget - INFO - [API REQUEST] POST https://ncm.services.nconprem-10-53-60-173.ccpnx.com/v1/cg/global/budgets
2026-02-02 05:15:15 - create_budget - INFO - [REQUEST DATA PAYLOAD] {"budgetName": "budget_1_CC_HomePC_Account_0e846_ahv_0-251004-112707_key1_24wOh_ahv_0-251004-112707_value1_1_24wOh_377027", "financialYearStartMonth": "10", "resourceGroups": {"costCenters": ["194f862e-2bbe-4551-b2cd-721aa461e084"]}, "systemEstimate": true, "budgetAlert": {"configuration": {"monthly": [{"thresholdPercent": 73, "isDisabled": false}], "quarterly": [{"thresholdPercent": 82, "isDisabled": false}], "yearly": [{"thresholdPercent": 89, "isDisabled": false}]}, "recipients": ["sspuser1@systest.nutanix.com"], "isDisabled": false}}
2026-02-02 05:15:15 - create_budget - INFO - [API RESPONSE] POST https://ncm.services.nconprem-10-53-60-173.ccpnx.com/v1/cg/global/budgets
2026-02-02 05:15:15 - create_budget - INFO - [STATUS CODE] 200
2026-02-02 05:15:15 - create_budget - INFO - [TIME TAKEN] 0.2957 seconds (295.71 ms)
2026-02-02 05:15:15 - create_budget - INFO - [RESPONSE CONTENT-TYPE] application/json
2026-02-02 05:15:15 - create_budget - INFO - [RESPONSE PAYLOAD]
{
  "budgetId": "2a3c772d-06e6-445f-a327-a0d0f5e5462c"
}
2026-02-02 05:15:15 - create_budget - INFO - ✓ Created budget: budget_1_CC_HomePC_Account_0e846_ahv_0-251004-112707_key1_24wOh_ahv_0-251004-112707_value1_1_24wOh_377027
2026-02-02 05:15:15 - create_budget - INFO - [41/219] Creating CC budget: budget_1_CC_HomePC_Account_0e846_ahv_0-251004-112648_key1_sZQeA_ahv_0-251004-112648_value1_4_sZQeA_377027
2026-02-02 05:15:15 - create_budget - INFO - [API REQUEST] POST https://ncm.services.nconprem-10-53-60-173.ccpnx.com/v1/cg/global/budgets
2026-02-02 05:15:15 - create_budget - INFO - [REQUEST DATA PAYLOAD] {"budgetName": "budget_1_CC_HomePC_Account_0e846_ahv_0-251004-112648_key1_sZQeA_ahv_0-251004-112648_value1_4_sZQeA_377027", "financialYearStartMonth": "4", "resourceGroups": {"costCenters": ["6a85e6b5-f887-42b0-9467-542bd7df4ec0"]}, "systemEstimate": true, "budgetAlert": {"configuration": {"monthly": [{"thresholdPercent": 74, "isDisabled": false}], "quarterly": [{"thresholdPercent": 82, "isDisabled": false}], "yearly": [{"thresholdPercent": 92, "isDisabled": false}]}, "recipients": ["sspuser1@systest.nutanix.com"], "isDisabled": false}}
2026-02-02 05:15:16 - create_budget - INFO - [API RESPONSE] POST https://ncm.services.nconprem-10-53-60-173.ccpnx.com/v1/cg/global/budgets
2026-02-02 05:15:16 - create_budget - INFO - [STATUS CODE] 200
2026-02-02 05:15:16 - create_budget - INFO - [TIME TAKEN] 0.2793 seconds (279.28 ms)
2026-02-02 05:15:16 - create_budget - INFO - [RESPONSE CONTENT-TYPE] application/json
2026-02-02 05:15:16 - create_budget - INFO - [RESPONSE PAYLOAD]
{
  "budgetId": "7f28f56a-9cb8-4df7-9497-074d57220ae1"
}
2026-02-02 05:15:16 - create_budget - INFO - ✓ Created budget: budget_1_CC_HomePC_Account_0e846_ahv_0-251004-112648_key1_sZQeA_ahv_0-251004-112648_value1_4_sZQeA_377027
2026-02-02 05:15:16 - create_budget - INFO - [42/219] Creating CC budget: budget_1_CC_HomePC_Account_0e846_ahv_0-251004-112659_key1_lFQeM_ahv_0-251004-112659_value1_1_lFQeM_377027
2026-02-02 05:15:16 - create_budget - INFO - [API REQUEST] POST https://ncm.services.nconprem-10-53-60-173.ccpnx.com/v1/cg/global/budgets
2026-02-02 05:15:16 - create_budget - INFO - [REQUEST DATA PAYLOAD] {"budgetName": "budget_1_CC_HomePC_Account_0e846_ahv_0-251004-112659_key1_lFQeM_ahv_0-251004-112659_value1_1_lFQeM_377027", "financialYearStartMonth": "8", "resourceGroups": {"costCenters": ["2961e2fe-3139-4d4f-b9fd-4027105ea66a"]}, "systemEstimate": true, "budgetAlert": {"configuration": {"monthly": [{"thresholdPercent": 68, "isDisabled": false}], "quarterly": [{"thresholdPercent": 83, "isDisabled": false}], "yearly": [{"thresholdPercent": 86, "isDisabled": false}]}, "recipients": ["sspuser1@systest.nutanix.com"], "isDisabled": false}}
2026-02-02 05:15:16 - create_budget - INFO - [API RESPONSE] POST https://ncm.services.nconprem-10-53-60-173.ccpnx.com/v1/cg/global/budgets
2026-02-02 05:15:16 - create_budget - INFO - [STATUS CODE] 200
2026-02-02 05:15:16 - create_budget - INFO - [TIME TAKEN] 0.3047 seconds (304.69 ms)
2026-02-02 05:15:16 - create_budget - INFO - [RESPONSE CONTENT-TYPE] application/json
2026-02-02 05:15:16 - create_budget - INFO - [RESPONSE PAYLOAD]
{
  "budgetId": "b4886c86-e788-40dc-a5b5-fca6b77eacdb"
}
2026-02-02 05:15:16 - create_budget - INFO - ✓ Created budget: budget_1_CC_HomePC_Account_0e846_ahv_0-251004-112659_key1_lFQeM_ahv_0-251004-112659_value1_1_lFQeM_377027
2026-02-02 05:15:16 - create_budget - INFO - [43/219] Creating CC budget: budget_1_CC_HomePC_Account_0e846_ahv_0-251004-112716_key1_y9eB9_ahv_0-251004-112716_value1_1_y9eB9_377027
2026-02-02 05:15:16 - create_budget - INFO - [API REQUEST] POST https://ncm.services.nconprem-10-53-60-173.ccpnx.com/v1/cg/global/budgets
2026-02-02 05:15:16 - create_budget - INFO - [REQUEST DATA PAYLOAD] {"budgetName": "budget_1_CC_HomePC_Account_0e846_ahv_0-251004-112716_key1_y9eB9_ahv_0-251004-112716_value1_1_y9eB9_377027", "financialYearStartMonth": "11", "resourceGroups": {"costCenters": ["c9f9bad5-9a60-4b48-8a49-7291b8378e02"]}, "systemEstimate": true, "budgetAlert": {"configuration": {"monthly": [{"thresholdPercent": 75, "isDisabled": false}], "quarterly": [{"thresholdPercent": 81, "isDisabled": false}], "yearly": [{"thresholdPercent": 89, "isDisabled": false}]}, "recipients": ["sspuser1@systest.nutanix.com"], "isDisabled": false}}
2026-02-02 05:15:16 - create_budget - INFO - [API RESPONSE] POST https://ncm.services.nconprem-10-53-60-173.ccpnx.com/v1/cg/global/budgets
2026-02-02 05:15:16 - create_budget - INFO - [STATUS CODE] 200
2026-02-02 05:15:16 - create_budget - INFO - [TIME TAKEN] 0.3124 seconds (312.38 ms)
2026-02-02 05:15:16 - create_budget - INFO - [RESPONSE CONTENT-TYPE] application/json
2026-02-02 05:15:16 - create_budget - INFO - [RESPONSE PAYLOAD]
{
  "budgetId": "efdb23ad-56cf-4918-8aec-779fadb19de3"
}
2026-02-02 05:15:16 - create_budget - INFO - ✓ Created budget: budget_1_CC_HomePC_Account_0e846_ahv_0-251004-112716_key1_y9eB9_ahv_0-251004-112716_value1_1_y9eB9_377027
2026-02-02 05:15:16 - create_budget - INFO - [44/219] Creating BU budget: budget_1_Business_Unit_8
2026-02-02 05:15:16 - create_budget - INFO - [API REQUEST] POST https://ncm.services.nconprem-10-53-60-173.ccpnx.com/v1/cg/global/budgets
2026-02-02 05:15:16 - create_budget - INFO - [REQUEST DATA PAYLOAD] {"budgetName": "budget_1_Business_Unit_8", "financialYearStartMonth": "7", "resourceGroups": {"businessUnit": ["6af35a8a-8dbe-4f2d-b63b-852787f3d4d6"]}, "systemEstimate": true, "budgetAlert": {"configuration": {"monthly": [{"thresholdPercent": 75, "isDisabled": false}], "quarterly": [{"thresholdPercent": 77, "isDisabled": false}], "yearly": [{"thresholdPercent": 94, "isDisabled": false}]}, "recipients": ["sspuser1@systest.nutanix.com"], "isDisabled": false}}
2026-02-02 05:15:17 - create_budget - INFO - [API RESPONSE] POST https://ncm.services.nconprem-10-53-60-173.ccpnx.com/v1/cg/global/budgets
2026-02-02 05:15:17 - create_budget - INFO - [STATUS CODE] 500
2026-02-02 05:15:17 - create_budget - INFO - [TIME TAKEN] 0.3906 seconds (390.61 ms)
2026-02-02 05:15:17 - create_budget - INFO - [RESPONSE CONTENT-TYPE] application/json
2026-02-02 05:15:17 - create_budget - INFO - [RESPONSE PAYLOAD]
{
  "errorCode": 990020,
  "errorMessage": "The system encountered an internal error. If the issue persists, please reach out to our support."
}
2026-02-02 05:15:17 - create_budget - ERROR - ✗ Failed to create budget 'budget_1_Business_Unit_8': HTTP 500 - {'errorCode': 990020, 'errorMessage': 'The system encountered an internal error. If the issue persists, please reach out to our support.'}
2026-02-02 05:15:17 - create_budget - INFO - [45/219] Creating CC budget: budget_1_CC_HomePC_Account_0e846_ahv_0-251004-112739_key1_qrZ8z_ahv_0-251004-112739_value1_1_qrZ8z_377027
2026-02-02 05:15:17 - create_budget - INFO - [API REQUEST] POST https://ncm.services.nconprem-10-53-60-173.ccpnx.com/v1/cg/global/budgets
2026-02-02 05:15:17 - create_budget - INFO - [REQUEST DATA PAYLOAD] {"budgetName": "budget_1_CC_HomePC_Account_0e846_ahv_0-251004-112739_key1_qrZ8z_ahv_0-251004-112739_value1_1_qrZ8z_377027", "financialYearStartMonth": "7", "resourceGroups": {"costCenters": ["3bd01222-8c0f-4c19-ade3-b35e47214035"]}, "systemEstimate": true, "budgetAlert": {"configuration": {"monthly": [{"thresholdPercent": 69, "isDisabled": false}], "quarterly": [{"thresholdPercent": 83, "isDisabled": false}], "yearly": [{"thresholdPercent": 92, "isDisabled": false}]}, "recipients": ["sspuser1@systest.nutanix.com"], "isDisabled": false}}
2026-02-02 05:15:17 - create_budget - INFO - [API RESPONSE] POST https://ncm.services.nconprem-10-53-60-173.ccpnx.com/v1/cg/global/budgets
2026-02-02 05:15:17 - create_budget - INFO - [STATUS CODE] 200
2026-02-02 05:15:17 - create_budget - INFO - [TIME TAKEN] 0.2663 seconds (266.28 ms)
2026-02-02 05:15:17 - create_budget - INFO - [RESPONSE CONTENT-TYPE] application/json
2026-02-02 05:15:17 - create_budget - INFO - [RESPONSE PAYLOAD]
{
  "budgetId": "79b8b423-9937-4548-b842-62f12bd4c127"
}
2026-02-02 05:15:17 - create_budget - INFO - ✓ Created budget: budget_1_CC_HomePC_Account_0e846_ahv_0-251004-112739_key1_qrZ8z_ahv_0-251004-112739_value1_1_qrZ8z_377027
2026-02-02 05:15:17 - create_budget - INFO - [46/219] Creating CC budget: budget_1_CC_HomePC_Account_0e846_ahv_0-251004-112724_key1_uLrxg_ahv_0-251004-112724_value1_1_uLrxg_377027
2026-02-02 05:15:17 - create_budget - INFO - [API REQUEST] POST https://ncm.services.nconprem-10-53-60-173.ccpnx.com/v1/cg/global/budgets
2026-02-02 05:15:17 - create_budget - INFO - [REQUEST DATA PAYLOAD] {"budgetName": "budget_1_CC_HomePC_Account_0e846_ahv_0-251004-112724_key1_uLrxg_ahv_0-251004-112724_value1_1_uLrxg_377027", "financialYearStartMonth": "5", "resourceGroups": {"costCenters": ["d82631e9-f985-4c75-872c-e8418ce29f21"]}, "systemEstimate": true, "budgetAlert": {"configuration": {"monthly": [{"thresholdPercent": 71, "isDisabled": false}], "quarterly": [{"thresholdPercent": 84, "isDisabled": false}], "yearly": [{"thresholdPercent": 92, "isDisabled": false}]}, "recipients": ["sspuser1@systest.nutanix.com"], "isDisabled": false}}
2026-02-02 05:15:17 - create_budget - INFO - [API RESPONSE] POST https://ncm.services.nconprem-10-53-60-173.ccpnx.com/v1/cg/global/budgets
2026-02-02 05:15:17 - create_budget - INFO - [STATUS CODE] 200
2026-02-02 05:15:17 - create_budget - INFO - [TIME TAKEN] 0.2906 seconds (290.62 ms)
2026-02-02 05:15:17 - create_budget - INFO - [RESPONSE CONTENT-TYPE] application/json
2026-02-02 05:15:17 - create_budget - INFO - [RESPONSE PAYLOAD]
{
  "budgetId": "0401cfe2-e636-4787-86af-a4ae20a008fd"
}
2026-02-02 05:15:17 - create_budget - INFO - ✓ Created budget: budget_1_CC_HomePC_Account_0e846_ahv_0-251004-112724_key1_uLrxg_ahv_0-251004-112724_value1_1_uLrxg_377027
2026-02-02 05:15:17 - create_budget - INFO - [47/219] Creating CC budget: budget_1_CC_HomePC_Account_0e846_ahv_0-251004-112725_key1_uXgze_ahv_0-251004-112725_value1_1_uXgze_377027
2026-02-02 05:15:17 - create_budget - INFO - [API REQUEST] POST https://ncm.services.nconprem-10-53-60-173.ccpnx.com/v1/cg/global/budgets
2026-02-02 05:15:17 - create_budget - INFO - [REQUEST DATA PAYLOAD] {"budgetName": "budget_1_CC_HomePC_Account_0e846_ahv_0-251004-112725_key1_uXgze_ahv_0-251004-112725_value1_1_uXgze_377027", "financialYearStartMonth": "1", "resourceGroups": {"costCenters": ["e115560b-d29f-4ac7-b417-2f3f820a8ba6"]}, "systemEstimate": true, "budgetAlert": {"configuration": {"monthly": [{"thresholdPercent": 75, "isDisabled": false}], "quarterly": [{"thresholdPercent": 76, "isDisabled": false}], "yearly": [{"thresholdPercent": 91, "isDisabled": false}]}, "recipients": ["sspuser1@systest.nutanix.com"], "isDisabled": false}}
2026-02-02 05:15:18 - create_budget - INFO - [API RESPONSE] POST https://ncm.services.nconprem-10-53-60-173.ccpnx.com/v1/cg/global/budgets
2026-02-02 05:15:18 - create_budget - INFO - [STATUS CODE] 200
2026-02-02 05:15:18 - create_budget - INFO - [TIME TAKEN] 0.3001 seconds (300.12 ms)
2026-02-02 05:15:18 - create_budget - INFO - [RESPONSE CONTENT-TYPE] application/json
2026-02-02 05:15:18 - create_budget - INFO - [RESPONSE PAYLOAD]
{
  "budgetId": "6bc75d85-5fa4-4684-84c2-9f2047d0e615"
}
2026-02-02 05:15:18 - create_budget - INFO - ✓ Created budget: budget_1_CC_HomePC_Account_0e846_ahv_0-251004-112725_key1_uXgze_ahv_0-251004-112725_value1_1_uXgze_377027
2026-02-02 05:15:18 - create_budget - INFO - [48/219] Creating CC budget: budget_1_CC_HomePC_Account_0e846_ahv_0-251004-112728_key1_tVkNx_ahv_0-251004-112728_value1_1_tVkNx_377027
2026-02-02 05:15:18 - create_budget - INFO - [API REQUEST] POST https://ncm.services.nconprem-10-53-60-173.ccpnx.com/v1/cg/global/budgets
2026-02-02 05:15:18 - create_budget - INFO - [REQUEST DATA PAYLOAD] {"budgetName": "budget_1_CC_HomePC_Account_0e846_ahv_0-251004-112728_key1_tVkNx_ahv_0-251004-112728_value1_1_tVkNx_377027", "financialYearStartMonth": "3", "resourceGroups": {"costCenters": ["3c778f45-45fe-43f1-bbb2-87dbd0a20130"]}, "systemEstimate": true, "budgetAlert": {"configuration": {"monthly": [{"thresholdPercent": 65, "isDisabled": false}], "quarterly": [{"thresholdPercent": 80, "isDisabled": false}], "yearly": [{"thresholdPercent": 95, "isDisabled": false}]}, "recipients": ["sspuser1@systest.nutanix.com"], "isDisabled": false}}
2026-02-02 05:15:18 - create_budget - INFO - [API RESPONSE] POST https://ncm.services.nconprem-10-53-60-173.ccpnx.com/v1/cg/global/budgets
2026-02-02 05:15:18 - create_budget - INFO - [STATUS CODE] 200
2026-02-02 05:15:18 - create_budget - INFO - [TIME TAKEN] 0.2153 seconds (215.29 ms)
2026-02-02 05:15:18 - create_budget - INFO - [RESPONSE CONTENT-TYPE] application/json
2026-02-02 05:15:18 - create_budget - INFO - [RESPONSE PAYLOAD]
{
  "budgetId": "adc9f81c-04f7-4963-9cb1-fa4921daedd9"
}
2026-02-02 05:15:18 - create_budget - INFO - ✓ Created budget: budget_1_CC_HomePC_Account_0e846_ahv_0-251004-112728_key1_tVkNx_ahv_0-251004-112728_value1_1_tVkNx_377027
2026-02-02 05:15:18 - create_budget - INFO - [49/219] Creating CC budget: budget_1_CC_HomePC_Account_0e846_ahv_0-251004-112740_key1_2Y58r_ahv_0-251004-112740_value1_1_2Y58r_377027
2026-02-02 05:15:18 - create_budget - INFO - [API REQUEST] POST https://ncm.services.nconprem-10-53-60-173.ccpnx.com/v1/cg/global/budgets
2026-02-02 05:15:18 - create_budget - INFO - [REQUEST DATA PAYLOAD] {"budgetName": "budget_1_CC_HomePC_Account_0e846_ahv_0-251004-112740_key1_2Y58r_ahv_0-251004-112740_value1_1_2Y58r_377027", "financialYearStartMonth": "9", "resourceGroups": {"costCenters": ["b58aee5f-9d98-4ea7-a2ff-5af266fae1c7"]}, "systemEstimate": true, "budgetAlert": {"configuration": {"monthly": [{"thresholdPercent": 69, "isDisabled": false}], "quarterly": [{"thresholdPercent": 81, "isDisabled": false}], "yearly": [{"thresholdPercent": 89, "isDisabled": false}]}, "recipients": ["sspuser1@systest.nutanix.com"], "isDisabled": false}}
2026-02-02 05:15:18 - create_budget - INFO - [API RESPONSE] POST https://ncm.services.nconprem-10-53-60-173.ccpnx.com/v1/cg/global/budgets
2026-02-02 05:15:18 - create_budget - INFO - [STATUS CODE] 200
2026-02-02 05:15:18 - create_budget - INFO - [TIME TAKEN] 0.1888 seconds (188.83 ms)
2026-02-02 05:15:18 - create_budget - INFO - [RESPONSE CONTENT-TYPE] application/json
2026-02-02 05:15:18 - create_budget - INFO - [RESPONSE PAYLOAD]
{
  "budgetId": "b36fb7b2-9ca0-4daf-97ea-d6d8a99c395f"
}
2026-02-02 05:15:18 - create_budget - INFO - ✓ Created budget: budget_1_CC_HomePC_Account_0e846_ahv_0-251004-112740_key1_2Y58r_ahv_0-251004-112740_value1_1_2Y58r_377027
2026-02-02 05:15:18 - create_budget - INFO - [50/219] Creating BU budget: budget_1_Business_Unit_9
2026-02-02 05:15:18 - create_budget - INFO - [API REQUEST] POST https://ncm.services.nconprem-10-53-60-173.ccpnx.com/v1/cg/global/budgets
2026-02-02 05:15:18 - create_budget - INFO - [REQUEST DATA PAYLOAD] {"budgetName": "budget_1_Business_Unit_9", "financialYearStartMonth": "2", "resourceGroups": {"businessUnit": ["2b256f58-61ea-41f3-a40e-3cfeb59c7e62"]}, "systemEstimate": true, "budgetAlert": {"configuration": {"monthly": [{"thresholdPercent": 75, "isDisabled": false}], "quarterly": [{"thresholdPercent": 85, "isDisabled": false}], "yearly": [{"thresholdPercent": 87, "isDisabled": false}]}, "recipients": ["sspuser1@systest.nutanix.com"], "isDisabled": false}}
2026-02-02 05:15:18 - create_budget - INFO - [API RESPONSE] POST https://ncm.services.nconprem-10-53-60-173.ccpnx.com/v1/cg/global/budgets
2026-02-02 05:15:18 - create_budget - INFO - [STATUS CODE] 500
2026-02-02 05:15:18 - create_budget - INFO - [TIME TAKEN] 0.1906 seconds (190.63 ms)
2026-02-02 05:15:18 - create_budget - INFO - [RESPONSE CONTENT-TYPE] application/json
2026-02-02 05:15:18 - create_budget - INFO - [RESPONSE PAYLOAD]
{
  "errorCode": 990020,
  "errorMessage": "The system encountered an internal error. If the issue persists, please reach out to our support."
}
2026-02-02 05:15:18 - create_budget - ERROR - ✗ Failed to create budget 'budget_1_Business_Unit_9': HTTP 500 - {'errorCode': 990020, 'errorMessage': 'The system encountered an internal error. If the issue persists, please reach out to our support.'}
2026-02-02 05:15:18 - create_budget - INFO - [51/219] Creating CC budget: budget_1_CC_HomePC_Account_0e846_ahv_0-251004-112755_key1_K8h54_ahv_0-251004-112755_value1_1_K8h54_377027
2026-02-02 05:15:18 - create_budget - INFO - [API REQUEST] POST https://ncm.services.nconprem-10-53-60-173.ccpnx.com/v1/cg/global/budgets
2026-02-02 05:15:18 - create_budget - INFO - [REQUEST DATA PAYLOAD] {"budgetName": "budget_1_CC_HomePC_Account_0e846_ahv_0-251004-112755_key1_K8h54_ahv_0-251004-112755_value1_1_K8h54_377027", "financialYearStartMonth": "9", "resourceGroups": {"costCenters": ["37c93792-8c3a-47bf-b001-d9832d9c9607"]}, "systemEstimate": true, "budgetAlert": {"configuration": {"monthly": [{"thresholdPercent": 75, "isDisabled": false}], "quarterly": [{"thresholdPercent": 84, "isDisabled": false}], "yearly": [{"thresholdPercent": 88, "isDisabled": false}]}, "recipients": ["sspuser1@systest.nutanix.com"], "isDisabled": false}}
2026-02-02 05:15:18 - create_budget - INFO - [API RESPONSE] POST https://ncm.services.nconprem-10-53-60-173.ccpnx.com/v1/cg/global/budgets
2026-02-02 05:15:18 - create_budget - INFO - [STATUS CODE] 200
2026-02-02 05:15:18 - create_budget - INFO - [TIME TAKEN] 0.2046 seconds (204.64 ms)
2026-02-02 05:15:18 - create_budget - INFO - [RESPONSE CONTENT-TYPE] application/json
2026-02-02 05:15:18 - create_budget - INFO - [RESPONSE PAYLOAD]
{
  "budgetId": "029bc63f-0261-489d-be84-4a01b9a20500"
}
2026-02-02 05:15:18 - create_budget - INFO - ✓ Created budget: budget_1_CC_HomePC_Account_0e846_ahv_0-251004-112755_key1_K8h54_ahv_0-251004-112755_value1_1_K8h54_377027
2026-02-02 05:15:18 - create_budget - INFO - [52/219] Creating CC budget: budget_1_CC_HomePC_Account_0e846_ahv_0-251004-112748_key1_Eb1rW_ahv_0-251004-112748_value1_1_Eb1rW_377027
2026-02-02 05:15:18 - create_budget - INFO - [API REQUEST] POST https://ncm.services.nconprem-10-53-60-173.ccpnx.com/v1/cg/global/budgets
2026-02-02 05:15:18 - create_budget - INFO - [REQUEST DATA PAYLOAD] {"budgetName": "budget_1_CC_HomePC_Account_0e846_ahv_0-251004-112748_key1_Eb1rW_ahv_0-251004-112748_value1_1_Eb1rW_377027", "financialYearStartMonth": "5", "resourceGroups": {"costCenters": ["f6003e36-d270-4256-afe9-d3e8e777bdc7"]}, "systemEstimate": true, "budgetAlert": {"configuration": {"monthly": [{"thresholdPercent": 67, "isDisabled": false}], "quarterly": [{"thresholdPercent": 83, "isDisabled": false}], "yearly": [{"thresholdPercent": 85, "isDisabled": false}]}, "recipients": ["sspuser1@systest.nutanix.com"], "isDisabled": false}}
2026-02-02 05:15:19 - create_budget - INFO - [API RESPONSE] POST https://ncm.services.nconprem-10-53-60-173.ccpnx.com/v1/cg/global/budgets
2026-02-02 05:15:19 - create_budget - INFO - [STATUS CODE] 200
2026-02-02 05:15:19 - create_budget - INFO - [TIME TAKEN] 0.5825 seconds (582.52 ms)
2026-02-02 05:15:19 - create_budget - INFO - [RESPONSE CONTENT-TYPE] application/json
2026-02-02 05:15:19 - create_budget - INFO - [RESPONSE PAYLOAD]
{
  "budgetId": "f87c5d9c-7837-48f2-bfd0-b6d59c7b3819"
}
2026-02-02 05:15:19 - create_budget - INFO - ✓ Created budget: budget_1_CC_HomePC_Account_0e846_ahv_0-251004-112748_key1_Eb1rW_ahv_0-251004-112748_value1_1_Eb1rW_377027
2026-02-02 05:15:19 - create_budget - INFO - [53/219] Creating CC budget: budget_1_CC_HomePC_Account_0e846_ahv_0-251004-123942_key1_AMkuF_ahv_0-251004-123942_value1_1_AMkuF_377027
2026-02-02 05:15:19 - create_budget - INFO - [API REQUEST] POST https://ncm.services.nconprem-10-53-60-173.ccpnx.com/v1/cg/global/budgets
2026-02-02 05:15:19 - create_budget - INFO - [REQUEST DATA PAYLOAD] {"budgetName": "budget_1_CC_HomePC_Account_0e846_ahv_0-251004-123942_key1_AMkuF_ahv_0-251004-123942_value1_1_AMkuF_377027", "financialYearStartMonth": "8", "resourceGroups": {"costCenters": ["5885f16d-2941-4852-89f6-a5f85e715c8e"]}, "systemEstimate": true, "budgetAlert": {"configuration": {"monthly": [{"thresholdPercent": 71, "isDisabled": false}], "quarterly": [{"thresholdPercent": 78, "isDisabled": false}], "yearly": [{"thresholdPercent": 93, "isDisabled": false}]}, "recipients": ["sspuser1@systest.nutanix.com"], "isDisabled": false}}
2026-02-02 05:15:19 - create_budget - INFO - [API RESPONSE] POST https://ncm.services.nconprem-10-53-60-173.ccpnx.com/v1/cg/global/budgets
2026-02-02 05:15:19 - create_budget - INFO - [STATUS CODE] 200
2026-02-02 05:15:19 - create_budget - INFO - [TIME TAKEN] 0.2013 seconds (201.34 ms)
2026-02-02 05:15:19 - create_budget - INFO - [RESPONSE CONTENT-TYPE] application/json
2026-02-02 05:15:19 - create_budget - INFO - [RESPONSE PAYLOAD]
{
  "budgetId": "382902d9-7e78-41e5-beea-554724aa8e09"
}
2026-02-02 05:15:19 - create_budget - INFO - ✓ Created budget: budget_1_CC_HomePC_Account_0e846_ahv_0-251004-123942_key1_AMkuF_ahv_0-251004-123942_value1_1_AMkuF_377027
2026-02-02 05:15:19 - create_budget - INFO - [54/219] Creating CC budget: budget_1_CC_HomePC_Account_0e846_ahv_0-251004-123945_key1_9Xc9r_ahv_0-251004-123945_value1_5_9Xc9r_377027
2026-02-02 05:15:19 - create_budget - INFO - [API REQUEST] POST https://ncm.services.nconprem-10-53-60-173.ccpnx.com/v1/cg/global/budgets
2026-02-02 05:15:19 - create_budget - INFO - [REQUEST DATA PAYLOAD] {"budgetName": "budget_1_CC_HomePC_Account_0e846_ahv_0-251004-123945_key1_9Xc9r_ahv_0-251004-123945_value1_5_9Xc9r_377027", "financialYearStartMonth": "7", "resourceGroups": {"costCenters": ["5c79e141-a76b-46d0-b327-a62d49846ced"]}, "systemEstimate": true, "budgetAlert": {"configuration": {"monthly": [{"thresholdPercent": 65, "isDisabled": false}], "quarterly": [{"thresholdPercent": 78, "isDisabled": false}], "yearly": [{"thresholdPercent": 90, "isDisabled": false}]}, "recipients": ["sspuser1@systest.nutanix.com"], "isDisabled": false}}
2026-02-02 05:15:19 - create_budget - INFO - [API RESPONSE] POST https://ncm.services.nconprem-10-53-60-173.ccpnx.com/v1/cg/global/budgets
2026-02-02 05:15:19 - create_budget - INFO - [STATUS CODE] 200
2026-02-02 05:15:19 - create_budget - INFO - [TIME TAKEN] 0.2483 seconds (248.33 ms)
2026-02-02 05:15:19 - create_budget - INFO - [RESPONSE CONTENT-TYPE] application/json
2026-02-02 05:15:19 - create_budget - INFO - [RESPONSE PAYLOAD]
{
  "budgetId": "72e557cd-ec19-4005-9117-a4c578811bbc"
}
2026-02-02 05:15:19 - create_budget - INFO - ✓ Created budget: budget_1_CC_HomePC_Account_0e846_ahv_0-251004-123945_key1_9Xc9r_ahv_0-251004-123945_value1_5_9Xc9r_377027
2026-02-02 05:15:19 - create_budget - INFO - [55/219] Creating CC budget: budget_1_CC_HomePC_Account_0e846_ahv_0-251004-123947_key1_9acxk_ahv_0-251004-123947_value1_1_9acxk_377027
2026-02-02 05:15:19 - create_budget - INFO - [API REQUEST] POST https://ncm.services.nconprem-10-53-60-173.ccpnx.com/v1/cg/global/budgets
2026-02-02 05:15:19 - create_budget - INFO - [REQUEST DATA PAYLOAD] {"budgetName": "budget_1_CC_HomePC_Account_0e846_ahv_0-251004-123947_key1_9acxk_ahv_0-251004-123947_value1_1_9acxk_377027", "financialYearStartMonth": "12", "resourceGroups": {"costCenters": ["b54f98bc-4e38-4786-a3af-2dc5bc93eca4"]}, "systemEstimate": true, "budgetAlert": {"configuration": {"monthly": [{"thresholdPercent": 68, "isDisabled": false}], "quarterly": [{"thresholdPercent": 84, "isDisabled": false}], "yearly": [{"thresholdPercent": 89, "isDisabled": false}]}, "recipients": ["sspuser1@systest.nutanix.com"], "isDisabled": false}}
2026-02-02 05:15:20 - create_budget - INFO - [API RESPONSE] POST https://ncm.services.nconprem-10-53-60-173.ccpnx.com/v1/cg/global/budgets
2026-02-02 05:15:20 - create_budget - INFO - [STATUS CODE] 200
2026-02-02 05:15:20 - create_budget - INFO - [TIME TAKEN] 0.1773 seconds (177.28 ms)
2026-02-02 05:15:20 - create_budget - INFO - [RESPONSE CONTENT-TYPE] application/json
2026-02-02 05:15:20 - create_budget - INFO - [RESPONSE PAYLOAD]
{
  "budgetId": "3d7d8132-30df-4f75-a6b3-6e9b1f05670e"
}
2026-02-02 05:15:20 - create_budget - INFO - ✓ Created budget: budget_1_CC_HomePC_Account_0e846_ahv_0-251004-123947_key1_9acxk_ahv_0-251004-123947_value1_1_9acxk_377027
2026-02-02 05:15:20 - create_budget - INFO - [56/219] Creating BU budget: budget_1_Business_Unit_10
2026-02-02 05:15:20 - create_budget - INFO - [API REQUEST] POST https://ncm.services.nconprem-10-53-60-173.ccpnx.com/v1/cg/global/budgets
2026-02-02 05:15:20 - create_budget - INFO - [REQUEST DATA PAYLOAD] {"budgetName": "budget_1_Business_Unit_10", "financialYearStartMonth": "5", "resourceGroups": {"businessUnit": ["3f53440c-1060-49b5-9662-eb280c78ff68"]}, "systemEstimate": true, "budgetAlert": {"configuration": {"monthly": [{"thresholdPercent": 75, "isDisabled": false}], "quarterly": [{"thresholdPercent": 78, "isDisabled": false}], "yearly": [{"thresholdPercent": 85, "isDisabled": false}]}, "recipients": ["sspuser1@systest.nutanix.com"], "isDisabled": false}}
2026-02-02 05:15:20 - create_budget - INFO - [API RESPONSE] POST https://ncm.services.nconprem-10-53-60-173.ccpnx.com/v1/cg/global/budgets
2026-02-02 05:15:20 - create_budget - INFO - [STATUS CODE] 500
2026-02-02 05:15:20 - create_budget - INFO - [TIME TAKEN] 0.2506 seconds (250.64 ms)
2026-02-02 05:15:20 - create_budget - INFO - [RESPONSE CONTENT-TYPE] application/json
2026-02-02 05:15:20 - create_budget - INFO - [RESPONSE PAYLOAD]
{
  "errorCode": 990020,
  "errorMessage": "The system encountered an internal error. If the issue persists, please reach out to our support."
}
2026-02-02 05:15:20 - create_budget - ERROR - ✗ Failed to create budget 'budget_1_Business_Unit_10': HTTP 500 - {'errorCode': 990020, 'errorMessage': 'The system encountered an internal error. If the issue persists, please reach out to our support.'}
2026-02-02 05:15:20 - create_budget - INFO - [57/219] Creating CC budget: budget_1_CC_HomePC_Account_0e846_ahv_0-251004-124010_key1_eknPl_ahv_0-251004-124010_value1_1_eknPl_377027
2026-02-02 05:15:20 - create_budget - INFO - [API REQUEST] POST https://ncm.services.nconprem-10-53-60-173.ccpnx.com/v1/cg/global/budgets
2026-02-02 05:15:20 - create_budget - INFO - [REQUEST DATA PAYLOAD] {"budgetName": "budget_1_CC_HomePC_Account_0e846_ahv_0-251004-124010_key1_eknPl_ahv_0-251004-124010_value1_1_eknPl_377027", "financialYearStartMonth": "4", "resourceGroups": {"costCenters": ["8d88d8d0-bf87-4acd-8990-8b1725cad3e4"]}, "systemEstimate": true, "budgetAlert": {"configuration": {"monthly": [{"thresholdPercent": 72, "isDisabled": false}], "quarterly": [{"thresholdPercent": 80, "isDisabled": false}], "yearly": [{"thresholdPercent": 92, "isDisabled": false}]}, "recipients": ["sspuser1@systest.nutanix.com"], "isDisabled": false}}
2026-02-02 05:15:20 - create_budget - INFO - [API RESPONSE] POST https://ncm.services.nconprem-10-53-60-173.ccpnx.com/v1/cg/global/budgets
2026-02-02 05:15:20 - create_budget - INFO - [STATUS CODE] 200
2026-02-02 05:15:20 - create_budget - INFO - [TIME TAKEN] 0.2705 seconds (270.46 ms)
2026-02-02 05:15:20 - create_budget - INFO - [RESPONSE CONTENT-TYPE] application/json
2026-02-02 05:15:20 - create_budget - INFO - [RESPONSE PAYLOAD]
{
  "budgetId": "32d82389-037b-43d9-a26a-07cb949619fd"
}
2026-02-02 05:15:20 - create_budget - INFO - ✓ Created budget: budget_1_CC_HomePC_Account_0e846_ahv_0-251004-124010_key1_eknPl_ahv_0-251004-124010_value1_1_eknPl_377027
2026-02-02 05:15:20 - create_budget - INFO - [58/219] Creating CC budget: budget_1_CC_HomePC_Account_0e846_ahv_0-251004-123951_key1_dFzTW_ahv_0-251004-123951_value1_1_dFzTW_377027
2026-02-02 05:15:20 - create_budget - INFO - [API REQUEST] POST https://ncm.services.nconprem-10-53-60-173.ccpnx.com/v1/cg/global/budgets
2026-02-02 05:15:20 - create_budget - INFO - [REQUEST DATA PAYLOAD] {"budgetName": "budget_1_CC_HomePC_Account_0e846_ahv_0-251004-123951_key1_dFzTW_ahv_0-251004-123951_value1_1_dFzTW_377027", "financialYearStartMonth": "10", "resourceGroups": {"costCenters": ["5c2ef216-4e4d-4d54-9f76-60baadc72dc0"]}, "systemEstimate": true, "budgetAlert": {"configuration": {"monthly": [{"thresholdPercent": 66, "isDisabled": false}], "quarterly": [{"thresholdPercent": 81, "isDisabled": false}], "yearly": [{"thresholdPercent": 85, "isDisabled": false}]}, "recipients": ["sspuser1@systest.nutanix.com"], "isDisabled": false}}
2026-02-02 05:15:20 - create_budget - INFO - [API RESPONSE] POST https://ncm.services.nconprem-10-53-60-173.ccpnx.com/v1/cg/global/budgets
2026-02-02 05:15:20 - create_budget - INFO - [STATUS CODE] 200
2026-02-02 05:15:20 - create_budget - INFO - [TIME TAKEN] 0.2937 seconds (293.69 ms)
2026-02-02 05:15:20 - create_budget - INFO - [RESPONSE CONTENT-TYPE] application/json
2026-02-02 05:15:20 - create_budget - INFO - [RESPONSE PAYLOAD]
{
  "budgetId": "2eb1c8b7-dd8c-4ccb-8bd4-882150bc1f28"
}
2026-02-02 05:15:20 - create_budget - INFO - ✓ Created budget: budget_1_CC_HomePC_Account_0e846_ahv_0-251004-123951_key1_dFzTW_ahv_0-251004-123951_value1_1_dFzTW_377027
2026-02-02 05:15:20 - create_budget - INFO - [59/219] Creating CC budget: budget_1_CC_HomePC_Account_0e846_ahv_0-251004-124004_key1_Sbu5J_ahv_0-251004-124004_value1_1_Sbu5J_377027
2026-02-02 05:15:20 - create_budget - INFO - [API REQUEST] POST https://ncm.services.nconprem-10-53-60-173.ccpnx.com/v1/cg/global/budgets
2026-02-02 05:15:20 - create_budget - INFO - [REQUEST DATA PAYLOAD] {"budgetName": "budget_1_CC_HomePC_Account_0e846_ahv_0-251004-124004_key1_Sbu5J_ahv_0-251004-124004_value1_1_Sbu5J_377027", "financialYearStartMonth": "2", "resourceGroups": {"costCenters": ["044a89a6-99cf-4709-b1de-5e6b478003b5"]}, "systemEstimate": true, "budgetAlert": {"configuration": {"monthly": [{"thresholdPercent": 72, "isDisabled": false}], "quarterly": [{"thresholdPercent": 78, "isDisabled": false}], "yearly": [{"thresholdPercent": 88, "isDisabled": false}]}, "recipients": ["sspuser1@systest.nutanix.com"], "isDisabled": false}}
2026-02-02 05:15:21 - create_budget - INFO - [API RESPONSE] POST https://ncm.services.nconprem-10-53-60-173.ccpnx.com/v1/cg/global/budgets
2026-02-02 05:15:21 - create_budget - INFO - [STATUS CODE] 200
2026-02-02 05:15:21 - create_budget - INFO - [TIME TAKEN] 0.1866 seconds (186.64 ms)
2026-02-02 05:15:21 - create_budget - INFO - [RESPONSE CONTENT-TYPE] application/json
2026-02-02 05:15:21 - create_budget - INFO - [RESPONSE PAYLOAD]
{
  "budgetId": "a829804e-3597-4152-8a38-e445cffbefbb"
}
2026-02-02 05:15:21 - create_budget - INFO - ✓ Created budget: budget_1_CC_HomePC_Account_0e846_ahv_0-251004-124004_key1_Sbu5J_ahv_0-251004-124004_value1_1_Sbu5J_377027
2026-02-02 05:15:21 - create_budget - INFO - [60/219] Creating CC budget: budget_1_CC_HomePC_Account_0e846_ahv_0-251004-124014_key1_YeKDR_ahv_0-251004-124014_value1_2_YeKDR_377027
2026-02-02 05:15:21 - create_budget - INFO - [API REQUEST] POST https://ncm.services.nconprem-10-53-60-173.ccpnx.com/v1/cg/global/budgets
2026-02-02 05:15:21 - create_budget - INFO - [REQUEST DATA PAYLOAD] {"budgetName": "budget_1_CC_HomePC_Account_0e846_ahv_0-251004-124014_key1_YeKDR_ahv_0-251004-124014_value1_2_YeKDR_377027", "financialYearStartMonth": "11", "resourceGroups": {"costCenters": ["d8c6b760-13ac-4244-8bc1-f1556d7f80bc"]}, "systemEstimate": true, "budgetAlert": {"configuration": {"monthly": [{"thresholdPercent": 69, "isDisabled": false}], "quarterly": [{"thresholdPercent": 85, "isDisabled": false}], "yearly": [{"thresholdPercent": 92, "isDisabled": false}]}, "recipients": ["sspuser1@systest.nutanix.com"], "isDisabled": false}}
2026-02-02 05:15:21 - create_budget - INFO - [API RESPONSE] POST https://ncm.services.nconprem-10-53-60-173.ccpnx.com/v1/cg/global/budgets
2026-02-02 05:15:21 - create_budget - INFO - [STATUS CODE] 200
2026-02-02 05:15:21 - create_budget - INFO - [TIME TAKEN] 0.3494 seconds (349.37 ms)
2026-02-02 05:15:21 - create_budget - INFO - [RESPONSE CONTENT-TYPE] application/json
2026-02-02 05:15:21 - create_budget - INFO - [RESPONSE PAYLOAD]
{
  "budgetId": "63f2e921-0486-4005-a296-51ff8cfa53a4"
}
2026-02-02 05:15:21 - create_budget - INFO - ✓ Created budget: budget_1_CC_HomePC_Account_0e846_ahv_0-251004-124014_key1_YeKDR_ahv_0-251004-124014_value1_2_YeKDR_377027
2026-02-02 05:15:21 - create_budget - INFO - [61/219] Creating CC budget: budget_1_CC_HomePC_Account_0e846_ahv_0-251004-124037_key1_nOHmh_ahv_0-251004-124037_value1_1_nOHmh_377027
2026-02-02 05:15:21 - create_budget - INFO - [API REQUEST] POST https://ncm.services.nconprem-10-53-60-173.ccpnx.com/v1/cg/global/budgets
2026-02-02 05:15:21 - create_budget - INFO - [REQUEST DATA PAYLOAD] {"budgetName": "budget_1_CC_HomePC_Account_0e846_ahv_0-251004-124037_key1_nOHmh_ahv_0-251004-124037_value1_1_nOHmh_377027", "financialYearStartMonth": "2", "resourceGroups": {"costCenters": ["63991675-20c8-49af-9c69-a11733eaf2f9"]}, "systemEstimate": true, "budgetAlert": {"configuration": {"monthly": [{"thresholdPercent": 72, "isDisabled": false}], "quarterly": [{"thresholdPercent": 79, "isDisabled": false}], "yearly": [{"thresholdPercent": 91, "isDisabled": false}]}, "recipients": ["sspuser1@systest.nutanix.com"], "isDisabled": false}}
2026-02-02 05:15:21 - create_budget - INFO - [API RESPONSE] POST https://ncm.services.nconprem-10-53-60-173.ccpnx.com/v1/cg/global/budgets
2026-02-02 05:15:21 - create_budget - INFO - [STATUS CODE] 200
2026-02-02 05:15:21 - create_budget - INFO - [TIME TAKEN] 0.3654 seconds (365.36 ms)
2026-02-02 05:15:21 - create_budget - INFO - [RESPONSE CONTENT-TYPE] application/json
2026-02-02 05:15:21 - create_budget - INFO - [RESPONSE PAYLOAD]
{
  "budgetId": "f759ad17-256c-4a17-a60d-a683813f5ab6"
}
2026-02-02 05:15:21 - create_budget - INFO - ✓ Created budget: budget_1_CC_HomePC_Account_0e846_ahv_0-251004-124037_key1_nOHmh_ahv_0-251004-124037_value1_1_nOHmh_377027
2026-02-02 05:15:21 - create_budget - INFO - [62/219] Creating BU budget: budget_1_Business_Unit_11
2026-02-02 05:15:21 - create_budget - INFO - [API REQUEST] POST https://ncm.services.nconprem-10-53-60-173.ccpnx.com/v1/cg/global/budgets
2026-02-02 05:15:21 - create_budget - INFO - [REQUEST DATA PAYLOAD] {"budgetName": "budget_1_Business_Unit_11", "financialYearStartMonth": "11", "resourceGroups": {"businessUnit": ["6f244dc3-2c8d-4451-b08a-a317d98f265c"]}, "systemEstimate": true, "budgetAlert": {"configuration": {"monthly": [{"thresholdPercent": 66, "isDisabled": false}], "quarterly": [{"thresholdPercent": 79, "isDisabled": false}], "yearly": [{"thresholdPercent": 94, "isDisabled": false}]}, "recipients": ["sspuser1@systest.nutanix.com"], "isDisabled": false}}
2026-02-02 05:15:22 - create_budget - INFO - [API RESPONSE] POST https://ncm.services.nconprem-10-53-60-173.ccpnx.com/v1/cg/global/budgets
2026-02-02 05:15:22 - create_budget - INFO - [STATUS CODE] 500
2026-02-02 05:15:22 - create_budget - INFO - [TIME TAKEN] 0.2773 seconds (277.31 ms)
2026-02-02 05:15:22 - create_budget - INFO - [RESPONSE CONTENT-TYPE] application/json
2026-02-02 05:15:22 - create_budget - INFO - [RESPONSE PAYLOAD]
{
  "errorCode": 990020,
  "errorMessage": "The system encountered an internal error. If the issue persists, please reach out to our support."
}
2026-02-02 05:15:22 - create_budget - ERROR - ✗ Failed to create budget 'budget_1_Business_Unit_11': HTTP 500 - {'errorCode': 990020, 'errorMessage': 'The system encountered an internal error. If the issue persists, please reach out to our support.'}
2026-02-02 05:15:22 - create_budget - INFO - [63/219] Creating CC budget: budget_1_CC_HomePC_Account_0e846_ahv_0-251004-124118_key1_6iKcc_ahv_0-251004-124118_value1_1_6iKcc_377027
2026-02-02 05:15:22 - create_budget - INFO - [API REQUEST] POST https://ncm.services.nconprem-10-53-60-173.ccpnx.com/v1/cg/global/budgets
2026-02-02 05:15:22 - create_budget - INFO - [REQUEST DATA PAYLOAD] {"budgetName": "budget_1_CC_HomePC_Account_0e846_ahv_0-251004-124118_key1_6iKcc_ahv_0-251004-124118_value1_1_6iKcc_377027", "financialYearStartMonth": "6", "resourceGroups": {"costCenters": ["11c958ea-7ca5-4113-9ea3-9b6e93f50936"]}, "systemEstimate": true, "budgetAlert": {"configuration": {"monthly": [{"thresholdPercent": 68, "isDisabled": false}], "quarterly": [{"thresholdPercent": 75, "isDisabled": false}], "yearly": [{"thresholdPercent": 91, "isDisabled": false}]}, "recipients": ["sspuser1@systest.nutanix.com"], "isDisabled": false}}
2026-02-02 05:15:22 - create_budget - INFO - [API RESPONSE] POST https://ncm.services.nconprem-10-53-60-173.ccpnx.com/v1/cg/global/budgets
2026-02-02 05:15:22 - create_budget - INFO - [STATUS CODE] 200
2026-02-02 05:15:22 - create_budget - INFO - [TIME TAKEN] 0.2125 seconds (212.49 ms)
2026-02-02 05:15:22 - create_budget - INFO - [RESPONSE CONTENT-TYPE] application/json
2026-02-02 05:15:22 - create_budget - INFO - [RESPONSE PAYLOAD]
{
  "budgetId": "77ee85b7-1d3c-41d4-ac7c-bbb20a50f3c2"
}
2026-02-02 05:15:22 - create_budget - INFO - ✓ Created budget: budget_1_CC_HomePC_Account_0e846_ahv_0-251004-124118_key1_6iKcc_ahv_0-251004-124118_value1_1_6iKcc_377027
2026-02-02 05:15:22 - create_budget - INFO - [64/219] Creating CC budget: budget_1_CC_HomePC_Account_0e846_ahv_0-251004-124042_key1_dY74l_ahv_0-251004-124042_value1_5_dY74l_377027
2026-02-02 05:15:22 - create_budget - INFO - [API REQUEST] POST https://ncm.services.nconprem-10-53-60-173.ccpnx.com/v1/cg/global/budgets
2026-02-02 05:15:22 - create_budget - INFO - [REQUEST DATA PAYLOAD] {"budgetName": "budget_1_CC_HomePC_Account_0e846_ahv_0-251004-124042_key1_dY74l_ahv_0-251004-124042_value1_5_dY74l_377027", "financialYearStartMonth": "12", "resourceGroups": {"costCenters": ["4869e3e2-10bc-47a7-bc00-8d8f21545df5"]}, "systemEstimate": true, "budgetAlert": {"configuration": {"monthly": [{"thresholdPercent": 74, "isDisabled": false}], "quarterly": [{"thresholdPercent": 77, "isDisabled": false}], "yearly": [{"thresholdPercent": 93, "isDisabled": false}]}, "recipients": ["sspuser1@systest.nutanix.com"], "isDisabled": false}}
2026-02-02 05:15:22 - create_budget - INFO - [API RESPONSE] POST https://ncm.services.nconprem-10-53-60-173.ccpnx.com/v1/cg/global/budgets
2026-02-02 05:15:22 - create_budget - INFO - [STATUS CODE] 200
2026-02-02 05:15:22 - create_budget - INFO - [TIME TAKEN] 0.2591 seconds (259.14 ms)
2026-02-02 05:15:22 - create_budget - INFO - [RESPONSE CONTENT-TYPE] application/json
2026-02-02 05:15:22 - create_budget - INFO - [RESPONSE PAYLOAD]
{
  "budgetId": "4d88dedc-163f-4b28-b7d3-ea79d077ba18"
}
2026-02-02 05:15:22 - create_budget - INFO - ✓ Created budget: budget_1_CC_HomePC_Account_0e846_ahv_0-251004-124042_key1_dY74l_ahv_0-251004-124042_value1_5_dY74l_377027
2026-02-02 05:15:22 - create_budget - INFO - [65/219] Creating CC budget: budget_1_CC_HomePC_Account_0e846_ahv_0-251004-124045_key1_C6ZAP_ahv_0-251004-124045_value1_1_C6ZAP_377027
2026-02-02 05:15:22 - create_budget - INFO - [API REQUEST] POST https://ncm.services.nconprem-10-53-60-173.ccpnx.com/v1/cg/global/budgets
2026-02-02 05:15:22 - create_budget - INFO - [REQUEST DATA PAYLOAD] {"budgetName": "budget_1_CC_HomePC_Account_0e846_ahv_0-251004-124045_key1_C6ZAP_ahv_0-251004-124045_value1_1_C6ZAP_377027", "financialYearStartMonth": "2", "resourceGroups": {"costCenters": ["a8a71960-e1bd-45dd-acd9-69d4afc05105"]}, "systemEstimate": true, "budgetAlert": {"configuration": {"monthly": [{"thresholdPercent": 71, "isDisabled": false}], "quarterly": [{"thresholdPercent": 75, "isDisabled": false}], "yearly": [{"thresholdPercent": 87, "isDisabled": false}]}, "recipients": ["sspuser1@systest.nutanix.com"], "isDisabled": false}}
2026-02-02 05:15:22 - create_budget - INFO - [API RESPONSE] POST https://ncm.services.nconprem-10-53-60-173.ccpnx.com/v1/cg/global/budgets
2026-02-02 05:15:22 - create_budget - INFO - [STATUS CODE] 200
2026-02-02 05:15:22 - create_budget - INFO - [TIME TAKEN] 0.3178 seconds (317.79 ms)
2026-02-02 05:15:22 - create_budget - INFO - [RESPONSE CONTENT-TYPE] application/json
2026-02-02 05:15:22 - create_budget - INFO - [RESPONSE PAYLOAD]
{
  "budgetId": "51a1fcf2-d631-4bca-adb6-e7ae51a642fa"
}
2026-02-02 05:15:22 - create_budget - INFO - ✓ Created budget: budget_1_CC_HomePC_Account_0e846_ahv_0-251004-124045_key1_C6ZAP_ahv_0-251004-124045_value1_1_C6ZAP_377027
2026-02-02 05:15:22 - create_budget - INFO - [66/219] Creating CC budget: budget_1_CC_HomePC_Account_0e846_ahv_0-251004-124052_key1_cRT67_ahv_0-251004-124052_value1_3_cRT67_377027
2026-02-02 05:15:22 - create_budget - INFO - [API REQUEST] POST https://ncm.services.nconprem-10-53-60-173.ccpnx.com/v1/cg/global/budgets
2026-02-02 05:15:22 - create_budget - INFO - [REQUEST DATA PAYLOAD] {"budgetName": "budget_1_CC_HomePC_Account_0e846_ahv_0-251004-124052_key1_cRT67_ahv_0-251004-124052_value1_3_cRT67_377027", "financialYearStartMonth": "5", "resourceGroups": {"costCenters": ["d0f7ff1d-c8e8-4b2b-a5e0-4395a1102434"]}, "systemEstimate": true, "budgetAlert": {"configuration": {"monthly": [{"thresholdPercent": 74, "isDisabled": false}], "quarterly": [{"thresholdPercent": 80, "isDisabled": false}], "yearly": [{"thresholdPercent": 89, "isDisabled": false}]}, "recipients": ["sspuser1@systest.nutanix.com"], "isDisabled": false}}
2026-02-02 05:15:23 - create_budget - INFO - [API RESPONSE] POST https://ncm.services.nconprem-10-53-60-173.ccpnx.com/v1/cg/global/budgets
2026-02-02 05:15:23 - create_budget - INFO - [STATUS CODE] 200
2026-02-02 05:15:23 - create_budget - INFO - [TIME TAKEN] 0.3829 seconds (382.89 ms)
2026-02-02 05:15:23 - create_budget - INFO - [RESPONSE CONTENT-TYPE] application/json
2026-02-02 05:15:23 - create_budget - INFO - [RESPONSE PAYLOAD]
{
  "budgetId": "36e161af-e618-4ab9-b3e3-146c8f23437f"
}
2026-02-02 05:15:23 - create_budget - INFO - ✓ Created budget: budget_1_CC_HomePC_Account_0e846_ahv_0-251004-124052_key1_cRT67_ahv_0-251004-124052_value1_3_cRT67_377027
2026-02-02 05:15:23 - create_budget - INFO - [67/219] Creating CC budget: budget_1_CC_HomePC_Account_0e846_ahv_0-251004-124102_key1_rru4X_ahv_0-251004-124102_value1_1_rru4X_377027
2026-02-02 05:15:23 - create_budget - INFO - [API REQUEST] POST https://ncm.services.nconprem-10-53-60-173.ccpnx.com/v1/cg/global/budgets
2026-02-02 05:15:23 - create_budget - INFO - [REQUEST DATA PAYLOAD] {"budgetName": "budget_1_CC_HomePC_Account_0e846_ahv_0-251004-124102_key1_rru4X_ahv_0-251004-124102_value1_1_rru4X_377027", "financialYearStartMonth": "12", "resourceGroups": {"costCenters": ["63ecae5c-41a2-4cb5-928e-5c592425caa8"]}, "systemEstimate": true, "budgetAlert": {"configuration": {"monthly": [{"thresholdPercent": 65, "isDisabled": false}], "quarterly": [{"thresholdPercent": 77, "isDisabled": false}], "yearly": [{"thresholdPercent": 85, "isDisabled": false}]}, "recipients": ["sspuser1@systest.nutanix.com"], "isDisabled": false}}
2026-02-02 05:15:23 - create_budget - INFO - [API RESPONSE] POST https://ncm.services.nconprem-10-53-60-173.ccpnx.com/v1/cg/global/budgets
2026-02-02 05:15:23 - create_budget - INFO - [STATUS CODE] 200
2026-02-02 05:15:23 - create_budget - INFO - [TIME TAKEN] 0.3032 seconds (303.19 ms)
2026-02-02 05:15:23 - create_budget - INFO - [RESPONSE CONTENT-TYPE] application/json
2026-02-02 05:15:23 - create_budget - INFO - [RESPONSE PAYLOAD]
{
  "budgetId": "8de1648a-6e22-4eb5-b68e-13a47460eae8"
}
2026-02-02 05:15:23 - create_budget - INFO - ✓ Created budget: budget_1_CC_HomePC_Account_0e846_ahv_0-251004-124102_key1_rru4X_ahv_0-251004-124102_value1_1_rru4X_377027
2026-02-02 05:15:23 - create_budget - INFO - [68/219] Creating BU budget: budget_1_Business_Unit_12
2026-02-02 05:15:23 - create_budget - INFO - [API REQUEST] POST https://ncm.services.nconprem-10-53-60-173.ccpnx.com/v1/cg/global/budgets
2026-02-02 05:15:23 - create_budget - INFO - [REQUEST DATA PAYLOAD] {"budgetName": "budget_1_Business_Unit_12", "financialYearStartMonth": "9", "resourceGroups": {"businessUnit": ["433afa7b-6f0a-4e51-b52d-5e585780976f"]}, "systemEstimate": true, "budgetAlert": {"configuration": {"monthly": [{"thresholdPercent": 67, "isDisabled": false}], "quarterly": [{"thresholdPercent": 85, "isDisabled": false}], "yearly": [{"thresholdPercent": 86, "isDisabled": false}]}, "recipients": ["sspuser1@systest.nutanix.com"], "isDisabled": false}}
2026-02-02 05:15:23 - create_budget - INFO - [API RESPONSE] POST https://ncm.services.nconprem-10-53-60-173.ccpnx.com/v1/cg/global/budgets
2026-02-02 05:15:23 - create_budget - INFO - [STATUS CODE] 500
2026-02-02 05:15:23 - create_budget - INFO - [TIME TAKEN] 0.2694 seconds (269.41 ms)
2026-02-02 05:15:23 - create_budget - INFO - [RESPONSE CONTENT-TYPE] application/json
2026-02-02 05:15:23 - create_budget - INFO - [RESPONSE PAYLOAD]
{
  "errorCode": 990020,
  "errorMessage": "The system encountered an internal error. If the issue persists, please reach out to our support."
}
2026-02-02 05:15:23 - create_budget - ERROR - ✗ Failed to create budget 'budget_1_Business_Unit_12': HTTP 500 - {'errorCode': 990020, 'errorMessage': 'The system encountered an internal error. If the issue persists, please reach out to our support.'}
2026-02-02 05:15:23 - create_budget - INFO - [69/219] Creating CC budget: budget_1_CC_HomePC_Account_0e846_ahv_0-251004-124155_key1_AFmGW_ahv_0-251004-124155_value1_3_AFmGW_377027
2026-02-02 05:15:23 - create_budget - INFO - [API REQUEST] POST https://ncm.services.nconprem-10-53-60-173.ccpnx.com/v1/cg/global/budgets
2026-02-02 05:15:23 - create_budget - INFO - [REQUEST DATA PAYLOAD] {"budgetName": "budget_1_CC_HomePC_Account_0e846_ahv_0-251004-124155_key1_AFmGW_ahv_0-251004-124155_value1_3_AFmGW_377027", "financialYearStartMonth": "12", "resourceGroups": {"costCenters": ["4dfdc104-4b8a-4454-a398-8f5b2f20a6e3"]}, "systemEstimate": true, "budgetAlert": {"configuration": {"monthly": [{"thresholdPercent": 74, "isDisabled": false}], "quarterly": [{"thresholdPercent": 84, "isDisabled": false}], "yearly": [{"thresholdPercent": 85, "isDisabled": false}]}, "recipients": ["sspuser1@systest.nutanix.com"], "isDisabled": false}}
2026-02-02 05:15:24 - create_budget - INFO - [API RESPONSE] POST https://ncm.services.nconprem-10-53-60-173.ccpnx.com/v1/cg/global/budgets
2026-02-02 05:15:24 - create_budget - INFO - [STATUS CODE] 200
2026-02-02 05:15:24 - create_budget - INFO - [TIME TAKEN] 0.3498 seconds (349.76 ms)
2026-02-02 05:15:24 - create_budget - INFO - [RESPONSE CONTENT-TYPE] application/json
2026-02-02 05:15:24 - create_budget - INFO - [RESPONSE PAYLOAD]
{
  "budgetId": "4b2b1375-e66d-45af-b8c7-eee84e09458b"
}
2026-02-02 05:15:24 - create_budget - INFO - ✓ Created budget: budget_1_CC_HomePC_Account_0e846_ahv_0-251004-124155_key1_AFmGW_ahv_0-251004-124155_value1_3_AFmGW_377027
2026-02-02 05:15:24 - create_budget - INFO - [70/219] Creating CC budget: budget_1_CC_HomePC_Account_0e846_ahv_0-251004-124125_key1_aiLCS_ahv_0-251004-124125_value1_1_aiLCS_377027
2026-02-02 05:15:24 - create_budget - INFO - [API REQUEST] POST https://ncm.services.nconprem-10-53-60-173.ccpnx.com/v1/cg/global/budgets
2026-02-02 05:15:24 - create_budget - INFO - [REQUEST DATA PAYLOAD] {"budgetName": "budget_1_CC_HomePC_Account_0e846_ahv_0-251004-124125_key1_aiLCS_ahv_0-251004-124125_value1_1_aiLCS_377027", "financialYearStartMonth": "6", "resourceGroups": {"costCenters": ["ec2c8ce3-7497-4e9c-a12e-241ba1fbe1b0"]}, "systemEstimate": true, "budgetAlert": {"configuration": {"monthly": [{"thresholdPercent": 69, "isDisabled": false}], "quarterly": [{"thresholdPercent": 82, "isDisabled": false}], "yearly": [{"thresholdPercent": 95, "isDisabled": false}]}, "recipients": ["sspuser1@systest.nutanix.com"], "isDisabled": false}}
2026-02-02 05:15:24 - create_budget - INFO - [API RESPONSE] POST https://ncm.services.nconprem-10-53-60-173.ccpnx.com/v1/cg/global/budgets
2026-02-02 05:15:24 - create_budget - INFO - [STATUS CODE] 200
2026-02-02 05:15:24 - create_budget - INFO - [TIME TAKEN] 0.5204 seconds (520.42 ms)
2026-02-02 05:15:24 - create_budget - INFO - [RESPONSE CONTENT-TYPE] application/json
2026-02-02 05:15:24 - create_budget - INFO - [RESPONSE PAYLOAD]
{
  "budgetId": "458351fa-8f82-407a-8ea1-cdf664da72cd"
}
2026-02-02 05:15:24 - create_budget - INFO - ✓ Created budget: budget_1_CC_HomePC_Account_0e846_ahv_0-251004-124125_key1_aiLCS_ahv_0-251004-124125_value1_1_aiLCS_377027
2026-02-02 05:15:24 - create_budget - INFO - [71/219] Creating CC budget: budget_1_CC_HomePC_Account_0e846_ahv_0-251004-124126_key1_JJLYq_ahv_0-251004-124126_value1_3_JJLYq_377027
2026-02-02 05:15:24 - create_budget - INFO - [API REQUEST] POST https://ncm.services.nconprem-10-53-60-173.ccpnx.com/v1/cg/global/budgets
2026-02-02 05:15:24 - create_budget - INFO - [REQUEST DATA PAYLOAD] {"budgetName": "budget_1_CC_HomePC_Account_0e846_ahv_0-251004-124126_key1_JJLYq_ahv_0-251004-124126_value1_3_JJLYq_377027", "financialYearStartMonth": "5", "resourceGroups": {"costCenters": ["a6d421d4-908b-469f-84e9-fe169fcef81c"]}, "systemEstimate": true, "budgetAlert": {"configuration": {"monthly": [{"thresholdPercent": 69, "isDisabled": false}], "quarterly": [{"thresholdPercent": 75, "isDisabled": false}], "yearly": [{"thresholdPercent": 95, "isDisabled": false}]}, "recipients": ["sspuser1@systest.nutanix.com"], "isDisabled": false}}
2026-02-02 05:15:24 - create_budget - INFO - [API RESPONSE] POST https://ncm.services.nconprem-10-53-60-173.ccpnx.com/v1/cg/global/budgets
2026-02-02 05:15:24 - create_budget - INFO - [STATUS CODE] 200
2026-02-02 05:15:24 - create_budget - INFO - [TIME TAKEN] 0.2973 seconds (297.25 ms)
2026-02-02 05:15:24 - create_budget - INFO - [RESPONSE CONTENT-TYPE] application/json
2026-02-02 05:15:24 - create_budget - INFO - [RESPONSE PAYLOAD]
{
  "budgetId": "c6e07ff8-6a08-4536-bf96-62b4a72f360a"
}
2026-02-02 05:15:24 - create_budget - INFO - ✓ Created budget: budget_1_CC_HomePC_Account_0e846_ahv_0-251004-124126_key1_JJLYq_ahv_0-251004-124126_value1_3_JJLYq_377027
2026-02-02 05:15:24 - create_budget - INFO - [72/219] Creating CC budget: budget_1_CC_HomePC_Account_0e846_ahv_0-251004-124139_key1_ANBF3_ahv_0-251004-124139_value1_1_ANBF3_377027
2026-02-02 05:15:24 - create_budget - INFO - [API REQUEST] POST https://ncm.services.nconprem-10-53-60-173.ccpnx.com/v1/cg/global/budgets
2026-02-02 05:15:25 - create_budget - INFO - [REQUEST DATA PAYLOAD] {"budgetName": "budget_1_CC_HomePC_Account_0e846_ahv_0-251004-124139_key1_ANBF3_ahv_0-251004-124139_value1_1_ANBF3_377027", "financialYearStartMonth": "1", "resourceGroups": {"costCenters": ["d3afe0ed-a3cc-4745-94c0-7edd1630ef3a"]}, "systemEstimate": true, "budgetAlert": {"configuration": {"monthly": [{"thresholdPercent": 71, "isDisabled": false}], "quarterly": [{"thresholdPercent": 78, "isDisabled": false}], "yearly": [{"thresholdPercent": 85, "isDisabled": false}]}, "recipients": ["sspuser1@systest.nutanix.com"], "isDisabled": false}}
2026-02-02 05:15:25 - create_budget - INFO - [API RESPONSE] POST https://ncm.services.nconprem-10-53-60-173.ccpnx.com/v1/cg/global/budgets
2026-02-02 05:15:25 - create_budget - INFO - [STATUS CODE] 200
2026-02-02 05:15:25 - create_budget - INFO - [TIME TAKEN] 0.3514 seconds (351.37 ms)
2026-02-02 05:15:25 - create_budget - INFO - [RESPONSE CONTENT-TYPE] application/json
2026-02-02 05:15:25 - create_budget - INFO - [RESPONSE PAYLOAD]
{
  "budgetId": "11c58154-cff3-4a2a-92a7-e7438eaf6840"
}
2026-02-02 05:15:25 - create_budget - INFO - ✓ Created budget: budget_1_CC_HomePC_Account_0e846_ahv_0-251004-124139_key1_ANBF3_ahv_0-251004-124139_value1_1_ANBF3_377027
2026-02-02 05:15:25 - create_budget - INFO - [73/219] Creating CC budget: budget_1_CC_HomePC_Account_0e846_ahv_0-251004-124137_key1_4XjvR_ahv_0-251004-124137_value1_1_4XjvR_377027
2026-02-02 05:15:25 - create_budget - INFO - [API REQUEST] POST https://ncm.services.nconprem-10-53-60-173.ccpnx.com/v1/cg/global/budgets
2026-02-02 05:15:25 - create_budget - INFO - [REQUEST DATA PAYLOAD] {"budgetName": "budget_1_CC_HomePC_Account_0e846_ahv_0-251004-124137_key1_4XjvR_ahv_0-251004-124137_value1_1_4XjvR_377027", "financialYearStartMonth": "3", "resourceGroups": {"costCenters": ["1a368356-ee44-479b-ba29-7d44e21a2e14"]}, "systemEstimate": true, "budgetAlert": {"configuration": {"monthly": [{"thresholdPercent": 75, "isDisabled": false}], "quarterly": [{"thresholdPercent": 82, "isDisabled": false}], "yearly": [{"thresholdPercent": 89, "isDisabled": false}]}, "recipients": ["sspuser1@systest.nutanix.com"], "isDisabled": false}}
2026-02-02 05:15:25 - create_budget - INFO - [API RESPONSE] POST https://ncm.services.nconprem-10-53-60-173.ccpnx.com/v1/cg/global/budgets
2026-02-02 05:15:25 - create_budget - INFO - [STATUS CODE] 200
2026-02-02 05:15:25 - create_budget - INFO - [TIME TAKEN] 0.6410 seconds (640.98 ms)
2026-02-02 05:15:25 - create_budget - INFO - [RESPONSE CONTENT-TYPE] application/json
2026-02-02 05:15:25 - create_budget - INFO - [RESPONSE PAYLOAD]
{
  "budgetId": "51096019-4ea8-42f6-9a02-cb3ecd4eee26"
}
2026-02-02 05:15:25 - create_budget - INFO - ✓ Created budget: budget_1_CC_HomePC_Account_0e846_ahv_0-251004-124137_key1_4XjvR_ahv_0-251004-124137_value1_1_4XjvR_377027
2026-02-02 05:15:25 - create_budget - INFO - [74/219] Creating BU budget: budget_1_Business_Unit_13
2026-02-02 05:15:25 - create_budget - INFO - [API REQUEST] POST https://ncm.services.nconprem-10-53-60-173.ccpnx.com/v1/cg/global/budgets
2026-02-02 05:15:25 - create_budget - INFO - [REQUEST DATA PAYLOAD] {"budgetName": "budget_1_Business_Unit_13", "financialYearStartMonth": "4", "resourceGroups": {"businessUnit": ["f9da818b-df93-403a-aa66-721f362d1a57"]}, "systemEstimate": true, "budgetAlert": {"configuration": {"monthly": [{"thresholdPercent": 70, "isDisabled": false}], "quarterly": [{"thresholdPercent": 84, "isDisabled": false}], "yearly": [{"thresholdPercent": 86, "isDisabled": false}]}, "recipients": ["sspuser1@systest.nutanix.com"], "isDisabled": false}}
2026-02-02 05:15:26 - create_budget - INFO - [API RESPONSE] POST https://ncm.services.nconprem-10-53-60-173.ccpnx.com/v1/cg/global/budgets
2026-02-02 05:15:26 - create_budget - INFO - [STATUS CODE] 500
2026-02-02 05:15:26 - create_budget - INFO - [TIME TAKEN] 0.3932 seconds (393.23 ms)
2026-02-02 05:15:26 - create_budget - INFO - [RESPONSE CONTENT-TYPE] application/json
2026-02-02 05:15:26 - create_budget - INFO - [RESPONSE PAYLOAD]
{
  "errorCode": 990020,
  "errorMessage": "The system encountered an internal error. If the issue persists, please reach out to our support."
}
2026-02-02 05:15:26 - create_budget - ERROR - ✗ Failed to create budget 'budget_1_Business_Unit_13': HTTP 500 - {'errorCode': 990020, 'errorMessage': 'The system encountered an internal error. If the issue persists, please reach out to our support.'}
2026-02-02 05:15:26 - create_budget - INFO - [75/219] Creating CC budget: budget_1_CC_HomePC_Account_14617_ADGroup_$Default_538825
2026-02-02 05:15:26 - create_budget - INFO - [API REQUEST] POST https://ncm.services.nconprem-10-53-60-173.ccpnx.com/v1/cg/global/budgets
2026-02-02 05:15:26 - create_budget - INFO - [REQUEST DATA PAYLOAD] {"budgetName": "budget_1_CC_HomePC_Account_14617_ADGroup_$Default_538825", "financialYearStartMonth": "10", "resourceGroups": {"costCenters": ["55781c69-2936-4f1b-999e-87f0fd5fee67"]}, "systemEstimate": true, "budgetAlert": {"configuration": {"monthly": [{"thresholdPercent": 73, "isDisabled": false}], "quarterly": [{"thresholdPercent": 81, "isDisabled": false}], "yearly": [{"thresholdPercent": 92, "isDisabled": false}]}, "recipients": ["sspuser1@systest.nutanix.com"], "isDisabled": false}}
2026-02-02 05:15:26 - create_budget - INFO - [API RESPONSE] POST https://ncm.services.nconprem-10-53-60-173.ccpnx.com/v1/cg/global/budgets
2026-02-02 05:15:26 - create_budget - INFO - [STATUS CODE] 200
2026-02-02 05:15:26 - create_budget - INFO - [TIME TAKEN] 0.3402 seconds (340.21 ms)
2026-02-02 05:15:26 - create_budget - INFO - [RESPONSE CONTENT-TYPE] application/json
2026-02-02 05:15:26 - create_budget - INFO - [RESPONSE PAYLOAD]
{
  "budgetId": "4500077c-0187-41b9-bb64-5012d82a07a1"
}
2026-02-02 05:15:26 - create_budget - INFO - ✓ Created budget: budget_1_CC_HomePC_Account_14617_ADGroup_$Default_538825
2026-02-02 05:15:26 - create_budget - INFO - [76/219] Creating CC budget: budget_1_CC_HomePC_Account_14617_ahv_0-250930-142555-NameChanged_key1_7nbbX_ahv_0-250930-142555-NameChanged_value1_10_7nbbX_538825
2026-02-02 05:15:26 - create_budget - INFO - [API REQUEST] POST https://ncm.services.nconprem-10-53-60-173.ccpnx.com/v1/cg/global/budgets
2026-02-02 05:15:26 - create_budget - INFO - [REQUEST DATA PAYLOAD] {"budgetName": "budget_1_CC_HomePC_Account_14617_ahv_0-250930-142555-NameChanged_key1_7nbbX_ahv_0-250930-142555-NameChanged_value1_10_7nbbX_538825", "financialYearStartMonth": "7", "resourceGroups": {"costCenters": ["3314d334-befb-4ead-95e0-b4468183bbc7"]}, "systemEstimate": true, "budgetAlert": {"configuration": {"monthly": [{"thresholdPercent": 72, "isDisabled": false}], "quarterly": [{"thresholdPercent": 80, "isDisabled": false}], "yearly": [{"thresholdPercent": 93, "isDisabled": false}]}, "recipients": ["sspuser1@systest.nutanix.com"], "isDisabled": false}}
2026-02-02 05:15:27 - create_budget - INFO - [API RESPONSE] POST https://ncm.services.nconprem-10-53-60-173.ccpnx.com/v1/cg/global/budgets
2026-02-02 05:15:27 - create_budget - INFO - [STATUS CODE] 200
2026-02-02 05:15:27 - create_budget - INFO - [TIME TAKEN] 0.4080 seconds (408.05 ms)
2026-02-02 05:15:27 - create_budget - INFO - [RESPONSE CONTENT-TYPE] application/json
2026-02-02 05:15:27 - create_budget - INFO - [RESPONSE PAYLOAD]
{
  "budgetId": "3590d6cb-8493-4d83-af03-8ca26d71443f"
}
2026-02-02 05:15:27 - create_budget - INFO - ✓ Created budget: budget_1_CC_HomePC_Account_14617_ahv_0-250930-142555-NameChanged_key1_7nbbX_ahv_0-250930-142555-NameChanged_value1_10_7nbbX_538825
2026-02-02 05:15:27 - create_budget - INFO - [77/219] Creating CC budget: budget_1_CC_HomePC_Account_14617_ahv_0-250930-142555-NameChanged_key1_Dx2Sk_ahv_0-250930-142555-NameChanged_value1_1_Dx2Sk_538825
2026-02-02 05:15:27 - create_budget - INFO - [API REQUEST] POST https://ncm.services.nconprem-10-53-60-173.ccpnx.com/v1/cg/global/budgets
2026-02-02 05:15:27 - create_budget - INFO - [REQUEST DATA PAYLOAD] {"budgetName": "budget_1_CC_HomePC_Account_14617_ahv_0-250930-142555-NameChanged_key1_Dx2Sk_ahv_0-250930-142555-NameChanged_value1_1_Dx2Sk_538825", "financialYearStartMonth": "2", "resourceGroups": {"costCenters": ["e3092a8b-60cc-49fe-a012-7b549406c88b"]}, "systemEstimate": true, "budgetAlert": {"configuration": {"monthly": [{"thresholdPercent": 67, "isDisabled": false}], "quarterly": [{"thresholdPercent": 79, "isDisabled": false}], "yearly": [{"thresholdPercent": 91, "isDisabled": false}]}, "recipients": ["sspuser1@systest.nutanix.com"], "isDisabled": false}}
2026-02-02 05:15:27 - create_budget - INFO - [API RESPONSE] POST https://ncm.services.nconprem-10-53-60-173.ccpnx.com/v1/cg/global/budgets
2026-02-02 05:15:27 - create_budget - INFO - [STATUS CODE] 200
2026-02-02 05:15:27 - create_budget - INFO - [TIME TAKEN] 0.3833 seconds (383.33 ms)
2026-02-02 05:15:27 - create_budget - INFO - [RESPONSE CONTENT-TYPE] application/json
2026-02-02 05:15:27 - create_budget - INFO - [RESPONSE PAYLOAD]
{
  "budgetId": "de2113cc-cd2a-4288-be4e-7eeea745fbfe"
}
2026-02-02 05:15:27 - create_budget - INFO - ✓ Created budget: budget_1_CC_HomePC_Account_14617_ahv_0-250930-142555-NameChanged_key1_Dx2Sk_ahv_0-250930-142555-NameChanged_value1_1_Dx2Sk_538825
2026-02-02 05:15:27 - create_budget - INFO - [78/219] Creating CC budget: budget_1_CC_HomePC_Account_14617_ahv_0-250930-142555-NameChanged_key1_fo4eW_ahv_0-250930-142555-NameChanged_value1_1_fo4eW_538825
2026-02-02 05:15:27 - create_budget - INFO - [API REQUEST] POST https://ncm.services.nconprem-10-53-60-173.ccpnx.com/v1/cg/global/budgets
2026-02-02 05:15:27 - create_budget - INFO - [REQUEST DATA PAYLOAD] {"budgetName": "budget_1_CC_HomePC_Account_14617_ahv_0-250930-142555-NameChanged_key1_fo4eW_ahv_0-250930-142555-NameChanged_value1_1_fo4eW_538825", "financialYearStartMonth": "3", "resourceGroups": {"costCenters": ["09458549-baa3-4aff-9c96-8996ca29c76e"]}, "systemEstimate": true, "budgetAlert": {"configuration": {"monthly": [{"thresholdPercent": 70, "isDisabled": false}], "quarterly": [{"thresholdPercent": 78, "isDisabled": false}], "yearly": [{"thresholdPercent": 85, "isDisabled": false}]}, "recipients": ["sspuser1@systest.nutanix.com"], "isDisabled": false}}
2026-02-02 05:15:27 - create_budget - INFO - [API RESPONSE] POST https://ncm.services.nconprem-10-53-60-173.ccpnx.com/v1/cg/global/budgets
2026-02-02 05:15:27 - create_budget - INFO - [STATUS CODE] 200
2026-02-02 05:15:27 - create_budget - INFO - [TIME TAKEN] 0.3773 seconds (377.26 ms)
2026-02-02 05:15:27 - create_budget - INFO - [RESPONSE CONTENT-TYPE] application/json
2026-02-02 05:15:27 - create_budget - INFO - [RESPONSE PAYLOAD]
{
  "budgetId": "46d874f0-6f2f-4566-98da-1bcf958e8fac"
}
2026-02-02 05:15:27 - create_budget - INFO - ✓ Created budget: budget_1_CC_HomePC_Account_14617_ahv_0-250930-142555-NameChanged_key1_fo4eW_ahv_0-250930-142555-NameChanged_value1_1_fo4eW_538825
2026-02-02 05:15:27 - create_budget - INFO - [79/219] Creating CC budget: budget_1_CC_HomePC_Account_0e846_ahv_0-251004-124200_key1_URbmj_ahv_0-251004-124200_value1_1_URbmj_377027
2026-02-02 05:15:27 - create_budget - INFO - [API REQUEST] POST https://ncm.services.nconprem-10-53-60-173.ccpnx.com/v1/cg/global/budgets
2026-02-02 05:15:27 - create_budget - INFO - [REQUEST DATA PAYLOAD] {"budgetName": "budget_1_CC_HomePC_Account_0e846_ahv_0-251004-124200_key1_URbmj_ahv_0-251004-124200_value1_1_URbmj_377027", "financialYearStartMonth": "1", "resourceGroups": {"costCenters": ["ecec0f95-1498-47b4-9074-bf568b24554f"]}, "systemEstimate": true, "budgetAlert": {"configuration": {"monthly": [{"thresholdPercent": 75, "isDisabled": false}], "quarterly": [{"thresholdPercent": 77, "isDisabled": false}], "yearly": [{"thresholdPercent": 91, "isDisabled": false}]}, "recipients": ["sspuser1@systest.nutanix.com"], "isDisabled": false}}
2026-02-02 05:15:28 - create_budget - INFO - [API RESPONSE] POST https://ncm.services.nconprem-10-53-60-173.ccpnx.com/v1/cg/global/budgets
2026-02-02 05:15:28 - create_budget - INFO - [STATUS CODE] 200
2026-02-02 05:15:28 - create_budget - INFO - [TIME TAKEN] 0.2767 seconds (276.67 ms)
2026-02-02 05:15:28 - create_budget - INFO - [RESPONSE CONTENT-TYPE] application/json
2026-02-02 05:15:28 - create_budget - INFO - [RESPONSE PAYLOAD]
{
  "budgetId": "42c7257b-d4ae-4473-a0e9-eeb472e50353"
}
2026-02-02 05:15:28 - create_budget - INFO - ✓ Created budget: budget_1_CC_HomePC_Account_0e846_ahv_0-251004-124200_key1_URbmj_ahv_0-251004-124200_value1_1_URbmj_377027
2026-02-02 05:15:28 - create_budget - INFO - [80/219] Creating BU budget: budget_1_Business_Unit_14
2026-02-02 05:15:28 - create_budget - INFO - [API REQUEST] POST https://ncm.services.nconprem-10-53-60-173.ccpnx.com/v1/cg/global/budgets
2026-02-02 05:15:28 - create_budget - INFO - [REQUEST DATA PAYLOAD] {"budgetName": "budget_1_Business_Unit_14", "financialYearStartMonth": "11", "resourceGroups": {"businessUnit": ["f6683487-dd32-4d90-97c8-cc616294a035"]}, "systemEstimate": true, "budgetAlert": {"configuration": {"monthly": [{"thresholdPercent": 69, "isDisabled": false}], "quarterly": [{"thresholdPercent": 78, "isDisabled": false}], "yearly": [{"thresholdPercent": 91, "isDisabled": false}]}, "recipients": ["sspuser1@systest.nutanix.com"], "isDisabled": false}}
2026-02-02 05:15:28 - create_budget - INFO - [API RESPONSE] POST https://ncm.services.nconprem-10-53-60-173.ccpnx.com/v1/cg/global/budgets
2026-02-02 05:15:28 - create_budget - INFO - [STATUS CODE] 500
2026-02-02 05:15:28 - create_budget - INFO - [TIME TAKEN] 0.3376 seconds (337.59 ms)
2026-02-02 05:15:28 - create_budget - INFO - [RESPONSE CONTENT-TYPE] application/json
2026-02-02 05:15:28 - create_budget - INFO - [RESPONSE PAYLOAD]
{
  "errorCode": 990020,
  "errorMessage": "The system encountered an internal error. If the issue persists, please reach out to our support."
}
2026-02-02 05:15:28 - create_budget - ERROR - ✗ Failed to create budget 'budget_1_Business_Unit_14': HTTP 500 - {'errorCode': 990020, 'errorMessage': 'The system encountered an internal error. If the issue persists, please reach out to our support.'}
2026-02-02 05:15:28 - create_budget - INFO - [81/219] Creating CC budget: budget_1_CC_HomePC_Account_14617_ahv_0-251002-230901_key1_ZMC08_ahv_0-251002-230901_value1_1_ZMC08_538825
2026-02-02 05:15:28 - create_budget - INFO - [API REQUEST] POST https://ncm.services.nconprem-10-53-60-173.ccpnx.com/v1/cg/global/budgets
2026-02-02 05:15:28 - create_budget - INFO - [REQUEST DATA PAYLOAD] {"budgetName": "budget_1_CC_HomePC_Account_14617_ahv_0-251002-230901_key1_ZMC08_ahv_0-251002-230901_value1_1_ZMC08_538825", "financialYearStartMonth": "2", "resourceGroups": {"costCenters": ["eac03229-ca52-43e4-a3cf-f6ee0c6c07ac"]}, "systemEstimate": true, "budgetAlert": {"configuration": {"monthly": [{"thresholdPercent": 65, "isDisabled": false}], "quarterly": [{"thresholdPercent": 78, "isDisabled": false}], "yearly": [{"thresholdPercent": 86, "isDisabled": false}]}, "recipients": ["sspuser1@systest.nutanix.com"], "isDisabled": false}}
2026-02-02 05:15:28 - create_budget - INFO - [API RESPONSE] POST https://ncm.services.nconprem-10-53-60-173.ccpnx.com/v1/cg/global/budgets
2026-02-02 05:15:28 - create_budget - INFO - [STATUS CODE] 200
2026-02-02 05:15:28 - create_budget - INFO - [TIME TAKEN] 0.2675 seconds (267.47 ms)
2026-02-02 05:15:28 - create_budget - INFO - [RESPONSE CONTENT-TYPE] application/json
2026-02-02 05:15:28 - create_budget - INFO - [RESPONSE PAYLOAD]
{
  "budgetId": "9e6779fd-60ef-4d49-aa0f-073b5b9dca06"
}
2026-02-02 05:15:28 - create_budget - INFO - ✓ Created budget: budget_1_CC_HomePC_Account_14617_ahv_0-251002-230901_key1_ZMC08_ahv_0-251002-230901_value1_1_ZMC08_538825
2026-02-02 05:15:28 - create_budget - INFO - [82/219] Creating CC budget: budget_1_CC_HomePC_Account_14617_ahv_0-251003-055714_key1_zcZmD_ahv_0-251003-055714_value1_1_zcZmD_538825
2026-02-02 05:15:28 - create_budget - INFO - [API REQUEST] POST https://ncm.services.nconprem-10-53-60-173.ccpnx.com/v1/cg/global/budgets
2026-02-02 05:15:28 - create_budget - INFO - [REQUEST DATA PAYLOAD] {"budgetName": "budget_1_CC_HomePC_Account_14617_ahv_0-251003-055714_key1_zcZmD_ahv_0-251003-055714_value1_1_zcZmD_538825", "financialYearStartMonth": "8", "resourceGroups": {"costCenters": ["251d304b-edeb-4718-98b7-9f7860df5036"]}, "systemEstimate": true, "budgetAlert": {"configuration": {"monthly": [{"thresholdPercent": 74, "isDisabled": false}], "quarterly": [{"thresholdPercent": 82, "isDisabled": false}], "yearly": [{"thresholdPercent": 88, "isDisabled": false}]}, "recipients": ["sspuser1@systest.nutanix.com"], "isDisabled": false}}
2026-02-02 05:15:29 - create_budget - INFO - [API RESPONSE] POST https://ncm.services.nconprem-10-53-60-173.ccpnx.com/v1/cg/global/budgets
2026-02-02 05:15:29 - create_budget - INFO - [STATUS CODE] 200
2026-02-02 05:15:29 - create_budget - INFO - [TIME TAKEN] 0.4249 seconds (424.86 ms)
2026-02-02 05:15:29 - create_budget - INFO - [RESPONSE CONTENT-TYPE] application/json
2026-02-02 05:15:29 - create_budget - INFO - [RESPONSE PAYLOAD]
{
  "budgetId": "1fb6d37d-92a2-4513-b64c-4dc3e6dd6f07"
}
2026-02-02 05:15:29 - create_budget - INFO - ✓ Created budget: budget_1_CC_HomePC_Account_14617_ahv_0-251003-055714_key1_zcZmD_ahv_0-251003-055714_value1_1_zcZmD_538825
2026-02-02 05:15:29 - create_budget - INFO - [83/219] Creating CC budget: budget_1_CC_HomePC_Account_14617_ahv_0-250930-142555-NameChanged_key1_gTvXL_ahv_0-250930-142555-NameChanged_value1_10_gTvXL_538825
2026-02-02 05:15:29 - create_budget - INFO - [API REQUEST] POST https://ncm.services.nconprem-10-53-60-173.ccpnx.com/v1/cg/global/budgets
2026-02-02 05:15:29 - create_budget - INFO - [REQUEST DATA PAYLOAD] {"budgetName": "budget_1_CC_HomePC_Account_14617_ahv_0-250930-142555-NameChanged_key1_gTvXL_ahv_0-250930-142555-NameChanged_value1_10_gTvXL_538825", "financialYearStartMonth": "2", "resourceGroups": {"costCenters": ["b8e423d4-f419-4390-8ff8-01278073ba70"]}, "systemEstimate": true, "budgetAlert": {"configuration": {"monthly": [{"thresholdPercent": 73, "isDisabled": false}], "quarterly": [{"thresholdPercent": 83, "isDisabled": false}], "yearly": [{"thresholdPercent": 93, "isDisabled": false}]}, "recipients": ["sspuser1@systest.nutanix.com"], "isDisabled": false}}
2026-02-02 05:15:29 - create_budget - INFO - [API RESPONSE] POST https://ncm.services.nconprem-10-53-60-173.ccpnx.com/v1/cg/global/budgets
2026-02-02 05:15:29 - create_budget - INFO - [STATUS CODE] 200
2026-02-02 05:15:29 - create_budget - INFO - [TIME TAKEN] 0.3585 seconds (358.49 ms)
2026-02-02 05:15:29 - create_budget - INFO - [RESPONSE CONTENT-TYPE] application/json
2026-02-02 05:15:29 - create_budget - INFO - [RESPONSE PAYLOAD]
{
  "budgetId": "faf0291f-3a30-4467-9d89-49bc305febe3"
}
2026-02-02 05:15:29 - create_budget - INFO - ✓ Created budget: budget_1_CC_HomePC_Account_14617_ahv_0-250930-142555-NameChanged_key1_gTvXL_ahv_0-250930-142555-NameChanged_value1_10_gTvXL_538825
2026-02-02 05:15:29 - create_budget - INFO - [84/219] Creating CC budget: budget_1_CC_HomePC_Account_14617_ahv_0-250930-142939_key1_twjx2_ahv_0-250930-142939_value1_1_twjx2_538825
2026-02-02 05:15:29 - create_budget - INFO - [API REQUEST] POST https://ncm.services.nconprem-10-53-60-173.ccpnx.com/v1/cg/global/budgets
2026-02-02 05:15:29 - create_budget - INFO - [REQUEST DATA PAYLOAD] {"budgetName": "budget_1_CC_HomePC_Account_14617_ahv_0-250930-142939_key1_twjx2_ahv_0-250930-142939_value1_1_twjx2_538825", "financialYearStartMonth": "8", "resourceGroups": {"costCenters": ["f78cbd8a-1071-4f4e-bf47-a33563eff84b"]}, "systemEstimate": true, "budgetAlert": {"configuration": {"monthly": [{"thresholdPercent": 71, "isDisabled": false}], "quarterly": [{"thresholdPercent": 77, "isDisabled": false}], "yearly": [{"thresholdPercent": 88, "isDisabled": false}]}, "recipients": ["sspuser1@systest.nutanix.com"], "isDisabled": false}}
2026-02-02 05:15:29 - create_budget - INFO - [API RESPONSE] POST https://ncm.services.nconprem-10-53-60-173.ccpnx.com/v1/cg/global/budgets
2026-02-02 05:15:29 - create_budget - INFO - [STATUS CODE] 200
2026-02-02 05:15:29 - create_budget - INFO - [TIME TAKEN] 0.3280 seconds (328.02 ms)
2026-02-02 05:15:29 - create_budget - INFO - [RESPONSE CONTENT-TYPE] application/json
2026-02-02 05:15:29 - create_budget - INFO - [RESPONSE PAYLOAD]
{
  "budgetId": "5963d931-8757-4f4b-8894-04ef8cd2e1b0"
}
2026-02-02 05:15:29 - create_budget - INFO - ✓ Created budget: budget_1_CC_HomePC_Account_14617_ahv_0-250930-142939_key1_twjx2_ahv_0-250930-142939_value1_1_twjx2_538825
2026-02-02 05:15:29 - create_budget - INFO - [85/219] Creating CC budget: budget_1_CC_HomePC_Account_14617_ahv_0-250930-203852_key1_j0ZEM_ahv_0-250930-203852_value1_1_j0ZEM_538825
2026-02-02 05:15:29 - create_budget - INFO - [API REQUEST] POST https://ncm.services.nconprem-10-53-60-173.ccpnx.com/v1/cg/global/budgets
2026-02-02 05:15:29 - create_budget - INFO - [REQUEST DATA PAYLOAD] {"budgetName": "budget_1_CC_HomePC_Account_14617_ahv_0-250930-203852_key1_j0ZEM_ahv_0-250930-203852_value1_1_j0ZEM_538825", "financialYearStartMonth": "2", "resourceGroups": {"costCenters": ["a245ee7c-c100-4a89-a364-32460bf3c515"]}, "systemEstimate": true, "budgetAlert": {"configuration": {"monthly": [{"thresholdPercent": 70, "isDisabled": false}], "quarterly": [{"thresholdPercent": 80, "isDisabled": false}], "yearly": [{"thresholdPercent": 91, "isDisabled": false}]}, "recipients": ["sspuser1@systest.nutanix.com"], "isDisabled": false}}
2026-02-02 05:15:30 - create_budget - INFO - [API RESPONSE] POST https://ncm.services.nconprem-10-53-60-173.ccpnx.com/v1/cg/global/budgets
2026-02-02 05:15:30 - create_budget - INFO - [STATUS CODE] 200
2026-02-02 05:15:30 - create_budget - INFO - [TIME TAKEN] 0.3670 seconds (367.05 ms)
2026-02-02 05:15:30 - create_budget - INFO - [RESPONSE CONTENT-TYPE] application/json
2026-02-02 05:15:30 - create_budget - INFO - [RESPONSE PAYLOAD]
{
  "budgetId": "b874fe58-f51a-4b47-b392-85c9c0e5a2b3"
}
2026-02-02 05:15:30 - create_budget - INFO - ✓ Created budget: budget_1_CC_HomePC_Account_14617_ahv_0-250930-203852_key1_j0ZEM_ahv_0-250930-203852_value1_1_j0ZEM_538825
2026-02-02 05:15:30 - create_budget - INFO - [86/219] Creating BU budget: budget_1_Business_Unit_15
2026-02-02 05:15:30 - create_budget - INFO - [API REQUEST] POST https://ncm.services.nconprem-10-53-60-173.ccpnx.com/v1/cg/global/budgets
2026-02-02 05:15:30 - create_budget - INFO - [REQUEST DATA PAYLOAD] {"budgetName": "budget_1_Business_Unit_15", "financialYearStartMonth": "7", "resourceGroups": {"businessUnit": ["ddbd8fae-31cb-4e02-91f1-1e3a389fa39f"]}, "systemEstimate": true, "budgetAlert": {"configuration": {"monthly": [{"thresholdPercent": 70, "isDisabled": false}], "quarterly": [{"thresholdPercent": 84, "isDisabled": false}], "yearly": [{"thresholdPercent": 85, "isDisabled": false}]}, "recipients": ["sspuser1@systest.nutanix.com"], "isDisabled": false}}
2026-02-02 05:15:30 - create_budget - INFO - [API RESPONSE] POST https://ncm.services.nconprem-10-53-60-173.ccpnx.com/v1/cg/global/budgets
2026-02-02 05:15:30 - create_budget - INFO - [STATUS CODE] 500
2026-02-02 05:15:30 - create_budget - INFO - [TIME TAKEN] 0.2790 seconds (279.00 ms)
2026-02-02 05:15:30 - create_budget - INFO - [RESPONSE CONTENT-TYPE] application/json
2026-02-02 05:15:30 - create_budget - INFO - [RESPONSE PAYLOAD]
{
  "errorCode": 990020,
  "errorMessage": "The system encountered an internal error. If the issue persists, please reach out to our support."
}
2026-02-02 05:15:30 - create_budget - ERROR - ✗ Failed to create budget 'budget_1_Business_Unit_15': HTTP 500 - {'errorCode': 990020, 'errorMessage': 'The system encountered an internal error. If the issue persists, please reach out to our support.'}
2026-02-02 05:15:30 - create_budget - INFO - [87/219] Creating CC budget: budget_1_CC_HomePC_Account_14617_ahv_0-251004-104419_key1_GA5E4_ahv_0-251004-104419_value1_1_GA5E4_538825
2026-02-02 05:15:30 - create_budget - INFO - [API REQUEST] POST https://ncm.services.nconprem-10-53-60-173.ccpnx.com/v1/cg/global/budgets
2026-02-02 05:15:30 - create_budget - INFO - [REQUEST DATA PAYLOAD] {"budgetName": "budget_1_CC_HomePC_Account_14617_ahv_0-251004-104419_key1_GA5E4_ahv_0-251004-104419_value1_1_GA5E4_538825", "financialYearStartMonth": "6", "resourceGroups": {"costCenters": ["aff61f46-c52d-40b3-b83f-0968822baaad"]}, "systemEstimate": true, "budgetAlert": {"configuration": {"monthly": [{"thresholdPercent": 74, "isDisabled": false}], "quarterly": [{"thresholdPercent": 77, "isDisabled": false}], "yearly": [{"thresholdPercent": 88, "isDisabled": false}]}, "recipients": ["sspuser1@systest.nutanix.com"], "isDisabled": false}}
2026-02-02 05:15:30 - create_budget - INFO - [API RESPONSE] POST https://ncm.services.nconprem-10-53-60-173.ccpnx.com/v1/cg/global/budgets
2026-02-02 05:15:30 - create_budget - INFO - [STATUS CODE] 200
2026-02-02 05:15:30 - create_budget - INFO - [TIME TAKEN] 0.2092 seconds (209.19 ms)
2026-02-02 05:15:30 - create_budget - INFO - [RESPONSE CONTENT-TYPE] application/json
2026-02-02 05:15:30 - create_budget - INFO - [RESPONSE PAYLOAD]
{
  "budgetId": "8cd20faf-aab6-4cec-9776-707a350f83df"
}
2026-02-02 05:15:30 - create_budget - INFO - ✓ Created budget: budget_1_CC_HomePC_Account_14617_ahv_0-251004-104419_key1_GA5E4_ahv_0-251004-104419_value1_1_GA5E4_538825
2026-02-02 05:15:30 - create_budget - INFO - [88/219] Creating CC budget: budget_1_CC_HomePC_Account_14617_ahv_0-251004-112453_key1_LWd5m_ahv_0-251004-112453_value1_1_LWd5m_377027
2026-02-02 05:15:30 - create_budget - INFO - [API REQUEST] POST https://ncm.services.nconprem-10-53-60-173.ccpnx.com/v1/cg/global/budgets
2026-02-02 05:15:30 - create_budget - INFO - [REQUEST DATA PAYLOAD] {"budgetName": "budget_1_CC_HomePC_Account_14617_ahv_0-251004-112453_key1_LWd5m_ahv_0-251004-112453_value1_1_LWd5m_377027", "financialYearStartMonth": "7", "resourceGroups": {"costCenters": ["53389bd6-7893-4a9c-a648-d965fc6b382a"]}, "systemEstimate": true, "budgetAlert": {"configuration": {"monthly": [{"thresholdPercent": 73, "isDisabled": false}], "quarterly": [{"thresholdPercent": 78, "isDisabled": false}], "yearly": [{"thresholdPercent": 85, "isDisabled": false}]}, "recipients": ["sspuser1@systest.nutanix.com"], "isDisabled": false}}
2026-02-02 05:15:31 - create_budget - INFO - [API RESPONSE] POST https://ncm.services.nconprem-10-53-60-173.ccpnx.com/v1/cg/global/budgets
2026-02-02 05:15:31 - create_budget - INFO - [STATUS CODE] 200
2026-02-02 05:15:31 - create_budget - INFO - [TIME TAKEN] 0.2838 seconds (283.82 ms)
2026-02-02 05:15:31 - create_budget - INFO - [RESPONSE CONTENT-TYPE] application/json
2026-02-02 05:15:31 - create_budget - INFO - [RESPONSE PAYLOAD]
{
  "budgetId": "878e4409-c260-4a7b-a49f-405064b89d93"
}
2026-02-02 05:15:31 - create_budget - INFO - ✓ Created budget: budget_1_CC_HomePC_Account_14617_ahv_0-251004-112453_key1_LWd5m_ahv_0-251004-112453_value1_1_LWd5m_377027
2026-02-02 05:15:31 - create_budget - INFO - [89/219] Creating CC budget: budget_1_CC_HomePC_Account_14617_ahv_0-251004-112445_key1_7Juyt_ahv_0-251004-112445_value1_1_7Juyt_538825
2026-02-02 05:15:31 - create_budget - INFO - [API REQUEST] POST https://ncm.services.nconprem-10-53-60-173.ccpnx.com/v1/cg/global/budgets
2026-02-02 05:15:31 - create_budget - INFO - [REQUEST DATA PAYLOAD] {"budgetName": "budget_1_CC_HomePC_Account_14617_ahv_0-251004-112445_key1_7Juyt_ahv_0-251004-112445_value1_1_7Juyt_538825", "financialYearStartMonth": "10", "resourceGroups": {"costCenters": ["8a12f856-6c17-440a-92d1-217aae05bf71"]}, "systemEstimate": true, "budgetAlert": {"configuration": {"monthly": [{"thresholdPercent": 72, "isDisabled": false}], "quarterly": [{"thresholdPercent": 76, "isDisabled": false}], "yearly": [{"thresholdPercent": 91, "isDisabled": false}]}, "recipients": ["sspuser1@systest.nutanix.com"], "isDisabled": false}}
2026-02-02 05:15:31 - create_budget - INFO - [API RESPONSE] POST https://ncm.services.nconprem-10-53-60-173.ccpnx.com/v1/cg/global/budgets
2026-02-02 05:15:31 - create_budget - INFO - [STATUS CODE] 200
2026-02-02 05:15:31 - create_budget - INFO - [TIME TAKEN] 0.4511 seconds (451.07 ms)
2026-02-02 05:15:31 - create_budget - INFO - [RESPONSE CONTENT-TYPE] application/json
2026-02-02 05:15:31 - create_budget - INFO - [RESPONSE PAYLOAD]
{
  "budgetId": "e4db3738-247e-4bb7-af0a-e90ffd725137"
}
2026-02-02 05:15:31 - create_budget - INFO - ✓ Created budget: budget_1_CC_HomePC_Account_14617_ahv_0-251004-112445_key1_7Juyt_ahv_0-251004-112445_value1_1_7Juyt_538825
2026-02-02 05:15:31 - create_budget - INFO - [90/219] Creating CC budget: budget_1_CC_HomePC_Account_14617_ahv_0-251004-112454_key1_P1FyH_ahv_0-251004-112454_value1_1_P1FyH_538825
2026-02-02 05:15:31 - create_budget - INFO - [API REQUEST] POST https://ncm.services.nconprem-10-53-60-173.ccpnx.com/v1/cg/global/budgets
2026-02-02 05:15:31 - create_budget - INFO - [REQUEST DATA PAYLOAD] {"budgetName": "budget_1_CC_HomePC_Account_14617_ahv_0-251004-112454_key1_P1FyH_ahv_0-251004-112454_value1_1_P1FyH_538825", "financialYearStartMonth": "3", "resourceGroups": {"costCenters": ["02d1c40c-7ff5-45fd-8dfc-a47a37ca1870"]}, "systemEstimate": true, "budgetAlert": {"configuration": {"monthly": [{"thresholdPercent": 71, "isDisabled": false}], "quarterly": [{"thresholdPercent": 77, "isDisabled": false}], "yearly": [{"thresholdPercent": 87, "isDisabled": false}]}, "recipients": ["sspuser1@systest.nutanix.com"], "isDisabled": false}}
2026-02-02 05:15:31 - create_budget - INFO - [API RESPONSE] POST https://ncm.services.nconprem-10-53-60-173.ccpnx.com/v1/cg/global/budgets
2026-02-02 05:15:31 - create_budget - INFO - [STATUS CODE] 200
2026-02-02 05:15:31 - create_budget - INFO - [TIME TAKEN] 0.3092 seconds (309.19 ms)
2026-02-02 05:15:31 - create_budget - INFO - [RESPONSE CONTENT-TYPE] application/json
2026-02-02 05:15:31 - create_budget - INFO - [RESPONSE PAYLOAD]
{
  "budgetId": "4ba6480e-89c0-44a2-9456-e7b7083c868e"
}
2026-02-02 05:15:31 - create_budget - INFO - ✓ Created budget: budget_1_CC_HomePC_Account_14617_ahv_0-251004-112454_key1_P1FyH_ahv_0-251004-112454_value1_1_P1FyH_538825
2026-02-02 05:15:31 - create_budget - INFO - [91/219] Creating CC budget: budget_1_CC_HomePC_Account_14617_ahv_0-251004-112437_key1_w3YcU_ahv_0-251004-112437_value1_1_w3YcU_377027
2026-02-02 05:15:31 - create_budget - INFO - [API REQUEST] POST https://ncm.services.nconprem-10-53-60-173.ccpnx.com/v1/cg/global/budgets
2026-02-02 05:15:31 - create_budget - INFO - [REQUEST DATA PAYLOAD] {"budgetName": "budget_1_CC_HomePC_Account_14617_ahv_0-251004-112437_key1_w3YcU_ahv_0-251004-112437_value1_1_w3YcU_377027", "financialYearStartMonth": "5", "resourceGroups": {"costCenters": ["b2636a31-14b8-4f9d-8f9b-1a75414703ac"]}, "systemEstimate": true, "budgetAlert": {"configuration": {"monthly": [{"thresholdPercent": 70, "isDisabled": false}], "quarterly": [{"thresholdPercent": 82, "isDisabled": false}], "yearly": [{"thresholdPercent": 93, "isDisabled": false}]}, "recipients": ["sspuser1@systest.nutanix.com"], "isDisabled": false}}
2026-02-02 05:15:32 - create_budget - INFO - [API RESPONSE] POST https://ncm.services.nconprem-10-53-60-173.ccpnx.com/v1/cg/global/budgets
2026-02-02 05:15:32 - create_budget - INFO - [STATUS CODE] 200
2026-02-02 05:15:32 - create_budget - INFO - [TIME TAKEN] 0.2735 seconds (273.47 ms)
2026-02-02 05:15:32 - create_budget - INFO - [RESPONSE CONTENT-TYPE] application/json
2026-02-02 05:15:32 - create_budget - INFO - [RESPONSE PAYLOAD]
{
  "budgetId": "fc5f2ecd-6f50-4a55-9efe-4f312c67c9ed"
}
2026-02-02 05:15:32 - create_budget - INFO - ✓ Created budget: budget_1_CC_HomePC_Account_14617_ahv_0-251004-112437_key1_w3YcU_ahv_0-251004-112437_value1_1_w3YcU_377027
2026-02-02 05:15:32 - create_budget - INFO - [92/219] Creating BU budget: budget_1_Business_Unit_16
2026-02-02 05:15:32 - create_budget - INFO - [API REQUEST] POST https://ncm.services.nconprem-10-53-60-173.ccpnx.com/v1/cg/global/budgets
2026-02-02 05:15:32 - create_budget - INFO - [REQUEST DATA PAYLOAD] {"budgetName": "budget_1_Business_Unit_16", "financialYearStartMonth": "5", "resourceGroups": {"businessUnit": ["1f4a5c80-316c-459f-b3ae-924b306c7c5a"]}, "systemEstimate": true, "budgetAlert": {"configuration": {"monthly": [{"thresholdPercent": 71, "isDisabled": false}], "quarterly": [{"thresholdPercent": 76, "isDisabled": false}], "yearly": [{"thresholdPercent": 93, "isDisabled": false}]}, "recipients": ["sspuser1@systest.nutanix.com"], "isDisabled": false}}
2026-02-02 05:15:32 - create_budget - INFO - [API RESPONSE] POST https://ncm.services.nconprem-10-53-60-173.ccpnx.com/v1/cg/global/budgets
2026-02-02 05:15:32 - create_budget - INFO - [STATUS CODE] 500
2026-02-02 05:15:32 - create_budget - INFO - [TIME TAKEN] 0.2759 seconds (275.90 ms)
2026-02-02 05:15:32 - create_budget - INFO - [RESPONSE CONTENT-TYPE] application/json
2026-02-02 05:15:32 - create_budget - INFO - [RESPONSE PAYLOAD]
{
  "errorCode": 990020,
  "errorMessage": "The system encountered an internal error. If the issue persists, please reach out to our support."
}
2026-02-02 05:15:32 - create_budget - ERROR - ✗ Failed to create budget 'budget_1_Business_Unit_16': HTTP 500 - {'errorCode': 990020, 'errorMessage': 'The system encountered an internal error. If the issue persists, please reach out to our support.'}
2026-02-02 05:15:32 - create_budget - INFO - [93/219] Creating CC budget: budget_1_CC_HomePC_Account_14617_ahv_0-251004-112524_key1_FxJNZ_ahv_0-251004-112524_value1_10_FxJNZ_538825
2026-02-02 05:15:32 - create_budget - INFO - [API REQUEST] POST https://ncm.services.nconprem-10-53-60-173.ccpnx.com/v1/cg/global/budgets
2026-02-02 05:15:32 - create_budget - INFO - [REQUEST DATA PAYLOAD] {"budgetName": "budget_1_CC_HomePC_Account_14617_ahv_0-251004-112524_key1_FxJNZ_ahv_0-251004-112524_value1_10_FxJNZ_538825", "financialYearStartMonth": "4", "resourceGroups": {"costCenters": ["669d5bc4-22dc-427b-8f95-320d8400f275"]}, "systemEstimate": true, "budgetAlert": {"configuration": {"monthly": [{"thresholdPercent": 75, "isDisabled": false}], "quarterly": [{"thresholdPercent": 81, "isDisabled": false}], "yearly": [{"thresholdPercent": 85, "isDisabled": false}]}, "recipients": ["sspuser1@systest.nutanix.com"], "isDisabled": false}}
2026-02-02 05:15:32 - create_budget - INFO - [API RESPONSE] POST https://ncm.services.nconprem-10-53-60-173.ccpnx.com/v1/cg/global/budgets
2026-02-02 05:15:32 - create_budget - INFO - [STATUS CODE] 200
2026-02-02 05:15:32 - create_budget - INFO - [TIME TAKEN] 0.2295 seconds (229.46 ms)
2026-02-02 05:15:32 - create_budget - INFO - [RESPONSE CONTENT-TYPE] application/json
2026-02-02 05:15:32 - create_budget - INFO - [RESPONSE PAYLOAD]
{
  "budgetId": "3cb07aae-decf-4dd9-864f-d3506045b8e9"
}
2026-02-02 05:15:32 - create_budget - INFO - ✓ Created budget: budget_1_CC_HomePC_Account_14617_ahv_0-251004-112524_key1_FxJNZ_ahv_0-251004-112524_value1_10_FxJNZ_538825
2026-02-02 05:15:32 - create_budget - INFO - [94/219] Creating CC budget: budget_1_CC_HomePC_Account_14617_ahv_0-251004-112521_key1_VxDdX_ahv_0-251004-112521_value1_10_VxDdX_538825
2026-02-02 05:15:32 - create_budget - INFO - [API REQUEST] POST https://ncm.services.nconprem-10-53-60-173.ccpnx.com/v1/cg/global/budgets
2026-02-02 05:15:32 - create_budget - INFO - [REQUEST DATA PAYLOAD] {"budgetName": "budget_1_CC_HomePC_Account_14617_ahv_0-251004-112521_key1_VxDdX_ahv_0-251004-112521_value1_10_VxDdX_538825", "financialYearStartMonth": "1", "resourceGroups": {"costCenters": ["ae6fe0a3-605d-4a8c-8789-0b6aa317007a"]}, "systemEstimate": true, "budgetAlert": {"configuration": {"monthly": [{"thresholdPercent": 68, "isDisabled": false}], "quarterly": [{"thresholdPercent": 82, "isDisabled": false}], "yearly": [{"thresholdPercent": 88, "isDisabled": false}]}, "recipients": ["sspuser1@systest.nutanix.com"], "isDisabled": false}}
2026-02-02 05:15:32 - create_budget - INFO - [API RESPONSE] POST https://ncm.services.nconprem-10-53-60-173.ccpnx.com/v1/cg/global/budgets
2026-02-02 05:15:32 - create_budget - INFO - [STATUS CODE] 200
2026-02-02 05:15:32 - create_budget - INFO - [TIME TAKEN] 0.3972 seconds (397.24 ms)
2026-02-02 05:15:32 - create_budget - INFO - [RESPONSE CONTENT-TYPE] application/json
2026-02-02 05:15:32 - create_budget - INFO - [RESPONSE PAYLOAD]
{
  "budgetId": "d3c62062-719b-4970-b204-746f0ec7e687"
}
2026-02-02 05:15:32 - create_budget - INFO - ✓ Created budget: budget_1_CC_HomePC_Account_14617_ahv_0-251004-112521_key1_VxDdX_ahv_0-251004-112521_value1_10_VxDdX_538825
2026-02-02 05:15:32 - create_budget - INFO - [95/219] Creating CC budget: budget_1_CC_HomePC_Account_14617_ahv_0-251004-112505_key1_h7zvi_ahv_0-251004-112505_value1_1_h7zvi_538825
2026-02-02 05:15:32 - create_budget - INFO - [API REQUEST] POST https://ncm.services.nconprem-10-53-60-173.ccpnx.com/v1/cg/global/budgets
2026-02-02 05:15:32 - create_budget - INFO - [REQUEST DATA PAYLOAD] {"budgetName": "budget_1_CC_HomePC_Account_14617_ahv_0-251004-112505_key1_h7zvi_ahv_0-251004-112505_value1_1_h7zvi_538825", "financialYearStartMonth": "3", "resourceGroups": {"costCenters": ["9b3abd1e-908c-48af-a3d9-d6c4d3c1a9cf"]}, "systemEstimate": true, "budgetAlert": {"configuration": {"monthly": [{"thresholdPercent": 71, "isDisabled": false}], "quarterly": [{"thresholdPercent": 83, "isDisabled": false}], "yearly": [{"thresholdPercent": 92, "isDisabled": false}]}, "recipients": ["sspuser1@systest.nutanix.com"], "isDisabled": false}}
2026-02-02 05:15:33 - create_budget - INFO - [API RESPONSE] POST https://ncm.services.nconprem-10-53-60-173.ccpnx.com/v1/cg/global/budgets
2026-02-02 05:15:33 - create_budget - INFO - [STATUS CODE] 200
2026-02-02 05:15:33 - create_budget - INFO - [TIME TAKEN] 0.4466 seconds (446.56 ms)
2026-02-02 05:15:33 - create_budget - INFO - [RESPONSE CONTENT-TYPE] application/json
2026-02-02 05:15:33 - create_budget - INFO - [RESPONSE PAYLOAD]
{
  "budgetId": "b4f38954-329b-476b-a771-652cab886624"
}
2026-02-02 05:15:33 - create_budget - INFO - ✓ Created budget: budget_1_CC_HomePC_Account_14617_ahv_0-251004-112505_key1_h7zvi_ahv_0-251004-112505_value1_1_h7zvi_538825
2026-02-02 05:15:33 - create_budget - INFO - [96/219] Creating CC budget: budget_1_CC_HomePC_Account_14617_ahv_0-251004-112507_key1_OXKuE_ahv_0-251004-112507_value1_1_OXKuE_377027
2026-02-02 05:15:33 - create_budget - INFO - [API REQUEST] POST https://ncm.services.nconprem-10-53-60-173.ccpnx.com/v1/cg/global/budgets
2026-02-02 05:15:33 - create_budget - INFO - [REQUEST DATA PAYLOAD] {"budgetName": "budget_1_CC_HomePC_Account_14617_ahv_0-251004-112507_key1_OXKuE_ahv_0-251004-112507_value1_1_OXKuE_377027", "financialYearStartMonth": "11", "resourceGroups": {"costCenters": ["3a8c5265-e633-4bd3-9ade-b36d8190e960"]}, "systemEstimate": true, "budgetAlert": {"configuration": {"monthly": [{"thresholdPercent": 75, "isDisabled": false}], "quarterly": [{"thresholdPercent": 75, "isDisabled": false}], "yearly": [{"thresholdPercent": 85, "isDisabled": false}]}, "recipients": ["sspuser1@systest.nutanix.com"], "isDisabled": false}}
2026-02-02 05:15:34 - create_budget - INFO - [API RESPONSE] POST https://ncm.services.nconprem-10-53-60-173.ccpnx.com/v1/cg/global/budgets
2026-02-02 05:15:34 - create_budget - INFO - [STATUS CODE] 200
2026-02-02 05:15:34 - create_budget - INFO - [TIME TAKEN] 1.0509 seconds (1050.93 ms)
2026-02-02 05:15:34 - create_budget - INFO - [RESPONSE CONTENT-TYPE] application/json
2026-02-02 05:15:34 - create_budget - INFO - [RESPONSE PAYLOAD]
{
  "budgetId": "895c1ece-9c9f-4e2e-afeb-865fb6587743"
}
2026-02-02 05:15:34 - create_budget - INFO - ✓ Created budget: budget_1_CC_HomePC_Account_14617_ahv_0-251004-112507_key1_OXKuE_ahv_0-251004-112507_value1_1_OXKuE_377027
2026-02-02 05:15:34 - create_budget - INFO - [97/219] Creating CC budget: budget_1_CC_HomePC_Account_14617_ahv_0-251004-112513_key1_hJU4i_ahv_0-251004-112513_value1_1_hJU4i_377027
2026-02-02 05:15:34 - create_budget - INFO - [API REQUEST] POST https://ncm.services.nconprem-10-53-60-173.ccpnx.com/v1/cg/global/budgets
2026-02-02 05:15:34 - create_budget - INFO - [REQUEST DATA PAYLOAD] {"budgetName": "budget_1_CC_HomePC_Account_14617_ahv_0-251004-112513_key1_hJU4i_ahv_0-251004-112513_value1_1_hJU4i_377027", "financialYearStartMonth": "4", "resourceGroups": {"costCenters": ["86e035e6-3eb4-46c9-afae-7693c2bd536e"]}, "systemEstimate": true, "budgetAlert": {"configuration": {"monthly": [{"thresholdPercent": 69, "isDisabled": false}], "quarterly": [{"thresholdPercent": 81, "isDisabled": false}], "yearly": [{"thresholdPercent": 90, "isDisabled": false}]}, "recipients": ["sspuser1@systest.nutanix.com"], "isDisabled": false}}
2026-02-02 05:15:34 - create_budget - INFO - [API RESPONSE] POST https://ncm.services.nconprem-10-53-60-173.ccpnx.com/v1/cg/global/budgets
2026-02-02 05:15:34 - create_budget - INFO - [STATUS CODE] 200
2026-02-02 05:15:34 - create_budget - INFO - [TIME TAKEN] 0.3166 seconds (316.57 ms)
2026-02-02 05:15:34 - create_budget - INFO - [RESPONSE CONTENT-TYPE] application/json
2026-02-02 05:15:34 - create_budget - INFO - [RESPONSE PAYLOAD]
{
  "budgetId": "473b0adb-c60b-486e-b9fe-934cd96f4db1"
}
2026-02-02 05:15:34 - create_budget - INFO - ✓ Created budget: budget_1_CC_HomePC_Account_14617_ahv_0-251004-112513_key1_hJU4i_ahv_0-251004-112513_value1_1_hJU4i_377027
2026-02-02 05:15:34 - create_budget - INFO - [98/219] Creating BU budget: budget_1_Business_Unit_17
2026-02-02 05:15:34 - create_budget - INFO - [API REQUEST] POST https://ncm.services.nconprem-10-53-60-173.ccpnx.com/v1/cg/global/budgets
2026-02-02 05:15:34 - create_budget - INFO - [REQUEST DATA PAYLOAD] {"budgetName": "budget_1_Business_Unit_17", "financialYearStartMonth": "12", "resourceGroups": {"businessUnit": ["b82cb747-ddc0-42f5-9e12-fcf32ce0d7f2"]}, "systemEstimate": true, "budgetAlert": {"configuration": {"monthly": [{"thresholdPercent": 66, "isDisabled": false}], "quarterly": [{"thresholdPercent": 80, "isDisabled": false}], "yearly": [{"thresholdPercent": 92, "isDisabled": false}]}, "recipients": ["sspuser1@systest.nutanix.com"], "isDisabled": false}}
2026-02-02 05:15:35 - create_budget - INFO - [API RESPONSE] POST https://ncm.services.nconprem-10-53-60-173.ccpnx.com/v1/cg/global/budgets
2026-02-02 05:15:35 - create_budget - INFO - [STATUS CODE] 500
2026-02-02 05:15:35 - create_budget - INFO - [TIME TAKEN] 0.3985 seconds (398.49 ms)
2026-02-02 05:15:35 - create_budget - INFO - [RESPONSE CONTENT-TYPE] application/json
2026-02-02 05:15:35 - create_budget - INFO - [RESPONSE PAYLOAD]
{
  "errorCode": 990020,
  "errorMessage": "The system encountered an internal error. If the issue persists, please reach out to our support."
}
2026-02-02 05:15:35 - create_budget - ERROR - ✗ Failed to create budget 'budget_1_Business_Unit_17': HTTP 500 - {'errorCode': 990020, 'errorMessage': 'The system encountered an internal error. If the issue persists, please reach out to our support.'}
2026-02-02 05:15:35 - create_budget - INFO - [99/219] Creating CC budget: budget_1_CC_HomePC_Account_14617_ahv_0-251004-112538_key1_8T3pf_ahv_0-251004-112538_value1_10_8T3pf_538825
2026-02-02 05:15:35 - create_budget - INFO - [API REQUEST] POST https://ncm.services.nconprem-10-53-60-173.ccpnx.com/v1/cg/global/budgets
2026-02-02 05:15:35 - create_budget - INFO - [REQUEST DATA PAYLOAD] {"budgetName": "budget_1_CC_HomePC_Account_14617_ahv_0-251004-112538_key1_8T3pf_ahv_0-251004-112538_value1_10_8T3pf_538825", "financialYearStartMonth": "1", "resourceGroups": {"costCenters": ["4b7a7f5b-d434-4302-bfdd-ab930efdeaaa"]}, "systemEstimate": true, "budgetAlert": {"configuration": {"monthly": [{"thresholdPercent": 69, "isDisabled": false}], "quarterly": [{"thresholdPercent": 76, "isDisabled": false}], "yearly": [{"thresholdPercent": 92, "isDisabled": false}]}, "recipients": ["sspuser1@systest.nutanix.com"], "isDisabled": false}}
2026-02-02 05:15:35 - create_budget - INFO - [API RESPONSE] POST https://ncm.services.nconprem-10-53-60-173.ccpnx.com/v1/cg/global/budgets
2026-02-02 05:15:35 - create_budget - INFO - [STATUS CODE] 200
2026-02-02 05:15:35 - create_budget - INFO - [TIME TAKEN] 0.5297 seconds (529.70 ms)
2026-02-02 05:15:35 - create_budget - INFO - [RESPONSE CONTENT-TYPE] application/json
2026-02-02 05:15:35 - create_budget - INFO - [RESPONSE PAYLOAD]
{
  "budgetId": "e35043d4-3a6f-42ee-ba29-9fa2346316fe"
}
2026-02-02 05:15:35 - create_budget - INFO - ✓ Created budget: budget_1_CC_HomePC_Account_14617_ahv_0-251004-112538_key1_8T3pf_ahv_0-251004-112538_value1_10_8T3pf_538825
2026-02-02 05:15:35 - create_budget - INFO - [100/219] Creating CC budget: budget_1_CC_HomePC_Account_14617_ahv_0-251004-112533_key1_GOxLS_ahv_0-251004-112533_value1_10_GOxLS_538825
2026-02-02 05:15:35 - create_budget - INFO - [API REQUEST] POST https://ncm.services.nconprem-10-53-60-173.ccpnx.com/v1/cg/global/budgets
2026-02-02 05:15:35 - create_budget - INFO - [REQUEST DATA PAYLOAD] {"budgetName": "budget_1_CC_HomePC_Account_14617_ahv_0-251004-112533_key1_GOxLS_ahv_0-251004-112533_value1_10_GOxLS_538825", "financialYearStartMonth": "2", "resourceGroups": {"costCenters": ["44c0767c-8d97-4b9a-8230-a2142595c524"]}, "systemEstimate": true, "budgetAlert": {"configuration": {"monthly": [{"thresholdPercent": 71, "isDisabled": false}], "quarterly": [{"thresholdPercent": 75, "isDisabled": false}], "yearly": [{"thresholdPercent": 91, "isDisabled": false}]}, "recipients": ["sspuser1@systest.nutanix.com"], "isDisabled": false}}
2026-02-02 05:15:36 - create_budget - INFO - [API RESPONSE] POST https://ncm.services.nconprem-10-53-60-173.ccpnx.com/v1/cg/global/budgets
2026-02-02 05:15:36 - create_budget - INFO - [STATUS CODE] 200
2026-02-02 05:15:36 - create_budget - INFO - [TIME TAKEN] 0.2790 seconds (279.00 ms)
2026-02-02 05:15:36 - create_budget - INFO - [RESPONSE CONTENT-TYPE] application/json
2026-02-02 05:15:36 - create_budget - INFO - [RESPONSE PAYLOAD]
{
  "budgetId": "7808c1e6-5ddd-4019-b640-0a299e9d16a8"
}
2026-02-02 05:15:36 - create_budget - INFO - ✓ Created budget: budget_1_CC_HomePC_Account_14617_ahv_0-251004-112533_key1_GOxLS_ahv_0-251004-112533_value1_10_GOxLS_538825
2026-02-02 05:15:36 - create_budget - INFO - [101/219] Creating CC budget: budget_1_CC_HomePC_Account_14617_ahv_0-251004-112549_key1_jePTb_ahv_0-251004-112549_value1_4_jePTb_538825
2026-02-02 05:15:36 - create_budget - INFO - [API REQUEST] POST https://ncm.services.nconprem-10-53-60-173.ccpnx.com/v1/cg/global/budgets
2026-02-02 05:15:36 - create_budget - INFO - [REQUEST DATA PAYLOAD] {"budgetName": "budget_1_CC_HomePC_Account_14617_ahv_0-251004-112549_key1_jePTb_ahv_0-251004-112549_value1_4_jePTb_538825", "financialYearStartMonth": "10", "resourceGroups": {"costCenters": ["8fb5c6ff-9bb9-4170-8d29-2651fce391d8"]}, "systemEstimate": true, "budgetAlert": {"configuration": {"monthly": [{"thresholdPercent": 68, "isDisabled": false}], "quarterly": [{"thresholdPercent": 75, "isDisabled": false}], "yearly": [{"thresholdPercent": 85, "isDisabled": false}]}, "recipients": ["sspuser1@systest.nutanix.com"], "isDisabled": false}}
2026-02-02 05:15:36 - create_budget - INFO - [API RESPONSE] POST https://ncm.services.nconprem-10-53-60-173.ccpnx.com/v1/cg/global/budgets
2026-02-02 05:15:36 - create_budget - INFO - [STATUS CODE] 200
2026-02-02 05:15:36 - create_budget - INFO - [TIME TAKEN] 0.4566 seconds (456.64 ms)
2026-02-02 05:15:36 - create_budget - INFO - [RESPONSE CONTENT-TYPE] application/json
2026-02-02 05:15:36 - create_budget - INFO - [RESPONSE PAYLOAD]
{
  "budgetId": "f330bbe6-fd0f-4006-b8f6-ace510eb4e06"
}
2026-02-02 05:15:36 - create_budget - INFO - ✓ Created budget: budget_1_CC_HomePC_Account_14617_ahv_0-251004-112549_key1_jePTb_ahv_0-251004-112549_value1_4_jePTb_538825
2026-02-02 05:15:36 - create_budget - INFO - [102/219] Creating CC budget: budget_1_CC_HomePC_Account_14617_ahv_0-251004-112543_key1_cWNZI_ahv_0-251004-112543_value1_2_cWNZI_538825
2026-02-02 05:15:36 - create_budget - INFO - [API REQUEST] POST https://ncm.services.nconprem-10-53-60-173.ccpnx.com/v1/cg/global/budgets
2026-02-02 05:15:36 - create_budget - INFO - [REQUEST DATA PAYLOAD] {"budgetName": "budget_1_CC_HomePC_Account_14617_ahv_0-251004-112543_key1_cWNZI_ahv_0-251004-112543_value1_2_cWNZI_538825", "financialYearStartMonth": "2", "resourceGroups": {"costCenters": ["1ec20630-8a6a-46bd-8d09-ec6d0db1ef64"]}, "systemEstimate": true, "budgetAlert": {"configuration": {"monthly": [{"thresholdPercent": 67, "isDisabled": false}], "quarterly": [{"thresholdPercent": 79, "isDisabled": false}], "yearly": [{"thresholdPercent": 91, "isDisabled": false}]}, "recipients": ["sspuser1@systest.nutanix.com"], "isDisabled": false}}
2026-02-02 05:15:37 - create_budget - INFO - [API RESPONSE] POST https://ncm.services.nconprem-10-53-60-173.ccpnx.com/v1/cg/global/budgets
2026-02-02 05:15:37 - create_budget - INFO - [STATUS CODE] 200
2026-02-02 05:15:37 - create_budget - INFO - [TIME TAKEN] 0.5487 seconds (548.72 ms)
2026-02-02 05:15:37 - create_budget - INFO - [RESPONSE CONTENT-TYPE] application/json
2026-02-02 05:15:37 - create_budget - INFO - [RESPONSE PAYLOAD]
{
  "budgetId": "9fa582f0-4e36-4bb3-a8ee-38602c8a3b93"
}
2026-02-02 05:15:37 - create_budget - INFO - ✓ Created budget: budget_1_CC_HomePC_Account_14617_ahv_0-251004-112543_key1_cWNZI_ahv_0-251004-112543_value1_2_cWNZI_538825
2026-02-02 05:15:37 - create_budget - INFO - [103/219] Creating CC budget: budget_1_CC_HomePC_Account_14617_ahv_0-251004-112557_key1_jW5Pe_ahv_0-251004-112557_value1_10_jW5Pe_538825
2026-02-02 05:15:37 - create_budget - INFO - [API REQUEST] POST https://ncm.services.nconprem-10-53-60-173.ccpnx.com/v1/cg/global/budgets
2026-02-02 05:15:37 - create_budget - INFO - [REQUEST DATA PAYLOAD] {"budgetName": "budget_1_CC_HomePC_Account_14617_ahv_0-251004-112557_key1_jW5Pe_ahv_0-251004-112557_value1_10_jW5Pe_538825", "financialYearStartMonth": "6", "resourceGroups": {"costCenters": ["ad62966b-08e0-41b3-a2fc-bb514e4338db"]}, "systemEstimate": true, "budgetAlert": {"configuration": {"monthly": [{"thresholdPercent": 65, "isDisabled": false}], "quarterly": [{"thresholdPercent": 75, "isDisabled": false}], "yearly": [{"thresholdPercent": 85, "isDisabled": false}]}, "recipients": ["sspuser1@systest.nutanix.com"], "isDisabled": false}}
2026-02-02 05:15:37 - create_budget - INFO - [API RESPONSE] POST https://ncm.services.nconprem-10-53-60-173.ccpnx.com/v1/cg/global/budgets
2026-02-02 05:15:37 - create_budget - INFO - [STATUS CODE] 200
2026-02-02 05:15:37 - create_budget - INFO - [TIME TAKEN] 0.4880 seconds (487.98 ms)
2026-02-02 05:15:37 - create_budget - INFO - [RESPONSE CONTENT-TYPE] application/json
2026-02-02 05:15:37 - create_budget - INFO - [RESPONSE PAYLOAD]
{
  "budgetId": "902dec54-a1f2-4a7c-828c-67ba6a25a049"
}
2026-02-02 05:15:37 - create_budget - INFO - ✓ Created budget: budget_1_CC_HomePC_Account_14617_ahv_0-251004-112557_key1_jW5Pe_ahv_0-251004-112557_value1_10_jW5Pe_538825
2026-02-02 05:15:37 - create_budget - INFO - [104/219] Creating BU budget: budget_1_Business_Unit_18
2026-02-02 05:15:37 - create_budget - INFO - [API REQUEST] POST https://ncm.services.nconprem-10-53-60-173.ccpnx.com/v1/cg/global/budgets
2026-02-02 05:15:37 - create_budget - INFO - [REQUEST DATA PAYLOAD] {"budgetName": "budget_1_Business_Unit_18", "financialYearStartMonth": "6", "resourceGroups": {"businessUnit": ["56322ec9-aae2-41a6-9a95-61abeea31480"]}, "systemEstimate": true, "budgetAlert": {"configuration": {"monthly": [{"thresholdPercent": 72, "isDisabled": false}], "quarterly": [{"thresholdPercent": 76, "isDisabled": false}], "yearly": [{"thresholdPercent": 94, "isDisabled": false}]}, "recipients": ["sspuser1@systest.nutanix.com"], "isDisabled": false}}
2026-02-02 05:15:37 - create_budget - INFO - [API RESPONSE] POST https://ncm.services.nconprem-10-53-60-173.ccpnx.com/v1/cg/global/budgets
2026-02-02 05:15:37 - create_budget - INFO - [STATUS CODE] 500
2026-02-02 05:15:37 - create_budget - INFO - [TIME TAKEN] 0.2632 seconds (263.20 ms)
2026-02-02 05:15:37 - create_budget - INFO - [RESPONSE CONTENT-TYPE] application/json
2026-02-02 05:15:37 - create_budget - INFO - [RESPONSE PAYLOAD]
{
  "errorCode": 990020,
  "errorMessage": "The system encountered an internal error. If the issue persists, please reach out to our support."
}
2026-02-02 05:15:37 - create_budget - ERROR - ✗ Failed to create budget 'budget_1_Business_Unit_18': HTTP 500 - {'errorCode': 990020, 'errorMessage': 'The system encountered an internal error. If the issue persists, please reach out to our support.'}
2026-02-02 05:15:37 - create_budget - INFO - [105/219] Creating CC budget: budget_1_CC_HomePC_Account_14617_ahv_0-251004-112558_key1_Rvw5V_ahv_0-251004-112558_value1_1_Rvw5V_538825
2026-02-02 05:15:37 - create_budget - INFO - [API REQUEST] POST https://ncm.services.nconprem-10-53-60-173.ccpnx.com/v1/cg/global/budgets
2026-02-02 05:15:37 - create_budget - INFO - [REQUEST DATA PAYLOAD] {"budgetName": "budget_1_CC_HomePC_Account_14617_ahv_0-251004-112558_key1_Rvw5V_ahv_0-251004-112558_value1_1_Rvw5V_538825", "financialYearStartMonth": "4", "resourceGroups": {"costCenters": ["80d72ef6-304c-4fc1-8fe9-7b7c75e261a8"]}, "systemEstimate": true, "budgetAlert": {"configuration": {"monthly": [{"thresholdPercent": 73, "isDisabled": false}], "quarterly": [{"thresholdPercent": 79, "isDisabled": false}], "yearly": [{"thresholdPercent": 93, "isDisabled": false}]}, "recipients": ["sspuser1@systest.nutanix.com"], "isDisabled": false}}
2026-02-02 05:15:38 - create_budget - INFO - [API RESPONSE] POST https://ncm.services.nconprem-10-53-60-173.ccpnx.com/v1/cg/global/budgets
2026-02-02 05:15:38 - create_budget - INFO - [STATUS CODE] 200
2026-02-02 05:15:38 - create_budget - INFO - [TIME TAKEN] 0.3297 seconds (329.68 ms)
2026-02-02 05:15:38 - create_budget - INFO - [RESPONSE CONTENT-TYPE] application/json
2026-02-02 05:15:38 - create_budget - INFO - [RESPONSE PAYLOAD]
{
  "budgetId": "6eb16577-8f2a-4d97-abd0-3b2d834d95f8"
}
2026-02-02 05:15:38 - create_budget - INFO - ✓ Created budget: budget_1_CC_HomePC_Account_14617_ahv_0-251004-112558_key1_Rvw5V_ahv_0-251004-112558_value1_1_Rvw5V_538825
2026-02-02 05:15:38 - create_budget - INFO - [106/219] Creating CC budget: budget_1_CC_HomePC_Account_14617_ahv_0-251004-112615_key1_JyWLu_ahv_0-251004-112615_value1_4_JyWLu_538825
2026-02-02 05:15:38 - create_budget - INFO - [API REQUEST] POST https://ncm.services.nconprem-10-53-60-173.ccpnx.com/v1/cg/global/budgets
2026-02-02 05:15:38 - create_budget - INFO - [REQUEST DATA PAYLOAD] {"budgetName": "budget_1_CC_HomePC_Account_14617_ahv_0-251004-112615_key1_JyWLu_ahv_0-251004-112615_value1_4_JyWLu_538825", "financialYearStartMonth": "10", "resourceGroups": {"costCenters": ["60ccdabb-b277-42c2-a24c-7d289b01c09a"]}, "systemEstimate": true, "budgetAlert": {"configuration": {"monthly": [{"thresholdPercent": 69, "isDisabled": false}], "quarterly": [{"thresholdPercent": 85, "isDisabled": false}], "yearly": [{"thresholdPercent": 89, "isDisabled": false}]}, "recipients": ["sspuser1@systest.nutanix.com"], "isDisabled": false}}
2026-02-02 05:15:38 - create_budget - INFO - [API RESPONSE] POST https://ncm.services.nconprem-10-53-60-173.ccpnx.com/v1/cg/global/budgets
2026-02-02 05:15:38 - create_budget - INFO - [STATUS CODE] 200
2026-02-02 05:15:38 - create_budget - INFO - [TIME TAKEN] 0.4353 seconds (435.34 ms)
2026-02-02 05:15:38 - create_budget - INFO - [RESPONSE CONTENT-TYPE] application/json
2026-02-02 05:15:38 - create_budget - INFO - [RESPONSE PAYLOAD]
{
  "budgetId": "8107d5db-c929-41f4-8f13-fa47a96af535"
}
2026-02-02 05:15:38 - create_budget - INFO - ✓ Created budget: budget_1_CC_HomePC_Account_14617_ahv_0-251004-112615_key1_JyWLu_ahv_0-251004-112615_value1_4_JyWLu_538825
2026-02-02 05:15:38 - create_budget - INFO - [107/219] Creating CC budget: budget_1_CC_HomePC_Account_14617_ahv_0-251004-112618_key1_7aFgy_ahv_0-251004-112618_value1_1_7aFgy_538825
2026-02-02 05:15:38 - create_budget - INFO - [API REQUEST] POST https://ncm.services.nconprem-10-53-60-173.ccpnx.com/v1/cg/global/budgets
2026-02-02 05:15:38 - create_budget - INFO - [REQUEST DATA PAYLOAD] {"budgetName": "budget_1_CC_HomePC_Account_14617_ahv_0-251004-112618_key1_7aFgy_ahv_0-251004-112618_value1_1_7aFgy_538825", "financialYearStartMonth": "10", "resourceGroups": {"costCenters": ["f407f08a-d96f-4984-9753-472b4fef6394"]}, "systemEstimate": true, "budgetAlert": {"configuration": {"monthly": [{"thresholdPercent": 66, "isDisabled": false}], "quarterly": [{"thresholdPercent": 78, "isDisabled": false}], "yearly": [{"thresholdPercent": 94, "isDisabled": false}]}, "recipients": ["sspuser1@systest.nutanix.com"], "isDisabled": false}}
2026-02-02 05:15:38 - create_budget - INFO - [API RESPONSE] POST https://ncm.services.nconprem-10-53-60-173.ccpnx.com/v1/cg/global/budgets
2026-02-02 05:15:38 - create_budget - INFO - [STATUS CODE] 200
2026-02-02 05:15:38 - create_budget - INFO - [TIME TAKEN] 0.3422 seconds (342.23 ms)
2026-02-02 05:15:38 - create_budget - INFO - [RESPONSE CONTENT-TYPE] application/json
2026-02-02 05:15:38 - create_budget - INFO - [RESPONSE PAYLOAD]
{
  "budgetId": "7a6f50f5-db88-4a71-b13c-948d5ed26031"
}
2026-02-02 05:15:38 - create_budget - INFO - ✓ Created budget: budget_1_CC_HomePC_Account_14617_ahv_0-251004-112618_key1_7aFgy_ahv_0-251004-112618_value1_1_7aFgy_538825
2026-02-02 05:15:38 - create_budget - INFO - [108/219] Creating CC budget: budget_1_CC_HomePC_Account_14617_ahv_0-251004-112632_key1_OWnlM_ahv_0-251004-112632_value1_1_OWnlM_538825
2026-02-02 05:15:38 - create_budget - INFO - [API REQUEST] POST https://ncm.services.nconprem-10-53-60-173.ccpnx.com/v1/cg/global/budgets
2026-02-02 05:15:38 - create_budget - INFO - [REQUEST DATA PAYLOAD] {"budgetName": "budget_1_CC_HomePC_Account_14617_ahv_0-251004-112632_key1_OWnlM_ahv_0-251004-112632_value1_1_OWnlM_538825", "financialYearStartMonth": "8", "resourceGroups": {"costCenters": ["b754e578-9a18-4b38-84ac-dbeaa8054cd7"]}, "systemEstimate": true, "budgetAlert": {"configuration": {"monthly": [{"thresholdPercent": 70, "isDisabled": false}], "quarterly": [{"thresholdPercent": 85, "isDisabled": false}], "yearly": [{"thresholdPercent": 86, "isDisabled": false}]}, "recipients": ["sspuser1@systest.nutanix.com"], "isDisabled": false}}
2026-02-02 05:15:39 - create_budget - INFO - [API RESPONSE] POST https://ncm.services.nconprem-10-53-60-173.ccpnx.com/v1/cg/global/budgets
2026-02-02 05:15:39 - create_budget - INFO - [STATUS CODE] 200
2026-02-02 05:15:39 - create_budget - INFO - [TIME TAKEN] 0.3750 seconds (375.01 ms)
2026-02-02 05:15:39 - create_budget - INFO - [RESPONSE CONTENT-TYPE] application/json
2026-02-02 05:15:39 - create_budget - INFO - [RESPONSE PAYLOAD]
{
  "budgetId": "93340aba-ffb6-4bf3-92aa-bdc9b9ad0ced"
}
2026-02-02 05:15:39 - create_budget - INFO - ✓ Created budget: budget_1_CC_HomePC_Account_14617_ahv_0-251004-112632_key1_OWnlM_ahv_0-251004-112632_value1_1_OWnlM_538825
2026-02-02 05:15:39 - create_budget - INFO - [109/219] Creating CC budget: budget_1_CC_HomePC_Account_14617_ahv_0-251004-112606_key1_tZ7F6_ahv_0-251004-112606_value1_2_tZ7F6_538825
2026-02-02 05:15:39 - create_budget - INFO - [API REQUEST] POST https://ncm.services.nconprem-10-53-60-173.ccpnx.com/v1/cg/global/budgets
2026-02-02 05:15:39 - create_budget - INFO - [REQUEST DATA PAYLOAD] {"budgetName": "budget_1_CC_HomePC_Account_14617_ahv_0-251004-112606_key1_tZ7F6_ahv_0-251004-112606_value1_2_tZ7F6_538825", "financialYearStartMonth": "8", "resourceGroups": {"costCenters": ["9e6ba223-a7e4-415b-9507-2bf872ac17a9"]}, "systemEstimate": true, "budgetAlert": {"configuration": {"monthly": [{"thresholdPercent": 65, "isDisabled": false}], "quarterly": [{"thresholdPercent": 77, "isDisabled": false}], "yearly": [{"thresholdPercent": 85, "isDisabled": false}]}, "recipients": ["sspuser1@systest.nutanix.com"], "isDisabled": false}}
2026-02-02 05:15:39 - create_budget - INFO - [API RESPONSE] POST https://ncm.services.nconprem-10-53-60-173.ccpnx.com/v1/cg/global/budgets
2026-02-02 05:15:39 - create_budget - INFO - [STATUS CODE] 200
2026-02-02 05:15:39 - create_budget - INFO - [TIME TAKEN] 0.4864 seconds (486.45 ms)
2026-02-02 05:15:39 - create_budget - INFO - [RESPONSE CONTENT-TYPE] application/json
2026-02-02 05:15:39 - create_budget - INFO - [RESPONSE PAYLOAD]
{
  "budgetId": "a9901a4f-051b-46b5-88d7-7a41440e9896"
}
2026-02-02 05:15:39 - create_budget - INFO - ✓ Created budget: budget_1_CC_HomePC_Account_14617_ahv_0-251004-112606_key1_tZ7F6_ahv_0-251004-112606_value1_2_tZ7F6_538825
2026-02-02 05:15:39 - create_budget - INFO - [110/219] Creating BU budget: budget_1_Business_Unit_19
2026-02-02 05:15:39 - create_budget - INFO - [API REQUEST] POST https://ncm.services.nconprem-10-53-60-173.ccpnx.com/v1/cg/global/budgets
2026-02-02 05:15:39 - create_budget - INFO - [REQUEST DATA PAYLOAD] {"budgetName": "budget_1_Business_Unit_19", "financialYearStartMonth": "7", "resourceGroups": {"businessUnit": ["f59ccf0d-65cb-44ff-b758-b0a26d225d92"]}, "systemEstimate": true, "budgetAlert": {"configuration": {"monthly": [{"thresholdPercent": 70, "isDisabled": false}], "quarterly": [{"thresholdPercent": 82, "isDisabled": false}], "yearly": [{"thresholdPercent": 85, "isDisabled": false}]}, "recipients": ["sspuser1@systest.nutanix.com"], "isDisabled": false}}
2026-02-02 05:15:40 - create_budget - INFO - [API RESPONSE] POST https://ncm.services.nconprem-10-53-60-173.ccpnx.com/v1/cg/global/budgets
2026-02-02 05:15:40 - create_budget - INFO - [STATUS CODE] 500
2026-02-02 05:15:40 - create_budget - INFO - [TIME TAKEN] 0.2327 seconds (232.65 ms)
2026-02-02 05:15:40 - create_budget - INFO - [RESPONSE CONTENT-TYPE] application/json
2026-02-02 05:15:40 - create_budget - INFO - [RESPONSE PAYLOAD]
{
  "errorCode": 990020,
  "errorMessage": "The system encountered an internal error. If the issue persists, please reach out to our support."
}
2026-02-02 05:15:40 - create_budget - ERROR - ✗ Failed to create budget 'budget_1_Business_Unit_19': HTTP 500 - {'errorCode': 990020, 'errorMessage': 'The system encountered an internal error. If the issue persists, please reach out to our support.'}
2026-02-02 05:15:40 - create_budget - INFO - [111/219] Creating CC budget: budget_1_CC_HomePC_Account_14617_ahv_0-251004-112635_key1_zXZb6_ahv_0-251004-112635_value1_3_zXZb6_538825
2026-02-02 05:15:40 - create_budget - INFO - [API REQUEST] POST https://ncm.services.nconprem-10-53-60-173.ccpnx.com/v1/cg/global/budgets
2026-02-02 05:15:40 - create_budget - INFO - [REQUEST DATA PAYLOAD] {"budgetName": "budget_1_CC_HomePC_Account_14617_ahv_0-251004-112635_key1_zXZb6_ahv_0-251004-112635_value1_3_zXZb6_538825", "financialYearStartMonth": "1", "resourceGroups": {"costCenters": ["c374162e-1d0f-432c-8f1b-018828eafa4d"]}, "systemEstimate": true, "budgetAlert": {"configuration": {"monthly": [{"thresholdPercent": 67, "isDisabled": false}], "quarterly": [{"thresholdPercent": 79, "isDisabled": false}], "yearly": [{"thresholdPercent": 90, "isDisabled": false}]}, "recipients": ["sspuser1@systest.nutanix.com"], "isDisabled": false}}
2026-02-02 05:15:40 - create_budget - INFO - [API RESPONSE] POST https://ncm.services.nconprem-10-53-60-173.ccpnx.com/v1/cg/global/budgets
2026-02-02 05:15:40 - create_budget - INFO - [STATUS CODE] 200
2026-02-02 05:15:40 - create_budget - INFO - [TIME TAKEN] 0.3093 seconds (309.27 ms)
2026-02-02 05:15:40 - create_budget - INFO - [RESPONSE CONTENT-TYPE] application/json
2026-02-02 05:15:40 - create_budget - INFO - [RESPONSE PAYLOAD]
{
  "budgetId": "5316a91f-57a9-4b54-b7c7-a9608c32cfc9"
}
2026-02-02 05:15:40 - create_budget - INFO - ✓ Created budget: budget_1_CC_HomePC_Account_14617_ahv_0-251004-112635_key1_zXZb6_ahv_0-251004-112635_value1_3_zXZb6_538825
2026-02-02 05:15:40 - create_budget - INFO - [112/219] Creating CC budget: budget_1_CC_HomePC_Account_14617_ahv_0-251004-112641_key1_WlNEz_ahv_0-251004-112641_value1_2_WlNEz_538825
2026-02-02 05:15:40 - create_budget - INFO - [API REQUEST] POST https://ncm.services.nconprem-10-53-60-173.ccpnx.com/v1/cg/global/budgets
2026-02-02 05:15:40 - create_budget - INFO - [REQUEST DATA PAYLOAD] {"budgetName": "budget_1_CC_HomePC_Account_14617_ahv_0-251004-112641_key1_WlNEz_ahv_0-251004-112641_value1_2_WlNEz_538825", "financialYearStartMonth": "11", "resourceGroups": {"costCenters": ["2dada90b-ee53-43e9-8703-3983fb0ee260"]}, "systemEstimate": true, "budgetAlert": {"configuration": {"monthly": [{"thresholdPercent": 66, "isDisabled": false}], "quarterly": [{"thresholdPercent": 76, "isDisabled": false}], "yearly": [{"thresholdPercent": 93, "isDisabled": false}]}, "recipients": ["sspuser1@systest.nutanix.com"], "isDisabled": false}}
2026-02-02 05:15:40 - create_budget - INFO - [API RESPONSE] POST https://ncm.services.nconprem-10-53-60-173.ccpnx.com/v1/cg/global/budgets
2026-02-02 05:15:40 - create_budget - INFO - [STATUS CODE] 200
2026-02-02 05:15:40 - create_budget - INFO - [TIME TAKEN] 0.3626 seconds (362.64 ms)
2026-02-02 05:15:40 - create_budget - INFO - [RESPONSE CONTENT-TYPE] application/json
2026-02-02 05:15:40 - create_budget - INFO - [RESPONSE PAYLOAD]
{
  "budgetId": "9ad45a36-3841-480c-b170-55ff72ed7e03"
}
2026-02-02 05:15:40 - create_budget - INFO - ✓ Created budget: budget_1_CC_HomePC_Account_14617_ahv_0-251004-112641_key1_WlNEz_ahv_0-251004-112641_value1_2_WlNEz_538825
2026-02-02 05:15:40 - create_budget - INFO - [113/219] Creating CC budget: budget_1_CC_HomePC_Account_14617_ahv_0-251004-112648_key1_sZQeA_ahv_0-251004-112648_value1_4_sZQeA_377027
2026-02-02 05:15:40 - create_budget - INFO - [API REQUEST] POST https://ncm.services.nconprem-10-53-60-173.ccpnx.com/v1/cg/global/budgets
2026-02-02 05:15:40 - create_budget - INFO - [REQUEST DATA PAYLOAD] {"budgetName": "budget_1_CC_HomePC_Account_14617_ahv_0-251004-112648_key1_sZQeA_ahv_0-251004-112648_value1_4_sZQeA_377027", "financialYearStartMonth": "4", "resourceGroups": {"costCenters": ["b5983ea4-b136-428b-aeed-3725beea99d9"]}, "systemEstimate": true, "budgetAlert": {"configuration": {"monthly": [{"thresholdPercent": 73, "isDisabled": false}], "quarterly": [{"thresholdPercent": 80, "isDisabled": false}], "yearly": [{"thresholdPercent": 86, "isDisabled": false}]}, "recipients": ["sspuser1@systest.nutanix.com"], "isDisabled": false}}
2026-02-02 05:15:41 - create_budget - INFO - [API RESPONSE] POST https://ncm.services.nconprem-10-53-60-173.ccpnx.com/v1/cg/global/budgets
2026-02-02 05:15:41 - create_budget - INFO - [STATUS CODE] 200
2026-02-02 05:15:41 - create_budget - INFO - [TIME TAKEN] 0.3308 seconds (330.81 ms)
2026-02-02 05:15:41 - create_budget - INFO - [RESPONSE CONTENT-TYPE] application/json
2026-02-02 05:15:41 - create_budget - INFO - [RESPONSE PAYLOAD]
{
  "budgetId": "dff2250d-7901-439e-82ed-5c0728fa9e48"
}
2026-02-02 05:15:41 - create_budget - INFO - ✓ Created budget: budget_1_CC_HomePC_Account_14617_ahv_0-251004-112648_key1_sZQeA_ahv_0-251004-112648_value1_4_sZQeA_377027
2026-02-02 05:15:41 - create_budget - INFO - [114/219] Creating CC budget: budget_1_CC_HomePC_Account_14617_ahv_0-251004-112659_key1_lFQeM_ahv_0-251004-112659_value1_1_lFQeM_377027
2026-02-02 05:15:41 - create_budget - INFO - [API REQUEST] POST https://ncm.services.nconprem-10-53-60-173.ccpnx.com/v1/cg/global/budgets
2026-02-02 05:15:41 - create_budget - INFO - [REQUEST DATA PAYLOAD] {"budgetName": "budget_1_CC_HomePC_Account_14617_ahv_0-251004-112659_key1_lFQeM_ahv_0-251004-112659_value1_1_lFQeM_377027", "financialYearStartMonth": "7", "resourceGroups": {"costCenters": ["62274303-0e6c-4534-8dac-395a7bbdcd72"]}, "systemEstimate": true, "budgetAlert": {"configuration": {"monthly": [{"thresholdPercent": 72, "isDisabled": false}], "quarterly": [{"thresholdPercent": 78, "isDisabled": false}], "yearly": [{"thresholdPercent": 85, "isDisabled": false}]}, "recipients": ["sspuser1@systest.nutanix.com"], "isDisabled": false}}
2026-02-02 05:15:41 - create_budget - INFO - [API RESPONSE] POST https://ncm.services.nconprem-10-53-60-173.ccpnx.com/v1/cg/global/budgets
2026-02-02 05:15:41 - create_budget - INFO - [STATUS CODE] 200
2026-02-02 05:15:41 - create_budget - INFO - [TIME TAKEN] 0.3281 seconds (328.14 ms)
2026-02-02 05:15:41 - create_budget - INFO - [RESPONSE CONTENT-TYPE] application/json
2026-02-02 05:15:41 - create_budget - INFO - [RESPONSE PAYLOAD]
{
  "budgetId": "000de7d2-dd14-417e-9a7f-628bc4834634"
}
2026-02-02 05:15:41 - create_budget - INFO - ✓ Created budget: budget_1_CC_HomePC_Account_14617_ahv_0-251004-112659_key1_lFQeM_ahv_0-251004-112659_value1_1_lFQeM_377027
2026-02-02 05:15:41 - create_budget - INFO - [115/219] Creating CC budget: budget_1_CC_HomePC_Account_14617_ahv_0-251004-112707_key1_24wOh_ahv_0-251004-112707_value1_1_24wOh_377027
2026-02-02 05:15:41 - create_budget - INFO - [API REQUEST] POST https://ncm.services.nconprem-10-53-60-173.ccpnx.com/v1/cg/global/budgets
2026-02-02 05:15:41 - create_budget - INFO - [REQUEST DATA PAYLOAD] {"budgetName": "budget_1_CC_HomePC_Account_14617_ahv_0-251004-112707_key1_24wOh_ahv_0-251004-112707_value1_1_24wOh_377027", "financialYearStartMonth": "2", "resourceGroups": {"costCenters": ["613c6fc7-39d6-426a-96f6-7357b78ab258"]}, "systemEstimate": true, "budgetAlert": {"configuration": {"monthly": [{"thresholdPercent": 66, "isDisabled": false}], "quarterly": [{"thresholdPercent": 79, "isDisabled": false}], "yearly": [{"thresholdPercent": 85, "isDisabled": false}]}, "recipients": ["sspuser1@systest.nutanix.com"], "isDisabled": false}}
2026-02-02 05:15:41 - create_budget - INFO - [API RESPONSE] POST https://ncm.services.nconprem-10-53-60-173.ccpnx.com/v1/cg/global/budgets
2026-02-02 05:15:41 - create_budget - INFO - [STATUS CODE] 200
2026-02-02 05:15:41 - create_budget - INFO - [TIME TAKEN] 0.4121 seconds (412.05 ms)
2026-02-02 05:15:41 - create_budget - INFO - [RESPONSE CONTENT-TYPE] application/json
2026-02-02 05:15:41 - create_budget - INFO - [RESPONSE PAYLOAD]
{
  "budgetId": "47534bb0-390e-42d9-a4a2-ac97cfee19da"
}
2026-02-02 05:15:41 - create_budget - INFO - ✓ Created budget: budget_1_CC_HomePC_Account_14617_ahv_0-251004-112707_key1_24wOh_ahv_0-251004-112707_value1_1_24wOh_377027
2026-02-02 05:15:41 - create_budget - INFO - [116/219] Creating BU budget: budget_1_Business_Unit_20
2026-02-02 05:15:41 - create_budget - INFO - [API REQUEST] POST https://ncm.services.nconprem-10-53-60-173.ccpnx.com/v1/cg/global/budgets
2026-02-02 05:15:41 - create_budget - INFO - [REQUEST DATA PAYLOAD] {"budgetName": "budget_1_Business_Unit_20", "financialYearStartMonth": "7", "resourceGroups": {"businessUnit": ["386fb5fc-4323-4494-bc70-f87c946b83b4"]}, "systemEstimate": true, "budgetAlert": {"configuration": {"monthly": [{"thresholdPercent": 74, "isDisabled": false}], "quarterly": [{"thresholdPercent": 78, "isDisabled": false}], "yearly": [{"thresholdPercent": 87, "isDisabled": false}]}, "recipients": ["sspuser1@systest.nutanix.com"], "isDisabled": false}}
2026-02-02 05:15:42 - create_budget - INFO - [API RESPONSE] POST https://ncm.services.nconprem-10-53-60-173.ccpnx.com/v1/cg/global/budgets
2026-02-02 05:15:42 - create_budget - INFO - [STATUS CODE] 500
2026-02-02 05:15:42 - create_budget - INFO - [TIME TAKEN] 0.3391 seconds (339.10 ms)
2026-02-02 05:15:42 - create_budget - INFO - [RESPONSE CONTENT-TYPE] application/json
2026-02-02 05:15:42 - create_budget - INFO - [RESPONSE PAYLOAD]
{
  "errorCode": 990020,
  "errorMessage": "The system encountered an internal error. If the issue persists, please reach out to our support."
}
2026-02-02 05:15:42 - create_budget - ERROR - ✗ Failed to create budget 'budget_1_Business_Unit_20': HTTP 500 - {'errorCode': 990020, 'errorMessage': 'The system encountered an internal error. If the issue persists, please reach out to our support.'}
2026-02-02 05:15:42 - create_budget - INFO - [117/219] Creating CC budget: budget_1_CC_HomePC_Account_14617_ahv_0-251004-112716_key1_y9eB9_ahv_0-251004-112716_value1_1_y9eB9_377027
2026-02-02 05:15:42 - create_budget - INFO - [API REQUEST] POST https://ncm.services.nconprem-10-53-60-173.ccpnx.com/v1/cg/global/budgets
2026-02-02 05:15:42 - create_budget - INFO - [REQUEST DATA PAYLOAD] {"budgetName": "budget_1_CC_HomePC_Account_14617_ahv_0-251004-112716_key1_y9eB9_ahv_0-251004-112716_value1_1_y9eB9_377027", "financialYearStartMonth": "4", "resourceGroups": {"costCenters": ["745bc34f-e441-4f53-960b-52e4e4956de7"]}, "systemEstimate": true, "budgetAlert": {"configuration": {"monthly": [{"thresholdPercent": 65, "isDisabled": false}], "quarterly": [{"thresholdPercent": 77, "isDisabled": false}], "yearly": [{"thresholdPercent": 90, "isDisabled": false}]}, "recipients": ["sspuser1@systest.nutanix.com"], "isDisabled": false}}
2026-02-02 05:15:42 - create_budget - INFO - [API RESPONSE] POST https://ncm.services.nconprem-10-53-60-173.ccpnx.com/v1/cg/global/budgets
2026-02-02 05:15:42 - create_budget - INFO - [STATUS CODE] 200
2026-02-02 05:15:42 - create_budget - INFO - [TIME TAKEN] 0.3611 seconds (361.13 ms)
2026-02-02 05:15:42 - create_budget - INFO - [RESPONSE CONTENT-TYPE] application/json
2026-02-02 05:15:42 - create_budget - INFO - [RESPONSE PAYLOAD]
{
  "budgetId": "8ee82fd2-4cd9-426f-b0e5-874dd8349952"
}
2026-02-02 05:15:42 - create_budget - INFO - ✓ Created budget: budget_1_CC_HomePC_Account_14617_ahv_0-251004-112716_key1_y9eB9_ahv_0-251004-112716_value1_1_y9eB9_377027
2026-02-02 05:15:42 - create_budget - INFO - [118/219] Creating CC budget: budget_1_CC_HomePC_Account_14617_ahv_0-251004-112724_key1_uLrxg_ahv_0-251004-112724_value1_1_uLrxg_377027
2026-02-02 05:15:42 - create_budget - INFO - [API REQUEST] POST https://ncm.services.nconprem-10-53-60-173.ccpnx.com/v1/cg/global/budgets
2026-02-02 05:15:42 - create_budget - INFO - [REQUEST DATA PAYLOAD] {"budgetName": "budget_1_CC_HomePC_Account_14617_ahv_0-251004-112724_key1_uLrxg_ahv_0-251004-112724_value1_1_uLrxg_377027", "financialYearStartMonth": "11", "resourceGroups": {"costCenters": ["2dc4f4a7-84c5-4944-926e-d80334c5dace"]}, "systemEstimate": true, "budgetAlert": {"configuration": {"monthly": [{"thresholdPercent": 75, "isDisabled": false}], "quarterly": [{"thresholdPercent": 75, "isDisabled": false}], "yearly": [{"thresholdPercent": 85, "isDisabled": false}]}, "recipients": ["sspuser1@systest.nutanix.com"], "isDisabled": false}}
2026-02-02 05:15:42 - create_budget - INFO - [API RESPONSE] POST https://ncm.services.nconprem-10-53-60-173.ccpnx.com/v1/cg/global/budgets
2026-02-02 05:15:42 - create_budget - INFO - [STATUS CODE] 200
2026-02-02 05:15:42 - create_budget - INFO - [TIME TAKEN] 0.3414 seconds (341.38 ms)
2026-02-02 05:15:42 - create_budget - INFO - [RESPONSE CONTENT-TYPE] application/json
2026-02-02 05:15:42 - create_budget - INFO - [RESPONSE PAYLOAD]
{
  "budgetId": "78a34368-3d2a-41ea-a337-efa37395e31a"
}
2026-02-02 05:15:42 - create_budget - INFO - ✓ Created budget: budget_1_CC_HomePC_Account_14617_ahv_0-251004-112724_key1_uLrxg_ahv_0-251004-112724_value1_1_uLrxg_377027
2026-02-02 05:15:42 - create_budget - INFO - [119/219] Creating CC budget: budget_1_CC_HomePC_Account_14617_ahv_0-251004-112728_key1_tVkNx_ahv_0-251004-112728_value1_1_tVkNx_377027
2026-02-02 05:15:42 - create_budget - INFO - [API REQUEST] POST https://ncm.services.nconprem-10-53-60-173.ccpnx.com/v1/cg/global/budgets
2026-02-02 05:15:42 - create_budget - INFO - [REQUEST DATA PAYLOAD] {"budgetName": "budget_1_CC_HomePC_Account_14617_ahv_0-251004-112728_key1_tVkNx_ahv_0-251004-112728_value1_1_tVkNx_377027", "financialYearStartMonth": "1", "resourceGroups": {"costCenters": ["95d36ec5-d18a-4998-9404-7c950be2e798"]}, "systemEstimate": true, "budgetAlert": {"configuration": {"monthly": [{"thresholdPercent": 73, "isDisabled": false}], "quarterly": [{"thresholdPercent": 82, "isDisabled": false}], "yearly": [{"thresholdPercent": 95, "isDisabled": false}]}, "recipients": ["sspuser1@systest.nutanix.com"], "isDisabled": false}}
2026-02-02 05:15:43 - create_budget - INFO - [API RESPONSE] POST https://ncm.services.nconprem-10-53-60-173.ccpnx.com/v1/cg/global/budgets
2026-02-02 05:15:43 - create_budget - INFO - [STATUS CODE] 200
2026-02-02 05:15:43 - create_budget - INFO - [TIME TAKEN] 0.4912 seconds (491.25 ms)
2026-02-02 05:15:43 - create_budget - INFO - [RESPONSE CONTENT-TYPE] application/json
2026-02-02 05:15:43 - create_budget - INFO - [RESPONSE PAYLOAD]
{
  "budgetId": "e2889367-829e-44e8-826d-31cb7262f8a0"
}
2026-02-02 05:15:43 - create_budget - INFO - ✓ Created budget: budget_1_CC_HomePC_Account_14617_ahv_0-251004-112728_key1_tVkNx_ahv_0-251004-112728_value1_1_tVkNx_377027
2026-02-02 05:15:43 - create_budget - INFO - [120/219] Creating CC budget: budget_1_CC_HomePC_Account_14617_ahv_0-251004-112739_key1_qrZ8z_ahv_0-251004-112739_value1_1_qrZ8z_377027
2026-02-02 05:15:43 - create_budget - INFO - [API REQUEST] POST https://ncm.services.nconprem-10-53-60-173.ccpnx.com/v1/cg/global/budgets
2026-02-02 05:15:43 - create_budget - INFO - [REQUEST DATA PAYLOAD] {"budgetName": "budget_1_CC_HomePC_Account_14617_ahv_0-251004-112739_key1_qrZ8z_ahv_0-251004-112739_value1_1_qrZ8z_377027", "financialYearStartMonth": "11", "resourceGroups": {"costCenters": ["48dbf469-13be-49cd-8d1a-337a2d31ae47"]}, "systemEstimate": true, "budgetAlert": {"configuration": {"monthly": [{"thresholdPercent": 68, "isDisabled": false}], "quarterly": [{"thresholdPercent": 85, "isDisabled": false}], "yearly": [{"thresholdPercent": 88, "isDisabled": false}]}, "recipients": ["sspuser1@systest.nutanix.com"], "isDisabled": false}}
2026-02-02 05:15:43 - create_budget - INFO - [API RESPONSE] POST https://ncm.services.nconprem-10-53-60-173.ccpnx.com/v1/cg/global/budgets
2026-02-02 05:15:43 - create_budget - INFO - [STATUS CODE] 200
2026-02-02 05:15:43 - create_budget - INFO - [TIME TAKEN] 0.3154 seconds (315.40 ms)
2026-02-02 05:15:43 - create_budget - INFO - [RESPONSE CONTENT-TYPE] application/json
2026-02-02 05:15:43 - create_budget - INFO - [RESPONSE PAYLOAD]
{
  "budgetId": "ffffa390-99e5-4cb9-b8e2-5922961c38de"
}
2026-02-02 05:15:43 - create_budget - INFO - ✓ Created budget: budget_1_CC_HomePC_Account_14617_ahv_0-251004-112739_key1_qrZ8z_ahv_0-251004-112739_value1_1_qrZ8z_377027
2026-02-02 05:15:43 - create_budget - INFO - [121/219] Creating CC budget: budget_1_CC_HomePC_Account_14617_ahv_0-251004-112725_key1_uXgze_ahv_0-251004-112725_value1_1_uXgze_377027
2026-02-02 05:15:43 - create_budget - INFO - [API REQUEST] POST https://ncm.services.nconprem-10-53-60-173.ccpnx.com/v1/cg/global/budgets
2026-02-02 05:15:43 - create_budget - INFO - [REQUEST DATA PAYLOAD] {"budgetName": "budget_1_CC_HomePC_Account_14617_ahv_0-251004-112725_key1_uXgze_ahv_0-251004-112725_value1_1_uXgze_377027", "financialYearStartMonth": "5", "resourceGroups": {"costCenters": ["ff5a7f15-8871-43f8-be43-06fc1d96dee0"]}, "systemEstimate": true, "budgetAlert": {"configuration": {"monthly": [{"thresholdPercent": 66, "isDisabled": false}], "quarterly": [{"thresholdPercent": 76, "isDisabled": false}], "yearly": [{"thresholdPercent": 86, "isDisabled": false}]}, "recipients": ["sspuser1@systest.nutanix.com"], "isDisabled": false}}
2026-02-02 05:15:43 - create_budget - INFO - [API RESPONSE] POST https://ncm.services.nconprem-10-53-60-173.ccpnx.com/v1/cg/global/budgets
2026-02-02 05:15:43 - create_budget - INFO - [STATUS CODE] 200
2026-02-02 05:15:43 - create_budget - INFO - [TIME TAKEN] 0.2872 seconds (287.23 ms)
2026-02-02 05:15:43 - create_budget - INFO - [RESPONSE CONTENT-TYPE] application/json
2026-02-02 05:15:43 - create_budget - INFO - [RESPONSE PAYLOAD]
{
  "budgetId": "61aa3185-2475-4482-901f-e4931ed2ae2c"
}
2026-02-02 05:15:43 - create_budget - INFO - ✓ Created budget: budget_1_CC_HomePC_Account_14617_ahv_0-251004-112725_key1_uXgze_ahv_0-251004-112725_value1_1_uXgze_377027
2026-02-02 05:15:43 - create_budget - INFO - [122/219] Creating BU budget: budget_1_Business_Unit_21
2026-02-02 05:15:43 - create_budget - INFO - [API REQUEST] POST https://ncm.services.nconprem-10-53-60-173.ccpnx.com/v1/cg/global/budgets
2026-02-02 05:15:43 - create_budget - INFO - [REQUEST DATA PAYLOAD] {"budgetName": "budget_1_Business_Unit_21", "financialYearStartMonth": "5", "resourceGroups": {"businessUnit": ["8873a47e-9d3b-4882-86cd-56749cff3735"]}, "systemEstimate": true, "budgetAlert": {"configuration": {"monthly": [{"thresholdPercent": 66, "isDisabled": false}], "quarterly": [{"thresholdPercent": 77, "isDisabled": false}], "yearly": [{"thresholdPercent": 90, "isDisabled": false}]}, "recipients": ["sspuser1@systest.nutanix.com"], "isDisabled": false}}
2026-02-02 05:15:44 - create_budget - INFO - [API RESPONSE] POST https://ncm.services.nconprem-10-53-60-173.ccpnx.com/v1/cg/global/budgets
2026-02-02 05:15:44 - create_budget - INFO - [STATUS CODE] 500
2026-02-02 05:15:44 - create_budget - INFO - [TIME TAKEN] 0.2726 seconds (272.56 ms)
2026-02-02 05:15:44 - create_budget - INFO - [RESPONSE CONTENT-TYPE] application/json
2026-02-02 05:15:44 - create_budget - INFO - [RESPONSE PAYLOAD]
{
  "errorCode": 990020,
  "errorMessage": "The system encountered an internal error. If the issue persists, please reach out to our support."
}
2026-02-02 05:15:44 - create_budget - ERROR - ✗ Failed to create budget 'budget_1_Business_Unit_21': HTTP 500 - {'errorCode': 990020, 'errorMessage': 'The system encountered an internal error. If the issue persists, please reach out to our support.'}
2026-02-02 05:15:44 - create_budget - INFO - [123/219] Creating CC budget: budget_1_CC_HomePC_Account_14617_ahv_0-251004-112740_key1_2Y58r_ahv_0-251004-112740_value1_1_2Y58r_377027
2026-02-02 05:15:44 - create_budget - INFO - [API REQUEST] POST https://ncm.services.nconprem-10-53-60-173.ccpnx.com/v1/cg/global/budgets
2026-02-02 05:15:44 - create_budget - INFO - [REQUEST DATA PAYLOAD] {"budgetName": "budget_1_CC_HomePC_Account_14617_ahv_0-251004-112740_key1_2Y58r_ahv_0-251004-112740_value1_1_2Y58r_377027", "financialYearStartMonth": "3", "resourceGroups": {"costCenters": ["7dad68c0-2a53-4dd1-b85c-0cbc63a71861"]}, "systemEstimate": true, "budgetAlert": {"configuration": {"monthly": [{"thresholdPercent": 66, "isDisabled": false}], "quarterly": [{"thresholdPercent": 80, "isDisabled": false}], "yearly": [{"thresholdPercent": 95, "isDisabled": false}]}, "recipients": ["sspuser1@systest.nutanix.com"], "isDisabled": false}}
2026-02-02 05:15:44 - create_budget - INFO - [API RESPONSE] POST https://ncm.services.nconprem-10-53-60-173.ccpnx.com/v1/cg/global/budgets
2026-02-02 05:15:44 - create_budget - INFO - [STATUS CODE] 200
2026-02-02 05:15:44 - create_budget - INFO - [TIME TAKEN] 0.3014 seconds (301.39 ms)
2026-02-02 05:15:44 - create_budget - INFO - [RESPONSE CONTENT-TYPE] application/json
2026-02-02 05:15:44 - create_budget - INFO - [RESPONSE PAYLOAD]
{
  "budgetId": "349213c4-74ff-4d1b-869c-d3bc80fd2a09"
}
2026-02-02 05:15:44 - create_budget - INFO - ✓ Created budget: budget_1_CC_HomePC_Account_14617_ahv_0-251004-112740_key1_2Y58r_ahv_0-251004-112740_value1_1_2Y58r_377027
2026-02-02 05:15:44 - create_budget - INFO - [124/219] Creating CC budget: budget_1_CC_HomePC_Account_14617_ahv_0-251004-112755_key1_K8h54_ahv_0-251004-112755_value1_1_K8h54_377027
2026-02-02 05:15:44 - create_budget - INFO - [API REQUEST] POST https://ncm.services.nconprem-10-53-60-173.ccpnx.com/v1/cg/global/budgets
2026-02-02 05:15:44 - create_budget - INFO - [REQUEST DATA PAYLOAD] {"budgetName": "budget_1_CC_HomePC_Account_14617_ahv_0-251004-112755_key1_K8h54_ahv_0-251004-112755_value1_1_K8h54_377027", "financialYearStartMonth": "6", "resourceGroups": {"costCenters": ["abbffa07-749f-4307-823b-5d2db99b831e"]}, "systemEstimate": true, "budgetAlert": {"configuration": {"monthly": [{"thresholdPercent": 65, "isDisabled": false}], "quarterly": [{"thresholdPercent": 83, "isDisabled": false}], "yearly": [{"thresholdPercent": 92, "isDisabled": false}]}, "recipients": ["sspuser1@systest.nutanix.com"], "isDisabled": false}}
2026-02-02 05:15:44 - create_budget - INFO - [API RESPONSE] POST https://ncm.services.nconprem-10-53-60-173.ccpnx.com/v1/cg/global/budgets
2026-02-02 05:15:44 - create_budget - INFO - [STATUS CODE] 200
2026-02-02 05:15:44 - create_budget - INFO - [TIME TAKEN] 0.3205 seconds (320.48 ms)
2026-02-02 05:15:44 - create_budget - INFO - [RESPONSE CONTENT-TYPE] application/json
2026-02-02 05:15:44 - create_budget - INFO - [RESPONSE PAYLOAD]
{
  "budgetId": "6f2bd0e6-3410-4d1e-b820-e1ef062a5e7a"
}
2026-02-02 05:15:44 - create_budget - INFO - ✓ Created budget: budget_1_CC_HomePC_Account_14617_ahv_0-251004-112755_key1_K8h54_ahv_0-251004-112755_value1_1_K8h54_377027
2026-02-02 05:15:44 - create_budget - INFO - [125/219] Creating CC budget: budget_1_CC_HomePC_Account_14617_ahv_0-251004-123942_key1_AMkuF_ahv_0-251004-123942_value1_1_AMkuF_377027
2026-02-02 05:15:44 - create_budget - INFO - [API REQUEST] POST https://ncm.services.nconprem-10-53-60-173.ccpnx.com/v1/cg/global/budgets
2026-02-02 05:15:44 - create_budget - INFO - [REQUEST DATA PAYLOAD] {"budgetName": "budget_1_CC_HomePC_Account_14617_ahv_0-251004-123942_key1_AMkuF_ahv_0-251004-123942_value1_1_AMkuF_377027", "financialYearStartMonth": "2", "resourceGroups": {"costCenters": ["3e901fe4-48ed-428f-a575-ba0849e7b8b5"]}, "systemEstimate": true, "budgetAlert": {"configuration": {"monthly": [{"thresholdPercent": 66, "isDisabled": false}], "quarterly": [{"thresholdPercent": 82, "isDisabled": false}], "yearly": [{"thresholdPercent": 88, "isDisabled": false}]}, "recipients": ["sspuser1@systest.nutanix.com"], "isDisabled": false}}
2026-02-02 05:15:45 - create_budget - INFO - [API RESPONSE] POST https://ncm.services.nconprem-10-53-60-173.ccpnx.com/v1/cg/global/budgets
2026-02-02 05:15:45 - create_budget - INFO - [STATUS CODE] 200
2026-02-02 05:15:45 - create_budget - INFO - [TIME TAKEN] 0.3926 seconds (392.56 ms)
2026-02-02 05:15:45 - create_budget - INFO - [RESPONSE CONTENT-TYPE] application/json
2026-02-02 05:15:45 - create_budget - INFO - [RESPONSE PAYLOAD]
{
  "budgetId": "055c9259-6e7e-4a00-abe6-131104475b35"
}
2026-02-02 05:15:45 - create_budget - INFO - ✓ Created budget: budget_1_CC_HomePC_Account_14617_ahv_0-251004-123942_key1_AMkuF_ahv_0-251004-123942_value1_1_AMkuF_377027
2026-02-02 05:15:45 - create_budget - INFO - [126/219] Creating CC budget: budget_1_CC_HomePC_Account_14617_ahv_0-251004-123945_key1_9Xc9r_ahv_0-251004-123945_value1_5_9Xc9r_377027
2026-02-02 05:15:45 - create_budget - INFO - [API REQUEST] POST https://ncm.services.nconprem-10-53-60-173.ccpnx.com/v1/cg/global/budgets
2026-02-02 05:15:45 - create_budget - INFO - [REQUEST DATA PAYLOAD] {"budgetName": "budget_1_CC_HomePC_Account_14617_ahv_0-251004-123945_key1_9Xc9r_ahv_0-251004-123945_value1_5_9Xc9r_377027", "financialYearStartMonth": "9", "resourceGroups": {"costCenters": ["892ba2c9-e858-4d32-8fed-5d871ac422b1"]}, "systemEstimate": true, "budgetAlert": {"configuration": {"monthly": [{"thresholdPercent": 71, "isDisabled": false}], "quarterly": [{"thresholdPercent": 76, "isDisabled": false}], "yearly": [{"thresholdPercent": 95, "isDisabled": false}]}, "recipients": ["sspuser1@systest.nutanix.com"], "isDisabled": false}}
2026-02-02 05:15:45 - create_budget - INFO - [API RESPONSE] POST https://ncm.services.nconprem-10-53-60-173.ccpnx.com/v1/cg/global/budgets
2026-02-02 05:15:45 - create_budget - INFO - [STATUS CODE] 200
2026-02-02 05:15:45 - create_budget - INFO - [TIME TAKEN] 0.3042 seconds (304.15 ms)
2026-02-02 05:15:45 - create_budget - INFO - [RESPONSE CONTENT-TYPE] application/json
2026-02-02 05:15:45 - create_budget - INFO - [RESPONSE PAYLOAD]
{
  "budgetId": "094c61d5-09b7-48de-acca-c0a98d191423"
}
2026-02-02 05:15:45 - create_budget - INFO - ✓ Created budget: budget_1_CC_HomePC_Account_14617_ahv_0-251004-123945_key1_9Xc9r_ahv_0-251004-123945_value1_5_9Xc9r_377027
2026-02-02 05:15:45 - create_budget - INFO - [127/219] Creating CC budget: budget_1_CC_HomePC_Account_14617_ahv_0-251004-112748_key1_Eb1rW_ahv_0-251004-112748_value1_1_Eb1rW_377027
2026-02-02 05:15:45 - create_budget - INFO - [API REQUEST] POST https://ncm.services.nconprem-10-53-60-173.ccpnx.com/v1/cg/global/budgets
2026-02-02 05:15:45 - create_budget - INFO - [REQUEST DATA PAYLOAD] {"budgetName": "budget_1_CC_HomePC_Account_14617_ahv_0-251004-112748_key1_Eb1rW_ahv_0-251004-112748_value1_1_Eb1rW_377027", "financialYearStartMonth": "11", "resourceGroups": {"costCenters": ["ea170f02-a82e-4a1b-8949-7561ac8cabae"]}, "systemEstimate": true, "budgetAlert": {"configuration": {"monthly": [{"thresholdPercent": 69, "isDisabled": false}], "quarterly": [{"thresholdPercent": 75, "isDisabled": false}], "yearly": [{"thresholdPercent": 95, "isDisabled": false}]}, "recipients": ["sspuser1@systest.nutanix.com"], "isDisabled": false}}
2026-02-02 05:15:45 - create_budget - INFO - [API RESPONSE] POST https://ncm.services.nconprem-10-53-60-173.ccpnx.com/v1/cg/global/budgets
2026-02-02 05:15:45 - create_budget - INFO - [STATUS CODE] 200
2026-02-02 05:15:45 - create_budget - INFO - [TIME TAKEN] 0.2742 seconds (274.24 ms)
2026-02-02 05:15:45 - create_budget - INFO - [RESPONSE CONTENT-TYPE] application/json
2026-02-02 05:15:45 - create_budget - INFO - [RESPONSE PAYLOAD]
{
  "budgetId": "546b3947-6fe3-464c-af37-1f4b50a10320"
}
2026-02-02 05:15:45 - create_budget - INFO - ✓ Created budget: budget_1_CC_HomePC_Account_14617_ahv_0-251004-112748_key1_Eb1rW_ahv_0-251004-112748_value1_1_Eb1rW_377027
2026-02-02 05:15:45 - create_budget - INFO - [128/219] Creating BU budget: budget_1_Business_Unit_22
2026-02-02 05:15:45 - create_budget - INFO - [API REQUEST] POST https://ncm.services.nconprem-10-53-60-173.ccpnx.com/v1/cg/global/budgets
2026-02-02 05:15:45 - create_budget - INFO - [REQUEST DATA PAYLOAD] {"budgetName": "budget_1_Business_Unit_22", "financialYearStartMonth": "10", "resourceGroups": {"businessUnit": ["80bfe866-9f75-4c33-8301-cd9f3c336edb"]}, "systemEstimate": true, "budgetAlert": {"configuration": {"monthly": [{"thresholdPercent": 69, "isDisabled": false}], "quarterly": [{"thresholdPercent": 80, "isDisabled": false}], "yearly": [{"thresholdPercent": 86, "isDisabled": false}]}, "recipients": ["sspuser1@systest.nutanix.com"], "isDisabled": false}}
2026-02-02 05:15:46 - create_budget - INFO - [API RESPONSE] POST https://ncm.services.nconprem-10-53-60-173.ccpnx.com/v1/cg/global/budgets
2026-02-02 05:15:46 - create_budget - INFO - [STATUS CODE] 500
2026-02-02 05:15:46 - create_budget - INFO - [TIME TAKEN] 0.2784 seconds (278.37 ms)
2026-02-02 05:15:46 - create_budget - INFO - [RESPONSE CONTENT-TYPE] application/json
2026-02-02 05:15:46 - create_budget - INFO - [RESPONSE PAYLOAD]
{
  "errorCode": 990020,
  "errorMessage": "The system encountered an internal error. If the issue persists, please reach out to our support."
}
2026-02-02 05:15:46 - create_budget - ERROR - ✗ Failed to create budget 'budget_1_Business_Unit_22': HTTP 500 - {'errorCode': 990020, 'errorMessage': 'The system encountered an internal error. If the issue persists, please reach out to our support.'}
2026-02-02 05:15:46 - create_budget - INFO - [129/219] Creating CC budget: budget_1_CC_HomePC_Account_14617_ahv_0-251004-124014_key1_YeKDR_ahv_0-251004-124014_value1_2_YeKDR_377027
2026-02-02 05:15:46 - create_budget - INFO - [API REQUEST] POST https://ncm.services.nconprem-10-53-60-173.ccpnx.com/v1/cg/global/budgets
2026-02-02 05:15:46 - create_budget - INFO - [REQUEST DATA PAYLOAD] {"budgetName": "budget_1_CC_HomePC_Account_14617_ahv_0-251004-124014_key1_YeKDR_ahv_0-251004-124014_value1_2_YeKDR_377027", "financialYearStartMonth": "10", "resourceGroups": {"costCenters": ["8d4ac34a-6e74-464a-9643-6dd531f63522"]}, "systemEstimate": true, "budgetAlert": {"configuration": {"monthly": [{"thresholdPercent": 71, "isDisabled": false}], "quarterly": [{"thresholdPercent": 84, "isDisabled": false}], "yearly": [{"thresholdPercent": 94, "isDisabled": false}]}, "recipients": ["sspuser1@systest.nutanix.com"], "isDisabled": false}}
2026-02-02 05:15:46 - create_budget - INFO - [API RESPONSE] POST https://ncm.services.nconprem-10-53-60-173.ccpnx.com/v1/cg/global/budgets
2026-02-02 05:15:46 - create_budget - INFO - [STATUS CODE] 200
2026-02-02 05:15:46 - create_budget - INFO - [TIME TAKEN] 0.3966 seconds (396.55 ms)
2026-02-02 05:15:46 - create_budget - INFO - [RESPONSE CONTENT-TYPE] application/json
2026-02-02 05:15:46 - create_budget - INFO - [RESPONSE PAYLOAD]
{
  "budgetId": "486446d9-a6c0-48b4-b69a-6423f2070df2"
}
2026-02-02 05:15:46 - create_budget - INFO - ✓ Created budget: budget_1_CC_HomePC_Account_14617_ahv_0-251004-124014_key1_YeKDR_ahv_0-251004-124014_value1_2_YeKDR_377027
2026-02-02 05:15:46 - create_budget - INFO - [130/219] Creating CC budget: budget_1_CC_HomePC_Account_14617_ahv_0-251004-123947_key1_9acxk_ahv_0-251004-123947_value1_1_9acxk_377027
2026-02-02 05:15:46 - create_budget - INFO - [API REQUEST] POST https://ncm.services.nconprem-10-53-60-173.ccpnx.com/v1/cg/global/budgets
2026-02-02 05:15:46 - create_budget - INFO - [REQUEST DATA PAYLOAD] {"budgetName": "budget_1_CC_HomePC_Account_14617_ahv_0-251004-123947_key1_9acxk_ahv_0-251004-123947_value1_1_9acxk_377027", "financialYearStartMonth": "9", "resourceGroups": {"costCenters": ["d1949428-b5e6-4b45-b972-a9bca34531e7"]}, "systemEstimate": true, "budgetAlert": {"configuration": {"monthly": [{"thresholdPercent": 65, "isDisabled": false}], "quarterly": [{"thresholdPercent": 84, "isDisabled": false}], "yearly": [{"thresholdPercent": 90, "isDisabled": false}]}, "recipients": ["sspuser1@systest.nutanix.com"], "isDisabled": false}}
2026-02-02 05:15:46 - create_budget - INFO - [API RESPONSE] POST https://ncm.services.nconprem-10-53-60-173.ccpnx.com/v1/cg/global/budgets
2026-02-02 05:15:46 - create_budget - INFO - [STATUS CODE] 200
2026-02-02 05:15:46 - create_budget - INFO - [TIME TAKEN] 0.2974 seconds (297.37 ms)
2026-02-02 05:15:46 - create_budget - INFO - [RESPONSE CONTENT-TYPE] application/json
2026-02-02 05:15:46 - create_budget - INFO - [RESPONSE PAYLOAD]
{
  "budgetId": "12e30433-2cce-4e74-b256-1599326bac07"
}
2026-02-02 05:15:46 - create_budget - INFO - ✓ Created budget: budget_1_CC_HomePC_Account_14617_ahv_0-251004-123947_key1_9acxk_ahv_0-251004-123947_value1_1_9acxk_377027
2026-02-02 05:15:46 - create_budget - INFO - [131/219] Creating CC budget: budget_1_CC_HomePC_Account_14617_ahv_0-251004-123951_key1_dFzTW_ahv_0-251004-123951_value1_1_dFzTW_377027
2026-02-02 05:15:46 - create_budget - INFO - [API REQUEST] POST https://ncm.services.nconprem-10-53-60-173.ccpnx.com/v1/cg/global/budgets
2026-02-02 05:15:46 - create_budget - INFO - [REQUEST DATA PAYLOAD] {"budgetName": "budget_1_CC_HomePC_Account_14617_ahv_0-251004-123951_key1_dFzTW_ahv_0-251004-123951_value1_1_dFzTW_377027", "financialYearStartMonth": "7", "resourceGroups": {"costCenters": ["a37f3ad9-653d-49b3-bc4d-cbeacab4cfd8"]}, "systemEstimate": true, "budgetAlert": {"configuration": {"monthly": [{"thresholdPercent": 65, "isDisabled": false}], "quarterly": [{"thresholdPercent": 78, "isDisabled": false}], "yearly": [{"thresholdPercent": 87, "isDisabled": false}]}, "recipients": ["sspuser1@systest.nutanix.com"], "isDisabled": false}}
2026-02-02 05:15:47 - create_budget - INFO - [API RESPONSE] POST https://ncm.services.nconprem-10-53-60-173.ccpnx.com/v1/cg/global/budgets
2026-02-02 05:15:47 - create_budget - INFO - [STATUS CODE] 200
2026-02-02 05:15:47 - create_budget - INFO - [TIME TAKEN] 0.4843 seconds (484.34 ms)
2026-02-02 05:15:47 - create_budget - INFO - [RESPONSE CONTENT-TYPE] application/json
2026-02-02 05:15:47 - create_budget - INFO - [RESPONSE PAYLOAD]
{
  "budgetId": "97149bb4-5ecf-41c8-9abb-a7c61ade0b78"
}
2026-02-02 05:15:47 - create_budget - INFO - ✓ Created budget: budget_1_CC_HomePC_Account_14617_ahv_0-251004-123951_key1_dFzTW_ahv_0-251004-123951_value1_1_dFzTW_377027
2026-02-02 05:15:47 - create_budget - INFO - [132/219] Creating CC budget: budget_1_CC_HomePC_Account_14617_ahv_0-251004-124010_key1_eknPl_ahv_0-251004-124010_value1_1_eknPl_377027
2026-02-02 05:15:47 - create_budget - INFO - [API REQUEST] POST https://ncm.services.nconprem-10-53-60-173.ccpnx.com/v1/cg/global/budgets
2026-02-02 05:15:47 - create_budget - INFO - [REQUEST DATA PAYLOAD] {"budgetName": "budget_1_CC_HomePC_Account_14617_ahv_0-251004-124010_key1_eknPl_ahv_0-251004-124010_value1_1_eknPl_377027", "financialYearStartMonth": "2", "resourceGroups": {"costCenters": ["d421854e-d251-4999-b41d-7ec31a82bf35"]}, "systemEstimate": true, "budgetAlert": {"configuration": {"monthly": [{"thresholdPercent": 66, "isDisabled": false}], "quarterly": [{"thresholdPercent": 82, "isDisabled": false}], "yearly": [{"thresholdPercent": 95, "isDisabled": false}]}, "recipients": ["sspuser1@systest.nutanix.com"], "isDisabled": false}}
2026-02-02 05:15:47 - create_budget - INFO - [API RESPONSE] POST https://ncm.services.nconprem-10-53-60-173.ccpnx.com/v1/cg/global/budgets
2026-02-02 05:15:47 - create_budget - INFO - [STATUS CODE] 200
2026-02-02 05:15:47 - create_budget - INFO - [TIME TAKEN] 0.3775 seconds (377.50 ms)
2026-02-02 05:15:47 - create_budget - INFO - [RESPONSE CONTENT-TYPE] application/json
2026-02-02 05:15:47 - create_budget - INFO - [RESPONSE PAYLOAD]
{
  "budgetId": "088f8f4d-3372-48b3-9746-3c5d96347185"
}
2026-02-02 05:15:47 - create_budget - INFO - ✓ Created budget: budget_1_CC_HomePC_Account_14617_ahv_0-251004-124010_key1_eknPl_ahv_0-251004-124010_value1_1_eknPl_377027
2026-02-02 05:15:47 - create_budget - INFO - [133/219] Creating CC budget: budget_1_CC_HomePC_Account_14617_ahv_0-251004-124004_key1_Sbu5J_ahv_0-251004-124004_value1_1_Sbu5J_377027
2026-02-02 05:15:47 - create_budget - INFO - [API REQUEST] POST https://ncm.services.nconprem-10-53-60-173.ccpnx.com/v1/cg/global/budgets
2026-02-02 05:15:47 - create_budget - INFO - [REQUEST DATA PAYLOAD] {"budgetName": "budget_1_CC_HomePC_Account_14617_ahv_0-251004-124004_key1_Sbu5J_ahv_0-251004-124004_value1_1_Sbu5J_377027", "financialYearStartMonth": "4", "resourceGroups": {"costCenters": ["ce6be627-9c63-4359-a313-54580f8f14ea"]}, "systemEstimate": true, "budgetAlert": {"configuration": {"monthly": [{"thresholdPercent": 67, "isDisabled": false}], "quarterly": [{"thresholdPercent": 81, "isDisabled": false}], "yearly": [{"thresholdPercent": 87, "isDisabled": false}]}, "recipients": ["sspuser1@systest.nutanix.com"], "isDisabled": false}}
2026-02-02 05:15:47 - create_budget - INFO - [API RESPONSE] POST https://ncm.services.nconprem-10-53-60-173.ccpnx.com/v1/cg/global/budgets
2026-02-02 05:15:47 - create_budget - INFO - [STATUS CODE] 200
2026-02-02 05:15:47 - create_budget - INFO - [TIME TAKEN] 0.2858 seconds (285.82 ms)
2026-02-02 05:15:47 - create_budget - INFO - [RESPONSE CONTENT-TYPE] application/json
2026-02-02 05:15:47 - create_budget - INFO - [RESPONSE PAYLOAD]
{
  "budgetId": "40da779d-4627-49af-a109-628922e18433"
}
2026-02-02 05:15:47 - create_budget - INFO - ✓ Created budget: budget_1_CC_HomePC_Account_14617_ahv_0-251004-124004_key1_Sbu5J_ahv_0-251004-124004_value1_1_Sbu5J_377027
2026-02-02 05:15:47 - create_budget - INFO - [134/219] Creating BU budget: budget_1_Business_Unit_23
2026-02-02 05:15:47 - create_budget - INFO - [API REQUEST] POST https://ncm.services.nconprem-10-53-60-173.ccpnx.com/v1/cg/global/budgets
2026-02-02 05:15:47 - create_budget - INFO - [REQUEST DATA PAYLOAD] {"budgetName": "budget_1_Business_Unit_23", "financialYearStartMonth": "5", "resourceGroups": {"businessUnit": ["481bbb27-b152-416a-a2dd-d227b3cafc15"]}, "systemEstimate": true, "budgetAlert": {"configuration": {"monthly": [{"thresholdPercent": 68, "isDisabled": false}], "quarterly": [{"thresholdPercent": 79, "isDisabled": false}], "yearly": [{"thresholdPercent": 85, "isDisabled": false}]}, "recipients": ["sspuser1@systest.nutanix.com"], "isDisabled": false}}
2026-02-02 05:15:48 - create_budget - INFO - [API RESPONSE] POST https://ncm.services.nconprem-10-53-60-173.ccpnx.com/v1/cg/global/budgets
2026-02-02 05:15:48 - create_budget - INFO - [STATUS CODE] 500
2026-02-02 05:15:48 - create_budget - INFO - [TIME TAKEN] 0.2267 seconds (226.69 ms)
2026-02-02 05:15:48 - create_budget - INFO - [RESPONSE CONTENT-TYPE] application/json
2026-02-02 05:15:48 - create_budget - INFO - [RESPONSE PAYLOAD]
{
  "errorCode": 990020,
  "errorMessage": "The system encountered an internal error. If the issue persists, please reach out to our support."
}
2026-02-02 05:15:48 - create_budget - ERROR - ✗ Failed to create budget 'budget_1_Business_Unit_23': HTTP 500 - {'errorCode': 990020, 'errorMessage': 'The system encountered an internal error. If the issue persists, please reach out to our support.'}
2026-02-02 05:15:48 - create_budget - INFO - [135/219] Creating CC budget: budget_1_CC_HomePC_Account_14617_ahv_0-251004-124037_key1_nOHmh_ahv_0-251004-124037_value1_1_nOHmh_377027
2026-02-02 05:15:48 - create_budget - INFO - [API REQUEST] POST https://ncm.services.nconprem-10-53-60-173.ccpnx.com/v1/cg/global/budgets
2026-02-02 05:15:48 - create_budget - INFO - [REQUEST DATA PAYLOAD] {"budgetName": "budget_1_CC_HomePC_Account_14617_ahv_0-251004-124037_key1_nOHmh_ahv_0-251004-124037_value1_1_nOHmh_377027", "financialYearStartMonth": "12", "resourceGroups": {"costCenters": ["a3a18557-57d0-4792-aa3b-b40bf56f9de3"]}, "systemEstimate": true, "budgetAlert": {"configuration": {"monthly": [{"thresholdPercent": 75, "isDisabled": false}], "quarterly": [{"thresholdPercent": 85, "isDisabled": false}], "yearly": [{"thresholdPercent": 92, "isDisabled": false}]}, "recipients": ["sspuser1@systest.nutanix.com"], "isDisabled": false}}
2026-02-02 05:15:48 - create_budget - INFO - [API RESPONSE] POST https://ncm.services.nconprem-10-53-60-173.ccpnx.com/v1/cg/global/budgets
2026-02-02 05:15:48 - create_budget - INFO - [STATUS CODE] 200
2026-02-02 05:15:48 - create_budget - INFO - [TIME TAKEN] 0.2405 seconds (240.51 ms)
2026-02-02 05:15:48 - create_budget - INFO - [RESPONSE CONTENT-TYPE] application/json
2026-02-02 05:15:48 - create_budget - INFO - [RESPONSE PAYLOAD]
{
  "budgetId": "11306469-1ab3-472c-85c6-087d929d8c41"
}
2026-02-02 05:15:48 - create_budget - INFO - ✓ Created budget: budget_1_CC_HomePC_Account_14617_ahv_0-251004-124037_key1_nOHmh_ahv_0-251004-124037_value1_1_nOHmh_377027
2026-02-02 05:15:48 - create_budget - INFO - [136/219] Creating CC budget: budget_1_CC_HomePC_Account_14617_ahv_0-251004-124045_key1_C6ZAP_ahv_0-251004-124045_value1_1_C6ZAP_377027
2026-02-02 05:15:48 - create_budget - INFO - [API REQUEST] POST https://ncm.services.nconprem-10-53-60-173.ccpnx.com/v1/cg/global/budgets
2026-02-02 05:15:48 - create_budget - INFO - [REQUEST DATA PAYLOAD] {"budgetName": "budget_1_CC_HomePC_Account_14617_ahv_0-251004-124045_key1_C6ZAP_ahv_0-251004-124045_value1_1_C6ZAP_377027", "financialYearStartMonth": "3", "resourceGroups": {"costCenters": ["cc810ba0-7e67-4de1-8161-865d3e96de07"]}, "systemEstimate": true, "budgetAlert": {"configuration": {"monthly": [{"thresholdPercent": 72, "isDisabled": false}], "quarterly": [{"thresholdPercent": 77, "isDisabled": false}], "yearly": [{"thresholdPercent": 87, "isDisabled": false}]}, "recipients": ["sspuser1@systest.nutanix.com"], "isDisabled": false}}
2026-02-02 05:15:48 - create_budget - INFO - [API RESPONSE] POST https://ncm.services.nconprem-10-53-60-173.ccpnx.com/v1/cg/global/budgets
2026-02-02 05:15:48 - create_budget - INFO - [STATUS CODE] 200
2026-02-02 05:15:48 - create_budget - INFO - [TIME TAKEN] 0.1998 seconds (199.76 ms)
2026-02-02 05:15:48 - create_budget - INFO - [RESPONSE CONTENT-TYPE] application/json
2026-02-02 05:15:48 - create_budget - INFO - [RESPONSE PAYLOAD]
{
  "budgetId": "8d40d435-259d-4276-88c8-ae9435a00ab1"
}
2026-02-02 05:15:48 - create_budget - INFO - ✓ Created budget: budget_1_CC_HomePC_Account_14617_ahv_0-251004-124045_key1_C6ZAP_ahv_0-251004-124045_value1_1_C6ZAP_377027
2026-02-02 05:15:48 - create_budget - INFO - [137/219] Creating CC budget: budget_1_CC_HomePC_Account_14617_ahv_0-251004-124052_key1_cRT67_ahv_0-251004-124052_value1_3_cRT67_377027
2026-02-02 05:15:48 - create_budget - INFO - [API REQUEST] POST https://ncm.services.nconprem-10-53-60-173.ccpnx.com/v1/cg/global/budgets
2026-02-02 05:15:48 - create_budget - INFO - [REQUEST DATA PAYLOAD] {"budgetName": "budget_1_CC_HomePC_Account_14617_ahv_0-251004-124052_key1_cRT67_ahv_0-251004-124052_value1_3_cRT67_377027", "financialYearStartMonth": "10", "resourceGroups": {"costCenters": ["39e3cefb-3fae-4990-9585-d758776252ee"]}, "systemEstimate": true, "budgetAlert": {"configuration": {"monthly": [{"thresholdPercent": 74, "isDisabled": false}], "quarterly": [{"thresholdPercent": 85, "isDisabled": false}], "yearly": [{"thresholdPercent": 91, "isDisabled": false}]}, "recipients": ["sspuser1@systest.nutanix.com"], "isDisabled": false}}
2026-02-02 05:15:49 - create_budget - INFO - [API RESPONSE] POST https://ncm.services.nconprem-10-53-60-173.ccpnx.com/v1/cg/global/budgets
2026-02-02 05:15:49 - create_budget - INFO - [STATUS CODE] 200
2026-02-02 05:15:49 - create_budget - INFO - [TIME TAKEN] 0.5391 seconds (539.11 ms)
2026-02-02 05:15:49 - create_budget - INFO - [RESPONSE CONTENT-TYPE] application/json
2026-02-02 05:15:49 - create_budget - INFO - [RESPONSE PAYLOAD]
{
  "budgetId": "e01f3be2-66e5-4183-8a94-4c3efa41b40a"
}
2026-02-02 05:15:49 - create_budget - INFO - ✓ Created budget: budget_1_CC_HomePC_Account_14617_ahv_0-251004-124052_key1_cRT67_ahv_0-251004-124052_value1_3_cRT67_377027
2026-02-02 05:15:49 - create_budget - INFO - [138/219] Creating CC budget: budget_1_CC_HomePC_Account_14617_ahv_0-251004-124102_key1_rru4X_ahv_0-251004-124102_value1_1_rru4X_377027
2026-02-02 05:15:49 - create_budget - INFO - [API REQUEST] POST https://ncm.services.nconprem-10-53-60-173.ccpnx.com/v1/cg/global/budgets
2026-02-02 05:15:49 - create_budget - INFO - [REQUEST DATA PAYLOAD] {"budgetName": "budget_1_CC_HomePC_Account_14617_ahv_0-251004-124102_key1_rru4X_ahv_0-251004-124102_value1_1_rru4X_377027", "financialYearStartMonth": "6", "resourceGroups": {"costCenters": ["b6fb1d1b-2232-4587-8376-b946b31bc9af"]}, "systemEstimate": true, "budgetAlert": {"configuration": {"monthly": [{"thresholdPercent": 66, "isDisabled": false}], "quarterly": [{"thresholdPercent": 80, "isDisabled": false}], "yearly": [{"thresholdPercent": 85, "isDisabled": false}]}, "recipients": ["sspuser1@systest.nutanix.com"], "isDisabled": false}}
2026-02-02 05:15:49 - create_budget - INFO - [API RESPONSE] POST https://ncm.services.nconprem-10-53-60-173.ccpnx.com/v1/cg/global/budgets
2026-02-02 05:15:49 - create_budget - INFO - [STATUS CODE] 200
2026-02-02 05:15:49 - create_budget - INFO - [TIME TAKEN] 0.4947 seconds (494.71 ms)
2026-02-02 05:15:49 - create_budget - INFO - [RESPONSE CONTENT-TYPE] application/json
2026-02-02 05:15:49 - create_budget - INFO - [RESPONSE PAYLOAD]
{
  "budgetId": "f7bb5a65-8167-4ade-af94-c62e2288f510"
}
2026-02-02 05:15:49 - create_budget - INFO - ✓ Created budget: budget_1_CC_HomePC_Account_14617_ahv_0-251004-124102_key1_rru4X_ahv_0-251004-124102_value1_1_rru4X_377027
2026-02-02 05:15:49 - create_budget - INFO - [139/219] Creating CC budget: budget_1_CC_HomePC_Account_14617_ahv_0-251004-124042_key1_dY74l_ahv_0-251004-124042_value1_5_dY74l_377027
2026-02-02 05:15:49 - create_budget - INFO - [API REQUEST] POST https://ncm.services.nconprem-10-53-60-173.ccpnx.com/v1/cg/global/budgets
2026-02-02 05:15:49 - create_budget - INFO - [REQUEST DATA PAYLOAD] {"budgetName": "budget_1_CC_HomePC_Account_14617_ahv_0-251004-124042_key1_dY74l_ahv_0-251004-124042_value1_5_dY74l_377027", "financialYearStartMonth": "6", "resourceGroups": {"costCenters": ["bbd000db-8265-4760-b9e4-f3a92cca96bf"]}, "systemEstimate": true, "budgetAlert": {"configuration": {"monthly": [{"thresholdPercent": 70, "isDisabled": false}], "quarterly": [{"thresholdPercent": 85, "isDisabled": false}], "yearly": [{"thresholdPercent": 87, "isDisabled": false}]}, "recipients": ["sspuser1@systest.nutanix.com"], "isDisabled": false}}
2026-02-02 05:15:49 - create_budget - INFO - [API RESPONSE] POST https://ncm.services.nconprem-10-53-60-173.ccpnx.com/v1/cg/global/budgets
2026-02-02 05:15:49 - create_budget - INFO - [STATUS CODE] 200
2026-02-02 05:15:49 - create_budget - INFO - [TIME TAKEN] 0.2772 seconds (277.21 ms)
2026-02-02 05:15:49 - create_budget - INFO - [RESPONSE CONTENT-TYPE] application/json
2026-02-02 05:15:49 - create_budget - INFO - [RESPONSE PAYLOAD]
{
  "budgetId": "5a7d26b1-0b6d-4b0e-9bda-a7589592c9f8"
}
2026-02-02 05:15:49 - create_budget - INFO - ✓ Created budget: budget_1_CC_HomePC_Account_14617_ahv_0-251004-124042_key1_dY74l_ahv_0-251004-124042_value1_5_dY74l_377027
2026-02-02 05:15:49 - create_budget - INFO - [140/219] Creating BU budget: budget_1_Business_Unit_24
2026-02-02 05:15:49 - create_budget - INFO - [API REQUEST] POST https://ncm.services.nconprem-10-53-60-173.ccpnx.com/v1/cg/global/budgets
2026-02-02 05:15:49 - create_budget - INFO - [REQUEST DATA PAYLOAD] {"budgetName": "budget_1_Business_Unit_24", "financialYearStartMonth": "7", "resourceGroups": {"businessUnit": ["c0383ed1-2b27-4f37-8a31-a99863089b9c"]}, "systemEstimate": true, "budgetAlert": {"configuration": {"monthly": [{"thresholdPercent": 71, "isDisabled": false}], "quarterly": [{"thresholdPercent": 85, "isDisabled": false}], "yearly": [{"thresholdPercent": 90, "isDisabled": false}]}, "recipients": ["sspuser1@systest.nutanix.com"], "isDisabled": false}}
2026-02-02 05:15:50 - create_budget - INFO - [API RESPONSE] POST https://ncm.services.nconprem-10-53-60-173.ccpnx.com/v1/cg/global/budgets
2026-02-02 05:15:50 - create_budget - INFO - [STATUS CODE] 500
2026-02-02 05:15:50 - create_budget - INFO - [TIME TAKEN] 0.3547 seconds (354.69 ms)
2026-02-02 05:15:50 - create_budget - INFO - [RESPONSE CONTENT-TYPE] application/json
2026-02-02 05:15:50 - create_budget - INFO - [RESPONSE PAYLOAD]
{
  "errorCode": 990020,
  "errorMessage": "The system encountered an internal error. If the issue persists, please reach out to our support."
}
2026-02-02 05:15:50 - create_budget - ERROR - ✗ Failed to create budget 'budget_1_Business_Unit_24': HTTP 500 - {'errorCode': 990020, 'errorMessage': 'The system encountered an internal error. If the issue persists, please reach out to our support.'}
2026-02-02 05:15:50 - create_budget - INFO - [141/219] Creating CC budget: budget_1_CC_HomePC_Account_14617_ahv_0-251004-124118_key1_6iKcc_ahv_0-251004-124118_value1_1_6iKcc_377027
2026-02-02 05:15:50 - create_budget - INFO - [API REQUEST] POST https://ncm.services.nconprem-10-53-60-173.ccpnx.com/v1/cg/global/budgets
2026-02-02 05:15:50 - create_budget - INFO - [REQUEST DATA PAYLOAD] {"budgetName": "budget_1_CC_HomePC_Account_14617_ahv_0-251004-124118_key1_6iKcc_ahv_0-251004-124118_value1_1_6iKcc_377027", "financialYearStartMonth": "12", "resourceGroups": {"costCenters": ["62483dfd-b6b7-45a5-ae4d-e5df68906f4e"]}, "systemEstimate": true, "budgetAlert": {"configuration": {"monthly": [{"thresholdPercent": 74, "isDisabled": false}], "quarterly": [{"thresholdPercent": 79, "isDisabled": false}], "yearly": [{"thresholdPercent": 89, "isDisabled": false}]}, "recipients": ["sspuser1@systest.nutanix.com"], "isDisabled": false}}
2026-02-02 05:15:50 - create_budget - INFO - [API RESPONSE] POST https://ncm.services.nconprem-10-53-60-173.ccpnx.com/v1/cg/global/budgets
2026-02-02 05:15:50 - create_budget - INFO - [STATUS CODE] 200
2026-02-02 05:15:50 - create_budget - INFO - [TIME TAKEN] 0.4175 seconds (417.53 ms)
2026-02-02 05:15:50 - create_budget - INFO - [RESPONSE CONTENT-TYPE] application/json
2026-02-02 05:15:50 - create_budget - INFO - [RESPONSE PAYLOAD]
{
  "budgetId": "6bba2344-24fd-4f31-9fd4-6f484311e897"
}
2026-02-02 05:15:50 - create_budget - INFO - ✓ Created budget: budget_1_CC_HomePC_Account_14617_ahv_0-251004-124118_key1_6iKcc_ahv_0-251004-124118_value1_1_6iKcc_377027
2026-02-02 05:15:50 - create_budget - INFO - [142/219] Creating CC budget: budget_1_CC_HomePC_Account_14617_ahv_0-251004-124125_key1_aiLCS_ahv_0-251004-124125_value1_1_aiLCS_377027
2026-02-02 05:15:50 - create_budget - INFO - [API REQUEST] POST https://ncm.services.nconprem-10-53-60-173.ccpnx.com/v1/cg/global/budgets
2026-02-02 05:15:50 - create_budget - INFO - [REQUEST DATA PAYLOAD] {"budgetName": "budget_1_CC_HomePC_Account_14617_ahv_0-251004-124125_key1_aiLCS_ahv_0-251004-124125_value1_1_aiLCS_377027", "financialYearStartMonth": "10", "resourceGroups": {"costCenters": ["42ee615c-8ce8-42da-b689-a7d95f24abe3"]}, "systemEstimate": true, "budgetAlert": {"configuration": {"monthly": [{"thresholdPercent": 74, "isDisabled": false}], "quarterly": [{"thresholdPercent": 77, "isDisabled": false}], "yearly": [{"thresholdPercent": 91, "isDisabled": false}]}, "recipients": ["sspuser1@systest.nutanix.com"], "isDisabled": false}}
2026-02-02 05:15:50 - create_budget - INFO - [API RESPONSE] POST https://ncm.services.nconprem-10-53-60-173.ccpnx.com/v1/cg/global/budgets
2026-02-02 05:15:50 - create_budget - INFO - [STATUS CODE] 200
2026-02-02 05:15:50 - create_budget - INFO - [TIME TAKEN] 0.2627 seconds (262.72 ms)
2026-02-02 05:15:50 - create_budget - INFO - [RESPONSE CONTENT-TYPE] application/json
2026-02-02 05:15:50 - create_budget - INFO - [RESPONSE PAYLOAD]
{
  "budgetId": "2cd86b5c-9f35-478e-b030-a57e2aea03e9"
}
2026-02-02 05:15:50 - create_budget - INFO - ✓ Created budget: budget_1_CC_HomePC_Account_14617_ahv_0-251004-124125_key1_aiLCS_ahv_0-251004-124125_value1_1_aiLCS_377027
2026-02-02 05:15:50 - create_budget - INFO - [143/219] Creating CC budget: budget_1_CC_HomePC_Account_14617_ahv_0-251004-124126_key1_JJLYq_ahv_0-251004-124126_value1_3_JJLYq_377027
2026-02-02 05:15:50 - create_budget - INFO - [API REQUEST] POST https://ncm.services.nconprem-10-53-60-173.ccpnx.com/v1/cg/global/budgets
2026-02-02 05:15:50 - create_budget - INFO - [REQUEST DATA PAYLOAD] {"budgetName": "budget_1_CC_HomePC_Account_14617_ahv_0-251004-124126_key1_JJLYq_ahv_0-251004-124126_value1_3_JJLYq_377027", "financialYearStartMonth": "12", "resourceGroups": {"costCenters": ["f04594b1-7bb0-406b-a912-e993bd090865"]}, "systemEstimate": true, "budgetAlert": {"configuration": {"monthly": [{"thresholdPercent": 71, "isDisabled": false}], "quarterly": [{"thresholdPercent": 80, "isDisabled": false}], "yearly": [{"thresholdPercent": 89, "isDisabled": false}]}, "recipients": ["sspuser1@systest.nutanix.com"], "isDisabled": false}}
2026-02-02 05:15:51 - create_budget - INFO - [API RESPONSE] POST https://ncm.services.nconprem-10-53-60-173.ccpnx.com/v1/cg/global/budgets
2026-02-02 05:15:51 - create_budget - INFO - [STATUS CODE] 200
2026-02-02 05:15:51 - create_budget - INFO - [TIME TAKEN] 0.2829 seconds (282.89 ms)
2026-02-02 05:15:51 - create_budget - INFO - [RESPONSE CONTENT-TYPE] application/json
2026-02-02 05:15:51 - create_budget - INFO - [RESPONSE PAYLOAD]
{
  "budgetId": "6d91746c-d270-43da-a2fc-8420eb6808f0"
}
2026-02-02 05:15:51 - create_budget - INFO - ✓ Created budget: budget_1_CC_HomePC_Account_14617_ahv_0-251004-124126_key1_JJLYq_ahv_0-251004-124126_value1_3_JJLYq_377027
2026-02-02 05:15:51 - create_budget - INFO - [144/219] Creating CC budget: budget_1_CC_HomePC_Account_14617_ahv_0-251004-124137_key1_4XjvR_ahv_0-251004-124137_value1_1_4XjvR_377027
2026-02-02 05:15:51 - create_budget - INFO - [API REQUEST] POST https://ncm.services.nconprem-10-53-60-173.ccpnx.com/v1/cg/global/budgets
2026-02-02 05:15:51 - create_budget - INFO - [REQUEST DATA PAYLOAD] {"budgetName": "budget_1_CC_HomePC_Account_14617_ahv_0-251004-124137_key1_4XjvR_ahv_0-251004-124137_value1_1_4XjvR_377027", "financialYearStartMonth": "5", "resourceGroups": {"costCenters": ["9ba5f039-97b1-409d-91fa-a41e92ecc41c"]}, "systemEstimate": true, "budgetAlert": {"configuration": {"monthly": [{"thresholdPercent": 65, "isDisabled": false}], "quarterly": [{"thresholdPercent": 82, "isDisabled": false}], "yearly": [{"thresholdPercent": 88, "isDisabled": false}]}, "recipients": ["sspuser1@systest.nutanix.com"], "isDisabled": false}}
2026-02-02 05:15:51 - create_budget - INFO - [API RESPONSE] POST https://ncm.services.nconprem-10-53-60-173.ccpnx.com/v1/cg/global/budgets
2026-02-02 05:15:51 - create_budget - INFO - [STATUS CODE] 200
2026-02-02 05:15:51 - create_budget - INFO - [TIME TAKEN] 0.2746 seconds (274.65 ms)
2026-02-02 05:15:51 - create_budget - INFO - [RESPONSE CONTENT-TYPE] application/json
2026-02-02 05:15:51 - create_budget - INFO - [RESPONSE PAYLOAD]
{
  "budgetId": "2554a2d0-dfd1-4682-a1a8-fdfe28c504d6"
}
2026-02-02 05:15:51 - create_budget - INFO - ✓ Created budget: budget_1_CC_HomePC_Account_14617_ahv_0-251004-124137_key1_4XjvR_ahv_0-251004-124137_value1_1_4XjvR_377027
2026-02-02 05:15:51 - create_budget - INFO - [145/219] Creating CC budget: budget_1_CC_HomePC_Account_14617_ahv_0-251004-124139_key1_ANBF3_ahv_0-251004-124139_value1_1_ANBF3_377027
2026-02-02 05:15:51 - create_budget - INFO - [API REQUEST] POST https://ncm.services.nconprem-10-53-60-173.ccpnx.com/v1/cg/global/budgets
2026-02-02 05:15:51 - create_budget - INFO - [REQUEST DATA PAYLOAD] {"budgetName": "budget_1_CC_HomePC_Account_14617_ahv_0-251004-124139_key1_ANBF3_ahv_0-251004-124139_value1_1_ANBF3_377027", "financialYearStartMonth": "6", "resourceGroups": {"costCenters": ["b407b978-de4b-42f9-a0d6-a74f9808a8ba"]}, "systemEstimate": true, "budgetAlert": {"configuration": {"monthly": [{"thresholdPercent": 74, "isDisabled": false}], "quarterly": [{"thresholdPercent": 85, "isDisabled": false}], "yearly": [{"thresholdPercent": 90, "isDisabled": false}]}, "recipients": ["sspuser1@systest.nutanix.com"], "isDisabled": false}}
2026-02-02 05:15:51 - create_budget - INFO - [API RESPONSE] POST https://ncm.services.nconprem-10-53-60-173.ccpnx.com/v1/cg/global/budgets
2026-02-02 05:15:51 - create_budget - INFO - [STATUS CODE] 200
2026-02-02 05:15:51 - create_budget - INFO - [TIME TAKEN] 0.2816 seconds (281.65 ms)
2026-02-02 05:15:51 - create_budget - INFO - [RESPONSE CONTENT-TYPE] application/json
2026-02-02 05:15:51 - create_budget - INFO - [RESPONSE PAYLOAD]
{
  "budgetId": "15795b3a-cf3c-4272-b1f3-3fc992888b85"
}
2026-02-02 05:15:51 - create_budget - INFO - ✓ Created budget: budget_1_CC_HomePC_Account_14617_ahv_0-251004-124139_key1_ANBF3_ahv_0-251004-124139_value1_1_ANBF3_377027
2026-02-02 05:15:51 - create_budget - INFO - [146/219] Creating BU budget: budget_1_Business_Unit_25
2026-02-02 05:15:51 - create_budget - INFO - [API REQUEST] POST https://ncm.services.nconprem-10-53-60-173.ccpnx.com/v1/cg/global/budgets
2026-02-02 05:15:51 - create_budget - INFO - [REQUEST DATA PAYLOAD] {"budgetName": "budget_1_Business_Unit_25", "financialYearStartMonth": "8", "resourceGroups": {"businessUnit": ["c8970f97-e6f0-417f-bdb1-16fafaf79318"]}, "systemEstimate": true, "budgetAlert": {"configuration": {"monthly": [{"thresholdPercent": 70, "isDisabled": false}], "quarterly": [{"thresholdPercent": 82, "isDisabled": false}], "yearly": [{"thresholdPercent": 92, "isDisabled": false}]}, "recipients": ["sspuser1@systest.nutanix.com"], "isDisabled": false}}
2026-02-02 05:15:52 - create_budget - INFO - [API RESPONSE] POST https://ncm.services.nconprem-10-53-60-173.ccpnx.com/v1/cg/global/budgets
2026-02-02 05:15:52 - create_budget - INFO - [STATUS CODE] 500
2026-02-02 05:15:52 - create_budget - INFO - [TIME TAKEN] 0.2617 seconds (261.69 ms)
2026-02-02 05:15:52 - create_budget - INFO - [RESPONSE CONTENT-TYPE] application/json
2026-02-02 05:15:52 - create_budget - INFO - [RESPONSE PAYLOAD]
{
  "errorCode": 990020,
  "errorMessage": "The system encountered an internal error. If the issue persists, please reach out to our support."
}
2026-02-02 05:15:52 - create_budget - ERROR - ✗ Failed to create budget 'budget_1_Business_Unit_25': HTTP 500 - {'errorCode': 990020, 'errorMessage': 'The system encountered an internal error. If the issue persists, please reach out to our support.'}
2026-02-02 05:15:52 - create_budget - INFO - [147/219] Creating CC budget: budget_1_CC_HomePC_Account_193e1_ADGroup_$Default_538825
2026-02-02 05:15:52 - create_budget - INFO - [API REQUEST] POST https://ncm.services.nconprem-10-53-60-173.ccpnx.com/v1/cg/global/budgets
2026-02-02 05:15:52 - create_budget - INFO - [REQUEST DATA PAYLOAD] {"budgetName": "budget_1_CC_HomePC_Account_193e1_ADGroup_$Default_538825", "financialYearStartMonth": "4", "resourceGroups": {"costCenters": ["4cc497c3-c868-47f5-a1f7-5fd3212497ba"]}, "systemEstimate": true, "budgetAlert": {"configuration": {"monthly": [{"thresholdPercent": 70, "isDisabled": false}], "quarterly": [{"thresholdPercent": 83, "isDisabled": false}], "yearly": [{"thresholdPercent": 95, "isDisabled": false}]}, "recipients": ["sspuser1@systest.nutanix.com"], "isDisabled": false}}
2026-02-02 05:15:52 - create_budget - INFO - [API RESPONSE] POST https://ncm.services.nconprem-10-53-60-173.ccpnx.com/v1/cg/global/budgets
2026-02-02 05:15:52 - create_budget - INFO - [STATUS CODE] 200
2026-02-02 05:15:52 - create_budget - INFO - [TIME TAKEN] 0.2441 seconds (244.08 ms)
2026-02-02 05:15:52 - create_budget - INFO - [RESPONSE CONTENT-TYPE] application/json
2026-02-02 05:15:52 - create_budget - INFO - [RESPONSE PAYLOAD]
{
  "budgetId": "ac9e4fbd-8e21-4826-833c-ead3876a849f"
}
2026-02-02 05:15:52 - create_budget - INFO - ✓ Created budget: budget_1_CC_HomePC_Account_193e1_ADGroup_$Default_538825
2026-02-02 05:15:52 - create_budget - INFO - [148/219] Creating CC budget: budget_1_CC_HomePC_Account_193e1_ahv_0-250930-142555-NameChanged_key1_7nbbX_ahv_0-250930-142555-NameChanged_value1_10_7nbbX_538825
2026-02-02 05:15:52 - create_budget - INFO - [API REQUEST] POST https://ncm.services.nconprem-10-53-60-173.ccpnx.com/v1/cg/global/budgets
2026-02-02 05:15:52 - create_budget - INFO - [REQUEST DATA PAYLOAD] {"budgetName": "budget_1_CC_HomePC_Account_193e1_ahv_0-250930-142555-NameChanged_key1_7nbbX_ahv_0-250930-142555-NameChanged_value1_10_7nbbX_538825", "financialYearStartMonth": "4", "resourceGroups": {"costCenters": ["faf37460-db33-4afa-bc36-d7b13460e78e"]}, "systemEstimate": true, "budgetAlert": {"configuration": {"monthly": [{"thresholdPercent": 71, "isDisabled": false}], "quarterly": [{"thresholdPercent": 81, "isDisabled": false}], "yearly": [{"thresholdPercent": 85, "isDisabled": false}]}, "recipients": ["sspuser1@systest.nutanix.com"], "isDisabled": false}}
2026-02-02 05:15:52 - create_budget - INFO - [API RESPONSE] POST https://ncm.services.nconprem-10-53-60-173.ccpnx.com/v1/cg/global/budgets
2026-02-02 05:15:52 - create_budget - INFO - [STATUS CODE] 200
2026-02-02 05:15:52 - create_budget - INFO - [TIME TAKEN] 0.2837 seconds (283.67 ms)
2026-02-02 05:15:52 - create_budget - INFO - [RESPONSE CONTENT-TYPE] application/json
2026-02-02 05:15:52 - create_budget - INFO - [RESPONSE PAYLOAD]
{
  "budgetId": "0adb048d-2117-4eff-b451-41ba7d7b9588"
}
2026-02-02 05:15:52 - create_budget - INFO - ✓ Created budget: budget_1_CC_HomePC_Account_193e1_ahv_0-250930-142555-NameChanged_key1_7nbbX_ahv_0-250930-142555-NameChanged_value1_10_7nbbX_538825
2026-02-02 05:15:52 - create_budget - INFO - [149/219] Creating CC budget: budget_1_CC_HomePC_Account_14617_ahv_0-251004-124155_key1_AFmGW_ahv_0-251004-124155_value1_3_AFmGW_377027
2026-02-02 05:15:52 - create_budget - INFO - [API REQUEST] POST https://ncm.services.nconprem-10-53-60-173.ccpnx.com/v1/cg/global/budgets
2026-02-02 05:15:52 - create_budget - INFO - [REQUEST DATA PAYLOAD] {"budgetName": "budget_1_CC_HomePC_Account_14617_ahv_0-251004-124155_key1_AFmGW_ahv_0-251004-124155_value1_3_AFmGW_377027", "financialYearStartMonth": "5", "resourceGroups": {"costCenters": ["72d2af11-6a41-4208-bb41-aff92f9d864d"]}, "systemEstimate": true, "budgetAlert": {"configuration": {"monthly": [{"thresholdPercent": 68, "isDisabled": false}], "quarterly": [{"thresholdPercent": 77, "isDisabled": false}], "yearly": [{"thresholdPercent": 87, "isDisabled": false}]}, "recipients": ["sspuser1@systest.nutanix.com"], "isDisabled": false}}
2026-02-02 05:15:52 - create_budget - INFO - [API RESPONSE] POST https://ncm.services.nconprem-10-53-60-173.ccpnx.com/v1/cg/global/budgets
2026-02-02 05:15:52 - create_budget - INFO - [STATUS CODE] 200
2026-02-02 05:15:52 - create_budget - INFO - [TIME TAKEN] 0.2668 seconds (266.80 ms)
2026-02-02 05:15:52 - create_budget - INFO - [RESPONSE CONTENT-TYPE] application/json
2026-02-02 05:15:52 - create_budget - INFO - [RESPONSE PAYLOAD]
{
  "budgetId": "58948c2f-07f2-4be0-ab33-dd9fb9651406"
}
2026-02-02 05:15:52 - create_budget - INFO - ✓ Created budget: budget_1_CC_HomePC_Account_14617_ahv_0-251004-124155_key1_AFmGW_ahv_0-251004-124155_value1_3_AFmGW_377027
2026-02-02 05:15:52 - create_budget - INFO - [150/219] Creating CC budget: budget_1_CC_HomePC_Account_193e1_ahv_0-250930-142555-NameChanged_key1_Dx2Sk_ahv_0-250930-142555-NameChanged_value1_1_Dx2Sk_538825
2026-02-02 05:15:52 - create_budget - INFO - [API REQUEST] POST https://ncm.services.nconprem-10-53-60-173.ccpnx.com/v1/cg/global/budgets
2026-02-02 05:15:52 - create_budget - INFO - [REQUEST DATA PAYLOAD] {"budgetName": "budget_1_CC_HomePC_Account_193e1_ahv_0-250930-142555-NameChanged_key1_Dx2Sk_ahv_0-250930-142555-NameChanged_value1_1_Dx2Sk_538825", "financialYearStartMonth": "12", "resourceGroups": {"costCenters": ["a2c5ad13-d622-4d8b-8abf-602835699a7a"]}, "systemEstimate": true, "budgetAlert": {"configuration": {"monthly": [{"thresholdPercent": 72, "isDisabled": false}], "quarterly": [{"thresholdPercent": 75, "isDisabled": false}], "yearly": [{"thresholdPercent": 86, "isDisabled": false}]}, "recipients": ["sspuser1@systest.nutanix.com"], "isDisabled": false}}
2026-02-02 05:15:53 - create_budget - INFO - [API RESPONSE] POST https://ncm.services.nconprem-10-53-60-173.ccpnx.com/v1/cg/global/budgets
2026-02-02 05:15:53 - create_budget - INFO - [STATUS CODE] 200
2026-02-02 05:15:53 - create_budget - INFO - [TIME TAKEN] 0.2200 seconds (219.98 ms)
2026-02-02 05:15:53 - create_budget - INFO - [RESPONSE CONTENT-TYPE] application/json
2026-02-02 05:15:53 - create_budget - INFO - [RESPONSE PAYLOAD]
{
  "budgetId": "7a40743b-2566-49f0-895c-413d9c38572d"
}
2026-02-02 05:15:53 - create_budget - INFO - ✓ Created budget: budget_1_CC_HomePC_Account_193e1_ahv_0-250930-142555-NameChanged_key1_Dx2Sk_ahv_0-250930-142555-NameChanged_value1_1_Dx2Sk_538825
2026-02-02 05:15:53 - create_budget - INFO - [151/219] Creating CC budget: budget_1_CC_HomePC_Account_193e1_ahv_0-250930-142555-NameChanged_key1_fo4eW_ahv_0-250930-142555-NameChanged_value1_1_fo4eW_538825
2026-02-02 05:15:53 - create_budget - INFO - [API REQUEST] POST https://ncm.services.nconprem-10-53-60-173.ccpnx.com/v1/cg/global/budgets
2026-02-02 05:15:53 - create_budget - INFO - [REQUEST DATA PAYLOAD] {"budgetName": "budget_1_CC_HomePC_Account_193e1_ahv_0-250930-142555-NameChanged_key1_fo4eW_ahv_0-250930-142555-NameChanged_value1_1_fo4eW_538825", "financialYearStartMonth": "9", "resourceGroups": {"costCenters": ["1c3db20c-328c-4df3-b9ff-42b24422fe2a"]}, "systemEstimate": true, "budgetAlert": {"configuration": {"monthly": [{"thresholdPercent": 68, "isDisabled": false}], "quarterly": [{"thresholdPercent": 75, "isDisabled": false}], "yearly": [{"thresholdPercent": 85, "isDisabled": false}]}, "recipients": ["sspuser1@systest.nutanix.com"], "isDisabled": false}}
2026-02-02 05:15:53 - create_budget - INFO - [API RESPONSE] POST https://ncm.services.nconprem-10-53-60-173.ccpnx.com/v1/cg/global/budgets
2026-02-02 05:15:53 - create_budget - INFO - [STATUS CODE] 200
2026-02-02 05:15:53 - create_budget - INFO - [TIME TAKEN] 0.2311 seconds (231.07 ms)
2026-02-02 05:15:53 - create_budget - INFO - [RESPONSE CONTENT-TYPE] application/json
2026-02-02 05:15:53 - create_budget - INFO - [RESPONSE PAYLOAD]
{
  "budgetId": "1d0c9f2d-57bf-4417-8076-651224eb32e5"
}
2026-02-02 05:15:53 - create_budget - INFO - ✓ Created budget: budget_1_CC_HomePC_Account_193e1_ahv_0-250930-142555-NameChanged_key1_fo4eW_ahv_0-250930-142555-NameChanged_value1_1_fo4eW_538825
2026-02-02 05:15:53 - create_budget - INFO - [152/219] Creating BU budget: budget_1_Business_Unit_26
2026-02-02 05:15:53 - create_budget - INFO - [API REQUEST] POST https://ncm.services.nconprem-10-53-60-173.ccpnx.com/v1/cg/global/budgets
2026-02-02 05:15:53 - create_budget - INFO - [REQUEST DATA PAYLOAD] {"budgetName": "budget_1_Business_Unit_26", "financialYearStartMonth": "7", "resourceGroups": {"businessUnit": ["4c41dcd5-83ac-43bf-a895-394f4687e8c6"]}, "systemEstimate": true, "budgetAlert": {"configuration": {"monthly": [{"thresholdPercent": 70, "isDisabled": false}], "quarterly": [{"thresholdPercent": 75, "isDisabled": false}], "yearly": [{"thresholdPercent": 85, "isDisabled": false}]}, "recipients": ["sspuser1@systest.nutanix.com"], "isDisabled": false}}
2026-02-02 05:15:53 - create_budget - INFO - [API RESPONSE] POST https://ncm.services.nconprem-10-53-60-173.ccpnx.com/v1/cg/global/budgets
2026-02-02 05:15:53 - create_budget - INFO - [STATUS CODE] 500
2026-02-02 05:15:53 - create_budget - INFO - [TIME TAKEN] 0.2869 seconds (286.88 ms)
2026-02-02 05:15:53 - create_budget - INFO - [RESPONSE CONTENT-TYPE] application/json
2026-02-02 05:15:53 - create_budget - INFO - [RESPONSE PAYLOAD]
{
  "errorCode": 990020,
  "errorMessage": "The system encountered an internal error. If the issue persists, please reach out to our support."
}
2026-02-02 05:15:53 - create_budget - ERROR - ✗ Failed to create budget 'budget_1_Business_Unit_26': HTTP 500 - {'errorCode': 990020, 'errorMessage': 'The system encountered an internal error. If the issue persists, please reach out to our support.'}
2026-02-02 05:15:53 - create_budget - INFO - [153/219] Creating CC budget: budget_1_CC_HomePC_Account_193e1_ahv_0-250930-142555-NameChanged_key1_gTvXL_ahv_0-250930-142555-NameChanged_value1_10_gTvXL_538825
2026-02-02 05:15:53 - create_budget - INFO - [API REQUEST] POST https://ncm.services.nconprem-10-53-60-173.ccpnx.com/v1/cg/global/budgets
2026-02-02 05:15:53 - create_budget - INFO - [REQUEST DATA PAYLOAD] {"budgetName": "budget_1_CC_HomePC_Account_193e1_ahv_0-250930-142555-NameChanged_key1_gTvXL_ahv_0-250930-142555-NameChanged_value1_10_gTvXL_538825", "financialYearStartMonth": "11", "resourceGroups": {"costCenters": ["abf553a0-48b9-4bf1-a027-ac74798716d0"]}, "systemEstimate": true, "budgetAlert": {"configuration": {"monthly": [{"thresholdPercent": 69, "isDisabled": false}], "quarterly": [{"thresholdPercent": 85, "isDisabled": false}], "yearly": [{"thresholdPercent": 95, "isDisabled": false}]}, "recipients": ["sspuser1@systest.nutanix.com"], "isDisabled": false}}
2026-02-02 05:15:53 - create_budget - INFO - [API RESPONSE] POST https://ncm.services.nconprem-10-53-60-173.ccpnx.com/v1/cg/global/budgets
2026-02-02 05:15:53 - create_budget - INFO - [STATUS CODE] 200
2026-02-02 05:15:53 - create_budget - INFO - [TIME TAKEN] 0.3132 seconds (313.20 ms)
2026-02-02 05:15:53 - create_budget - INFO - [RESPONSE CONTENT-TYPE] application/json
2026-02-02 05:15:53 - create_budget - INFO - [RESPONSE PAYLOAD]
{
  "budgetId": "1c9d2e8f-604c-4398-9660-b1736200c687"
}
2026-02-02 05:15:53 - create_budget - INFO - ✓ Created budget: budget_1_CC_HomePC_Account_193e1_ahv_0-250930-142555-NameChanged_key1_gTvXL_ahv_0-250930-142555-NameChanged_value1_10_gTvXL_538825
2026-02-02 05:15:53 - create_budget - INFO - [154/219] Creating CC budget: budget_1_CC_HomePC_Account_193e1_ahv_0-250930-142939_key1_twjx2_ahv_0-250930-142939_value1_1_twjx2_538825
2026-02-02 05:15:53 - create_budget - INFO - [API REQUEST] POST https://ncm.services.nconprem-10-53-60-173.ccpnx.com/v1/cg/global/budgets
2026-02-02 05:15:53 - create_budget - INFO - [REQUEST DATA PAYLOAD] {"budgetName": "budget_1_CC_HomePC_Account_193e1_ahv_0-250930-142939_key1_twjx2_ahv_0-250930-142939_value1_1_twjx2_538825", "financialYearStartMonth": "7", "resourceGroups": {"costCenters": ["54dd4097-df72-49fd-80ee-864882ecec66"]}, "systemEstimate": true, "budgetAlert": {"configuration": {"monthly": [{"thresholdPercent": 73, "isDisabled": false}], "quarterly": [{"thresholdPercent": 82, "isDisabled": false}], "yearly": [{"thresholdPercent": 95, "isDisabled": false}]}, "recipients": ["sspuser1@systest.nutanix.com"], "isDisabled": false}}
2026-02-02 05:15:54 - create_budget - INFO - [API RESPONSE] POST https://ncm.services.nconprem-10-53-60-173.ccpnx.com/v1/cg/global/budgets
2026-02-02 05:15:54 - create_budget - INFO - [STATUS CODE] 200
2026-02-02 05:15:54 - create_budget - INFO - [TIME TAKEN] 0.2375 seconds (237.50 ms)
2026-02-02 05:15:54 - create_budget - INFO - [RESPONSE CONTENT-TYPE] application/json
2026-02-02 05:15:54 - create_budget - INFO - [RESPONSE PAYLOAD]
{
  "budgetId": "a31dd7e3-2a05-440a-b4e9-8d0023ba30fe"
}
2026-02-02 05:15:54 - create_budget - INFO - ✓ Created budget: budget_1_CC_HomePC_Account_193e1_ahv_0-250930-142939_key1_twjx2_ahv_0-250930-142939_value1_1_twjx2_538825
2026-02-02 05:15:54 - create_budget - INFO - [155/219] Creating CC budget: budget_1_CC_HomePC_Account_193e1_ahv_0-250930-203852_key1_j0ZEM_ahv_0-250930-203852_value1_1_j0ZEM_538825
2026-02-02 05:15:54 - create_budget - INFO - [API REQUEST] POST https://ncm.services.nconprem-10-53-60-173.ccpnx.com/v1/cg/global/budgets
2026-02-02 05:15:54 - create_budget - INFO - [REQUEST DATA PAYLOAD] {"budgetName": "budget_1_CC_HomePC_Account_193e1_ahv_0-250930-203852_key1_j0ZEM_ahv_0-250930-203852_value1_1_j0ZEM_538825", "financialYearStartMonth": "6", "resourceGroups": {"costCenters": ["0513c4f3-6816-4567-90c4-66a5e0ba290d"]}, "systemEstimate": true, "budgetAlert": {"configuration": {"monthly": [{"thresholdPercent": 72, "isDisabled": false}], "quarterly": [{"thresholdPercent": 82, "isDisabled": false}], "yearly": [{"thresholdPercent": 92, "isDisabled": false}]}, "recipients": ["sspuser1@systest.nutanix.com"], "isDisabled": false}}
2026-02-02 05:15:54 - create_budget - INFO - [API RESPONSE] POST https://ncm.services.nconprem-10-53-60-173.ccpnx.com/v1/cg/global/budgets
2026-02-02 05:15:54 - create_budget - INFO - [STATUS CODE] 200
2026-02-02 05:15:54 - create_budget - INFO - [TIME TAKEN] 0.4749 seconds (474.89 ms)
2026-02-02 05:15:54 - create_budget - INFO - [RESPONSE CONTENT-TYPE] application/json
2026-02-02 05:15:54 - create_budget - INFO - [RESPONSE PAYLOAD]
{
  "budgetId": "8eec6762-aed0-4deb-9a50-ef4719831533"
}
2026-02-02 05:15:54 - create_budget - INFO - ✓ Created budget: budget_1_CC_HomePC_Account_193e1_ahv_0-250930-203852_key1_j0ZEM_ahv_0-250930-203852_value1_1_j0ZEM_538825
2026-02-02 05:15:54 - create_budget - INFO - [156/219] Creating CC budget: budget_1_CC_HomePC_Account_193e1_ahv_0-251002-230901_key1_ZMC08_ahv_0-251002-230901_value1_1_ZMC08_538825
2026-02-02 05:15:54 - create_budget - INFO - [API REQUEST] POST https://ncm.services.nconprem-10-53-60-173.ccpnx.com/v1/cg/global/budgets
2026-02-02 05:15:54 - create_budget - INFO - [REQUEST DATA PAYLOAD] {"budgetName": "budget_1_CC_HomePC_Account_193e1_ahv_0-251002-230901_key1_ZMC08_ahv_0-251002-230901_value1_1_ZMC08_538825", "financialYearStartMonth": "12", "resourceGroups": {"costCenters": ["d6400da0-dbeb-438a-936c-ccc26b75c275"]}, "systemEstimate": true, "budgetAlert": {"configuration": {"monthly": [{"thresholdPercent": 72, "isDisabled": false}], "quarterly": [{"thresholdPercent": 79, "isDisabled": false}], "yearly": [{"thresholdPercent": 85, "isDisabled": false}]}, "recipients": ["sspuser1@systest.nutanix.com"], "isDisabled": false}}
2026-02-02 05:15:54 - create_budget - INFO - [API RESPONSE] POST https://ncm.services.nconprem-10-53-60-173.ccpnx.com/v1/cg/global/budgets
2026-02-02 05:15:54 - create_budget - INFO - [STATUS CODE] 200
2026-02-02 05:15:54 - create_budget - INFO - [TIME TAKEN] 0.3719 seconds (371.91 ms)
2026-02-02 05:15:54 - create_budget - INFO - [RESPONSE CONTENT-TYPE] application/json
2026-02-02 05:15:54 - create_budget - INFO - [RESPONSE PAYLOAD]
{
  "budgetId": "1c446d69-794a-4c6a-bf28-4993bbf0ffd0"
}
2026-02-02 05:15:54 - create_budget - INFO - ✓ Created budget: budget_1_CC_HomePC_Account_193e1_ahv_0-251002-230901_key1_ZMC08_ahv_0-251002-230901_value1_1_ZMC08_538825
2026-02-02 05:15:54 - create_budget - INFO - [157/219] Creating CC budget: budget_1_CC_HomePC_Account_193e1_ahv_0-251003-055714_key1_zcZmD_ahv_0-251003-055714_value1_1_zcZmD_538825
2026-02-02 05:15:54 - create_budget - INFO - [API REQUEST] POST https://ncm.services.nconprem-10-53-60-173.ccpnx.com/v1/cg/global/budgets
2026-02-02 05:15:54 - create_budget - INFO - [REQUEST DATA PAYLOAD] {"budgetName": "budget_1_CC_HomePC_Account_193e1_ahv_0-251003-055714_key1_zcZmD_ahv_0-251003-055714_value1_1_zcZmD_538825", "financialYearStartMonth": "2", "resourceGroups": {"costCenters": ["87a6d622-1c8e-4d67-a11d-f05578bdba59"]}, "systemEstimate": true, "budgetAlert": {"configuration": {"monthly": [{"thresholdPercent": 75, "isDisabled": false}], "quarterly": [{"thresholdPercent": 80, "isDisabled": false}], "yearly": [{"thresholdPercent": 93, "isDisabled": false}]}, "recipients": ["sspuser1@systest.nutanix.com"], "isDisabled": false}}
2026-02-02 05:15:55 - create_budget - INFO - [API RESPONSE] POST https://ncm.services.nconprem-10-53-60-173.ccpnx.com/v1/cg/global/budgets
2026-02-02 05:15:55 - create_budget - INFO - [STATUS CODE] 200
2026-02-02 05:15:55 - create_budget - INFO - [TIME TAKEN] 0.3740 seconds (374.00 ms)
2026-02-02 05:15:55 - create_budget - INFO - [RESPONSE CONTENT-TYPE] application/json
2026-02-02 05:15:55 - create_budget - INFO - [RESPONSE PAYLOAD]
{
  "budgetId": "dc4632cc-8055-41af-ae8a-5e811d267a55"
}
2026-02-02 05:15:55 - create_budget - INFO - ✓ Created budget: budget_1_CC_HomePC_Account_193e1_ahv_0-251003-055714_key1_zcZmD_ahv_0-251003-055714_value1_1_zcZmD_538825
2026-02-02 05:15:55 - create_budget - INFO - [158/219] Creating BU budget: budget_1_Business_Unit_27
2026-02-02 05:15:55 - create_budget - INFO - [API REQUEST] POST https://ncm.services.nconprem-10-53-60-173.ccpnx.com/v1/cg/global/budgets
2026-02-02 05:15:55 - create_budget - INFO - [REQUEST DATA PAYLOAD] {"budgetName": "budget_1_Business_Unit_27", "financialYearStartMonth": "8", "resourceGroups": {"businessUnit": ["45067ad3-7307-4823-9f7a-17ab8ebf71c4"]}, "systemEstimate": true, "budgetAlert": {"configuration": {"monthly": [{"thresholdPercent": 72, "isDisabled": false}], "quarterly": [{"thresholdPercent": 82, "isDisabled": false}], "yearly": [{"thresholdPercent": 92, "isDisabled": false}]}, "recipients": ["sspuser1@systest.nutanix.com"], "isDisabled": false}}
2026-02-02 05:15:55 - create_budget - INFO - [API RESPONSE] POST https://ncm.services.nconprem-10-53-60-173.ccpnx.com/v1/cg/global/budgets
2026-02-02 05:15:55 - create_budget - INFO - [STATUS CODE] 500
2026-02-02 05:15:55 - create_budget - INFO - [TIME TAKEN] 0.3186 seconds (318.58 ms)
2026-02-02 05:15:55 - create_budget - INFO - [RESPONSE CONTENT-TYPE] application/json
2026-02-02 05:15:55 - create_budget - INFO - [RESPONSE PAYLOAD]
{
  "errorCode": 990020,
  "errorMessage": "The system encountered an internal error. If the issue persists, please reach out to our support."
}
2026-02-02 05:15:55 - create_budget - ERROR - ✗ Failed to create budget 'budget_1_Business_Unit_27': HTTP 500 - {'errorCode': 990020, 'errorMessage': 'The system encountered an internal error. If the issue persists, please reach out to our support.'}
2026-02-02 05:15:55 - create_budget - INFO - [159/219] Creating CC budget: budget_1_CC_HomePC_Account_193e1_ahv_0-251004-104419_key1_GA5E4_ahv_0-251004-104419_value1_1_GA5E4_538825
2026-02-02 05:15:55 - create_budget - INFO - [API REQUEST] POST https://ncm.services.nconprem-10-53-60-173.ccpnx.com/v1/cg/global/budgets
2026-02-02 05:15:55 - create_budget - INFO - [REQUEST DATA PAYLOAD] {"budgetName": "budget_1_CC_HomePC_Account_193e1_ahv_0-251004-104419_key1_GA5E4_ahv_0-251004-104419_value1_1_GA5E4_538825", "financialYearStartMonth": "12", "resourceGroups": {"costCenters": ["2d659c60-49b4-49ef-b38e-6cf28da079ac"]}, "systemEstimate": true, "budgetAlert": {"configuration": {"monthly": [{"thresholdPercent": 74, "isDisabled": false}], "quarterly": [{"thresholdPercent": 84, "isDisabled": false}], "yearly": [{"thresholdPercent": 86, "isDisabled": false}]}, "recipients": ["sspuser1@systest.nutanix.com"], "isDisabled": false}}
2026-02-02 05:15:55 - create_budget - INFO - [API RESPONSE] POST https://ncm.services.nconprem-10-53-60-173.ccpnx.com/v1/cg/global/budgets
2026-02-02 05:15:55 - create_budget - INFO - [STATUS CODE] 200
2026-02-02 05:15:55 - create_budget - INFO - [TIME TAKEN] 0.2955 seconds (295.52 ms)
2026-02-02 05:15:55 - create_budget - INFO - [RESPONSE CONTENT-TYPE] application/json
2026-02-02 05:15:55 - create_budget - INFO - [RESPONSE PAYLOAD]
{
  "budgetId": "adafe996-874a-4f92-a9be-8397b1b2a0c2"
}
2026-02-02 05:15:55 - create_budget - INFO - ✓ Created budget: budget_1_CC_HomePC_Account_193e1_ahv_0-251004-104419_key1_GA5E4_ahv_0-251004-104419_value1_1_GA5E4_538825
2026-02-02 05:15:55 - create_budget - INFO - [160/219] Creating CC budget: budget_1_CC_HomePC_Account_193e1_ahv_0-251004-112445_key1_7Juyt_ahv_0-251004-112445_value1_1_7Juyt_538825
2026-02-02 05:15:55 - create_budget - INFO - [API REQUEST] POST https://ncm.services.nconprem-10-53-60-173.ccpnx.com/v1/cg/global/budgets
2026-02-02 05:15:55 - create_budget - INFO - [REQUEST DATA PAYLOAD] {"budgetName": "budget_1_CC_HomePC_Account_193e1_ahv_0-251004-112445_key1_7Juyt_ahv_0-251004-112445_value1_1_7Juyt_538825", "financialYearStartMonth": "12", "resourceGroups": {"costCenters": ["9035f82f-0514-4e15-b9fd-5e9dd2193207"]}, "systemEstimate": true, "budgetAlert": {"configuration": {"monthly": [{"thresholdPercent": 68, "isDisabled": false}], "quarterly": [{"thresholdPercent": 81, "isDisabled": false}], "yearly": [{"thresholdPercent": 95, "isDisabled": false}]}, "recipients": ["sspuser1@systest.nutanix.com"], "isDisabled": false}}
2026-02-02 05:15:56 - create_budget - INFO - [API RESPONSE] POST https://ncm.services.nconprem-10-53-60-173.ccpnx.com/v1/cg/global/budgets
2026-02-02 05:15:56 - create_budget - INFO - [STATUS CODE] 200
2026-02-02 05:15:56 - create_budget - INFO - [TIME TAKEN] 0.2234 seconds (223.41 ms)
2026-02-02 05:15:56 - create_budget - INFO - [RESPONSE CONTENT-TYPE] application/json
2026-02-02 05:15:56 - create_budget - INFO - [RESPONSE PAYLOAD]
{
  "budgetId": "b901536e-bf4b-46f9-ad19-46217d4f8a0e"
}
2026-02-02 05:15:56 - create_budget - INFO - ✓ Created budget: budget_1_CC_HomePC_Account_193e1_ahv_0-251004-112445_key1_7Juyt_ahv_0-251004-112445_value1_1_7Juyt_538825
2026-02-02 05:15:56 - create_budget - INFO - [161/219] Creating CC budget: budget_1_CC_HomePC_Account_193e1_ahv_0-251004-112454_key1_P1FyH_ahv_0-251004-112454_value1_1_P1FyH_538825
2026-02-02 05:15:56 - create_budget - INFO - [API REQUEST] POST https://ncm.services.nconprem-10-53-60-173.ccpnx.com/v1/cg/global/budgets
2026-02-02 05:15:56 - create_budget - INFO - [REQUEST DATA PAYLOAD] {"budgetName": "budget_1_CC_HomePC_Account_193e1_ahv_0-251004-112454_key1_P1FyH_ahv_0-251004-112454_value1_1_P1FyH_538825", "financialYearStartMonth": "4", "resourceGroups": {"costCenters": ["7ea3a574-7006-45f6-9353-8db093e38df2"]}, "systemEstimate": true, "budgetAlert": {"configuration": {"monthly": [{"thresholdPercent": 69, "isDisabled": false}], "quarterly": [{"thresholdPercent": 80, "isDisabled": false}], "yearly": [{"thresholdPercent": 91, "isDisabled": false}]}, "recipients": ["sspuser1@systest.nutanix.com"], "isDisabled": false}}
2026-02-02 05:15:56 - create_budget - INFO - [API RESPONSE] POST https://ncm.services.nconprem-10-53-60-173.ccpnx.com/v1/cg/global/budgets
2026-02-02 05:15:56 - create_budget - INFO - [STATUS CODE] 200
2026-02-02 05:15:56 - create_budget - INFO - [TIME TAKEN] 0.3253 seconds (325.32 ms)
2026-02-02 05:15:56 - create_budget - INFO - [RESPONSE CONTENT-TYPE] application/json
2026-02-02 05:15:56 - create_budget - INFO - [RESPONSE PAYLOAD]
{
  "budgetId": "c9c82b3b-6521-4426-ac3b-473369cfa614"
}
2026-02-02 05:15:56 - create_budget - INFO - ✓ Created budget: budget_1_CC_HomePC_Account_193e1_ahv_0-251004-112454_key1_P1FyH_ahv_0-251004-112454_value1_1_P1FyH_538825
2026-02-02 05:15:56 - create_budget - INFO - [162/219] Creating CC budget: budget_1_CC_HomePC_Account_193e1_ahv_0-251004-112437_key1_w3YcU_ahv_0-251004-112437_value1_1_w3YcU_377027
2026-02-02 05:15:56 - create_budget - INFO - [API REQUEST] POST https://ncm.services.nconprem-10-53-60-173.ccpnx.com/v1/cg/global/budgets
2026-02-02 05:15:56 - create_budget - INFO - [REQUEST DATA PAYLOAD] {"budgetName": "budget_1_CC_HomePC_Account_193e1_ahv_0-251004-112437_key1_w3YcU_ahv_0-251004-112437_value1_1_w3YcU_377027", "financialYearStartMonth": "11", "resourceGroups": {"costCenters": ["c9cce440-edf3-42c7-90b8-92cc1fc93912"]}, "systemEstimate": true, "budgetAlert": {"configuration": {"monthly": [{"thresholdPercent": 72, "isDisabled": false}], "quarterly": [{"thresholdPercent": 81, "isDisabled": false}], "yearly": [{"thresholdPercent": 89, "isDisabled": false}]}, "recipients": ["sspuser1@systest.nutanix.com"], "isDisabled": false}}
2026-02-02 05:15:57 - create_budget - INFO - [API RESPONSE] POST https://ncm.services.nconprem-10-53-60-173.ccpnx.com/v1/cg/global/budgets
2026-02-02 05:15:57 - create_budget - INFO - [STATUS CODE] 200
2026-02-02 05:15:57 - create_budget - INFO - [TIME TAKEN] 0.6982 seconds (698.19 ms)
2026-02-02 05:15:57 - create_budget - INFO - [RESPONSE CONTENT-TYPE] application/json
2026-02-02 05:15:57 - create_budget - INFO - [RESPONSE PAYLOAD]
{
  "budgetId": "a2d718a4-c544-4fe8-8df8-40e207a0ae6f"
}
2026-02-02 05:15:57 - create_budget - INFO - ✓ Created budget: budget_1_CC_HomePC_Account_193e1_ahv_0-251004-112437_key1_w3YcU_ahv_0-251004-112437_value1_1_w3YcU_377027
2026-02-02 05:15:57 - create_budget - INFO - [163/219] Creating CC budget: budget_1_CC_HomePC_Account_193e1_ahv_0-251004-112453_key1_LWd5m_ahv_0-251004-112453_value1_1_LWd5m_377027
2026-02-02 05:15:57 - create_budget - INFO - [API REQUEST] POST https://ncm.services.nconprem-10-53-60-173.ccpnx.com/v1/cg/global/budgets
2026-02-02 05:15:57 - create_budget - INFO - [REQUEST DATA PAYLOAD] {"budgetName": "budget_1_CC_HomePC_Account_193e1_ahv_0-251004-112453_key1_LWd5m_ahv_0-251004-112453_value1_1_LWd5m_377027", "financialYearStartMonth": "3", "resourceGroups": {"costCenters": ["6e118a58-7779-47e9-89fe-c4f3b0e53b76"]}, "systemEstimate": true, "budgetAlert": {"configuration": {"monthly": [{"thresholdPercent": 75, "isDisabled": false}], "quarterly": [{"thresholdPercent": 75, "isDisabled": false}], "yearly": [{"thresholdPercent": 88, "isDisabled": false}]}, "recipients": ["sspuser1@systest.nutanix.com"], "isDisabled": false}}
2026-02-02 05:15:57 - create_budget - INFO - [API RESPONSE] POST https://ncm.services.nconprem-10-53-60-173.ccpnx.com/v1/cg/global/budgets
2026-02-02 05:15:57 - create_budget - INFO - [STATUS CODE] 200
2026-02-02 05:15:57 - create_budget - INFO - [TIME TAKEN] 0.2837 seconds (283.74 ms)
2026-02-02 05:15:57 - create_budget - INFO - [RESPONSE CONTENT-TYPE] application/json
2026-02-02 05:15:57 - create_budget - INFO - [RESPONSE PAYLOAD]
{
  "budgetId": "8bf6e639-b789-4779-92e8-9e8ec8d4ac17"
}
2026-02-02 05:15:57 - create_budget - INFO - ✓ Created budget: budget_1_CC_HomePC_Account_193e1_ahv_0-251004-112453_key1_LWd5m_ahv_0-251004-112453_value1_1_LWd5m_377027
2026-02-02 05:15:57 - create_budget - INFO - [164/219] Creating BU budget: budget_1_Business_Unit_28
2026-02-02 05:15:57 - create_budget - INFO - [API REQUEST] POST https://ncm.services.nconprem-10-53-60-173.ccpnx.com/v1/cg/global/budgets
2026-02-02 05:15:57 - create_budget - INFO - [REQUEST DATA PAYLOAD] {"budgetName": "budget_1_Business_Unit_28", "financialYearStartMonth": "11", "resourceGroups": {"businessUnit": ["0650922d-6f12-4e8d-9bf1-a3e4da09dd08"]}, "systemEstimate": true, "budgetAlert": {"configuration": {"monthly": [{"thresholdPercent": 75, "isDisabled": false}], "quarterly": [{"thresholdPercent": 78, "isDisabled": false}], "yearly": [{"thresholdPercent": 92, "isDisabled": false}]}, "recipients": ["sspuser1@systest.nutanix.com"], "isDisabled": false}}
2026-02-02 05:15:57 - create_budget - INFO - [API RESPONSE] POST https://ncm.services.nconprem-10-53-60-173.ccpnx.com/v1/cg/global/budgets
2026-02-02 05:15:57 - create_budget - INFO - [STATUS CODE] 500
2026-02-02 05:15:57 - create_budget - INFO - [TIME TAKEN] 0.2355 seconds (235.47 ms)
2026-02-02 05:15:57 - create_budget - INFO - [RESPONSE CONTENT-TYPE] application/json
2026-02-02 05:15:57 - create_budget - INFO - [RESPONSE PAYLOAD]
{
  "errorCode": 990020,
  "errorMessage": "The system encountered an internal error. If the issue persists, please reach out to our support."
}
2026-02-02 05:15:57 - create_budget - ERROR - ✗ Failed to create budget 'budget_1_Business_Unit_28': HTTP 500 - {'errorCode': 990020, 'errorMessage': 'The system encountered an internal error. If the issue persists, please reach out to our support.'}
2026-02-02 05:15:57 - create_budget - INFO - [165/219] Creating CC budget: budget_1_CC_HomePC_Account_193e1_ahv_0-251004-112524_key1_FxJNZ_ahv_0-251004-112524_value1_10_FxJNZ_538825
2026-02-02 05:15:57 - create_budget - INFO - [API REQUEST] POST https://ncm.services.nconprem-10-53-60-173.ccpnx.com/v1/cg/global/budgets
2026-02-02 05:15:57 - create_budget - INFO - [REQUEST DATA PAYLOAD] {"budgetName": "budget_1_CC_HomePC_Account_193e1_ahv_0-251004-112524_key1_FxJNZ_ahv_0-251004-112524_value1_10_FxJNZ_538825", "financialYearStartMonth": "3", "resourceGroups": {"costCenters": ["97dbeffd-bee9-4a11-83dc-95eb9edc6e21"]}, "systemEstimate": true, "budgetAlert": {"configuration": {"monthly": [{"thresholdPercent": 70, "isDisabled": false}], "quarterly": [{"thresholdPercent": 79, "isDisabled": false}], "yearly": [{"thresholdPercent": 94, "isDisabled": false}]}, "recipients": ["sspuser1@systest.nutanix.com"], "isDisabled": false}}
2026-02-02 05:15:58 - create_budget - INFO - [API RESPONSE] POST https://ncm.services.nconprem-10-53-60-173.ccpnx.com/v1/cg/global/budgets
2026-02-02 05:15:58 - create_budget - INFO - [STATUS CODE] 200
2026-02-02 05:15:58 - create_budget - INFO - [TIME TAKEN] 0.2716 seconds (271.60 ms)
2026-02-02 05:15:58 - create_budget - INFO - [RESPONSE CONTENT-TYPE] application/json
2026-02-02 05:15:58 - create_budget - INFO - [RESPONSE PAYLOAD]
{
  "budgetId": "9413af19-4232-48f7-99c7-4d2a5ad8e424"
}
2026-02-02 05:15:58 - create_budget - INFO - ✓ Created budget: budget_1_CC_HomePC_Account_193e1_ahv_0-251004-112524_key1_FxJNZ_ahv_0-251004-112524_value1_10_FxJNZ_538825
2026-02-02 05:15:58 - create_budget - INFO - [166/219] Creating CC budget: budget_1_CC_HomePC_Account_193e1_ahv_0-251004-112505_key1_h7zvi_ahv_0-251004-112505_value1_1_h7zvi_538825
2026-02-02 05:15:58 - create_budget - INFO - [API REQUEST] POST https://ncm.services.nconprem-10-53-60-173.ccpnx.com/v1/cg/global/budgets
2026-02-02 05:15:58 - create_budget - INFO - [REQUEST DATA PAYLOAD] {"budgetName": "budget_1_CC_HomePC_Account_193e1_ahv_0-251004-112505_key1_h7zvi_ahv_0-251004-112505_value1_1_h7zvi_538825", "financialYearStartMonth": "11", "resourceGroups": {"costCenters": ["8d52c5da-be74-4f44-9503-6780690ac77a"]}, "systemEstimate": true, "budgetAlert": {"configuration": {"monthly": [{"thresholdPercent": 70, "isDisabled": false}], "quarterly": [{"thresholdPercent": 80, "isDisabled": false}], "yearly": [{"thresholdPercent": 89, "isDisabled": false}]}, "recipients": ["sspuser1@systest.nutanix.com"], "isDisabled": false}}
2026-02-02 05:15:58 - create_budget - INFO - [API RESPONSE] POST https://ncm.services.nconprem-10-53-60-173.ccpnx.com/v1/cg/global/budgets
2026-02-02 05:15:58 - create_budget - INFO - [STATUS CODE] 200
2026-02-02 05:15:58 - create_budget - INFO - [TIME TAKEN] 0.3778 seconds (377.85 ms)
2026-02-02 05:15:58 - create_budget - INFO - [RESPONSE CONTENT-TYPE] application/json
2026-02-02 05:15:58 - create_budget - INFO - [RESPONSE PAYLOAD]
{
  "budgetId": "17f772ef-5884-48fa-af48-b88d0e7578d8"
}
2026-02-02 05:15:58 - create_budget - INFO - ✓ Created budget: budget_1_CC_HomePC_Account_193e1_ahv_0-251004-112505_key1_h7zvi_ahv_0-251004-112505_value1_1_h7zvi_538825
2026-02-02 05:15:58 - create_budget - INFO - [167/219] Creating CC budget: budget_1_CC_HomePC_Account_193e1_ahv_0-251004-112521_key1_VxDdX_ahv_0-251004-112521_value1_10_VxDdX_538825
2026-02-02 05:15:58 - create_budget - INFO - [API REQUEST] POST https://ncm.services.nconprem-10-53-60-173.ccpnx.com/v1/cg/global/budgets
2026-02-02 05:15:58 - create_budget - INFO - [REQUEST DATA PAYLOAD] {"budgetName": "budget_1_CC_HomePC_Account_193e1_ahv_0-251004-112521_key1_VxDdX_ahv_0-251004-112521_value1_10_VxDdX_538825", "financialYearStartMonth": "2", "resourceGroups": {"costCenters": ["6429f19e-895e-4922-8ac6-7a575578e5b1"]}, "systemEstimate": true, "budgetAlert": {"configuration": {"monthly": [{"thresholdPercent": 68, "isDisabled": false}], "quarterly": [{"thresholdPercent": 78, "isDisabled": false}], "yearly": [{"thresholdPercent": 94, "isDisabled": false}]}, "recipients": ["sspuser1@systest.nutanix.com"], "isDisabled": false}}
2026-02-02 05:15:58 - create_budget - INFO - [API RESPONSE] POST https://ncm.services.nconprem-10-53-60-173.ccpnx.com/v1/cg/global/budgets
2026-02-02 05:15:58 - create_budget - INFO - [STATUS CODE] 200
2026-02-02 05:15:58 - create_budget - INFO - [TIME TAKEN] 0.3826 seconds (382.56 ms)
2026-02-02 05:15:58 - create_budget - INFO - [RESPONSE CONTENT-TYPE] application/json
2026-02-02 05:15:58 - create_budget - INFO - [RESPONSE PAYLOAD]
{
  "budgetId": "1e2cc41f-3924-48bd-a6d2-7057911580fe"
}
2026-02-02 05:15:58 - create_budget - INFO - ✓ Created budget: budget_1_CC_HomePC_Account_193e1_ahv_0-251004-112521_key1_VxDdX_ahv_0-251004-112521_value1_10_VxDdX_538825
2026-02-02 05:15:58 - create_budget - INFO - [168/219] Creating CC budget: budget_1_CC_HomePC_Account_193e1_ahv_0-251004-112513_key1_hJU4i_ahv_0-251004-112513_value1_1_hJU4i_377027
2026-02-02 05:15:58 - create_budget - INFO - [API REQUEST] POST https://ncm.services.nconprem-10-53-60-173.ccpnx.com/v1/cg/global/budgets
2026-02-02 05:15:58 - create_budget - INFO - [REQUEST DATA PAYLOAD] {"budgetName": "budget_1_CC_HomePC_Account_193e1_ahv_0-251004-112513_key1_hJU4i_ahv_0-251004-112513_value1_1_hJU4i_377027", "financialYearStartMonth": "7", "resourceGroups": {"costCenters": ["9490e679-fae3-41c4-9c15-1fbefc01b7fa"]}, "systemEstimate": true, "budgetAlert": {"configuration": {"monthly": [{"thresholdPercent": 65, "isDisabled": false}], "quarterly": [{"thresholdPercent": 78, "isDisabled": false}], "yearly": [{"thresholdPercent": 85, "isDisabled": false}]}, "recipients": ["sspuser1@systest.nutanix.com"], "isDisabled": false}}
2026-02-02 05:15:59 - create_budget - INFO - [API RESPONSE] POST https://ncm.services.nconprem-10-53-60-173.ccpnx.com/v1/cg/global/budgets
2026-02-02 05:15:59 - create_budget - INFO - [STATUS CODE] 200
2026-02-02 05:15:59 - create_budget - INFO - [TIME TAKEN] 0.2363 seconds (236.28 ms)
2026-02-02 05:15:59 - create_budget - INFO - [RESPONSE CONTENT-TYPE] application/json
2026-02-02 05:15:59 - create_budget - INFO - [RESPONSE PAYLOAD]
{
  "budgetId": "b7c3d3c4-18ec-4df2-a20b-11f857cef083"
}
2026-02-02 05:15:59 - create_budget - INFO - ✓ Created budget: budget_1_CC_HomePC_Account_193e1_ahv_0-251004-112513_key1_hJU4i_ahv_0-251004-112513_value1_1_hJU4i_377027
2026-02-02 05:15:59 - create_budget - INFO - [169/219] Creating CC budget: budget_1_CC_HomePC_Account_193e1_ahv_0-251004-112507_key1_OXKuE_ahv_0-251004-112507_value1_1_OXKuE_377027
2026-02-02 05:15:59 - create_budget - INFO - [API REQUEST] POST https://ncm.services.nconprem-10-53-60-173.ccpnx.com/v1/cg/global/budgets
2026-02-02 05:15:59 - create_budget - INFO - [REQUEST DATA PAYLOAD] {"budgetName": "budget_1_CC_HomePC_Account_193e1_ahv_0-251004-112507_key1_OXKuE_ahv_0-251004-112507_value1_1_OXKuE_377027", "financialYearStartMonth": "1", "resourceGroups": {"costCenters": ["8d58d53c-8ad6-4164-8cd8-168b1503c4b4"]}, "systemEstimate": true, "budgetAlert": {"configuration": {"monthly": [{"thresholdPercent": 67, "isDisabled": false}], "quarterly": [{"thresholdPercent": 79, "isDisabled": false}], "yearly": [{"thresholdPercent": 92, "isDisabled": false}]}, "recipients": ["sspuser1@systest.nutanix.com"], "isDisabled": false}}
2026-02-02 05:15:59 - create_budget - INFO - [API RESPONSE] POST https://ncm.services.nconprem-10-53-60-173.ccpnx.com/v1/cg/global/budgets
2026-02-02 05:15:59 - create_budget - INFO - [STATUS CODE] 200
2026-02-02 05:15:59 - create_budget - INFO - [TIME TAKEN] 0.3757 seconds (375.65 ms)
2026-02-02 05:15:59 - create_budget - INFO - [RESPONSE CONTENT-TYPE] application/json
2026-02-02 05:15:59 - create_budget - INFO - [RESPONSE PAYLOAD]
{
  "budgetId": "a1ff83ba-6a44-4311-b85d-72c4341ed318"
}
2026-02-02 05:15:59 - create_budget - INFO - ✓ Created budget: budget_1_CC_HomePC_Account_193e1_ahv_0-251004-112507_key1_OXKuE_ahv_0-251004-112507_value1_1_OXKuE_377027
2026-02-02 05:15:59 - create_budget - INFO - [170/219] Creating BU budget: budget_1_Business_Unit_29
2026-02-02 05:15:59 - create_budget - INFO - [API REQUEST] POST https://ncm.services.nconprem-10-53-60-173.ccpnx.com/v1/cg/global/budgets
2026-02-02 05:15:59 - create_budget - INFO - [REQUEST DATA PAYLOAD] {"budgetName": "budget_1_Business_Unit_29", "financialYearStartMonth": "12", "resourceGroups": {"businessUnit": ["77a1a3df-3a0e-4f86-83f0-016563af155b"]}, "systemEstimate": true, "budgetAlert": {"configuration": {"monthly": [{"thresholdPercent": 71, "isDisabled": false}], "quarterly": [{"thresholdPercent": 75, "isDisabled": false}], "yearly": [{"thresholdPercent": 93, "isDisabled": false}]}, "recipients": ["sspuser1@systest.nutanix.com"], "isDisabled": false}}
2026-02-02 05:15:59 - create_budget - INFO - [API RESPONSE] POST https://ncm.services.nconprem-10-53-60-173.ccpnx.com/v1/cg/global/budgets
2026-02-02 05:15:59 - create_budget - INFO - [STATUS CODE] 500
2026-02-02 05:15:59 - create_budget - INFO - [TIME TAKEN] 0.3482 seconds (348.20 ms)
2026-02-02 05:15:59 - create_budget - INFO - [RESPONSE CONTENT-TYPE] application/json
2026-02-02 05:15:59 - create_budget - INFO - [RESPONSE PAYLOAD]
{
  "errorCode": 990020,
  "errorMessage": "The system encountered an internal error. If the issue persists, please reach out to our support."
}
2026-02-02 05:15:59 - create_budget - ERROR - ✗ Failed to create budget 'budget_1_Business_Unit_29': HTTP 500 - {'errorCode': 990020, 'errorMessage': 'The system encountered an internal error. If the issue persists, please reach out to our support.'}
2026-02-02 05:15:59 - create_budget - INFO - [171/219] Creating CC budget: budget_1_CC_HomePC_Account_193e1_ahv_0-251004-112543_key1_cWNZI_ahv_0-251004-112543_value1_2_cWNZI_538825
2026-02-02 05:15:59 - create_budget - INFO - [API REQUEST] POST https://ncm.services.nconprem-10-53-60-173.ccpnx.com/v1/cg/global/budgets
2026-02-02 05:15:59 - create_budget - INFO - [REQUEST DATA PAYLOAD] {"budgetName": "budget_1_CC_HomePC_Account_193e1_ahv_0-251004-112543_key1_cWNZI_ahv_0-251004-112543_value1_2_cWNZI_538825", "financialYearStartMonth": "7", "resourceGroups": {"costCenters": ["4f818711-2453-4096-9a4f-6749fb152e30"]}, "systemEstimate": true, "budgetAlert": {"configuration": {"monthly": [{"thresholdPercent": 75, "isDisabled": false}], "quarterly": [{"thresholdPercent": 76, "isDisabled": false}], "yearly": [{"thresholdPercent": 85, "isDisabled": false}]}, "recipients": ["sspuser1@systest.nutanix.com"], "isDisabled": false}}
2026-02-02 05:16:00 - create_budget - INFO - [API RESPONSE] POST https://ncm.services.nconprem-10-53-60-173.ccpnx.com/v1/cg/global/budgets
2026-02-02 05:16:00 - create_budget - INFO - [STATUS CODE] 200
2026-02-02 05:16:00 - create_budget - INFO - [TIME TAKEN] 0.2553 seconds (255.29 ms)
2026-02-02 05:16:00 - create_budget - INFO - [RESPONSE CONTENT-TYPE] application/json
2026-02-02 05:16:00 - create_budget - INFO - [RESPONSE PAYLOAD]
{
  "budgetId": "96e82d88-2514-445c-b0eb-29290e3051aa"
}
2026-02-02 05:16:00 - create_budget - INFO - ✓ Created budget: budget_1_CC_HomePC_Account_193e1_ahv_0-251004-112543_key1_cWNZI_ahv_0-251004-112543_value1_2_cWNZI_538825
2026-02-02 05:16:00 - create_budget - INFO - [172/219] Creating CC budget: budget_1_CC_HomePC_Account_193e1_ahv_0-251004-112549_key1_jePTb_ahv_0-251004-112549_value1_4_jePTb_538825
2026-02-02 05:16:00 - create_budget - INFO - [API REQUEST] POST https://ncm.services.nconprem-10-53-60-173.ccpnx.com/v1/cg/global/budgets
2026-02-02 05:16:00 - create_budget - INFO - [REQUEST DATA PAYLOAD] {"budgetName": "budget_1_CC_HomePC_Account_193e1_ahv_0-251004-112549_key1_jePTb_ahv_0-251004-112549_value1_4_jePTb_538825", "financialYearStartMonth": "6", "resourceGroups": {"costCenters": ["a20e42ed-fc87-4927-983f-91986d441493"]}, "systemEstimate": true, "budgetAlert": {"configuration": {"monthly": [{"thresholdPercent": 66, "isDisabled": false}], "quarterly": [{"thresholdPercent": 81, "isDisabled": false}], "yearly": [{"thresholdPercent": 90, "isDisabled": false}]}, "recipients": ["sspuser1@systest.nutanix.com"], "isDisabled": false}}
2026-02-02 05:16:00 - create_budget - INFO - [API RESPONSE] POST https://ncm.services.nconprem-10-53-60-173.ccpnx.com/v1/cg/global/budgets
2026-02-02 05:16:00 - create_budget - INFO - [STATUS CODE] 200
2026-02-02 05:16:00 - create_budget - INFO - [TIME TAKEN] 0.2708 seconds (270.84 ms)
2026-02-02 05:16:00 - create_budget - INFO - [RESPONSE CONTENT-TYPE] application/json
2026-02-02 05:16:00 - create_budget - INFO - [RESPONSE PAYLOAD]
{
  "budgetId": "e300a14c-afdd-4444-bf36-4d0e0cbe1e5c"
}
2026-02-02 05:16:00 - create_budget - INFO - ✓ Created budget: budget_1_CC_HomePC_Account_193e1_ahv_0-251004-112549_key1_jePTb_ahv_0-251004-112549_value1_4_jePTb_538825
2026-02-02 05:16:00 - create_budget - INFO - [173/219] Creating CC budget: budget_1_CC_HomePC_Account_193e1_ahv_0-251004-112533_key1_GOxLS_ahv_0-251004-112533_value1_10_GOxLS_538825
2026-02-02 05:16:00 - create_budget - INFO - [API REQUEST] POST https://ncm.services.nconprem-10-53-60-173.ccpnx.com/v1/cg/global/budgets
2026-02-02 05:16:00 - create_budget - INFO - [REQUEST DATA PAYLOAD] {"budgetName": "budget_1_CC_HomePC_Account_193e1_ahv_0-251004-112533_key1_GOxLS_ahv_0-251004-112533_value1_10_GOxLS_538825", "financialYearStartMonth": "1", "resourceGroups": {"costCenters": ["ce8d4118-622e-46cd-aa70-a838873adfbc"]}, "systemEstimate": true, "budgetAlert": {"configuration": {"monthly": [{"thresholdPercent": 66, "isDisabled": false}], "quarterly": [{"thresholdPercent": 81, "isDisabled": false}], "yearly": [{"thresholdPercent": 88, "isDisabled": false}]}, "recipients": ["sspuser1@systest.nutanix.com"], "isDisabled": false}}
2026-02-02 05:16:00 - create_budget - INFO - [API RESPONSE] POST https://ncm.services.nconprem-10-53-60-173.ccpnx.com/v1/cg/global/budgets
2026-02-02 05:16:00 - create_budget - INFO - [STATUS CODE] 200
2026-02-02 05:16:00 - create_budget - INFO - [TIME TAKEN] 0.2370 seconds (236.99 ms)
2026-02-02 05:16:00 - create_budget - INFO - [RESPONSE CONTENT-TYPE] application/json
2026-02-02 05:16:00 - create_budget - INFO - [RESPONSE PAYLOAD]
{
  "budgetId": "d23f04cf-1316-4256-9704-4d8ae8a465f3"
}
2026-02-02 05:16:00 - create_budget - INFO - ✓ Created budget: budget_1_CC_HomePC_Account_193e1_ahv_0-251004-112533_key1_GOxLS_ahv_0-251004-112533_value1_10_GOxLS_538825
2026-02-02 05:16:00 - create_budget - INFO - [174/219] Creating CC budget: budget_1_CC_HomePC_Account_193e1_ahv_0-251004-112538_key1_8T3pf_ahv_0-251004-112538_value1_10_8T3pf_538825
2026-02-02 05:16:00 - create_budget - INFO - [API REQUEST] POST https://ncm.services.nconprem-10-53-60-173.ccpnx.com/v1/cg/global/budgets
2026-02-02 05:16:00 - create_budget - INFO - [REQUEST DATA PAYLOAD] {"budgetName": "budget_1_CC_HomePC_Account_193e1_ahv_0-251004-112538_key1_8T3pf_ahv_0-251004-112538_value1_10_8T3pf_538825", "financialYearStartMonth": "7", "resourceGroups": {"costCenters": ["2f105ca7-ff42-439a-ad10-0aeddea6c27c"]}, "systemEstimate": true, "budgetAlert": {"configuration": {"monthly": [{"thresholdPercent": 67, "isDisabled": false}], "quarterly": [{"thresholdPercent": 75, "isDisabled": false}], "yearly": [{"thresholdPercent": 91, "isDisabled": false}]}, "recipients": ["sspuser1@systest.nutanix.com"], "isDisabled": false}}
2026-02-02 05:16:00 - create_budget - INFO - [API RESPONSE] POST https://ncm.services.nconprem-10-53-60-173.ccpnx.com/v1/cg/global/budgets
2026-02-02 05:16:00 - create_budget - INFO - [STATUS CODE] 200
2026-02-02 05:16:00 - create_budget - INFO - [TIME TAKEN] 0.2345 seconds (234.49 ms)
2026-02-02 05:16:00 - create_budget - INFO - [RESPONSE CONTENT-TYPE] application/json
2026-02-02 05:16:00 - create_budget - INFO - [RESPONSE PAYLOAD]
{
  "budgetId": "98bfd75f-744c-461d-b451-52919f9ea60e"
}
2026-02-02 05:16:00 - create_budget - INFO - ✓ Created budget: budget_1_CC_HomePC_Account_193e1_ahv_0-251004-112538_key1_8T3pf_ahv_0-251004-112538_value1_10_8T3pf_538825
2026-02-02 05:16:00 - create_budget - INFO - [175/219] Creating CC budget: budget_1_CC_HomePC_Account_193e1_ahv_0-251004-112557_key1_jW5Pe_ahv_0-251004-112557_value1_10_jW5Pe_538825
2026-02-02 05:16:00 - create_budget - INFO - [API REQUEST] POST https://ncm.services.nconprem-10-53-60-173.ccpnx.com/v1/cg/global/budgets
2026-02-02 05:16:00 - create_budget - INFO - [REQUEST DATA PAYLOAD] {"budgetName": "budget_1_CC_HomePC_Account_193e1_ahv_0-251004-112557_key1_jW5Pe_ahv_0-251004-112557_value1_10_jW5Pe_538825", "financialYearStartMonth": "3", "resourceGroups": {"costCenters": ["7492d786-a14f-4da3-baf3-9d0e96363f43"]}, "systemEstimate": true, "budgetAlert": {"configuration": {"monthly": [{"thresholdPercent": 71, "isDisabled": false}], "quarterly": [{"thresholdPercent": 76, "isDisabled": false}], "yearly": [{"thresholdPercent": 89, "isDisabled": false}]}, "recipients": ["sspuser1@systest.nutanix.com"], "isDisabled": false}}
2026-02-02 05:16:01 - create_budget - INFO - [API RESPONSE] POST https://ncm.services.nconprem-10-53-60-173.ccpnx.com/v1/cg/global/budgets
2026-02-02 05:16:01 - create_budget - INFO - [STATUS CODE] 200
2026-02-02 05:16:01 - create_budget - INFO - [TIME TAKEN] 0.2437 seconds (243.70 ms)
2026-02-02 05:16:01 - create_budget - INFO - [RESPONSE CONTENT-TYPE] application/json
2026-02-02 05:16:01 - create_budget - INFO - [RESPONSE PAYLOAD]
{
  "budgetId": "2a866f3d-65ca-4b2a-a470-b932be98a0e4"
}
2026-02-02 05:16:01 - create_budget - INFO - ✓ Created budget: budget_1_CC_HomePC_Account_193e1_ahv_0-251004-112557_key1_jW5Pe_ahv_0-251004-112557_value1_10_jW5Pe_538825
2026-02-02 05:16:01 - create_budget - INFO - [176/219] Creating BU budget: budget_1_Business_Unit_30
2026-02-02 05:16:01 - create_budget - INFO - [API REQUEST] POST https://ncm.services.nconprem-10-53-60-173.ccpnx.com/v1/cg/global/budgets
2026-02-02 05:16:01 - create_budget - INFO - [REQUEST DATA PAYLOAD] {"budgetName": "budget_1_Business_Unit_30", "financialYearStartMonth": "1", "resourceGroups": {"businessUnit": ["54193aa9-2f4e-4e78-8337-d79b3247c226"]}, "systemEstimate": true, "budgetAlert": {"configuration": {"monthly": [{"thresholdPercent": 69, "isDisabled": false}], "quarterly": [{"thresholdPercent": 79, "isDisabled": false}], "yearly": [{"thresholdPercent": 90, "isDisabled": false}]}, "recipients": ["sspuser1@systest.nutanix.com"], "isDisabled": false}}
2026-02-02 05:16:01 - create_budget - INFO - [API RESPONSE] POST https://ncm.services.nconprem-10-53-60-173.ccpnx.com/v1/cg/global/budgets
2026-02-02 05:16:01 - create_budget - INFO - [STATUS CODE] 500
2026-02-02 05:16:01 - create_budget - INFO - [TIME TAKEN] 0.2914 seconds (291.42 ms)
2026-02-02 05:16:01 - create_budget - INFO - [RESPONSE CONTENT-TYPE] application/json
2026-02-02 05:16:01 - create_budget - INFO - [RESPONSE PAYLOAD]
{
  "errorCode": 990020,
  "errorMessage": "The system encountered an internal error. If the issue persists, please reach out to our support."
}
2026-02-02 05:16:01 - create_budget - ERROR - ✗ Failed to create budget 'budget_1_Business_Unit_30': HTTP 500 - {'errorCode': 990020, 'errorMessage': 'The system encountered an internal error. If the issue persists, please reach out to our support.'}
2026-02-02 05:16:01 - create_budget - INFO - [177/219] Creating CC budget: budget_1_CC_HomePC_Account_193e1_ahv_0-251004-112558_key1_Rvw5V_ahv_0-251004-112558_value1_1_Rvw5V_538825
2026-02-02 05:16:01 - create_budget - INFO - [API REQUEST] POST https://ncm.services.nconprem-10-53-60-173.ccpnx.com/v1/cg/global/budgets
2026-02-02 05:16:01 - create_budget - INFO - [REQUEST DATA PAYLOAD] {"budgetName": "budget_1_CC_HomePC_Account_193e1_ahv_0-251004-112558_key1_Rvw5V_ahv_0-251004-112558_value1_1_Rvw5V_538825", "financialYearStartMonth": "12", "resourceGroups": {"costCenters": ["eb18f872-db5c-4d62-9bef-0df87c279b0d"]}, "systemEstimate": true, "budgetAlert": {"configuration": {"monthly": [{"thresholdPercent": 71, "isDisabled": false}], "quarterly": [{"thresholdPercent": 77, "isDisabled": false}], "yearly": [{"thresholdPercent": 93, "isDisabled": false}]}, "recipients": ["sspuser1@systest.nutanix.com"], "isDisabled": false}}
2026-02-02 05:16:01 - create_budget - INFO - [API RESPONSE] POST https://ncm.services.nconprem-10-53-60-173.ccpnx.com/v1/cg/global/budgets
2026-02-02 05:16:01 - create_budget - INFO - [STATUS CODE] 200
2026-02-02 05:16:01 - create_budget - INFO - [TIME TAKEN] 0.3516 seconds (351.60 ms)
2026-02-02 05:16:01 - create_budget - INFO - [RESPONSE CONTENT-TYPE] application/json
2026-02-02 05:16:01 - create_budget - INFO - [RESPONSE PAYLOAD]
{
  "budgetId": "d69f4dbe-6e7c-4db8-8f6a-16a8d3bfbbb0"
}
2026-02-02 05:16:01 - create_budget - INFO - ✓ Created budget: budget_1_CC_HomePC_Account_193e1_ahv_0-251004-112558_key1_Rvw5V_ahv_0-251004-112558_value1_1_Rvw5V_538825
2026-02-02 05:16:01 - create_budget - INFO - [178/219] Creating CC budget: budget_1_CC_HomePC_Account_193e1_ahv_0-251004-112606_key1_tZ7F6_ahv_0-251004-112606_value1_2_tZ7F6_538825
2026-02-02 05:16:01 - create_budget - INFO - [API REQUEST] POST https://ncm.services.nconprem-10-53-60-173.ccpnx.com/v1/cg/global/budgets
2026-02-02 05:16:01 - create_budget - INFO - [REQUEST DATA PAYLOAD] {"budgetName": "budget_1_CC_HomePC_Account_193e1_ahv_0-251004-112606_key1_tZ7F6_ahv_0-251004-112606_value1_2_tZ7F6_538825", "financialYearStartMonth": "9", "resourceGroups": {"costCenters": ["5b28461a-2a40-4f68-8184-356516611580"]}, "systemEstimate": true, "budgetAlert": {"configuration": {"monthly": [{"thresholdPercent": 70, "isDisabled": false}], "quarterly": [{"thresholdPercent": 78, "isDisabled": false}], "yearly": [{"thresholdPercent": 92, "isDisabled": false}]}, "recipients": ["sspuser1@systest.nutanix.com"], "isDisabled": false}}
2026-02-02 05:16:02 - create_budget - INFO - [API RESPONSE] POST https://ncm.services.nconprem-10-53-60-173.ccpnx.com/v1/cg/global/budgets
2026-02-02 05:16:02 - create_budget - INFO - [STATUS CODE] 200
2026-02-02 05:16:02 - create_budget - INFO - [TIME TAKEN] 0.3729 seconds (372.94 ms)
2026-02-02 05:16:02 - create_budget - INFO - [RESPONSE CONTENT-TYPE] application/json
2026-02-02 05:16:02 - create_budget - INFO - [RESPONSE PAYLOAD]
{
  "budgetId": "de2ed557-acba-4592-9f65-20b8f8aba2c6"
}
2026-02-02 05:16:02 - create_budget - INFO - ✓ Created budget: budget_1_CC_HomePC_Account_193e1_ahv_0-251004-112606_key1_tZ7F6_ahv_0-251004-112606_value1_2_tZ7F6_538825
2026-02-02 05:16:02 - create_budget - INFO - [179/219] Creating CC budget: budget_1_CC_HomePC_Account_193e1_ahv_0-251004-112632_key1_OWnlM_ahv_0-251004-112632_value1_1_OWnlM_538825
2026-02-02 05:16:02 - create_budget - INFO - [API REQUEST] POST https://ncm.services.nconprem-10-53-60-173.ccpnx.com/v1/cg/global/budgets
2026-02-02 05:16:02 - create_budget - INFO - [REQUEST DATA PAYLOAD] {"budgetName": "budget_1_CC_HomePC_Account_193e1_ahv_0-251004-112632_key1_OWnlM_ahv_0-251004-112632_value1_1_OWnlM_538825", "financialYearStartMonth": "10", "resourceGroups": {"costCenters": ["73ac97ad-1eb1-4a58-b3c0-156575da33eb"]}, "systemEstimate": true, "budgetAlert": {"configuration": {"monthly": [{"thresholdPercent": 73, "isDisabled": false}], "quarterly": [{"thresholdPercent": 77, "isDisabled": false}], "yearly": [{"thresholdPercent": 85, "isDisabled": false}]}, "recipients": ["sspuser1@systest.nutanix.com"], "isDisabled": false}}
2026-02-02 05:16:02 - create_budget - INFO - [API RESPONSE] POST https://ncm.services.nconprem-10-53-60-173.ccpnx.com/v1/cg/global/budgets
2026-02-02 05:16:02 - create_budget - INFO - [STATUS CODE] 200
2026-02-02 05:16:02 - create_budget - INFO - [TIME TAKEN] 0.3897 seconds (389.67 ms)
2026-02-02 05:16:02 - create_budget - INFO - [RESPONSE CONTENT-TYPE] application/json
2026-02-02 05:16:02 - create_budget - INFO - [RESPONSE PAYLOAD]
{
  "budgetId": "81b702b9-8035-485c-8f66-9b4bbf0e8d4a"
}
2026-02-02 05:16:02 - create_budget - INFO - ✓ Created budget: budget_1_CC_HomePC_Account_193e1_ahv_0-251004-112632_key1_OWnlM_ahv_0-251004-112632_value1_1_OWnlM_538825
2026-02-02 05:16:02 - create_budget - INFO - [180/219] Creating CC budget: budget_1_CC_HomePC_Account_193e1_ahv_0-251004-112615_key1_JyWLu_ahv_0-251004-112615_value1_4_JyWLu_538825
2026-02-02 05:16:02 - create_budget - INFO - [API REQUEST] POST https://ncm.services.nconprem-10-53-60-173.ccpnx.com/v1/cg/global/budgets
2026-02-02 05:16:02 - create_budget - INFO - [REQUEST DATA PAYLOAD] {"budgetName": "budget_1_CC_HomePC_Account_193e1_ahv_0-251004-112615_key1_JyWLu_ahv_0-251004-112615_value1_4_JyWLu_538825", "financialYearStartMonth": "3", "resourceGroups": {"costCenters": ["419d9f61-f8bd-43f7-ab6b-8b4d3f120a42"]}, "systemEstimate": true, "budgetAlert": {"configuration": {"monthly": [{"thresholdPercent": 66, "isDisabled": false}], "quarterly": [{"thresholdPercent": 75, "isDisabled": false}], "yearly": [{"thresholdPercent": 88, "isDisabled": false}]}, "recipients": ["sspuser1@systest.nutanix.com"], "isDisabled": false}}
2026-02-02 05:16:02 - create_budget - INFO - [API RESPONSE] POST https://ncm.services.nconprem-10-53-60-173.ccpnx.com/v1/cg/global/budgets
2026-02-02 05:16:02 - create_budget - INFO - [STATUS CODE] 200
2026-02-02 05:16:02 - create_budget - INFO - [TIME TAKEN] 0.3439 seconds (343.87 ms)
2026-02-02 05:16:02 - create_budget - INFO - [RESPONSE CONTENT-TYPE] application/json
2026-02-02 05:16:02 - create_budget - INFO - [RESPONSE PAYLOAD]
{
  "budgetId": "79bf8f7f-d5f5-4a13-913d-b9510a17acb4"
}
2026-02-02 05:16:02 - create_budget - INFO - ✓ Created budget: budget_1_CC_HomePC_Account_193e1_ahv_0-251004-112615_key1_JyWLu_ahv_0-251004-112615_value1_4_JyWLu_538825
2026-02-02 05:16:02 - create_budget - INFO - [181/219] Creating CC budget: budget_1_CC_HomePC_Account_193e1_ahv_0-251004-112618_key1_7aFgy_ahv_0-251004-112618_value1_1_7aFgy_538825
2026-02-02 05:16:02 - create_budget - INFO - [API REQUEST] POST https://ncm.services.nconprem-10-53-60-173.ccpnx.com/v1/cg/global/budgets
2026-02-02 05:16:02 - create_budget - INFO - [REQUEST DATA PAYLOAD] {"budgetName": "budget_1_CC_HomePC_Account_193e1_ahv_0-251004-112618_key1_7aFgy_ahv_0-251004-112618_value1_1_7aFgy_538825", "financialYearStartMonth": "3", "resourceGroups": {"costCenters": ["f5b1419a-dc9d-4e3b-be02-2c0299e9e349"]}, "systemEstimate": true, "budgetAlert": {"configuration": {"monthly": [{"thresholdPercent": 66, "isDisabled": false}], "quarterly": [{"thresholdPercent": 76, "isDisabled": false}], "yearly": [{"thresholdPercent": 90, "isDisabled": false}]}, "recipients": ["sspuser1@systest.nutanix.com"], "isDisabled": false}}
2026-02-02 05:16:03 - create_budget - INFO - [API RESPONSE] POST https://ncm.services.nconprem-10-53-60-173.ccpnx.com/v1/cg/global/budgets
2026-02-02 05:16:03 - create_budget - INFO - [STATUS CODE] 200
2026-02-02 05:16:03 - create_budget - INFO - [TIME TAKEN] 0.2919 seconds (291.88 ms)
2026-02-02 05:16:03 - create_budget - INFO - [RESPONSE CONTENT-TYPE] application/json
2026-02-02 05:16:03 - create_budget - INFO - [RESPONSE PAYLOAD]
{
  "budgetId": "470e832a-e821-43dd-b905-c2fdc2cce5bd"
}
2026-02-02 05:16:03 - create_budget - INFO - ✓ Created budget: budget_1_CC_HomePC_Account_193e1_ahv_0-251004-112618_key1_7aFgy_ahv_0-251004-112618_value1_1_7aFgy_538825
2026-02-02 05:16:03 - create_budget - INFO - [182/219] Creating BU budget: budget_1_Business_Unit_31
2026-02-02 05:16:03 - create_budget - INFO - [API REQUEST] POST https://ncm.services.nconprem-10-53-60-173.ccpnx.com/v1/cg/global/budgets
2026-02-02 05:16:03 - create_budget - INFO - [REQUEST DATA PAYLOAD] {"budgetName": "budget_1_Business_Unit_31", "financialYearStartMonth": "7", "resourceGroups": {"businessUnit": ["5fcb034b-cfd6-4355-b421-45889db27103"]}, "systemEstimate": true, "budgetAlert": {"configuration": {"monthly": [{"thresholdPercent": 71, "isDisabled": false}], "quarterly": [{"thresholdPercent": 81, "isDisabled": false}], "yearly": [{"thresholdPercent": 95, "isDisabled": false}]}, "recipients": ["sspuser1@systest.nutanix.com"], "isDisabled": false}}
2026-02-02 05:16:03 - create_budget - INFO - [API RESPONSE] POST https://ncm.services.nconprem-10-53-60-173.ccpnx.com/v1/cg/global/budgets
2026-02-02 05:16:03 - create_budget - INFO - [STATUS CODE] 500
2026-02-02 05:16:03 - create_budget - INFO - [TIME TAKEN] 0.3518 seconds (351.77 ms)
2026-02-02 05:16:03 - create_budget - INFO - [RESPONSE CONTENT-TYPE] application/json
2026-02-02 05:16:03 - create_budget - INFO - [RESPONSE PAYLOAD]
{
  "errorCode": 990020,
  "errorMessage": "The system encountered an internal error. If the issue persists, please reach out to our support."
}
2026-02-02 05:16:03 - create_budget - ERROR - ✗ Failed to create budget 'budget_1_Business_Unit_31': HTTP 500 - {'errorCode': 990020, 'errorMessage': 'The system encountered an internal error. If the issue persists, please reach out to our support.'}
2026-02-02 05:16:03 - create_budget - INFO - [183/219] Creating CC budget: budget_1_CC_HomePC_Account_193e1_ahv_0-251004-112635_key1_zXZb6_ahv_0-251004-112635_value1_3_zXZb6_538825
2026-02-02 05:16:03 - create_budget - INFO - [API REQUEST] POST https://ncm.services.nconprem-10-53-60-173.ccpnx.com/v1/cg/global/budgets
2026-02-02 05:16:03 - create_budget - INFO - [REQUEST DATA PAYLOAD] {"budgetName": "budget_1_CC_HomePC_Account_193e1_ahv_0-251004-112635_key1_zXZb6_ahv_0-251004-112635_value1_3_zXZb6_538825", "financialYearStartMonth": "7", "resourceGroups": {"costCenters": ["17e00640-0849-4ff2-b95d-8edfeb2c2cda"]}, "systemEstimate": true, "budgetAlert": {"configuration": {"monthly": [{"thresholdPercent": 70, "isDisabled": false}], "quarterly": [{"thresholdPercent": 81, "isDisabled": false}], "yearly": [{"thresholdPercent": 88, "isDisabled": false}]}, "recipients": ["sspuser1@systest.nutanix.com"], "isDisabled": false}}
2026-02-02 05:16:03 - create_budget - INFO - [API RESPONSE] POST https://ncm.services.nconprem-10-53-60-173.ccpnx.com/v1/cg/global/budgets
2026-02-02 05:16:03 - create_budget - INFO - [STATUS CODE] 200
2026-02-02 05:16:03 - create_budget - INFO - [TIME TAKEN] 0.5344 seconds (534.36 ms)
2026-02-02 05:16:03 - create_budget - INFO - [RESPONSE CONTENT-TYPE] application/json
2026-02-02 05:16:03 - create_budget - INFO - [RESPONSE PAYLOAD]
{
  "budgetId": "b48d6f89-079b-41c4-ac58-555884a7f8ee"
}
2026-02-02 05:16:03 - create_budget - INFO - ✓ Created budget: budget_1_CC_HomePC_Account_193e1_ahv_0-251004-112635_key1_zXZb6_ahv_0-251004-112635_value1_3_zXZb6_538825
2026-02-02 05:16:03 - create_budget - INFO - [184/219] Creating CC budget: budget_1_CC_HomePC_Account_193e1_ahv_0-251004-112641_key1_WlNEz_ahv_0-251004-112641_value1_2_WlNEz_538825
2026-02-02 05:16:03 - create_budget - INFO - [API REQUEST] POST https://ncm.services.nconprem-10-53-60-173.ccpnx.com/v1/cg/global/budgets
2026-02-02 05:16:03 - create_budget - INFO - [REQUEST DATA PAYLOAD] {"budgetName": "budget_1_CC_HomePC_Account_193e1_ahv_0-251004-112641_key1_WlNEz_ahv_0-251004-112641_value1_2_WlNEz_538825", "financialYearStartMonth": "8", "resourceGroups": {"costCenters": ["8cf2cb98-5654-4f81-b0d5-beb050b7c900"]}, "systemEstimate": true, "budgetAlert": {"configuration": {"monthly": [{"thresholdPercent": 73, "isDisabled": false}], "quarterly": [{"thresholdPercent": 83, "isDisabled": false}], "yearly": [{"thresholdPercent": 85, "isDisabled": false}]}, "recipients": ["sspuser1@systest.nutanix.com"], "isDisabled": false}}
2026-02-02 05:16:04 - create_budget - INFO - [API RESPONSE] POST https://ncm.services.nconprem-10-53-60-173.ccpnx.com/v1/cg/global/budgets
2026-02-02 05:16:04 - create_budget - INFO - [STATUS CODE] 200
2026-02-02 05:16:04 - create_budget - INFO - [TIME TAKEN] 0.5038 seconds (503.84 ms)
2026-02-02 05:16:04 - create_budget - INFO - [RESPONSE CONTENT-TYPE] application/json
2026-02-02 05:16:04 - create_budget - INFO - [RESPONSE PAYLOAD]
{
  "budgetId": "52164974-fa22-497f-ae29-b5095144cde3"
}
2026-02-02 05:16:04 - create_budget - INFO - ✓ Created budget: budget_1_CC_HomePC_Account_193e1_ahv_0-251004-112641_key1_WlNEz_ahv_0-251004-112641_value1_2_WlNEz_538825
2026-02-02 05:16:04 - create_budget - INFO - [185/219] Creating CC budget: budget_1_CC_HomePC_Account_193e1_ahv_0-251004-112707_key1_24wOh_ahv_0-251004-112707_value1_1_24wOh_377027
2026-02-02 05:16:04 - create_budget - INFO - [API REQUEST] POST https://ncm.services.nconprem-10-53-60-173.ccpnx.com/v1/cg/global/budgets
2026-02-02 05:16:04 - create_budget - INFO - [REQUEST DATA PAYLOAD] {"budgetName": "budget_1_CC_HomePC_Account_193e1_ahv_0-251004-112707_key1_24wOh_ahv_0-251004-112707_value1_1_24wOh_377027", "financialYearStartMonth": "5", "resourceGroups": {"costCenters": ["1d893b78-2935-41a4-944c-669d6e52ce6b"]}, "systemEstimate": true, "budgetAlert": {"configuration": {"monthly": [{"thresholdPercent": 72, "isDisabled": false}], "quarterly": [{"thresholdPercent": 75, "isDisabled": false}], "yearly": [{"thresholdPercent": 90, "isDisabled": false}]}, "recipients": ["sspuser1@systest.nutanix.com"], "isDisabled": false}}
2026-02-02 05:16:04 - create_budget - INFO - [API RESPONSE] POST https://ncm.services.nconprem-10-53-60-173.ccpnx.com/v1/cg/global/budgets
2026-02-02 05:16:04 - create_budget - INFO - [STATUS CODE] 200
2026-02-02 05:16:04 - create_budget - INFO - [TIME TAKEN] 0.2648 seconds (264.84 ms)
2026-02-02 05:16:04 - create_budget - INFO - [RESPONSE CONTENT-TYPE] application/json
2026-02-02 05:16:04 - create_budget - INFO - [RESPONSE PAYLOAD]
{
  "budgetId": "af603c75-9535-4693-9f8e-295771d0d139"
}
2026-02-02 05:16:04 - create_budget - INFO - ✓ Created budget: budget_1_CC_HomePC_Account_193e1_ahv_0-251004-112707_key1_24wOh_ahv_0-251004-112707_value1_1_24wOh_377027
2026-02-02 05:16:04 - create_budget - INFO - [186/219] Creating CC budget: budget_1_CC_HomePC_Account_193e1_ahv_0-251004-112648_key1_sZQeA_ahv_0-251004-112648_value1_4_sZQeA_377027
2026-02-02 05:16:04 - create_budget - INFO - [API REQUEST] POST https://ncm.services.nconprem-10-53-60-173.ccpnx.com/v1/cg/global/budgets
2026-02-02 05:16:04 - create_budget - INFO - [REQUEST DATA PAYLOAD] {"budgetName": "budget_1_CC_HomePC_Account_193e1_ahv_0-251004-112648_key1_sZQeA_ahv_0-251004-112648_value1_4_sZQeA_377027", "financialYearStartMonth": "2", "resourceGroups": {"costCenters": ["bd0679a6-a60a-4651-8805-34ca8e4fa77e"]}, "systemEstimate": true, "budgetAlert": {"configuration": {"monthly": [{"thresholdPercent": 74, "isDisabled": false}], "quarterly": [{"thresholdPercent": 78, "isDisabled": false}], "yearly": [{"thresholdPercent": 89, "isDisabled": false}]}, "recipients": ["sspuser1@systest.nutanix.com"], "isDisabled": false}}
2026-02-02 05:16:05 - create_budget - INFO - [API RESPONSE] POST https://ncm.services.nconprem-10-53-60-173.ccpnx.com/v1/cg/global/budgets
2026-02-02 05:16:05 - create_budget - INFO - [STATUS CODE] 200
2026-02-02 05:16:05 - create_budget - INFO - [TIME TAKEN] 0.3106 seconds (310.64 ms)
2026-02-02 05:16:05 - create_budget - INFO - [RESPONSE CONTENT-TYPE] application/json
2026-02-02 05:16:05 - create_budget - INFO - [RESPONSE PAYLOAD]
{
  "budgetId": "2eed2e87-e457-47c0-94d3-9e8491a46f4c"
}
2026-02-02 05:16:05 - create_budget - INFO - ✓ Created budget: budget_1_CC_HomePC_Account_193e1_ahv_0-251004-112648_key1_sZQeA_ahv_0-251004-112648_value1_4_sZQeA_377027
2026-02-02 05:16:05 - create_budget - INFO - [187/219] Creating CC budget: budget_1_CC_HomePC_Account_193e1_ahv_0-251004-112659_key1_lFQeM_ahv_0-251004-112659_value1_1_lFQeM_377027
2026-02-02 05:16:05 - create_budget - INFO - [API REQUEST] POST https://ncm.services.nconprem-10-53-60-173.ccpnx.com/v1/cg/global/budgets
2026-02-02 05:16:05 - create_budget - INFO - [REQUEST DATA PAYLOAD] {"budgetName": "budget_1_CC_HomePC_Account_193e1_ahv_0-251004-112659_key1_lFQeM_ahv_0-251004-112659_value1_1_lFQeM_377027", "financialYearStartMonth": "9", "resourceGroups": {"costCenters": ["98fde96b-0a45-40a6-86aa-b74502769c52"]}, "systemEstimate": true, "budgetAlert": {"configuration": {"monthly": [{"thresholdPercent": 69, "isDisabled": false}], "quarterly": [{"thresholdPercent": 76, "isDisabled": false}], "yearly": [{"thresholdPercent": 92, "isDisabled": false}]}, "recipients": ["sspuser1@systest.nutanix.com"], "isDisabled": false}}
2026-02-02 05:16:05 - create_budget - INFO - [API RESPONSE] POST https://ncm.services.nconprem-10-53-60-173.ccpnx.com/v1/cg/global/budgets
2026-02-02 05:16:05 - create_budget - INFO - [STATUS CODE] 200
2026-02-02 05:16:05 - create_budget - INFO - [TIME TAKEN] 0.3953 seconds (395.34 ms)
2026-02-02 05:16:05 - create_budget - INFO - [RESPONSE CONTENT-TYPE] application/json
2026-02-02 05:16:05 - create_budget - INFO - [RESPONSE PAYLOAD]
{
  "budgetId": "9379cf54-6000-4372-bf0f-3a364fba4997"
}
2026-02-02 05:16:05 - create_budget - INFO - ✓ Created budget: budget_1_CC_HomePC_Account_193e1_ahv_0-251004-112659_key1_lFQeM_ahv_0-251004-112659_value1_1_lFQeM_377027
2026-02-02 05:16:05 - create_budget - INFO - [188/219] Creating BU budget: budget_1_Business_Unit_32
2026-02-02 05:16:05 - create_budget - INFO - [API REQUEST] POST https://ncm.services.nconprem-10-53-60-173.ccpnx.com/v1/cg/global/budgets
2026-02-02 05:16:05 - create_budget - INFO - [REQUEST DATA PAYLOAD] {"budgetName": "budget_1_Business_Unit_32", "financialYearStartMonth": "10", "resourceGroups": {"businessUnit": ["6d6ec30d-6f2c-4a77-b50c-b81dc2ffccd1"]}, "systemEstimate": true, "budgetAlert": {"configuration": {"monthly": [{"thresholdPercent": 67, "isDisabled": false}], "quarterly": [{"thresholdPercent": 84, "isDisabled": false}], "yearly": [{"thresholdPercent": 85, "isDisabled": false}]}, "recipients": ["sspuser1@systest.nutanix.com"], "isDisabled": false}}
2026-02-02 05:16:05 - create_budget - INFO - [API RESPONSE] POST https://ncm.services.nconprem-10-53-60-173.ccpnx.com/v1/cg/global/budgets
2026-02-02 05:16:05 - create_budget - INFO - [STATUS CODE] 500
2026-02-02 05:16:05 - create_budget - INFO - [TIME TAKEN] 0.3100 seconds (310.01 ms)
2026-02-02 05:16:05 - create_budget - INFO - [RESPONSE CONTENT-TYPE] application/json
2026-02-02 05:16:05 - create_budget - INFO - [RESPONSE PAYLOAD]
{
  "errorCode": 990020,
  "errorMessage": "The system encountered an internal error. If the issue persists, please reach out to our support."
}
2026-02-02 05:16:05 - create_budget - ERROR - ✗ Failed to create budget 'budget_1_Business_Unit_32': HTTP 500 - {'errorCode': 990020, 'errorMessage': 'The system encountered an internal error. If the issue persists, please reach out to our support.'}
2026-02-02 05:16:05 - create_budget - INFO - [189/219] Creating CC budget: budget_1_CC_HomePC_Account_193e1_ahv_0-251004-112739_key1_qrZ8z_ahv_0-251004-112739_value1_1_qrZ8z_377027
2026-02-02 05:16:05 - create_budget - INFO - [API REQUEST] POST https://ncm.services.nconprem-10-53-60-173.ccpnx.com/v1/cg/global/budgets
2026-02-02 05:16:05 - create_budget - INFO - [REQUEST DATA PAYLOAD] {"budgetName": "budget_1_CC_HomePC_Account_193e1_ahv_0-251004-112739_key1_qrZ8z_ahv_0-251004-112739_value1_1_qrZ8z_377027", "financialYearStartMonth": "11", "resourceGroups": {"costCenters": ["f29883aa-f1c3-4a18-a94e-e7d09557e24b"]}, "systemEstimate": true, "budgetAlert": {"configuration": {"monthly": [{"thresholdPercent": 69, "isDisabled": false}], "quarterly": [{"thresholdPercent": 76, "isDisabled": false}], "yearly": [{"thresholdPercent": 89, "isDisabled": false}]}, "recipients": ["sspuser1@systest.nutanix.com"], "isDisabled": false}}
2026-02-02 05:16:05 - create_budget - INFO - [API RESPONSE] POST https://ncm.services.nconprem-10-53-60-173.ccpnx.com/v1/cg/global/budgets
2026-02-02 05:16:05 - create_budget - INFO - [STATUS CODE] 200
2026-02-02 05:16:05 - create_budget - INFO - [TIME TAKEN] 0.2640 seconds (264.04 ms)
2026-02-02 05:16:05 - create_budget - INFO - [RESPONSE CONTENT-TYPE] application/json
2026-02-02 05:16:05 - create_budget - INFO - [RESPONSE PAYLOAD]
{
  "budgetId": "8e8dd0d3-1344-42ea-8ebb-6b9769ab86f1"
}
2026-02-02 05:16:05 - create_budget - INFO - ✓ Created budget: budget_1_CC_HomePC_Account_193e1_ahv_0-251004-112739_key1_qrZ8z_ahv_0-251004-112739_value1_1_qrZ8z_377027
2026-02-02 05:16:06 - create_budget - INFO - [190/219] Creating CC budget: budget_1_CC_HomePC_Account_193e1_ahv_0-251004-112716_key1_y9eB9_ahv_0-251004-112716_value1_1_y9eB9_377027
2026-02-02 05:16:06 - create_budget - INFO - [API REQUEST] POST https://ncm.services.nconprem-10-53-60-173.ccpnx.com/v1/cg/global/budgets
2026-02-02 05:16:06 - create_budget - INFO - [REQUEST DATA PAYLOAD] {"budgetName": "budget_1_CC_HomePC_Account_193e1_ahv_0-251004-112716_key1_y9eB9_ahv_0-251004-112716_value1_1_y9eB9_377027", "financialYearStartMonth": "2", "resourceGroups": {"costCenters": ["ba1d30fc-efe9-41b2-a6b1-368fa265888b"]}, "systemEstimate": true, "budgetAlert": {"configuration": {"monthly": [{"thresholdPercent": 68, "isDisabled": false}], "quarterly": [{"thresholdPercent": 76, "isDisabled": false}], "yearly": [{"thresholdPercent": 86, "isDisabled": false}]}, "recipients": ["sspuser1@systest.nutanix.com"], "isDisabled": false}}
2026-02-02 05:16:06 - create_budget - INFO - [API RESPONSE] POST https://ncm.services.nconprem-10-53-60-173.ccpnx.com/v1/cg/global/budgets
2026-02-02 05:16:06 - create_budget - INFO - [STATUS CODE] 200
2026-02-02 05:16:06 - create_budget - INFO - [TIME TAKEN] 0.2824 seconds (282.43 ms)
2026-02-02 05:16:06 - create_budget - INFO - [RESPONSE CONTENT-TYPE] application/json
2026-02-02 05:16:06 - create_budget - INFO - [RESPONSE PAYLOAD]
{
  "budgetId": "18f1f91f-d999-49f5-8572-51e1bbb49413"
}
2026-02-02 05:16:06 - create_budget - INFO - ✓ Created budget: budget_1_CC_HomePC_Account_193e1_ahv_0-251004-112716_key1_y9eB9_ahv_0-251004-112716_value1_1_y9eB9_377027
2026-02-02 05:16:06 - create_budget - INFO - [191/219] Creating CC budget: budget_1_CC_HomePC_Account_193e1_ahv_0-251004-112724_key1_uLrxg_ahv_0-251004-112724_value1_1_uLrxg_377027
2026-02-02 05:16:06 - create_budget - INFO - [API REQUEST] POST https://ncm.services.nconprem-10-53-60-173.ccpnx.com/v1/cg/global/budgets
2026-02-02 05:16:06 - create_budget - INFO - [REQUEST DATA PAYLOAD] {"budgetName": "budget_1_CC_HomePC_Account_193e1_ahv_0-251004-112724_key1_uLrxg_ahv_0-251004-112724_value1_1_uLrxg_377027", "financialYearStartMonth": "3", "resourceGroups": {"costCenters": ["bb3913c5-35d6-4ce5-bfa1-279c61a5b34e"]}, "systemEstimate": true, "budgetAlert": {"configuration": {"monthly": [{"thresholdPercent": 67, "isDisabled": false}], "quarterly": [{"thresholdPercent": 76, "isDisabled": false}], "yearly": [{"thresholdPercent": 89, "isDisabled": false}]}, "recipients": ["sspuser1@systest.nutanix.com"], "isDisabled": false}}
2026-02-02 05:16:06 - create_budget - INFO - [API RESPONSE] POST https://ncm.services.nconprem-10-53-60-173.ccpnx.com/v1/cg/global/budgets
2026-02-02 05:16:06 - create_budget - INFO - [STATUS CODE] 200
2026-02-02 05:16:06 - create_budget - INFO - [TIME TAKEN] 0.2731 seconds (273.05 ms)
2026-02-02 05:16:06 - create_budget - INFO - [RESPONSE CONTENT-TYPE] application/json
2026-02-02 05:16:06 - create_budget - INFO - [RESPONSE PAYLOAD]
{
  "budgetId": "509bf4d4-8664-49c5-9df2-ea2963d5ffbf"
}
2026-02-02 05:16:06 - create_budget - INFO - ✓ Created budget: budget_1_CC_HomePC_Account_193e1_ahv_0-251004-112724_key1_uLrxg_ahv_0-251004-112724_value1_1_uLrxg_377027
2026-02-02 05:16:06 - create_budget - INFO - [192/219] Creating CC budget: budget_1_CC_HomePC_Account_193e1_ahv_0-251004-112725_key1_uXgze_ahv_0-251004-112725_value1_1_uXgze_377027
2026-02-02 05:16:06 - create_budget - INFO - [API REQUEST] POST https://ncm.services.nconprem-10-53-60-173.ccpnx.com/v1/cg/global/budgets
2026-02-02 05:16:06 - create_budget - INFO - [REQUEST DATA PAYLOAD] {"budgetName": "budget_1_CC_HomePC_Account_193e1_ahv_0-251004-112725_key1_uXgze_ahv_0-251004-112725_value1_1_uXgze_377027", "financialYearStartMonth": "1", "resourceGroups": {"costCenters": ["0301b72b-aa28-4810-9ba9-32ac9e9f1dad"]}, "systemEstimate": true, "budgetAlert": {"configuration": {"monthly": [{"thresholdPercent": 71, "isDisabled": false}], "quarterly": [{"thresholdPercent": 81, "isDisabled": false}], "yearly": [{"thresholdPercent": 95, "isDisabled": false}]}, "recipients": ["sspuser1@systest.nutanix.com"], "isDisabled": false}}
2026-02-02 05:16:06 - create_budget - INFO - [API RESPONSE] POST https://ncm.services.nconprem-10-53-60-173.ccpnx.com/v1/cg/global/budgets
2026-02-02 05:16:06 - create_budget - INFO - [STATUS CODE] 200
2026-02-02 05:16:06 - create_budget - INFO - [TIME TAKEN] 0.3808 seconds (380.81 ms)
2026-02-02 05:16:06 - create_budget - INFO - [RESPONSE CONTENT-TYPE] application/json
2026-02-02 05:16:06 - create_budget - INFO - [RESPONSE PAYLOAD]
{
  "budgetId": "32a3270c-d47e-4bb9-acc4-c4bab0715dce"
}
2026-02-02 05:16:06 - create_budget - INFO - ✓ Created budget: budget_1_CC_HomePC_Account_193e1_ahv_0-251004-112725_key1_uXgze_ahv_0-251004-112725_value1_1_uXgze_377027
2026-02-02 05:16:06 - create_budget - INFO - [193/219] Creating CC budget: budget_1_CC_HomePC_Account_193e1_ahv_0-251004-112728_key1_tVkNx_ahv_0-251004-112728_value1_1_tVkNx_377027
2026-02-02 05:16:06 - create_budget - INFO - [API REQUEST] POST https://ncm.services.nconprem-10-53-60-173.ccpnx.com/v1/cg/global/budgets
2026-02-02 05:16:06 - create_budget - INFO - [REQUEST DATA PAYLOAD] {"budgetName": "budget_1_CC_HomePC_Account_193e1_ahv_0-251004-112728_key1_tVkNx_ahv_0-251004-112728_value1_1_tVkNx_377027", "financialYearStartMonth": "4", "resourceGroups": {"costCenters": ["3f73d572-a490-46e4-827b-a3e023963db1"]}, "systemEstimate": true, "budgetAlert": {"configuration": {"monthly": [{"thresholdPercent": 68, "isDisabled": false}], "quarterly": [{"thresholdPercent": 75, "isDisabled": false}], "yearly": [{"thresholdPercent": 91, "isDisabled": false}]}, "recipients": ["sspuser1@systest.nutanix.com"], "isDisabled": false}}
2026-02-02 05:16:07 - create_budget - INFO - [API RESPONSE] POST https://ncm.services.nconprem-10-53-60-173.ccpnx.com/v1/cg/global/budgets
2026-02-02 05:16:07 - create_budget - INFO - [STATUS CODE] 200
2026-02-02 05:16:07 - create_budget - INFO - [TIME TAKEN] 0.2931 seconds (293.13 ms)
2026-02-02 05:16:07 - create_budget - INFO - [RESPONSE CONTENT-TYPE] application/json
2026-02-02 05:16:07 - create_budget - INFO - [RESPONSE PAYLOAD]
{
  "budgetId": "f3a2dfde-7848-49e3-ad26-91be30da4799"
}
2026-02-02 05:16:07 - create_budget - INFO - ✓ Created budget: budget_1_CC_HomePC_Account_193e1_ahv_0-251004-112728_key1_tVkNx_ahv_0-251004-112728_value1_1_tVkNx_377027
2026-02-02 05:16:07 - create_budget - INFO - [194/219] Creating BU budget: budget_1_Business_Unit_33
2026-02-02 05:16:07 - create_budget - INFO - [API REQUEST] POST https://ncm.services.nconprem-10-53-60-173.ccpnx.com/v1/cg/global/budgets
2026-02-02 05:16:07 - create_budget - INFO - [REQUEST DATA PAYLOAD] {"budgetName": "budget_1_Business_Unit_33", "financialYearStartMonth": "1", "resourceGroups": {"businessUnit": ["faf7d8ca-241a-4a62-aaa6-4702d977c478"]}, "systemEstimate": true, "budgetAlert": {"configuration": {"monthly": [{"thresholdPercent": 66, "isDisabled": false}], "quarterly": [{"thresholdPercent": 78, "isDisabled": false}], "yearly": [{"thresholdPercent": 95, "isDisabled": false}]}, "recipients": ["sspuser1@systest.nutanix.com"], "isDisabled": false}}
2026-02-02 05:16:07 - create_budget - INFO - [API RESPONSE] POST https://ncm.services.nconprem-10-53-60-173.ccpnx.com/v1/cg/global/budgets
2026-02-02 05:16:07 - create_budget - INFO - [STATUS CODE] 500
2026-02-02 05:16:07 - create_budget - INFO - [TIME TAKEN] 0.3279 seconds (327.95 ms)
2026-02-02 05:16:07 - create_budget - INFO - [RESPONSE CONTENT-TYPE] application/json
2026-02-02 05:16:07 - create_budget - INFO - [RESPONSE PAYLOAD]
{
  "errorCode": 990020,
  "errorMessage": "The system encountered an internal error. If the issue persists, please reach out to our support."
}
2026-02-02 05:16:07 - create_budget - ERROR - ✗ Failed to create budget 'budget_1_Business_Unit_33': HTTP 500 - {'errorCode': 990020, 'errorMessage': 'The system encountered an internal error. If the issue persists, please reach out to our support.'}
2026-02-02 05:16:07 - create_budget - INFO - [195/219] Creating CC budget: budget_1_CC_HomePC_Account_193e1_ahv_0-251004-112740_key1_2Y58r_ahv_0-251004-112740_value1_1_2Y58r_377027
2026-02-02 05:16:07 - create_budget - INFO - [API REQUEST] POST https://ncm.services.nconprem-10-53-60-173.ccpnx.com/v1/cg/global/budgets
2026-02-02 05:16:07 - create_budget - INFO - [REQUEST DATA PAYLOAD] {"budgetName": "budget_1_CC_HomePC_Account_193e1_ahv_0-251004-112740_key1_2Y58r_ahv_0-251004-112740_value1_1_2Y58r_377027", "financialYearStartMonth": "7", "resourceGroups": {"costCenters": ["675e3cf5-ec2e-4e24-abd4-ae1824211fcb"]}, "systemEstimate": true, "budgetAlert": {"configuration": {"monthly": [{"thresholdPercent": 73, "isDisabled": false}], "quarterly": [{"thresholdPercent": 84, "isDisabled": false}], "yearly": [{"thresholdPercent": 94, "isDisabled": false}]}, "recipients": ["sspuser1@systest.nutanix.com"], "isDisabled": false}}
2026-02-02 05:16:07 - create_budget - INFO - [API RESPONSE] POST https://ncm.services.nconprem-10-53-60-173.ccpnx.com/v1/cg/global/budgets
2026-02-02 05:16:07 - create_budget - INFO - [STATUS CODE] 200
2026-02-02 05:16:07 - create_budget - INFO - [TIME TAKEN] 0.2967 seconds (296.72 ms)
2026-02-02 05:16:07 - create_budget - INFO - [RESPONSE CONTENT-TYPE] application/json
2026-02-02 05:16:07 - create_budget - INFO - [RESPONSE PAYLOAD]
{
  "budgetId": "5cc8a15a-57d0-489d-892f-ac92e063a2eb"
}
2026-02-02 05:16:07 - create_budget - INFO - ✓ Created budget: budget_1_CC_HomePC_Account_193e1_ahv_0-251004-112740_key1_2Y58r_ahv_0-251004-112740_value1_1_2Y58r_377027
2026-02-02 05:16:07 - create_budget - INFO - [196/219] Creating CC budget: budget_1_CC_HomePC_Account_193e1_ahv_0-251004-112748_key1_Eb1rW_ahv_0-251004-112748_value1_1_Eb1rW_377027
2026-02-02 05:16:07 - create_budget - INFO - [API REQUEST] POST https://ncm.services.nconprem-10-53-60-173.ccpnx.com/v1/cg/global/budgets
2026-02-02 05:16:07 - create_budget - INFO - [REQUEST DATA PAYLOAD] {"budgetName": "budget_1_CC_HomePC_Account_193e1_ahv_0-251004-112748_key1_Eb1rW_ahv_0-251004-112748_value1_1_Eb1rW_377027", "financialYearStartMonth": "6", "resourceGroups": {"costCenters": ["20a9a530-001d-462e-b877-debaeabe8652"]}, "systemEstimate": true, "budgetAlert": {"configuration": {"monthly": [{"thresholdPercent": 69, "isDisabled": false}], "quarterly": [{"thresholdPercent": 77, "isDisabled": false}], "yearly": [{"thresholdPercent": 92, "isDisabled": false}]}, "recipients": ["sspuser1@systest.nutanix.com"], "isDisabled": false}}
2026-02-02 05:16:08 - create_budget - INFO - [API RESPONSE] POST https://ncm.services.nconprem-10-53-60-173.ccpnx.com/v1/cg/global/budgets
2026-02-02 05:16:08 - create_budget - INFO - [STATUS CODE] 200
2026-02-02 05:16:08 - create_budget - INFO - [TIME TAKEN] 0.4090 seconds (408.95 ms)
2026-02-02 05:16:08 - create_budget - INFO - [RESPONSE CONTENT-TYPE] application/json
2026-02-02 05:16:08 - create_budget - INFO - [RESPONSE PAYLOAD]
{
  "budgetId": "3b536681-902c-4765-95b8-b0e53cbab017"
}
2026-02-02 05:16:08 - create_budget - INFO - ✓ Created budget: budget_1_CC_HomePC_Account_193e1_ahv_0-251004-112748_key1_Eb1rW_ahv_0-251004-112748_value1_1_Eb1rW_377027
2026-02-02 05:16:08 - create_budget - INFO - [197/219] Creating CC budget: budget_1_CC_HomePC_Account_193e1_ahv_0-251004-112755_key1_K8h54_ahv_0-251004-112755_value1_1_K8h54_377027
2026-02-02 05:16:08 - create_budget - INFO - [API REQUEST] POST https://ncm.services.nconprem-10-53-60-173.ccpnx.com/v1/cg/global/budgets
2026-02-02 05:16:08 - create_budget - INFO - [REQUEST DATA PAYLOAD] {"budgetName": "budget_1_CC_HomePC_Account_193e1_ahv_0-251004-112755_key1_K8h54_ahv_0-251004-112755_value1_1_K8h54_377027", "financialYearStartMonth": "1", "resourceGroups": {"costCenters": ["0dcf0682-bea0-4623-b198-dadc875d379a"]}, "systemEstimate": true, "budgetAlert": {"configuration": {"monthly": [{"thresholdPercent": 70, "isDisabled": false}], "quarterly": [{"thresholdPercent": 81, "isDisabled": false}], "yearly": [{"thresholdPercent": 93, "isDisabled": false}]}, "recipients": ["sspuser1@systest.nutanix.com"], "isDisabled": false}}
2026-02-02 05:16:08 - create_budget - INFO - [API RESPONSE] POST https://ncm.services.nconprem-10-53-60-173.ccpnx.com/v1/cg/global/budgets
2026-02-02 05:16:08 - create_budget - INFO - [STATUS CODE] 200
2026-02-02 05:16:08 - create_budget - INFO - [TIME TAKEN] 0.2531 seconds (253.14 ms)
2026-02-02 05:16:08 - create_budget - INFO - [RESPONSE CONTENT-TYPE] application/json
2026-02-02 05:16:08 - create_budget - INFO - [RESPONSE PAYLOAD]
{
  "budgetId": "83f5b5b0-285c-4155-94f3-1390f48ba82f"
}
2026-02-02 05:16:08 - create_budget - INFO - ✓ Created budget: budget_1_CC_HomePC_Account_193e1_ahv_0-251004-112755_key1_K8h54_ahv_0-251004-112755_value1_1_K8h54_377027
2026-02-02 05:16:08 - create_budget - INFO - [198/219] Creating CC budget: budget_1_CC_HomePC_Account_193e1_ahv_0-251004-123942_key1_AMkuF_ahv_0-251004-123942_value1_1_AMkuF_377027
2026-02-02 05:16:08 - create_budget - INFO - [API REQUEST] POST https://ncm.services.nconprem-10-53-60-173.ccpnx.com/v1/cg/global/budgets
2026-02-02 05:16:08 - create_budget - INFO - [REQUEST DATA PAYLOAD] {"budgetName": "budget_1_CC_HomePC_Account_193e1_ahv_0-251004-123942_key1_AMkuF_ahv_0-251004-123942_value1_1_AMkuF_377027", "financialYearStartMonth": "2", "resourceGroups": {"costCenters": ["c5908b23-ead5-4440-8a74-81acf138a69e"]}, "systemEstimate": true, "budgetAlert": {"configuration": {"monthly": [{"thresholdPercent": 69, "isDisabled": false}], "quarterly": [{"thresholdPercent": 77, "isDisabled": false}], "yearly": [{"thresholdPercent": 85, "isDisabled": false}]}, "recipients": ["sspuser1@systest.nutanix.com"], "isDisabled": false}}
2026-02-02 05:16:08 - create_budget - INFO - [API RESPONSE] POST https://ncm.services.nconprem-10-53-60-173.ccpnx.com/v1/cg/global/budgets
2026-02-02 05:16:08 - create_budget - INFO - [STATUS CODE] 200
2026-02-02 05:16:08 - create_budget - INFO - [TIME TAKEN] 0.2909 seconds (290.94 ms)
2026-02-02 05:16:08 - create_budget - INFO - [RESPONSE CONTENT-TYPE] application/json
2026-02-02 05:16:08 - create_budget - INFO - [RESPONSE PAYLOAD]
{
  "budgetId": "1902f65a-cf1c-4f87-ba67-b430271abab3"
}
2026-02-02 05:16:08 - create_budget - INFO - ✓ Created budget: budget_1_CC_HomePC_Account_193e1_ahv_0-251004-123942_key1_AMkuF_ahv_0-251004-123942_value1_1_AMkuF_377027
2026-02-02 05:16:08 - create_budget - INFO - [199/219] Creating CC budget: budget_1_CC_HomePC_Account_193e1_ahv_0-251004-123945_key1_9Xc9r_ahv_0-251004-123945_value1_5_9Xc9r_377027
2026-02-02 05:16:08 - create_budget - INFO - [API REQUEST] POST https://ncm.services.nconprem-10-53-60-173.ccpnx.com/v1/cg/global/budgets
2026-02-02 05:16:08 - create_budget - INFO - [REQUEST DATA PAYLOAD] {"budgetName": "budget_1_CC_HomePC_Account_193e1_ahv_0-251004-123945_key1_9Xc9r_ahv_0-251004-123945_value1_5_9Xc9r_377027", "financialYearStartMonth": "11", "resourceGroups": {"costCenters": ["380fe798-c2ba-44c3-8443-6b072127b58a"]}, "systemEstimate": true, "budgetAlert": {"configuration": {"monthly": [{"thresholdPercent": 65, "isDisabled": false}], "quarterly": [{"thresholdPercent": 81, "isDisabled": false}], "yearly": [{"thresholdPercent": 90, "isDisabled": false}]}, "recipients": ["sspuser1@systest.nutanix.com"], "isDisabled": false}}
2026-02-02 05:16:09 - create_budget - INFO - [API RESPONSE] POST https://ncm.services.nconprem-10-53-60-173.ccpnx.com/v1/cg/global/budgets
2026-02-02 05:16:09 - create_budget - INFO - [STATUS CODE] 200
2026-02-02 05:16:09 - create_budget - INFO - [TIME TAKEN] 0.3495 seconds (349.47 ms)
2026-02-02 05:16:09 - create_budget - INFO - [RESPONSE CONTENT-TYPE] application/json
2026-02-02 05:16:09 - create_budget - INFO - [RESPONSE PAYLOAD]
{
  "budgetId": "0c5c5c6e-e9cd-4a09-a725-dd7810167836"
}
2026-02-02 05:16:09 - create_budget - INFO - ✓ Created budget: budget_1_CC_HomePC_Account_193e1_ahv_0-251004-123945_key1_9Xc9r_ahv_0-251004-123945_value1_5_9Xc9r_377027
2026-02-02 05:16:09 - create_budget - INFO - [200/219] Creating BU budget: budget_1_Business_Unit_34
2026-02-02 05:16:09 - create_budget - INFO - [API REQUEST] POST https://ncm.services.nconprem-10-53-60-173.ccpnx.com/v1/cg/global/budgets
2026-02-02 05:16:09 - create_budget - INFO - [REQUEST DATA PAYLOAD] {"budgetName": "budget_1_Business_Unit_34", "financialYearStartMonth": "8", "resourceGroups": {"businessUnit": ["2df2ab6c-9622-4554-b5fa-71bd6b8392b9"]}, "systemEstimate": true, "budgetAlert": {"configuration": {"monthly": [{"thresholdPercent": 65, "isDisabled": false}], "quarterly": [{"thresholdPercent": 82, "isDisabled": false}], "yearly": [{"thresholdPercent": 90, "isDisabled": false}]}, "recipients": ["sspuser1@systest.nutanix.com"], "isDisabled": false}}
2026-02-02 05:16:09 - create_budget - INFO - [API RESPONSE] POST https://ncm.services.nconprem-10-53-60-173.ccpnx.com/v1/cg/global/budgets
2026-02-02 05:16:09 - create_budget - INFO - [STATUS CODE] 500
2026-02-02 05:16:09 - create_budget - INFO - [TIME TAKEN] 0.5035 seconds (503.54 ms)
2026-02-02 05:16:09 - create_budget - INFO - [RESPONSE CONTENT-TYPE] application/json
2026-02-02 05:16:09 - create_budget - INFO - [RESPONSE PAYLOAD]
{
  "errorCode": 990020,
  "errorMessage": "The system encountered an internal error. If the issue persists, please reach out to our support."
}
2026-02-02 05:16:09 - create_budget - ERROR - ✗ Failed to create budget 'budget_1_Business_Unit_34': HTTP 500 - {'errorCode': 990020, 'errorMessage': 'The system encountered an internal error. If the issue persists, please reach out to our support.'}
2026-02-02 05:16:09 - create_budget - INFO - [201/219] Creating CC budget: budget_1_CC_HomePC_Account_193e1_ahv_0-251004-123947_key1_9acxk_ahv_0-251004-123947_value1_1_9acxk_377027
2026-02-02 05:16:09 - create_budget - INFO - [API REQUEST] POST https://ncm.services.nconprem-10-53-60-173.ccpnx.com/v1/cg/global/budgets
2026-02-02 05:16:09 - create_budget - INFO - [REQUEST DATA PAYLOAD] {"budgetName": "budget_1_CC_HomePC_Account_193e1_ahv_0-251004-123947_key1_9acxk_ahv_0-251004-123947_value1_1_9acxk_377027", "financialYearStartMonth": "3", "resourceGroups": {"costCenters": ["1c19a2fa-5ec4-48f4-a539-f6ab9666ade7"]}, "systemEstimate": true, "budgetAlert": {"configuration": {"monthly": [{"thresholdPercent": 67, "isDisabled": false}], "quarterly": [{"thresholdPercent": 80, "isDisabled": false}], "yearly": [{"thresholdPercent": 91, "isDisabled": false}]}, "recipients": ["sspuser1@systest.nutanix.com"], "isDisabled": false}}
2026-02-02 05:16:09 - create_budget - INFO - [API RESPONSE] POST https://ncm.services.nconprem-10-53-60-173.ccpnx.com/v1/cg/global/budgets
2026-02-02 05:16:09 - create_budget - INFO - [STATUS CODE] 200
2026-02-02 05:16:09 - create_budget - INFO - [TIME TAKEN] 0.2765 seconds (276.47 ms)
2026-02-02 05:16:09 - create_budget - INFO - [RESPONSE CONTENT-TYPE] application/json
2026-02-02 05:16:09 - create_budget - INFO - [RESPONSE PAYLOAD]
{
  "budgetId": "648cd02a-59bc-4190-9bb0-334ac4624624"
}
2026-02-02 05:16:09 - create_budget - INFO - ✓ Created budget: budget_1_CC_HomePC_Account_193e1_ahv_0-251004-123947_key1_9acxk_ahv_0-251004-123947_value1_1_9acxk_377027
2026-02-02 05:16:09 - create_budget - INFO - [202/219] Creating CC budget: budget_1_CC_HomePC_Account_193e1_ahv_0-251004-123951_key1_dFzTW_ahv_0-251004-123951_value1_1_dFzTW_377027
2026-02-02 05:16:09 - create_budget - INFO - [API REQUEST] POST https://ncm.services.nconprem-10-53-60-173.ccpnx.com/v1/cg/global/budgets
2026-02-02 05:16:09 - create_budget - INFO - [REQUEST DATA PAYLOAD] {"budgetName": "budget_1_CC_HomePC_Account_193e1_ahv_0-251004-123951_key1_dFzTW_ahv_0-251004-123951_value1_1_dFzTW_377027", "financialYearStartMonth": "9", "resourceGroups": {"costCenters": ["93f540cd-8804-4e93-928a-a48ebf52f7e1"]}, "systemEstimate": true, "budgetAlert": {"configuration": {"monthly": [{"thresholdPercent": 65, "isDisabled": false}], "quarterly": [{"thresholdPercent": 75, "isDisabled": false}], "yearly": [{"thresholdPercent": 89, "isDisabled": false}]}, "recipients": ["sspuser1@systest.nutanix.com"], "isDisabled": false}}
2026-02-02 05:16:10 - create_budget - INFO - [API RESPONSE] POST https://ncm.services.nconprem-10-53-60-173.ccpnx.com/v1/cg/global/budgets
2026-02-02 05:16:10 - create_budget - INFO - [STATUS CODE] 200
2026-02-02 05:16:10 - create_budget - INFO - [TIME TAKEN] 0.4797 seconds (479.69 ms)
2026-02-02 05:16:10 - create_budget - INFO - [RESPONSE CONTENT-TYPE] application/json
2026-02-02 05:16:10 - create_budget - INFO - [RESPONSE PAYLOAD]
{
  "budgetId": "b2abee2f-ceba-499e-98d0-1a0c66c0b966"
}
2026-02-02 05:16:10 - create_budget - INFO - ✓ Created budget: budget_1_CC_HomePC_Account_193e1_ahv_0-251004-123951_key1_dFzTW_ahv_0-251004-123951_value1_1_dFzTW_377027
2026-02-02 05:16:10 - create_budget - INFO - [203/219] Creating CC budget: budget_1_CC_HomePC_Account_193e1_ahv_0-251004-124004_key1_Sbu5J_ahv_0-251004-124004_value1_1_Sbu5J_377027
2026-02-02 05:16:10 - create_budget - INFO - [API REQUEST] POST https://ncm.services.nconprem-10-53-60-173.ccpnx.com/v1/cg/global/budgets
2026-02-02 05:16:10 - create_budget - INFO - [REQUEST DATA PAYLOAD] {"budgetName": "budget_1_CC_HomePC_Account_193e1_ahv_0-251004-124004_key1_Sbu5J_ahv_0-251004-124004_value1_1_Sbu5J_377027", "financialYearStartMonth": "6", "resourceGroups": {"costCenters": ["b3241c71-c0fc-481f-9006-b81c10981ab3"]}, "systemEstimate": true, "budgetAlert": {"configuration": {"monthly": [{"thresholdPercent": 73, "isDisabled": false}], "quarterly": [{"thresholdPercent": 79, "isDisabled": false}], "yearly": [{"thresholdPercent": 89, "isDisabled": false}]}, "recipients": ["sspuser1@systest.nutanix.com"], "isDisabled": false}}
2026-02-02 05:16:10 - create_budget - INFO - [API RESPONSE] POST https://ncm.services.nconprem-10-53-60-173.ccpnx.com/v1/cg/global/budgets
2026-02-02 05:16:10 - create_budget - INFO - [STATUS CODE] 200
2026-02-02 05:16:10 - create_budget - INFO - [TIME TAKEN] 0.2363 seconds (236.27 ms)
2026-02-02 05:16:10 - create_budget - INFO - [RESPONSE CONTENT-TYPE] application/json
2026-02-02 05:16:10 - create_budget - INFO - [RESPONSE PAYLOAD]
{
  "budgetId": "3876f1b1-be4e-4598-ace0-78fb3c38ec21"
}
2026-02-02 05:16:10 - create_budget - INFO - ✓ Created budget: budget_1_CC_HomePC_Account_193e1_ahv_0-251004-124004_key1_Sbu5J_ahv_0-251004-124004_value1_1_Sbu5J_377027
2026-02-02 05:16:10 - create_budget - INFO - [204/219] Creating CC budget: budget_1_CC_HomePC_Account_193e1_ahv_0-251004-124010_key1_eknPl_ahv_0-251004-124010_value1_1_eknPl_377027
2026-02-02 05:16:10 - create_budget - INFO - [API REQUEST] POST https://ncm.services.nconprem-10-53-60-173.ccpnx.com/v1/cg/global/budgets
2026-02-02 05:16:10 - create_budget - INFO - [REQUEST DATA PAYLOAD] {"budgetName": "budget_1_CC_HomePC_Account_193e1_ahv_0-251004-124010_key1_eknPl_ahv_0-251004-124010_value1_1_eknPl_377027", "financialYearStartMonth": "3", "resourceGroups": {"costCenters": ["337cd4c2-b3b7-40c0-bfea-234d858c7658"]}, "systemEstimate": true, "budgetAlert": {"configuration": {"monthly": [{"thresholdPercent": 69, "isDisabled": false}], "quarterly": [{"thresholdPercent": 76, "isDisabled": false}], "yearly": [{"thresholdPercent": 92, "isDisabled": false}]}, "recipients": ["sspuser1@systest.nutanix.com"], "isDisabled": false}}
2026-02-02 05:16:10 - create_budget - INFO - [API RESPONSE] POST https://ncm.services.nconprem-10-53-60-173.ccpnx.com/v1/cg/global/budgets
2026-02-02 05:16:10 - create_budget - INFO - [STATUS CODE] 200
2026-02-02 05:16:10 - create_budget - INFO - [TIME TAKEN] 0.3034 seconds (303.40 ms)
2026-02-02 05:16:10 - create_budget - INFO - [RESPONSE CONTENT-TYPE] application/json
2026-02-02 05:16:10 - create_budget - INFO - [RESPONSE PAYLOAD]
{
  "budgetId": "2e093038-b160-4711-9425-591a71b23da2"
}
2026-02-02 05:16:10 - create_budget - INFO - ✓ Created budget: budget_1_CC_HomePC_Account_193e1_ahv_0-251004-124010_key1_eknPl_ahv_0-251004-124010_value1_1_eknPl_377027
2026-02-02 05:16:10 - create_budget - INFO - [205/219] Creating CC budget: budget_1_CC_HomePC_Account_193e1_ahv_0-251004-124014_key1_YeKDR_ahv_0-251004-124014_value1_2_YeKDR_377027
2026-02-02 05:16:10 - create_budget - INFO - [API REQUEST] POST https://ncm.services.nconprem-10-53-60-173.ccpnx.com/v1/cg/global/budgets
2026-02-02 05:16:10 - create_budget - INFO - [REQUEST DATA PAYLOAD] {"budgetName": "budget_1_CC_HomePC_Account_193e1_ahv_0-251004-124014_key1_YeKDR_ahv_0-251004-124014_value1_2_YeKDR_377027", "financialYearStartMonth": "7", "resourceGroups": {"costCenters": ["5330e26a-32e3-4df3-ba20-90c365df13c7"]}, "systemEstimate": true, "budgetAlert": {"configuration": {"monthly": [{"thresholdPercent": 68, "isDisabled": false}], "quarterly": [{"thresholdPercent": 80, "isDisabled": false}], "yearly": [{"thresholdPercent": 94, "isDisabled": false}]}, "recipients": ["sspuser1@systest.nutanix.com"], "isDisabled": false}}
2026-02-02 05:16:11 - create_budget - INFO - [API RESPONSE] POST https://ncm.services.nconprem-10-53-60-173.ccpnx.com/v1/cg/global/budgets
2026-02-02 05:16:11 - create_budget - INFO - [STATUS CODE] 200
2026-02-02 05:16:11 - create_budget - INFO - [TIME TAKEN] 0.2930 seconds (293.01 ms)
2026-02-02 05:16:11 - create_budget - INFO - [RESPONSE CONTENT-TYPE] application/json
2026-02-02 05:16:11 - create_budget - INFO - [RESPONSE PAYLOAD]
{
  "budgetId": "859224eb-156e-45dc-a3e4-83e373261e67"
}
2026-02-02 05:16:11 - create_budget - INFO - ✓ Created budget: budget_1_CC_HomePC_Account_193e1_ahv_0-251004-124014_key1_YeKDR_ahv_0-251004-124014_value1_2_YeKDR_377027
2026-02-02 05:16:11 - create_budget - INFO - [206/219] Creating BU budget: budget_1_Business_Unit_35
2026-02-02 05:16:11 - create_budget - INFO - [API REQUEST] POST https://ncm.services.nconprem-10-53-60-173.ccpnx.com/v1/cg/global/budgets
2026-02-02 05:16:11 - create_budget - INFO - [REQUEST DATA PAYLOAD] {"budgetName": "budget_1_Business_Unit_35", "financialYearStartMonth": "10", "resourceGroups": {"businessUnit": ["8856be99-7d61-4237-bb66-e4342371d02d"]}, "systemEstimate": true, "budgetAlert": {"configuration": {"monthly": [{"thresholdPercent": 69, "isDisabled": false}], "quarterly": [{"thresholdPercent": 84, "isDisabled": false}], "yearly": [{"thresholdPercent": 93, "isDisabled": false}]}, "recipients": ["sspuser1@systest.nutanix.com"], "isDisabled": false}}
2026-02-02 05:16:11 - create_budget - INFO - [API RESPONSE] POST https://ncm.services.nconprem-10-53-60-173.ccpnx.com/v1/cg/global/budgets
2026-02-02 05:16:11 - create_budget - INFO - [STATUS CODE] 500
2026-02-02 05:16:11 - create_budget - INFO - [TIME TAKEN] 0.3292 seconds (329.23 ms)
2026-02-02 05:16:11 - create_budget - INFO - [RESPONSE CONTENT-TYPE] application/json
2026-02-02 05:16:11 - create_budget - INFO - [RESPONSE PAYLOAD]
{
  "errorCode": 990020,
  "errorMessage": "The system encountered an internal error. If the issue persists, please reach out to our support."
}
2026-02-02 05:16:11 - create_budget - ERROR - ✗ Failed to create budget 'budget_1_Business_Unit_35': HTTP 500 - {'errorCode': 990020, 'errorMessage': 'The system encountered an internal error. If the issue persists, please reach out to our support.'}
2026-02-02 05:16:11 - create_budget - INFO - [207/219] Creating CC budget: budget_1_CC_HomePC_Account_193e1_ahv_0-251004-124102_key1_rru4X_ahv_0-251004-124102_value1_1_rru4X_377027
2026-02-02 05:16:11 - create_budget - INFO - [API REQUEST] POST https://ncm.services.nconprem-10-53-60-173.ccpnx.com/v1/cg/global/budgets
2026-02-02 05:16:11 - create_budget - INFO - [REQUEST DATA PAYLOAD] {"budgetName": "budget_1_CC_HomePC_Account_193e1_ahv_0-251004-124102_key1_rru4X_ahv_0-251004-124102_value1_1_rru4X_377027", "financialYearStartMonth": "1", "resourceGroups": {"costCenters": ["e2f30378-c38e-4dc0-ba24-d104c2fc3143"]}, "systemEstimate": true, "budgetAlert": {"configuration": {"monthly": [{"thresholdPercent": 67, "isDisabled": false}], "quarterly": [{"thresholdPercent": 80, "isDisabled": false}], "yearly": [{"thresholdPercent": 89, "isDisabled": false}]}, "recipients": ["sspuser1@systest.nutanix.com"], "isDisabled": false}}
2026-02-02 05:16:11 - create_budget - INFO - [API RESPONSE] POST https://ncm.services.nconprem-10-53-60-173.ccpnx.com/v1/cg/global/budgets
2026-02-02 05:16:11 - create_budget - INFO - [STATUS CODE] 200
2026-02-02 05:16:11 - create_budget - INFO - [TIME TAKEN] 0.3594 seconds (359.41 ms)
2026-02-02 05:16:11 - create_budget - INFO - [RESPONSE CONTENT-TYPE] application/json
2026-02-02 05:16:11 - create_budget - INFO - [RESPONSE PAYLOAD]
{
  "budgetId": "88bd38ac-bbed-461c-9044-15880dddaad5"
}
2026-02-02 05:16:11 - create_budget - INFO - ✓ Created budget: budget_1_CC_HomePC_Account_193e1_ahv_0-251004-124102_key1_rru4X_ahv_0-251004-124102_value1_1_rru4X_377027
2026-02-02 05:16:11 - create_budget - INFO - [208/219] Creating CC budget: budget_1_CC_HomePC_Account_193e1_ahv_0-251004-124037_key1_nOHmh_ahv_0-251004-124037_value1_1_nOHmh_377027
2026-02-02 05:16:11 - create_budget - INFO - [API REQUEST] POST https://ncm.services.nconprem-10-53-60-173.ccpnx.com/v1/cg/global/budgets
2026-02-02 05:16:11 - create_budget - INFO - [REQUEST DATA PAYLOAD] {"budgetName": "budget_1_CC_HomePC_Account_193e1_ahv_0-251004-124037_key1_nOHmh_ahv_0-251004-124037_value1_1_nOHmh_377027", "financialYearStartMonth": "8", "resourceGroups": {"costCenters": ["c0320dc0-c569-4735-aff2-7ef321df36d2"]}, "systemEstimate": true, "budgetAlert": {"configuration": {"monthly": [{"thresholdPercent": 68, "isDisabled": false}], "quarterly": [{"thresholdPercent": 77, "isDisabled": false}], "yearly": [{"thresholdPercent": 85, "isDisabled": false}]}, "recipients": ["sspuser1@systest.nutanix.com"], "isDisabled": false}}
2026-02-02 05:16:12 - create_budget - INFO - [API RESPONSE] POST https://ncm.services.nconprem-10-53-60-173.ccpnx.com/v1/cg/global/budgets
2026-02-02 05:16:12 - create_budget - INFO - [STATUS CODE] 200
2026-02-02 05:16:12 - create_budget - INFO - [TIME TAKEN] 0.3009 seconds (300.87 ms)
2026-02-02 05:16:12 - create_budget - INFO - [RESPONSE CONTENT-TYPE] application/json
2026-02-02 05:16:12 - create_budget - INFO - [RESPONSE PAYLOAD]
{
  "budgetId": "36c59f0e-8bc5-4a78-a9b2-f5d6a7002fa3"
}
2026-02-02 05:16:12 - create_budget - INFO - ✓ Created budget: budget_1_CC_HomePC_Account_193e1_ahv_0-251004-124037_key1_nOHmh_ahv_0-251004-124037_value1_1_nOHmh_377027
2026-02-02 05:16:12 - create_budget - INFO - [209/219] Creating CC budget: budget_1_CC_HomePC_Account_193e1_ahv_0-251004-124042_key1_dY74l_ahv_0-251004-124042_value1_5_dY74l_377027
2026-02-02 05:16:12 - create_budget - INFO - [API REQUEST] POST https://ncm.services.nconprem-10-53-60-173.ccpnx.com/v1/cg/global/budgets
2026-02-02 05:16:12 - create_budget - INFO - [REQUEST DATA PAYLOAD] {"budgetName": "budget_1_CC_HomePC_Account_193e1_ahv_0-251004-124042_key1_dY74l_ahv_0-251004-124042_value1_5_dY74l_377027", "financialYearStartMonth": "6", "resourceGroups": {"costCenters": ["47aaeed6-0053-4e07-9d0e-f7ec69b6ae8f"]}, "systemEstimate": true, "budgetAlert": {"configuration": {"monthly": [{"thresholdPercent": 67, "isDisabled": false}], "quarterly": [{"thresholdPercent": 76, "isDisabled": false}], "yearly": [{"thresholdPercent": 88, "isDisabled": false}]}, "recipients": ["sspuser1@systest.nutanix.com"], "isDisabled": false}}
2026-02-02 05:16:12 - create_budget - INFO - [API RESPONSE] POST https://ncm.services.nconprem-10-53-60-173.ccpnx.com/v1/cg/global/budgets
2026-02-02 05:16:12 - create_budget - INFO - [STATUS CODE] 200
2026-02-02 05:16:12 - create_budget - INFO - [TIME TAKEN] 0.2236 seconds (223.63 ms)
2026-02-02 05:16:12 - create_budget - INFO - [RESPONSE CONTENT-TYPE] application/json
2026-02-02 05:16:12 - create_budget - INFO - [RESPONSE PAYLOAD]
{
  "budgetId": "712bc3e4-cdee-464a-b87d-6aec5ddf4e04"
}
2026-02-02 05:16:12 - create_budget - INFO - ✓ Created budget: budget_1_CC_HomePC_Account_193e1_ahv_0-251004-124042_key1_dY74l_ahv_0-251004-124042_value1_5_dY74l_377027
2026-02-02 05:16:12 - create_budget - INFO - [210/219] Creating CC budget: budget_1_CC_HomePC_Account_193e1_ahv_0-251004-124045_key1_C6ZAP_ahv_0-251004-124045_value1_1_C6ZAP_377027
2026-02-02 05:16:12 - create_budget - INFO - [API REQUEST] POST https://ncm.services.nconprem-10-53-60-173.ccpnx.com/v1/cg/global/budgets
2026-02-02 05:16:12 - create_budget - INFO - [REQUEST DATA PAYLOAD] {"budgetName": "budget_1_CC_HomePC_Account_193e1_ahv_0-251004-124045_key1_C6ZAP_ahv_0-251004-124045_value1_1_C6ZAP_377027", "financialYearStartMonth": "9", "resourceGroups": {"costCenters": ["defdab01-c7fa-4acc-8a90-00f0ddfbf6f3"]}, "systemEstimate": true, "budgetAlert": {"configuration": {"monthly": [{"thresholdPercent": 72, "isDisabled": false}], "quarterly": [{"thresholdPercent": 82, "isDisabled": false}], "yearly": [{"thresholdPercent": 89, "isDisabled": false}]}, "recipients": ["sspuser1@systest.nutanix.com"], "isDisabled": false}}
2026-02-02 05:16:12 - create_budget - INFO - [API RESPONSE] POST https://ncm.services.nconprem-10-53-60-173.ccpnx.com/v1/cg/global/budgets
2026-02-02 05:16:12 - create_budget - INFO - [STATUS CODE] 200
2026-02-02 05:16:12 - create_budget - INFO - [TIME TAKEN] 0.2854 seconds (285.40 ms)
2026-02-02 05:16:12 - create_budget - INFO - [RESPONSE CONTENT-TYPE] application/json
2026-02-02 05:16:12 - create_budget - INFO - [RESPONSE PAYLOAD]
{
  "budgetId": "ded9a903-5030-4322-a288-86f7ea238fb0"
}
2026-02-02 05:16:12 - create_budget - INFO - ✓ Created budget: budget_1_CC_HomePC_Account_193e1_ahv_0-251004-124045_key1_C6ZAP_ahv_0-251004-124045_value1_1_C6ZAP_377027
2026-02-02 05:16:12 - create_budget - INFO - [211/219] Creating CC budget: budget_1_CC_HomePC_Account_193e1_ahv_0-251004-124052_key1_cRT67_ahv_0-251004-124052_value1_3_cRT67_377027
2026-02-02 05:16:12 - create_budget - INFO - [API REQUEST] POST https://ncm.services.nconprem-10-53-60-173.ccpnx.com/v1/cg/global/budgets
2026-02-02 05:16:12 - create_budget - INFO - [REQUEST DATA PAYLOAD] {"budgetName": "budget_1_CC_HomePC_Account_193e1_ahv_0-251004-124052_key1_cRT67_ahv_0-251004-124052_value1_3_cRT67_377027", "financialYearStartMonth": "12", "resourceGroups": {"costCenters": ["cbc1d346-00c3-44fb-9fea-36c066bc372c"]}, "systemEstimate": true, "budgetAlert": {"configuration": {"monthly": [{"thresholdPercent": 70, "isDisabled": false}], "quarterly": [{"thresholdPercent": 85, "isDisabled": false}], "yearly": [{"thresholdPercent": 90, "isDisabled": false}]}, "recipients": ["sspuser1@systest.nutanix.com"], "isDisabled": false}}
2026-02-02 05:16:13 - create_budget - INFO - [API RESPONSE] POST https://ncm.services.nconprem-10-53-60-173.ccpnx.com/v1/cg/global/budgets
2026-02-02 05:16:13 - create_budget - INFO - [STATUS CODE] 200
2026-02-02 05:16:13 - create_budget - INFO - [TIME TAKEN] 0.2660 seconds (265.98 ms)
2026-02-02 05:16:13 - create_budget - INFO - [RESPONSE CONTENT-TYPE] application/json
2026-02-02 05:16:13 - create_budget - INFO - [RESPONSE PAYLOAD]
{
  "budgetId": "824ec0eb-258e-4268-bf3e-0af326e54869"
}
2026-02-02 05:16:13 - create_budget - INFO - ✓ Created budget: budget_1_CC_HomePC_Account_193e1_ahv_0-251004-124052_key1_cRT67_ahv_0-251004-124052_value1_3_cRT67_377027
2026-02-02 05:16:13 - create_budget - INFO - [212/219] Creating BU budget: budget_1_Business_Unit_36
2026-02-02 05:16:13 - create_budget - INFO - [API REQUEST] POST https://ncm.services.nconprem-10-53-60-173.ccpnx.com/v1/cg/global/budgets
2026-02-02 05:16:13 - create_budget - INFO - [REQUEST DATA PAYLOAD] {"budgetName": "budget_1_Business_Unit_36", "financialYearStartMonth": "7", "resourceGroups": {"businessUnit": ["013e5591-4118-451c-9f57-59d80dab7159"]}, "systemEstimate": true, "budgetAlert": {"configuration": {"monthly": [{"thresholdPercent": 75, "isDisabled": false}], "quarterly": [{"thresholdPercent": 84, "isDisabled": false}], "yearly": [{"thresholdPercent": 88, "isDisabled": false}]}, "recipients": ["sspuser1@systest.nutanix.com"], "isDisabled": false}}
2026-02-02 05:16:13 - create_budget - INFO - [API RESPONSE] POST https://ncm.services.nconprem-10-53-60-173.ccpnx.com/v1/cg/global/budgets
2026-02-02 05:16:13 - create_budget - INFO - [STATUS CODE] 500
2026-02-02 05:16:13 - create_budget - INFO - [TIME TAKEN] 0.2189 seconds (218.89 ms)
2026-02-02 05:16:13 - create_budget - INFO - [RESPONSE CONTENT-TYPE] application/json
2026-02-02 05:16:13 - create_budget - INFO - [RESPONSE PAYLOAD]
{
  "errorCode": 990020,
  "errorMessage": "The system encountered an internal error. If the issue persists, please reach out to our support."
}
2026-02-02 05:16:13 - create_budget - ERROR - ✗ Failed to create budget 'budget_1_Business_Unit_36': HTTP 500 - {'errorCode': 990020, 'errorMessage': 'The system encountered an internal error. If the issue persists, please reach out to our support.'}
2026-02-02 05:16:13 - create_budget - INFO - [213/219] Creating CC budget: budget_1_CC_HomePC_Account_193e1_ahv_0-251004-124118_key1_6iKcc_ahv_0-251004-124118_value1_1_6iKcc_377027
2026-02-02 05:16:13 - create_budget - INFO - [API REQUEST] POST https://ncm.services.nconprem-10-53-60-173.ccpnx.com/v1/cg/global/budgets
2026-02-02 05:16:13 - create_budget - INFO - [REQUEST DATA PAYLOAD] {"budgetName": "budget_1_CC_HomePC_Account_193e1_ahv_0-251004-124118_key1_6iKcc_ahv_0-251004-124118_value1_1_6iKcc_377027", "financialYearStartMonth": "8", "resourceGroups": {"costCenters": ["49f250f8-e8bc-4d38-97a0-0cfef5a089d7"]}, "systemEstimate": true, "budgetAlert": {"configuration": {"monthly": [{"thresholdPercent": 66, "isDisabled": false}], "quarterly": [{"thresholdPercent": 79, "isDisabled": false}], "yearly": [{"thresholdPercent": 92, "isDisabled": false}]}, "recipients": ["sspuser1@systest.nutanix.com"], "isDisabled": false}}
2026-02-02 05:16:13 - create_budget - INFO - [API RESPONSE] POST https://ncm.services.nconprem-10-53-60-173.ccpnx.com/v1/cg/global/budgets
2026-02-02 05:16:13 - create_budget - INFO - [STATUS CODE] 200
2026-02-02 05:16:13 - create_budget - INFO - [TIME TAKEN] 0.3837 seconds (383.68 ms)
2026-02-02 05:16:13 - create_budget - INFO - [RESPONSE CONTENT-TYPE] application/json
2026-02-02 05:16:13 - create_budget - INFO - [RESPONSE PAYLOAD]
{
  "budgetId": "c91e4e68-2647-4e7d-984c-7cc972fb0e00"
}
2026-02-02 05:16:13 - create_budget - INFO - ✓ Created budget: budget_1_CC_HomePC_Account_193e1_ahv_0-251004-124118_key1_6iKcc_ahv_0-251004-124118_value1_1_6iKcc_377027
2026-02-02 05:16:13 - create_budget - INFO - [214/219] Creating CC budget: budget_1_CC_HomePC_Account_193e1_ahv_0-251004-124125_key1_aiLCS_ahv_0-251004-124125_value1_1_aiLCS_377027
2026-02-02 05:16:13 - create_budget - INFO - [API REQUEST] POST https://ncm.services.nconprem-10-53-60-173.ccpnx.com/v1/cg/global/budgets
2026-02-02 05:16:13 - create_budget - INFO - [REQUEST DATA PAYLOAD] {"budgetName": "budget_1_CC_HomePC_Account_193e1_ahv_0-251004-124125_key1_aiLCS_ahv_0-251004-124125_value1_1_aiLCS_377027", "financialYearStartMonth": "2", "resourceGroups": {"costCenters": ["6b1a805a-86fe-4b60-ba10-96af36a02385"]}, "systemEstimate": true, "budgetAlert": {"configuration": {"monthly": [{"thresholdPercent": 70, "isDisabled": false}], "quarterly": [{"thresholdPercent": 83, "isDisabled": false}], "yearly": [{"thresholdPercent": 85, "isDisabled": false}]}, "recipients": ["sspuser1@systest.nutanix.com"], "isDisabled": false}}
2026-02-02 05:16:14 - create_budget - INFO - [API RESPONSE] POST https://ncm.services.nconprem-10-53-60-173.ccpnx.com/v1/cg/global/budgets
2026-02-02 05:16:14 - create_budget - INFO - [STATUS CODE] 200
2026-02-02 05:16:14 - create_budget - INFO - [TIME TAKEN] 0.6089 seconds (608.90 ms)
2026-02-02 05:16:14 - create_budget - INFO - [RESPONSE CONTENT-TYPE] application/json
2026-02-02 05:16:14 - create_budget - INFO - [RESPONSE PAYLOAD]
{
  "budgetId": "2b63b1f3-56b9-4779-baf3-ac4c6ed89c8c"
}
2026-02-02 05:16:14 - create_budget - INFO - ✓ Created budget: budget_1_CC_HomePC_Account_193e1_ahv_0-251004-124125_key1_aiLCS_ahv_0-251004-124125_value1_1_aiLCS_377027
2026-02-02 05:16:14 - create_budget - INFO - [215/219] Creating CC budget: budget_1_CC_HomePC_Account_193e1_ahv_0-251004-124126_key1_JJLYq_ahv_0-251004-124126_value1_3_JJLYq_377027
2026-02-02 05:16:14 - create_budget - INFO - [API REQUEST] POST https://ncm.services.nconprem-10-53-60-173.ccpnx.com/v1/cg/global/budgets
2026-02-02 05:16:14 - create_budget - INFO - [REQUEST DATA PAYLOAD] {"budgetName": "budget_1_CC_HomePC_Account_193e1_ahv_0-251004-124126_key1_JJLYq_ahv_0-251004-124126_value1_3_JJLYq_377027", "financialYearStartMonth": "9", "resourceGroups": {"costCenters": ["9ee04ffe-7ac7-42df-a712-f242bcff411e"]}, "systemEstimate": true, "budgetAlert": {"configuration": {"monthly": [{"thresholdPercent": 65, "isDisabled": false}], "quarterly": [{"thresholdPercent": 82, "isDisabled": false}], "yearly": [{"thresholdPercent": 95, "isDisabled": false}]}, "recipients": ["sspuser1@systest.nutanix.com"], "isDisabled": false}}
2026-02-02 05:16:14 - create_budget - INFO - [API RESPONSE] POST https://ncm.services.nconprem-10-53-60-173.ccpnx.com/v1/cg/global/budgets
2026-02-02 05:16:14 - create_budget - INFO - [STATUS CODE] 200
2026-02-02 05:16:14 - create_budget - INFO - [TIME TAKEN] 0.3093 seconds (309.30 ms)
2026-02-02 05:16:14 - create_budget - INFO - [RESPONSE CONTENT-TYPE] application/json
2026-02-02 05:16:14 - create_budget - INFO - [RESPONSE PAYLOAD]
{
  "budgetId": "386a0984-f38b-4466-8b62-df1861eb4d00"
}
2026-02-02 05:16:14 - create_budget - INFO - ✓ Created budget: budget_1_CC_HomePC_Account_193e1_ahv_0-251004-124126_key1_JJLYq_ahv_0-251004-124126_value1_3_JJLYq_377027
2026-02-02 05:16:14 - create_budget - INFO - [216/219] Creating CC budget: budget_1_CC_HomePC_Account_193e1_ahv_0-251004-124137_key1_4XjvR_ahv_0-251004-124137_value1_1_4XjvR_377027
2026-02-02 05:16:14 - create_budget - INFO - [API REQUEST] POST https://ncm.services.nconprem-10-53-60-173.ccpnx.com/v1/cg/global/budgets
2026-02-02 05:16:14 - create_budget - INFO - [REQUEST DATA PAYLOAD] {"budgetName": "budget_1_CC_HomePC_Account_193e1_ahv_0-251004-124137_key1_4XjvR_ahv_0-251004-124137_value1_1_4XjvR_377027", "financialYearStartMonth": "1", "resourceGroups": {"costCenters": ["867319b3-021f-431d-8e12-3042655a9d4e"]}, "systemEstimate": true, "budgetAlert": {"configuration": {"monthly": [{"thresholdPercent": 75, "isDisabled": false}], "quarterly": [{"thresholdPercent": 81, "isDisabled": false}], "yearly": [{"thresholdPercent": 95, "isDisabled": false}]}, "recipients": ["sspuser1@systest.nutanix.com"], "isDisabled": false}}
2026-02-02 05:16:14 - create_budget - INFO - [API RESPONSE] POST https://ncm.services.nconprem-10-53-60-173.ccpnx.com/v1/cg/global/budgets
2026-02-02 05:16:14 - create_budget - INFO - [STATUS CODE] 200
2026-02-02 05:16:14 - create_budget - INFO - [TIME TAKEN] 0.3841 seconds (384.10 ms)
2026-02-02 05:16:14 - create_budget - INFO - [RESPONSE CONTENT-TYPE] application/json
2026-02-02 05:16:14 - create_budget - INFO - [RESPONSE PAYLOAD]
{
  "budgetId": "c7078767-6093-4967-8708-4283834b052a"
}
2026-02-02 05:16:14 - create_budget - INFO - ✓ Created budget: budget_1_CC_HomePC_Account_193e1_ahv_0-251004-124137_key1_4XjvR_ahv_0-251004-124137_value1_1_4XjvR_377027
2026-02-02 05:16:14 - create_budget - INFO - [217/219] Creating CC budget: budget_1_CC_HomePC_Account_193e1_ahv_0-251004-124139_key1_ANBF3_ahv_0-251004-124139_value1_1_ANBF3_377027
2026-02-02 05:16:14 - create_budget - INFO - [API REQUEST] POST https://ncm.services.nconprem-10-53-60-173.ccpnx.com/v1/cg/global/budgets
2026-02-02 05:16:14 - create_budget - INFO - [REQUEST DATA PAYLOAD] {"budgetName": "budget_1_CC_HomePC_Account_193e1_ahv_0-251004-124139_key1_ANBF3_ahv_0-251004-124139_value1_1_ANBF3_377027", "financialYearStartMonth": "12", "resourceGroups": {"costCenters": ["2769a333-0163-449b-94bd-500b3af38a8a"]}, "systemEstimate": true, "budgetAlert": {"configuration": {"monthly": [{"thresholdPercent": 67, "isDisabled": false}], "quarterly": [{"thresholdPercent": 77, "isDisabled": false}], "yearly": [{"thresholdPercent": 89, "isDisabled": false}]}, "recipients": ["sspuser1@systest.nutanix.com"], "isDisabled": false}}
2026-02-02 05:16:15 - create_budget - INFO - [API RESPONSE] POST https://ncm.services.nconprem-10-53-60-173.ccpnx.com/v1/cg/global/budgets
2026-02-02 05:16:15 - create_budget - INFO - [STATUS CODE] 200
2026-02-02 05:16:15 - create_budget - INFO - [TIME TAKEN] 0.4158 seconds (415.78 ms)
2026-02-02 05:16:15 - create_budget - INFO - [RESPONSE CONTENT-TYPE] application/json
2026-02-02 05:16:15 - create_budget - INFO - [RESPONSE PAYLOAD]
{
  "budgetId": "454ea968-0d36-417c-b69c-8a18dca0e497"
}
2026-02-02 05:16:15 - create_budget - INFO - ✓ Created budget: budget_1_CC_HomePC_Account_193e1_ahv_0-251004-124139_key1_ANBF3_ahv_0-251004-124139_value1_1_ANBF3_377027
2026-02-02 05:16:15 - create_budget - INFO - [218/219] Creating BU budget: budget_1_Business_Unit_37
2026-02-02 05:16:15 - create_budget - INFO - [API REQUEST] POST https://ncm.services.nconprem-10-53-60-173.ccpnx.com/v1/cg/global/budgets
2026-02-02 05:16:15 - create_budget - INFO - [REQUEST DATA PAYLOAD] {"budgetName": "budget_1_Business_Unit_37", "financialYearStartMonth": "11", "resourceGroups": {"businessUnit": ["44b9abdd-7488-4433-8740-c2811780d37a"]}, "systemEstimate": true, "budgetAlert": {"configuration": {"monthly": [{"thresholdPercent": 66, "isDisabled": false}], "quarterly": [{"thresholdPercent": 83, "isDisabled": false}], "yearly": [{"thresholdPercent": 90, "isDisabled": false}]}, "recipients": ["sspuser1@systest.nutanix.com"], "isDisabled": false}}
2026-02-02 05:16:15 - create_budget - INFO - [API RESPONSE] POST https://ncm.services.nconprem-10-53-60-173.ccpnx.com/v1/cg/global/budgets
2026-02-02 05:16:15 - create_budget - INFO - [STATUS CODE] 500
2026-02-02 05:16:15 - create_budget - INFO - [TIME TAKEN] 0.4400 seconds (440.04 ms)
2026-02-02 05:16:15 - create_budget - INFO - [RESPONSE CONTENT-TYPE] application/json
2026-02-02 05:16:15 - create_budget - INFO - [RESPONSE PAYLOAD]
{
  "errorCode": 990020,
  "errorMessage": "The system encountered an internal error. If the issue persists, please reach out to our support."
}
2026-02-02 05:16:15 - create_budget - ERROR - ✗ Failed to create budget 'budget_1_Business_Unit_37': HTTP 500 - {'errorCode': 990020, 'errorMessage': 'The system encountered an internal error. If the issue persists, please reach out to our support.'}
2026-02-02 05:16:15 - create_budget - INFO - [219/219] Creating CC budget: budget_1_CC_HomePC_Account_193e1_ahv_0-251004-124155_key1_AFmGW_ahv_0-251004-124155_value1_3_AFmGW_377027
2026-02-02 05:16:15 - create_budget - INFO - [API REQUEST] POST https://ncm.services.nconprem-10-53-60-173.ccpnx.com/v1/cg/global/budgets
2026-02-02 05:16:15 - create_budget - INFO - [REQUEST DATA PAYLOAD] {"budgetName": "budget_1_CC_HomePC_Account_193e1_ahv_0-251004-124155_key1_AFmGW_ahv_0-251004-124155_value1_3_AFmGW_377027", "financialYearStartMonth": "11", "resourceGroups": {"costCenters": ["6cb6408e-27bd-4322-9f11-b61c68a56e6a"]}, "systemEstimate": true, "budgetAlert": {"configuration": {"monthly": [{"thresholdPercent": 72, "isDisabled": false}], "quarterly": [{"thresholdPercent": 82, "isDisabled": false}], "yearly": [{"thresholdPercent": 91, "isDisabled": false}]}, "recipients": ["sspuser1@systest.nutanix.com"], "isDisabled": false}}
2026-02-02 05:16:16 - create_budget - INFO - [API RESPONSE] POST https://ncm.services.nconprem-10-53-60-173.ccpnx.com/v1/cg/global/budgets
2026-02-02 05:16:16 - create_budget - INFO - [STATUS CODE] 200
2026-02-02 05:16:16 - create_budget - INFO - [TIME TAKEN] 0.3519 seconds (351.92 ms)
2026-02-02 05:16:16 - create_budget - INFO - [RESPONSE CONTENT-TYPE] application/json
2026-02-02 05:16:16 - create_budget - INFO - [RESPONSE PAYLOAD]
{
  "budgetId": "01f289da-cf50-45d7-a54c-31956b54a9fc"
}
2026-02-02 05:16:16 - create_budget - INFO - ✓ Created budget: budget_1_CC_HomePC_Account_193e1_ahv_0-251004-124155_key1_AFmGW_ahv_0-251004-124155_value1_3_AFmGW_377027
2026-02-02 05:16:16 - create_budget - INFO - 
2026-02-02 05:16:16 - create_budget - INFO - ================================================================================
2026-02-02 05:16:16 - create_budget - INFO - EXECUTION SUMMARY
2026-02-02 05:16:16 - create_budget - INFO - ================================================================================
2026-02-02 05:16:16 - create_budget - INFO -   Business Unit budgets created: 0
2026-02-02 05:16:16 - create_budget - INFO -   Business Unit budgets failed:  38
2026-02-02 05:16:16 - create_budget - INFO -   Cost Center budgets created:   181
2026-02-02 05:16:16 - create_budget - INFO -   Cost Center budgets failed:    0
2026-02-02 05:16:16 - create_budget - INFO - ----------------------------------------
2026-02-02 05:16:16 - create_budget - INFO -   Total budgets created:         181
2026-02-02 05:16:16 - create_budget - INFO -   Total budgets failed:          38
2026-02-02 05:16:16 - create_budget - INFO -   Success rate:                  181/219 (82.6%)
2026-02-02 05:16:16 - create_budget - INFO -   Total execution time:          81.75s (1.36 min)
2026-02-02 05:16:16 - create_budget - INFO - ================================================================================
2026-02-02 05:16:16 - create_budget - INFO - 
2026-02-02 05:16:16 - create_budget - INFO - ================================================================================================================================================================
2026-02-02 05:16:16 - create_budget - INFO - API METRICS CONSOLIDATED REPORT
2026-02-02 05:16:16 - create_budget - INFO - ================================================================================================================================================================
2026-02-02 05:16:16 - create_budget - INFO - Method   | Endpoint                                           |   Count |   Fail |    Min(ms) |    Max(ms) |    P90(ms) |    P95(ms) |    P98(ms)
2026-02-02 05:16:16 - create_budget - INFO - ----------------------------------------------------------------------------------------------------------------------------------------------------------------
2026-02-02 05:16:16 - create_budget - INFO - POST     | /v1/cg/global/budgets                              |     219 |     38 |     177.28 |    1050.93 |     539.11 |     688.35 |     729.67
2026-02-02 05:16:16 - create_budget - INFO - GET      | /v1/cg/global/budgets/listResourceGroups           |       1 |      - |     655.85 |     655.85 |     655.85 |     655.85 |     655.85
2026-02-02 05:16:16 - create_budget - INFO - GET      | /v1/cg/users/list                                  |       1 |      - |     314.45 |     314.45 |     314.45 |     314.45 |     314.45
2026-02-02 05:16:16 - create_budget - INFO - ----------------------------------------------------------------------------------------------------------------------------------------------------------------
2026-02-02 05:16:16 - create_budget - INFO - Total API Calls: 221 | Unique Endpoints: 3 | Total Failures (non-200/202): 38 | Exceptions: 0
2026-02-02 05:16:16 - create_budget - INFO - ================================================================================================================================================================
2026-02-02 05:16:16 - create_budget - INFO - 
2026-02-02 05:16:16 - create_budget - INFO - FAILED REQUESTS (non-200/202):
2026-02-02 05:16:16 - create_budget - INFO - ----------------------------------------------------------------------------------------------------
2026-02-02 05:16:16 - create_budget - INFO - Method   | Endpoint                                           |   Failures | Status Codes                  
2026-02-02 05:16:16 - create_budget - INFO - ----------------------------------------------------------------------------------------------------
2026-02-02 05:16:16 - create_budget - INFO - POST     | /v1/cg/global/budgets                              |         38 | 500: 38                       
2026-02-02 05:16:16 - create_budget - INFO - ====================================================================================================
2026-02-02 05:16:16 - create_budget - INFO - 
2026-02-02 05:16:16 - create_budget - INFO - STATUS CODE BREAKDOWN:
2026-02-02 05:16:16 - create_budget - INFO - ----------------------------------------------------------------------------------------------------
2026-02-02 05:16:16 - create_budget - INFO - POST   /v1/cg/global/budgets                      | 200: 181, 500: 38
2026-02-02 05:16:16 - create_budget - INFO - GET    /v1/cg/global/budgets/listResourceGroups   | 200: 1
2026-02-02 05:16:16 - create_budget - INFO - GET    /v1/cg/users/list                          | 200: 1
2026-02-02 05:16:16 - create_budget - INFO - ================================================================================================================================================================
