2026-02-03 08:54:40 - create_rate_cards - INFO - ================================================================================
2026-02-03 08:54:40 - create_rate_cards - INFO - Script: create_rate_cards
2026-02-03 08:54:40 - create_rate_cards - INFO - Log file: /home/mohan.as1/mohan_helpers/cost_governnance/logs/create_rate_cards_20260203_085440.log
2026-02-03 08:54:40 - create_rate_cards - INFO - ================================================================================
2026-02-03 08:54:40 - create_rate_cards - INFO - ================================================================================
2026-02-03 08:54:40 - create_rate_cards - INFO - Create Rate Cards Script Started
2026-02-03 08:54:40 - create_rate_cards - INFO - ================================================================================
2026-02-03 08:54:40 - create_rate_cards - INFO - [API REQUEST] POST https://ncm.services.nconprem-10-53-60-173.ccpnx.com/v1/cg/config/rate-cards
2026-02-03 08:54:40 - create_rate_cards - INFO - [REQUEST JSON PAYLOAD]
{
  "rateCards": [
    {
      "rateCardName": "st_testing720273_0",
      "meteringRates": {
        "vm": {
          "vCpu": {
            "unit": "HOUR",
            "rate": 6
          },
          "vRam": {
            "unit": "HOUR",
            "rate": 8
          },
          "vStorage": {
            "unit": "GIB",
            "rate": 27
          },
          "customConfigs": [
            {
              "description": "st_testing720273_0",
              "value": {
                "unit": "DAY",
                "rate": 36
              }
            },
            {
              "description": "st_testing720273_1",
              "value": {
                "unit": "DAY",
                "rate": 21
              }
            },
            {
              "description": "st_testing720273_2",
              "value": {
                "unit": "DAY",
                "rate": 88
              }
            },
            {
              "description": "st_testing720273_3",
              "value": {
                "unit": "DAY",
                "rate": 24
              }
            },
            {
              "description": "st_testing720273_4",
              "value": {
                "unit": "DAY",
                "rate": 72
              }
            }
          ]
        }
      },
      "resources": []
    }
  ]
}
2026-02-03 08:54:44 - create_rate_cards - INFO - [API RESPONSE] POST https://ncm.services.nconprem-10-53-60-173.ccpnx.com/v1/cg/config/rate-cards
2026-02-03 08:54:44 - create_rate_cards - INFO - [STATUS CODE] 200
2026-02-03 08:54:44 - create_rate_cards - INFO - [TIME TAKEN] 4.1930 seconds (4193.01 ms)
2026-02-03 08:54:44 - create_rate_cards - INFO - [RESPONSE CONTENT-TYPE] application/json
2026-02-03 08:54:44 - create_rate_cards - INFO - [RESPONSE PAYLOAD]
{
  "ids": [
    "a3650653-ab49-49c6-81f5-7876b9262d63"
  ]
}
2026-02-03 08:54:44 - create_rate_cards - INFO - ✓ [1] Created rate card: st_testing720273_0
2026-02-03 08:54:44 - create_rate_cards - INFO - [API REQUEST] POST https://ncm.services.nconprem-10-53-60-173.ccpnx.com/v1/cg/config/rate-cards
2026-02-03 08:54:44 - create_rate_cards - INFO - [REQUEST JSON PAYLOAD]
{
  "rateCards": [
    {
      "rateCardName": "st_testing720273_1",
      "meteringRates": {
        "vm": {
          "vCpu": {
            "unit": "HOUR",
            "rate": 63
          },
          "vRam": {
            "unit": "HOUR",
            "rate": 71
          },
          "vStorage": {
            "unit": "GIB",
            "rate": 77
          },
          "customConfigs": [
            {
              "description": "st_testing720273_0",
              "value": {
                "unit": "DAY",
                "rate": 49
              }
            },
            {
              "description": "st_testing720273_1",
              "value": {
                "unit": "DAY",
                "rate": 41
              }
            },
            {
              "description": "st_testing720273_2",
              "value": {
                "unit": "DAY",
                "rate": 43
              }
            },
            {
              "description": "st_testing720273_3",
              "value": {
                "unit": "DAY",
                "rate": 29
              }
            },
            {
              "description": "st_testing720273_4",
              "value": {
                "unit": "DAY",
                "rate": 3
              }
            }
          ]
        }
      },
      "resources": []
    }
  ]
}
2026-02-03 08:54:45 - create_rate_cards - INFO - [API RESPONSE] POST https://ncm.services.nconprem-10-53-60-173.ccpnx.com/v1/cg/config/rate-cards
2026-02-03 08:54:45 - create_rate_cards - INFO - [STATUS CODE] 200
2026-02-03 08:54:45 - create_rate_cards - INFO - [TIME TAKEN] 0.8847 seconds (884.72 ms)
2026-02-03 08:54:45 - create_rate_cards - INFO - [RESPONSE CONTENT-TYPE] application/json
2026-02-03 08:54:45 - create_rate_cards - INFO - [RESPONSE PAYLOAD]
{
  "ids": [
    "616ad5e5-f50e-4546-b59e-b5ad56539588"
  ]
}
2026-02-03 08:54:45 - create_rate_cards - INFO - ✓ [2] Created rate card: st_testing720273_1
2026-02-03 08:54:45 - create_rate_cards - INFO - [API REQUEST] POST https://ncm.services.nconprem-10-53-60-173.ccpnx.com/v1/cg/config/rate-cards
2026-02-03 08:54:45 - create_rate_cards - INFO - [REQUEST JSON PAYLOAD]
{
  "rateCards": [
    {
      "rateCardName": "st_testing720273_2",
      "meteringRates": {
        "vm": {
          "vCpu": {
            "unit": "HOUR",
            "rate": 28
          },
          "vRam": {
            "unit": "HOUR",
            "rate": 30
          },
          "vStorage": {
            "unit": "GIB",
            "rate": 75
          },
          "customConfigs": [
            {
              "description": "st_testing720273_0",
              "value": {
                "unit": "DAY",
                "rate": 85
              }
            },
            {
              "description": "st_testing720273_1",
              "value": {
                "unit": "DAY",
                "rate": 83
              }
            },
            {
              "description": "st_testing720273_2",
              "value": {
                "unit": "DAY",
                "rate": 40
              }
            },
            {
              "description": "st_testing720273_3",
              "value": {
                "unit": "DAY",
                "rate": 44
              }
            },
            {
              "description": "st_testing720273_4",
              "value": {
                "unit": "DAY",
                "rate": 47
              }
            }
          ]
        }
      },
      "resources": []
    }
  ]
}
2026-02-03 08:54:46 - create_rate_cards - INFO - [API RESPONSE] POST https://ncm.services.nconprem-10-53-60-173.ccpnx.com/v1/cg/config/rate-cards
2026-02-03 08:54:46 - create_rate_cards - INFO - [STATUS CODE] 200
2026-02-03 08:54:46 - create_rate_cards - INFO - [TIME TAKEN] 0.5160 seconds (515.99 ms)
2026-02-03 08:54:46 - create_rate_cards - INFO - [RESPONSE CONTENT-TYPE] application/json
2026-02-03 08:54:46 - create_rate_cards - INFO - [RESPONSE PAYLOAD]
{
  "ids": [
    "44d2d78a-6c36-4b99-b51e-10679303ee2c"
  ]
}
2026-02-03 08:54:46 - create_rate_cards - INFO - ✓ [3] Created rate card: st_testing720273_2
2026-02-03 08:54:46 - create_rate_cards - INFO - [API REQUEST] POST https://ncm.services.nconprem-10-53-60-173.ccpnx.com/v1/cg/config/rate-cards
2026-02-03 08:54:46 - create_rate_cards - INFO - [REQUEST JSON PAYLOAD]
{
  "rateCards": [
    {
      "rateCardName": "st_testing720273_3",
      "meteringRates": {
        "vm": {
          "vCpu": {
            "unit": "HOUR",
            "rate": 50
          },
          "vRam": {
            "unit": "HOUR",
            "rate": 95
          },
          "vStorage": {
            "unit": "GIB",
            "rate": 94
          },
          "customConfigs": [
            {
              "description": "st_testing720273_0",
              "value": {
                "unit": "DAY",
                "rate": 45
              }
            },
            {
              "description": "st_testing720273_1",
              "value": {
                "unit": "DAY",
                "rate": 53
              }
            },
            {
              "description": "st_testing720273_2",
              "value": {
                "unit": "DAY",
                "rate": 86
              }
            },
            {
              "description": "st_testing720273_3",
              "value": {
                "unit": "DAY",
                "rate": 96
              }
            },
            {
              "description": "st_testing720273_4",
              "value": {
                "unit": "DAY",
                "rate": 75
              }
            }
          ]
        }
      },
      "resources": []
    }
  ]
}
2026-02-03 08:54:46 - create_rate_cards - INFO - [API RESPONSE] POST https://ncm.services.nconprem-10-53-60-173.ccpnx.com/v1/cg/config/rate-cards
2026-02-03 08:54:46 - create_rate_cards - INFO - [STATUS CODE] 200
2026-02-03 08:54:46 - create_rate_cards - INFO - [TIME TAKEN] 0.4987 seconds (498.69 ms)
2026-02-03 08:54:46 - create_rate_cards - INFO - [RESPONSE CONTENT-TYPE] application/json
2026-02-03 08:54:46 - create_rate_cards - INFO - [RESPONSE PAYLOAD]
{
  "ids": [
    "6a76dbfe-f53a-498c-81e3-2d6b378a90d2"
  ]
}
2026-02-03 08:54:46 - create_rate_cards - INFO - ✓ [4] Created rate card: st_testing720273_3
2026-02-03 08:54:46 - create_rate_cards - INFO - [API REQUEST] POST https://ncm.services.nconprem-10-53-60-173.ccpnx.com/v1/cg/config/rate-cards
2026-02-03 08:54:46 - create_rate_cards - INFO - [REQUEST JSON PAYLOAD]
{
  "rateCards": [
    {
      "rateCardName": "st_testing720273_4",
      "meteringRates": {
        "vm": {
          "vCpu": {
            "unit": "HOUR",
            "rate": 10
          },
          "vRam": {
            "unit": "HOUR",
            "rate": 93
          },
          "vStorage": {
            "unit": "GIB",
            "rate": 5
          },
          "customConfigs": [
            {
              "description": "st_testing720273_0",
              "value": {
                "unit": "DAY",
                "rate": 52
              }
            },
            {
              "description": "st_testing720273_1",
              "value": {
                "unit": "DAY",
                "rate": 74
              }
            },
            {
              "description": "st_testing720273_2",
              "value": {
                "unit": "DAY",
                "rate": 84
              }
            },
            {
              "description": "st_testing720273_3",
              "value": {
                "unit": "DAY",
                "rate": 44
              }
            },
            {
              "description": "st_testing720273_4",
              "value": {
                "unit": "DAY",
                "rate": 43
              }
            }
          ]
        }
      },
      "resources": []
    }
  ]
}
2026-02-03 08:54:48 - create_rate_cards - INFO - [API RESPONSE] POST https://ncm.services.nconprem-10-53-60-173.ccpnx.com/v1/cg/config/rate-cards
2026-02-03 08:54:48 - create_rate_cards - INFO - [STATUS CODE] 200
2026-02-03 08:54:48 - create_rate_cards - INFO - [TIME TAKEN] 1.5639 seconds (1563.90 ms)
2026-02-03 08:54:48 - create_rate_cards - INFO - [RESPONSE CONTENT-TYPE] application/json
2026-02-03 08:54:48 - create_rate_cards - INFO - [RESPONSE PAYLOAD]
{
  "ids": [
    "7f895804-9219-41c3-9f0d-fa2d451a2f84"
  ]
}
2026-02-03 08:54:48 - create_rate_cards - INFO - ✓ [5] Created rate card: st_testing720273_4
2026-02-03 08:54:48 - create_rate_cards - INFO - [API REQUEST] POST https://ncm.services.nconprem-10-53-60-173.ccpnx.com/v1/cg/config/rate-cards
2026-02-03 08:54:48 - create_rate_cards - INFO - [REQUEST JSON PAYLOAD]
{
  "rateCards": [
    {
      "rateCardName": "st_testing720273_5",
      "meteringRates": {
        "vm": {
          "vCpu": {
            "unit": "HOUR",
            "rate": 83
          },
          "vRam": {
            "unit": "HOUR",
            "rate": 26
          },
          "vStorage": {
            "unit": "GIB",
            "rate": 100
          },
          "customConfigs": [
            {
              "description": "st_testing720273_0",
              "value": {
                "unit": "DAY",
                "rate": 50
              }
            },
            {
              "description": "st_testing720273_1",
              "value": {
                "unit": "DAY",
                "rate": 29
              }
            },
            {
              "description": "st_testing720273_2",
              "value": {
                "unit": "DAY",
                "rate": 80
              }
            },
            {
              "description": "st_testing720273_3",
              "value": {
                "unit": "DAY",
                "rate": 5
              }
            },
            {
              "description": "st_testing720273_4",
              "value": {
                "unit": "DAY",
                "rate": 22
              }
            }
          ]
        }
      },
      "resources": []
    }
  ]
}
2026-02-03 08:54:48 - create_rate_cards - INFO - [API RESPONSE] POST https://ncm.services.nconprem-10-53-60-173.ccpnx.com/v1/cg/config/rate-cards
2026-02-03 08:54:48 - create_rate_cards - INFO - [STATUS CODE] 200
2026-02-03 08:54:48 - create_rate_cards - INFO - [TIME TAKEN] 0.3985 seconds (398.48 ms)
2026-02-03 08:54:48 - create_rate_cards - INFO - [RESPONSE CONTENT-TYPE] application/json
2026-02-03 08:54:48 - create_rate_cards - INFO - [RESPONSE PAYLOAD]
{
  "ids": [
    "b24c00e1-c5a1-44cf-b9aa-1fa2c06e3ee7"
  ]
}
2026-02-03 08:54:48 - create_rate_cards - INFO - ✓ [6] Created rate card: st_testing720273_5
2026-02-03 08:54:48 - create_rate_cards - INFO - [API REQUEST] POST https://ncm.services.nconprem-10-53-60-173.ccpnx.com/v1/cg/config/rate-cards
2026-02-03 08:54:48 - create_rate_cards - INFO - [REQUEST JSON PAYLOAD]
{
  "rateCards": [
    {
      "rateCardName": "st_testing720273_6",
      "meteringRates": {
        "vm": {
          "vCpu": {
            "unit": "HOUR",
            "rate": 33
          },
          "vRam": {
            "unit": "HOUR",
            "rate": 57
          },
          "vStorage": {
            "unit": "GIB",
            "rate": 31
          },
          "customConfigs": [
            {
              "description": "st_testing720273_0",
              "value": {
                "unit": "DAY",
                "rate": 50
              }
            },
            {
              "description": "st_testing720273_1",
              "value": {
                "unit": "DAY",
                "rate": 97
              }
            },
            {
              "description": "st_testing720273_2",
              "value": {
                "unit": "DAY",
                "rate": 16
              }
            },
            {
              "description": "st_testing720273_3",
              "value": {
                "unit": "DAY",
                "rate": 17
              }
            },
            {
              "description": "st_testing720273_4",
              "value": {
                "unit": "DAY",
                "rate": 44
              }
            }
          ]
        }
      },
      "resources": []
    }
  ]
}
2026-02-03 08:54:49 - create_rate_cards - INFO - [API RESPONSE] POST https://ncm.services.nconprem-10-53-60-173.ccpnx.com/v1/cg/config/rate-cards
2026-02-03 08:54:49 - create_rate_cards - INFO - [STATUS CODE] 200
2026-02-03 08:54:49 - create_rate_cards - INFO - [TIME TAKEN] 0.6263 seconds (626.33 ms)
2026-02-03 08:54:49 - create_rate_cards - INFO - [RESPONSE CONTENT-TYPE] application/json
2026-02-03 08:54:49 - create_rate_cards - INFO - [RESPONSE PAYLOAD]
{
  "ids": [
    "5d16d420-ece2-43e6-8edd-a48a05924c70"
  ]
}
2026-02-03 08:54:49 - create_rate_cards - INFO - ✓ [7] Created rate card: st_testing720273_6
2026-02-03 08:54:49 - create_rate_cards - INFO - [API REQUEST] POST https://ncm.services.nconprem-10-53-60-173.ccpnx.com/v1/cg/config/rate-cards
2026-02-03 08:54:49 - create_rate_cards - INFO - [REQUEST JSON PAYLOAD]
{
  "rateCards": [
    {
      "rateCardName": "st_testing720273_7",
      "meteringRates": {
        "vm": {
          "vCpu": {
            "unit": "HOUR",
            "rate": 45
          },
          "vRam": {
            "unit": "HOUR",
            "rate": 43
          },
          "vStorage": {
            "unit": "GIB",
            "rate": 40
          },
          "customConfigs": [
            {
              "description": "st_testing720273_0",
              "value": {
                "unit": "DAY",
                "rate": 8
              }
            },
            {
              "description": "st_testing720273_1",
              "value": {
                "unit": "DAY",
                "rate": 82
              }
            },
            {
              "description": "st_testing720273_2",
              "value": {
                "unit": "DAY",
                "rate": 59
              }
            },
            {
              "description": "st_testing720273_3",
              "value": {
                "unit": "DAY",
                "rate": 98
              }
            },
            {
              "description": "st_testing720273_4",
              "value": {
                "unit": "DAY",
                "rate": 26
              }
            }
          ]
        }
      },
      "resources": []
    }
  ]
}
2026-02-03 08:54:50 - create_rate_cards - INFO - [API RESPONSE] POST https://ncm.services.nconprem-10-53-60-173.ccpnx.com/v1/cg/config/rate-cards
2026-02-03 08:54:50 - create_rate_cards - INFO - [STATUS CODE] 200
2026-02-03 08:54:50 - create_rate_cards - INFO - [TIME TAKEN] 0.6858 seconds (685.84 ms)
2026-02-03 08:54:50 - create_rate_cards - INFO - [RESPONSE CONTENT-TYPE] application/json
2026-02-03 08:54:50 - create_rate_cards - INFO - [RESPONSE PAYLOAD]
{
  "ids": [
    "2d38e1a9-2f96-4cc1-828c-749a1adf1b91"
  ]
}
2026-02-03 08:54:50 - create_rate_cards - INFO - ✓ [8] Created rate card: st_testing720273_7
2026-02-03 08:54:50 - create_rate_cards - INFO - [API REQUEST] POST https://ncm.services.nconprem-10-53-60-173.ccpnx.com/v1/cg/config/rate-cards
2026-02-03 08:54:50 - create_rate_cards - INFO - [REQUEST JSON PAYLOAD]
{
  "rateCards": [
    {
      "rateCardName": "st_testing720273_8",
      "meteringRates": {
        "vm": {
          "vCpu": {
            "unit": "HOUR",
            "rate": 40
          },
          "vRam": {
            "unit": "HOUR",
            "rate": 52
          },
          "vStorage": {
            "unit": "GIB",
            "rate": 91
          },
          "customConfigs": [
            {
              "description": "st_testing720273_0",
              "value": {
                "unit": "DAY",
                "rate": 58
              }
            },
            {
              "description": "st_testing720273_1",
              "value": {
                "unit": "DAY",
                "rate": 19
              }
            },
            {
              "description": "st_testing720273_2",
              "value": {
                "unit": "DAY",
                "rate": 64
              }
            },
            {
              "description": "st_testing720273_3",
              "value": {
                "unit": "DAY",
                "rate": 84
              }
            },
            {
              "description": "st_testing720273_4",
              "value": {
                "unit": "DAY",
                "rate": 33
              }
            }
          ]
        }
      },
      "resources": []
    }
  ]
}
2026-02-03 08:54:50 - create_rate_cards - INFO - [API RESPONSE] POST https://ncm.services.nconprem-10-53-60-173.ccpnx.com/v1/cg/config/rate-cards
2026-02-03 08:54:50 - create_rate_cards - INFO - [STATUS CODE] 200
2026-02-03 08:54:50 - create_rate_cards - INFO - [TIME TAKEN] 0.5976 seconds (597.58 ms)
2026-02-03 08:54:50 - create_rate_cards - INFO - [RESPONSE CONTENT-TYPE] application/json
2026-02-03 08:54:50 - create_rate_cards - INFO - [RESPONSE PAYLOAD]
{
  "ids": [
    "90fcb1f9-e472-4a04-9424-edfad1fcff12"
  ]
}
2026-02-03 08:54:50 - create_rate_cards - INFO - ✓ [9] Created rate card: st_testing720273_8
2026-02-03 08:54:50 - create_rate_cards - INFO - [API REQUEST] POST https://ncm.services.nconprem-10-53-60-173.ccpnx.com/v1/cg/config/rate-cards
2026-02-03 08:54:50 - create_rate_cards - INFO - [REQUEST JSON PAYLOAD]
{
  "rateCards": [
    {
      "rateCardName": "st_testing720273_9",
      "meteringRates": {
        "vm": {
          "vCpu": {
            "unit": "HOUR",
            "rate": 46
          },
          "vRam": {
            "unit": "HOUR",
            "rate": 18
          },
          "vStorage": {
            "unit": "GIB",
            "rate": 61
          },
          "customConfigs": [
            {
              "description": "st_testing720273_0",
              "value": {
                "unit": "DAY",
                "rate": 84
              }
            },
            {
              "description": "st_testing720273_1",
              "value": {
                "unit": "DAY",
                "rate": 64
              }
            },
            {
              "description": "st_testing720273_2",
              "value": {
                "unit": "DAY",
                "rate": 57
              }
            },
            {
              "description": "st_testing720273_3",
              "value": {
                "unit": "DAY",
                "rate": 21
              }
            },
            {
              "description": "st_testing720273_4",
              "value": {
                "unit": "DAY",
                "rate": 22
              }
            }
          ]
        }
      },
      "resources": []
    }
  ]
}
2026-02-03 08:54:51 - create_rate_cards - INFO - [API RESPONSE] POST https://ncm.services.nconprem-10-53-60-173.ccpnx.com/v1/cg/config/rate-cards
2026-02-03 08:54:51 - create_rate_cards - INFO - [STATUS CODE] 200
2026-02-03 08:54:51 - create_rate_cards - INFO - [TIME TAKEN] 0.5094 seconds (509.38 ms)
2026-02-03 08:54:51 - create_rate_cards - INFO - [RESPONSE CONTENT-TYPE] application/json
2026-02-03 08:54:51 - create_rate_cards - INFO - [RESPONSE PAYLOAD]
{
  "ids": [
    "38d404dc-1fbe-4189-ae84-cf46f6695771"
  ]
}
2026-02-03 08:54:51 - create_rate_cards - INFO - ✓ [10] Created rate card: st_testing720273_9
2026-02-03 08:54:51 - create_rate_cards - INFO - [API REQUEST] POST https://ncm.services.nconprem-10-53-60-173.ccpnx.com/v1/cg/config/rate-cards
2026-02-03 08:54:51 - create_rate_cards - INFO - [REQUEST JSON PAYLOAD]
{
  "rateCards": [
    {
      "rateCardName": "st_testing720273_10",
      "meteringRates": {
        "vm": {
          "vCpu": {
            "unit": "HOUR",
            "rate": 9
          },
          "vRam": {
            "unit": "HOUR",
            "rate": 96
          },
          "vStorage": {
            "unit": "GIB",
            "rate": 7
          },
          "customConfigs": [
            {
              "description": "st_testing720273_0",
              "value": {
                "unit": "DAY",
                "rate": 39
              }
            },
            {
              "description": "st_testing720273_1",
              "value": {
                "unit": "DAY",
                "rate": 53
              }
            },
            {
              "description": "st_testing720273_2",
              "value": {
                "unit": "DAY",
                "rate": 34
              }
            },
            {
              "description": "st_testing720273_3",
              "value": {
                "unit": "DAY",
                "rate": 50
              }
            },
            {
              "description": "st_testing720273_4",
              "value": {
                "unit": "DAY",
                "rate": 73
              }
            }
          ]
        }
      },
      "resources": []
    }
  ]
}
2026-02-03 08:54:51 - create_rate_cards - INFO - [API RESPONSE] POST https://ncm.services.nconprem-10-53-60-173.ccpnx.com/v1/cg/config/rate-cards
2026-02-03 08:54:51 - create_rate_cards - INFO - [STATUS CODE] 200
2026-02-03 08:54:51 - create_rate_cards - INFO - [TIME TAKEN] 0.4979 seconds (497.93 ms)
2026-02-03 08:54:51 - create_rate_cards - INFO - [RESPONSE CONTENT-TYPE] application/json
2026-02-03 08:54:51 - create_rate_cards - INFO - [RESPONSE PAYLOAD]
{
  "ids": [
    "b1851467-6324-4188-91d8-e7030781f4d9"
  ]
}
2026-02-03 08:54:51 - create_rate_cards - INFO - ✓ [11] Created rate card: st_testing720273_10
2026-02-03 08:54:51 - create_rate_cards - INFO - [API REQUEST] POST https://ncm.services.nconprem-10-53-60-173.ccpnx.com/v1/cg/config/rate-cards
2026-02-03 08:54:51 - create_rate_cards - INFO - [REQUEST JSON PAYLOAD]
{
  "rateCards": [
    {
      "rateCardName": "st_testing720273_11",
      "meteringRates": {
        "vm": {
          "vCpu": {
            "unit": "HOUR",
            "rate": 38
          },
          "vRam": {
            "unit": "HOUR",
            "rate": 21
          },
          "vStorage": {
            "unit": "GIB",
            "rate": 18
          },
          "customConfigs": [
            {
              "description": "st_testing720273_0",
              "value": {
                "unit": "DAY",
                "rate": 99
              }
            },
            {
              "description": "st_testing720273_1",
              "value": {
                "unit": "DAY",
                "rate": 29
              }
            },
            {
              "description": "st_testing720273_2",
              "value": {
                "unit": "DAY",
                "rate": 94
              }
            },
            {
              "description": "st_testing720273_3",
              "value": {
                "unit": "DAY",
                "rate": 16
              }
            },
            {
              "description": "st_testing720273_4",
              "value": {
                "unit": "DAY",
                "rate": 20
              }
            }
          ]
        }
      },
      "resources": []
    }
  ]
}
2026-02-03 08:54:52 - create_rate_cards - INFO - [API RESPONSE] POST https://ncm.services.nconprem-10-53-60-173.ccpnx.com/v1/cg/config/rate-cards
2026-02-03 08:54:52 - create_rate_cards - INFO - [STATUS CODE] 200
2026-02-03 08:54:52 - create_rate_cards - INFO - [TIME TAKEN] 0.5903 seconds (590.33 ms)
2026-02-03 08:54:52 - create_rate_cards - INFO - [RESPONSE CONTENT-TYPE] application/json
2026-02-03 08:54:52 - create_rate_cards - INFO - [RESPONSE PAYLOAD]
{
  "ids": [
    "3c73f1d6-34b8-4840-80e4-5a18d6bc26d7"
  ]
}
2026-02-03 08:54:52 - create_rate_cards - INFO - ✓ [12] Created rate card: st_testing720273_11
2026-02-03 08:54:52 - create_rate_cards - INFO - [API REQUEST] POST https://ncm.services.nconprem-10-53-60-173.ccpnx.com/v1/cg/config/rate-cards
2026-02-03 08:54:52 - create_rate_cards - INFO - [REQUEST JSON PAYLOAD]
{
  "rateCards": [
    {
      "rateCardName": "st_testing720273_12",
      "meteringRates": {
        "vm": {
          "vCpu": {
            "unit": "HOUR",
            "rate": 26
          },
          "vRam": {
            "unit": "HOUR",
            "rate": 89
          },
          "vStorage": {
            "unit": "GIB",
            "rate": 14
          },
          "customConfigs": [
            {
              "description": "st_testing720273_0",
              "value": {
                "unit": "DAY",
                "rate": 41
              }
            },
            {
              "description": "st_testing720273_1",
              "value": {
                "unit": "DAY",
                "rate": 50
              }
            },
            {
              "description": "st_testing720273_2",
              "value": {
                "unit": "DAY",
                "rate": 99
              }
            },
            {
              "description": "st_testing720273_3",
              "value": {
                "unit": "DAY",
                "rate": 17
              }
            },
            {
              "description": "st_testing720273_4",
              "value": {
                "unit": "DAY",
                "rate": 58
              }
            }
          ]
        }
      },
      "resources": []
    }
  ]
}
2026-02-03 08:54:52 - create_rate_cards - INFO - [API RESPONSE] POST https://ncm.services.nconprem-10-53-60-173.ccpnx.com/v1/cg/config/rate-cards
2026-02-03 08:54:52 - create_rate_cards - INFO - [STATUS CODE] 200
2026-02-03 08:54:52 - create_rate_cards - INFO - [TIME TAKEN] 0.3917 seconds (391.66 ms)
2026-02-03 08:54:52 - create_rate_cards - INFO - [RESPONSE CONTENT-TYPE] application/json
2026-02-03 08:54:52 - create_rate_cards - INFO - [RESPONSE PAYLOAD]
{
  "ids": [
    "248485fc-f514-4e25-8914-b4d22fd0495c"
  ]
}
2026-02-03 08:54:52 - create_rate_cards - INFO - ✓ [13] Created rate card: st_testing720273_12
2026-02-03 08:54:52 - create_rate_cards - INFO - [API REQUEST] POST https://ncm.services.nconprem-10-53-60-173.ccpnx.com/v1/cg/config/rate-cards
2026-02-03 08:54:52 - create_rate_cards - INFO - [REQUEST JSON PAYLOAD]
{
  "rateCards": [
    {
      "rateCardName": "st_testing720273_13",
      "meteringRates": {
        "vm": {
          "vCpu": {
            "unit": "HOUR",
            "rate": 64
          },
          "vRam": {
            "unit": "HOUR",
            "rate": 3
          },
          "vStorage": {
            "unit": "GIB",
            "rate": 62
          },
          "customConfigs": [
            {
              "description": "st_testing720273_0",
              "value": {
                "unit": "DAY",
                "rate": 44
              }
            },
            {
              "description": "st_testing720273_1",
              "value": {
                "unit": "DAY",
                "rate": 34
              }
            },
            {
              "description": "st_testing720273_2",
              "value": {
                "unit": "DAY",
                "rate": 70
              }
            },
            {
              "description": "st_testing720273_3",
              "value": {
                "unit": "DAY",
                "rate": 56
              }
            },
            {
              "description": "st_testing720273_4",
              "value": {
                "unit": "DAY",
                "rate": 67
              }
            }
          ]
        }
      },
      "resources": []
    }
  ]
}
2026-02-03 08:54:53 - create_rate_cards - INFO - [API RESPONSE] POST https://ncm.services.nconprem-10-53-60-173.ccpnx.com/v1/cg/config/rate-cards
2026-02-03 08:54:53 - create_rate_cards - INFO - [STATUS CODE] 200
2026-02-03 08:54:53 - create_rate_cards - INFO - [TIME TAKEN] 0.4867 seconds (486.74 ms)
2026-02-03 08:54:53 - create_rate_cards - INFO - [RESPONSE CONTENT-TYPE] application/json
2026-02-03 08:54:53 - create_rate_cards - INFO - [RESPONSE PAYLOAD]
{
  "ids": [
    "54652aab-56f9-4bf2-8e06-36a469ca6807"
  ]
}
2026-02-03 08:54:53 - create_rate_cards - INFO - ✓ [14] Created rate card: st_testing720273_13
2026-02-03 08:54:53 - create_rate_cards - INFO - [API REQUEST] POST https://ncm.services.nconprem-10-53-60-173.ccpnx.com/v1/cg/config/rate-cards
2026-02-03 08:54:53 - create_rate_cards - INFO - [REQUEST JSON PAYLOAD]
{
  "rateCards": [
    {
      "rateCardName": "st_testing720273_14",
      "meteringRates": {
        "vm": {
          "vCpu": {
            "unit": "HOUR",
            "rate": 21
          },
          "vRam": {
            "unit": "HOUR",
            "rate": 94
          },
          "vStorage": {
            "unit": "GIB",
            "rate": 14
          },
          "customConfigs": [
            {
              "description": "st_testing720273_0",
              "value": {
                "unit": "DAY",
                "rate": 33
              }
            },
            {
              "description": "st_testing720273_1",
              "value": {
                "unit": "DAY",
                "rate": 14
              }
            },
            {
              "description": "st_testing720273_2",
              "value": {
                "unit": "DAY",
                "rate": 3
              }
            },
            {
              "description": "st_testing720273_3",
              "value": {
                "unit": "DAY",
                "rate": 84
              }
            },
            {
              "description": "st_testing720273_4",
              "value": {
                "unit": "DAY",
                "rate": 37
              }
            }
          ]
        }
      },
      "resources": []
    }
  ]
}
2026-02-03 08:54:53 - create_rate_cards - INFO - [API RESPONSE] POST https://ncm.services.nconprem-10-53-60-173.ccpnx.com/v1/cg/config/rate-cards
2026-02-03 08:54:53 - create_rate_cards - INFO - [STATUS CODE] 200
2026-02-03 08:54:53 - create_rate_cards - INFO - [TIME TAKEN] 0.4163 seconds (416.28 ms)
2026-02-03 08:54:53 - create_rate_cards - INFO - [RESPONSE CONTENT-TYPE] application/json
2026-02-03 08:54:53 - create_rate_cards - INFO - [RESPONSE PAYLOAD]
{
  "ids": [
    "57507cd4-5db4-49c1-80cf-b7fb53a48746"
  ]
}
2026-02-03 08:54:53 - create_rate_cards - INFO - ✓ [15] Created rate card: st_testing720273_14
2026-02-03 08:54:53 - create_rate_cards - INFO - [API REQUEST] POST https://ncm.services.nconprem-10-53-60-173.ccpnx.com/v1/cg/config/rate-cards
2026-02-03 08:54:53 - create_rate_cards - INFO - [REQUEST JSON PAYLOAD]
{
  "rateCards": [
    {
      "rateCardName": "st_testing720273_15",
      "meteringRates": {
        "vm": {
          "vCpu": {
            "unit": "HOUR",
            "rate": 59
          },
          "vRam": {
            "unit": "HOUR",
            "rate": 57
          },
          "vStorage": {
            "unit": "GIB",
            "rate": 90
          },
          "customConfigs": [
            {
              "description": "st_testing720273_0",
              "value": {
                "unit": "DAY",
                "rate": 72
              }
            },
            {
              "description": "st_testing720273_1",
              "value": {
                "unit": "DAY",
                "rate": 14
              }
            },
            {
              "description": "st_testing720273_2",
              "value": {
                "unit": "DAY",
                "rate": 79
              }
            },
            {
              "description": "st_testing720273_3",
              "value": {
                "unit": "DAY",
                "rate": 3
              }
            },
            {
              "description": "st_testing720273_4",
              "value": {
                "unit": "DAY",
                "rate": 75
              }
            }
          ]
        }
      },
      "resources": []
    }
  ]
}
2026-02-03 08:54:54 - create_rate_cards - INFO - [API RESPONSE] POST https://ncm.services.nconprem-10-53-60-173.ccpnx.com/v1/cg/config/rate-cards
2026-02-03 08:54:54 - create_rate_cards - INFO - [STATUS CODE] 200
2026-02-03 08:54:54 - create_rate_cards - INFO - [TIME TAKEN] 0.9199 seconds (919.88 ms)
2026-02-03 08:54:54 - create_rate_cards - INFO - [RESPONSE CONTENT-TYPE] application/json
2026-02-03 08:54:54 - create_rate_cards - INFO - [RESPONSE PAYLOAD]
{
  "ids": [
    "b6640e0e-c043-4967-b924-e44bc8bbd875"
  ]
}
2026-02-03 08:54:54 - create_rate_cards - INFO - ✓ [16] Created rate card: st_testing720273_15
2026-02-03 08:54:54 - create_rate_cards - INFO - [API REQUEST] POST https://ncm.services.nconprem-10-53-60-173.ccpnx.com/v1/cg/config/rate-cards
2026-02-03 08:54:54 - create_rate_cards - INFO - [REQUEST JSON PAYLOAD]
{
  "rateCards": [
    {
      "rateCardName": "st_testing720273_16",
      "meteringRates": {
        "vm": {
          "vCpu": {
            "unit": "HOUR",
            "rate": 9
          },
          "vRam": {
            "unit": "HOUR",
            "rate": 48
          },
          "vStorage": {
            "unit": "GIB",
            "rate": 60
          },
          "customConfigs": [
            {
              "description": "st_testing720273_0",
              "value": {
                "unit": "DAY",
                "rate": 97
              }
            },
            {
              "description": "st_testing720273_1",
              "value": {
                "unit": "DAY",
                "rate": 40
              }
            },
            {
              "description": "st_testing720273_2",
              "value": {
                "unit": "DAY",
                "rate": 52
              }
            },
            {
              "description": "st_testing720273_3",
              "value": {
                "unit": "DAY",
                "rate": 3
              }
            },
            {
              "description": "st_testing720273_4",
              "value": {
                "unit": "DAY",
                "rate": 5
              }
            }
          ]
        }
      },
      "resources": []
    }
  ]
}
2026-02-03 08:54:55 - create_rate_cards - INFO - [API RESPONSE] POST https://ncm.services.nconprem-10-53-60-173.ccpnx.com/v1/cg/config/rate-cards
2026-02-03 08:54:55 - create_rate_cards - INFO - [STATUS CODE] 200
2026-02-03 08:54:55 - create_rate_cards - INFO - [TIME TAKEN] 0.7856 seconds (785.59 ms)
2026-02-03 08:54:55 - create_rate_cards - INFO - [RESPONSE CONTENT-TYPE] application/json
2026-02-03 08:54:55 - create_rate_cards - INFO - [RESPONSE PAYLOAD]
{
  "ids": [
    "36bde334-56e9-449d-8105-ea0b97afe752"
  ]
}
2026-02-03 08:54:55 - create_rate_cards - INFO - ✓ [17] Created rate card: st_testing720273_16
2026-02-03 08:54:55 - create_rate_cards - INFO - [API REQUEST] POST https://ncm.services.nconprem-10-53-60-173.ccpnx.com/v1/cg/config/rate-cards
2026-02-03 08:54:55 - create_rate_cards - INFO - [REQUEST JSON PAYLOAD]
{
  "rateCards": [
    {
      "rateCardName": "st_testing720273_17",
      "meteringRates": {
        "vm": {
          "vCpu": {
            "unit": "HOUR",
            "rate": 87
          },
          "vRam": {
            "unit": "HOUR",
            "rate": 87
          },
          "vStorage": {
            "unit": "GIB",
            "rate": 26
          },
          "customConfigs": [
            {
              "description": "st_testing720273_0",
              "value": {
                "unit": "DAY",
                "rate": 23
              }
            },
            {
              "description": "st_testing720273_1",
              "value": {
                "unit": "DAY",
                "rate": 52
              }
            },
            {
              "description": "st_testing720273_2",
              "value": {
                "unit": "DAY",
                "rate": 36
              }
            },
            {
              "description": "st_testing720273_3",
              "value": {
                "unit": "DAY",
                "rate": 33
              }
            },
            {
              "description": "st_testing720273_4",
              "value": {
                "unit": "DAY",
                "rate": 71
              }
            }
          ]
        }
      },
      "resources": []
    }
  ]
}
2026-02-03 08:54:55 - create_rate_cards - INFO - [API RESPONSE] POST https://ncm.services.nconprem-10-53-60-173.ccpnx.com/v1/cg/config/rate-cards
2026-02-03 08:54:55 - create_rate_cards - INFO - [STATUS CODE] 200
2026-02-03 08:54:55 - create_rate_cards - INFO - [TIME TAKEN] 0.5912 seconds (591.22 ms)
2026-02-03 08:54:55 - create_rate_cards - INFO - [RESPONSE CONTENT-TYPE] application/json
2026-02-03 08:54:55 - create_rate_cards - INFO - [RESPONSE PAYLOAD]
{
  "ids": [
    "1da454a8-2798-4f76-a50b-82518e7007cf"
  ]
}
2026-02-03 08:54:55 - create_rate_cards - INFO - ✓ [18] Created rate card: st_testing720273_17
2026-02-03 08:54:55 - create_rate_cards - INFO - [API REQUEST] POST https://ncm.services.nconprem-10-53-60-173.ccpnx.com/v1/cg/config/rate-cards
2026-02-03 08:54:55 - create_rate_cards - INFO - [REQUEST JSON PAYLOAD]
{
  "rateCards": [
    {
      "rateCardName": "st_testing720273_18",
      "meteringRates": {
        "vm": {
          "vCpu": {
            "unit": "HOUR",
            "rate": 61
          },
          "vRam": {
            "unit": "HOUR",
            "rate": 53
          },
          "vStorage": {
            "unit": "GIB",
            "rate": 57
          },
          "customConfigs": [
            {
              "description": "st_testing720273_0",
              "value": {
                "unit": "DAY",
                "rate": 43
              }
            },
            {
              "description": "st_testing720273_1",
              "value": {
                "unit": "DAY",
                "rate": 2
              }
            },
            {
              "description": "st_testing720273_2",
              "value": {
                "unit": "DAY",
                "rate": 60
              }
            },
            {
              "description": "st_testing720273_3",
              "value": {
                "unit": "DAY",
                "rate": 52
              }
            },
            {
              "description": "st_testing720273_4",
              "value": {
                "unit": "DAY",
                "rate": 65
              }
            }
          ]
        }
      },
      "resources": []
    }
  ]
}
2026-02-03 08:54:56 - create_rate_cards - INFO - [API RESPONSE] POST https://ncm.services.nconprem-10-53-60-173.ccpnx.com/v1/cg/config/rate-cards
2026-02-03 08:54:56 - create_rate_cards - INFO - [STATUS CODE] 200
2026-02-03 08:54:56 - create_rate_cards - INFO - [TIME TAKEN] 0.5961 seconds (596.12 ms)
2026-02-03 08:54:56 - create_rate_cards - INFO - [RESPONSE CONTENT-TYPE] application/json
2026-02-03 08:54:56 - create_rate_cards - INFO - [RESPONSE PAYLOAD]
{
  "ids": [
    "b1beb386-8826-4231-be25-b059ea49d5a7"
  ]
}
2026-02-03 08:54:56 - create_rate_cards - INFO - ✓ [19] Created rate card: st_testing720273_18
2026-02-03 08:54:56 - create_rate_cards - INFO - [API REQUEST] POST https://ncm.services.nconprem-10-53-60-173.ccpnx.com/v1/cg/config/rate-cards
2026-02-03 08:54:56 - create_rate_cards - INFO - [REQUEST JSON PAYLOAD]
{
  "rateCards": [
    {
      "rateCardName": "st_testing720273_19",
      "meteringRates": {
        "vm": {
          "vCpu": {
            "unit": "HOUR",
            "rate": 54
          },
          "vRam": {
            "unit": "HOUR",
            "rate": 33
          },
          "vStorage": {
            "unit": "GIB",
            "rate": 31
          },
          "customConfigs": [
            {
              "description": "st_testing720273_0",
              "value": {
                "unit": "DAY",
                "rate": 30
              }
            },
            {
              "description": "st_testing720273_1",
              "value": {
                "unit": "DAY",
                "rate": 86
              }
            },
            {
              "description": "st_testing720273_2",
              "value": {
                "unit": "DAY",
                "rate": 29
              }
            },
            {
              "description": "st_testing720273_3",
              "value": {
                "unit": "DAY",
                "rate": 100
              }
            },
            {
              "description": "st_testing720273_4",
              "value": {
                "unit": "DAY",
                "rate": 55
              }
            }
          ]
        }
      },
      "resources": []
    }
  ]
}
2026-02-03 08:54:57 - create_rate_cards - INFO - [API RESPONSE] POST https://ncm.services.nconprem-10-53-60-173.ccpnx.com/v1/cg/config/rate-cards
2026-02-03 08:54:57 - create_rate_cards - INFO - [STATUS CODE] 200
2026-02-03 08:54:57 - create_rate_cards - INFO - [TIME TAKEN] 1.0000 seconds (1000.02 ms)
2026-02-03 08:54:57 - create_rate_cards - INFO - [RESPONSE CONTENT-TYPE] application/json
2026-02-03 08:54:57 - create_rate_cards - INFO - [RESPONSE PAYLOAD]
{
  "ids": [
    "937d58f9-c5cf-4577-8c95-d8dd21a22ee0"
  ]
}
2026-02-03 08:54:57 - create_rate_cards - INFO - ✓ [20] Created rate card: st_testing720273_19
2026-02-03 08:54:57 - create_rate_cards - INFO - [API REQUEST] POST https://ncm.services.nconprem-10-53-60-173.ccpnx.com/v1/cg/config/rate-cards
2026-02-03 08:54:57 - create_rate_cards - INFO - [REQUEST JSON PAYLOAD]
{
  "rateCards": [
    {
      "rateCardName": "st_testing720273_20",
      "meteringRates": {
        "vm": {
          "vCpu": {
            "unit": "HOUR",
            "rate": 60
          },
          "vRam": {
            "unit": "HOUR",
            "rate": 3
          },
          "vStorage": {
            "unit": "GIB",
            "rate": 48
          },
          "customConfigs": [
            {
              "description": "st_testing720273_0",
              "value": {
                "unit": "DAY",
                "rate": 74
              }
            },
            {
              "description": "st_testing720273_1",
              "value": {
                "unit": "DAY",
                "rate": 26
              }
            },
            {
              "description": "st_testing720273_2",
              "value": {
                "unit": "DAY",
                "rate": 56
              }
            },
            {
              "description": "st_testing720273_3",
              "value": {
                "unit": "DAY",
                "rate": 6
              }
            },
            {
              "description": "st_testing720273_4",
              "value": {
                "unit": "DAY",
                "rate": 15
              }
            }
          ]
        }
      },
      "resources": []
    }
  ]
}
2026-02-03 08:54:58 - create_rate_cards - INFO - [API RESPONSE] POST https://ncm.services.nconprem-10-53-60-173.ccpnx.com/v1/cg/config/rate-cards
2026-02-03 08:54:58 - create_rate_cards - INFO - [STATUS CODE] 200
2026-02-03 08:54:58 - create_rate_cards - INFO - [TIME TAKEN] 0.5775 seconds (577.53 ms)
2026-02-03 08:54:58 - create_rate_cards - INFO - [RESPONSE CONTENT-TYPE] application/json
2026-02-03 08:54:58 - create_rate_cards - INFO - [RESPONSE PAYLOAD]
{
  "ids": [
    "8d4deef8-f179-4ab8-b437-4915e8c36011"
  ]
}
2026-02-03 08:54:58 - create_rate_cards - INFO - ✓ [21] Created rate card: st_testing720273_20
2026-02-03 08:54:58 - create_rate_cards - INFO - [API REQUEST] POST https://ncm.services.nconprem-10-53-60-173.ccpnx.com/v1/cg/config/rate-cards
2026-02-03 08:54:58 - create_rate_cards - INFO - [REQUEST JSON PAYLOAD]
{
  "rateCards": [
    {
      "rateCardName": "st_testing720273_21",
      "meteringRates": {
        "vm": {
          "vCpu": {
            "unit": "HOUR",
            "rate": 77
          },
          "vRam": {
            "unit": "HOUR",
            "rate": 21
          },
          "vStorage": {
            "unit": "GIB",
            "rate": 94
          },
          "customConfigs": [
            {
              "description": "st_testing720273_0",
              "value": {
                "unit": "DAY",
                "rate": 86
              }
            },
            {
              "description": "st_testing720273_1",
              "value": {
                "unit": "DAY",
                "rate": 20
              }
            },
            {
              "description": "st_testing720273_2",
              "value": {
                "unit": "DAY",
                "rate": 25
              }
            },
            {
              "description": "st_testing720273_3",
              "value": {
                "unit": "DAY",
                "rate": 5
              }
            },
            {
              "description": "st_testing720273_4",
              "value": {
                "unit": "DAY",
                "rate": 43
              }
            }
          ]
        }
      },
      "resources": []
    }
  ]
}
2026-02-03 08:54:58 - create_rate_cards - INFO - [API RESPONSE] POST https://ncm.services.nconprem-10-53-60-173.ccpnx.com/v1/cg/config/rate-cards
2026-02-03 08:54:58 - create_rate_cards - INFO - [STATUS CODE] 200
2026-02-03 08:54:58 - create_rate_cards - INFO - [TIME TAKEN] 0.6172 seconds (617.16 ms)
2026-02-03 08:54:58 - create_rate_cards - INFO - [RESPONSE CONTENT-TYPE] application/json
2026-02-03 08:54:58 - create_rate_cards - INFO - [RESPONSE PAYLOAD]
{
  "ids": [
    "9340639d-44a6-4bfd-badf-76f07807e31c"
  ]
}
2026-02-03 08:54:58 - create_rate_cards - INFO - ✓ [22] Created rate card: st_testing720273_21
2026-02-03 08:54:58 - create_rate_cards - INFO - [API REQUEST] POST https://ncm.services.nconprem-10-53-60-173.ccpnx.com/v1/cg/config/rate-cards
2026-02-03 08:54:58 - create_rate_cards - INFO - [REQUEST JSON PAYLOAD]
{
  "rateCards": [
    {
      "rateCardName": "st_testing720273_22",
      "meteringRates": {
        "vm": {
          "vCpu": {
            "unit": "HOUR",
            "rate": 12
          },
          "vRam": {
            "unit": "HOUR",
            "rate": 54
          },
          "vStorage": {
            "unit": "GIB",
            "rate": 79
          },
          "customConfigs": [
            {
              "description": "st_testing720273_0",
              "value": {
                "unit": "DAY",
                "rate": 46
              }
            },
            {
              "description": "st_testing720273_1",
              "value": {
                "unit": "DAY",
                "rate": 2
              }
            },
            {
              "description": "st_testing720273_2",
              "value": {
                "unit": "DAY",
                "rate": 66
              }
            },
            {
              "description": "st_testing720273_3",
              "value": {
                "unit": "DAY",
                "rate": 46
              }
            },
            {
              "description": "st_testing720273_4",
              "value": {
                "unit": "DAY",
                "rate": 80
              }
            }
          ]
        }
      },
      "resources": []
    }
  ]
}
2026-02-03 08:54:59 - create_rate_cards - INFO - [API RESPONSE] POST https://ncm.services.nconprem-10-53-60-173.ccpnx.com/v1/cg/config/rate-cards
2026-02-03 08:54:59 - create_rate_cards - INFO - [STATUS CODE] 200
2026-02-03 08:54:59 - create_rate_cards - INFO - [TIME TAKEN] 0.4094 seconds (409.41 ms)
2026-02-03 08:54:59 - create_rate_cards - INFO - [RESPONSE CONTENT-TYPE] application/json
2026-02-03 08:54:59 - create_rate_cards - INFO - [RESPONSE PAYLOAD]
{
  "ids": [
    "847ef689-9ef7-4486-9743-ea1d90d7c846"
  ]
}
2026-02-03 08:54:59 - create_rate_cards - INFO - ✓ [23] Created rate card: st_testing720273_22
2026-02-03 08:54:59 - create_rate_cards - INFO - [API REQUEST] POST https://ncm.services.nconprem-10-53-60-173.ccpnx.com/v1/cg/config/rate-cards
2026-02-03 08:54:59 - create_rate_cards - INFO - [REQUEST JSON PAYLOAD]
{
  "rateCards": [
    {
      "rateCardName": "st_testing720273_23",
      "meteringRates": {
        "vm": {
          "vCpu": {
            "unit": "HOUR",
            "rate": 63
          },
          "vRam": {
            "unit": "HOUR",
            "rate": 52
          },
          "vStorage": {
            "unit": "GIB",
            "rate": 54
          },
          "customConfigs": [
            {
              "description": "st_testing720273_0",
              "value": {
                "unit": "DAY",
                "rate": 72
              }
            },
            {
              "description": "st_testing720273_1",
              "value": {
                "unit": "DAY",
                "rate": 34
              }
            },
            {
              "description": "st_testing720273_2",
              "value": {
                "unit": "DAY",
                "rate": 52
              }
            },
            {
              "description": "st_testing720273_3",
              "value": {
                "unit": "DAY",
                "rate": 41
              }
            },
            {
              "description": "st_testing720273_4",
              "value": {
                "unit": "DAY",
                "rate": 19
              }
            }
          ]
        }
      },
      "resources": []
    }
  ]
}
2026-02-03 08:54:59 - create_rate_cards - INFO - [API RESPONSE] POST https://ncm.services.nconprem-10-53-60-173.ccpnx.com/v1/cg/config/rate-cards
2026-02-03 08:54:59 - create_rate_cards - INFO - [STATUS CODE] 200
2026-02-03 08:54:59 - create_rate_cards - INFO - [TIME TAKEN] 0.5597 seconds (559.70 ms)
2026-02-03 08:54:59 - create_rate_cards - INFO - [RESPONSE CONTENT-TYPE] application/json
2026-02-03 08:54:59 - create_rate_cards - INFO - [RESPONSE PAYLOAD]
{
  "ids": [
    "b1644224-bb9f-40f1-8e4c-791fc9e3bdd7"
  ]
}
2026-02-03 08:54:59 - create_rate_cards - INFO - ✓ [24] Created rate card: st_testing720273_23
2026-02-03 08:54:59 - create_rate_cards - INFO - [API REQUEST] POST https://ncm.services.nconprem-10-53-60-173.ccpnx.com/v1/cg/config/rate-cards
2026-02-03 08:54:59 - create_rate_cards - INFO - [REQUEST JSON PAYLOAD]
{
  "rateCards": [
    {
      "rateCardName": "st_testing720273_24",
      "meteringRates": {
        "vm": {
          "vCpu": {
            "unit": "HOUR",
            "rate": 43
          },
          "vRam": {
            "unit": "HOUR",
            "rate": 44
          },
          "vStorage": {
            "unit": "GIB",
            "rate": 62
          },
          "customConfigs": [
            {
              "description": "st_testing720273_0",
              "value": {
                "unit": "DAY",
                "rate": 18
              }
            },
            {
              "description": "st_testing720273_1",
              "value": {
                "unit": "DAY",
                "rate": 25
              }
            },
            {
              "description": "st_testing720273_2",
              "value": {
                "unit": "DAY",
                "rate": 6
              }
            },
            {
              "description": "st_testing720273_3",
              "value": {
                "unit": "DAY",
                "rate": 98
              }
            },
            {
              "description": "st_testing720273_4",
              "value": {
                "unit": "DAY",
                "rate": 65
              }
            }
          ]
        }
      },
      "resources": []
    }
  ]
}
2026-02-03 08:55:00 - create_rate_cards - INFO - [API RESPONSE] POST https://ncm.services.nconprem-10-53-60-173.ccpnx.com/v1/cg/config/rate-cards
2026-02-03 08:55:00 - create_rate_cards - INFO - [STATUS CODE] 200
2026-02-03 08:55:00 - create_rate_cards - INFO - [TIME TAKEN] 0.6365 seconds (636.49 ms)
2026-02-03 08:55:00 - create_rate_cards - INFO - [RESPONSE CONTENT-TYPE] application/json
2026-02-03 08:55:00 - create_rate_cards - INFO - [RESPONSE PAYLOAD]
{
  "ids": [
    "231ec155-9aa2-4be3-8484-54ac024aa718"
  ]
}
2026-02-03 08:55:00 - create_rate_cards - INFO - ✓ [25] Created rate card: st_testing720273_24
2026-02-03 08:55:00 - create_rate_cards - INFO - [API REQUEST] POST https://ncm.services.nconprem-10-53-60-173.ccpnx.com/v1/cg/config/rate-cards
2026-02-03 08:55:00 - create_rate_cards - INFO - [REQUEST JSON PAYLOAD]
{
  "rateCards": [
    {
      "rateCardName": "st_testing720273_25",
      "meteringRates": {
        "vm": {
          "vCpu": {
            "unit": "HOUR",
            "rate": 32
          },
          "vRam": {
            "unit": "HOUR",
            "rate": 8
          },
          "vStorage": {
            "unit": "GIB",
            "rate": 86
          },
          "customConfigs": [
            {
              "description": "st_testing720273_0",
              "value": {
                "unit": "DAY",
                "rate": 87
              }
            },
            {
              "description": "st_testing720273_1",
              "value": {
                "unit": "DAY",
                "rate": 52
              }
            },
            {
              "description": "st_testing720273_2",
              "value": {
                "unit": "DAY",
                "rate": 77
              }
            },
            {
              "description": "st_testing720273_3",
              "value": {
                "unit": "DAY",
                "rate": 88
              }
            },
            {
              "description": "st_testing720273_4",
              "value": {
                "unit": "DAY",
                "rate": 39
              }
            }
          ]
        }
      },
      "resources": []
    }
  ]
}
2026-02-03 08:55:00 - create_rate_cards - INFO - [API RESPONSE] POST https://ncm.services.nconprem-10-53-60-173.ccpnx.com/v1/cg/config/rate-cards
2026-02-03 08:55:00 - create_rate_cards - INFO - [STATUS CODE] 200
2026-02-03 08:55:00 - create_rate_cards - INFO - [TIME TAKEN] 0.4665 seconds (466.54 ms)
2026-02-03 08:55:00 - create_rate_cards - INFO - [RESPONSE CONTENT-TYPE] application/json
2026-02-03 08:55:00 - create_rate_cards - INFO - [RESPONSE PAYLOAD]
{
  "ids": [
    "aef5efaf-7e3b-4706-b3b8-44bebc55fefa"
  ]
}
2026-02-03 08:55:00 - create_rate_cards - INFO - ✓ [26] Created rate card: st_testing720273_25
2026-02-03 08:55:00 - create_rate_cards - INFO - [API REQUEST] POST https://ncm.services.nconprem-10-53-60-173.ccpnx.com/v1/cg/config/rate-cards
2026-02-03 08:55:00 - create_rate_cards - INFO - [REQUEST JSON PAYLOAD]
{
  "rateCards": [
    {
      "rateCardName": "st_testing720273_26",
      "meteringRates": {
        "vm": {
          "vCpu": {
            "unit": "HOUR",
            "rate": 20
          },
          "vRam": {
            "unit": "HOUR",
            "rate": 61
          },
          "vStorage": {
            "unit": "GIB",
            "rate": 55
          },
          "customConfigs": [
            {
              "description": "st_testing720273_0",
              "value": {
                "unit": "DAY",
                "rate": 26
              }
            },
            {
              "description": "st_testing720273_1",
              "value": {
                "unit": "DAY",
                "rate": 39
              }
            },
            {
              "description": "st_testing720273_2",
              "value": {
                "unit": "DAY",
                "rate": 88
              }
            },
            {
              "description": "st_testing720273_3",
              "value": {
                "unit": "DAY",
                "rate": 77
              }
            },
            {
              "description": "st_testing720273_4",
              "value": {
                "unit": "DAY",
                "rate": 85
              }
            }
          ]
        }
      },
      "resources": []
    }
  ]
}
2026-02-03 08:55:01 - create_rate_cards - INFO - [API RESPONSE] POST https://ncm.services.nconprem-10-53-60-173.ccpnx.com/v1/cg/config/rate-cards
2026-02-03 08:55:01 - create_rate_cards - INFO - [STATUS CODE] 200
2026-02-03 08:55:01 - create_rate_cards - INFO - [TIME TAKEN] 0.6691 seconds (669.13 ms)
2026-02-03 08:55:01 - create_rate_cards - INFO - [RESPONSE CONTENT-TYPE] application/json
2026-02-03 08:55:01 - create_rate_cards - INFO - [RESPONSE PAYLOAD]
{
  "ids": [
    "c7902d05-c46d-4180-ae23-1d476f62a638"
  ]
}
2026-02-03 08:55:01 - create_rate_cards - INFO - ✓ [27] Created rate card: st_testing720273_26
2026-02-03 08:55:01 - create_rate_cards - INFO - [API REQUEST] POST https://ncm.services.nconprem-10-53-60-173.ccpnx.com/v1/cg/config/rate-cards
2026-02-03 08:55:01 - create_rate_cards - INFO - [REQUEST JSON PAYLOAD]
{
  "rateCards": [
    {
      "rateCardName": "st_testing720273_27",
      "meteringRates": {
        "vm": {
          "vCpu": {
            "unit": "HOUR",
            "rate": 99
          },
          "vRam": {
            "unit": "HOUR",
            "rate": 57
          },
          "vStorage": {
            "unit": "GIB",
            "rate": 3
          },
          "customConfigs": [
            {
              "description": "st_testing720273_0",
              "value": {
                "unit": "DAY",
                "rate": 87
              }
            },
            {
              "description": "st_testing720273_1",
              "value": {
                "unit": "DAY",
                "rate": 76
              }
            },
            {
              "description": "st_testing720273_2",
              "value": {
                "unit": "DAY",
                "rate": 13
              }
            },
            {
              "description": "st_testing720273_3",
              "value": {
                "unit": "DAY",
                "rate": 40
              }
            },
            {
              "description": "st_testing720273_4",
              "value": {
                "unit": "DAY",
                "rate": 80
              }
            }
          ]
        }
      },
      "resources": []
    }
  ]
}
2026-02-03 08:55:02 - create_rate_cards - INFO - [API RESPONSE] POST https://ncm.services.nconprem-10-53-60-173.ccpnx.com/v1/cg/config/rate-cards
2026-02-03 08:55:02 - create_rate_cards - INFO - [STATUS CODE] 200
2026-02-03 08:55:02 - create_rate_cards - INFO - [TIME TAKEN] 0.7515 seconds (751.48 ms)
2026-02-03 08:55:02 - create_rate_cards - INFO - [RESPONSE CONTENT-TYPE] application/json
2026-02-03 08:55:02 - create_rate_cards - INFO - [RESPONSE PAYLOAD]
{
  "ids": [
    "77218e31-b39f-489c-a21c-edc90dbd0e09"
  ]
}
2026-02-03 08:55:02 - create_rate_cards - INFO - ✓ [28] Created rate card: st_testing720273_27
2026-02-03 08:55:02 - create_rate_cards - INFO - [API REQUEST] POST https://ncm.services.nconprem-10-53-60-173.ccpnx.com/v1/cg/config/rate-cards
2026-02-03 08:55:02 - create_rate_cards - INFO - [REQUEST JSON PAYLOAD]
{
  "rateCards": [
    {
      "rateCardName": "st_testing720273_28",
      "meteringRates": {
        "vm": {
          "vCpu": {
            "unit": "HOUR",
            "rate": 79
          },
          "vRam": {
            "unit": "HOUR",
            "rate": 56
          },
          "vStorage": {
            "unit": "GIB",
            "rate": 99
          },
          "customConfigs": [
            {
              "description": "st_testing720273_0",
              "value": {
                "unit": "DAY",
                "rate": 61
              }
            },
            {
              "description": "st_testing720273_1",
              "value": {
                "unit": "DAY",
                "rate": 16
              }
            },
            {
              "description": "st_testing720273_2",
              "value": {
                "unit": "DAY",
                "rate": 51
              }
            },
            {
              "description": "st_testing720273_3",
              "value": {
                "unit": "DAY",
                "rate": 82
              }
            },
            {
              "description": "st_testing720273_4",
              "value": {
                "unit": "DAY",
                "rate": 40
              }
            }
          ]
        }
      },
      "resources": []
    }
  ]
}
2026-02-03 08:55:03 - create_rate_cards - INFO - [API RESPONSE] POST https://ncm.services.nconprem-10-53-60-173.ccpnx.com/v1/cg/config/rate-cards
2026-02-03 08:55:03 - create_rate_cards - INFO - [STATUS CODE] 200
2026-02-03 08:55:03 - create_rate_cards - INFO - [TIME TAKEN] 1.1199 seconds (1119.92 ms)
2026-02-03 08:55:03 - create_rate_cards - INFO - [RESPONSE CONTENT-TYPE] application/json
2026-02-03 08:55:03 - create_rate_cards - INFO - [RESPONSE PAYLOAD]
{
  "ids": [
    "e64004e6-41e2-4214-8427-9eb3535602c3"
  ]
}
2026-02-03 08:55:03 - create_rate_cards - INFO - ✓ [29] Created rate card: st_testing720273_28
2026-02-03 08:55:03 - create_rate_cards - INFO - [API REQUEST] POST https://ncm.services.nconprem-10-53-60-173.ccpnx.com/v1/cg/config/rate-cards
2026-02-03 08:55:03 - create_rate_cards - INFO - [REQUEST JSON PAYLOAD]
{
  "rateCards": [
    {
      "rateCardName": "st_testing720273_29",
      "meteringRates": {
        "vm": {
          "vCpu": {
            "unit": "HOUR",
            "rate": 94
          },
          "vRam": {
            "unit": "HOUR",
            "rate": 88
          },
          "vStorage": {
            "unit": "GIB",
            "rate": 75
          },
          "customConfigs": [
            {
              "description": "st_testing720273_0",
              "value": {
                "unit": "DAY",
                "rate": 12
              }
            },
            {
              "description": "st_testing720273_1",
              "value": {
                "unit": "DAY",
                "rate": 13
              }
            },
            {
              "description": "st_testing720273_2",
              "value": {
                "unit": "DAY",
                "rate": 54
              }
            },
            {
              "description": "st_testing720273_3",
              "value": {
                "unit": "DAY",
                "rate": 59
              }
            },
            {
              "description": "st_testing720273_4",
              "value": {
                "unit": "DAY",
                "rate": 50
              }
            }
          ]
        }
      },
      "resources": []
    }
  ]
}
2026-02-03 08:55:04 - create_rate_cards - INFO - [API RESPONSE] POST https://ncm.services.nconprem-10-53-60-173.ccpnx.com/v1/cg/config/rate-cards
2026-02-03 08:55:04 - create_rate_cards - INFO - [STATUS CODE] 200
2026-02-03 08:55:04 - create_rate_cards - INFO - [TIME TAKEN] 0.7916 seconds (791.59 ms)
2026-02-03 08:55:04 - create_rate_cards - INFO - [RESPONSE CONTENT-TYPE] application/json
2026-02-03 08:55:04 - create_rate_cards - INFO - [RESPONSE PAYLOAD]
{
  "ids": [
    "35526bb6-4d24-402d-8e74-08a7f53fdb24"
  ]
}
2026-02-03 08:55:04 - create_rate_cards - INFO - ✓ [30] Created rate card: st_testing720273_29
2026-02-03 08:55:04 - create_rate_cards - INFO - [API REQUEST] POST https://ncm.services.nconprem-10-53-60-173.ccpnx.com/v1/cg/config/rate-cards
2026-02-03 08:55:04 - create_rate_cards - INFO - [REQUEST JSON PAYLOAD]
{
  "rateCards": [
    {
      "rateCardName": "st_testing720273_30",
      "meteringRates": {
        "vm": {
          "vCpu": {
            "unit": "HOUR",
            "rate": 34
          },
          "vRam": {
            "unit": "HOUR",
            "rate": 97
          },
          "vStorage": {
            "unit": "GIB",
            "rate": 54
          },
          "customConfigs": [
            {
              "description": "st_testing720273_0",
              "value": {
                "unit": "DAY",
                "rate": 73
              }
            },
            {
              "description": "st_testing720273_1",
              "value": {
                "unit": "DAY",
                "rate": 99
              }
            },
            {
              "description": "st_testing720273_2",
              "value": {
                "unit": "DAY",
                "rate": 32
              }
            },
            {
              "description": "st_testing720273_3",
              "value": {
                "unit": "DAY",
                "rate": 6
              }
            },
            {
              "description": "st_testing720273_4",
              "value": {
                "unit": "DAY",
                "rate": 7
              }
            }
          ]
        }
      },
      "resources": []
    }
  ]
}
2026-02-03 08:55:04 - create_rate_cards - INFO - [API RESPONSE] POST https://ncm.services.nconprem-10-53-60-173.ccpnx.com/v1/cg/config/rate-cards
2026-02-03 08:55:04 - create_rate_cards - INFO - [STATUS CODE] 200
2026-02-03 08:55:04 - create_rate_cards - INFO - [TIME TAKEN] 0.6947 seconds (694.69 ms)
2026-02-03 08:55:04 - create_rate_cards - INFO - [RESPONSE CONTENT-TYPE] application/json
2026-02-03 08:55:04 - create_rate_cards - INFO - [RESPONSE PAYLOAD]
{
  "ids": [
    "4ac31df2-fc6a-4952-bc47-9ee8ca329778"
  ]
}
2026-02-03 08:55:04 - create_rate_cards - INFO - ✓ [31] Created rate card: st_testing720273_30
2026-02-03 08:55:04 - create_rate_cards - INFO - [API REQUEST] POST https://ncm.services.nconprem-10-53-60-173.ccpnx.com/v1/cg/config/rate-cards
2026-02-03 08:55:04 - create_rate_cards - INFO - [REQUEST JSON PAYLOAD]
{
  "rateCards": [
    {
      "rateCardName": "st_testing720273_31",
      "meteringRates": {
        "vm": {
          "vCpu": {
            "unit": "HOUR",
            "rate": 45
          },
          "vRam": {
            "unit": "HOUR",
            "rate": 61
          },
          "vStorage": {
            "unit": "GIB",
            "rate": 2
          },
          "customConfigs": [
            {
              "description": "st_testing720273_0",
              "value": {
                "unit": "DAY",
                "rate": 53
              }
            },
            {
              "description": "st_testing720273_1",
              "value": {
                "unit": "DAY",
                "rate": 24
              }
            },
            {
              "description": "st_testing720273_2",
              "value": {
                "unit": "DAY",
                "rate": 90
              }
            },
            {
              "description": "st_testing720273_3",
              "value": {
                "unit": "DAY",
                "rate": 82
              }
            },
            {
              "description": "st_testing720273_4",
              "value": {
                "unit": "DAY",
                "rate": 16
              }
            }
          ]
        }
      },
      "resources": []
    }
  ]
}
2026-02-03 08:55:05 - create_rate_cards - INFO - [API RESPONSE] POST https://ncm.services.nconprem-10-53-60-173.ccpnx.com/v1/cg/config/rate-cards
2026-02-03 08:55:05 - create_rate_cards - INFO - [STATUS CODE] 200
2026-02-03 08:55:05 - create_rate_cards - INFO - [TIME TAKEN] 0.8146 seconds (814.58 ms)
2026-02-03 08:55:05 - create_rate_cards - INFO - [RESPONSE CONTENT-TYPE] application/json
2026-02-03 08:55:05 - create_rate_cards - INFO - [RESPONSE PAYLOAD]
{
  "ids": [
    "7f7d9f14-4cb1-4541-af00-8e98e5e7bfa4"
  ]
}
2026-02-03 08:55:05 - create_rate_cards - INFO - ✓ [32] Created rate card: st_testing720273_31
2026-02-03 08:55:05 - create_rate_cards - INFO - [API REQUEST] POST https://ncm.services.nconprem-10-53-60-173.ccpnx.com/v1/cg/config/rate-cards
2026-02-03 08:55:05 - create_rate_cards - INFO - [REQUEST JSON PAYLOAD]
{
  "rateCards": [
    {
      "rateCardName": "st_testing720273_32",
      "meteringRates": {
        "vm": {
          "vCpu": {
            "unit": "HOUR",
            "rate": 6
          },
          "vRam": {
            "unit": "HOUR",
            "rate": 82
          },
          "vStorage": {
            "unit": "GIB",
            "rate": 56
          },
          "customConfigs": [
            {
              "description": "st_testing720273_0",
              "value": {
                "unit": "DAY",
                "rate": 90
              }
            },
            {
              "description": "st_testing720273_1",
              "value": {
                "unit": "DAY",
                "rate": 73
              }
            },
            {
              "description": "st_testing720273_2",
              "value": {
                "unit": "DAY",
                "rate": 22
              }
            },
            {
              "description": "st_testing720273_3",
              "value": {
                "unit": "DAY",
                "rate": 57
              }
            },
            {
              "description": "st_testing720273_4",
              "value": {
                "unit": "DAY",
                "rate": 36
              }
            }
          ]
        }
      },
      "resources": []
    }
  ]
}
2026-02-03 08:55:06 - create_rate_cards - INFO - [API RESPONSE] POST https://ncm.services.nconprem-10-53-60-173.ccpnx.com/v1/cg/config/rate-cards
2026-02-03 08:55:06 - create_rate_cards - INFO - [STATUS CODE] 200
2026-02-03 08:55:06 - create_rate_cards - INFO - [TIME TAKEN] 0.3539 seconds (353.88 ms)
2026-02-03 08:55:06 - create_rate_cards - INFO - [RESPONSE CONTENT-TYPE] application/json
2026-02-03 08:55:06 - create_rate_cards - INFO - [RESPONSE PAYLOAD]
{
  "ids": [
    "63f9058c-ad91-4dc6-bff2-c161be018cfd"
  ]
}
2026-02-03 08:55:06 - create_rate_cards - INFO - ✓ [33] Created rate card: st_testing720273_32
2026-02-03 08:55:06 - create_rate_cards - INFO - [API REQUEST] POST https://ncm.services.nconprem-10-53-60-173.ccpnx.com/v1/cg/config/rate-cards
2026-02-03 08:55:06 - create_rate_cards - INFO - [REQUEST JSON PAYLOAD]
{
  "rateCards": [
    {
      "rateCardName": "st_testing720273_33",
      "meteringRates": {
        "vm": {
          "vCpu": {
            "unit": "HOUR",
            "rate": 9
          },
          "vRam": {
            "unit": "HOUR",
            "rate": 13
          },
          "vStorage": {
            "unit": "GIB",
            "rate": 84
          },
          "customConfigs": [
            {
              "description": "st_testing720273_0",
              "value": {
                "unit": "DAY",
                "rate": 78
              }
            },
            {
              "description": "st_testing720273_1",
              "value": {
                "unit": "DAY",
                "rate": 70
              }
            },
            {
              "description": "st_testing720273_2",
              "value": {
                "unit": "DAY",
                "rate": 52
              }
            },
            {
              "description": "st_testing720273_3",
              "value": {
                "unit": "DAY",
                "rate": 62
              }
            },
            {
              "description": "st_testing720273_4",
              "value": {
                "unit": "DAY",
                "rate": 37
              }
            }
          ]
        }
      },
      "resources": []
    }
  ]
}
2026-02-03 08:55:06 - create_rate_cards - INFO - [API RESPONSE] POST https://ncm.services.nconprem-10-53-60-173.ccpnx.com/v1/cg/config/rate-cards
2026-02-03 08:55:06 - create_rate_cards - INFO - [STATUS CODE] 200
2026-02-03 08:55:06 - create_rate_cards - INFO - [TIME TAKEN] 0.8046 seconds (804.55 ms)
2026-02-03 08:55:06 - create_rate_cards - INFO - [RESPONSE CONTENT-TYPE] application/json
2026-02-03 08:55:06 - create_rate_cards - INFO - [RESPONSE PAYLOAD]
{
  "ids": [
    "c72402c1-1f35-404d-b25f-50182307084e"
  ]
}
2026-02-03 08:55:06 - create_rate_cards - INFO - ✓ [34] Created rate card: st_testing720273_33
2026-02-03 08:55:06 - create_rate_cards - INFO - [API REQUEST] POST https://ncm.services.nconprem-10-53-60-173.ccpnx.com/v1/cg/config/rate-cards
2026-02-03 08:55:06 - create_rate_cards - INFO - [REQUEST JSON PAYLOAD]
{
  "rateCards": [
    {
      "rateCardName": "st_testing720273_34",
      "meteringRates": {
        "vm": {
          "vCpu": {
            "unit": "HOUR",
            "rate": 27
          },
          "vRam": {
            "unit": "HOUR",
            "rate": 100
          },
          "vStorage": {
            "unit": "GIB",
            "rate": 77
          },
          "customConfigs": [
            {
              "description": "st_testing720273_0",
              "value": {
                "unit": "DAY",
                "rate": 85
              }
            },
            {
              "description": "st_testing720273_1",
              "value": {
                "unit": "DAY",
                "rate": 8
              }
            },
            {
              "description": "st_testing720273_2",
              "value": {
                "unit": "DAY",
                "rate": 6
              }
            },
            {
              "description": "st_testing720273_3",
              "value": {
                "unit": "DAY",
                "rate": 57
              }
            },
            {
              "description": "st_testing720273_4",
              "value": {
                "unit": "DAY",
                "rate": 78
              }
            }
          ]
        }
      },
      "resources": []
    }
  ]
}
2026-02-03 08:55:07 - create_rate_cards - INFO - [API RESPONSE] POST https://ncm.services.nconprem-10-53-60-173.ccpnx.com/v1/cg/config/rate-cards
2026-02-03 08:55:07 - create_rate_cards - INFO - [STATUS CODE] 200
2026-02-03 08:55:07 - create_rate_cards - INFO - [TIME TAKEN] 0.3983 seconds (398.28 ms)
2026-02-03 08:55:07 - create_rate_cards - INFO - [RESPONSE CONTENT-TYPE] application/json
2026-02-03 08:55:07 - create_rate_cards - INFO - [RESPONSE PAYLOAD]
{
  "ids": [
    "3ec5b0b0-3f95-48e9-ad2f-8adcbfc35257"
  ]
}
2026-02-03 08:55:07 - create_rate_cards - INFO - ✓ [35] Created rate card: st_testing720273_34
2026-02-03 08:55:07 - create_rate_cards - INFO - [API REQUEST] POST https://ncm.services.nconprem-10-53-60-173.ccpnx.com/v1/cg/config/rate-cards
2026-02-03 08:55:07 - create_rate_cards - INFO - [REQUEST JSON PAYLOAD]
{
  "rateCards": [
    {
      "rateCardName": "st_testing720273_35",
      "meteringRates": {
        "vm": {
          "vCpu": {
            "unit": "HOUR",
            "rate": 89
          },
          "vRam": {
            "unit": "HOUR",
            "rate": 33
          },
          "vStorage": {
            "unit": "GIB",
            "rate": 70
          },
          "customConfigs": [
            {
              "description": "st_testing720273_0",
              "value": {
                "unit": "DAY",
                "rate": 77
              }
            },
            {
              "description": "st_testing720273_1",
              "value": {
                "unit": "DAY",
                "rate": 69
              }
            },
            {
              "description": "st_testing720273_2",
              "value": {
                "unit": "DAY",
                "rate": 94
              }
            },
            {
              "description": "st_testing720273_3",
              "value": {
                "unit": "DAY",
                "rate": 34
              }
            },
            {
              "description": "st_testing720273_4",
              "value": {
                "unit": "DAY",
                "rate": 57
              }
            }
          ]
        }
      },
      "resources": []
    }
  ]
}
2026-02-03 08:55:07 - create_rate_cards - INFO - [API RESPONSE] POST https://ncm.services.nconprem-10-53-60-173.ccpnx.com/v1/cg/config/rate-cards
2026-02-03 08:55:07 - create_rate_cards - INFO - [STATUS CODE] 200
2026-02-03 08:55:07 - create_rate_cards - INFO - [TIME TAKEN] 0.3943 seconds (394.27 ms)
2026-02-03 08:55:07 - create_rate_cards - INFO - [RESPONSE CONTENT-TYPE] application/json
2026-02-03 08:55:07 - create_rate_cards - INFO - [RESPONSE PAYLOAD]
{
  "ids": [
    "e37d9378-6b76-4452-9c7d-39dc67b8993e"
  ]
}
2026-02-03 08:55:07 - create_rate_cards - INFO - ✓ [36] Created rate card: st_testing720273_35
2026-02-03 08:55:07 - create_rate_cards - INFO - [API REQUEST] POST https://ncm.services.nconprem-10-53-60-173.ccpnx.com/v1/cg/config/rate-cards
2026-02-03 08:55:07 - create_rate_cards - INFO - [REQUEST JSON PAYLOAD]
{
  "rateCards": [
    {
      "rateCardName": "st_testing720273_36",
      "meteringRates": {
        "vm": {
          "vCpu": {
            "unit": "HOUR",
            "rate": 31
          },
          "vRam": {
            "unit": "HOUR",
            "rate": 86
          },
          "vStorage": {
            "unit": "GIB",
            "rate": 14
          },
          "customConfigs": [
            {
              "description": "st_testing720273_0",
              "value": {
                "unit": "DAY",
                "rate": 77
              }
            },
            {
              "description": "st_testing720273_1",
              "value": {
                "unit": "DAY",
                "rate": 7
              }
            },
            {
              "description": "st_testing720273_2",
              "value": {
                "unit": "DAY",
                "rate": 9
              }
            },
            {
              "description": "st_testing720273_3",
              "value": {
                "unit": "DAY",
                "rate": 18
              }
            },
            {
              "description": "st_testing720273_4",
              "value": {
                "unit": "DAY",
                "rate": 18
              }
            }
          ]
        }
      },
      "resources": []
    }
  ]
}
2026-02-03 08:55:08 - create_rate_cards - INFO - [API RESPONSE] POST https://ncm.services.nconprem-10-53-60-173.ccpnx.com/v1/cg/config/rate-cards
2026-02-03 08:55:08 - create_rate_cards - INFO - [STATUS CODE] 200
2026-02-03 08:55:08 - create_rate_cards - INFO - [TIME TAKEN] 0.5510 seconds (551.01 ms)
2026-02-03 08:55:08 - create_rate_cards - INFO - [RESPONSE CONTENT-TYPE] application/json
2026-02-03 08:55:08 - create_rate_cards - INFO - [RESPONSE PAYLOAD]
{
  "ids": [
    "bb34342b-faae-4ba0-851a-b092164c242b"
  ]
}
2026-02-03 08:55:08 - create_rate_cards - INFO - ✓ [37] Created rate card: st_testing720273_36
2026-02-03 08:55:08 - create_rate_cards - INFO - [API REQUEST] POST https://ncm.services.nconprem-10-53-60-173.ccpnx.com/v1/cg/config/rate-cards
2026-02-03 08:55:08 - create_rate_cards - INFO - [REQUEST JSON PAYLOAD]
{
  "rateCards": [
    {
      "rateCardName": "st_testing720273_37",
      "meteringRates": {
        "vm": {
          "vCpu": {
            "unit": "HOUR",
            "rate": 98
          },
          "vRam": {
            "unit": "HOUR",
            "rate": 89
          },
          "vStorage": {
            "unit": "GIB",
            "rate": 16
          },
          "customConfigs": [
            {
              "description": "st_testing720273_0",
              "value": {
                "unit": "DAY",
                "rate": 53
              }
            },
            {
              "description": "st_testing720273_1",
              "value": {
                "unit": "DAY",
                "rate": 36
              }
            },
            {
              "description": "st_testing720273_2",
              "value": {
                "unit": "DAY",
                "rate": 47
              }
            },
            {
              "description": "st_testing720273_3",
              "value": {
                "unit": "DAY",
                "rate": 47
              }
            },
            {
              "description": "st_testing720273_4",
              "value": {
                "unit": "DAY",
                "rate": 92
              }
            }
          ]
        }
      },
      "resources": []
    }
  ]
}
2026-02-03 08:55:08 - create_rate_cards - INFO - [API RESPONSE] POST https://ncm.services.nconprem-10-53-60-173.ccpnx.com/v1/cg/config/rate-cards
2026-02-03 08:55:08 - create_rate_cards - INFO - [STATUS CODE] 200
2026-02-03 08:55:08 - create_rate_cards - INFO - [TIME TAKEN] 0.4363 seconds (436.34 ms)
2026-02-03 08:55:08 - create_rate_cards - INFO - [RESPONSE CONTENT-TYPE] application/json
2026-02-03 08:55:08 - create_rate_cards - INFO - [RESPONSE PAYLOAD]
{
  "ids": [
    "4edbe303-98fe-4446-8e22-d7f156b319fa"
  ]
}
2026-02-03 08:55:08 - create_rate_cards - INFO - ✓ [38] Created rate card: st_testing720273_37
2026-02-03 08:55:08 - create_rate_cards - INFO - [API REQUEST] POST https://ncm.services.nconprem-10-53-60-173.ccpnx.com/v1/cg/config/rate-cards
2026-02-03 08:55:08 - create_rate_cards - INFO - [REQUEST JSON PAYLOAD]
{
  "rateCards": [
    {
      "rateCardName": "st_testing720273_38",
      "meteringRates": {
        "vm": {
          "vCpu": {
            "unit": "HOUR",
            "rate": 51
          },
          "vRam": {
            "unit": "HOUR",
            "rate": 29
          },
          "vStorage": {
            "unit": "GIB",
            "rate": 1
          },
          "customConfigs": [
            {
              "description": "st_testing720273_0",
              "value": {
                "unit": "DAY",
                "rate": 61
              }
            },
            {
              "description": "st_testing720273_1",
              "value": {
                "unit": "DAY",
                "rate": 52
              }
            },
            {
              "description": "st_testing720273_2",
              "value": {
                "unit": "DAY",
                "rate": 19
              }
            },
            {
              "description": "st_testing720273_3",
              "value": {
                "unit": "DAY",
                "rate": 27
              }
            },
            {
              "description": "st_testing720273_4",
              "value": {
                "unit": "DAY",
                "rate": 98
              }
            }
          ]
        }
      },
      "resources": []
    }
  ]
}
2026-02-03 08:55:09 - create_rate_cards - INFO - [API RESPONSE] POST https://ncm.services.nconprem-10-53-60-173.ccpnx.com/v1/cg/config/rate-cards
2026-02-03 08:55:09 - create_rate_cards - INFO - [STATUS CODE] 200
2026-02-03 08:55:09 - create_rate_cards - INFO - [TIME TAKEN] 0.6391 seconds (639.11 ms)
2026-02-03 08:55:09 - create_rate_cards - INFO - [RESPONSE CONTENT-TYPE] application/json
2026-02-03 08:55:09 - create_rate_cards - INFO - [RESPONSE PAYLOAD]
{
  "ids": [
    "d2675e61-6b8d-40c0-a499-df1ff5de6a32"
  ]
}
2026-02-03 08:55:09 - create_rate_cards - INFO - ✓ [39] Created rate card: st_testing720273_38
2026-02-03 08:55:09 - create_rate_cards - INFO - [API REQUEST] POST https://ncm.services.nconprem-10-53-60-173.ccpnx.com/v1/cg/config/rate-cards
2026-02-03 08:55:09 - create_rate_cards - INFO - [REQUEST JSON PAYLOAD]
{
  "rateCards": [
    {
      "rateCardName": "st_testing720273_39",
      "meteringRates": {
        "vm": {
          "vCpu": {
            "unit": "HOUR",
            "rate": 7
          },
          "vRam": {
            "unit": "HOUR",
            "rate": 77
          },
          "vStorage": {
            "unit": "GIB",
            "rate": 2
          },
          "customConfigs": [
            {
              "description": "st_testing720273_0",
              "value": {
                "unit": "DAY",
                "rate": 51
              }
            },
            {
              "description": "st_testing720273_1",
              "value": {
                "unit": "DAY",
                "rate": 50
              }
            },
            {
              "description": "st_testing720273_2",
              "value": {
                "unit": "DAY",
                "rate": 51
              }
            },
            {
              "description": "st_testing720273_3",
              "value": {
                "unit": "DAY",
                "rate": 78
              }
            },
            {
              "description": "st_testing720273_4",
              "value": {
                "unit": "DAY",
                "rate": 47
              }
            }
          ]
        }
      },
      "resources": []
    }
  ]
}
2026-02-03 08:55:09 - create_rate_cards - INFO - [API RESPONSE] POST https://ncm.services.nconprem-10-53-60-173.ccpnx.com/v1/cg/config/rate-cards
2026-02-03 08:55:09 - create_rate_cards - INFO - [STATUS CODE] 200
2026-02-03 08:55:09 - create_rate_cards - INFO - [TIME TAKEN] 0.6858 seconds (685.80 ms)
2026-02-03 08:55:09 - create_rate_cards - INFO - [RESPONSE CONTENT-TYPE] application/json
2026-02-03 08:55:09 - create_rate_cards - INFO - [RESPONSE PAYLOAD]
{
  "ids": [
    "296e1edf-8280-46c8-ba60-889949c10b6c"
  ]
}
2026-02-03 08:55:09 - create_rate_cards - INFO - ✓ [40] Created rate card: st_testing720273_39
2026-02-03 08:55:09 - create_rate_cards - INFO - [API REQUEST] POST https://ncm.services.nconprem-10-53-60-173.ccpnx.com/v1/cg/config/rate-cards
2026-02-03 08:55:09 - create_rate_cards - INFO - [REQUEST JSON PAYLOAD]
{
  "rateCards": [
    {
      "rateCardName": "st_testing720273_40",
      "meteringRates": {
        "vm": {
          "vCpu": {
            "unit": "HOUR",
            "rate": 11
          },
          "vRam": {
            "unit": "HOUR",
            "rate": 13
          },
          "vStorage": {
            "unit": "GIB",
            "rate": 82
          },
          "customConfigs": [
            {
              "description": "st_testing720273_0",
              "value": {
                "unit": "DAY",
                "rate": 90
              }
            },
            {
              "description": "st_testing720273_1",
              "value": {
                "unit": "DAY",
                "rate": 4
              }
            },
            {
              "description": "st_testing720273_2",
              "value": {
                "unit": "DAY",
                "rate": 18
              }
            },
            {
              "description": "st_testing720273_3",
              "value": {
                "unit": "DAY",
                "rate": 68
              }
            },
            {
              "description": "st_testing720273_4",
              "value": {
                "unit": "DAY",
                "rate": 55
              }
            }
          ]
        }
      },
      "resources": []
    }
  ]
}
2026-02-03 08:55:10 - create_rate_cards - INFO - [API RESPONSE] POST https://ncm.services.nconprem-10-53-60-173.ccpnx.com/v1/cg/config/rate-cards
2026-02-03 08:55:10 - create_rate_cards - INFO - [STATUS CODE] 200
2026-02-03 08:55:10 - create_rate_cards - INFO - [TIME TAKEN] 0.5083 seconds (508.25 ms)
2026-02-03 08:55:10 - create_rate_cards - INFO - [RESPONSE CONTENT-TYPE] application/json
2026-02-03 08:55:10 - create_rate_cards - INFO - [RESPONSE PAYLOAD]
{
  "ids": [
    "60075ebf-ae41-4781-a1ce-2ae525986741"
  ]
}
2026-02-03 08:55:10 - create_rate_cards - INFO - ✓ [41] Created rate card: st_testing720273_40
2026-02-03 08:55:10 - create_rate_cards - INFO - [API REQUEST] POST https://ncm.services.nconprem-10-53-60-173.ccpnx.com/v1/cg/config/rate-cards
2026-02-03 08:55:10 - create_rate_cards - INFO - [REQUEST JSON PAYLOAD]
{
  "rateCards": [
    {
      "rateCardName": "st_testing720273_41",
      "meteringRates": {
        "vm": {
          "vCpu": {
            "unit": "HOUR",
            "rate": 16
          },
          "vRam": {
            "unit": "HOUR",
            "rate": 64
          },
          "vStorage": {
            "unit": "GIB",
            "rate": 47
          },
          "customConfigs": [
            {
              "description": "st_testing720273_0",
              "value": {
                "unit": "DAY",
                "rate": 90
              }
            },
            {
              "description": "st_testing720273_1",
              "value": {
                "unit": "DAY",
                "rate": 88
              }
            },
            {
              "description": "st_testing720273_2",
              "value": {
                "unit": "DAY",
                "rate": 90
              }
            },
            {
              "description": "st_testing720273_3",
              "value": {
                "unit": "DAY",
                "rate": 94
              }
            },
            {
              "description": "st_testing720273_4",
              "value": {
                "unit": "DAY",
                "rate": 26
              }
            }
          ]
        }
      },
      "resources": []
    }
  ]
}
2026-02-03 08:55:10 - create_rate_cards - INFO - [API RESPONSE] POST https://ncm.services.nconprem-10-53-60-173.ccpnx.com/v1/cg/config/rate-cards
2026-02-03 08:55:10 - create_rate_cards - INFO - [STATUS CODE] 200
2026-02-03 08:55:10 - create_rate_cards - INFO - [TIME TAKEN] 0.4512 seconds (451.17 ms)
2026-02-03 08:55:10 - create_rate_cards - INFO - [RESPONSE CONTENT-TYPE] application/json
2026-02-03 08:55:10 - create_rate_cards - INFO - [RESPONSE PAYLOAD]
{
  "ids": [
    "3d574bd7-95a1-4d88-8be4-806be211d56b"
  ]
}
2026-02-03 08:55:10 - create_rate_cards - INFO - ✓ [42] Created rate card: st_testing720273_41
2026-02-03 08:55:10 - create_rate_cards - INFO - [API REQUEST] POST https://ncm.services.nconprem-10-53-60-173.ccpnx.com/v1/cg/config/rate-cards
2026-02-03 08:55:10 - create_rate_cards - INFO - [REQUEST JSON PAYLOAD]
{
  "rateCards": [
    {
      "rateCardName": "st_testing720273_42",
      "meteringRates": {
        "vm": {
          "vCpu": {
            "unit": "HOUR",
            "rate": 10
          },
          "vRam": {
            "unit": "HOUR",
            "rate": 78
          },
          "vStorage": {
            "unit": "GIB",
            "rate": 53
          },
          "customConfigs": [
            {
              "description": "st_testing720273_0",
              "value": {
                "unit": "DAY",
                "rate": 92
              }
            },
            {
              "description": "st_testing720273_1",
              "value": {
                "unit": "DAY",
                "rate": 74
              }
            },
            {
              "description": "st_testing720273_2",
              "value": {
                "unit": "DAY",
                "rate": 57
              }
            },
            {
              "description": "st_testing720273_3",
              "value": {
                "unit": "DAY",
                "rate": 20
              }
            },
            {
              "description": "st_testing720273_4",
              "value": {
                "unit": "DAY",
                "rate": 55
              }
            }
          ]
        }
      },
      "resources": []
    }
  ]
}
2026-02-03 08:55:11 - create_rate_cards - INFO - [API RESPONSE] POST https://ncm.services.nconprem-10-53-60-173.ccpnx.com/v1/cg/config/rate-cards
2026-02-03 08:55:11 - create_rate_cards - INFO - [STATUS CODE] 200
2026-02-03 08:55:11 - create_rate_cards - INFO - [TIME TAKEN] 0.5384 seconds (538.43 ms)
2026-02-03 08:55:11 - create_rate_cards - INFO - [RESPONSE CONTENT-TYPE] application/json
2026-02-03 08:55:11 - create_rate_cards - INFO - [RESPONSE PAYLOAD]
{
  "ids": [
    "9745dc85-92d8-485f-9ee8-3b137f63d41c"
  ]
}
2026-02-03 08:55:11 - create_rate_cards - INFO - ✓ [43] Created rate card: st_testing720273_42
2026-02-03 08:55:11 - create_rate_cards - INFO - [API REQUEST] POST https://ncm.services.nconprem-10-53-60-173.ccpnx.com/v1/cg/config/rate-cards
2026-02-03 08:55:11 - create_rate_cards - INFO - [REQUEST JSON PAYLOAD]
{
  "rateCards": [
    {
      "rateCardName": "st_testing720273_43",
      "meteringRates": {
        "vm": {
          "vCpu": {
            "unit": "HOUR",
            "rate": 55
          },
          "vRam": {
            "unit": "HOUR",
            "rate": 60
          },
          "vStorage": {
            "unit": "GIB",
            "rate": 41
          },
          "customConfigs": [
            {
              "description": "st_testing720273_0",
              "value": {
                "unit": "DAY",
                "rate": 60
              }
            },
            {
              "description": "st_testing720273_1",
              "value": {
                "unit": "DAY",
                "rate": 84
              }
            },
            {
              "description": "st_testing720273_2",
              "value": {
                "unit": "DAY",
                "rate": 26
              }
            },
            {
              "description": "st_testing720273_3",
              "value": {
                "unit": "DAY",
                "rate": 46
              }
            },
            {
              "description": "st_testing720273_4",
              "value": {
                "unit": "DAY",
                "rate": 13
              }
            }
          ]
        }
      },
      "resources": []
    }
  ]
}
2026-02-03 08:55:12 - create_rate_cards - INFO - [API RESPONSE] POST https://ncm.services.nconprem-10-53-60-173.ccpnx.com/v1/cg/config/rate-cards
2026-02-03 08:55:12 - create_rate_cards - INFO - [STATUS CODE] 200
2026-02-03 08:55:12 - create_rate_cards - INFO - [TIME TAKEN] 0.7910 seconds (790.97 ms)
2026-02-03 08:55:12 - create_rate_cards - INFO - [RESPONSE CONTENT-TYPE] application/json
2026-02-03 08:55:12 - create_rate_cards - INFO - [RESPONSE PAYLOAD]
{
  "ids": [
    "1a0a397d-89e6-4c8d-9e7f-9efe8d7f911a"
  ]
}
2026-02-03 08:55:12 - create_rate_cards - INFO - ✓ [44] Created rate card: st_testing720273_43
2026-02-03 08:55:12 - create_rate_cards - INFO - [API REQUEST] POST https://ncm.services.nconprem-10-53-60-173.ccpnx.com/v1/cg/config/rate-cards
2026-02-03 08:55:12 - create_rate_cards - INFO - [REQUEST JSON PAYLOAD]
{
  "rateCards": [
    {
      "rateCardName": "st_testing720273_44",
      "meteringRates": {
        "vm": {
          "vCpu": {
            "unit": "HOUR",
            "rate": 33
          },
          "vRam": {
            "unit": "HOUR",
            "rate": 21
          },
          "vStorage": {
            "unit": "GIB",
            "rate": 78
          },
          "customConfigs": [
            {
              "description": "st_testing720273_0",
              "value": {
                "unit": "DAY",
                "rate": 44
              }
            },
            {
              "description": "st_testing720273_1",
              "value": {
                "unit": "DAY",
                "rate": 41
              }
            },
            {
              "description": "st_testing720273_2",
              "value": {
                "unit": "DAY",
                "rate": 77
              }
            },
            {
              "description": "st_testing720273_3",
              "value": {
                "unit": "DAY",
                "rate": 80
              }
            },
            {
              "description": "st_testing720273_4",
              "value": {
                "unit": "DAY",
                "rate": 75
              }
            }
          ]
        }
      },
      "resources": []
    }
  ]
}
2026-02-03 08:55:12 - create_rate_cards - INFO - [API RESPONSE] POST https://ncm.services.nconprem-10-53-60-173.ccpnx.com/v1/cg/config/rate-cards
2026-02-03 08:55:12 - create_rate_cards - INFO - [STATUS CODE] 200
2026-02-03 08:55:12 - create_rate_cards - INFO - [TIME TAKEN] 0.2770 seconds (276.96 ms)
2026-02-03 08:55:12 - create_rate_cards - INFO - [RESPONSE CONTENT-TYPE] application/json
2026-02-03 08:55:12 - create_rate_cards - INFO - [RESPONSE PAYLOAD]
{
  "ids": [
    "08f916d2-392f-4644-9049-90e87f788e5e"
  ]
}
2026-02-03 08:55:12 - create_rate_cards - INFO - ✓ [45] Created rate card: st_testing720273_44
2026-02-03 08:55:12 - create_rate_cards - INFO - [API REQUEST] POST https://ncm.services.nconprem-10-53-60-173.ccpnx.com/v1/cg/config/rate-cards
2026-02-03 08:55:12 - create_rate_cards - INFO - [REQUEST JSON PAYLOAD]
{
  "rateCards": [
    {
      "rateCardName": "st_testing720273_45",
      "meteringRates": {
        "vm": {
          "vCpu": {
            "unit": "HOUR",
            "rate": 30
          },
          "vRam": {
            "unit": "HOUR",
            "rate": 94
          },
          "vStorage": {
            "unit": "GIB",
            "rate": 21
          },
          "customConfigs": [
            {
              "description": "st_testing720273_0",
              "value": {
                "unit": "DAY",
                "rate": 14
              }
            },
            {
              "description": "st_testing720273_1",
              "value": {
                "unit": "DAY",
                "rate": 37
              }
            },
            {
              "description": "st_testing720273_2",
              "value": {
                "unit": "DAY",
                "rate": 55
              }
            },
            {
              "description": "st_testing720273_3",
              "value": {
                "unit": "DAY",
                "rate": 79
              }
            },
            {
              "description": "st_testing720273_4",
              "value": {
                "unit": "DAY",
                "rate": 20
              }
            }
          ]
        }
      },
      "resources": []
    }
  ]
}
2026-02-03 08:55:13 - create_rate_cards - INFO - [API RESPONSE] POST https://ncm.services.nconprem-10-53-60-173.ccpnx.com/v1/cg/config/rate-cards
2026-02-03 08:55:13 - create_rate_cards - INFO - [STATUS CODE] 200
2026-02-03 08:55:13 - create_rate_cards - INFO - [TIME TAKEN] 0.9270 seconds (926.95 ms)
2026-02-03 08:55:13 - create_rate_cards - INFO - [RESPONSE CONTENT-TYPE] application/json
2026-02-03 08:55:13 - create_rate_cards - INFO - [RESPONSE PAYLOAD]
{
  "ids": [
    "76ad08b3-80f8-402c-85fb-b0bb9061c710"
  ]
}
2026-02-03 08:55:13 - create_rate_cards - INFO - ✓ [46] Created rate card: st_testing720273_45
2026-02-03 08:55:13 - create_rate_cards - INFO - [API REQUEST] POST https://ncm.services.nconprem-10-53-60-173.ccpnx.com/v1/cg/config/rate-cards
2026-02-03 08:55:13 - create_rate_cards - INFO - [REQUEST JSON PAYLOAD]
{
  "rateCards": [
    {
      "rateCardName": "st_testing720273_46",
      "meteringRates": {
        "vm": {
          "vCpu": {
            "unit": "HOUR",
            "rate": 31
          },
          "vRam": {
            "unit": "HOUR",
            "rate": 99
          },
          "vStorage": {
            "unit": "GIB",
            "rate": 40
          },
          "customConfigs": [
            {
              "description": "st_testing720273_0",
              "value": {
                "unit": "DAY",
                "rate": 31
              }
            },
            {
              "description": "st_testing720273_1",
              "value": {
                "unit": "DAY",
                "rate": 77
              }
            },
            {
              "description": "st_testing720273_2",
              "value": {
                "unit": "DAY",
                "rate": 28
              }
            },
            {
              "description": "st_testing720273_3",
              "value": {
                "unit": "DAY",
                "rate": 96
              }
            },
            {
              "description": "st_testing720273_4",
              "value": {
                "unit": "DAY",
                "rate": 4
              }
            }
          ]
        }
      },
      "resources": []
    }
  ]
}
2026-02-03 08:55:13 - create_rate_cards - INFO - [API RESPONSE] POST https://ncm.services.nconprem-10-53-60-173.ccpnx.com/v1/cg/config/rate-cards
2026-02-03 08:55:13 - create_rate_cards - INFO - [STATUS CODE] 200
2026-02-03 08:55:13 - create_rate_cards - INFO - [TIME TAKEN] 0.2632 seconds (263.19 ms)
2026-02-03 08:55:13 - create_rate_cards - INFO - [RESPONSE CONTENT-TYPE] application/json
2026-02-03 08:55:13 - create_rate_cards - INFO - [RESPONSE PAYLOAD]
{
  "ids": [
    "57d487f9-c733-4669-9a7c-e48d9de0245c"
  ]
}
2026-02-03 08:55:13 - create_rate_cards - INFO - ✓ [47] Created rate card: st_testing720273_46
2026-02-03 08:55:13 - create_rate_cards - INFO - [API REQUEST] POST https://ncm.services.nconprem-10-53-60-173.ccpnx.com/v1/cg/config/rate-cards
2026-02-03 08:55:13 - create_rate_cards - INFO - [REQUEST JSON PAYLOAD]
{
  "rateCards": [
    {
      "rateCardName": "st_testing720273_47",
      "meteringRates": {
        "vm": {
          "vCpu": {
            "unit": "HOUR",
            "rate": 83
          },
          "vRam": {
            "unit": "HOUR",
            "rate": 20
          },
          "vStorage": {
            "unit": "GIB",
            "rate": 39
          },
          "customConfigs": [
            {
              "description": "st_testing720273_0",
              "value": {
                "unit": "DAY",
                "rate": 51
              }
            },
            {
              "description": "st_testing720273_1",
              "value": {
                "unit": "DAY",
                "rate": 32
              }
            },
            {
              "description": "st_testing720273_2",
              "value": {
                "unit": "DAY",
                "rate": 8
              }
            },
            {
              "description": "st_testing720273_3",
              "value": {
                "unit": "DAY",
                "rate": 43
              }
            },
            {
              "description": "st_testing720273_4",
              "value": {
                "unit": "DAY",
                "rate": 10
              }
            }
          ]
        }
      },
      "resources": []
    }
  ]
}
2026-02-03 08:55:14 - create_rate_cards - INFO - [API RESPONSE] POST https://ncm.services.nconprem-10-53-60-173.ccpnx.com/v1/cg/config/rate-cards
2026-02-03 08:55:14 - create_rate_cards - INFO - [STATUS CODE] 200
2026-02-03 08:55:14 - create_rate_cards - INFO - [TIME TAKEN] 0.6196 seconds (619.64 ms)
2026-02-03 08:55:14 - create_rate_cards - INFO - [RESPONSE CONTENT-TYPE] application/json
2026-02-03 08:55:14 - create_rate_cards - INFO - [RESPONSE PAYLOAD]
{
  "ids": [
    "4f2474f1-7ee1-4b7a-bfdb-6f5b053de055"
  ]
}
2026-02-03 08:55:14 - create_rate_cards - INFO - ✓ [48] Created rate card: st_testing720273_47
2026-02-03 08:55:14 - create_rate_cards - INFO - [API REQUEST] POST https://ncm.services.nconprem-10-53-60-173.ccpnx.com/v1/cg/config/rate-cards
2026-02-03 08:55:14 - create_rate_cards - INFO - [REQUEST JSON PAYLOAD]
{
  "rateCards": [
    {
      "rateCardName": "st_testing720273_48",
      "meteringRates": {
        "vm": {
          "vCpu": {
            "unit": "HOUR",
            "rate": 21
          },
          "vRam": {
            "unit": "HOUR",
            "rate": 45
          },
          "vStorage": {
            "unit": "GIB",
            "rate": 86
          },
          "customConfigs": [
            {
              "description": "st_testing720273_0",
              "value": {
                "unit": "DAY",
                "rate": 7
              }
            },
            {
              "description": "st_testing720273_1",
              "value": {
                "unit": "DAY",
                "rate": 67
              }
            },
            {
              "description": "st_testing720273_2",
              "value": {
                "unit": "DAY",
                "rate": 91
              }
            },
            {
              "description": "st_testing720273_3",
              "value": {
                "unit": "DAY",
                "rate": 74
              }
            },
            {
              "description": "st_testing720273_4",
              "value": {
                "unit": "DAY",
                "rate": 98
              }
            }
          ]
        }
      },
      "resources": []
    }
  ]
}
2026-02-03 08:55:14 - create_rate_cards - INFO - [API RESPONSE] POST https://ncm.services.nconprem-10-53-60-173.ccpnx.com/v1/cg/config/rate-cards
2026-02-03 08:55:14 - create_rate_cards - INFO - [STATUS CODE] 200
2026-02-03 08:55:14 - create_rate_cards - INFO - [TIME TAKEN] 0.4083 seconds (408.30 ms)
2026-02-03 08:55:14 - create_rate_cards - INFO - [RESPONSE CONTENT-TYPE] application/json
2026-02-03 08:55:14 - create_rate_cards - INFO - [RESPONSE PAYLOAD]
{
  "ids": [
    "aa66db6b-b28c-45fe-ba8c-10a9a05a1884"
  ]
}
2026-02-03 08:55:14 - create_rate_cards - INFO - ✓ [49] Created rate card: st_testing720273_48
2026-02-03 08:55:14 - create_rate_cards - INFO - [API REQUEST] POST https://ncm.services.nconprem-10-53-60-173.ccpnx.com/v1/cg/config/rate-cards
2026-02-03 08:55:14 - create_rate_cards - INFO - [REQUEST JSON PAYLOAD]
{
  "rateCards": [
    {
      "rateCardName": "st_testing720273_49",
      "meteringRates": {
        "vm": {
          "vCpu": {
            "unit": "HOUR",
            "rate": 37
          },
          "vRam": {
            "unit": "HOUR",
            "rate": 23
          },
          "vStorage": {
            "unit": "GIB",
            "rate": 81
          },
          "customConfigs": [
            {
              "description": "st_testing720273_0",
              "value": {
                "unit": "DAY",
                "rate": 77
              }
            },
            {
              "description": "st_testing720273_1",
              "value": {
                "unit": "DAY",
                "rate": 66
              }
            },
            {
              "description": "st_testing720273_2",
              "value": {
                "unit": "DAY",
                "rate": 6
              }
            },
            {
              "description": "st_testing720273_3",
              "value": {
                "unit": "DAY",
                "rate": 4
              }
            },
            {
              "description": "st_testing720273_4",
              "value": {
                "unit": "DAY",
                "rate": 53
              }
            }
          ]
        }
      },
      "resources": []
    }
  ]
}
2026-02-03 08:55:15 - create_rate_cards - INFO - [API RESPONSE] POST https://ncm.services.nconprem-10-53-60-173.ccpnx.com/v1/cg/config/rate-cards
2026-02-03 08:55:15 - create_rate_cards - INFO - [STATUS CODE] 200
2026-02-03 08:55:15 - create_rate_cards - INFO - [TIME TAKEN] 0.4037 seconds (403.69 ms)
2026-02-03 08:55:15 - create_rate_cards - INFO - [RESPONSE CONTENT-TYPE] application/json
2026-02-03 08:55:15 - create_rate_cards - INFO - [RESPONSE PAYLOAD]
{
  "ids": [
    "6a16b7e2-032a-4cf0-a62b-5ad90610236c"
  ]
}
2026-02-03 08:55:15 - create_rate_cards - INFO - ✓ [50] Created rate card: st_testing720273_49
2026-02-03 08:55:15 - create_rate_cards - INFO - [API REQUEST] POST https://ncm.services.nconprem-10-53-60-173.ccpnx.com/v1/cg/config/rate-cards
2026-02-03 08:55:15 - create_rate_cards - INFO - [REQUEST JSON PAYLOAD]
{
  "rateCards": [
    {
      "rateCardName": "st_testing720273_50",
      "meteringRates": {
        "vm": {
          "vCpu": {
            "unit": "HOUR",
            "rate": 51
          },
          "vRam": {
            "unit": "HOUR",
            "rate": 28
          },
          "vStorage": {
            "unit": "GIB",
            "rate": 59
          },
          "customConfigs": [
            {
              "description": "st_testing720273_0",
              "value": {
                "unit": "DAY",
                "rate": 64
              }
            },
            {
              "description": "st_testing720273_1",
              "value": {
                "unit": "DAY",
                "rate": 24
              }
            },
            {
              "description": "st_testing720273_2",
              "value": {
                "unit": "DAY",
                "rate": 25
              }
            },
            {
              "description": "st_testing720273_3",
              "value": {
                "unit": "DAY",
                "rate": 64
              }
            },
            {
              "description": "st_testing720273_4",
              "value": {
                "unit": "DAY",
                "rate": 46
              }
            }
          ]
        }
      },
      "resources": []
    }
  ]
}
2026-02-03 08:55:15 - create_rate_cards - INFO - [API RESPONSE] POST https://ncm.services.nconprem-10-53-60-173.ccpnx.com/v1/cg/config/rate-cards
2026-02-03 08:55:15 - create_rate_cards - INFO - [STATUS CODE] 200
2026-02-03 08:55:15 - create_rate_cards - INFO - [TIME TAKEN] 0.3623 seconds (362.27 ms)
2026-02-03 08:55:15 - create_rate_cards - INFO - [RESPONSE CONTENT-TYPE] application/json
2026-02-03 08:55:15 - create_rate_cards - INFO - [RESPONSE PAYLOAD]
{
  "ids": [
    "6274a6cf-aee2-4ef5-9660-ce29096ea9f5"
  ]
}
2026-02-03 08:55:15 - create_rate_cards - INFO - ✓ [51] Created rate card: st_testing720273_50
2026-02-03 08:55:15 - create_rate_cards - INFO - [API REQUEST] POST https://ncm.services.nconprem-10-53-60-173.ccpnx.com/v1/cg/config/rate-cards
2026-02-03 08:55:15 - create_rate_cards - INFO - [REQUEST JSON PAYLOAD]
{
  "rateCards": [
    {
      "rateCardName": "st_testing720273_51",
      "meteringRates": {
        "vm": {
          "vCpu": {
            "unit": "HOUR",
            "rate": 10
          },
          "vRam": {
            "unit": "HOUR",
            "rate": 86
          },
          "vStorage": {
            "unit": "GIB",
            "rate": 18
          },
          "customConfigs": [
            {
              "description": "st_testing720273_0",
              "value": {
                "unit": "DAY",
                "rate": 19
              }
            },
            {
              "description": "st_testing720273_1",
              "value": {
                "unit": "DAY",
                "rate": 16
              }
            },
            {
              "description": "st_testing720273_2",
              "value": {
                "unit": "DAY",
                "rate": 96
              }
            },
            {
              "description": "st_testing720273_3",
              "value": {
                "unit": "DAY",
                "rate": 71
              }
            },
            {
              "description": "st_testing720273_4",
              "value": {
                "unit": "DAY",
                "rate": 54
              }
            }
          ]
        }
      },
      "resources": []
    }
  ]
}
2026-02-03 08:55:16 - create_rate_cards - INFO - [API RESPONSE] POST https://ncm.services.nconprem-10-53-60-173.ccpnx.com/v1/cg/config/rate-cards
2026-02-03 08:55:16 - create_rate_cards - INFO - [STATUS CODE] 200
2026-02-03 08:55:16 - create_rate_cards - INFO - [TIME TAKEN] 0.5425 seconds (542.51 ms)
2026-02-03 08:55:16 - create_rate_cards - INFO - [RESPONSE CONTENT-TYPE] application/json
2026-02-03 08:55:16 - create_rate_cards - INFO - [RESPONSE PAYLOAD]
{
  "ids": [
    "4052089f-09f2-4b20-832e-0fc9267fcb89"
  ]
}
2026-02-03 08:55:16 - create_rate_cards - INFO - ✓ [52] Created rate card: st_testing720273_51
2026-02-03 08:55:16 - create_rate_cards - INFO - [API REQUEST] POST https://ncm.services.nconprem-10-53-60-173.ccpnx.com/v1/cg/config/rate-cards
2026-02-03 08:55:16 - create_rate_cards - INFO - [REQUEST JSON PAYLOAD]
{
  "rateCards": [
    {
      "rateCardName": "st_testing720273_52",
      "meteringRates": {
        "vm": {
          "vCpu": {
            "unit": "HOUR",
            "rate": 74
          },
          "vRam": {
            "unit": "HOUR",
            "rate": 87
          },
          "vStorage": {
            "unit": "GIB",
            "rate": 91
          },
          "customConfigs": [
            {
              "description": "st_testing720273_0",
              "value": {
                "unit": "DAY",
                "rate": 59
              }
            },
            {
              "description": "st_testing720273_1",
              "value": {
                "unit": "DAY",
                "rate": 18
              }
            },
            {
              "description": "st_testing720273_2",
              "value": {
                "unit": "DAY",
                "rate": 34
              }
            },
            {
              "description": "st_testing720273_3",
              "value": {
                "unit": "DAY",
                "rate": 43
              }
            },
            {
              "description": "st_testing720273_4",
              "value": {
                "unit": "DAY",
                "rate": 33
              }
            }
          ]
        }
      },
      "resources": []
    }
  ]
}
2026-02-03 08:55:16 - create_rate_cards - INFO - [API RESPONSE] POST https://ncm.services.nconprem-10-53-60-173.ccpnx.com/v1/cg/config/rate-cards
2026-02-03 08:55:16 - create_rate_cards - INFO - [STATUS CODE] 200
2026-02-03 08:55:16 - create_rate_cards - INFO - [TIME TAKEN] 0.5796 seconds (579.59 ms)
2026-02-03 08:55:16 - create_rate_cards - INFO - [RESPONSE CONTENT-TYPE] application/json
2026-02-03 08:55:16 - create_rate_cards - INFO - [RESPONSE PAYLOAD]
{
  "ids": [
    "48b28587-505c-4921-af8f-9988cc36593c"
  ]
}
2026-02-03 08:55:16 - create_rate_cards - INFO - ✓ [53] Created rate card: st_testing720273_52
2026-02-03 08:55:16 - create_rate_cards - INFO - [API REQUEST] POST https://ncm.services.nconprem-10-53-60-173.ccpnx.com/v1/cg/config/rate-cards
2026-02-03 08:55:16 - create_rate_cards - INFO - [REQUEST JSON PAYLOAD]
{
  "rateCards": [
    {
      "rateCardName": "st_testing720273_53",
      "meteringRates": {
        "vm": {
          "vCpu": {
            "unit": "HOUR",
            "rate": 83
          },
          "vRam": {
            "unit": "HOUR",
            "rate": 69
          },
          "vStorage": {
            "unit": "GIB",
            "rate": 60
          },
          "customConfigs": [
            {
              "description": "st_testing720273_0",
              "value": {
                "unit": "DAY",
                "rate": 96
              }
            },
            {
              "description": "st_testing720273_1",
              "value": {
                "unit": "DAY",
                "rate": 24
              }
            },
            {
              "description": "st_testing720273_2",
              "value": {
                "unit": "DAY",
                "rate": 65
              }
            },
            {
              "description": "st_testing720273_3",
              "value": {
                "unit": "DAY",
                "rate": 91
              }
            },
            {
              "description": "st_testing720273_4",
              "value": {
                "unit": "DAY",
                "rate": 18
              }
            }
          ]
        }
      },
      "resources": []
    }
  ]
}
2026-02-03 08:55:17 - create_rate_cards - INFO - [API RESPONSE] POST https://ncm.services.nconprem-10-53-60-173.ccpnx.com/v1/cg/config/rate-cards
2026-02-03 08:55:17 - create_rate_cards - INFO - [STATUS CODE] 200
2026-02-03 08:55:17 - create_rate_cards - INFO - [TIME TAKEN] 1.2918 seconds (1291.81 ms)
2026-02-03 08:55:17 - create_rate_cards - INFO - [RESPONSE CONTENT-TYPE] application/json
2026-02-03 08:55:17 - create_rate_cards - INFO - [RESPONSE PAYLOAD]
{
  "ids": [
    "69aa2d59-983b-461f-a23b-4ca047599c51"
  ]
}
2026-02-03 08:55:17 - create_rate_cards - INFO - ✓ [54] Created rate card: st_testing720273_53
2026-02-03 08:55:17 - create_rate_cards - INFO - [API REQUEST] POST https://ncm.services.nconprem-10-53-60-173.ccpnx.com/v1/cg/config/rate-cards
2026-02-03 08:55:17 - create_rate_cards - INFO - [REQUEST JSON PAYLOAD]
{
  "rateCards": [
    {
      "rateCardName": "st_testing720273_54",
      "meteringRates": {
        "vm": {
          "vCpu": {
            "unit": "HOUR",
            "rate": 30
          },
          "vRam": {
            "unit": "HOUR",
            "rate": 51
          },
          "vStorage": {
            "unit": "GIB",
            "rate": 24
          },
          "customConfigs": [
            {
              "description": "st_testing720273_0",
              "value": {
                "unit": "DAY",
                "rate": 44
              }
            },
            {
              "description": "st_testing720273_1",
              "value": {
                "unit": "DAY",
                "rate": 69
              }
            },
            {
              "description": "st_testing720273_2",
              "value": {
                "unit": "DAY",
                "rate": 85
              }
            },
            {
              "description": "st_testing720273_3",
              "value": {
                "unit": "DAY",
                "rate": 83
              }
            },
            {
              "description": "st_testing720273_4",
              "value": {
                "unit": "DAY",
                "rate": 75
              }
            }
          ]
        }
      },
      "resources": []
    }
  ]
}
2026-02-03 08:55:18 - create_rate_cards - INFO - [API RESPONSE] POST https://ncm.services.nconprem-10-53-60-173.ccpnx.com/v1/cg/config/rate-cards
2026-02-03 08:55:18 - create_rate_cards - INFO - [STATUS CODE] 200
2026-02-03 08:55:18 - create_rate_cards - INFO - [TIME TAKEN] 1.0060 seconds (1005.98 ms)
2026-02-03 08:55:18 - create_rate_cards - INFO - [RESPONSE CONTENT-TYPE] application/json
2026-02-03 08:55:18 - create_rate_cards - INFO - [RESPONSE PAYLOAD]
{
  "ids": [
    "78b7d69a-3657-4594-9f54-5a811b0816d1"
  ]
}
2026-02-03 08:55:18 - create_rate_cards - INFO - ✓ [55] Created rate card: st_testing720273_54
2026-02-03 08:55:18 - create_rate_cards - INFO - [API REQUEST] POST https://ncm.services.nconprem-10-53-60-173.ccpnx.com/v1/cg/config/rate-cards
2026-02-03 08:55:18 - create_rate_cards - INFO - [REQUEST JSON PAYLOAD]
{
  "rateCards": [
    {
      "rateCardName": "st_testing720273_55",
      "meteringRates": {
        "vm": {
          "vCpu": {
            "unit": "HOUR",
            "rate": 22
          },
          "vRam": {
            "unit": "HOUR",
            "rate": 31
          },
          "vStorage": {
            "unit": "GIB",
            "rate": 26
          },
          "customConfigs": [
            {
              "description": "st_testing720273_0",
              "value": {
                "unit": "DAY",
                "rate": 15
              }
            },
            {
              "description": "st_testing720273_1",
              "value": {
                "unit": "DAY",
                "rate": 2
              }
            },
            {
              "description": "st_testing720273_2",
              "value": {
                "unit": "DAY",
                "rate": 83
              }
            },
            {
              "description": "st_testing720273_3",
              "value": {
                "unit": "DAY",
                "rate": 83
              }
            },
            {
              "description": "st_testing720273_4",
              "value": {
                "unit": "DAY",
                "rate": 62
              }
            }
          ]
        }
      },
      "resources": []
    }
  ]
}
2026-02-03 08:55:19 - create_rate_cards - INFO - [API RESPONSE] POST https://ncm.services.nconprem-10-53-60-173.ccpnx.com/v1/cg/config/rate-cards
2026-02-03 08:55:19 - create_rate_cards - INFO - [STATUS CODE] 200
2026-02-03 08:55:19 - create_rate_cards - INFO - [TIME TAKEN] 0.8002 seconds (800.21 ms)
2026-02-03 08:55:19 - create_rate_cards - INFO - [RESPONSE CONTENT-TYPE] application/json
2026-02-03 08:55:19 - create_rate_cards - INFO - [RESPONSE PAYLOAD]
{
  "ids": [
    "80ac51f0-ae1e-4f1a-9bb7-2d6717e033ae"
  ]
}
2026-02-03 08:55:19 - create_rate_cards - INFO - ✓ [56] Created rate card: st_testing720273_55
2026-02-03 08:55:19 - create_rate_cards - INFO - [API REQUEST] POST https://ncm.services.nconprem-10-53-60-173.ccpnx.com/v1/cg/config/rate-cards
2026-02-03 08:55:19 - create_rate_cards - INFO - [REQUEST JSON PAYLOAD]
{
  "rateCards": [
    {
      "rateCardName": "st_testing720273_56",
      "meteringRates": {
        "vm": {
          "vCpu": {
            "unit": "HOUR",
            "rate": 61
          },
          "vRam": {
            "unit": "HOUR",
            "rate": 30
          },
          "vStorage": {
            "unit": "GIB",
            "rate": 100
          },
          "customConfigs": [
            {
              "description": "st_testing720273_0",
              "value": {
                "unit": "DAY",
                "rate": 13
              }
            },
            {
              "description": "st_testing720273_1",
              "value": {
                "unit": "DAY",
                "rate": 38
              }
            },
            {
              "description": "st_testing720273_2",
              "value": {
                "unit": "DAY",
                "rate": 17
              }
            },
            {
              "description": "st_testing720273_3",
              "value": {
                "unit": "DAY",
                "rate": 45
              }
            },
            {
              "description": "st_testing720273_4",
              "value": {
                "unit": "DAY",
                "rate": 18
              }
            }
          ]
        }
      },
      "resources": []
    }
  ]
}
2026-02-03 08:55:20 - create_rate_cards - INFO - [API RESPONSE] POST https://ncm.services.nconprem-10-53-60-173.ccpnx.com/v1/cg/config/rate-cards
2026-02-03 08:55:20 - create_rate_cards - INFO - [STATUS CODE] 200
2026-02-03 08:55:20 - create_rate_cards - INFO - [TIME TAKEN] 0.5921 seconds (592.07 ms)
2026-02-03 08:55:20 - create_rate_cards - INFO - [RESPONSE CONTENT-TYPE] application/json
2026-02-03 08:55:20 - create_rate_cards - INFO - [RESPONSE PAYLOAD]
{
  "ids": [
    "56715138-476f-4eb3-876c-3f34a7d63795"
  ]
}
2026-02-03 08:55:20 - create_rate_cards - INFO - ✓ [57] Created rate card: st_testing720273_56
2026-02-03 08:55:20 - create_rate_cards - INFO - [API REQUEST] POST https://ncm.services.nconprem-10-53-60-173.ccpnx.com/v1/cg/config/rate-cards
2026-02-03 08:55:20 - create_rate_cards - INFO - [REQUEST JSON PAYLOAD]
{
  "rateCards": [
    {
      "rateCardName": "st_testing720273_57",
      "meteringRates": {
        "vm": {
          "vCpu": {
            "unit": "HOUR",
            "rate": 68
          },
          "vRam": {
            "unit": "HOUR",
            "rate": 32
          },
          "vStorage": {
            "unit": "GIB",
            "rate": 55
          },
          "customConfigs": [
            {
              "description": "st_testing720273_0",
              "value": {
                "unit": "DAY",
                "rate": 89
              }
            },
            {
              "description": "st_testing720273_1",
              "value": {
                "unit": "DAY",
                "rate": 90
              }
            },
            {
              "description": "st_testing720273_2",
              "value": {
                "unit": "DAY",
                "rate": 57
              }
            },
            {
              "description": "st_testing720273_3",
              "value": {
                "unit": "DAY",
                "rate": 37
              }
            },
            {
              "description": "st_testing720273_4",
              "value": {
                "unit": "DAY",
                "rate": 70
              }
            }
          ]
        }
      },
      "resources": []
    }
  ]
}
2026-02-03 08:55:20 - create_rate_cards - INFO - [API RESPONSE] POST https://ncm.services.nconprem-10-53-60-173.ccpnx.com/v1/cg/config/rate-cards
2026-02-03 08:55:20 - create_rate_cards - INFO - [STATUS CODE] 200
2026-02-03 08:55:20 - create_rate_cards - INFO - [TIME TAKEN] 0.6088 seconds (608.80 ms)
2026-02-03 08:55:20 - create_rate_cards - INFO - [RESPONSE CONTENT-TYPE] application/json
2026-02-03 08:55:20 - create_rate_cards - INFO - [RESPONSE PAYLOAD]
{
  "ids": [
    "1d1cf7f6-2949-4841-9ad0-b962ccc051f2"
  ]
}
2026-02-03 08:55:20 - create_rate_cards - INFO - ✓ [58] Created rate card: st_testing720273_57
2026-02-03 08:55:20 - create_rate_cards - INFO - [API REQUEST] POST https://ncm.services.nconprem-10-53-60-173.ccpnx.com/v1/cg/config/rate-cards
2026-02-03 08:55:20 - create_rate_cards - INFO - [REQUEST JSON PAYLOAD]
{
  "rateCards": [
    {
      "rateCardName": "st_testing720273_58",
      "meteringRates": {
        "vm": {
          "vCpu": {
            "unit": "HOUR",
            "rate": 89
          },
          "vRam": {
            "unit": "HOUR",
            "rate": 34
          },
          "vStorage": {
            "unit": "GIB",
            "rate": 72
          },
          "customConfigs": [
            {
              "description": "st_testing720273_0",
              "value": {
                "unit": "DAY",
                "rate": 88
              }
            },
            {
              "description": "st_testing720273_1",
              "value": {
                "unit": "DAY",
                "rate": 92
              }
            },
            {
              "description": "st_testing720273_2",
              "value": {
                "unit": "DAY",
                "rate": 21
              }
            },
            {
              "description": "st_testing720273_3",
              "value": {
                "unit": "DAY",
                "rate": 61
              }
            },
            {
              "description": "st_testing720273_4",
              "value": {
                "unit": "DAY",
                "rate": 65
              }
            }
          ]
        }
      },
      "resources": []
    }
  ]
}
2026-02-03 08:55:21 - create_rate_cards - INFO - [API RESPONSE] POST https://ncm.services.nconprem-10-53-60-173.ccpnx.com/v1/cg/config/rate-cards
2026-02-03 08:55:21 - create_rate_cards - INFO - [STATUS CODE] 200
2026-02-03 08:55:21 - create_rate_cards - INFO - [TIME TAKEN] 0.3599 seconds (359.95 ms)
2026-02-03 08:55:21 - create_rate_cards - INFO - [RESPONSE CONTENT-TYPE] application/json
2026-02-03 08:55:21 - create_rate_cards - INFO - [RESPONSE PAYLOAD]
{
  "ids": [
    "357a0660-15af-4e42-9670-0af51624a86a"
  ]
}
2026-02-03 08:55:21 - create_rate_cards - INFO - ✓ [59] Created rate card: st_testing720273_58
2026-02-03 08:55:21 - create_rate_cards - INFO - [API REQUEST] POST https://ncm.services.nconprem-10-53-60-173.ccpnx.com/v1/cg/config/rate-cards
2026-02-03 08:55:21 - create_rate_cards - INFO - [REQUEST JSON PAYLOAD]
{
  "rateCards": [
    {
      "rateCardName": "st_testing720273_59",
      "meteringRates": {
        "vm": {
          "vCpu": {
            "unit": "HOUR",
            "rate": 95
          },
          "vRam": {
            "unit": "HOUR",
            "rate": 63
          },
          "vStorage": {
            "unit": "GIB",
            "rate": 21
          },
          "customConfigs": [
            {
              "description": "st_testing720273_0",
              "value": {
                "unit": "DAY",
                "rate": 78
              }
            },
            {
              "description": "st_testing720273_1",
              "value": {
                "unit": "DAY",
                "rate": 99
              }
            },
            {
              "description": "st_testing720273_2",
              "value": {
                "unit": "DAY",
                "rate": 17
              }
            },
            {
              "description": "st_testing720273_3",
              "value": {
                "unit": "DAY",
                "rate": 33
              }
            },
            {
              "description": "st_testing720273_4",
              "value": {
                "unit": "DAY",
                "rate": 99
              }
            }
          ]
        }
      },
      "resources": []
    }
  ]
}
2026-02-03 08:55:21 - create_rate_cards - INFO - [API RESPONSE] POST https://ncm.services.nconprem-10-53-60-173.ccpnx.com/v1/cg/config/rate-cards
2026-02-03 08:55:21 - create_rate_cards - INFO - [STATUS CODE] 200
2026-02-03 08:55:21 - create_rate_cards - INFO - [TIME TAKEN] 0.4360 seconds (435.97 ms)
2026-02-03 08:55:21 - create_rate_cards - INFO - [RESPONSE CONTENT-TYPE] application/json
2026-02-03 08:55:21 - create_rate_cards - INFO - [RESPONSE PAYLOAD]
{
  "ids": [
    "446b0bac-0db5-4962-a6f3-3150fbf36f1e"
  ]
}
2026-02-03 08:55:21 - create_rate_cards - INFO - ✓ [60] Created rate card: st_testing720273_59
2026-02-03 08:55:21 - create_rate_cards - INFO - [API REQUEST] POST https://ncm.services.nconprem-10-53-60-173.ccpnx.com/v1/cg/config/rate-cards
2026-02-03 08:55:21 - create_rate_cards - INFO - [REQUEST JSON PAYLOAD]
{
  "rateCards": [
    {
      "rateCardName": "st_testing720273_60",
      "meteringRates": {
        "vm": {
          "vCpu": {
            "unit": "HOUR",
            "rate": 30
          },
          "vRam": {
            "unit": "HOUR",
            "rate": 5
          },
          "vStorage": {
            "unit": "GIB",
            "rate": 92
          },
          "customConfigs": [
            {
              "description": "st_testing720273_0",
              "value": {
                "unit": "DAY",
                "rate": 7
              }
            },
            {
              "description": "st_testing720273_1",
              "value": {
                "unit": "DAY",
                "rate": 8
              }
            },
            {
              "description": "st_testing720273_2",
              "value": {
                "unit": "DAY",
                "rate": 57
              }
            },
            {
              "description": "st_testing720273_3",
              "value": {
                "unit": "DAY",
                "rate": 96
              }
            },
            {
              "description": "st_testing720273_4",
              "value": {
                "unit": "DAY",
                "rate": 37
              }
            }
          ]
        }
      },
      "resources": []
    }
  ]
}
2026-02-03 08:55:22 - create_rate_cards - INFO - [API RESPONSE] POST https://ncm.services.nconprem-10-53-60-173.ccpnx.com/v1/cg/config/rate-cards
2026-02-03 08:55:22 - create_rate_cards - INFO - [STATUS CODE] 200
2026-02-03 08:55:22 - create_rate_cards - INFO - [TIME TAKEN] 0.6973 seconds (697.27 ms)
2026-02-03 08:55:22 - create_rate_cards - INFO - [RESPONSE CONTENT-TYPE] application/json
2026-02-03 08:55:22 - create_rate_cards - INFO - [RESPONSE PAYLOAD]
{
  "ids": [
    "1ba232ef-b8d0-451e-b5e0-1fb87dff4140"
  ]
}
2026-02-03 08:55:22 - create_rate_cards - INFO - ✓ [61] Created rate card: st_testing720273_60
2026-02-03 08:55:22 - create_rate_cards - INFO - [API REQUEST] POST https://ncm.services.nconprem-10-53-60-173.ccpnx.com/v1/cg/config/rate-cards
2026-02-03 08:55:22 - create_rate_cards - INFO - [REQUEST JSON PAYLOAD]
{
  "rateCards": [
    {
      "rateCardName": "st_testing720273_61",
      "meteringRates": {
        "vm": {
          "vCpu": {
            "unit": "HOUR",
            "rate": 38
          },
          "vRam": {
            "unit": "HOUR",
            "rate": 87
          },
          "vStorage": {
            "unit": "GIB",
            "rate": 21
          },
          "customConfigs": [
            {
              "description": "st_testing720273_0",
              "value": {
                "unit": "DAY",
                "rate": 16
              }
            },
            {
              "description": "st_testing720273_1",
              "value": {
                "unit": "DAY",
                "rate": 96
              }
            },
            {
              "description": "st_testing720273_2",
              "value": {
                "unit": "DAY",
                "rate": 88
              }
            },
            {
              "description": "st_testing720273_3",
              "value": {
                "unit": "DAY",
                "rate": 20
              }
            },
            {
              "description": "st_testing720273_4",
              "value": {
                "unit": "DAY",
                "rate": 87
              }
            }
          ]
        }
      },
      "resources": []
    }
  ]
}
2026-02-03 08:55:23 - create_rate_cards - INFO - [API RESPONSE] POST https://ncm.services.nconprem-10-53-60-173.ccpnx.com/v1/cg/config/rate-cards
2026-02-03 08:55:23 - create_rate_cards - INFO - [STATUS CODE] 200
2026-02-03 08:55:23 - create_rate_cards - INFO - [TIME TAKEN] 0.8806 seconds (880.58 ms)
2026-02-03 08:55:23 - create_rate_cards - INFO - [RESPONSE CONTENT-TYPE] application/json
2026-02-03 08:55:23 - create_rate_cards - INFO - [RESPONSE PAYLOAD]
{
  "ids": [
    "795bef48-1235-44b4-9eed-71edec63572e"
  ]
}
2026-02-03 08:55:23 - create_rate_cards - INFO - ✓ [62] Created rate card: st_testing720273_61
2026-02-03 08:55:23 - create_rate_cards - INFO - [API REQUEST] POST https://ncm.services.nconprem-10-53-60-173.ccpnx.com/v1/cg/config/rate-cards
2026-02-03 08:55:23 - create_rate_cards - INFO - [REQUEST JSON PAYLOAD]
{
  "rateCards": [
    {
      "rateCardName": "st_testing720273_62",
      "meteringRates": {
        "vm": {
          "vCpu": {
            "unit": "HOUR",
            "rate": 72
          },
          "vRam": {
            "unit": "HOUR",
            "rate": 61
          },
          "vStorage": {
            "unit": "GIB",
            "rate": 40
          },
          "customConfigs": [
            {
              "description": "st_testing720273_0",
              "value": {
                "unit": "DAY",
                "rate": 47
              }
            },
            {
              "description": "st_testing720273_1",
              "value": {
                "unit": "DAY",
                "rate": 55
              }
            },
            {
              "description": "st_testing720273_2",
              "value": {
                "unit": "DAY",
                "rate": 6
              }
            },
            {
              "description": "st_testing720273_3",
              "value": {
                "unit": "DAY",
                "rate": 44
              }
            },
            {
              "description": "st_testing720273_4",
              "value": {
                "unit": "DAY",
                "rate": 79
              }
            }
          ]
        }
      },
      "resources": []
    }
  ]
}
2026-02-03 08:55:24 - create_rate_cards - INFO - [API RESPONSE] POST https://ncm.services.nconprem-10-53-60-173.ccpnx.com/v1/cg/config/rate-cards
2026-02-03 08:55:24 - create_rate_cards - INFO - [STATUS CODE] 200
2026-02-03 08:55:24 - create_rate_cards - INFO - [TIME TAKEN] 0.8276 seconds (827.59 ms)
2026-02-03 08:55:24 - create_rate_cards - INFO - [RESPONSE CONTENT-TYPE] application/json
2026-02-03 08:55:24 - create_rate_cards - INFO - [RESPONSE PAYLOAD]
{
  "ids": [
    "84bf422e-94c6-481e-9d11-7640dced333a"
  ]
}
2026-02-03 08:55:24 - create_rate_cards - INFO - ✓ [63] Created rate card: st_testing720273_62
2026-02-03 08:55:24 - create_rate_cards - INFO - [API REQUEST] POST https://ncm.services.nconprem-10-53-60-173.ccpnx.com/v1/cg/config/rate-cards
2026-02-03 08:55:24 - create_rate_cards - INFO - [REQUEST JSON PAYLOAD]
{
  "rateCards": [
    {
      "rateCardName": "st_testing720273_63",
      "meteringRates": {
        "vm": {
          "vCpu": {
            "unit": "HOUR",
            "rate": 63
          },
          "vRam": {
            "unit": "HOUR",
            "rate": 93
          },
          "vStorage": {
            "unit": "GIB",
            "rate": 38
          },
          "customConfigs": [
            {
              "description": "st_testing720273_0",
              "value": {
                "unit": "DAY",
                "rate": 12
              }
            },
            {
              "description": "st_testing720273_1",
              "value": {
                "unit": "DAY",
                "rate": 67
              }
            },
            {
              "description": "st_testing720273_2",
              "value": {
                "unit": "DAY",
                "rate": 61
              }
            },
            {
              "description": "st_testing720273_3",
              "value": {
                "unit": "DAY",
                "rate": 6
              }
            },
            {
              "description": "st_testing720273_4",
              "value": {
                "unit": "DAY",
                "rate": 78
              }
            }
          ]
        }
      },
      "resources": []
    }
  ]
}
2026-02-03 08:55:24 - create_rate_cards - INFO - [API RESPONSE] POST https://ncm.services.nconprem-10-53-60-173.ccpnx.com/v1/cg/config/rate-cards
2026-02-03 08:55:24 - create_rate_cards - INFO - [STATUS CODE] 200
2026-02-03 08:55:24 - create_rate_cards - INFO - [TIME TAKEN] 0.6942 seconds (694.16 ms)
2026-02-03 08:55:24 - create_rate_cards - INFO - [RESPONSE CONTENT-TYPE] application/json
2026-02-03 08:55:24 - create_rate_cards - INFO - [RESPONSE PAYLOAD]
{
  "ids": [
    "8a157ff2-c6de-4cdc-a22d-0cc250206d62"
  ]
}
2026-02-03 08:55:24 - create_rate_cards - INFO - ✓ [64] Created rate card: st_testing720273_63
2026-02-03 08:55:24 - create_rate_cards - INFO - [API REQUEST] POST https://ncm.services.nconprem-10-53-60-173.ccpnx.com/v1/cg/config/rate-cards
2026-02-03 08:55:24 - create_rate_cards - INFO - [REQUEST JSON PAYLOAD]
{
  "rateCards": [
    {
      "rateCardName": "st_testing720273_64",
      "meteringRates": {
        "vm": {
          "vCpu": {
            "unit": "HOUR",
            "rate": 43
          },
          "vRam": {
            "unit": "HOUR",
            "rate": 66
          },
          "vStorage": {
            "unit": "GIB",
            "rate": 45
          },
          "customConfigs": [
            {
              "description": "st_testing720273_0",
              "value": {
                "unit": "DAY",
                "rate": 29
              }
            },
            {
              "description": "st_testing720273_1",
              "value": {
                "unit": "DAY",
                "rate": 19
              }
            },
            {
              "description": "st_testing720273_2",
              "value": {
                "unit": "DAY",
                "rate": 56
              }
            },
            {
              "description": "st_testing720273_3",
              "value": {
                "unit": "DAY",
                "rate": 82
              }
            },
            {
              "description": "st_testing720273_4",
              "value": {
                "unit": "DAY",
                "rate": 82
              }
            }
          ]
        }
      },
      "resources": []
    }
  ]
}
2026-02-03 08:55:25 - create_rate_cards - INFO - [API RESPONSE] POST https://ncm.services.nconprem-10-53-60-173.ccpnx.com/v1/cg/config/rate-cards
2026-02-03 08:55:25 - create_rate_cards - INFO - [STATUS CODE] 200
2026-02-03 08:55:25 - create_rate_cards - INFO - [TIME TAKEN] 0.6826 seconds (682.56 ms)
2026-02-03 08:55:25 - create_rate_cards - INFO - [RESPONSE CONTENT-TYPE] application/json
2026-02-03 08:55:25 - create_rate_cards - INFO - [RESPONSE PAYLOAD]
{
  "ids": [
    "4535b65d-22ba-47e5-9004-ac2173f5ade8"
  ]
}
2026-02-03 08:55:25 - create_rate_cards - INFO - ✓ [65] Created rate card: st_testing720273_64
2026-02-03 08:55:25 - create_rate_cards - INFO - [API REQUEST] POST https://ncm.services.nconprem-10-53-60-173.ccpnx.com/v1/cg/config/rate-cards
2026-02-03 08:55:25 - create_rate_cards - INFO - [REQUEST JSON PAYLOAD]
{
  "rateCards": [
    {
      "rateCardName": "st_testing720273_65",
      "meteringRates": {
        "vm": {
          "vCpu": {
            "unit": "HOUR",
            "rate": 17
          },
          "vRam": {
            "unit": "HOUR",
            "rate": 49
          },
          "vStorage": {
            "unit": "GIB",
            "rate": 43
          },
          "customConfigs": [
            {
              "description": "st_testing720273_0",
              "value": {
                "unit": "DAY",
                "rate": 84
              }
            },
            {
              "description": "st_testing720273_1",
              "value": {
                "unit": "DAY",
                "rate": 67
              }
            },
            {
              "description": "st_testing720273_2",
              "value": {
                "unit": "DAY",
                "rate": 75
              }
            },
            {
              "description": "st_testing720273_3",
              "value": {
                "unit": "DAY",
                "rate": 45
              }
            },
            {
              "description": "st_testing720273_4",
              "value": {
                "unit": "DAY",
                "rate": 18
              }
            }
          ]
        }
      },
      "resources": []
    }
  ]
}
2026-02-03 08:55:25 - create_rate_cards - INFO - [API RESPONSE] POST https://ncm.services.nconprem-10-53-60-173.ccpnx.com/v1/cg/config/rate-cards
2026-02-03 08:55:25 - create_rate_cards - INFO - [STATUS CODE] 200
2026-02-03 08:55:25 - create_rate_cards - INFO - [TIME TAKEN] 0.2891 seconds (289.09 ms)
2026-02-03 08:55:25 - create_rate_cards - INFO - [RESPONSE CONTENT-TYPE] application/json
2026-02-03 08:55:25 - create_rate_cards - INFO - [RESPONSE PAYLOAD]
{
  "ids": [
    "0b288e8f-db8a-4526-abc0-3ec0465256a7"
  ]
}
2026-02-03 08:55:25 - create_rate_cards - INFO - ✓ [66] Created rate card: st_testing720273_65
2026-02-03 08:55:25 - create_rate_cards - INFO - [API REQUEST] POST https://ncm.services.nconprem-10-53-60-173.ccpnx.com/v1/cg/config/rate-cards
2026-02-03 08:55:25 - create_rate_cards - INFO - [REQUEST JSON PAYLOAD]
{
  "rateCards": [
    {
      "rateCardName": "st_testing720273_66",
      "meteringRates": {
        "vm": {
          "vCpu": {
            "unit": "HOUR",
            "rate": 92
          },
          "vRam": {
            "unit": "HOUR",
            "rate": 76
          },
          "vStorage": {
            "unit": "GIB",
            "rate": 3
          },
          "customConfigs": [
            {
              "description": "st_testing720273_0",
              "value": {
                "unit": "DAY",
                "rate": 46
              }
            },
            {
              "description": "st_testing720273_1",
              "value": {
                "unit": "DAY",
                "rate": 21
              }
            },
            {
              "description": "st_testing720273_2",
              "value": {
                "unit": "DAY",
                "rate": 71
              }
            },
            {
              "description": "st_testing720273_3",
              "value": {
                "unit": "DAY",
                "rate": 19
              }
            },
            {
              "description": "st_testing720273_4",
              "value": {
                "unit": "DAY",
                "rate": 36
              }
            }
          ]
        }
      },
      "resources": []
    }
  ]
}
2026-02-03 08:55:26 - create_rate_cards - INFO - [API RESPONSE] POST https://ncm.services.nconprem-10-53-60-173.ccpnx.com/v1/cg/config/rate-cards
2026-02-03 08:55:26 - create_rate_cards - INFO - [STATUS CODE] 200
2026-02-03 08:55:26 - create_rate_cards - INFO - [TIME TAKEN] 0.5244 seconds (524.36 ms)
2026-02-03 08:55:26 - create_rate_cards - INFO - [RESPONSE CONTENT-TYPE] application/json
2026-02-03 08:55:26 - create_rate_cards - INFO - [RESPONSE PAYLOAD]
{
  "ids": [
    "1f58cc13-edca-4ad8-9c66-e51de1706431"
  ]
}
2026-02-03 08:55:26 - create_rate_cards - INFO - ✓ [67] Created rate card: st_testing720273_66
2026-02-03 08:55:26 - create_rate_cards - INFO - [API REQUEST] POST https://ncm.services.nconprem-10-53-60-173.ccpnx.com/v1/cg/config/rate-cards
2026-02-03 08:55:26 - create_rate_cards - INFO - [REQUEST JSON PAYLOAD]
{
  "rateCards": [
    {
      "rateCardName": "st_testing720273_67",
      "meteringRates": {
        "vm": {
          "vCpu": {
            "unit": "HOUR",
            "rate": 93
          },
          "vRam": {
            "unit": "HOUR",
            "rate": 21
          },
          "vStorage": {
            "unit": "GIB",
            "rate": 2
          },
          "customConfigs": [
            {
              "description": "st_testing720273_0",
              "value": {
                "unit": "DAY",
                "rate": 21
              }
            },
            {
              "description": "st_testing720273_1",
              "value": {
                "unit": "DAY",
                "rate": 18
              }
            },
            {
              "description": "st_testing720273_2",
              "value": {
                "unit": "DAY",
                "rate": 83
              }
            },
            {
              "description": "st_testing720273_3",
              "value": {
                "unit": "DAY",
                "rate": 39
              }
            },
            {
              "description": "st_testing720273_4",
              "value": {
                "unit": "DAY",
                "rate": 17
              }
            }
          ]
        }
      },
      "resources": []
    }
  ]
}
2026-02-03 08:55:27 - create_rate_cards - INFO - [API RESPONSE] POST https://ncm.services.nconprem-10-53-60-173.ccpnx.com/v1/cg/config/rate-cards
2026-02-03 08:55:27 - create_rate_cards - INFO - [STATUS CODE] 200
2026-02-03 08:55:27 - create_rate_cards - INFO - [TIME TAKEN] 0.6695 seconds (669.49 ms)
2026-02-03 08:55:27 - create_rate_cards - INFO - [RESPONSE CONTENT-TYPE] application/json
2026-02-03 08:55:27 - create_rate_cards - INFO - [RESPONSE PAYLOAD]
{
  "ids": [
    "f9818a73-5cf7-4573-bf57-aefb3fd58563"
  ]
}
2026-02-03 08:55:27 - create_rate_cards - INFO - ✓ [68] Created rate card: st_testing720273_67
2026-02-03 08:55:27 - create_rate_cards - INFO - [API REQUEST] POST https://ncm.services.nconprem-10-53-60-173.ccpnx.com/v1/cg/config/rate-cards
2026-02-03 08:55:27 - create_rate_cards - INFO - [REQUEST JSON PAYLOAD]
{
  "rateCards": [
    {
      "rateCardName": "st_testing720273_68",
      "meteringRates": {
        "vm": {
          "vCpu": {
            "unit": "HOUR",
            "rate": 29
          },
          "vRam": {
            "unit": "HOUR",
            "rate": 52
          },
          "vStorage": {
            "unit": "GIB",
            "rate": 95
          },
          "customConfigs": [
            {
              "description": "st_testing720273_0",
              "value": {
                "unit": "DAY",
                "rate": 24
              }
            },
            {
              "description": "st_testing720273_1",
              "value": {
                "unit": "DAY",
                "rate": 53
              }
            },
            {
              "description": "st_testing720273_2",
              "value": {
                "unit": "DAY",
                "rate": 22
              }
            },
            {
              "description": "st_testing720273_3",
              "value": {
                "unit": "DAY",
                "rate": 81
              }
            },
            {
              "description": "st_testing720273_4",
              "value": {
                "unit": "DAY",
                "rate": 10
              }
            }
          ]
        }
      },
      "resources": []
    }
  ]
}
2026-02-03 08:55:28 - create_rate_cards - INFO - [API RESPONSE] POST https://ncm.services.nconprem-10-53-60-173.ccpnx.com/v1/cg/config/rate-cards
2026-02-03 08:55:28 - create_rate_cards - INFO - [STATUS CODE] 200
2026-02-03 08:55:28 - create_rate_cards - INFO - [TIME TAKEN] 1.1038 seconds (1103.80 ms)
2026-02-03 08:55:28 - create_rate_cards - INFO - [RESPONSE CONTENT-TYPE] application/json
2026-02-03 08:55:28 - create_rate_cards - INFO - [RESPONSE PAYLOAD]
{
  "ids": [
    "6238b685-ee91-40e0-910e-8fefa66cca71"
  ]
}
2026-02-03 08:55:28 - create_rate_cards - INFO - ✓ [69] Created rate card: st_testing720273_68
2026-02-03 08:55:28 - create_rate_cards - INFO - [API REQUEST] POST https://ncm.services.nconprem-10-53-60-173.ccpnx.com/v1/cg/config/rate-cards
2026-02-03 08:55:28 - create_rate_cards - INFO - [REQUEST JSON PAYLOAD]
{
  "rateCards": [
    {
      "rateCardName": "st_testing720273_69",
      "meteringRates": {
        "vm": {
          "vCpu": {
            "unit": "HOUR",
            "rate": 5
          },
          "vRam": {
            "unit": "HOUR",
            "rate": 18
          },
          "vStorage": {
            "unit": "GIB",
            "rate": 85
          },
          "customConfigs": [
            {
              "description": "st_testing720273_0",
              "value": {
                "unit": "DAY",
                "rate": 53
              }
            },
            {
              "description": "st_testing720273_1",
              "value": {
                "unit": "DAY",
                "rate": 25
              }
            },
            {
              "description": "st_testing720273_2",
              "value": {
                "unit": "DAY",
                "rate": 62
              }
            },
            {
              "description": "st_testing720273_3",
              "value": {
                "unit": "DAY",
                "rate": 80
              }
            },
            {
              "description": "st_testing720273_4",
              "value": {
                "unit": "DAY",
                "rate": 60
              }
            }
          ]
        }
      },
      "resources": []
    }
  ]
}
2026-02-03 08:55:28 - create_rate_cards - INFO - [API RESPONSE] POST https://ncm.services.nconprem-10-53-60-173.ccpnx.com/v1/cg/config/rate-cards
2026-02-03 08:55:28 - create_rate_cards - INFO - [STATUS CODE] 200
2026-02-03 08:55:28 - create_rate_cards - INFO - [TIME TAKEN] 0.5427 seconds (542.71 ms)
2026-02-03 08:55:28 - create_rate_cards - INFO - [RESPONSE CONTENT-TYPE] application/json
2026-02-03 08:55:28 - create_rate_cards - INFO - [RESPONSE PAYLOAD]
{
  "ids": [
    "48583956-5720-41e8-b62c-71f0db742d2c"
  ]
}
2026-02-03 08:55:28 - create_rate_cards - INFO - ✓ [70] Created rate card: st_testing720273_69
2026-02-03 08:55:28 - create_rate_cards - INFO - [API REQUEST] POST https://ncm.services.nconprem-10-53-60-173.ccpnx.com/v1/cg/config/rate-cards
2026-02-03 08:55:28 - create_rate_cards - INFO - [REQUEST JSON PAYLOAD]
{
  "rateCards": [
    {
      "rateCardName": "st_testing720273_70",
      "meteringRates": {
        "vm": {
          "vCpu": {
            "unit": "HOUR",
            "rate": 10
          },
          "vRam": {
            "unit": "HOUR",
            "rate": 61
          },
          "vStorage": {
            "unit": "GIB",
            "rate": 27
          },
          "customConfigs": [
            {
              "description": "st_testing720273_0",
              "value": {
                "unit": "DAY",
                "rate": 91
              }
            },
            {
              "description": "st_testing720273_1",
              "value": {
                "unit": "DAY",
                "rate": 89
              }
            },
            {
              "description": "st_testing720273_2",
              "value": {
                "unit": "DAY",
                "rate": 78
              }
            },
            {
              "description": "st_testing720273_3",
              "value": {
                "unit": "DAY",
                "rate": 44
              }
            },
            {
              "description": "st_testing720273_4",
              "value": {
                "unit": "DAY",
                "rate": 90
              }
            }
          ]
        }
      },
      "resources": []
    }
  ]
}
2026-02-03 08:55:29 - create_rate_cards - INFO - [API RESPONSE] POST https://ncm.services.nconprem-10-53-60-173.ccpnx.com/v1/cg/config/rate-cards
2026-02-03 08:55:29 - create_rate_cards - INFO - [STATUS CODE] 200
2026-02-03 08:55:29 - create_rate_cards - INFO - [TIME TAKEN] 0.5664 seconds (566.38 ms)
2026-02-03 08:55:29 - create_rate_cards - INFO - [RESPONSE CONTENT-TYPE] application/json
2026-02-03 08:55:29 - create_rate_cards - INFO - [RESPONSE PAYLOAD]
{
  "ids": [
    "6814fb14-b92e-4dbd-8c58-eca50e079e37"
  ]
}
2026-02-03 08:55:29 - create_rate_cards - INFO - ✓ [71] Created rate card: st_testing720273_70
2026-02-03 08:55:29 - create_rate_cards - INFO - [API REQUEST] POST https://ncm.services.nconprem-10-53-60-173.ccpnx.com/v1/cg/config/rate-cards
2026-02-03 08:55:29 - create_rate_cards - INFO - [REQUEST JSON PAYLOAD]
{
  "rateCards": [
    {
      "rateCardName": "st_testing720273_71",
      "meteringRates": {
        "vm": {
          "vCpu": {
            "unit": "HOUR",
            "rate": 15
          },
          "vRam": {
            "unit": "HOUR",
            "rate": 60
          },
          "vStorage": {
            "unit": "GIB",
            "rate": 49
          },
          "customConfigs": [
            {
              "description": "st_testing720273_0",
              "value": {
                "unit": "DAY",
                "rate": 73
              }
            },
            {
              "description": "st_testing720273_1",
              "value": {
                "unit": "DAY",
                "rate": 37
              }
            },
            {
              "description": "st_testing720273_2",
              "value": {
                "unit": "DAY",
                "rate": 1
              }
            },
            {
              "description": "st_testing720273_3",
              "value": {
                "unit": "DAY",
                "rate": 97
              }
            },
            {
              "description": "st_testing720273_4",
              "value": {
                "unit": "DAY",
                "rate": 62
              }
            }
          ]
        }
      },
      "resources": []
    }
  ]
}
2026-02-03 08:55:29 - create_rate_cards - INFO - [API RESPONSE] POST https://ncm.services.nconprem-10-53-60-173.ccpnx.com/v1/cg/config/rate-cards
2026-02-03 08:55:29 - create_rate_cards - INFO - [STATUS CODE] 200
2026-02-03 08:55:29 - create_rate_cards - INFO - [TIME TAKEN] 0.3944 seconds (394.42 ms)
2026-02-03 08:55:29 - create_rate_cards - INFO - [RESPONSE CONTENT-TYPE] application/json
2026-02-03 08:55:29 - create_rate_cards - INFO - [RESPONSE PAYLOAD]
{
  "ids": [
    "8bdbac4b-f968-46a8-a391-1b42adc2ca2e"
  ]
}
2026-02-03 08:55:29 - create_rate_cards - INFO - ✓ [72] Created rate card: st_testing720273_71
2026-02-03 08:55:29 - create_rate_cards - INFO - [API REQUEST] POST https://ncm.services.nconprem-10-53-60-173.ccpnx.com/v1/cg/config/rate-cards
2026-02-03 08:55:29 - create_rate_cards - INFO - [REQUEST JSON PAYLOAD]
{
  "rateCards": [
    {
      "rateCardName": "st_testing720273_72",
      "meteringRates": {
        "vm": {
          "vCpu": {
            "unit": "HOUR",
            "rate": 28
          },
          "vRam": {
            "unit": "HOUR",
            "rate": 53
          },
          "vStorage": {
            "unit": "GIB",
            "rate": 66
          },
          "customConfigs": [
            {
              "description": "st_testing720273_0",
              "value": {
                "unit": "DAY",
                "rate": 24
              }
            },
            {
              "description": "st_testing720273_1",
              "value": {
                "unit": "DAY",
                "rate": 31
              }
            },
            {
              "description": "st_testing720273_2",
              "value": {
                "unit": "DAY",
                "rate": 71
              }
            },
            {
              "description": "st_testing720273_3",
              "value": {
                "unit": "DAY",
                "rate": 1
              }
            },
            {
              "description": "st_testing720273_4",
              "value": {
                "unit": "DAY",
                "rate": 9
              }
            }
          ]
        }
      },
      "resources": []
    }
  ]
}
2026-02-03 08:55:29 - create_rate_cards - INFO - [API RESPONSE] POST https://ncm.services.nconprem-10-53-60-173.ccpnx.com/v1/cg/config/rate-cards
2026-02-03 08:55:29 - create_rate_cards - INFO - [STATUS CODE] 200
2026-02-03 08:55:29 - create_rate_cards - INFO - [TIME TAKEN] 0.2843 seconds (284.28 ms)
2026-02-03 08:55:29 - create_rate_cards - INFO - [RESPONSE CONTENT-TYPE] application/json
2026-02-03 08:55:29 - create_rate_cards - INFO - [RESPONSE PAYLOAD]
{
  "ids": [
    "8b132980-fb1d-4fb9-a6fc-1bccc1dddd5d"
  ]
}
2026-02-03 08:55:29 - create_rate_cards - INFO - ✓ [73] Created rate card: st_testing720273_72
2026-02-03 08:55:29 - create_rate_cards - INFO - [API REQUEST] POST https://ncm.services.nconprem-10-53-60-173.ccpnx.com/v1/cg/config/rate-cards
2026-02-03 08:55:29 - create_rate_cards - INFO - [REQUEST JSON PAYLOAD]
{
  "rateCards": [
    {
      "rateCardName": "st_testing720273_73",
      "meteringRates": {
        "vm": {
          "vCpu": {
            "unit": "HOUR",
            "rate": 29
          },
          "vRam": {
            "unit": "HOUR",
            "rate": 62
          },
          "vStorage": {
            "unit": "GIB",
            "rate": 28
          },
          "customConfigs": [
            {
              "description": "st_testing720273_0",
              "value": {
                "unit": "DAY",
                "rate": 56
              }
            },
            {
              "description": "st_testing720273_1",
              "value": {
                "unit": "DAY",
                "rate": 73
              }
            },
            {
              "description": "st_testing720273_2",
              "value": {
                "unit": "DAY",
                "rate": 52
              }
            },
            {
              "description": "st_testing720273_3",
              "value": {
                "unit": "DAY",
                "rate": 21
              }
            },
            {
              "description": "st_testing720273_4",
              "value": {
                "unit": "DAY",
                "rate": 44
              }
            }
          ]
        }
      },
      "resources": []
    }
  ]
}
2026-02-03 08:55:30 - create_rate_cards - INFO - [API RESPONSE] POST https://ncm.services.nconprem-10-53-60-173.ccpnx.com/v1/cg/config/rate-cards
2026-02-03 08:55:30 - create_rate_cards - INFO - [STATUS CODE] 200
2026-02-03 08:55:30 - create_rate_cards - INFO - [TIME TAKEN] 0.6823 seconds (682.32 ms)
2026-02-03 08:55:30 - create_rate_cards - INFO - [RESPONSE CONTENT-TYPE] application/json
2026-02-03 08:55:30 - create_rate_cards - INFO - [RESPONSE PAYLOAD]
{
  "ids": [
    "f4e8d85f-5aa0-44eb-bd8c-ca49e6a7f0fd"
  ]
}
2026-02-03 08:55:30 - create_rate_cards - INFO - ✓ [74] Created rate card: st_testing720273_73
2026-02-03 08:55:30 - create_rate_cards - INFO - [API REQUEST] POST https://ncm.services.nconprem-10-53-60-173.ccpnx.com/v1/cg/config/rate-cards
2026-02-03 08:55:30 - create_rate_cards - INFO - [REQUEST JSON PAYLOAD]
{
  "rateCards": [
    {
      "rateCardName": "st_testing720273_74",
      "meteringRates": {
        "vm": {
          "vCpu": {
            "unit": "HOUR",
            "rate": 82
          },
          "vRam": {
            "unit": "HOUR",
            "rate": 53
          },
          "vStorage": {
            "unit": "GIB",
            "rate": 48
          },
          "customConfigs": [
            {
              "description": "st_testing720273_0",
              "value": {
                "unit": "DAY",
                "rate": 17
              }
            },
            {
              "description": "st_testing720273_1",
              "value": {
                "unit": "DAY",
                "rate": 41
              }
            },
            {
              "description": "st_testing720273_2",
              "value": {
                "unit": "DAY",
                "rate": 46
              }
            },
            {
              "description": "st_testing720273_3",
              "value": {
                "unit": "DAY",
                "rate": 11
              }
            },
            {
              "description": "st_testing720273_4",
              "value": {
                "unit": "DAY",
                "rate": 74
              }
            }
          ]
        }
      },
      "resources": []
    }
  ]
}
2026-02-03 08:55:31 - create_rate_cards - INFO - [API RESPONSE] POST https://ncm.services.nconprem-10-53-60-173.ccpnx.com/v1/cg/config/rate-cards
2026-02-03 08:55:31 - create_rate_cards - INFO - [STATUS CODE] 200
2026-02-03 08:55:31 - create_rate_cards - INFO - [TIME TAKEN] 0.7119 seconds (711.91 ms)
2026-02-03 08:55:31 - create_rate_cards - INFO - [RESPONSE CONTENT-TYPE] application/json
2026-02-03 08:55:31 - create_rate_cards - INFO - [RESPONSE PAYLOAD]
{
  "ids": [
    "8bd4785d-3815-4db4-a59a-dcdc348d58d0"
  ]
}
2026-02-03 08:55:31 - create_rate_cards - INFO - ✓ [75] Created rate card: st_testing720273_74
2026-02-03 08:55:31 - create_rate_cards - INFO - [API REQUEST] POST https://ncm.services.nconprem-10-53-60-173.ccpnx.com/v1/cg/config/rate-cards
2026-02-03 08:55:31 - create_rate_cards - INFO - [REQUEST JSON PAYLOAD]
{
  "rateCards": [
    {
      "rateCardName": "st_testing720273_75",
      "meteringRates": {
        "vm": {
          "vCpu": {
            "unit": "HOUR",
            "rate": 31
          },
          "vRam": {
            "unit": "HOUR",
            "rate": 69
          },
          "vStorage": {
            "unit": "GIB",
            "rate": 40
          },
          "customConfigs": [
            {
              "description": "st_testing720273_0",
              "value": {
                "unit": "DAY",
                "rate": 61
              }
            },
            {
              "description": "st_testing720273_1",
              "value": {
                "unit": "DAY",
                "rate": 81
              }
            },
            {
              "description": "st_testing720273_2",
              "value": {
                "unit": "DAY",
                "rate": 29
              }
            },
            {
              "description": "st_testing720273_3",
              "value": {
                "unit": "DAY",
                "rate": 80
              }
            },
            {
              "description": "st_testing720273_4",
              "value": {
                "unit": "DAY",
                "rate": 28
              }
            }
          ]
        }
      },
      "resources": []
    }
  ]
}
2026-02-03 08:55:32 - create_rate_cards - INFO - [API RESPONSE] POST https://ncm.services.nconprem-10-53-60-173.ccpnx.com/v1/cg/config/rate-cards
2026-02-03 08:55:32 - create_rate_cards - INFO - [STATUS CODE] 200
2026-02-03 08:55:32 - create_rate_cards - INFO - [TIME TAKEN] 1.0256 seconds (1025.56 ms)
2026-02-03 08:55:32 - create_rate_cards - INFO - [RESPONSE CONTENT-TYPE] application/json
2026-02-03 08:55:32 - create_rate_cards - INFO - [RESPONSE PAYLOAD]
{
  "ids": [
    "76afdbf5-33a8-4d85-86ad-2d2a8b315fff"
  ]
}
2026-02-03 08:55:32 - create_rate_cards - INFO - ✓ [76] Created rate card: st_testing720273_75
2026-02-03 08:55:32 - create_rate_cards - INFO - [API REQUEST] POST https://ncm.services.nconprem-10-53-60-173.ccpnx.com/v1/cg/config/rate-cards
2026-02-03 08:55:32 - create_rate_cards - INFO - [REQUEST JSON PAYLOAD]
{
  "rateCards": [
    {
      "rateCardName": "st_testing720273_76",
      "meteringRates": {
        "vm": {
          "vCpu": {
            "unit": "HOUR",
            "rate": 64
          },
          "vRam": {
            "unit": "HOUR",
            "rate": 6
          },
          "vStorage": {
            "unit": "GIB",
            "rate": 90
          },
          "customConfigs": [
            {
              "description": "st_testing720273_0",
              "value": {
                "unit": "DAY",
                "rate": 4
              }
            },
            {
              "description": "st_testing720273_1",
              "value": {
                "unit": "DAY",
                "rate": 54
              }
            },
            {
              "description": "st_testing720273_2",
              "value": {
                "unit": "DAY",
                "rate": 48
              }
            },
            {
              "description": "st_testing720273_3",
              "value": {
                "unit": "DAY",
                "rate": 62
              }
            },
            {
              "description": "st_testing720273_4",
              "value": {
                "unit": "DAY",
                "rate": 54
              }
            }
          ]
        }
      },
      "resources": []
    }
  ]
}
2026-02-03 08:55:32 - create_rate_cards - INFO - [API RESPONSE] POST https://ncm.services.nconprem-10-53-60-173.ccpnx.com/v1/cg/config/rate-cards
2026-02-03 08:55:32 - create_rate_cards - INFO - [STATUS CODE] 200
2026-02-03 08:55:32 - create_rate_cards - INFO - [TIME TAKEN] 0.4601 seconds (460.11 ms)
2026-02-03 08:55:32 - create_rate_cards - INFO - [RESPONSE CONTENT-TYPE] application/json
2026-02-03 08:55:32 - create_rate_cards - INFO - [RESPONSE PAYLOAD]
{
  "ids": [
    "b4c7ef38-76a0-45bc-aaf7-96714262b733"
  ]
}
2026-02-03 08:55:32 - create_rate_cards - INFO - ✓ [77] Created rate card: st_testing720273_76
2026-02-03 08:55:32 - create_rate_cards - INFO - [API REQUEST] POST https://ncm.services.nconprem-10-53-60-173.ccpnx.com/v1/cg/config/rate-cards
2026-02-03 08:55:32 - create_rate_cards - INFO - [REQUEST JSON PAYLOAD]
{
  "rateCards": [
    {
      "rateCardName": "st_testing720273_77",
      "meteringRates": {
        "vm": {
          "vCpu": {
            "unit": "HOUR",
            "rate": 46
          },
          "vRam": {
            "unit": "HOUR",
            "rate": 26
          },
          "vStorage": {
            "unit": "GIB",
            "rate": 51
          },
          "customConfigs": [
            {
              "description": "st_testing720273_0",
              "value": {
                "unit": "DAY",
                "rate": 25
              }
            },
            {
              "description": "st_testing720273_1",
              "value": {
                "unit": "DAY",
                "rate": 91
              }
            },
            {
              "description": "st_testing720273_2",
              "value": {
                "unit": "DAY",
                "rate": 81
              }
            },
            {
              "description": "st_testing720273_3",
              "value": {
                "unit": "DAY",
                "rate": 46
              }
            },
            {
              "description": "st_testing720273_4",
              "value": {
                "unit": "DAY",
                "rate": 9
              }
            }
          ]
        }
      },
      "resources": []
    }
  ]
}
2026-02-03 08:55:33 - create_rate_cards - INFO - [API RESPONSE] POST https://ncm.services.nconprem-10-53-60-173.ccpnx.com/v1/cg/config/rate-cards
2026-02-03 08:55:33 - create_rate_cards - INFO - [STATUS CODE] 200
2026-02-03 08:55:33 - create_rate_cards - INFO - [TIME TAKEN] 0.4994 seconds (499.38 ms)
2026-02-03 08:55:33 - create_rate_cards - INFO - [RESPONSE CONTENT-TYPE] application/json
2026-02-03 08:55:33 - create_rate_cards - INFO - [RESPONSE PAYLOAD]
{
  "ids": [
    "1962c6a4-ff1e-49cd-8e4b-2c49c9cebfe5"
  ]
}
2026-02-03 08:55:33 - create_rate_cards - INFO - ✓ [78] Created rate card: st_testing720273_77
2026-02-03 08:55:33 - create_rate_cards - INFO - [API REQUEST] POST https://ncm.services.nconprem-10-53-60-173.ccpnx.com/v1/cg/config/rate-cards
2026-02-03 08:55:33 - create_rate_cards - INFO - [REQUEST JSON PAYLOAD]
{
  "rateCards": [
    {
      "rateCardName": "st_testing720273_78",
      "meteringRates": {
        "vm": {
          "vCpu": {
            "unit": "HOUR",
            "rate": 89
          },
          "vRam": {
            "unit": "HOUR",
            "rate": 17
          },
          "vStorage": {
            "unit": "GIB",
            "rate": 88
          },
          "customConfigs": [
            {
              "description": "st_testing720273_0",
              "value": {
                "unit": "DAY",
                "rate": 1
              }
            },
            {
              "description": "st_testing720273_1",
              "value": {
                "unit": "DAY",
                "rate": 67
              }
            },
            {
              "description": "st_testing720273_2",
              "value": {
                "unit": "DAY",
                "rate": 74
              }
            },
            {
              "description": "st_testing720273_3",
              "value": {
                "unit": "DAY",
                "rate": 52
              }
            },
            {
              "description": "st_testing720273_4",
              "value": {
                "unit": "DAY",
                "rate": 4
              }
            }
          ]
        }
      },
      "resources": []
    }
  ]
}
2026-02-03 08:55:34 - create_rate_cards - INFO - [API RESPONSE] POST https://ncm.services.nconprem-10-53-60-173.ccpnx.com/v1/cg/config/rate-cards
2026-02-03 08:55:34 - create_rate_cards - INFO - [STATUS CODE] 200
2026-02-03 08:55:34 - create_rate_cards - INFO - [TIME TAKEN] 1.0270 seconds (1027.03 ms)
2026-02-03 08:55:34 - create_rate_cards - INFO - [RESPONSE CONTENT-TYPE] application/json
2026-02-03 08:55:34 - create_rate_cards - INFO - [RESPONSE PAYLOAD]
{
  "ids": [
    "cbcd0465-6c71-4abb-b4bd-e279900c9881"
  ]
}
2026-02-03 08:55:34 - create_rate_cards - INFO - ✓ [79] Created rate card: st_testing720273_78
2026-02-03 08:55:34 - create_rate_cards - INFO - [API REQUEST] POST https://ncm.services.nconprem-10-53-60-173.ccpnx.com/v1/cg/config/rate-cards
2026-02-03 08:55:34 - create_rate_cards - INFO - [REQUEST JSON PAYLOAD]
{
  "rateCards": [
    {
      "rateCardName": "st_testing720273_79",
      "meteringRates": {
        "vm": {
          "vCpu": {
            "unit": "HOUR",
            "rate": 78
          },
          "vRam": {
            "unit": "HOUR",
            "rate": 16
          },
          "vStorage": {
            "unit": "GIB",
            "rate": 14
          },
          "customConfigs": [
            {
              "description": "st_testing720273_0",
              "value": {
                "unit": "DAY",
                "rate": 55
              }
            },
            {
              "description": "st_testing720273_1",
              "value": {
                "unit": "DAY",
                "rate": 56
              }
            },
            {
              "description": "st_testing720273_2",
              "value": {
                "unit": "DAY",
                "rate": 79
              }
            },
            {
              "description": "st_testing720273_3",
              "value": {
                "unit": "DAY",
                "rate": 91
              }
            },
            {
              "description": "st_testing720273_4",
              "value": {
                "unit": "DAY",
                "rate": 88
              }
            }
          ]
        }
      },
      "resources": []
    }
  ]
}
2026-02-03 08:55:34 - create_rate_cards - INFO - [API RESPONSE] POST https://ncm.services.nconprem-10-53-60-173.ccpnx.com/v1/cg/config/rate-cards
2026-02-03 08:55:34 - create_rate_cards - INFO - [STATUS CODE] 200
2026-02-03 08:55:34 - create_rate_cards - INFO - [TIME TAKEN] 0.4824 seconds (482.40 ms)
2026-02-03 08:55:34 - create_rate_cards - INFO - [RESPONSE CONTENT-TYPE] application/json
2026-02-03 08:55:34 - create_rate_cards - INFO - [RESPONSE PAYLOAD]
{
  "ids": [
    "75efe2f2-4bee-43c2-bad7-62fd5e397df2"
  ]
}
2026-02-03 08:55:34 - create_rate_cards - INFO - ✓ [80] Created rate card: st_testing720273_79
2026-02-03 08:55:34 - create_rate_cards - INFO - [API REQUEST] POST https://ncm.services.nconprem-10-53-60-173.ccpnx.com/v1/cg/config/rate-cards
2026-02-03 08:55:34 - create_rate_cards - INFO - [REQUEST JSON PAYLOAD]
{
  "rateCards": [
    {
      "rateCardName": "st_testing720273_80",
      "meteringRates": {
        "vm": {
          "vCpu": {
            "unit": "HOUR",
            "rate": 43
          },
          "vRam": {
            "unit": "HOUR",
            "rate": 86
          },
          "vStorage": {
            "unit": "GIB",
            "rate": 64
          },
          "customConfigs": [
            {
              "description": "st_testing720273_0",
              "value": {
                "unit": "DAY",
                "rate": 8
              }
            },
            {
              "description": "st_testing720273_1",
              "value": {
                "unit": "DAY",
                "rate": 57
              }
            },
            {
              "description": "st_testing720273_2",
              "value": {
                "unit": "DAY",
                "rate": 61
              }
            },
            {
              "description": "st_testing720273_3",
              "value": {
                "unit": "DAY",
                "rate": 69
              }
            },
            {
              "description": "st_testing720273_4",
              "value": {
                "unit": "DAY",
                "rate": 69
              }
            }
          ]
        }
      },
      "resources": []
    }
  ]
}
2026-02-03 08:55:35 - create_rate_cards - INFO - [API RESPONSE] POST https://ncm.services.nconprem-10-53-60-173.ccpnx.com/v1/cg/config/rate-cards
2026-02-03 08:55:35 - create_rate_cards - INFO - [STATUS CODE] 200
2026-02-03 08:55:35 - create_rate_cards - INFO - [TIME TAKEN] 0.5219 seconds (521.91 ms)
2026-02-03 08:55:35 - create_rate_cards - INFO - [RESPONSE CONTENT-TYPE] application/json
2026-02-03 08:55:35 - create_rate_cards - INFO - [RESPONSE PAYLOAD]
{
  "ids": [
    "59b4fe4d-6ee4-4491-bac7-288d36ec419d"
  ]
}
2026-02-03 08:55:35 - create_rate_cards - INFO - ✓ [81] Created rate card: st_testing720273_80
2026-02-03 08:55:35 - create_rate_cards - INFO - [API REQUEST] POST https://ncm.services.nconprem-10-53-60-173.ccpnx.com/v1/cg/config/rate-cards
2026-02-03 08:55:35 - create_rate_cards - INFO - [REQUEST JSON PAYLOAD]
{
  "rateCards": [
    {
      "rateCardName": "st_testing720273_81",
      "meteringRates": {
        "vm": {
          "vCpu": {
            "unit": "HOUR",
            "rate": 26
          },
          "vRam": {
            "unit": "HOUR",
            "rate": 59
          },
          "vStorage": {
            "unit": "GIB",
            "rate": 61
          },
          "customConfigs": [
            {
              "description": "st_testing720273_0",
              "value": {
                "unit": "DAY",
                "rate": 22
              }
            },
            {
              "description": "st_testing720273_1",
              "value": {
                "unit": "DAY",
                "rate": 61
              }
            },
            {
              "description": "st_testing720273_2",
              "value": {
                "unit": "DAY",
                "rate": 85
              }
            },
            {
              "description": "st_testing720273_3",
              "value": {
                "unit": "DAY",
                "rate": 26
              }
            },
            {
              "description": "st_testing720273_4",
              "value": {
                "unit": "DAY",
                "rate": 93
              }
            }
          ]
        }
      },
      "resources": []
    }
  ]
}
2026-02-03 08:55:35 - create_rate_cards - INFO - [API RESPONSE] POST https://ncm.services.nconprem-10-53-60-173.ccpnx.com/v1/cg/config/rate-cards
2026-02-03 08:55:35 - create_rate_cards - INFO - [STATUS CODE] 200
2026-02-03 08:55:35 - create_rate_cards - INFO - [TIME TAKEN] 0.4827 seconds (482.72 ms)
2026-02-03 08:55:35 - create_rate_cards - INFO - [RESPONSE CONTENT-TYPE] application/json
2026-02-03 08:55:35 - create_rate_cards - INFO - [RESPONSE PAYLOAD]
{
  "ids": [
    "1efcc20a-e865-4337-997c-50c0845be890"
  ]
}
2026-02-03 08:55:35 - create_rate_cards - INFO - ✓ [82] Created rate card: st_testing720273_81
2026-02-03 08:55:35 - create_rate_cards - INFO - [API REQUEST] POST https://ncm.services.nconprem-10-53-60-173.ccpnx.com/v1/cg/config/rate-cards
2026-02-03 08:55:35 - create_rate_cards - INFO - [REQUEST JSON PAYLOAD]
{
  "rateCards": [
    {
      "rateCardName": "st_testing720273_82",
      "meteringRates": {
        "vm": {
          "vCpu": {
            "unit": "HOUR",
            "rate": 86
          },
          "vRam": {
            "unit": "HOUR",
            "rate": 46
          },
          "vStorage": {
            "unit": "GIB",
            "rate": 17
          },
          "customConfigs": [
            {
              "description": "st_testing720273_0",
              "value": {
                "unit": "DAY",
                "rate": 89
              }
            },
            {
              "description": "st_testing720273_1",
              "value": {
                "unit": "DAY",
                "rate": 53
              }
            },
            {
              "description": "st_testing720273_2",
              "value": {
                "unit": "DAY",
                "rate": 40
              }
            },
            {
              "description": "st_testing720273_3",
              "value": {
                "unit": "DAY",
                "rate": 15
              }
            },
            {
              "description": "st_testing720273_4",
              "value": {
                "unit": "DAY",
                "rate": 76
              }
            }
          ]
        }
      },
      "resources": []
    }
  ]
}
2026-02-03 08:55:37 - create_rate_cards - INFO - [API RESPONSE] POST https://ncm.services.nconprem-10-53-60-173.ccpnx.com/v1/cg/config/rate-cards
2026-02-03 08:55:37 - create_rate_cards - INFO - [STATUS CODE] 200
2026-02-03 08:55:37 - create_rate_cards - INFO - [TIME TAKEN] 1.4817 seconds (1481.74 ms)
2026-02-03 08:55:37 - create_rate_cards - INFO - [RESPONSE CONTENT-TYPE] application/json
2026-02-03 08:55:37 - create_rate_cards - INFO - [RESPONSE PAYLOAD]
{
  "ids": [
    "473d564d-0578-412c-ab47-e153539d0135"
  ]
}
2026-02-03 08:55:37 - create_rate_cards - INFO - ✓ [83] Created rate card: st_testing720273_82
2026-02-03 08:55:37 - create_rate_cards - INFO - [API REQUEST] POST https://ncm.services.nconprem-10-53-60-173.ccpnx.com/v1/cg/config/rate-cards
2026-02-03 08:55:37 - create_rate_cards - INFO - [REQUEST JSON PAYLOAD]
{
  "rateCards": [
    {
      "rateCardName": "st_testing720273_83",
      "meteringRates": {
        "vm": {
          "vCpu": {
            "unit": "HOUR",
            "rate": 15
          },
          "vRam": {
            "unit": "HOUR",
            "rate": 58
          },
          "vStorage": {
            "unit": "GIB",
            "rate": 57
          },
          "customConfigs": [
            {
              "description": "st_testing720273_0",
              "value": {
                "unit": "DAY",
                "rate": 57
              }
            },
            {
              "description": "st_testing720273_1",
              "value": {
                "unit": "DAY",
                "rate": 66
              }
            },
            {
              "description": "st_testing720273_2",
              "value": {
                "unit": "DAY",
                "rate": 78
              }
            },
            {
              "description": "st_testing720273_3",
              "value": {
                "unit": "DAY",
                "rate": 76
              }
            },
            {
              "description": "st_testing720273_4",
              "value": {
                "unit": "DAY",
                "rate": 50
              }
            }
          ]
        }
      },
      "resources": []
    }
  ]
}
2026-02-03 08:55:37 - create_rate_cards - INFO - [API RESPONSE] POST https://ncm.services.nconprem-10-53-60-173.ccpnx.com/v1/cg/config/rate-cards
2026-02-03 08:55:37 - create_rate_cards - INFO - [STATUS CODE] 200
2026-02-03 08:55:37 - create_rate_cards - INFO - [TIME TAKEN] 0.5094 seconds (509.41 ms)
2026-02-03 08:55:37 - create_rate_cards - INFO - [RESPONSE CONTENT-TYPE] application/json
2026-02-03 08:55:37 - create_rate_cards - INFO - [RESPONSE PAYLOAD]
{
  "ids": [
    "98248d08-8101-4451-b386-80c46fed3929"
  ]
}
2026-02-03 08:55:37 - create_rate_cards - INFO - ✓ [84] Created rate card: st_testing720273_83
2026-02-03 08:55:37 - create_rate_cards - INFO - [API REQUEST] POST https://ncm.services.nconprem-10-53-60-173.ccpnx.com/v1/cg/config/rate-cards
2026-02-03 08:55:37 - create_rate_cards - INFO - [REQUEST JSON PAYLOAD]
{
  "rateCards": [
    {
      "rateCardName": "st_testing720273_84",
      "meteringRates": {
        "vm": {
          "vCpu": {
            "unit": "HOUR",
            "rate": 18
          },
          "vRam": {
            "unit": "HOUR",
            "rate": 27
          },
          "vStorage": {
            "unit": "GIB",
            "rate": 59
          },
          "customConfigs": [
            {
              "description": "st_testing720273_0",
              "value": {
                "unit": "DAY",
                "rate": 67
              }
            },
            {
              "description": "st_testing720273_1",
              "value": {
                "unit": "DAY",
                "rate": 16
              }
            },
            {
              "description": "st_testing720273_2",
              "value": {
                "unit": "DAY",
                "rate": 91
              }
            },
            {
              "description": "st_testing720273_3",
              "value": {
                "unit": "DAY",
                "rate": 29
              }
            },
            {
              "description": "st_testing720273_4",
              "value": {
                "unit": "DAY",
                "rate": 80
              }
            }
          ]
        }
      },
      "resources": []
    }
  ]
}
2026-02-03 08:55:38 - create_rate_cards - INFO - [API RESPONSE] POST https://ncm.services.nconprem-10-53-60-173.ccpnx.com/v1/cg/config/rate-cards
2026-02-03 08:55:38 - create_rate_cards - INFO - [STATUS CODE] 200
2026-02-03 08:55:38 - create_rate_cards - INFO - [TIME TAKEN] 0.6027 seconds (602.74 ms)
2026-02-03 08:55:38 - create_rate_cards - INFO - [RESPONSE CONTENT-TYPE] application/json
2026-02-03 08:55:38 - create_rate_cards - INFO - [RESPONSE PAYLOAD]
{
  "ids": [
    "798ba9d9-05fc-4876-9368-46292649ba2e"
  ]
}
2026-02-03 08:55:38 - create_rate_cards - INFO - ✓ [85] Created rate card: st_testing720273_84
2026-02-03 08:55:38 - create_rate_cards - INFO - [API REQUEST] POST https://ncm.services.nconprem-10-53-60-173.ccpnx.com/v1/cg/config/rate-cards
2026-02-03 08:55:38 - create_rate_cards - INFO - [REQUEST JSON PAYLOAD]
{
  "rateCards": [
    {
      "rateCardName": "st_testing720273_85",
      "meteringRates": {
        "vm": {
          "vCpu": {
            "unit": "HOUR",
            "rate": 68
          },
          "vRam": {
            "unit": "HOUR",
            "rate": 31
          },
          "vStorage": {
            "unit": "GIB",
            "rate": 43
          },
          "customConfigs": [
            {
              "description": "st_testing720273_0",
              "value": {
                "unit": "DAY",
                "rate": 46
              }
            },
            {
              "description": "st_testing720273_1",
              "value": {
                "unit": "DAY",
                "rate": 58
              }
            },
            {
              "description": "st_testing720273_2",
              "value": {
                "unit": "DAY",
                "rate": 65
              }
            },
            {
              "description": "st_testing720273_3",
              "value": {
                "unit": "DAY",
                "rate": 3
              }
            },
            {
              "description": "st_testing720273_4",
              "value": {
                "unit": "DAY",
                "rate": 39
              }
            }
          ]
        }
      },
      "resources": []
    }
  ]
}
2026-02-03 08:55:38 - create_rate_cards - INFO - [API RESPONSE] POST https://ncm.services.nconprem-10-53-60-173.ccpnx.com/v1/cg/config/rate-cards
2026-02-03 08:55:38 - create_rate_cards - INFO - [STATUS CODE] 200
2026-02-03 08:55:38 - create_rate_cards - INFO - [TIME TAKEN] 0.3945 seconds (394.51 ms)
2026-02-03 08:55:38 - create_rate_cards - INFO - [RESPONSE CONTENT-TYPE] application/json
2026-02-03 08:55:38 - create_rate_cards - INFO - [RESPONSE PAYLOAD]
{
  "ids": [
    "62251e46-b572-471f-8594-a87996546c09"
  ]
}
2026-02-03 08:55:38 - create_rate_cards - INFO - ✓ [86] Created rate card: st_testing720273_85
2026-02-03 08:55:38 - create_rate_cards - INFO - [API REQUEST] POST https://ncm.services.nconprem-10-53-60-173.ccpnx.com/v1/cg/config/rate-cards
2026-02-03 08:55:38 - create_rate_cards - INFO - [REQUEST JSON PAYLOAD]
{
  "rateCards": [
    {
      "rateCardName": "st_testing720273_86",
      "meteringRates": {
        "vm": {
          "vCpu": {
            "unit": "HOUR",
            "rate": 33
          },
          "vRam": {
            "unit": "HOUR",
            "rate": 88
          },
          "vStorage": {
            "unit": "GIB",
            "rate": 65
          },
          "customConfigs": [
            {
              "description": "st_testing720273_0",
              "value": {
                "unit": "DAY",
                "rate": 100
              }
            },
            {
              "description": "st_testing720273_1",
              "value": {
                "unit": "DAY",
                "rate": 93
              }
            },
            {
              "description": "st_testing720273_2",
              "value": {
                "unit": "DAY",
                "rate": 47
              }
            },
            {
              "description": "st_testing720273_3",
              "value": {
                "unit": "DAY",
                "rate": 57
              }
            },
            {
              "description": "st_testing720273_4",
              "value": {
                "unit": "DAY",
                "rate": 18
              }
            }
          ]
        }
      },
      "resources": []
    }
  ]
}
2026-02-03 08:55:39 - create_rate_cards - INFO - [API RESPONSE] POST https://ncm.services.nconprem-10-53-60-173.ccpnx.com/v1/cg/config/rate-cards
2026-02-03 08:55:39 - create_rate_cards - INFO - [STATUS CODE] 200
2026-02-03 08:55:39 - create_rate_cards - INFO - [TIME TAKEN] 1.0130 seconds (1013.00 ms)
2026-02-03 08:55:39 - create_rate_cards - INFO - [RESPONSE CONTENT-TYPE] application/json
2026-02-03 08:55:39 - create_rate_cards - INFO - [RESPONSE PAYLOAD]
{
  "ids": [
    "1a84598b-205d-4757-beb4-d36d16bb4819"
  ]
}
2026-02-03 08:55:39 - create_rate_cards - INFO - ✓ [87] Created rate card: st_testing720273_86
2026-02-03 08:55:39 - create_rate_cards - INFO - [API REQUEST] POST https://ncm.services.nconprem-10-53-60-173.ccpnx.com/v1/cg/config/rate-cards
2026-02-03 08:55:39 - create_rate_cards - INFO - [REQUEST JSON PAYLOAD]
{
  "rateCards": [
    {
      "rateCardName": "st_testing720273_87",
      "meteringRates": {
        "vm": {
          "vCpu": {
            "unit": "HOUR",
            "rate": 55
          },
          "vRam": {
            "unit": "HOUR",
            "rate": 61
          },
          "vStorage": {
            "unit": "GIB",
            "rate": 18
          },
          "customConfigs": [
            {
              "description": "st_testing720273_0",
              "value": {
                "unit": "DAY",
                "rate": 33
              }
            },
            {
              "description": "st_testing720273_1",
              "value": {
                "unit": "DAY",
                "rate": 23
              }
            },
            {
              "description": "st_testing720273_2",
              "value": {
                "unit": "DAY",
                "rate": 12
              }
            },
            {
              "description": "st_testing720273_3",
              "value": {
                "unit": "DAY",
                "rate": 78
              }
            },
            {
              "description": "st_testing720273_4",
              "value": {
                "unit": "DAY",
                "rate": 71
              }
            }
          ]
        }
      },
      "resources": []
    }
  ]
}
2026-02-03 08:55:40 - create_rate_cards - INFO - [API RESPONSE] POST https://ncm.services.nconprem-10-53-60-173.ccpnx.com/v1/cg/config/rate-cards
2026-02-03 08:55:40 - create_rate_cards - INFO - [STATUS CODE] 200
2026-02-03 08:55:40 - create_rate_cards - INFO - [TIME TAKEN] 0.5006 seconds (500.59 ms)
2026-02-03 08:55:40 - create_rate_cards - INFO - [RESPONSE CONTENT-TYPE] application/json
2026-02-03 08:55:40 - create_rate_cards - INFO - [RESPONSE PAYLOAD]
{
  "ids": [
    "9d8e399f-f0bc-4836-9711-02883adf1653"
  ]
}
2026-02-03 08:55:40 - create_rate_cards - INFO - ✓ [88] Created rate card: st_testing720273_87
2026-02-03 08:55:40 - create_rate_cards - INFO - [API REQUEST] POST https://ncm.services.nconprem-10-53-60-173.ccpnx.com/v1/cg/config/rate-cards
2026-02-03 08:55:40 - create_rate_cards - INFO - [REQUEST JSON PAYLOAD]
{
  "rateCards": [
    {
      "rateCardName": "st_testing720273_88",
      "meteringRates": {
        "vm": {
          "vCpu": {
            "unit": "HOUR",
            "rate": 29
          },
          "vRam": {
            "unit": "HOUR",
            "rate": 67
          },
          "vStorage": {
            "unit": "GIB",
            "rate": 93
          },
          "customConfigs": [
            {
              "description": "st_testing720273_0",
              "value": {
                "unit": "DAY",
                "rate": 61
              }
            },
            {
              "description": "st_testing720273_1",
              "value": {
                "unit": "DAY",
                "rate": 51
              }
            },
            {
              "description": "st_testing720273_2",
              "value": {
                "unit": "DAY",
                "rate": 89
              }
            },
            {
              "description": "st_testing720273_3",
              "value": {
                "unit": "DAY",
                "rate": 45
              }
            },
            {
              "description": "st_testing720273_4",
              "value": {
                "unit": "DAY",
                "rate": 70
              }
            }
          ]
        }
      },
      "resources": []
    }
  ]
}
2026-02-03 08:55:40 - create_rate_cards - INFO - [API RESPONSE] POST https://ncm.services.nconprem-10-53-60-173.ccpnx.com/v1/cg/config/rate-cards
2026-02-03 08:55:40 - create_rate_cards - INFO - [STATUS CODE] 200
2026-02-03 08:55:40 - create_rate_cards - INFO - [TIME TAKEN] 0.4827 seconds (482.69 ms)
2026-02-03 08:55:40 - create_rate_cards - INFO - [RESPONSE CONTENT-TYPE] application/json
2026-02-03 08:55:40 - create_rate_cards - INFO - [RESPONSE PAYLOAD]
{
  "ids": [
    "a4b3a97f-146c-46ae-96e5-479c84d3cee0"
  ]
}
2026-02-03 08:55:40 - create_rate_cards - INFO - ✓ [89] Created rate card: st_testing720273_88
2026-02-03 08:55:40 - create_rate_cards - INFO - [API REQUEST] POST https://ncm.services.nconprem-10-53-60-173.ccpnx.com/v1/cg/config/rate-cards
2026-02-03 08:55:40 - create_rate_cards - INFO - [REQUEST JSON PAYLOAD]
{
  "rateCards": [
    {
      "rateCardName": "st_testing720273_89",
      "meteringRates": {
        "vm": {
          "vCpu": {
            "unit": "HOUR",
            "rate": 99
          },
          "vRam": {
            "unit": "HOUR",
            "rate": 84
          },
          "vStorage": {
            "unit": "GIB",
            "rate": 84
          },
          "customConfigs": [
            {
              "description": "st_testing720273_0",
              "value": {
                "unit": "DAY",
                "rate": 33
              }
            },
            {
              "description": "st_testing720273_1",
              "value": {
                "unit": "DAY",
                "rate": 100
              }
            },
            {
              "description": "st_testing720273_2",
              "value": {
                "unit": "DAY",
                "rate": 16
              }
            },
            {
              "description": "st_testing720273_3",
              "value": {
                "unit": "DAY",
                "rate": 52
              }
            },
            {
              "description": "st_testing720273_4",
              "value": {
                "unit": "DAY",
                "rate": 85
              }
            }
          ]
        }
      },
      "resources": []
    }
  ]
}
2026-02-03 08:55:41 - create_rate_cards - INFO - [API RESPONSE] POST https://ncm.services.nconprem-10-53-60-173.ccpnx.com/v1/cg/config/rate-cards
2026-02-03 08:55:41 - create_rate_cards - INFO - [STATUS CODE] 200
2026-02-03 08:55:41 - create_rate_cards - INFO - [TIME TAKEN] 0.3903 seconds (390.32 ms)
2026-02-03 08:55:41 - create_rate_cards - INFO - [RESPONSE CONTENT-TYPE] application/json
2026-02-03 08:55:41 - create_rate_cards - INFO - [RESPONSE PAYLOAD]
{
  "ids": [
    "7e8bca63-2f74-4cf2-b19f-92e32240a6da"
  ]
}
2026-02-03 08:55:41 - create_rate_cards - INFO - ✓ [90] Created rate card: st_testing720273_89
2026-02-03 08:55:41 - create_rate_cards - INFO - [API REQUEST] POST https://ncm.services.nconprem-10-53-60-173.ccpnx.com/v1/cg/config/rate-cards
2026-02-03 08:55:41 - create_rate_cards - INFO - [REQUEST JSON PAYLOAD]
{
  "rateCards": [
    {
      "rateCardName": "st_testing720273_90",
      "meteringRates": {
        "vm": {
          "vCpu": {
            "unit": "HOUR",
            "rate": 29
          },
          "vRam": {
            "unit": "HOUR",
            "rate": 58
          },
          "vStorage": {
            "unit": "GIB",
            "rate": 1
          },
          "customConfigs": [
            {
              "description": "st_testing720273_0",
              "value": {
                "unit": "DAY",
                "rate": 91
              }
            },
            {
              "description": "st_testing720273_1",
              "value": {
                "unit": "DAY",
                "rate": 79
              }
            },
            {
              "description": "st_testing720273_2",
              "value": {
                "unit": "DAY",
                "rate": 84
              }
            },
            {
              "description": "st_testing720273_3",
              "value": {
                "unit": "DAY",
                "rate": 97
              }
            },
            {
              "description": "st_testing720273_4",
              "value": {
                "unit": "DAY",
                "rate": 18
              }
            }
          ]
        }
      },
      "resources": []
    }
  ]
}
2026-02-03 08:55:41 - create_rate_cards - INFO - [API RESPONSE] POST https://ncm.services.nconprem-10-53-60-173.ccpnx.com/v1/cg/config/rate-cards
2026-02-03 08:55:41 - create_rate_cards - INFO - [STATUS CODE] 200
2026-02-03 08:55:41 - create_rate_cards - INFO - [TIME TAKEN] 0.3375 seconds (337.47 ms)
2026-02-03 08:55:41 - create_rate_cards - INFO - [RESPONSE CONTENT-TYPE] application/json
2026-02-03 08:55:41 - create_rate_cards - INFO - [RESPONSE PAYLOAD]
{
  "ids": [
    "22c6cc14-9f83-4e68-8479-3ff9ad0ddf3e"
  ]
}
2026-02-03 08:55:41 - create_rate_cards - INFO - ✓ [91] Created rate card: st_testing720273_90
2026-02-03 08:55:41 - create_rate_cards - INFO - [API REQUEST] POST https://ncm.services.nconprem-10-53-60-173.ccpnx.com/v1/cg/config/rate-cards
2026-02-03 08:55:41 - create_rate_cards - INFO - [REQUEST JSON PAYLOAD]
{
  "rateCards": [
    {
      "rateCardName": "st_testing720273_91",
      "meteringRates": {
        "vm": {
          "vCpu": {
            "unit": "HOUR",
            "rate": 72
          },
          "vRam": {
            "unit": "HOUR",
            "rate": 77
          },
          "vStorage": {
            "unit": "GIB",
            "rate": 72
          },
          "customConfigs": [
            {
              "description": "st_testing720273_0",
              "value": {
                "unit": "DAY",
                "rate": 58
              }
            },
            {
              "description": "st_testing720273_1",
              "value": {
                "unit": "DAY",
                "rate": 2
              }
            },
            {
              "description": "st_testing720273_2",
              "value": {
                "unit": "DAY",
                "rate": 86
              }
            },
            {
              "description": "st_testing720273_3",
              "value": {
                "unit": "DAY",
                "rate": 17
              }
            },
            {
              "description": "st_testing720273_4",
              "value": {
                "unit": "DAY",
                "rate": 12
              }
            }
          ]
        }
      },
      "resources": []
    }
  ]
}
2026-02-03 08:55:41 - create_rate_cards - INFO - [API RESPONSE] POST https://ncm.services.nconprem-10-53-60-173.ccpnx.com/v1/cg/config/rate-cards
2026-02-03 08:55:41 - create_rate_cards - INFO - [STATUS CODE] 200
2026-02-03 08:55:41 - create_rate_cards - INFO - [TIME TAKEN] 0.2920 seconds (292.01 ms)
2026-02-03 08:55:41 - create_rate_cards - INFO - [RESPONSE CONTENT-TYPE] application/json
2026-02-03 08:55:41 - create_rate_cards - INFO - [RESPONSE PAYLOAD]
{
  "ids": [
    "ae84f030-0e38-415a-bc80-0e91a6bb7cfa"
  ]
}
2026-02-03 08:55:41 - create_rate_cards - INFO - ✓ [92] Created rate card: st_testing720273_91
2026-02-03 08:55:41 - create_rate_cards - INFO - [API REQUEST] POST https://ncm.services.nconprem-10-53-60-173.ccpnx.com/v1/cg/config/rate-cards
2026-02-03 08:55:41 - create_rate_cards - INFO - [REQUEST JSON PAYLOAD]
{
  "rateCards": [
    {
      "rateCardName": "st_testing720273_92",
      "meteringRates": {
        "vm": {
          "vCpu": {
            "unit": "HOUR",
            "rate": 78
          },
          "vRam": {
            "unit": "HOUR",
            "rate": 5
          },
          "vStorage": {
            "unit": "GIB",
            "rate": 62
          },
          "customConfigs": [
            {
              "description": "st_testing720273_0",
              "value": {
                "unit": "DAY",
                "rate": 22
              }
            },
            {
              "description": "st_testing720273_1",
              "value": {
                "unit": "DAY",
                "rate": 49
              }
            },
            {
              "description": "st_testing720273_2",
              "value": {
                "unit": "DAY",
                "rate": 63
              }
            },
            {
              "description": "st_testing720273_3",
              "value": {
                "unit": "DAY",
                "rate": 18
              }
            },
            {
              "description": "st_testing720273_4",
              "value": {
                "unit": "DAY",
                "rate": 11
              }
            }
          ]
        }
      },
      "resources": []
    }
  ]
}
2026-02-03 08:55:42 - create_rate_cards - INFO - [API RESPONSE] POST https://ncm.services.nconprem-10-53-60-173.ccpnx.com/v1/cg/config/rate-cards
2026-02-03 08:55:42 - create_rate_cards - INFO - [STATUS CODE] 200
2026-02-03 08:55:42 - create_rate_cards - INFO - [TIME TAKEN] 0.2442 seconds (244.23 ms)
2026-02-03 08:55:42 - create_rate_cards - INFO - [RESPONSE CONTENT-TYPE] application/json
2026-02-03 08:55:42 - create_rate_cards - INFO - [RESPONSE PAYLOAD]
{
  "ids": [
    "b7a96143-79db-49ca-b513-7ca75e70315f"
  ]
}
2026-02-03 08:55:42 - create_rate_cards - INFO - ✓ [93] Created rate card: st_testing720273_92
2026-02-03 08:55:42 - create_rate_cards - INFO - [API REQUEST] POST https://ncm.services.nconprem-10-53-60-173.ccpnx.com/v1/cg/config/rate-cards
2026-02-03 08:55:42 - create_rate_cards - INFO - [REQUEST JSON PAYLOAD]
{
  "rateCards": [
    {
      "rateCardName": "st_testing720273_93",
      "meteringRates": {
        "vm": {
          "vCpu": {
            "unit": "HOUR",
            "rate": 39
          },
          "vRam": {
            "unit": "HOUR",
            "rate": 74
          },
          "vStorage": {
            "unit": "GIB",
            "rate": 1
          },
          "customConfigs": [
            {
              "description": "st_testing720273_0",
              "value": {
                "unit": "DAY",
                "rate": 48
              }
            },
            {
              "description": "st_testing720273_1",
              "value": {
                "unit": "DAY",
                "rate": 31
              }
            },
            {
              "description": "st_testing720273_2",
              "value": {
                "unit": "DAY",
                "rate": 18
              }
            },
            {
              "description": "st_testing720273_3",
              "value": {
                "unit": "DAY",
                "rate": 70
              }
            },
            {
              "description": "st_testing720273_4",
              "value": {
                "unit": "DAY",
                "rate": 92
              }
            }
          ]
        }
      },
      "resources": []
    }
  ]
}
2026-02-03 08:55:42 - create_rate_cards - INFO - [API RESPONSE] POST https://ncm.services.nconprem-10-53-60-173.ccpnx.com/v1/cg/config/rate-cards
2026-02-03 08:55:42 - create_rate_cards - INFO - [STATUS CODE] 200
2026-02-03 08:55:42 - create_rate_cards - INFO - [TIME TAKEN] 0.4186 seconds (418.60 ms)
2026-02-03 08:55:42 - create_rate_cards - INFO - [RESPONSE CONTENT-TYPE] application/json
2026-02-03 08:55:42 - create_rate_cards - INFO - [RESPONSE PAYLOAD]
{
  "ids": [
    "e37188fb-b026-473e-844b-06a6ca6350ea"
  ]
}
2026-02-03 08:55:42 - create_rate_cards - INFO - ✓ [94] Created rate card: st_testing720273_93
2026-02-03 08:55:42 - create_rate_cards - INFO - [API REQUEST] POST https://ncm.services.nconprem-10-53-60-173.ccpnx.com/v1/cg/config/rate-cards
2026-02-03 08:55:42 - create_rate_cards - INFO - [REQUEST JSON PAYLOAD]
{
  "rateCards": [
    {
      "rateCardName": "st_testing720273_94",
      "meteringRates": {
        "vm": {
          "vCpu": {
            "unit": "HOUR",
            "rate": 84
          },
          "vRam": {
            "unit": "HOUR",
            "rate": 41
          },
          "vStorage": {
            "unit": "GIB",
            "rate": 26
          },
          "customConfigs": [
            {
              "description": "st_testing720273_0",
              "value": {
                "unit": "DAY",
                "rate": 42
              }
            },
            {
              "description": "st_testing720273_1",
              "value": {
                "unit": "DAY",
                "rate": 68
              }
            },
            {
              "description": "st_testing720273_2",
              "value": {
                "unit": "DAY",
                "rate": 14
              }
            },
            {
              "description": "st_testing720273_3",
              "value": {
                "unit": "DAY",
                "rate": 63
              }
            },
            {
              "description": "st_testing720273_4",
              "value": {
                "unit": "DAY",
                "rate": 51
              }
            }
          ]
        }
      },
      "resources": []
    }
  ]
}
2026-02-03 08:55:43 - create_rate_cards - INFO - [API RESPONSE] POST https://ncm.services.nconprem-10-53-60-173.ccpnx.com/v1/cg/config/rate-cards
2026-02-03 08:55:43 - create_rate_cards - INFO - [STATUS CODE] 200
2026-02-03 08:55:43 - create_rate_cards - INFO - [TIME TAKEN] 0.5819 seconds (581.94 ms)
2026-02-03 08:55:43 - create_rate_cards - INFO - [RESPONSE CONTENT-TYPE] application/json
2026-02-03 08:55:43 - create_rate_cards - INFO - [RESPONSE PAYLOAD]
{
  "ids": [
    "b771d779-5d77-48d1-9e84-3d0607005c1b"
  ]
}
2026-02-03 08:55:43 - create_rate_cards - INFO - ✓ [95] Created rate card: st_testing720273_94
2026-02-03 08:55:43 - create_rate_cards - INFO - [API REQUEST] POST https://ncm.services.nconprem-10-53-60-173.ccpnx.com/v1/cg/config/rate-cards
2026-02-03 08:55:43 - create_rate_cards - INFO - [REQUEST JSON PAYLOAD]
{
  "rateCards": [
    {
      "rateCardName": "st_testing720273_95",
      "meteringRates": {
        "vm": {
          "vCpu": {
            "unit": "HOUR",
            "rate": 78
          },
          "vRam": {
            "unit": "HOUR",
            "rate": 63
          },
          "vStorage": {
            "unit": "GIB",
            "rate": 52
          },
          "customConfigs": [
            {
              "description": "st_testing720273_0",
              "value": {
                "unit": "DAY",
                "rate": 60
              }
            },
            {
              "description": "st_testing720273_1",
              "value": {
                "unit": "DAY",
                "rate": 73
              }
            },
            {
              "description": "st_testing720273_2",
              "value": {
                "unit": "DAY",
                "rate": 26
              }
            },
            {
              "description": "st_testing720273_3",
              "value": {
                "unit": "DAY",
                "rate": 87
              }
            },
            {
              "description": "st_testing720273_4",
              "value": {
                "unit": "DAY",
                "rate": 2
              }
            }
          ]
        }
      },
      "resources": []
    }
  ]
}
2026-02-03 08:55:43 - create_rate_cards - INFO - [API RESPONSE] POST https://ncm.services.nconprem-10-53-60-173.ccpnx.com/v1/cg/config/rate-cards
2026-02-03 08:55:43 - create_rate_cards - INFO - [STATUS CODE] 200
2026-02-03 08:55:43 - create_rate_cards - INFO - [TIME TAKEN] 0.7959 seconds (795.87 ms)
2026-02-03 08:55:43 - create_rate_cards - INFO - [RESPONSE CONTENT-TYPE] application/json
2026-02-03 08:55:43 - create_rate_cards - INFO - [RESPONSE PAYLOAD]
{
  "ids": [
    "8efeaed0-91db-40c2-9868-3e1785df9160"
  ]
}
2026-02-03 08:55:43 - create_rate_cards - INFO - ✓ [96] Created rate card: st_testing720273_95
2026-02-03 08:55:43 - create_rate_cards - INFO - [API REQUEST] POST https://ncm.services.nconprem-10-53-60-173.ccpnx.com/v1/cg/config/rate-cards
2026-02-03 08:55:43 - create_rate_cards - INFO - [REQUEST JSON PAYLOAD]
{
  "rateCards": [
    {
      "rateCardName": "st_testing720273_96",
      "meteringRates": {
        "vm": {
          "vCpu": {
            "unit": "HOUR",
            "rate": 57
          },
          "vRam": {
            "unit": "HOUR",
            "rate": 41
          },
          "vStorage": {
            "unit": "GIB",
            "rate": 90
          },
          "customConfigs": [
            {
              "description": "st_testing720273_0",
              "value": {
                "unit": "DAY",
                "rate": 48
              }
            },
            {
              "description": "st_testing720273_1",
              "value": {
                "unit": "DAY",
                "rate": 95
              }
            },
            {
              "description": "st_testing720273_2",
              "value": {
                "unit": "DAY",
                "rate": 30
              }
            },
            {
              "description": "st_testing720273_3",
              "value": {
                "unit": "DAY",
                "rate": 97
              }
            },
            {
              "description": "st_testing720273_4",
              "value": {
                "unit": "DAY",
                "rate": 64
              }
            }
          ]
        }
      },
      "resources": []
    }
  ]
}
2026-02-03 08:55:44 - create_rate_cards - INFO - [API RESPONSE] POST https://ncm.services.nconprem-10-53-60-173.ccpnx.com/v1/cg/config/rate-cards
2026-02-03 08:55:44 - create_rate_cards - INFO - [STATUS CODE] 200
2026-02-03 08:55:44 - create_rate_cards - INFO - [TIME TAKEN] 0.3768 seconds (376.82 ms)
2026-02-03 08:55:44 - create_rate_cards - INFO - [RESPONSE CONTENT-TYPE] application/json
2026-02-03 08:55:44 - create_rate_cards - INFO - [RESPONSE PAYLOAD]
{
  "ids": [
    "acdf224c-5f88-4eb8-bb0c-dbd48ed02868"
  ]
}
2026-02-03 08:55:44 - create_rate_cards - INFO - ✓ [97] Created rate card: st_testing720273_96
2026-02-03 08:55:44 - create_rate_cards - INFO - [API REQUEST] POST https://ncm.services.nconprem-10-53-60-173.ccpnx.com/v1/cg/config/rate-cards
2026-02-03 08:55:44 - create_rate_cards - INFO - [REQUEST JSON PAYLOAD]
{
  "rateCards": [
    {
      "rateCardName": "st_testing720273_97",
      "meteringRates": {
        "vm": {
          "vCpu": {
            "unit": "HOUR",
            "rate": 18
          },
          "vRam": {
            "unit": "HOUR",
            "rate": 56
          },
          "vStorage": {
            "unit": "GIB",
            "rate": 23
          },
          "customConfigs": [
            {
              "description": "st_testing720273_0",
              "value": {
                "unit": "DAY",
                "rate": 81
              }
            },
            {
              "description": "st_testing720273_1",
              "value": {
                "unit": "DAY",
                "rate": 67
              }
            },
            {
              "description": "st_testing720273_2",
              "value": {
                "unit": "DAY",
                "rate": 50
              }
            },
            {
              "description": "st_testing720273_3",
              "value": {
                "unit": "DAY",
                "rate": 88
              }
            },
            {
              "description": "st_testing720273_4",
              "value": {
                "unit": "DAY",
                "rate": 20
              }
            }
          ]
        }
      },
      "resources": []
    }
  ]
}
2026-02-03 08:55:44 - create_rate_cards - INFO - [API RESPONSE] POST https://ncm.services.nconprem-10-53-60-173.ccpnx.com/v1/cg/config/rate-cards
2026-02-03 08:55:44 - create_rate_cards - INFO - [STATUS CODE] 200
2026-02-03 08:55:44 - create_rate_cards - INFO - [TIME TAKEN] 0.3328 seconds (332.77 ms)
2026-02-03 08:55:44 - create_rate_cards - INFO - [RESPONSE CONTENT-TYPE] application/json
2026-02-03 08:55:44 - create_rate_cards - INFO - [RESPONSE PAYLOAD]
{
  "ids": [
    "5a81a9e1-d9b2-4573-9385-ad701eefe693"
  ]
}
2026-02-03 08:55:44 - create_rate_cards - INFO - ✓ [98] Created rate card: st_testing720273_97
2026-02-03 08:55:44 - create_rate_cards - INFO - [API REQUEST] POST https://ncm.services.nconprem-10-53-60-173.ccpnx.com/v1/cg/config/rate-cards
2026-02-03 08:55:44 - create_rate_cards - INFO - [REQUEST JSON PAYLOAD]
{
  "rateCards": [
    {
      "rateCardName": "st_testing720273_98",
      "meteringRates": {
        "vm": {
          "vCpu": {
            "unit": "HOUR",
            "rate": 38
          },
          "vRam": {
            "unit": "HOUR",
            "rate": 47
          },
          "vStorage": {
            "unit": "GIB",
            "rate": 32
          },
          "customConfigs": [
            {
              "description": "st_testing720273_0",
              "value": {
                "unit": "DAY",
                "rate": 65
              }
            },
            {
              "description": "st_testing720273_1",
              "value": {
                "unit": "DAY",
                "rate": 92
              }
            },
            {
              "description": "st_testing720273_2",
              "value": {
                "unit": "DAY",
                "rate": 37
              }
            },
            {
              "description": "st_testing720273_3",
              "value": {
                "unit": "DAY",
                "rate": 48
              }
            },
            {
              "description": "st_testing720273_4",
              "value": {
                "unit": "DAY",
                "rate": 88
              }
            }
          ]
        }
      },
      "resources": []
    }
  ]
}
2026-02-03 08:55:44 - create_rate_cards - INFO - [API RESPONSE] POST https://ncm.services.nconprem-10-53-60-173.ccpnx.com/v1/cg/config/rate-cards
2026-02-03 08:55:44 - create_rate_cards - INFO - [STATUS CODE] 200
2026-02-03 08:55:44 - create_rate_cards - INFO - [TIME TAKEN] 0.3105 seconds (310.50 ms)
2026-02-03 08:55:44 - create_rate_cards - INFO - [RESPONSE CONTENT-TYPE] application/json
2026-02-03 08:55:44 - create_rate_cards - INFO - [RESPONSE PAYLOAD]
{
  "ids": [
    "f554e206-6ae9-4d28-abf6-2bb03026a458"
  ]
}
2026-02-03 08:55:44 - create_rate_cards - INFO - ✓ [99] Created rate card: st_testing720273_98
2026-02-03 08:55:44 - create_rate_cards - INFO - [API REQUEST] POST https://ncm.services.nconprem-10-53-60-173.ccpnx.com/v1/cg/config/rate-cards
2026-02-03 08:55:44 - create_rate_cards - INFO - [REQUEST JSON PAYLOAD]
{
  "rateCards": [
    {
      "rateCardName": "st_testing720273_99",
      "meteringRates": {
        "vm": {
          "vCpu": {
            "unit": "HOUR",
            "rate": 76
          },
          "vRam": {
            "unit": "HOUR",
            "rate": 97
          },
          "vStorage": {
            "unit": "GIB",
            "rate": 7
          },
          "customConfigs": [
            {
              "description": "st_testing720273_0",
              "value": {
                "unit": "DAY",
                "rate": 57
              }
            },
            {
              "description": "st_testing720273_1",
              "value": {
                "unit": "DAY",
                "rate": 16
              }
            },
            {
              "description": "st_testing720273_2",
              "value": {
                "unit": "DAY",
                "rate": 26
              }
            },
            {
              "description": "st_testing720273_3",
              "value": {
                "unit": "DAY",
                "rate": 71
              }
            },
            {
              "description": "st_testing720273_4",
              "value": {
                "unit": "DAY",
                "rate": 38
              }
            }
          ]
        }
      },
      "resources": []
    }
  ]
}
2026-02-03 08:55:45 - create_rate_cards - INFO - [API RESPONSE] POST https://ncm.services.nconprem-10-53-60-173.ccpnx.com/v1/cg/config/rate-cards
2026-02-03 08:55:45 - create_rate_cards - INFO - [STATUS CODE] 200
2026-02-03 08:55:45 - create_rate_cards - INFO - [TIME TAKEN] 0.4135 seconds (413.54 ms)
2026-02-03 08:55:45 - create_rate_cards - INFO - [RESPONSE CONTENT-TYPE] application/json
2026-02-03 08:55:45 - create_rate_cards - INFO - [RESPONSE PAYLOAD]
{
  "ids": [
    "617a38af-4e69-4c3b-a3e1-df3188f4bb8c"
  ]
}
2026-02-03 08:55:45 - create_rate_cards - INFO - ✓ [100] Created rate card: st_testing720273_99
2026-02-03 08:55:45 - create_rate_cards - INFO - [API REQUEST] POST https://ncm.services.nconprem-10-53-60-173.ccpnx.com/v1/cg/config/rate-cards
2026-02-03 08:55:45 - create_rate_cards - INFO - [REQUEST JSON PAYLOAD]
{
  "rateCards": [
    {
      "rateCardName": "st_testing720273_100",
      "meteringRates": {
        "vm": {
          "vCpu": {
            "unit": "HOUR",
            "rate": 94
          },
          "vRam": {
            "unit": "HOUR",
            "rate": 3
          },
          "vStorage": {
            "unit": "GIB",
            "rate": 49
          },
          "customConfigs": [
            {
              "description": "st_testing720273_0",
              "value": {
                "unit": "DAY",
                "rate": 65
              }
            },
            {
              "description": "st_testing720273_1",
              "value": {
                "unit": "DAY",
                "rate": 36
              }
            },
            {
              "description": "st_testing720273_2",
              "value": {
                "unit": "DAY",
                "rate": 91
              }
            },
            {
              "description": "st_testing720273_3",
              "value": {
                "unit": "DAY",
                "rate": 90
              }
            },
            {
              "description": "st_testing720273_4",
              "value": {
                "unit": "DAY",
                "rate": 17
              }
            }
          ]
        }
      },
      "resources": []
    }
  ]
}
2026-02-03 08:55:45 - create_rate_cards - INFO - [API RESPONSE] POST https://ncm.services.nconprem-10-53-60-173.ccpnx.com/v1/cg/config/rate-cards
2026-02-03 08:55:45 - create_rate_cards - INFO - [STATUS CODE] 429
2026-02-03 08:55:45 - create_rate_cards - INFO - [TIME TAKEN] 0.3691 seconds (369.06 ms)
2026-02-03 08:55:45 - create_rate_cards - INFO - [RESPONSE CONTENT-TYPE] application/json
2026-02-03 08:55:45 - create_rate_cards - INFO - [RESPONSE PAYLOAD]
{
  "errorCode": "IM2071",
  "errorMessage": "Request Limit Breached",
  "errorDetails": "",
  "errors": {}
}
2026-02-03 08:55:45 - create_rate_cards - WARNING - Rate limit breached, deleting rate cards...
2026-02-03 08:55:45 - create_rate_cards - INFO - [API REQUEST] POST https://ncm.services.nconprem-10-53-60-173.ccpnx.com/v1/cg/config/rate-cards/actions/get-rate-cards?limit=100&offset=0
2026-02-03 08:55:45 - create_rate_cards - INFO - [REQUEST JSON PAYLOAD]
{
  "filters": []
}
2026-02-03 08:55:46 - create_rate_cards - INFO - [API RESPONSE] POST https://ncm.services.nconprem-10-53-60-173.ccpnx.com/v1/cg/config/rate-cards/actions/get-rate-cards?limit=100&offset=0
2026-02-03 08:55:46 - create_rate_cards - INFO - [STATUS CODE] 200
2026-02-03 08:55:46 - create_rate_cards - INFO - [TIME TAKEN] 0.4923 seconds (492.27 ms)
2026-02-03 08:55:46 - create_rate_cards - INFO - [RESPONSE CONTENT-TYPE] application/json
2026-02-03 08:55:46 - create_rate_cards - INFO - [RESPONSE PAYLOAD]
{
  "totalCount": 100,
  "data": [
    {
      "rateCardId": "a3650653-ab49-49c6-81f5-7876b9262d63",
      "rateCardName": "st_testing720273_0",
      "lastModifiedBy": {
        "name": "admin",
        "email": ""
      },
      "lastModifiedAt": 1770108884,
      "createdBy": {
        "name": "admin",
        "email": ""
      },
      "createdAt": 1770108884,
      "meteringRates": {
        "vm": {
          "vRam": {
            "rate": 8,
            "unit": "HOUR"
          },
          "vStorage": {
            "rate": 27,
            "unit": "GIB"
          },
          "vCpu": {
            "rate": 6,
            "unit": "HOUR"
          },
          "customConfigs": [
            {
              "description": "st_testing720273_0",
              "value": {
                "rate": 36,
                "unit": "DAY"
              }
            },
            {
              "description": "st_testing720273_1",
              "value": {
                "rate": 21,
                "unit": "DAY"
              }
            },
            {
              "description": "st_testing720273_2",
              "value": {
                "rate": 88,
                "unit": "DAY"
              }
            },
            {
              "description": "st_testing720273_3",
              "value": {
                "rate": 24,
                "unit": "DAY"
              }
            },
            {
              "description": "st_testing720273_4",
              "value": {
                "rate": 72,
                "unit": "DAY"
              }
            }
          ]
        },
        "vmSnapshot": {
          "vStorage": {
            "rate": 0,
            "unit": "GIB"
          }
        },
        "objects": {
          "vStorage": {
            "rate": 0,
            "unit": "GIB"
          }
        },
        "files": {
          "vStorage": {
            "rate": 0,
            "unit": "GIB"
          }
        }
      },
      "resources": [],
      "isB
... (truncated)
2026-02-03 08:55:46 - create_rate_cards - INFO - Deleting rate card: st_testing720273_0
2026-02-03 08:55:46 - create_rate_cards - INFO - [API REQUEST] DELETE https://ncm.services.nconprem-10-53-60-173.ccpnx.com/v1/cg/config/rate-cards?rateCardIds=a3650653-ab49-49c6-81f5-7876b9262d63
2026-02-03 08:55:46 - create_rate_cards - INFO - [API RESPONSE] DELETE https://ncm.services.nconprem-10-53-60-173.ccpnx.com/v1/cg/config/rate-cards?rateCardIds=a3650653-ab49-49c6-81f5-7876b9262d63
2026-02-03 08:55:46 - create_rate_cards - INFO - [STATUS CODE] 200
2026-02-03 08:55:46 - create_rate_cards - INFO - [TIME TAKEN] 0.6940 seconds (693.98 ms)
2026-02-03 08:55:46 - create_rate_cards - INFO - [RESPONSE CONTENT-TYPE] application/json
2026-02-03 08:55:46 - create_rate_cards - INFO - [RESPONSE PAYLOAD]
{
  "message": "Delete Success"
}
2026-02-03 08:55:46 - create_rate_cards - INFO - ✓ Deleted rate card: st_testing720273_0
2026-02-03 08:55:46 - create_rate_cards - INFO - Deleting rate card: st_testing720273_1
2026-02-03 08:55:46 - create_rate_cards - INFO - [API REQUEST] DELETE https://ncm.services.nconprem-10-53-60-173.ccpnx.com/v1/cg/config/rate-cards?rateCardIds=616ad5e5-f50e-4546-b59e-b5ad56539588
2026-02-03 08:55:47 - create_rate_cards - INFO - [API RESPONSE] DELETE https://ncm.services.nconprem-10-53-60-173.ccpnx.com/v1/cg/config/rate-cards?rateCardIds=616ad5e5-f50e-4546-b59e-b5ad56539588
2026-02-03 08:55:47 - create_rate_cards - INFO - [STATUS CODE] 200
2026-02-03 08:55:47 - create_rate_cards - INFO - [TIME TAKEN] 0.4878 seconds (487.78 ms)
2026-02-03 08:55:47 - create_rate_cards - INFO - [RESPONSE CONTENT-TYPE] application/json
2026-02-03 08:55:47 - create_rate_cards - INFO - [RESPONSE PAYLOAD]
{
  "message": "Delete Success"
}
2026-02-03 08:55:47 - create_rate_cards - INFO - ✓ Deleted rate card: st_testing720273_1
2026-02-03 08:55:47 - create_rate_cards - INFO - Deleting rate card: st_testing720273_10
2026-02-03 08:55:47 - create_rate_cards - INFO - [API REQUEST] DELETE https://ncm.services.nconprem-10-53-60-173.ccpnx.com/v1/cg/config/rate-cards?rateCardIds=b1851467-6324-4188-91d8-e7030781f4d9
2026-02-03 08:55:47 - create_rate_cards - INFO - [API RESPONSE] DELETE https://ncm.services.nconprem-10-53-60-173.ccpnx.com/v1/cg/config/rate-cards?rateCardIds=b1851467-6324-4188-91d8-e7030781f4d9
2026-02-03 08:55:47 - create_rate_cards - INFO - [STATUS CODE] 200
2026-02-03 08:55:47 - create_rate_cards - INFO - [TIME TAKEN] 0.2921 seconds (292.12 ms)
2026-02-03 08:55:47 - create_rate_cards - INFO - [RESPONSE CONTENT-TYPE] application/json
2026-02-03 08:55:47 - create_rate_cards - INFO - [RESPONSE PAYLOAD]
{
  "message": "Delete Success"
}
2026-02-03 08:55:47 - create_rate_cards - INFO - ✓ Deleted rate card: st_testing720273_10
2026-02-03 08:55:47 - create_rate_cards - INFO - Deleting rate card: st_testing720273_11
2026-02-03 08:55:47 - create_rate_cards - INFO - [API REQUEST] DELETE https://ncm.services.nconprem-10-53-60-173.ccpnx.com/v1/cg/config/rate-cards?rateCardIds=3c73f1d6-34b8-4840-80e4-5a18d6bc26d7
2026-02-03 08:55:48 - create_rate_cards - INFO - [API RESPONSE] DELETE https://ncm.services.nconprem-10-53-60-173.ccpnx.com/v1/cg/config/rate-cards?rateCardIds=3c73f1d6-34b8-4840-80e4-5a18d6bc26d7
2026-02-03 08:55:48 - create_rate_cards - INFO - [STATUS CODE] 200
2026-02-03 08:55:48 - create_rate_cards - INFO - [TIME TAKEN] 0.2571 seconds (257.08 ms)
2026-02-03 08:55:48 - create_rate_cards - INFO - [RESPONSE CONTENT-TYPE] application/json
2026-02-03 08:55:48 - create_rate_cards - INFO - [RESPONSE PAYLOAD]
{
  "message": "Delete Success"
}
2026-02-03 08:55:48 - create_rate_cards - INFO - ✓ Deleted rate card: st_testing720273_11
2026-02-03 08:55:48 - create_rate_cards - INFO - Deleting rate card: st_testing720273_12
2026-02-03 08:55:48 - create_rate_cards - INFO - [API REQUEST] DELETE https://ncm.services.nconprem-10-53-60-173.ccpnx.com/v1/cg/config/rate-cards?rateCardIds=248485fc-f514-4e25-8914-b4d22fd0495c
2026-02-03 08:55:48 - create_rate_cards - INFO - [API RESPONSE] DELETE https://ncm.services.nconprem-10-53-60-173.ccpnx.com/v1/cg/config/rate-cards?rateCardIds=248485fc-f514-4e25-8914-b4d22fd0495c
2026-02-03 08:55:48 - create_rate_cards - INFO - [STATUS CODE] 200
2026-02-03 08:55:48 - create_rate_cards - INFO - [TIME TAKEN] 0.2371 seconds (237.13 ms)
2026-02-03 08:55:48 - create_rate_cards - INFO - [RESPONSE CONTENT-TYPE] application/json
2026-02-03 08:55:48 - create_rate_cards - INFO - [RESPONSE PAYLOAD]
{
  "message": "Delete Success"
}
2026-02-03 08:55:48 - create_rate_cards - INFO - ✓ Deleted rate card: st_testing720273_12
2026-02-03 08:55:48 - create_rate_cards - INFO - Deleting rate card: st_testing720273_13
2026-02-03 08:55:48 - create_rate_cards - INFO - [API REQUEST] DELETE https://ncm.services.nconprem-10-53-60-173.ccpnx.com/v1/cg/config/rate-cards?rateCardIds=54652aab-56f9-4bf2-8e06-36a469ca6807
2026-02-03 08:55:48 - create_rate_cards - INFO - [API RESPONSE] DELETE https://ncm.services.nconprem-10-53-60-173.ccpnx.com/v1/cg/config/rate-cards?rateCardIds=54652aab-56f9-4bf2-8e06-36a469ca6807
2026-02-03 08:55:48 - create_rate_cards - INFO - [STATUS CODE] 200
2026-02-03 08:55:48 - create_rate_cards - INFO - [TIME TAKEN] 0.2114 seconds (211.43 ms)
2026-02-03 08:55:48 - create_rate_cards - INFO - [RESPONSE CONTENT-TYPE] application/json
2026-02-03 08:55:48 - create_rate_cards - INFO - [RESPONSE PAYLOAD]
{
  "message": "Delete Success"
}
2026-02-03 08:55:48 - create_rate_cards - INFO - ✓ Deleted rate card: st_testing720273_13
2026-02-03 08:55:48 - create_rate_cards - INFO - Deleting rate card: st_testing720273_14
2026-02-03 08:55:48 - create_rate_cards - INFO - [API REQUEST] DELETE https://ncm.services.nconprem-10-53-60-173.ccpnx.com/v1/cg/config/rate-cards?rateCardIds=57507cd4-5db4-49c1-80cf-b7fb53a48746
2026-02-03 08:55:48 - create_rate_cards - INFO - [API RESPONSE] DELETE https://ncm.services.nconprem-10-53-60-173.ccpnx.com/v1/cg/config/rate-cards?rateCardIds=57507cd4-5db4-49c1-80cf-b7fb53a48746
2026-02-03 08:55:48 - create_rate_cards - INFO - [STATUS CODE] 200
2026-02-03 08:55:48 - create_rate_cards - INFO - [TIME TAKEN] 0.2493 seconds (249.30 ms)
2026-02-03 08:55:48 - create_rate_cards - INFO - [RESPONSE CONTENT-TYPE] application/json
2026-02-03 08:55:48 - create_rate_cards - INFO - [RESPONSE PAYLOAD]
{
  "message": "Delete Success"
}
2026-02-03 08:55:48 - create_rate_cards - INFO - ✓ Deleted rate card: st_testing720273_14
2026-02-03 08:55:48 - create_rate_cards - INFO - Deleting rate card: st_testing720273_15
2026-02-03 08:55:48 - create_rate_cards - INFO - [API REQUEST] DELETE https://ncm.services.nconprem-10-53-60-173.ccpnx.com/v1/cg/config/rate-cards?rateCardIds=b6640e0e-c043-4967-b924-e44bc8bbd875
2026-02-03 08:55:49 - create_rate_cards - INFO - [API RESPONSE] DELETE https://ncm.services.nconprem-10-53-60-173.ccpnx.com/v1/cg/config/rate-cards?rateCardIds=b6640e0e-c043-4967-b924-e44bc8bbd875
2026-02-03 08:55:49 - create_rate_cards - INFO - [STATUS CODE] 200
2026-02-03 08:55:49 - create_rate_cards - INFO - [TIME TAKEN] 0.3643 seconds (364.27 ms)
2026-02-03 08:55:49 - create_rate_cards - INFO - [RESPONSE CONTENT-TYPE] application/json
2026-02-03 08:55:49 - create_rate_cards - INFO - [RESPONSE PAYLOAD]
{
  "message": "Delete Success"
}
2026-02-03 08:55:49 - create_rate_cards - INFO - ✓ Deleted rate card: st_testing720273_15
2026-02-03 08:55:49 - create_rate_cards - INFO - Deleting rate card: st_testing720273_16
2026-02-03 08:55:49 - create_rate_cards - INFO - [API REQUEST] DELETE https://ncm.services.nconprem-10-53-60-173.ccpnx.com/v1/cg/config/rate-cards?rateCardIds=36bde334-56e9-449d-8105-ea0b97afe752
2026-02-03 08:55:49 - create_rate_cards - INFO - [API RESPONSE] DELETE https://ncm.services.nconprem-10-53-60-173.ccpnx.com/v1/cg/config/rate-cards?rateCardIds=36bde334-56e9-449d-8105-ea0b97afe752
2026-02-03 08:55:49 - create_rate_cards - INFO - [STATUS CODE] 200
2026-02-03 08:55:49 - create_rate_cards - INFO - [TIME TAKEN] 0.4746 seconds (474.60 ms)
2026-02-03 08:55:49 - create_rate_cards - INFO - [RESPONSE CONTENT-TYPE] application/json
2026-02-03 08:55:49 - create_rate_cards - INFO - [RESPONSE PAYLOAD]
{
  "message": "Delete Success"
}
2026-02-03 08:55:49 - create_rate_cards - INFO - ✓ Deleted rate card: st_testing720273_16
2026-02-03 08:55:49 - create_rate_cards - INFO - Deleting rate card: st_testing720273_17
2026-02-03 08:55:49 - create_rate_cards - INFO - [API REQUEST] DELETE https://ncm.services.nconprem-10-53-60-173.ccpnx.com/v1/cg/config/rate-cards?rateCardIds=1da454a8-2798-4f76-a50b-82518e7007cf
2026-02-03 08:55:49 - create_rate_cards - INFO - [API RESPONSE] DELETE https://ncm.services.nconprem-10-53-60-173.ccpnx.com/v1/cg/config/rate-cards?rateCardIds=1da454a8-2798-4f76-a50b-82518e7007cf
2026-02-03 08:55:49 - create_rate_cards - INFO - [STATUS CODE] 200
2026-02-03 08:55:49 - create_rate_cards - INFO - [TIME TAKEN] 0.3326 seconds (332.60 ms)
2026-02-03 08:55:49 - create_rate_cards - INFO - [RESPONSE CONTENT-TYPE] application/json
2026-02-03 08:55:49 - create_rate_cards - INFO - [RESPONSE PAYLOAD]
{
  "message": "Delete Success"
}
2026-02-03 08:55:49 - create_rate_cards - INFO - ✓ Deleted rate card: st_testing720273_17
2026-02-03 08:55:49 - create_rate_cards - INFO - Deleting rate card: st_testing720273_18
2026-02-03 08:55:49 - create_rate_cards - INFO - [API REQUEST] DELETE https://ncm.services.nconprem-10-53-60-173.ccpnx.com/v1/cg/config/rate-cards?rateCardIds=b1beb386-8826-4231-be25-b059ea49d5a7
2026-02-03 08:55:50 - create_rate_cards - INFO - [API RESPONSE] DELETE https://ncm.services.nconprem-10-53-60-173.ccpnx.com/v1/cg/config/rate-cards?rateCardIds=b1beb386-8826-4231-be25-b059ea49d5a7
2026-02-03 08:55:50 - create_rate_cards - INFO - [STATUS CODE] 200
2026-02-03 08:55:50 - create_rate_cards - INFO - [TIME TAKEN] 0.3891 seconds (389.13 ms)
2026-02-03 08:55:50 - create_rate_cards - INFO - [RESPONSE CONTENT-TYPE] application/json
2026-02-03 08:55:50 - create_rate_cards - INFO - [RESPONSE PAYLOAD]
{
  "message": "Delete Success"
}
2026-02-03 08:55:50 - create_rate_cards - INFO - ✓ Deleted rate card: st_testing720273_18
2026-02-03 08:55:50 - create_rate_cards - INFO - Deleting rate card: st_testing720273_19
2026-02-03 08:55:50 - create_rate_cards - INFO - [API REQUEST] DELETE https://ncm.services.nconprem-10-53-60-173.ccpnx.com/v1/cg/config/rate-cards?rateCardIds=937d58f9-c5cf-4577-8c95-d8dd21a22ee0
2026-02-03 08:55:50 - create_rate_cards - INFO - [API RESPONSE] DELETE https://ncm.services.nconprem-10-53-60-173.ccpnx.com/v1/cg/config/rate-cards?rateCardIds=937d58f9-c5cf-4577-8c95-d8dd21a22ee0
2026-02-03 08:55:50 - create_rate_cards - INFO - [STATUS CODE] 200
2026-02-03 08:55:50 - create_rate_cards - INFO - [TIME TAKEN] 0.3876 seconds (387.61 ms)
2026-02-03 08:55:50 - create_rate_cards - INFO - [RESPONSE CONTENT-TYPE] application/json
2026-02-03 08:55:50 - create_rate_cards - INFO - [RESPONSE PAYLOAD]
{
  "message": "Delete Success"
}
2026-02-03 08:55:50 - create_rate_cards - INFO - ✓ Deleted rate card: st_testing720273_19
2026-02-03 08:55:50 - create_rate_cards - INFO - Deleting rate card: st_testing720273_2
2026-02-03 08:55:50 - create_rate_cards - INFO - [API REQUEST] DELETE https://ncm.services.nconprem-10-53-60-173.ccpnx.com/v1/cg/config/rate-cards?rateCardIds=44d2d78a-6c36-4b99-b51e-10679303ee2c
2026-02-03 08:55:50 - create_rate_cards - INFO - [API RESPONSE] DELETE https://ncm.services.nconprem-10-53-60-173.ccpnx.com/v1/cg/config/rate-cards?rateCardIds=44d2d78a-6c36-4b99-b51e-10679303ee2c
2026-02-03 08:55:50 - create_rate_cards - INFO - [STATUS CODE] 200
2026-02-03 08:55:50 - create_rate_cards - INFO - [TIME TAKEN] 0.2533 seconds (253.29 ms)
2026-02-03 08:55:50 - create_rate_cards - INFO - [RESPONSE CONTENT-TYPE] application/json
2026-02-03 08:55:50 - create_rate_cards - INFO - [RESPONSE PAYLOAD]
{
  "message": "Delete Success"
}
2026-02-03 08:55:50 - create_rate_cards - INFO - ✓ Deleted rate card: st_testing720273_2
2026-02-03 08:55:50 - create_rate_cards - INFO - Deleting rate card: st_testing720273_20
2026-02-03 08:55:50 - create_rate_cards - INFO - [API REQUEST] DELETE https://ncm.services.nconprem-10-53-60-173.ccpnx.com/v1/cg/config/rate-cards?rateCardIds=8d4deef8-f179-4ab8-b437-4915e8c36011
2026-02-03 08:55:51 - create_rate_cards - INFO - [API RESPONSE] DELETE https://ncm.services.nconprem-10-53-60-173.ccpnx.com/v1/cg/config/rate-cards?rateCardIds=8d4deef8-f179-4ab8-b437-4915e8c36011
2026-02-03 08:55:51 - create_rate_cards - INFO - [STATUS CODE] 200
2026-02-03 08:55:51 - create_rate_cards - INFO - [TIME TAKEN] 0.5465 seconds (546.47 ms)
2026-02-03 08:55:51 - create_rate_cards - INFO - [RESPONSE CONTENT-TYPE] application/json
2026-02-03 08:55:51 - create_rate_cards - INFO - [RESPONSE PAYLOAD]
{
  "message": "Delete Success"
}
2026-02-03 08:55:51 - create_rate_cards - INFO - ✓ Deleted rate card: st_testing720273_20
2026-02-03 08:55:51 - create_rate_cards - INFO - Deleting rate card: st_testing720273_21
2026-02-03 08:55:51 - create_rate_cards - INFO - [API REQUEST] DELETE https://ncm.services.nconprem-10-53-60-173.ccpnx.com/v1/cg/config/rate-cards?rateCardIds=9340639d-44a6-4bfd-badf-76f07807e31c
2026-02-03 08:55:51 - create_rate_cards - INFO - [API RESPONSE] DELETE https://ncm.services.nconprem-10-53-60-173.ccpnx.com/v1/cg/config/rate-cards?rateCardIds=9340639d-44a6-4bfd-badf-76f07807e31c
2026-02-03 08:55:51 - create_rate_cards - INFO - [STATUS CODE] 200
2026-02-03 08:55:51 - create_rate_cards - INFO - [TIME TAKEN] 0.3852 seconds (385.25 ms)
2026-02-03 08:55:51 - create_rate_cards - INFO - [RESPONSE CONTENT-TYPE] application/json
2026-02-03 08:55:51 - create_rate_cards - INFO - [RESPONSE PAYLOAD]
{
  "message": "Delete Success"
}
2026-02-03 08:55:51 - create_rate_cards - INFO - ✓ Deleted rate card: st_testing720273_21
2026-02-03 08:55:51 - create_rate_cards - INFO - Deleting rate card: st_testing720273_22
2026-02-03 08:55:51 - create_rate_cards - INFO - [API REQUEST] DELETE https://ncm.services.nconprem-10-53-60-173.ccpnx.com/v1/cg/config/rate-cards?rateCardIds=847ef689-9ef7-4486-9743-ea1d90d7c846
2026-02-03 08:55:52 - create_rate_cards - INFO - [API RESPONSE] DELETE https://ncm.services.nconprem-10-53-60-173.ccpnx.com/v1/cg/config/rate-cards?rateCardIds=847ef689-9ef7-4486-9743-ea1d90d7c846
2026-02-03 08:55:52 - create_rate_cards - INFO - [STATUS CODE] 200
2026-02-03 08:55:52 - create_rate_cards - INFO - [TIME TAKEN] 0.2558 seconds (255.82 ms)
2026-02-03 08:55:52 - create_rate_cards - INFO - [RESPONSE CONTENT-TYPE] application/json
2026-02-03 08:55:52 - create_rate_cards - INFO - [RESPONSE PAYLOAD]
{
  "message": "Delete Success"
}
2026-02-03 08:55:52 - create_rate_cards - INFO - ✓ Deleted rate card: st_testing720273_22
2026-02-03 08:55:52 - create_rate_cards - INFO - Deleting rate card: st_testing720273_23
2026-02-03 08:55:52 - create_rate_cards - INFO - [API REQUEST] DELETE https://ncm.services.nconprem-10-53-60-173.ccpnx.com/v1/cg/config/rate-cards?rateCardIds=b1644224-bb9f-40f1-8e4c-791fc9e3bdd7
2026-02-03 08:55:52 - create_rate_cards - INFO - [API RESPONSE] DELETE https://ncm.services.nconprem-10-53-60-173.ccpnx.com/v1/cg/config/rate-cards?rateCardIds=b1644224-bb9f-40f1-8e4c-791fc9e3bdd7
2026-02-03 08:55:52 - create_rate_cards - INFO - [STATUS CODE] 200
2026-02-03 08:55:52 - create_rate_cards - INFO - [TIME TAKEN] 0.2275 seconds (227.47 ms)
2026-02-03 08:55:52 - create_rate_cards - INFO - [RESPONSE CONTENT-TYPE] application/json
2026-02-03 08:55:52 - create_rate_cards - INFO - [RESPONSE PAYLOAD]
{
  "message": "Delete Success"
}
2026-02-03 08:55:52 - create_rate_cards - INFO - ✓ Deleted rate card: st_testing720273_23
2026-02-03 08:55:52 - create_rate_cards - INFO - Deleting rate card: st_testing720273_24
2026-02-03 08:55:52 - create_rate_cards - INFO - [API REQUEST] DELETE https://ncm.services.nconprem-10-53-60-173.ccpnx.com/v1/cg/config/rate-cards?rateCardIds=231ec155-9aa2-4be3-8484-54ac024aa718
2026-02-03 08:55:52 - create_rate_cards - INFO - [API RESPONSE] DELETE https://ncm.services.nconprem-10-53-60-173.ccpnx.com/v1/cg/config/rate-cards?rateCardIds=231ec155-9aa2-4be3-8484-54ac024aa718
2026-02-03 08:55:52 - create_rate_cards - INFO - [STATUS CODE] 200
2026-02-03 08:55:52 - create_rate_cards - INFO - [TIME TAKEN] 0.3148 seconds (314.82 ms)
2026-02-03 08:55:52 - create_rate_cards - INFO - [RESPONSE CONTENT-TYPE] application/json
2026-02-03 08:55:52 - create_rate_cards - INFO - [RESPONSE PAYLOAD]
{
  "message": "Delete Success"
}
2026-02-03 08:55:52 - create_rate_cards - INFO - ✓ Deleted rate card: st_testing720273_24
2026-02-03 08:55:52 - create_rate_cards - INFO - Deleting rate card: st_testing720273_25
2026-02-03 08:55:52 - create_rate_cards - INFO - [API REQUEST] DELETE https://ncm.services.nconprem-10-53-60-173.ccpnx.com/v1/cg/config/rate-cards?rateCardIds=aef5efaf-7e3b-4706-b3b8-44bebc55fefa
2026-02-03 08:55:52 - create_rate_cards - INFO - [API RESPONSE] DELETE https://ncm.services.nconprem-10-53-60-173.ccpnx.com/v1/cg/config/rate-cards?rateCardIds=aef5efaf-7e3b-4706-b3b8-44bebc55fefa
2026-02-03 08:55:52 - create_rate_cards - INFO - [STATUS CODE] 200
2026-02-03 08:55:52 - create_rate_cards - INFO - [TIME TAKEN] 0.2766 seconds (276.62 ms)
2026-02-03 08:55:52 - create_rate_cards - INFO - [RESPONSE CONTENT-TYPE] application/json
2026-02-03 08:55:52 - create_rate_cards - INFO - [RESPONSE PAYLOAD]
{
  "message": "Delete Success"
}
2026-02-03 08:55:52 - create_rate_cards - INFO - ✓ Deleted rate card: st_testing720273_25
2026-02-03 08:55:52 - create_rate_cards - INFO - Deleting rate card: st_testing720273_26
2026-02-03 08:55:52 - create_rate_cards - INFO - [API REQUEST] DELETE https://ncm.services.nconprem-10-53-60-173.ccpnx.com/v1/cg/config/rate-cards?rateCardIds=c7902d05-c46d-4180-ae23-1d476f62a638
2026-02-03 08:55:53 - create_rate_cards - INFO - [API RESPONSE] DELETE https://ncm.services.nconprem-10-53-60-173.ccpnx.com/v1/cg/config/rate-cards?rateCardIds=c7902d05-c46d-4180-ae23-1d476f62a638
2026-02-03 08:55:53 - create_rate_cards - INFO - [STATUS CODE] 200
2026-02-03 08:55:53 - create_rate_cards - INFO - [TIME TAKEN] 0.2423 seconds (242.33 ms)
2026-02-03 08:55:53 - create_rate_cards - INFO - [RESPONSE CONTENT-TYPE] application/json
2026-02-03 08:55:53 - create_rate_cards - INFO - [RESPONSE PAYLOAD]
{
  "message": "Delete Success"
}
2026-02-03 08:55:53 - create_rate_cards - INFO - ✓ Deleted rate card: st_testing720273_26
2026-02-03 08:55:53 - create_rate_cards - INFO - Deleting rate card: st_testing720273_27
2026-02-03 08:55:53 - create_rate_cards - INFO - [API REQUEST] DELETE https://ncm.services.nconprem-10-53-60-173.ccpnx.com/v1/cg/config/rate-cards?rateCardIds=77218e31-b39f-489c-a21c-edc90dbd0e09
2026-02-03 08:55:53 - create_rate_cards - INFO - [API RESPONSE] DELETE https://ncm.services.nconprem-10-53-60-173.ccpnx.com/v1/cg/config/rate-cards?rateCardIds=77218e31-b39f-489c-a21c-edc90dbd0e09
2026-02-03 08:55:53 - create_rate_cards - INFO - [STATUS CODE] 200
2026-02-03 08:55:53 - create_rate_cards - INFO - [TIME TAKEN] 0.2703 seconds (270.28 ms)
2026-02-03 08:55:53 - create_rate_cards - INFO - [RESPONSE CONTENT-TYPE] application/json
2026-02-03 08:55:53 - create_rate_cards - INFO - [RESPONSE PAYLOAD]
{
  "message": "Delete Success"
}
2026-02-03 08:55:53 - create_rate_cards - INFO - ✓ Deleted rate card: st_testing720273_27
2026-02-03 08:55:53 - create_rate_cards - INFO - Deleting rate card: st_testing720273_28
2026-02-03 08:55:53 - create_rate_cards - INFO - [API REQUEST] DELETE https://ncm.services.nconprem-10-53-60-173.ccpnx.com/v1/cg/config/rate-cards?rateCardIds=e64004e6-41e2-4214-8427-9eb3535602c3
2026-02-03 08:55:53 - create_rate_cards - INFO - [API RESPONSE] DELETE https://ncm.services.nconprem-10-53-60-173.ccpnx.com/v1/cg/config/rate-cards?rateCardIds=e64004e6-41e2-4214-8427-9eb3535602c3
2026-02-03 08:55:53 - create_rate_cards - INFO - [STATUS CODE] 200
2026-02-03 08:55:53 - create_rate_cards - INFO - [TIME TAKEN] 0.2322 seconds (232.16 ms)
2026-02-03 08:55:53 - create_rate_cards - INFO - [RESPONSE CONTENT-TYPE] application/json
2026-02-03 08:55:53 - create_rate_cards - INFO - [RESPONSE PAYLOAD]
{
  "message": "Delete Success"
}
2026-02-03 08:55:53 - create_rate_cards - INFO - ✓ Deleted rate card: st_testing720273_28
2026-02-03 08:55:53 - create_rate_cards - INFO - Deleting rate card: st_testing720273_29
2026-02-03 08:55:53 - create_rate_cards - INFO - [API REQUEST] DELETE https://ncm.services.nconprem-10-53-60-173.ccpnx.com/v1/cg/config/rate-cards?rateCardIds=35526bb6-4d24-402d-8e74-08a7f53fdb24
2026-02-03 08:55:53 - create_rate_cards - INFO - [API RESPONSE] DELETE https://ncm.services.nconprem-10-53-60-173.ccpnx.com/v1/cg/config/rate-cards?rateCardIds=35526bb6-4d24-402d-8e74-08a7f53fdb24
2026-02-03 08:55:53 - create_rate_cards - INFO - [STATUS CODE] 200
2026-02-03 08:55:53 - create_rate_cards - INFO - [TIME TAKEN] 0.2326 seconds (232.62 ms)
2026-02-03 08:55:53 - create_rate_cards - INFO - [RESPONSE CONTENT-TYPE] application/json
2026-02-03 08:55:53 - create_rate_cards - INFO - [RESPONSE PAYLOAD]
{
  "message": "Delete Success"
}
2026-02-03 08:55:53 - create_rate_cards - INFO - ✓ Deleted rate card: st_testing720273_29
2026-02-03 08:55:53 - create_rate_cards - INFO - Deleting rate card: st_testing720273_3
2026-02-03 08:55:53 - create_rate_cards - INFO - [API REQUEST] DELETE https://ncm.services.nconprem-10-53-60-173.ccpnx.com/v1/cg/config/rate-cards?rateCardIds=6a76dbfe-f53a-498c-81e3-2d6b378a90d2
2026-02-03 08:55:54 - create_rate_cards - INFO - [API RESPONSE] DELETE https://ncm.services.nconprem-10-53-60-173.ccpnx.com/v1/cg/config/rate-cards?rateCardIds=6a76dbfe-f53a-498c-81e3-2d6b378a90d2
2026-02-03 08:55:54 - create_rate_cards - INFO - [STATUS CODE] 200
2026-02-03 08:55:54 - create_rate_cards - INFO - [TIME TAKEN] 0.4456 seconds (445.61 ms)
2026-02-03 08:55:54 - create_rate_cards - INFO - [RESPONSE CONTENT-TYPE] application/json
2026-02-03 08:55:54 - create_rate_cards - INFO - [RESPONSE PAYLOAD]
{
  "message": "Delete Success"
}
2026-02-03 08:55:54 - create_rate_cards - INFO - ✓ Deleted rate card: st_testing720273_3
2026-02-03 08:55:54 - create_rate_cards - INFO - Deleting rate card: st_testing720273_30
2026-02-03 08:55:54 - create_rate_cards - INFO - [API REQUEST] DELETE https://ncm.services.nconprem-10-53-60-173.ccpnx.com/v1/cg/config/rate-cards?rateCardIds=4ac31df2-fc6a-4952-bc47-9ee8ca329778
2026-02-03 08:55:54 - create_rate_cards - INFO - [API RESPONSE] DELETE https://ncm.services.nconprem-10-53-60-173.ccpnx.com/v1/cg/config/rate-cards?rateCardIds=4ac31df2-fc6a-4952-bc47-9ee8ca329778
2026-02-03 08:55:54 - create_rate_cards - INFO - [STATUS CODE] 200
2026-02-03 08:55:54 - create_rate_cards - INFO - [TIME TAKEN] 0.2941 seconds (294.14 ms)
2026-02-03 08:55:54 - create_rate_cards - INFO - [RESPONSE CONTENT-TYPE] application/json
2026-02-03 08:55:54 - create_rate_cards - INFO - [RESPONSE PAYLOAD]
{
  "message": "Delete Success"
}
2026-02-03 08:55:54 - create_rate_cards - INFO - ✓ Deleted rate card: st_testing720273_30
2026-02-03 08:55:54 - create_rate_cards - INFO - Deleting rate card: st_testing720273_31
2026-02-03 08:55:54 - create_rate_cards - INFO - [API REQUEST] DELETE https://ncm.services.nconprem-10-53-60-173.ccpnx.com/v1/cg/config/rate-cards?rateCardIds=7f7d9f14-4cb1-4541-af00-8e98e5e7bfa4
2026-02-03 08:55:55 - create_rate_cards - INFO - [API RESPONSE] DELETE https://ncm.services.nconprem-10-53-60-173.ccpnx.com/v1/cg/config/rate-cards?rateCardIds=7f7d9f14-4cb1-4541-af00-8e98e5e7bfa4
2026-02-03 08:55:55 - create_rate_cards - INFO - [STATUS CODE] 200
2026-02-03 08:55:55 - create_rate_cards - INFO - [TIME TAKEN] 0.4102 seconds (410.15 ms)
2026-02-03 08:55:55 - create_rate_cards - INFO - [RESPONSE CONTENT-TYPE] application/json
2026-02-03 08:55:55 - create_rate_cards - INFO - [RESPONSE PAYLOAD]
{
  "message": "Delete Success"
}
2026-02-03 08:55:55 - create_rate_cards - INFO - ✓ Deleted rate card: st_testing720273_31
2026-02-03 08:55:55 - create_rate_cards - INFO - Deleting rate card: st_testing720273_32
2026-02-03 08:55:55 - create_rate_cards - INFO - [API REQUEST] DELETE https://ncm.services.nconprem-10-53-60-173.ccpnx.com/v1/cg/config/rate-cards?rateCardIds=63f9058c-ad91-4dc6-bff2-c161be018cfd
2026-02-03 08:55:55 - create_rate_cards - INFO - [API RESPONSE] DELETE https://ncm.services.nconprem-10-53-60-173.ccpnx.com/v1/cg/config/rate-cards?rateCardIds=63f9058c-ad91-4dc6-bff2-c161be018cfd
2026-02-03 08:55:55 - create_rate_cards - INFO - [STATUS CODE] 200
2026-02-03 08:55:55 - create_rate_cards - INFO - [TIME TAKEN] 0.4419 seconds (441.86 ms)
2026-02-03 08:55:55 - create_rate_cards - INFO - [RESPONSE CONTENT-TYPE] application/json
2026-02-03 08:55:55 - create_rate_cards - INFO - [RESPONSE PAYLOAD]
{
  "message": "Delete Success"
}
2026-02-03 08:55:55 - create_rate_cards - INFO - ✓ Deleted rate card: st_testing720273_32
2026-02-03 08:55:55 - create_rate_cards - INFO - Deleting rate card: st_testing720273_33
2026-02-03 08:55:55 - create_rate_cards - INFO - [API REQUEST] DELETE https://ncm.services.nconprem-10-53-60-173.ccpnx.com/v1/cg/config/rate-cards?rateCardIds=c72402c1-1f35-404d-b25f-50182307084e
2026-02-03 08:55:55 - create_rate_cards - INFO - [API RESPONSE] DELETE https://ncm.services.nconprem-10-53-60-173.ccpnx.com/v1/cg/config/rate-cards?rateCardIds=c72402c1-1f35-404d-b25f-50182307084e
2026-02-03 08:55:55 - create_rate_cards - INFO - [STATUS CODE] 200
2026-02-03 08:55:55 - create_rate_cards - INFO - [TIME TAKEN] 0.2095 seconds (209.50 ms)
2026-02-03 08:55:55 - create_rate_cards - INFO - [RESPONSE CONTENT-TYPE] application/json
2026-02-03 08:55:55 - create_rate_cards - INFO - [RESPONSE PAYLOAD]
{
  "message": "Delete Success"
}
2026-02-03 08:55:55 - create_rate_cards - INFO - ✓ Deleted rate card: st_testing720273_33
2026-02-03 08:55:55 - create_rate_cards - INFO - Deleting rate card: st_testing720273_34
2026-02-03 08:55:55 - create_rate_cards - INFO - [API REQUEST] DELETE https://ncm.services.nconprem-10-53-60-173.ccpnx.com/v1/cg/config/rate-cards?rateCardIds=3ec5b0b0-3f95-48e9-ad2f-8adcbfc35257
2026-02-03 08:55:55 - create_rate_cards - INFO - [API RESPONSE] DELETE https://ncm.services.nconprem-10-53-60-173.ccpnx.com/v1/cg/config/rate-cards?rateCardIds=3ec5b0b0-3f95-48e9-ad2f-8adcbfc35257
2026-02-03 08:55:55 - create_rate_cards - INFO - [STATUS CODE] 200
2026-02-03 08:55:55 - create_rate_cards - INFO - [TIME TAKEN] 0.2164 seconds (216.41 ms)
2026-02-03 08:55:55 - create_rate_cards - INFO - [RESPONSE CONTENT-TYPE] application/json
2026-02-03 08:55:55 - create_rate_cards - INFO - [RESPONSE PAYLOAD]
{
  "message": "Delete Success"
}
2026-02-03 08:55:55 - create_rate_cards - INFO - ✓ Deleted rate card: st_testing720273_34
2026-02-03 08:55:55 - create_rate_cards - INFO - Deleting rate card: st_testing720273_35
2026-02-03 08:55:55 - create_rate_cards - INFO - [API REQUEST] DELETE https://ncm.services.nconprem-10-53-60-173.ccpnx.com/v1/cg/config/rate-cards?rateCardIds=e37d9378-6b76-4452-9c7d-39dc67b8993e
2026-02-03 08:55:56 - create_rate_cards - INFO - [API RESPONSE] DELETE https://ncm.services.nconprem-10-53-60-173.ccpnx.com/v1/cg/config/rate-cards?rateCardIds=e37d9378-6b76-4452-9c7d-39dc67b8993e
2026-02-03 08:55:56 - create_rate_cards - INFO - [STATUS CODE] 200
2026-02-03 08:55:56 - create_rate_cards - INFO - [TIME TAKEN] 0.2198 seconds (219.77 ms)
2026-02-03 08:55:56 - create_rate_cards - INFO - [RESPONSE CONTENT-TYPE] application/json
2026-02-03 08:55:56 - create_rate_cards - INFO - [RESPONSE PAYLOAD]
{
  "message": "Delete Success"
}
2026-02-03 08:55:56 - create_rate_cards - INFO - ✓ Deleted rate card: st_testing720273_35
2026-02-03 08:55:56 - create_rate_cards - INFO - Deleting rate card: st_testing720273_36
2026-02-03 08:55:56 - create_rate_cards - INFO - [API REQUEST] DELETE https://ncm.services.nconprem-10-53-60-173.ccpnx.com/v1/cg/config/rate-cards?rateCardIds=bb34342b-faae-4ba0-851a-b092164c242b
2026-02-03 08:55:56 - create_rate_cards - INFO - [API RESPONSE] DELETE https://ncm.services.nconprem-10-53-60-173.ccpnx.com/v1/cg/config/rate-cards?rateCardIds=bb34342b-faae-4ba0-851a-b092164c242b
2026-02-03 08:55:56 - create_rate_cards - INFO - [STATUS CODE] 200
2026-02-03 08:55:56 - create_rate_cards - INFO - [TIME TAKEN] 0.5001 seconds (500.08 ms)
2026-02-03 08:55:56 - create_rate_cards - INFO - [RESPONSE CONTENT-TYPE] application/json
2026-02-03 08:55:56 - create_rate_cards - INFO - [RESPONSE PAYLOAD]
{
  "message": "Delete Success"
}
2026-02-03 08:55:56 - create_rate_cards - INFO - ✓ Deleted rate card: st_testing720273_36
2026-02-03 08:55:56 - create_rate_cards - INFO - Deleting rate card: st_testing720273_37
2026-02-03 08:55:56 - create_rate_cards - INFO - [API REQUEST] DELETE https://ncm.services.nconprem-10-53-60-173.ccpnx.com/v1/cg/config/rate-cards?rateCardIds=4edbe303-98fe-4446-8e22-d7f156b319fa
2026-02-03 08:55:57 - create_rate_cards - INFO - [API RESPONSE] DELETE https://ncm.services.nconprem-10-53-60-173.ccpnx.com/v1/cg/config/rate-cards?rateCardIds=4edbe303-98fe-4446-8e22-d7f156b319fa
2026-02-03 08:55:57 - create_rate_cards - INFO - [STATUS CODE] 200
2026-02-03 08:55:57 - create_rate_cards - INFO - [TIME TAKEN] 0.4794 seconds (479.41 ms)
2026-02-03 08:55:57 - create_rate_cards - INFO - [RESPONSE CONTENT-TYPE] application/json
2026-02-03 08:55:57 - create_rate_cards - INFO - [RESPONSE PAYLOAD]
{
  "message": "Delete Success"
}
2026-02-03 08:55:57 - create_rate_cards - INFO - ✓ Deleted rate card: st_testing720273_37
2026-02-03 08:55:57 - create_rate_cards - INFO - Deleting rate card: st_testing720273_38
2026-02-03 08:55:57 - create_rate_cards - INFO - [API REQUEST] DELETE https://ncm.services.nconprem-10-53-60-173.ccpnx.com/v1/cg/config/rate-cards?rateCardIds=d2675e61-6b8d-40c0-a499-df1ff5de6a32
2026-02-03 08:55:57 - create_rate_cards - INFO - [API RESPONSE] DELETE https://ncm.services.nconprem-10-53-60-173.ccpnx.com/v1/cg/config/rate-cards?rateCardIds=d2675e61-6b8d-40c0-a499-df1ff5de6a32
2026-02-03 08:55:57 - create_rate_cards - INFO - [STATUS CODE] 200
2026-02-03 08:55:57 - create_rate_cards - INFO - [TIME TAKEN] 0.2951 seconds (295.12 ms)
2026-02-03 08:55:57 - create_rate_cards - INFO - [RESPONSE CONTENT-TYPE] application/json
2026-02-03 08:55:57 - create_rate_cards - INFO - [RESPONSE PAYLOAD]
{
  "message": "Delete Success"
}
2026-02-03 08:55:57 - create_rate_cards - INFO - ✓ Deleted rate card: st_testing720273_38
2026-02-03 08:55:57 - create_rate_cards - INFO - Deleting rate card: st_testing720273_39
2026-02-03 08:55:57 - create_rate_cards - INFO - [API REQUEST] DELETE https://ncm.services.nconprem-10-53-60-173.ccpnx.com/v1/cg/config/rate-cards?rateCardIds=296e1edf-8280-46c8-ba60-889949c10b6c
2026-02-03 08:55:57 - create_rate_cards - INFO - [API RESPONSE] DELETE https://ncm.services.nconprem-10-53-60-173.ccpnx.com/v1/cg/config/rate-cards?rateCardIds=296e1edf-8280-46c8-ba60-889949c10b6c
2026-02-03 08:55:57 - create_rate_cards - INFO - [STATUS CODE] 200
2026-02-03 08:55:57 - create_rate_cards - INFO - [TIME TAKEN] 0.2988 seconds (298.81 ms)
2026-02-03 08:55:57 - create_rate_cards - INFO - [RESPONSE CONTENT-TYPE] application/json
2026-02-03 08:55:57 - create_rate_cards - INFO - [RESPONSE PAYLOAD]
{
  "message": "Delete Success"
}
2026-02-03 08:55:57 - create_rate_cards - INFO - ✓ Deleted rate card: st_testing720273_39
2026-02-03 08:55:57 - create_rate_cards - INFO - Deleting rate card: st_testing720273_4
2026-02-03 08:55:57 - create_rate_cards - INFO - [API REQUEST] DELETE https://ncm.services.nconprem-10-53-60-173.ccpnx.com/v1/cg/config/rate-cards?rateCardIds=7f895804-9219-41c3-9f0d-fa2d451a2f84
2026-02-03 08:55:58 - create_rate_cards - INFO - [API RESPONSE] DELETE https://ncm.services.nconprem-10-53-60-173.ccpnx.com/v1/cg/config/rate-cards?rateCardIds=7f895804-9219-41c3-9f0d-fa2d451a2f84
2026-02-03 08:55:58 - create_rate_cards - INFO - [STATUS CODE] 200
2026-02-03 08:55:58 - create_rate_cards - INFO - [TIME TAKEN] 0.2931 seconds (293.12 ms)
2026-02-03 08:55:58 - create_rate_cards - INFO - [RESPONSE CONTENT-TYPE] application/json
2026-02-03 08:55:58 - create_rate_cards - INFO - [RESPONSE PAYLOAD]
{
  "message": "Delete Success"
}
2026-02-03 08:55:58 - create_rate_cards - INFO - ✓ Deleted rate card: st_testing720273_4
2026-02-03 08:55:58 - create_rate_cards - INFO - Deleting rate card: st_testing720273_40
2026-02-03 08:55:58 - create_rate_cards - INFO - [API REQUEST] DELETE https://ncm.services.nconprem-10-53-60-173.ccpnx.com/v1/cg/config/rate-cards?rateCardIds=60075ebf-ae41-4781-a1ce-2ae525986741
2026-02-03 08:55:58 - create_rate_cards - INFO - [API RESPONSE] DELETE https://ncm.services.nconprem-10-53-60-173.ccpnx.com/v1/cg/config/rate-cards?rateCardIds=60075ebf-ae41-4781-a1ce-2ae525986741
2026-02-03 08:55:58 - create_rate_cards - INFO - [STATUS CODE] 200
2026-02-03 08:55:58 - create_rate_cards - INFO - [TIME TAKEN] 0.3470 seconds (347.03 ms)
2026-02-03 08:55:58 - create_rate_cards - INFO - [RESPONSE CONTENT-TYPE] application/json
2026-02-03 08:55:58 - create_rate_cards - INFO - [RESPONSE PAYLOAD]
{
  "message": "Delete Success"
}
2026-02-03 08:55:58 - create_rate_cards - INFO - ✓ Deleted rate card: st_testing720273_40
2026-02-03 08:55:58 - create_rate_cards - INFO - Deleting rate card: st_testing720273_41
2026-02-03 08:55:58 - create_rate_cards - INFO - [API REQUEST] DELETE https://ncm.services.nconprem-10-53-60-173.ccpnx.com/v1/cg/config/rate-cards?rateCardIds=3d574bd7-95a1-4d88-8be4-806be211d56b
2026-02-03 08:55:58 - create_rate_cards - INFO - [API RESPONSE] DELETE https://ncm.services.nconprem-10-53-60-173.ccpnx.com/v1/cg/config/rate-cards?rateCardIds=3d574bd7-95a1-4d88-8be4-806be211d56b
2026-02-03 08:55:58 - create_rate_cards - INFO - [STATUS CODE] 200
2026-02-03 08:55:58 - create_rate_cards - INFO - [TIME TAKEN] 0.4491 seconds (449.12 ms)
2026-02-03 08:55:58 - create_rate_cards - INFO - [RESPONSE CONTENT-TYPE] application/json
2026-02-03 08:55:58 - create_rate_cards - INFO - [RESPONSE PAYLOAD]
{
  "message": "Delete Success"
}
2026-02-03 08:55:58 - create_rate_cards - INFO - ✓ Deleted rate card: st_testing720273_41
2026-02-03 08:55:58 - create_rate_cards - INFO - Deleting rate card: st_testing720273_42
2026-02-03 08:55:58 - create_rate_cards - INFO - [API REQUEST] DELETE https://ncm.services.nconprem-10-53-60-173.ccpnx.com/v1/cg/config/rate-cards?rateCardIds=9745dc85-92d8-485f-9ee8-3b137f63d41c
2026-02-03 08:55:59 - create_rate_cards - INFO - [API RESPONSE] DELETE https://ncm.services.nconprem-10-53-60-173.ccpnx.com/v1/cg/config/rate-cards?rateCardIds=9745dc85-92d8-485f-9ee8-3b137f63d41c
2026-02-03 08:55:59 - create_rate_cards - INFO - [STATUS CODE] 200
2026-02-03 08:55:59 - create_rate_cards - INFO - [TIME TAKEN] 0.2544 seconds (254.44 ms)
2026-02-03 08:55:59 - create_rate_cards - INFO - [RESPONSE CONTENT-TYPE] application/json
2026-02-03 08:55:59 - create_rate_cards - INFO - [RESPONSE PAYLOAD]
{
  "message": "Delete Success"
}
2026-02-03 08:55:59 - create_rate_cards - INFO - ✓ Deleted rate card: st_testing720273_42
2026-02-03 08:55:59 - create_rate_cards - INFO - Deleting rate card: st_testing720273_43
2026-02-03 08:55:59 - create_rate_cards - INFO - [API REQUEST] DELETE https://ncm.services.nconprem-10-53-60-173.ccpnx.com/v1/cg/config/rate-cards?rateCardIds=1a0a397d-89e6-4c8d-9e7f-9efe8d7f911a
2026-02-03 08:55:59 - create_rate_cards - INFO - [API RESPONSE] DELETE https://ncm.services.nconprem-10-53-60-173.ccpnx.com/v1/cg/config/rate-cards?rateCardIds=1a0a397d-89e6-4c8d-9e7f-9efe8d7f911a
2026-02-03 08:55:59 - create_rate_cards - INFO - [STATUS CODE] 200
2026-02-03 08:55:59 - create_rate_cards - INFO - [TIME TAKEN] 0.3986 seconds (398.57 ms)
2026-02-03 08:55:59 - create_rate_cards - INFO - [RESPONSE CONTENT-TYPE] application/json
2026-02-03 08:55:59 - create_rate_cards - INFO - [RESPONSE PAYLOAD]
{
  "message": "Delete Success"
}
2026-02-03 08:55:59 - create_rate_cards - INFO - ✓ Deleted rate card: st_testing720273_43
2026-02-03 08:55:59 - create_rate_cards - INFO - Deleting rate card: st_testing720273_44
2026-02-03 08:55:59 - create_rate_cards - INFO - [API REQUEST] DELETE https://ncm.services.nconprem-10-53-60-173.ccpnx.com/v1/cg/config/rate-cards?rateCardIds=08f916d2-392f-4644-9049-90e87f788e5e
2026-02-03 08:55:59 - create_rate_cards - INFO - [API RESPONSE] DELETE https://ncm.services.nconprem-10-53-60-173.ccpnx.com/v1/cg/config/rate-cards?rateCardIds=08f916d2-392f-4644-9049-90e87f788e5e
2026-02-03 08:55:59 - create_rate_cards - INFO - [STATUS CODE] 200
2026-02-03 08:55:59 - create_rate_cards - INFO - [TIME TAKEN] 0.2125 seconds (212.54 ms)
2026-02-03 08:55:59 - create_rate_cards - INFO - [RESPONSE CONTENT-TYPE] application/json
2026-02-03 08:55:59 - create_rate_cards - INFO - [RESPONSE PAYLOAD]
{
  "message": "Delete Success"
}
2026-02-03 08:55:59 - create_rate_cards - INFO - ✓ Deleted rate card: st_testing720273_44
2026-02-03 08:55:59 - create_rate_cards - INFO - Deleting rate card: st_testing720273_45
2026-02-03 08:55:59 - create_rate_cards - INFO - [API REQUEST] DELETE https://ncm.services.nconprem-10-53-60-173.ccpnx.com/v1/cg/config/rate-cards?rateCardIds=76ad08b3-80f8-402c-85fb-b0bb9061c710
2026-02-03 08:55:59 - create_rate_cards - INFO - [API RESPONSE] DELETE https://ncm.services.nconprem-10-53-60-173.ccpnx.com/v1/cg/config/rate-cards?rateCardIds=76ad08b3-80f8-402c-85fb-b0bb9061c710
2026-02-03 08:55:59 - create_rate_cards - INFO - [STATUS CODE] 200
2026-02-03 08:55:59 - create_rate_cards - INFO - [TIME TAKEN] 0.1951 seconds (195.13 ms)
2026-02-03 08:55:59 - create_rate_cards - INFO - [RESPONSE CONTENT-TYPE] application/json
2026-02-03 08:55:59 - create_rate_cards - INFO - [RESPONSE PAYLOAD]
{
  "message": "Delete Success"
}
2026-02-03 08:55:59 - create_rate_cards - INFO - ✓ Deleted rate card: st_testing720273_45
2026-02-03 08:55:59 - create_rate_cards - INFO - Deleting rate card: st_testing720273_46
2026-02-03 08:55:59 - create_rate_cards - INFO - [API REQUEST] DELETE https://ncm.services.nconprem-10-53-60-173.ccpnx.com/v1/cg/config/rate-cards?rateCardIds=57d487f9-c733-4669-9a7c-e48d9de0245c
2026-02-03 08:56:00 - create_rate_cards - INFO - [API RESPONSE] DELETE https://ncm.services.nconprem-10-53-60-173.ccpnx.com/v1/cg/config/rate-cards?rateCardIds=57d487f9-c733-4669-9a7c-e48d9de0245c
2026-02-03 08:56:00 - create_rate_cards - INFO - [STATUS CODE] 200
2026-02-03 08:56:00 - create_rate_cards - INFO - [TIME TAKEN] 0.2384 seconds (238.38 ms)
2026-02-03 08:56:00 - create_rate_cards - INFO - [RESPONSE CONTENT-TYPE] application/json
2026-02-03 08:56:00 - create_rate_cards - INFO - [RESPONSE PAYLOAD]
{
  "message": "Delete Success"
}
2026-02-03 08:56:00 - create_rate_cards - INFO - ✓ Deleted rate card: st_testing720273_46
2026-02-03 08:56:00 - create_rate_cards - INFO - Deleting rate card: st_testing720273_47
2026-02-03 08:56:00 - create_rate_cards - INFO - [API REQUEST] DELETE https://ncm.services.nconprem-10-53-60-173.ccpnx.com/v1/cg/config/rate-cards?rateCardIds=4f2474f1-7ee1-4b7a-bfdb-6f5b053de055
2026-02-03 08:56:00 - create_rate_cards - INFO - [API RESPONSE] DELETE https://ncm.services.nconprem-10-53-60-173.ccpnx.com/v1/cg/config/rate-cards?rateCardIds=4f2474f1-7ee1-4b7a-bfdb-6f5b053de055
2026-02-03 08:56:00 - create_rate_cards - INFO - [STATUS CODE] 200
2026-02-03 08:56:00 - create_rate_cards - INFO - [TIME TAKEN] 0.1974 seconds (197.42 ms)
2026-02-03 08:56:00 - create_rate_cards - INFO - [RESPONSE CONTENT-TYPE] application/json
2026-02-03 08:56:00 - create_rate_cards - INFO - [RESPONSE PAYLOAD]
{
  "message": "Delete Success"
}
2026-02-03 08:56:00 - create_rate_cards - INFO - ✓ Deleted rate card: st_testing720273_47
2026-02-03 08:56:00 - create_rate_cards - INFO - Deleting rate card: st_testing720273_48
2026-02-03 08:56:00 - create_rate_cards - INFO - [API REQUEST] DELETE https://ncm.services.nconprem-10-53-60-173.ccpnx.com/v1/cg/config/rate-cards?rateCardIds=aa66db6b-b28c-45fe-ba8c-10a9a05a1884
2026-02-03 08:56:00 - create_rate_cards - INFO - [API RESPONSE] DELETE https://ncm.services.nconprem-10-53-60-173.ccpnx.com/v1/cg/config/rate-cards?rateCardIds=aa66db6b-b28c-45fe-ba8c-10a9a05a1884
2026-02-03 08:56:00 - create_rate_cards - INFO - [STATUS CODE] 200
2026-02-03 08:56:00 - create_rate_cards - INFO - [TIME TAKEN] 0.3262 seconds (326.18 ms)
2026-02-03 08:56:00 - create_rate_cards - INFO - [RESPONSE CONTENT-TYPE] application/json
2026-02-03 08:56:00 - create_rate_cards - INFO - [RESPONSE PAYLOAD]
{
  "message": "Delete Success"
}
2026-02-03 08:56:00 - create_rate_cards - INFO - ✓ Deleted rate card: st_testing720273_48
2026-02-03 08:56:00 - create_rate_cards - INFO - Deleting rate card: st_testing720273_49
2026-02-03 08:56:00 - create_rate_cards - INFO - [API REQUEST] DELETE https://ncm.services.nconprem-10-53-60-173.ccpnx.com/v1/cg/config/rate-cards?rateCardIds=6a16b7e2-032a-4cf0-a62b-5ad90610236c
2026-02-03 08:56:01 - create_rate_cards - INFO - [API RESPONSE] DELETE https://ncm.services.nconprem-10-53-60-173.ccpnx.com/v1/cg/config/rate-cards?rateCardIds=6a16b7e2-032a-4cf0-a62b-5ad90610236c
2026-02-03 08:56:01 - create_rate_cards - INFO - [STATUS CODE] 200
2026-02-03 08:56:01 - create_rate_cards - INFO - [TIME TAKEN] 0.3009 seconds (300.94 ms)
2026-02-03 08:56:01 - create_rate_cards - INFO - [RESPONSE CONTENT-TYPE] application/json
2026-02-03 08:56:01 - create_rate_cards - INFO - [RESPONSE PAYLOAD]
{
  "message": "Delete Success"
}
2026-02-03 08:56:01 - create_rate_cards - INFO - ✓ Deleted rate card: st_testing720273_49
2026-02-03 08:56:01 - create_rate_cards - INFO - Deleting rate card: st_testing720273_5
2026-02-03 08:56:01 - create_rate_cards - INFO - [API REQUEST] DELETE https://ncm.services.nconprem-10-53-60-173.ccpnx.com/v1/cg/config/rate-cards?rateCardIds=b24c00e1-c5a1-44cf-b9aa-1fa2c06e3ee7
2026-02-03 08:56:01 - create_rate_cards - INFO - [API RESPONSE] DELETE https://ncm.services.nconprem-10-53-60-173.ccpnx.com/v1/cg/config/rate-cards?rateCardIds=b24c00e1-c5a1-44cf-b9aa-1fa2c06e3ee7
2026-02-03 08:56:01 - create_rate_cards - INFO - [STATUS CODE] 200
2026-02-03 08:56:01 - create_rate_cards - INFO - [TIME TAKEN] 0.3160 seconds (316.02 ms)
2026-02-03 08:56:01 - create_rate_cards - INFO - [RESPONSE CONTENT-TYPE] application/json
2026-02-03 08:56:01 - create_rate_cards - INFO - [RESPONSE PAYLOAD]
{
  "message": "Delete Success"
}
2026-02-03 08:56:01 - create_rate_cards - INFO - ✓ Deleted rate card: st_testing720273_5
2026-02-03 08:56:01 - create_rate_cards - INFO - Deleting rate card: st_testing720273_50
2026-02-03 08:56:01 - create_rate_cards - INFO - [API REQUEST] DELETE https://ncm.services.nconprem-10-53-60-173.ccpnx.com/v1/cg/config/rate-cards?rateCardIds=6274a6cf-aee2-4ef5-9660-ce29096ea9f5
2026-02-03 08:56:01 - create_rate_cards - INFO - [API RESPONSE] DELETE https://ncm.services.nconprem-10-53-60-173.ccpnx.com/v1/cg/config/rate-cards?rateCardIds=6274a6cf-aee2-4ef5-9660-ce29096ea9f5
2026-02-03 08:56:01 - create_rate_cards - INFO - [STATUS CODE] 200
2026-02-03 08:56:01 - create_rate_cards - INFO - [TIME TAKEN] 0.4820 seconds (482.02 ms)
2026-02-03 08:56:01 - create_rate_cards - INFO - [RESPONSE CONTENT-TYPE] application/json
2026-02-03 08:56:01 - create_rate_cards - INFO - [RESPONSE PAYLOAD]
{
  "message": "Delete Success"
}
2026-02-03 08:56:01 - create_rate_cards - INFO - ✓ Deleted rate card: st_testing720273_50
2026-02-03 08:56:01 - create_rate_cards - INFO - Deleting rate card: st_testing720273_51
2026-02-03 08:56:01 - create_rate_cards - INFO - [API REQUEST] DELETE https://ncm.services.nconprem-10-53-60-173.ccpnx.com/v1/cg/config/rate-cards?rateCardIds=4052089f-09f2-4b20-832e-0fc9267fcb89
2026-02-03 08:56:02 - create_rate_cards - INFO - [API RESPONSE] DELETE https://ncm.services.nconprem-10-53-60-173.ccpnx.com/v1/cg/config/rate-cards?rateCardIds=4052089f-09f2-4b20-832e-0fc9267fcb89
2026-02-03 08:56:02 - create_rate_cards - INFO - [STATUS CODE] 200
2026-02-03 08:56:02 - create_rate_cards - INFO - [TIME TAKEN] 0.5009 seconds (500.90 ms)
2026-02-03 08:56:02 - create_rate_cards - INFO - [RESPONSE CONTENT-TYPE] application/json
2026-02-03 08:56:02 - create_rate_cards - INFO - [RESPONSE PAYLOAD]
{
  "message": "Delete Success"
}
2026-02-03 08:56:02 - create_rate_cards - INFO - ✓ Deleted rate card: st_testing720273_51
2026-02-03 08:56:02 - create_rate_cards - INFO - Deleting rate card: st_testing720273_52
2026-02-03 08:56:02 - create_rate_cards - INFO - [API REQUEST] DELETE https://ncm.services.nconprem-10-53-60-173.ccpnx.com/v1/cg/config/rate-cards?rateCardIds=48b28587-505c-4921-af8f-9988cc36593c
2026-02-03 08:56:02 - create_rate_cards - INFO - [API RESPONSE] DELETE https://ncm.services.nconprem-10-53-60-173.ccpnx.com/v1/cg/config/rate-cards?rateCardIds=48b28587-505c-4921-af8f-9988cc36593c
2026-02-03 08:56:02 - create_rate_cards - INFO - [STATUS CODE] 200
2026-02-03 08:56:02 - create_rate_cards - INFO - [TIME TAKEN] 0.5618 seconds (561.79 ms)
2026-02-03 08:56:02 - create_rate_cards - INFO - [RESPONSE CONTENT-TYPE] application/json
2026-02-03 08:56:02 - create_rate_cards - INFO - [RESPONSE PAYLOAD]
{
  "message": "Delete Success"
}
2026-02-03 08:56:02 - create_rate_cards - INFO - ✓ Deleted rate card: st_testing720273_52
2026-02-03 08:56:02 - create_rate_cards - INFO - Deleting rate card: st_testing720273_53
2026-02-03 08:56:02 - create_rate_cards - INFO - [API REQUEST] DELETE https://ncm.services.nconprem-10-53-60-173.ccpnx.com/v1/cg/config/rate-cards?rateCardIds=69aa2d59-983b-461f-a23b-4ca047599c51
2026-02-03 08:56:03 - create_rate_cards - INFO - [API RESPONSE] DELETE https://ncm.services.nconprem-10-53-60-173.ccpnx.com/v1/cg/config/rate-cards?rateCardIds=69aa2d59-983b-461f-a23b-4ca047599c51
2026-02-03 08:56:03 - create_rate_cards - INFO - [STATUS CODE] 200
2026-02-03 08:56:03 - create_rate_cards - INFO - [TIME TAKEN] 0.3216 seconds (321.58 ms)
2026-02-03 08:56:03 - create_rate_cards - INFO - [RESPONSE CONTENT-TYPE] application/json
2026-02-03 08:56:03 - create_rate_cards - INFO - [RESPONSE PAYLOAD]
{
  "message": "Delete Success"
}
2026-02-03 08:56:03 - create_rate_cards - INFO - ✓ Deleted rate card: st_testing720273_53
2026-02-03 08:56:03 - create_rate_cards - INFO - Deleting rate card: st_testing720273_54
2026-02-03 08:56:03 - create_rate_cards - INFO - [API REQUEST] DELETE https://ncm.services.nconprem-10-53-60-173.ccpnx.com/v1/cg/config/rate-cards?rateCardIds=78b7d69a-3657-4594-9f54-5a811b0816d1
2026-02-03 08:56:03 - create_rate_cards - INFO - [API RESPONSE] DELETE https://ncm.services.nconprem-10-53-60-173.ccpnx.com/v1/cg/config/rate-cards?rateCardIds=78b7d69a-3657-4594-9f54-5a811b0816d1
2026-02-03 08:56:03 - create_rate_cards - INFO - [STATUS CODE] 200
2026-02-03 08:56:03 - create_rate_cards - INFO - [TIME TAKEN] 0.4760 seconds (475.99 ms)
2026-02-03 08:56:03 - create_rate_cards - INFO - [RESPONSE CONTENT-TYPE] application/json
2026-02-03 08:56:03 - create_rate_cards - INFO - [RESPONSE PAYLOAD]
{
  "message": "Delete Success"
}
2026-02-03 08:56:03 - create_rate_cards - INFO - ✓ Deleted rate card: st_testing720273_54
2026-02-03 08:56:03 - create_rate_cards - INFO - Deleting rate card: st_testing720273_55
2026-02-03 08:56:03 - create_rate_cards - INFO - [API REQUEST] DELETE https://ncm.services.nconprem-10-53-60-173.ccpnx.com/v1/cg/config/rate-cards?rateCardIds=80ac51f0-ae1e-4f1a-9bb7-2d6717e033ae
2026-02-03 08:56:03 - create_rate_cards - INFO - [API RESPONSE] DELETE https://ncm.services.nconprem-10-53-60-173.ccpnx.com/v1/cg/config/rate-cards?rateCardIds=80ac51f0-ae1e-4f1a-9bb7-2d6717e033ae
2026-02-03 08:56:03 - create_rate_cards - INFO - [STATUS CODE] 200
2026-02-03 08:56:03 - create_rate_cards - INFO - [TIME TAKEN] 0.3090 seconds (309.01 ms)
2026-02-03 08:56:03 - create_rate_cards - INFO - [RESPONSE CONTENT-TYPE] application/json
2026-02-03 08:56:03 - create_rate_cards - INFO - [RESPONSE PAYLOAD]
{
  "message": "Delete Success"
}
2026-02-03 08:56:03 - create_rate_cards - INFO - ✓ Deleted rate card: st_testing720273_55
2026-02-03 08:56:03 - create_rate_cards - INFO - Deleting rate card: st_testing720273_56
2026-02-03 08:56:03 - create_rate_cards - INFO - [API REQUEST] DELETE https://ncm.services.nconprem-10-53-60-173.ccpnx.com/v1/cg/config/rate-cards?rateCardIds=56715138-476f-4eb3-876c-3f34a7d63795
2026-02-03 08:56:04 - create_rate_cards - INFO - [API RESPONSE] DELETE https://ncm.services.nconprem-10-53-60-173.ccpnx.com/v1/cg/config/rate-cards?rateCardIds=56715138-476f-4eb3-876c-3f34a7d63795
2026-02-03 08:56:04 - create_rate_cards - INFO - [STATUS CODE] 200
2026-02-03 08:56:04 - create_rate_cards - INFO - [TIME TAKEN] 0.4114 seconds (411.43 ms)
2026-02-03 08:56:04 - create_rate_cards - INFO - [RESPONSE CONTENT-TYPE] application/json
2026-02-03 08:56:04 - create_rate_cards - INFO - [RESPONSE PAYLOAD]
{
  "message": "Delete Success"
}
2026-02-03 08:56:04 - create_rate_cards - INFO - ✓ Deleted rate card: st_testing720273_56
2026-02-03 08:56:04 - create_rate_cards - INFO - Deleting rate card: st_testing720273_57
2026-02-03 08:56:04 - create_rate_cards - INFO - [API REQUEST] DELETE https://ncm.services.nconprem-10-53-60-173.ccpnx.com/v1/cg/config/rate-cards?rateCardIds=1d1cf7f6-2949-4841-9ad0-b962ccc051f2
2026-02-03 08:56:04 - create_rate_cards - INFO - [API RESPONSE] DELETE https://ncm.services.nconprem-10-53-60-173.ccpnx.com/v1/cg/config/rate-cards?rateCardIds=1d1cf7f6-2949-4841-9ad0-b962ccc051f2
2026-02-03 08:56:04 - create_rate_cards - INFO - [STATUS CODE] 200
2026-02-03 08:56:04 - create_rate_cards - INFO - [TIME TAKEN] 0.2311 seconds (231.13 ms)
2026-02-03 08:56:04 - create_rate_cards - INFO - [RESPONSE CONTENT-TYPE] application/json
2026-02-03 08:56:04 - create_rate_cards - INFO - [RESPONSE PAYLOAD]
{
  "message": "Delete Success"
}
2026-02-03 08:56:04 - create_rate_cards - INFO - ✓ Deleted rate card: st_testing720273_57
2026-02-03 08:56:04 - create_rate_cards - INFO - Deleting rate card: st_testing720273_58
2026-02-03 08:56:04 - create_rate_cards - INFO - [API REQUEST] DELETE https://ncm.services.nconprem-10-53-60-173.ccpnx.com/v1/cg/config/rate-cards?rateCardIds=357a0660-15af-4e42-9670-0af51624a86a
2026-02-03 08:56:04 - create_rate_cards - INFO - [API RESPONSE] DELETE https://ncm.services.nconprem-10-53-60-173.ccpnx.com/v1/cg/config/rate-cards?rateCardIds=357a0660-15af-4e42-9670-0af51624a86a
2026-02-03 08:56:04 - create_rate_cards - INFO - [STATUS CODE] 200
2026-02-03 08:56:04 - create_rate_cards - INFO - [TIME TAKEN] 0.2372 seconds (237.17 ms)
2026-02-03 08:56:04 - create_rate_cards - INFO - [RESPONSE CONTENT-TYPE] application/json
2026-02-03 08:56:04 - create_rate_cards - INFO - [RESPONSE PAYLOAD]
{
  "message": "Delete Success"
}
2026-02-03 08:56:04 - create_rate_cards - INFO - ✓ Deleted rate card: st_testing720273_58
2026-02-03 08:56:04 - create_rate_cards - INFO - Deleting rate card: st_testing720273_59
2026-02-03 08:56:04 - create_rate_cards - INFO - [API REQUEST] DELETE https://ncm.services.nconprem-10-53-60-173.ccpnx.com/v1/cg/config/rate-cards?rateCardIds=446b0bac-0db5-4962-a6f3-3150fbf36f1e
2026-02-03 08:56:05 - create_rate_cards - INFO - [API RESPONSE] DELETE https://ncm.services.nconprem-10-53-60-173.ccpnx.com/v1/cg/config/rate-cards?rateCardIds=446b0bac-0db5-4962-a6f3-3150fbf36f1e
2026-02-03 08:56:05 - create_rate_cards - INFO - [STATUS CODE] 200
2026-02-03 08:56:05 - create_rate_cards - INFO - [TIME TAKEN] 0.2569 seconds (256.89 ms)
2026-02-03 08:56:05 - create_rate_cards - INFO - [RESPONSE CONTENT-TYPE] application/json
2026-02-03 08:56:05 - create_rate_cards - INFO - [RESPONSE PAYLOAD]
{
  "message": "Delete Success"
}
2026-02-03 08:56:05 - create_rate_cards - INFO - ✓ Deleted rate card: st_testing720273_59
2026-02-03 08:56:05 - create_rate_cards - INFO - Deleting rate card: st_testing720273_6
2026-02-03 08:56:05 - create_rate_cards - INFO - [API REQUEST] DELETE https://ncm.services.nconprem-10-53-60-173.ccpnx.com/v1/cg/config/rate-cards?rateCardIds=5d16d420-ece2-43e6-8edd-a48a05924c70
2026-02-03 08:56:05 - create_rate_cards - INFO - [API RESPONSE] DELETE https://ncm.services.nconprem-10-53-60-173.ccpnx.com/v1/cg/config/rate-cards?rateCardIds=5d16d420-ece2-43e6-8edd-a48a05924c70
2026-02-03 08:56:05 - create_rate_cards - INFO - [STATUS CODE] 200
2026-02-03 08:56:05 - create_rate_cards - INFO - [TIME TAKEN] 0.3949 seconds (394.94 ms)
2026-02-03 08:56:05 - create_rate_cards - INFO - [RESPONSE CONTENT-TYPE] application/json
2026-02-03 08:56:05 - create_rate_cards - INFO - [RESPONSE PAYLOAD]
{
  "message": "Delete Success"
}
2026-02-03 08:56:05 - create_rate_cards - INFO - ✓ Deleted rate card: st_testing720273_6
2026-02-03 08:56:05 - create_rate_cards - INFO - Deleting rate card: st_testing720273_60
2026-02-03 08:56:05 - create_rate_cards - INFO - [API REQUEST] DELETE https://ncm.services.nconprem-10-53-60-173.ccpnx.com/v1/cg/config/rate-cards?rateCardIds=1ba232ef-b8d0-451e-b5e0-1fb87dff4140
2026-02-03 08:56:05 - create_rate_cards - INFO - [API RESPONSE] DELETE https://ncm.services.nconprem-10-53-60-173.ccpnx.com/v1/cg/config/rate-cards?rateCardIds=1ba232ef-b8d0-451e-b5e0-1fb87dff4140
2026-02-03 08:56:05 - create_rate_cards - INFO - [STATUS CODE] 200
2026-02-03 08:56:05 - create_rate_cards - INFO - [TIME TAKEN] 0.2222 seconds (222.20 ms)
2026-02-03 08:56:05 - create_rate_cards - INFO - [RESPONSE CONTENT-TYPE] application/json
2026-02-03 08:56:05 - create_rate_cards - INFO - [RESPONSE PAYLOAD]
{
  "message": "Delete Success"
}
2026-02-03 08:56:05 - create_rate_cards - INFO - ✓ Deleted rate card: st_testing720273_60
2026-02-03 08:56:05 - create_rate_cards - INFO - Deleting rate card: st_testing720273_61
2026-02-03 08:56:05 - create_rate_cards - INFO - [API REQUEST] DELETE https://ncm.services.nconprem-10-53-60-173.ccpnx.com/v1/cg/config/rate-cards?rateCardIds=795bef48-1235-44b4-9eed-71edec63572e
2026-02-03 08:56:06 - create_rate_cards - INFO - [API RESPONSE] DELETE https://ncm.services.nconprem-10-53-60-173.ccpnx.com/v1/cg/config/rate-cards?rateCardIds=795bef48-1235-44b4-9eed-71edec63572e
2026-02-03 08:56:06 - create_rate_cards - INFO - [STATUS CODE] 200
2026-02-03 08:56:06 - create_rate_cards - INFO - [TIME TAKEN] 0.2597 seconds (259.70 ms)
2026-02-03 08:56:06 - create_rate_cards - INFO - [RESPONSE CONTENT-TYPE] application/json
2026-02-03 08:56:06 - create_rate_cards - INFO - [RESPONSE PAYLOAD]
{
  "message": "Delete Success"
}
2026-02-03 08:56:06 - create_rate_cards - INFO - ✓ Deleted rate card: st_testing720273_61
2026-02-03 08:56:06 - create_rate_cards - INFO - Deleting rate card: st_testing720273_62
2026-02-03 08:56:06 - create_rate_cards - INFO - [API REQUEST] DELETE https://ncm.services.nconprem-10-53-60-173.ccpnx.com/v1/cg/config/rate-cards?rateCardIds=84bf422e-94c6-481e-9d11-7640dced333a
2026-02-03 08:56:06 - create_rate_cards - INFO - [API RESPONSE] DELETE https://ncm.services.nconprem-10-53-60-173.ccpnx.com/v1/cg/config/rate-cards?rateCardIds=84bf422e-94c6-481e-9d11-7640dced333a
2026-02-03 08:56:06 - create_rate_cards - INFO - [STATUS CODE] 200
2026-02-03 08:56:06 - create_rate_cards - INFO - [TIME TAKEN] 0.3644 seconds (364.44 ms)
2026-02-03 08:56:06 - create_rate_cards - INFO - [RESPONSE CONTENT-TYPE] application/json
2026-02-03 08:56:06 - create_rate_cards - INFO - [RESPONSE PAYLOAD]
{
  "message": "Delete Success"
}
2026-02-03 08:56:06 - create_rate_cards - INFO - ✓ Deleted rate card: st_testing720273_62
2026-02-03 08:56:06 - create_rate_cards - INFO - Deleting rate card: st_testing720273_63
2026-02-03 08:56:06 - create_rate_cards - INFO - [API REQUEST] DELETE https://ncm.services.nconprem-10-53-60-173.ccpnx.com/v1/cg/config/rate-cards?rateCardIds=8a157ff2-c6de-4cdc-a22d-0cc250206d62
2026-02-03 08:56:06 - create_rate_cards - INFO - [API RESPONSE] DELETE https://ncm.services.nconprem-10-53-60-173.ccpnx.com/v1/cg/config/rate-cards?rateCardIds=8a157ff2-c6de-4cdc-a22d-0cc250206d62
2026-02-03 08:56:06 - create_rate_cards - INFO - [STATUS CODE] 200
2026-02-03 08:56:06 - create_rate_cards - INFO - [TIME TAKEN] 0.5994 seconds (599.39 ms)
2026-02-03 08:56:06 - create_rate_cards - INFO - [RESPONSE CONTENT-TYPE] application/json
2026-02-03 08:56:06 - create_rate_cards - INFO - [RESPONSE PAYLOAD]
{
  "message": "Delete Success"
}
2026-02-03 08:56:06 - create_rate_cards - INFO - ✓ Deleted rate card: st_testing720273_63
2026-02-03 08:56:06 - create_rate_cards - INFO - Deleting rate card: st_testing720273_64
2026-02-03 08:56:06 - create_rate_cards - INFO - [API REQUEST] DELETE https://ncm.services.nconprem-10-53-60-173.ccpnx.com/v1/cg/config/rate-cards?rateCardIds=4535b65d-22ba-47e5-9004-ac2173f5ade8
2026-02-03 08:56:07 - create_rate_cards - INFO - [API RESPONSE] DELETE https://ncm.services.nconprem-10-53-60-173.ccpnx.com/v1/cg/config/rate-cards?rateCardIds=4535b65d-22ba-47e5-9004-ac2173f5ade8
2026-02-03 08:56:07 - create_rate_cards - INFO - [STATUS CODE] 200
2026-02-03 08:56:07 - create_rate_cards - INFO - [TIME TAKEN] 0.3859 seconds (385.90 ms)
2026-02-03 08:56:07 - create_rate_cards - INFO - [RESPONSE CONTENT-TYPE] application/json
2026-02-03 08:56:07 - create_rate_cards - INFO - [RESPONSE PAYLOAD]
{
  "message": "Delete Success"
}
2026-02-03 08:56:07 - create_rate_cards - INFO - ✓ Deleted rate card: st_testing720273_64
2026-02-03 08:56:07 - create_rate_cards - INFO - Deleting rate card: st_testing720273_65
2026-02-03 08:56:07 - create_rate_cards - INFO - [API REQUEST] DELETE https://ncm.services.nconprem-10-53-60-173.ccpnx.com/v1/cg/config/rate-cards?rateCardIds=0b288e8f-db8a-4526-abc0-3ec0465256a7
2026-02-03 08:56:07 - create_rate_cards - INFO - [API RESPONSE] DELETE https://ncm.services.nconprem-10-53-60-173.ccpnx.com/v1/cg/config/rate-cards?rateCardIds=0b288e8f-db8a-4526-abc0-3ec0465256a7
2026-02-03 08:56:07 - create_rate_cards - INFO - [STATUS CODE] 200
2026-02-03 08:56:07 - create_rate_cards - INFO - [TIME TAKEN] 0.3111 seconds (311.13 ms)
2026-02-03 08:56:07 - create_rate_cards - INFO - [RESPONSE CONTENT-TYPE] application/json
2026-02-03 08:56:07 - create_rate_cards - INFO - [RESPONSE PAYLOAD]
{
  "message": "Delete Success"
}
2026-02-03 08:56:07 - create_rate_cards - INFO - ✓ Deleted rate card: st_testing720273_65
2026-02-03 08:56:07 - create_rate_cards - INFO - Deleting rate card: st_testing720273_66
2026-02-03 08:56:07 - create_rate_cards - INFO - [API REQUEST] DELETE https://ncm.services.nconprem-10-53-60-173.ccpnx.com/v1/cg/config/rate-cards?rateCardIds=1f58cc13-edca-4ad8-9c66-e51de1706431
2026-02-03 08:56:08 - create_rate_cards - INFO - [API RESPONSE] DELETE https://ncm.services.nconprem-10-53-60-173.ccpnx.com/v1/cg/config/rate-cards?rateCardIds=1f58cc13-edca-4ad8-9c66-e51de1706431
2026-02-03 08:56:08 - create_rate_cards - INFO - [STATUS CODE] 200
2026-02-03 08:56:08 - create_rate_cards - INFO - [TIME TAKEN] 0.3618 seconds (361.78 ms)
2026-02-03 08:56:08 - create_rate_cards - INFO - [RESPONSE CONTENT-TYPE] application/json
2026-02-03 08:56:08 - create_rate_cards - INFO - [RESPONSE PAYLOAD]
{
  "message": "Delete Success"
}
2026-02-03 08:56:08 - create_rate_cards - INFO - ✓ Deleted rate card: st_testing720273_66
2026-02-03 08:56:08 - create_rate_cards - INFO - Deleting rate card: st_testing720273_67
2026-02-03 08:56:08 - create_rate_cards - INFO - [API REQUEST] DELETE https://ncm.services.nconprem-10-53-60-173.ccpnx.com/v1/cg/config/rate-cards?rateCardIds=f9818a73-5cf7-4573-bf57-aefb3fd58563
2026-02-03 08:56:08 - create_rate_cards - INFO - [API RESPONSE] DELETE https://ncm.services.nconprem-10-53-60-173.ccpnx.com/v1/cg/config/rate-cards?rateCardIds=f9818a73-5cf7-4573-bf57-aefb3fd58563
2026-02-03 08:56:08 - create_rate_cards - INFO - [STATUS CODE] 200
2026-02-03 08:56:08 - create_rate_cards - INFO - [TIME TAKEN] 0.2666 seconds (266.60 ms)
2026-02-03 08:56:08 - create_rate_cards - INFO - [RESPONSE CONTENT-TYPE] application/json
2026-02-03 08:56:08 - create_rate_cards - INFO - [RESPONSE PAYLOAD]
{
  "message": "Delete Success"
}
2026-02-03 08:56:08 - create_rate_cards - INFO - ✓ Deleted rate card: st_testing720273_67
2026-02-03 08:56:08 - create_rate_cards - INFO - Deleting rate card: st_testing720273_68
2026-02-03 08:56:08 - create_rate_cards - INFO - [API REQUEST] DELETE https://ncm.services.nconprem-10-53-60-173.ccpnx.com/v1/cg/config/rate-cards?rateCardIds=6238b685-ee91-40e0-910e-8fefa66cca71
2026-02-03 08:56:08 - create_rate_cards - INFO - [API RESPONSE] DELETE https://ncm.services.nconprem-10-53-60-173.ccpnx.com/v1/cg/config/rate-cards?rateCardIds=6238b685-ee91-40e0-910e-8fefa66cca71
2026-02-03 08:56:08 - create_rate_cards - INFO - [STATUS CODE] 200
2026-02-03 08:56:08 - create_rate_cards - INFO - [TIME TAKEN] 0.2471 seconds (247.05 ms)
2026-02-03 08:56:08 - create_rate_cards - INFO - [RESPONSE CONTENT-TYPE] application/json
2026-02-03 08:56:08 - create_rate_cards - INFO - [RESPONSE PAYLOAD]
{
  "message": "Delete Success"
}
2026-02-03 08:56:08 - create_rate_cards - INFO - ✓ Deleted rate card: st_testing720273_68
2026-02-03 08:56:08 - create_rate_cards - INFO - Deleting rate card: st_testing720273_69
2026-02-03 08:56:08 - create_rate_cards - INFO - [API REQUEST] DELETE https://ncm.services.nconprem-10-53-60-173.ccpnx.com/v1/cg/config/rate-cards?rateCardIds=48583956-5720-41e8-b62c-71f0db742d2c
2026-02-03 08:56:08 - create_rate_cards - INFO - [API RESPONSE] DELETE https://ncm.services.nconprem-10-53-60-173.ccpnx.com/v1/cg/config/rate-cards?rateCardIds=48583956-5720-41e8-b62c-71f0db742d2c
2026-02-03 08:56:08 - create_rate_cards - INFO - [STATUS CODE] 200
2026-02-03 08:56:08 - create_rate_cards - INFO - [TIME TAKEN] 0.2800 seconds (279.96 ms)
2026-02-03 08:56:08 - create_rate_cards - INFO - [RESPONSE CONTENT-TYPE] application/json
2026-02-03 08:56:08 - create_rate_cards - INFO - [RESPONSE PAYLOAD]
{
  "message": "Delete Success"
}
2026-02-03 08:56:08 - create_rate_cards - INFO - ✓ Deleted rate card: st_testing720273_69
2026-02-03 08:56:08 - create_rate_cards - INFO - Deleting rate card: st_testing720273_7
2026-02-03 08:56:08 - create_rate_cards - INFO - [API REQUEST] DELETE https://ncm.services.nconprem-10-53-60-173.ccpnx.com/v1/cg/config/rate-cards?rateCardIds=2d38e1a9-2f96-4cc1-828c-749a1adf1b91
2026-02-03 08:56:09 - create_rate_cards - INFO - [API RESPONSE] DELETE https://ncm.services.nconprem-10-53-60-173.ccpnx.com/v1/cg/config/rate-cards?rateCardIds=2d38e1a9-2f96-4cc1-828c-749a1adf1b91
2026-02-03 08:56:09 - create_rate_cards - INFO - [STATUS CODE] 200
2026-02-03 08:56:09 - create_rate_cards - INFO - [TIME TAKEN] 0.2538 seconds (253.80 ms)
2026-02-03 08:56:09 - create_rate_cards - INFO - [RESPONSE CONTENT-TYPE] application/json
2026-02-03 08:56:09 - create_rate_cards - INFO - [RESPONSE PAYLOAD]
{
  "message": "Delete Success"
}
2026-02-03 08:56:09 - create_rate_cards - INFO - ✓ Deleted rate card: st_testing720273_7
2026-02-03 08:56:09 - create_rate_cards - INFO - Deleting rate card: st_testing720273_70
2026-02-03 08:56:09 - create_rate_cards - INFO - [API REQUEST] DELETE https://ncm.services.nconprem-10-53-60-173.ccpnx.com/v1/cg/config/rate-cards?rateCardIds=6814fb14-b92e-4dbd-8c58-eca50e079e37
2026-02-03 08:56:09 - create_rate_cards - INFO - [API RESPONSE] DELETE https://ncm.services.nconprem-10-53-60-173.ccpnx.com/v1/cg/config/rate-cards?rateCardIds=6814fb14-b92e-4dbd-8c58-eca50e079e37
2026-02-03 08:56:09 - create_rate_cards - INFO - [STATUS CODE] 200
2026-02-03 08:56:09 - create_rate_cards - INFO - [TIME TAKEN] 0.5156 seconds (515.56 ms)
2026-02-03 08:56:09 - create_rate_cards - INFO - [RESPONSE CONTENT-TYPE] application/json
2026-02-03 08:56:09 - create_rate_cards - INFO - [RESPONSE PAYLOAD]
{
  "message": "Delete Success"
}
2026-02-03 08:56:09 - create_rate_cards - INFO - ✓ Deleted rate card: st_testing720273_70
2026-02-03 08:56:09 - create_rate_cards - INFO - Deleting rate card: st_testing720273_71
2026-02-03 08:56:09 - create_rate_cards - INFO - [API REQUEST] DELETE https://ncm.services.nconprem-10-53-60-173.ccpnx.com/v1/cg/config/rate-cards?rateCardIds=8bdbac4b-f968-46a8-a391-1b42adc2ca2e
2026-02-03 08:56:09 - create_rate_cards - INFO - [API RESPONSE] DELETE https://ncm.services.nconprem-10-53-60-173.ccpnx.com/v1/cg/config/rate-cards?rateCardIds=8bdbac4b-f968-46a8-a391-1b42adc2ca2e
2026-02-03 08:56:09 - create_rate_cards - INFO - [STATUS CODE] 200
2026-02-03 08:56:09 - create_rate_cards - INFO - [TIME TAKEN] 0.3443 seconds (344.35 ms)
2026-02-03 08:56:09 - create_rate_cards - INFO - [RESPONSE CONTENT-TYPE] application/json
2026-02-03 08:56:09 - create_rate_cards - INFO - [RESPONSE PAYLOAD]
{
  "message": "Delete Success"
}
2026-02-03 08:56:09 - create_rate_cards - INFO - ✓ Deleted rate card: st_testing720273_71
2026-02-03 08:56:09 - create_rate_cards - INFO - Deleting rate card: st_testing720273_72
2026-02-03 08:56:09 - create_rate_cards - INFO - [API REQUEST] DELETE https://ncm.services.nconprem-10-53-60-173.ccpnx.com/v1/cg/config/rate-cards?rateCardIds=8b132980-fb1d-4fb9-a6fc-1bccc1dddd5d
2026-02-03 08:56:10 - create_rate_cards - INFO - [API RESPONSE] DELETE https://ncm.services.nconprem-10-53-60-173.ccpnx.com/v1/cg/config/rate-cards?rateCardIds=8b132980-fb1d-4fb9-a6fc-1bccc1dddd5d
2026-02-03 08:56:10 - create_rate_cards - INFO - [STATUS CODE] 200
2026-02-03 08:56:10 - create_rate_cards - INFO - [TIME TAKEN] 0.5022 seconds (502.16 ms)
2026-02-03 08:56:10 - create_rate_cards - INFO - [RESPONSE CONTENT-TYPE] application/json
2026-02-03 08:56:10 - create_rate_cards - INFO - [RESPONSE PAYLOAD]
{
  "message": "Delete Success"
}
2026-02-03 08:56:10 - create_rate_cards - INFO - ✓ Deleted rate card: st_testing720273_72
2026-02-03 08:56:10 - create_rate_cards - INFO - Deleting rate card: st_testing720273_73
2026-02-03 08:56:10 - create_rate_cards - INFO - [API REQUEST] DELETE https://ncm.services.nconprem-10-53-60-173.ccpnx.com/v1/cg/config/rate-cards?rateCardIds=f4e8d85f-5aa0-44eb-bd8c-ca49e6a7f0fd
2026-02-03 08:56:10 - create_rate_cards - INFO - [API RESPONSE] DELETE https://ncm.services.nconprem-10-53-60-173.ccpnx.com/v1/cg/config/rate-cards?rateCardIds=f4e8d85f-5aa0-44eb-bd8c-ca49e6a7f0fd
2026-02-03 08:56:10 - create_rate_cards - INFO - [STATUS CODE] 200
2026-02-03 08:56:10 - create_rate_cards - INFO - [TIME TAKEN] 0.2956 seconds (295.62 ms)
2026-02-03 08:56:10 - create_rate_cards - INFO - [RESPONSE CONTENT-TYPE] application/json
2026-02-03 08:56:10 - create_rate_cards - INFO - [RESPONSE PAYLOAD]
{
  "message": "Delete Success"
}
2026-02-03 08:56:10 - create_rate_cards - INFO - ✓ Deleted rate card: st_testing720273_73
2026-02-03 08:56:10 - create_rate_cards - INFO - Deleting rate card: st_testing720273_74
2026-02-03 08:56:10 - create_rate_cards - INFO - [API REQUEST] DELETE https://ncm.services.nconprem-10-53-60-173.ccpnx.com/v1/cg/config/rate-cards?rateCardIds=8bd4785d-3815-4db4-a59a-dcdc348d58d0
2026-02-03 08:56:11 - create_rate_cards - INFO - [API RESPONSE] DELETE https://ncm.services.nconprem-10-53-60-173.ccpnx.com/v1/cg/config/rate-cards?rateCardIds=8bd4785d-3815-4db4-a59a-dcdc348d58d0
2026-02-03 08:56:11 - create_rate_cards - INFO - [STATUS CODE] 200
2026-02-03 08:56:11 - create_rate_cards - INFO - [TIME TAKEN] 0.4099 seconds (409.89 ms)
2026-02-03 08:56:11 - create_rate_cards - INFO - [RESPONSE CONTENT-TYPE] application/json
2026-02-03 08:56:11 - create_rate_cards - INFO - [RESPONSE PAYLOAD]
{
  "message": "Delete Success"
}
2026-02-03 08:56:11 - create_rate_cards - INFO - ✓ Deleted rate card: st_testing720273_74
2026-02-03 08:56:11 - create_rate_cards - INFO - Deleting rate card: st_testing720273_75
2026-02-03 08:56:11 - create_rate_cards - INFO - [API REQUEST] DELETE https://ncm.services.nconprem-10-53-60-173.ccpnx.com/v1/cg/config/rate-cards?rateCardIds=76afdbf5-33a8-4d85-86ad-2d2a8b315fff
2026-02-03 08:56:11 - create_rate_cards - INFO - [API RESPONSE] DELETE https://ncm.services.nconprem-10-53-60-173.ccpnx.com/v1/cg/config/rate-cards?rateCardIds=76afdbf5-33a8-4d85-86ad-2d2a8b315fff
2026-02-03 08:56:11 - create_rate_cards - INFO - [STATUS CODE] 200
2026-02-03 08:56:11 - create_rate_cards - INFO - [TIME TAKEN] 0.2558 seconds (255.81 ms)
2026-02-03 08:56:11 - create_rate_cards - INFO - [RESPONSE CONTENT-TYPE] application/json
2026-02-03 08:56:11 - create_rate_cards - INFO - [RESPONSE PAYLOAD]
{
  "message": "Delete Success"
}
2026-02-03 08:56:11 - create_rate_cards - INFO - ✓ Deleted rate card: st_testing720273_75
2026-02-03 08:56:11 - create_rate_cards - INFO - Deleting rate card: st_testing720273_76
2026-02-03 08:56:11 - create_rate_cards - INFO - [API REQUEST] DELETE https://ncm.services.nconprem-10-53-60-173.ccpnx.com/v1/cg/config/rate-cards?rateCardIds=b4c7ef38-76a0-45bc-aaf7-96714262b733
2026-02-03 08:56:11 - create_rate_cards - INFO - [API RESPONSE] DELETE https://ncm.services.nconprem-10-53-60-173.ccpnx.com/v1/cg/config/rate-cards?rateCardIds=b4c7ef38-76a0-45bc-aaf7-96714262b733
2026-02-03 08:56:11 - create_rate_cards - INFO - [STATUS CODE] 200
2026-02-03 08:56:11 - create_rate_cards - INFO - [TIME TAKEN] 0.2708 seconds (270.77 ms)
2026-02-03 08:56:11 - create_rate_cards - INFO - [RESPONSE CONTENT-TYPE] application/json
2026-02-03 08:56:11 - create_rate_cards - INFO - [RESPONSE PAYLOAD]
{
  "message": "Delete Success"
}
2026-02-03 08:56:11 - create_rate_cards - INFO - ✓ Deleted rate card: st_testing720273_76
2026-02-03 08:56:11 - create_rate_cards - INFO - Deleting rate card: st_testing720273_77
2026-02-03 08:56:11 - create_rate_cards - INFO - [API REQUEST] DELETE https://ncm.services.nconprem-10-53-60-173.ccpnx.com/v1/cg/config/rate-cards?rateCardIds=1962c6a4-ff1e-49cd-8e4b-2c49c9cebfe5
2026-02-03 08:56:11 - create_rate_cards - INFO - [API RESPONSE] DELETE https://ncm.services.nconprem-10-53-60-173.ccpnx.com/v1/cg/config/rate-cards?rateCardIds=1962c6a4-ff1e-49cd-8e4b-2c49c9cebfe5
2026-02-03 08:56:11 - create_rate_cards - INFO - [STATUS CODE] 200
2026-02-03 08:56:11 - create_rate_cards - INFO - [TIME TAKEN] 0.2259 seconds (225.90 ms)
2026-02-03 08:56:11 - create_rate_cards - INFO - [RESPONSE CONTENT-TYPE] application/json
2026-02-03 08:56:11 - create_rate_cards - INFO - [RESPONSE PAYLOAD]
{
  "message": "Delete Success"
}
2026-02-03 08:56:11 - create_rate_cards - INFO - ✓ Deleted rate card: st_testing720273_77
2026-02-03 08:56:11 - create_rate_cards - INFO - Deleting rate card: st_testing720273_78
2026-02-03 08:56:11 - create_rate_cards - INFO - [API REQUEST] DELETE https://ncm.services.nconprem-10-53-60-173.ccpnx.com/v1/cg/config/rate-cards?rateCardIds=cbcd0465-6c71-4abb-b4bd-e279900c9881
2026-02-03 08:56:12 - create_rate_cards - INFO - [API RESPONSE] DELETE https://ncm.services.nconprem-10-53-60-173.ccpnx.com/v1/cg/config/rate-cards?rateCardIds=cbcd0465-6c71-4abb-b4bd-e279900c9881
2026-02-03 08:56:12 - create_rate_cards - INFO - [STATUS CODE] 200
2026-02-03 08:56:12 - create_rate_cards - INFO - [TIME TAKEN] 0.3064 seconds (306.41 ms)
2026-02-03 08:56:12 - create_rate_cards - INFO - [RESPONSE CONTENT-TYPE] application/json
2026-02-03 08:56:12 - create_rate_cards - INFO - [RESPONSE PAYLOAD]
{
  "message": "Delete Success"
}
2026-02-03 08:56:12 - create_rate_cards - INFO - ✓ Deleted rate card: st_testing720273_78
2026-02-03 08:56:12 - create_rate_cards - INFO - Deleting rate card: st_testing720273_79
2026-02-03 08:56:12 - create_rate_cards - INFO - [API REQUEST] DELETE https://ncm.services.nconprem-10-53-60-173.ccpnx.com/v1/cg/config/rate-cards?rateCardIds=75efe2f2-4bee-43c2-bad7-62fd5e397df2
2026-02-03 08:56:12 - create_rate_cards - INFO - [API RESPONSE] DELETE https://ncm.services.nconprem-10-53-60-173.ccpnx.com/v1/cg/config/rate-cards?rateCardIds=75efe2f2-4bee-43c2-bad7-62fd5e397df2
2026-02-03 08:56:12 - create_rate_cards - INFO - [STATUS CODE] 200
2026-02-03 08:56:12 - create_rate_cards - INFO - [TIME TAKEN] 0.3569 seconds (356.85 ms)
2026-02-03 08:56:12 - create_rate_cards - INFO - [RESPONSE CONTENT-TYPE] application/json
2026-02-03 08:56:12 - create_rate_cards - INFO - [RESPONSE PAYLOAD]
{
  "message": "Delete Success"
}
2026-02-03 08:56:12 - create_rate_cards - INFO - ✓ Deleted rate card: st_testing720273_79
2026-02-03 08:56:12 - create_rate_cards - INFO - Deleting rate card: st_testing720273_8
2026-02-03 08:56:12 - create_rate_cards - INFO - [API REQUEST] DELETE https://ncm.services.nconprem-10-53-60-173.ccpnx.com/v1/cg/config/rate-cards?rateCardIds=90fcb1f9-e472-4a04-9424-edfad1fcff12
2026-02-03 08:56:13 - create_rate_cards - INFO - [API RESPONSE] DELETE https://ncm.services.nconprem-10-53-60-173.ccpnx.com/v1/cg/config/rate-cards?rateCardIds=90fcb1f9-e472-4a04-9424-edfad1fcff12
2026-02-03 08:56:13 - create_rate_cards - INFO - [STATUS CODE] 200
2026-02-03 08:56:13 - create_rate_cards - INFO - [TIME TAKEN] 0.4531 seconds (453.09 ms)
2026-02-03 08:56:13 - create_rate_cards - INFO - [RESPONSE CONTENT-TYPE] application/json
2026-02-03 08:56:13 - create_rate_cards - INFO - [RESPONSE PAYLOAD]
{
  "message": "Delete Success"
}
2026-02-03 08:56:13 - create_rate_cards - INFO - ✓ Deleted rate card: st_testing720273_8
2026-02-03 08:56:13 - create_rate_cards - INFO - Deleting rate card: st_testing720273_80
2026-02-03 08:56:13 - create_rate_cards - INFO - [API REQUEST] DELETE https://ncm.services.nconprem-10-53-60-173.ccpnx.com/v1/cg/config/rate-cards?rateCardIds=59b4fe4d-6ee4-4491-bac7-288d36ec419d
2026-02-03 08:56:13 - create_rate_cards - INFO - [API RESPONSE] DELETE https://ncm.services.nconprem-10-53-60-173.ccpnx.com/v1/cg/config/rate-cards?rateCardIds=59b4fe4d-6ee4-4491-bac7-288d36ec419d
2026-02-03 08:56:13 - create_rate_cards - INFO - [STATUS CODE] 200
2026-02-03 08:56:13 - create_rate_cards - INFO - [TIME TAKEN] 0.2449 seconds (244.88 ms)
2026-02-03 08:56:13 - create_rate_cards - INFO - [RESPONSE CONTENT-TYPE] application/json
2026-02-03 08:56:13 - create_rate_cards - INFO - [RESPONSE PAYLOAD]
{
  "message": "Delete Success"
}
2026-02-03 08:56:13 - create_rate_cards - INFO - ✓ Deleted rate card: st_testing720273_80
2026-02-03 08:56:13 - create_rate_cards - INFO - Deleting rate card: st_testing720273_81
2026-02-03 08:56:13 - create_rate_cards - INFO - [API REQUEST] DELETE https://ncm.services.nconprem-10-53-60-173.ccpnx.com/v1/cg/config/rate-cards?rateCardIds=1efcc20a-e865-4337-997c-50c0845be890
2026-02-03 08:56:13 - create_rate_cards - INFO - [API RESPONSE] DELETE https://ncm.services.nconprem-10-53-60-173.ccpnx.com/v1/cg/config/rate-cards?rateCardIds=1efcc20a-e865-4337-997c-50c0845be890
2026-02-03 08:56:13 - create_rate_cards - INFO - [STATUS CODE] 200
2026-02-03 08:56:13 - create_rate_cards - INFO - [TIME TAKEN] 0.4724 seconds (472.38 ms)
2026-02-03 08:56:13 - create_rate_cards - INFO - [RESPONSE CONTENT-TYPE] application/json
2026-02-03 08:56:13 - create_rate_cards - INFO - [RESPONSE PAYLOAD]
{
  "message": "Delete Success"
}
2026-02-03 08:56:13 - create_rate_cards - INFO - ✓ Deleted rate card: st_testing720273_81
2026-02-03 08:56:13 - create_rate_cards - INFO - Deleting rate card: st_testing720273_82
2026-02-03 08:56:13 - create_rate_cards - INFO - [API REQUEST] DELETE https://ncm.services.nconprem-10-53-60-173.ccpnx.com/v1/cg/config/rate-cards?rateCardIds=473d564d-0578-412c-ab47-e153539d0135
2026-02-03 08:56:14 - create_rate_cards - INFO - [API RESPONSE] DELETE https://ncm.services.nconprem-10-53-60-173.ccpnx.com/v1/cg/config/rate-cards?rateCardIds=473d564d-0578-412c-ab47-e153539d0135
2026-02-03 08:56:14 - create_rate_cards - INFO - [STATUS CODE] 200
2026-02-03 08:56:14 - create_rate_cards - INFO - [TIME TAKEN] 0.2929 seconds (292.92 ms)
2026-02-03 08:56:14 - create_rate_cards - INFO - [RESPONSE CONTENT-TYPE] application/json
2026-02-03 08:56:14 - create_rate_cards - INFO - [RESPONSE PAYLOAD]
{
  "message": "Delete Success"
}
2026-02-03 08:56:14 - create_rate_cards - INFO - ✓ Deleted rate card: st_testing720273_82
2026-02-03 08:56:14 - create_rate_cards - INFO - Deleting rate card: st_testing720273_83
2026-02-03 08:56:14 - create_rate_cards - INFO - [API REQUEST] DELETE https://ncm.services.nconprem-10-53-60-173.ccpnx.com/v1/cg/config/rate-cards?rateCardIds=98248d08-8101-4451-b386-80c46fed3929
2026-02-03 08:56:14 - create_rate_cards - INFO - [API RESPONSE] DELETE https://ncm.services.nconprem-10-53-60-173.ccpnx.com/v1/cg/config/rate-cards?rateCardIds=98248d08-8101-4451-b386-80c46fed3929
2026-02-03 08:56:14 - create_rate_cards - INFO - [STATUS CODE] 200
2026-02-03 08:56:14 - create_rate_cards - INFO - [TIME TAKEN] 0.1657 seconds (165.71 ms)
2026-02-03 08:56:14 - create_rate_cards - INFO - [RESPONSE CONTENT-TYPE] application/json
2026-02-03 08:56:14 - create_rate_cards - INFO - [RESPONSE PAYLOAD]
{
  "message": "Delete Success"
}
2026-02-03 08:56:14 - create_rate_cards - INFO - ✓ Deleted rate card: st_testing720273_83
2026-02-03 08:56:14 - create_rate_cards - INFO - Deleting rate card: st_testing720273_84
2026-02-03 08:56:14 - create_rate_cards - INFO - [API REQUEST] DELETE https://ncm.services.nconprem-10-53-60-173.ccpnx.com/v1/cg/config/rate-cards?rateCardIds=798ba9d9-05fc-4876-9368-46292649ba2e
2026-02-03 08:56:14 - create_rate_cards - INFO - [API RESPONSE] DELETE https://ncm.services.nconprem-10-53-60-173.ccpnx.com/v1/cg/config/rate-cards?rateCardIds=798ba9d9-05fc-4876-9368-46292649ba2e
2026-02-03 08:56:14 - create_rate_cards - INFO - [STATUS CODE] 200
2026-02-03 08:56:14 - create_rate_cards - INFO - [TIME TAKEN] 0.2054 seconds (205.37 ms)
2026-02-03 08:56:14 - create_rate_cards - INFO - [RESPONSE CONTENT-TYPE] application/json
2026-02-03 08:56:14 - create_rate_cards - INFO - [RESPONSE PAYLOAD]
{
  "message": "Delete Success"
}
2026-02-03 08:56:14 - create_rate_cards - INFO - ✓ Deleted rate card: st_testing720273_84
2026-02-03 08:56:14 - create_rate_cards - INFO - Deleting rate card: st_testing720273_85
2026-02-03 08:56:14 - create_rate_cards - INFO - [API REQUEST] DELETE https://ncm.services.nconprem-10-53-60-173.ccpnx.com/v1/cg/config/rate-cards?rateCardIds=62251e46-b572-471f-8594-a87996546c09
2026-02-03 08:56:14 - create_rate_cards - INFO - [API RESPONSE] DELETE https://ncm.services.nconprem-10-53-60-173.ccpnx.com/v1/cg/config/rate-cards?rateCardIds=62251e46-b572-471f-8594-a87996546c09
2026-02-03 08:56:14 - create_rate_cards - INFO - [STATUS CODE] 200
2026-02-03 08:56:14 - create_rate_cards - INFO - [TIME TAKEN] 0.1864 seconds (186.36 ms)
2026-02-03 08:56:14 - create_rate_cards - INFO - [RESPONSE CONTENT-TYPE] application/json
2026-02-03 08:56:14 - create_rate_cards - INFO - [RESPONSE PAYLOAD]
{
  "message": "Delete Success"
}
2026-02-03 08:56:14 - create_rate_cards - INFO - ✓ Deleted rate card: st_testing720273_85
2026-02-03 08:56:14 - create_rate_cards - INFO - Deleting rate card: st_testing720273_86
2026-02-03 08:56:14 - create_rate_cards - INFO - [API REQUEST] DELETE https://ncm.services.nconprem-10-53-60-173.ccpnx.com/v1/cg/config/rate-cards?rateCardIds=1a84598b-205d-4757-beb4-d36d16bb4819
2026-02-03 08:56:14 - create_rate_cards - INFO - [API RESPONSE] DELETE https://ncm.services.nconprem-10-53-60-173.ccpnx.com/v1/cg/config/rate-cards?rateCardIds=1a84598b-205d-4757-beb4-d36d16bb4819
2026-02-03 08:56:14 - create_rate_cards - INFO - [STATUS CODE] 200
2026-02-03 08:56:14 - create_rate_cards - INFO - [TIME TAKEN] 0.2780 seconds (278.04 ms)
2026-02-03 08:56:14 - create_rate_cards - INFO - [RESPONSE CONTENT-TYPE] application/json
2026-02-03 08:56:14 - create_rate_cards - INFO - [RESPONSE PAYLOAD]
{
  "message": "Delete Success"
}
2026-02-03 08:56:14 - create_rate_cards - INFO - ✓ Deleted rate card: st_testing720273_86
2026-02-03 08:56:14 - create_rate_cards - INFO - Deleting rate card: st_testing720273_87
2026-02-03 08:56:14 - create_rate_cards - INFO - [API REQUEST] DELETE https://ncm.services.nconprem-10-53-60-173.ccpnx.com/v1/cg/config/rate-cards?rateCardIds=9d8e399f-f0bc-4836-9711-02883adf1653
2026-02-03 08:56:15 - create_rate_cards - INFO - [API RESPONSE] DELETE https://ncm.services.nconprem-10-53-60-173.ccpnx.com/v1/cg/config/rate-cards?rateCardIds=9d8e399f-f0bc-4836-9711-02883adf1653
2026-02-03 08:56:15 - create_rate_cards - INFO - [STATUS CODE] 200
2026-02-03 08:56:15 - create_rate_cards - INFO - [TIME TAKEN] 0.2643 seconds (264.32 ms)
2026-02-03 08:56:15 - create_rate_cards - INFO - [RESPONSE CONTENT-TYPE] application/json
2026-02-03 08:56:15 - create_rate_cards - INFO - [RESPONSE PAYLOAD]
{
  "message": "Delete Success"
}
2026-02-03 08:56:15 - create_rate_cards - INFO - ✓ Deleted rate card: st_testing720273_87
2026-02-03 08:56:15 - create_rate_cards - INFO - Deleting rate card: st_testing720273_88
2026-02-03 08:56:15 - create_rate_cards - INFO - [API REQUEST] DELETE https://ncm.services.nconprem-10-53-60-173.ccpnx.com/v1/cg/config/rate-cards?rateCardIds=a4b3a97f-146c-46ae-96e5-479c84d3cee0
2026-02-03 08:56:15 - create_rate_cards - INFO - [API RESPONSE] DELETE https://ncm.services.nconprem-10-53-60-173.ccpnx.com/v1/cg/config/rate-cards?rateCardIds=a4b3a97f-146c-46ae-96e5-479c84d3cee0
2026-02-03 08:56:15 - create_rate_cards - INFO - [STATUS CODE] 200
2026-02-03 08:56:15 - create_rate_cards - INFO - [TIME TAKEN] 0.1917 seconds (191.70 ms)
2026-02-03 08:56:15 - create_rate_cards - INFO - [RESPONSE CONTENT-TYPE] application/json
2026-02-03 08:56:15 - create_rate_cards - INFO - [RESPONSE PAYLOAD]
{
  "message": "Delete Success"
}
2026-02-03 08:56:15 - create_rate_cards - INFO - ✓ Deleted rate card: st_testing720273_88
2026-02-03 08:56:15 - create_rate_cards - INFO - Deleting rate card: st_testing720273_89
2026-02-03 08:56:15 - create_rate_cards - INFO - [API REQUEST] DELETE https://ncm.services.nconprem-10-53-60-173.ccpnx.com/v1/cg/config/rate-cards?rateCardIds=7e8bca63-2f74-4cf2-b19f-92e32240a6da
2026-02-03 08:56:15 - create_rate_cards - INFO - [API RESPONSE] DELETE https://ncm.services.nconprem-10-53-60-173.ccpnx.com/v1/cg/config/rate-cards?rateCardIds=7e8bca63-2f74-4cf2-b19f-92e32240a6da
2026-02-03 08:56:15 - create_rate_cards - INFO - [STATUS CODE] 200
2026-02-03 08:56:15 - create_rate_cards - INFO - [TIME TAKEN] 0.1699 seconds (169.91 ms)
2026-02-03 08:56:15 - create_rate_cards - INFO - [RESPONSE CONTENT-TYPE] application/json
2026-02-03 08:56:15 - create_rate_cards - INFO - [RESPONSE PAYLOAD]
{
  "message": "Delete Success"
}
2026-02-03 08:56:15 - create_rate_cards - INFO - ✓ Deleted rate card: st_testing720273_89
2026-02-03 08:56:15 - create_rate_cards - INFO - Deleting rate card: st_testing720273_9
2026-02-03 08:56:15 - create_rate_cards - INFO - [API REQUEST] DELETE https://ncm.services.nconprem-10-53-60-173.ccpnx.com/v1/cg/config/rate-cards?rateCardIds=38d404dc-1fbe-4189-ae84-cf46f6695771
2026-02-03 08:56:15 - create_rate_cards - INFO - [API RESPONSE] DELETE https://ncm.services.nconprem-10-53-60-173.ccpnx.com/v1/cg/config/rate-cards?rateCardIds=38d404dc-1fbe-4189-ae84-cf46f6695771
2026-02-03 08:56:15 - create_rate_cards - INFO - [STATUS CODE] 200
2026-02-03 08:56:15 - create_rate_cards - INFO - [TIME TAKEN] 0.2047 seconds (204.72 ms)
2026-02-03 08:56:15 - create_rate_cards - INFO - [RESPONSE CONTENT-TYPE] application/json
2026-02-03 08:56:15 - create_rate_cards - INFO - [RESPONSE PAYLOAD]
{
  "message": "Delete Success"
}
2026-02-03 08:56:15 - create_rate_cards - INFO - ✓ Deleted rate card: st_testing720273_9
2026-02-03 08:56:15 - create_rate_cards - INFO - Deleting rate card: st_testing720273_90
2026-02-03 08:56:15 - create_rate_cards - INFO - [API REQUEST] DELETE https://ncm.services.nconprem-10-53-60-173.ccpnx.com/v1/cg/config/rate-cards?rateCardIds=22c6cc14-9f83-4e68-8479-3ff9ad0ddf3e
2026-02-03 08:56:16 - create_rate_cards - INFO - [API RESPONSE] DELETE https://ncm.services.nconprem-10-53-60-173.ccpnx.com/v1/cg/config/rate-cards?rateCardIds=22c6cc14-9f83-4e68-8479-3ff9ad0ddf3e
2026-02-03 08:56:16 - create_rate_cards - INFO - [STATUS CODE] 200
2026-02-03 08:56:16 - create_rate_cards - INFO - [TIME TAKEN] 0.3143 seconds (314.31 ms)
2026-02-03 08:56:16 - create_rate_cards - INFO - [RESPONSE CONTENT-TYPE] application/json
2026-02-03 08:56:16 - create_rate_cards - INFO - [RESPONSE PAYLOAD]
{
  "message": "Delete Success"
}
2026-02-03 08:56:16 - create_rate_cards - INFO - ✓ Deleted rate card: st_testing720273_90
2026-02-03 08:56:16 - create_rate_cards - INFO - Deleting rate card: st_testing720273_91
2026-02-03 08:56:16 - create_rate_cards - INFO - [API REQUEST] DELETE https://ncm.services.nconprem-10-53-60-173.ccpnx.com/v1/cg/config/rate-cards?rateCardIds=ae84f030-0e38-415a-bc80-0e91a6bb7cfa
2026-02-03 08:56:16 - create_rate_cards - INFO - [API RESPONSE] DELETE https://ncm.services.nconprem-10-53-60-173.ccpnx.com/v1/cg/config/rate-cards?rateCardIds=ae84f030-0e38-415a-bc80-0e91a6bb7cfa
2026-02-03 08:56:16 - create_rate_cards - INFO - [STATUS CODE] 200
2026-02-03 08:56:16 - create_rate_cards - INFO - [TIME TAKEN] 0.2390 seconds (238.95 ms)
2026-02-03 08:56:16 - create_rate_cards - INFO - [RESPONSE CONTENT-TYPE] application/json
2026-02-03 08:56:16 - create_rate_cards - INFO - [RESPONSE PAYLOAD]
{
  "message": "Delete Success"
}
2026-02-03 08:56:16 - create_rate_cards - INFO - ✓ Deleted rate card: st_testing720273_91
2026-02-03 08:56:16 - create_rate_cards - INFO - Deleting rate card: st_testing720273_92
2026-02-03 08:56:16 - create_rate_cards - INFO - [API REQUEST] DELETE https://ncm.services.nconprem-10-53-60-173.ccpnx.com/v1/cg/config/rate-cards?rateCardIds=b7a96143-79db-49ca-b513-7ca75e70315f
2026-02-03 08:56:16 - create_rate_cards - INFO - [API RESPONSE] DELETE https://ncm.services.nconprem-10-53-60-173.ccpnx.com/v1/cg/config/rate-cards?rateCardIds=b7a96143-79db-49ca-b513-7ca75e70315f
2026-02-03 08:56:16 - create_rate_cards - INFO - [STATUS CODE] 200
2026-02-03 08:56:16 - create_rate_cards - INFO - [TIME TAKEN] 0.2401 seconds (240.11 ms)
2026-02-03 08:56:16 - create_rate_cards - INFO - [RESPONSE CONTENT-TYPE] application/json
2026-02-03 08:56:16 - create_rate_cards - INFO - [RESPONSE PAYLOAD]
{
  "message": "Delete Success"
}
2026-02-03 08:56:16 - create_rate_cards - INFO - ✓ Deleted rate card: st_testing720273_92
2026-02-03 08:56:16 - create_rate_cards - INFO - Deleting rate card: st_testing720273_93
2026-02-03 08:56:16 - create_rate_cards - INFO - [API REQUEST] DELETE https://ncm.services.nconprem-10-53-60-173.ccpnx.com/v1/cg/config/rate-cards?rateCardIds=e37188fb-b026-473e-844b-06a6ca6350ea
2026-02-03 08:56:17 - create_rate_cards - INFO - [API RESPONSE] DELETE https://ncm.services.nconprem-10-53-60-173.ccpnx.com/v1/cg/config/rate-cards?rateCardIds=e37188fb-b026-473e-844b-06a6ca6350ea
2026-02-03 08:56:17 - create_rate_cards - INFO - [STATUS CODE] 200
2026-02-03 08:56:17 - create_rate_cards - INFO - [TIME TAKEN] 0.6070 seconds (606.98 ms)
2026-02-03 08:56:17 - create_rate_cards - INFO - [RESPONSE CONTENT-TYPE] application/json
2026-02-03 08:56:17 - create_rate_cards - INFO - [RESPONSE PAYLOAD]
{
  "message": "Delete Success"
}
2026-02-03 08:56:17 - create_rate_cards - INFO - ✓ Deleted rate card: st_testing720273_93
2026-02-03 08:56:17 - create_rate_cards - INFO - Deleting rate card: st_testing720273_94
2026-02-03 08:56:17 - create_rate_cards - INFO - [API REQUEST] DELETE https://ncm.services.nconprem-10-53-60-173.ccpnx.com/v1/cg/config/rate-cards?rateCardIds=b771d779-5d77-48d1-9e84-3d0607005c1b
2026-02-03 08:56:17 - create_rate_cards - INFO - [API RESPONSE] DELETE https://ncm.services.nconprem-10-53-60-173.ccpnx.com/v1/cg/config/rate-cards?rateCardIds=b771d779-5d77-48d1-9e84-3d0607005c1b
2026-02-03 08:56:17 - create_rate_cards - INFO - [STATUS CODE] 200
2026-02-03 08:56:17 - create_rate_cards - INFO - [TIME TAKEN] 0.4154 seconds (415.37 ms)
2026-02-03 08:56:17 - create_rate_cards - INFO - [RESPONSE CONTENT-TYPE] application/json
2026-02-03 08:56:17 - create_rate_cards - INFO - [RESPONSE PAYLOAD]
{
  "message": "Delete Success"
}
2026-02-03 08:56:17 - create_rate_cards - INFO - ✓ Deleted rate card: st_testing720273_94
2026-02-03 08:56:17 - create_rate_cards - INFO - Deleting rate card: st_testing720273_95
2026-02-03 08:56:17 - create_rate_cards - INFO - [API REQUEST] DELETE https://ncm.services.nconprem-10-53-60-173.ccpnx.com/v1/cg/config/rate-cards?rateCardIds=8efeaed0-91db-40c2-9868-3e1785df9160
2026-02-03 08:56:17 - create_rate_cards - INFO - [API RESPONSE] DELETE https://ncm.services.nconprem-10-53-60-173.ccpnx.com/v1/cg/config/rate-cards?rateCardIds=8efeaed0-91db-40c2-9868-3e1785df9160
2026-02-03 08:56:17 - create_rate_cards - INFO - [STATUS CODE] 200
2026-02-03 08:56:17 - create_rate_cards - INFO - [TIME TAKEN] 0.2441 seconds (244.11 ms)
2026-02-03 08:56:17 - create_rate_cards - INFO - [RESPONSE CONTENT-TYPE] application/json
2026-02-03 08:56:17 - create_rate_cards - INFO - [RESPONSE PAYLOAD]
{
  "message": "Delete Success"
}
2026-02-03 08:56:17 - create_rate_cards - INFO - ✓ Deleted rate card: st_testing720273_95
2026-02-03 08:56:17 - create_rate_cards - INFO - Deleting rate card: st_testing720273_96
2026-02-03 08:56:17 - create_rate_cards - INFO - [API REQUEST] DELETE https://ncm.services.nconprem-10-53-60-173.ccpnx.com/v1/cg/config/rate-cards?rateCardIds=acdf224c-5f88-4eb8-bb0c-dbd48ed02868
2026-02-03 08:56:18 - create_rate_cards - INFO - [API RESPONSE] DELETE https://ncm.services.nconprem-10-53-60-173.ccpnx.com/v1/cg/config/rate-cards?rateCardIds=acdf224c-5f88-4eb8-bb0c-dbd48ed02868
2026-02-03 08:56:18 - create_rate_cards - INFO - [STATUS CODE] 200
2026-02-03 08:56:18 - create_rate_cards - INFO - [TIME TAKEN] 0.2033 seconds (203.33 ms)
2026-02-03 08:56:18 - create_rate_cards - INFO - [RESPONSE CONTENT-TYPE] application/json
2026-02-03 08:56:18 - create_rate_cards - INFO - [RESPONSE PAYLOAD]
{
  "message": "Delete Success"
}
2026-02-03 08:56:18 - create_rate_cards - INFO - ✓ Deleted rate card: st_testing720273_96
2026-02-03 08:56:18 - create_rate_cards - INFO - Deleting rate card: st_testing720273_97
2026-02-03 08:56:18 - create_rate_cards - INFO - [API REQUEST] DELETE https://ncm.services.nconprem-10-53-60-173.ccpnx.com/v1/cg/config/rate-cards?rateCardIds=5a81a9e1-d9b2-4573-9385-ad701eefe693
2026-02-03 08:56:18 - create_rate_cards - INFO - [API RESPONSE] DELETE https://ncm.services.nconprem-10-53-60-173.ccpnx.com/v1/cg/config/rate-cards?rateCardIds=5a81a9e1-d9b2-4573-9385-ad701eefe693
2026-02-03 08:56:18 - create_rate_cards - INFO - [STATUS CODE] 200
2026-02-03 08:56:18 - create_rate_cards - INFO - [TIME TAKEN] 0.3237 seconds (323.72 ms)
2026-02-03 08:56:18 - create_rate_cards - INFO - [RESPONSE CONTENT-TYPE] application/json
2026-02-03 08:56:18 - create_rate_cards - INFO - [RESPONSE PAYLOAD]
{
  "message": "Delete Success"
}
2026-02-03 08:56:18 - create_rate_cards - INFO - ✓ Deleted rate card: st_testing720273_97
2026-02-03 08:56:18 - create_rate_cards - INFO - Deleting rate card: st_testing720273_98
2026-02-03 08:56:18 - create_rate_cards - INFO - [API REQUEST] DELETE https://ncm.services.nconprem-10-53-60-173.ccpnx.com/v1/cg/config/rate-cards?rateCardIds=f554e206-6ae9-4d28-abf6-2bb03026a458
2026-02-03 08:56:18 - create_rate_cards - INFO - [API RESPONSE] DELETE https://ncm.services.nconprem-10-53-60-173.ccpnx.com/v1/cg/config/rate-cards?rateCardIds=f554e206-6ae9-4d28-abf6-2bb03026a458
2026-02-03 08:56:18 - create_rate_cards - INFO - [STATUS CODE] 200
2026-02-03 08:56:18 - create_rate_cards - INFO - [TIME TAKEN] 0.2474 seconds (247.40 ms)
2026-02-03 08:56:18 - create_rate_cards - INFO - [RESPONSE CONTENT-TYPE] application/json
2026-02-03 08:56:18 - create_rate_cards - INFO - [RESPONSE PAYLOAD]
{
  "message": "Delete Success"
}
2026-02-03 08:56:18 - create_rate_cards - INFO - ✓ Deleted rate card: st_testing720273_98
2026-02-03 08:56:18 - create_rate_cards - INFO - Deleting rate card: st_testing720273_99
2026-02-03 08:56:18 - create_rate_cards - INFO - [API REQUEST] DELETE https://ncm.services.nconprem-10-53-60-173.ccpnx.com/v1/cg/config/rate-cards?rateCardIds=617a38af-4e69-4c3b-a3e1-df3188f4bb8c
2026-02-03 08:56:18 - create_rate_cards - INFO - [API RESPONSE] DELETE https://ncm.services.nconprem-10-53-60-173.ccpnx.com/v1/cg/config/rate-cards?rateCardIds=617a38af-4e69-4c3b-a3e1-df3188f4bb8c
2026-02-03 08:56:18 - create_rate_cards - INFO - [STATUS CODE] 200
2026-02-03 08:56:18 - create_rate_cards - INFO - [TIME TAKEN] 0.2461 seconds (246.15 ms)
2026-02-03 08:56:18 - create_rate_cards - INFO - [RESPONSE CONTENT-TYPE] application/json
2026-02-03 08:56:18 - create_rate_cards - INFO - [RESPONSE PAYLOAD]
{
  "message": "Delete Success"
}
2026-02-03 08:56:18 - create_rate_cards - INFO - ✓ Deleted rate card: st_testing720273_99
2026-02-03 08:56:18 - create_rate_cards - INFO - [API REQUEST] POST https://ncm.services.nconprem-10-53-60-173.ccpnx.com/v1/cg/config/rate-cards
2026-02-03 08:56:18 - create_rate_cards - INFO - [REQUEST JSON PAYLOAD]
{
  "rateCards": [
    {
      "rateCardName": "st_testing720273_101",
      "meteringRates": {
        "vm": {
          "vCpu": {
            "unit": "HOUR",
            "rate": 85
          },
          "vRam": {
            "unit": "HOUR",
            "rate": 6
          },
          "vStorage": {
            "unit": "GIB",
            "rate": 16
          },
          "customConfigs": [
            {
              "description": "st_testing720273_0",
              "value": {
                "unit": "DAY",
                "rate": 5
              }
            },
            {
              "description": "st_testing720273_1",
              "value": {
                "unit": "DAY",
                "rate": 48
              }
            },
            {
              "description": "st_testing720273_2",
              "value": {
                "unit": "DAY",
                "rate": 36
              }
            },
            {
              "description": "st_testing720273_3",
              "value": {
                "unit": "DAY",
                "rate": 63
              }
            },
            {
              "description": "st_testing720273_4",
              "value": {
                "unit": "DAY",
                "rate": 46
              }
            }
          ]
        }
      },
      "resources": []
    }
  ]
}
2026-02-03 08:56:19 - create_rate_cards - INFO - [API RESPONSE] POST https://ncm.services.nconprem-10-53-60-173.ccpnx.com/v1/cg/config/rate-cards
2026-02-03 08:56:19 - create_rate_cards - INFO - [STATUS CODE] 200
2026-02-03 08:56:19 - create_rate_cards - INFO - [TIME TAKEN] 0.3326 seconds (332.65 ms)
2026-02-03 08:56:19 - create_rate_cards - INFO - [RESPONSE CONTENT-TYPE] application/json
2026-02-03 08:56:19 - create_rate_cards - INFO - [RESPONSE PAYLOAD]
{
  "ids": [
    "8506052c-d9eb-4e56-adb6-2eb8858caf04"
  ]
}
2026-02-03 08:56:19 - create_rate_cards - INFO - ✓ [101] Created rate card: st_testing720273_101
2026-02-03 08:56:19 - create_rate_cards - INFO - [API REQUEST] POST https://ncm.services.nconprem-10-53-60-173.ccpnx.com/v1/cg/config/rate-cards
2026-02-03 08:56:19 - create_rate_cards - INFO - [REQUEST JSON PAYLOAD]
{
  "rateCards": [
    {
      "rateCardName": "st_testing720273_102",
      "meteringRates": {
        "vm": {
          "vCpu": {
            "unit": "HOUR",
            "rate": 57
          },
          "vRam": {
            "unit": "HOUR",
            "rate": 56
          },
          "vStorage": {
            "unit": "GIB",
            "rate": 23
          },
          "customConfigs": [
            {
              "description": "st_testing720273_0",
              "value": {
                "unit": "DAY",
                "rate": 94
              }
            },
            {
              "description": "st_testing720273_1",
              "value": {
                "unit": "DAY",
                "rate": 39
              }
            },
            {
              "description": "st_testing720273_2",
              "value": {
                "unit": "DAY",
                "rate": 23
              }
            },
            {
              "description": "st_testing720273_3",
              "value": {
                "unit": "DAY",
                "rate": 76
              }
            },
            {
              "description": "st_testing720273_4",
              "value": {
                "unit": "DAY",
                "rate": 48
              }
            }
          ]
        }
      },
      "resources": []
    }
  ]
}
2026-02-03 08:56:19 - create_rate_cards - INFO - [API RESPONSE] POST https://ncm.services.nconprem-10-53-60-173.ccpnx.com/v1/cg/config/rate-cards
2026-02-03 08:56:19 - create_rate_cards - INFO - [STATUS CODE] 200
2026-02-03 08:56:19 - create_rate_cards - INFO - [TIME TAKEN] 0.3618 seconds (361.83 ms)
2026-02-03 08:56:19 - create_rate_cards - INFO - [RESPONSE CONTENT-TYPE] application/json
2026-02-03 08:56:19 - create_rate_cards - INFO - [RESPONSE PAYLOAD]
{
  "ids": [
    "bfba3f34-6f0f-4b85-9ec3-525989417a24"
  ]
}
2026-02-03 08:56:19 - create_rate_cards - INFO - ✓ [102] Created rate card: st_testing720273_102
2026-02-03 08:56:19 - create_rate_cards - INFO - [API REQUEST] POST https://ncm.services.nconprem-10-53-60-173.ccpnx.com/v1/cg/config/rate-cards
2026-02-03 08:56:19 - create_rate_cards - INFO - [REQUEST JSON PAYLOAD]
{
  "rateCards": [
    {
      "rateCardName": "st_testing720273_103",
      "meteringRates": {
        "vm": {
          "vCpu": {
            "unit": "HOUR",
            "rate": 64
          },
          "vRam": {
            "unit": "HOUR",
            "rate": 9
          },
          "vStorage": {
            "unit": "GIB",
            "rate": 24
          },
          "customConfigs": [
            {
              "description": "st_testing720273_0",
              "value": {
                "unit": "DAY",
                "rate": 10
              }
            },
            {
              "description": "st_testing720273_1",
              "value": {
                "unit": "DAY",
                "rate": 22
              }
            },
            {
              "description": "st_testing720273_2",
              "value": {
                "unit": "DAY",
                "rate": 29
              }
            },
            {
              "description": "st_testing720273_3",
              "value": {
                "unit": "DAY",
                "rate": 25
              }
            },
            {
              "description": "st_testing720273_4",
              "value": {
                "unit": "DAY",
                "rate": 78
              }
            }
          ]
        }
      },
      "resources": []
    }
  ]
}
2026-02-03 08:56:19 - create_rate_cards - INFO - [API RESPONSE] POST https://ncm.services.nconprem-10-53-60-173.ccpnx.com/v1/cg/config/rate-cards
2026-02-03 08:56:19 - create_rate_cards - INFO - [STATUS CODE] 200
2026-02-03 08:56:19 - create_rate_cards - INFO - [TIME TAKEN] 0.1905 seconds (190.46 ms)
2026-02-03 08:56:19 - create_rate_cards - INFO - [RESPONSE CONTENT-TYPE] application/json
2026-02-03 08:56:19 - create_rate_cards - INFO - [RESPONSE PAYLOAD]
{
  "ids": [
    "4f7f376c-756d-4a9f-a815-9c7da6da59ab"
  ]
}
2026-02-03 08:56:19 - create_rate_cards - INFO - ✓ [103] Created rate card: st_testing720273_103
2026-02-03 08:56:19 - create_rate_cards - INFO - [API REQUEST] POST https://ncm.services.nconprem-10-53-60-173.ccpnx.com/v1/cg/config/rate-cards
2026-02-03 08:56:19 - create_rate_cards - INFO - [REQUEST JSON PAYLOAD]
{
  "rateCards": [
    {
      "rateCardName": "st_testing720273_104",
      "meteringRates": {
        "vm": {
          "vCpu": {
            "unit": "HOUR",
            "rate": 22
          },
          "vRam": {
            "unit": "HOUR",
            "rate": 95
          },
          "vStorage": {
            "unit": "GIB",
            "rate": 49
          },
          "customConfigs": [
            {
              "description": "st_testing720273_0",
              "value": {
                "unit": "DAY",
                "rate": 76
              }
            },
            {
              "description": "st_testing720273_1",
              "value": {
                "unit": "DAY",
                "rate": 66
              }
            },
            {
              "description": "st_testing720273_2",
              "value": {
                "unit": "DAY",
                "rate": 73
              }
            },
            {
              "description": "st_testing720273_3",
              "value": {
                "unit": "DAY",
                "rate": 74
              }
            },
            {
              "description": "st_testing720273_4",
              "value": {
                "unit": "DAY",
                "rate": 70
              }
            }
          ]
        }
      },
      "resources": []
    }
  ]
}
2026-02-03 08:56:20 - create_rate_cards - INFO - [API RESPONSE] POST https://ncm.services.nconprem-10-53-60-173.ccpnx.com/v1/cg/config/rate-cards
2026-02-03 08:56:20 - create_rate_cards - INFO - [STATUS CODE] 200
2026-02-03 08:56:20 - create_rate_cards - INFO - [TIME TAKEN] 0.3117 seconds (311.73 ms)
2026-02-03 08:56:20 - create_rate_cards - INFO - [RESPONSE CONTENT-TYPE] application/json
2026-02-03 08:56:20 - create_rate_cards - INFO - [RESPONSE PAYLOAD]
{
  "ids": [
    "47359f73-d5f5-4a56-b33b-8ccec037524b"
  ]
}
2026-02-03 08:56:20 - create_rate_cards - INFO - ✓ [104] Created rate card: st_testing720273_104
2026-02-03 08:56:20 - create_rate_cards - INFO - [API REQUEST] POST https://ncm.services.nconprem-10-53-60-173.ccpnx.com/v1/cg/config/rate-cards
2026-02-03 08:56:20 - create_rate_cards - INFO - [REQUEST JSON PAYLOAD]
{
  "rateCards": [
    {
      "rateCardName": "st_testing720273_105",
      "meteringRates": {
        "vm": {
          "vCpu": {
            "unit": "HOUR",
            "rate": 31
          },
          "vRam": {
            "unit": "HOUR",
            "rate": 59
          },
          "vStorage": {
            "unit": "GIB",
            "rate": 59
          },
          "customConfigs": [
            {
              "description": "st_testing720273_0",
              "value": {
                "unit": "DAY",
                "rate": 18
              }
            },
            {
              "description": "st_testing720273_1",
              "value": {
                "unit": "DAY",
                "rate": 40
              }
            },
            {
              "description": "st_testing720273_2",
              "value": {
                "unit": "DAY",
                "rate": 9
              }
            },
            {
              "description": "st_testing720273_3",
              "value": {
                "unit": "DAY",
                "rate": 76
              }
            },
            {
              "description": "st_testing720273_4",
              "value": {
                "unit": "DAY",
                "rate": 93
              }
            }
          ]
        }
      },
      "resources": []
    }
  ]
}
2026-02-03 08:56:20 - create_rate_cards - INFO - [API RESPONSE] POST https://ncm.services.nconprem-10-53-60-173.ccpnx.com/v1/cg/config/rate-cards
2026-02-03 08:56:20 - create_rate_cards - INFO - [STATUS CODE] 200
2026-02-03 08:56:20 - create_rate_cards - INFO - [TIME TAKEN] 0.4017 seconds (401.74 ms)
2026-02-03 08:56:20 - create_rate_cards - INFO - [RESPONSE CONTENT-TYPE] application/json
2026-02-03 08:56:20 - create_rate_cards - INFO - [RESPONSE PAYLOAD]
{
  "ids": [
    "d1af917a-aa9f-4965-b470-b4b6eaac3b8b"
  ]
}
2026-02-03 08:56:20 - create_rate_cards - INFO - ✓ [105] Created rate card: st_testing720273_105
2026-02-03 08:56:20 - create_rate_cards - INFO - [API REQUEST] POST https://ncm.services.nconprem-10-53-60-173.ccpnx.com/v1/cg/config/rate-cards
2026-02-03 08:56:20 - create_rate_cards - INFO - [REQUEST JSON PAYLOAD]
{
  "rateCards": [
    {
      "rateCardName": "st_testing720273_106",
      "meteringRates": {
        "vm": {
          "vCpu": {
            "unit": "HOUR",
            "rate": 33
          },
          "vRam": {
            "unit": "HOUR",
            "rate": 93
          },
          "vStorage": {
            "unit": "GIB",
            "rate": 14
          },
          "customConfigs": [
            {
              "description": "st_testing720273_0",
              "value": {
                "unit": "DAY",
                "rate": 73
              }
            },
            {
              "description": "st_testing720273_1",
              "value": {
                "unit": "DAY",
                "rate": 57
              }
            },
            {
              "description": "st_testing720273_2",
              "value": {
                "unit": "DAY",
                "rate": 69
              }
            },
            {
              "description": "st_testing720273_3",
              "value": {
                "unit": "DAY",
                "rate": 71
              }
            },
            {
              "description": "st_testing720273_4",
              "value": {
                "unit": "DAY",
                "rate": 94
              }
            }
          ]
        }
      },
      "resources": []
    }
  ]
}
2026-02-03 08:56:20 - create_rate_cards - INFO - [API RESPONSE] POST https://ncm.services.nconprem-10-53-60-173.ccpnx.com/v1/cg/config/rate-cards
2026-02-03 08:56:20 - create_rate_cards - INFO - [STATUS CODE] 200
2026-02-03 08:56:20 - create_rate_cards - INFO - [TIME TAKEN] 0.3053 seconds (305.28 ms)
2026-02-03 08:56:20 - create_rate_cards - INFO - [RESPONSE CONTENT-TYPE] application/json
2026-02-03 08:56:20 - create_rate_cards - INFO - [RESPONSE PAYLOAD]
{
  "ids": [
    "f444dc7b-fd85-4a78-8fc4-5422836075f9"
  ]
}
2026-02-03 08:56:20 - create_rate_cards - INFO - ✓ [106] Created rate card: st_testing720273_106
2026-02-03 08:56:20 - create_rate_cards - INFO - [API REQUEST] POST https://ncm.services.nconprem-10-53-60-173.ccpnx.com/v1/cg/config/rate-cards
2026-02-03 08:56:20 - create_rate_cards - INFO - [REQUEST JSON PAYLOAD]
{
  "rateCards": [
    {
      "rateCardName": "st_testing720273_107",
      "meteringRates": {
        "vm": {
          "vCpu": {
            "unit": "HOUR",
            "rate": 10
          },
          "vRam": {
            "unit": "HOUR",
            "rate": 34
          },
          "vStorage": {
            "unit": "GIB",
            "rate": 33
          },
          "customConfigs": [
            {
              "description": "st_testing720273_0",
              "value": {
                "unit": "DAY",
                "rate": 34
              }
            },
            {
              "description": "st_testing720273_1",
              "value": {
                "unit": "DAY",
                "rate": 53
              }
            },
            {
              "description": "st_testing720273_2",
              "value": {
                "unit": "DAY",
                "rate": 50
              }
            },
            {
              "description": "st_testing720273_3",
              "value": {
                "unit": "DAY",
                "rate": 24
              }
            },
            {
              "description": "st_testing720273_4",
              "value": {
                "unit": "DAY",
                "rate": 33
              }
            }
          ]
        }
      },
      "resources": []
    }
  ]
}
2026-02-03 08:56:21 - create_rate_cards - INFO - [API RESPONSE] POST https://ncm.services.nconprem-10-53-60-173.ccpnx.com/v1/cg/config/rate-cards
2026-02-03 08:56:21 - create_rate_cards - INFO - [STATUS CODE] 200
2026-02-03 08:56:21 - create_rate_cards - INFO - [TIME TAKEN] 0.3796 seconds (379.65 ms)
2026-02-03 08:56:21 - create_rate_cards - INFO - [RESPONSE CONTENT-TYPE] application/json
2026-02-03 08:56:21 - create_rate_cards - INFO - [RESPONSE PAYLOAD]
{
  "ids": [
    "206ec8a6-53bc-473e-afbc-a6d9215b1d29"
  ]
}
2026-02-03 08:56:21 - create_rate_cards - INFO - ✓ [107] Created rate card: st_testing720273_107
2026-02-03 08:56:21 - create_rate_cards - INFO - [API REQUEST] POST https://ncm.services.nconprem-10-53-60-173.ccpnx.com/v1/cg/config/rate-cards
2026-02-03 08:56:21 - create_rate_cards - INFO - [REQUEST JSON PAYLOAD]
{
  "rateCards": [
    {
      "rateCardName": "st_testing720273_108",
      "meteringRates": {
        "vm": {
          "vCpu": {
            "unit": "HOUR",
            "rate": 17
          },
          "vRam": {
            "unit": "HOUR",
            "rate": 55
          },
          "vStorage": {
            "unit": "GIB",
            "rate": 81
          },
          "customConfigs": [
            {
              "description": "st_testing720273_0",
              "value": {
                "unit": "DAY",
                "rate": 74
              }
            },
            {
              "description": "st_testing720273_1",
              "value": {
                "unit": "DAY",
                "rate": 43
              }
            },
            {
              "description": "st_testing720273_2",
              "value": {
                "unit": "DAY",
                "rate": 8
              }
            },
            {
              "description": "st_testing720273_3",
              "value": {
                "unit": "DAY",
                "rate": 74
              }
            },
            {
              "description": "st_testing720273_4",
              "value": {
                "unit": "DAY",
                "rate": 67
              }
            }
          ]
        }
      },
      "resources": []
    }
  ]
}
2026-02-03 08:56:21 - create_rate_cards - INFO - [API RESPONSE] POST https://ncm.services.nconprem-10-53-60-173.ccpnx.com/v1/cg/config/rate-cards
2026-02-03 08:56:21 - create_rate_cards - INFO - [STATUS CODE] 200
2026-02-03 08:56:21 - create_rate_cards - INFO - [TIME TAKEN] 0.1968 seconds (196.82 ms)
2026-02-03 08:56:21 - create_rate_cards - INFO - [RESPONSE CONTENT-TYPE] application/json
2026-02-03 08:56:21 - create_rate_cards - INFO - [RESPONSE PAYLOAD]
{
  "ids": [
    "1401fc11-45e9-46d0-983c-110f77c40e13"
  ]
}
2026-02-03 08:56:21 - create_rate_cards - INFO - ✓ [108] Created rate card: st_testing720273_108
2026-02-03 08:56:21 - create_rate_cards - INFO - [API REQUEST] POST https://ncm.services.nconprem-10-53-60-173.ccpnx.com/v1/cg/config/rate-cards
2026-02-03 08:56:21 - create_rate_cards - INFO - [REQUEST JSON PAYLOAD]
{
  "rateCards": [
    {
      "rateCardName": "st_testing720273_109",
      "meteringRates": {
        "vm": {
          "vCpu": {
            "unit": "HOUR",
            "rate": 46
          },
          "vRam": {
            "unit": "HOUR",
            "rate": 56
          },
          "vStorage": {
            "unit": "GIB",
            "rate": 42
          },
          "customConfigs": [
            {
              "description": "st_testing720273_0",
              "value": {
                "unit": "DAY",
                "rate": 44
              }
            },
            {
              "description": "st_testing720273_1",
              "value": {
                "unit": "DAY",
                "rate": 19
              }
            },
            {
              "description": "st_testing720273_2",
              "value": {
                "unit": "DAY",
                "rate": 96
              }
            },
            {
              "description": "st_testing720273_3",
              "value": {
                "unit": "DAY",
                "rate": 58
              }
            },
            {
              "description": "st_testing720273_4",
              "value": {
                "unit": "DAY",
                "rate": 34
              }
            }
          ]
        }
      },
      "resources": []
    }
  ]
}
2026-02-03 08:56:21 - create_rate_cards - INFO - [API RESPONSE] POST https://ncm.services.nconprem-10-53-60-173.ccpnx.com/v1/cg/config/rate-cards
2026-02-03 08:56:21 - create_rate_cards - INFO - [STATUS CODE] 200
2026-02-03 08:56:21 - create_rate_cards - INFO - [TIME TAKEN] 0.3192 seconds (319.18 ms)
2026-02-03 08:56:21 - create_rate_cards - INFO - [RESPONSE CONTENT-TYPE] application/json
2026-02-03 08:56:21 - create_rate_cards - INFO - [RESPONSE PAYLOAD]
{
  "ids": [
    "e3dde6b8-131c-4c6b-9b1c-c656bc47b58c"
  ]
}
2026-02-03 08:56:21 - create_rate_cards - INFO - ✓ [109] Created rate card: st_testing720273_109
2026-02-03 08:56:21 - create_rate_cards - INFO - [API REQUEST] POST https://ncm.services.nconprem-10-53-60-173.ccpnx.com/v1/cg/config/rate-cards
2026-02-03 08:56:21 - create_rate_cards - INFO - [REQUEST JSON PAYLOAD]
{
  "rateCards": [
    {
      "rateCardName": "st_testing720273_110",
      "meteringRates": {
        "vm": {
          "vCpu": {
            "unit": "HOUR",
            "rate": 64
          },
          "vRam": {
            "unit": "HOUR",
            "rate": 47
          },
          "vStorage": {
            "unit": "GIB",
            "rate": 70
          },
          "customConfigs": [
            {
              "description": "st_testing720273_0",
              "value": {
                "unit": "DAY",
                "rate": 50
              }
            },
            {
              "description": "st_testing720273_1",
              "value": {
                "unit": "DAY",
                "rate": 8
              }
            },
            {
              "description": "st_testing720273_2",
              "value": {
                "unit": "DAY",
                "rate": 93
              }
            },
            {
              "description": "st_testing720273_3",
              "value": {
                "unit": "DAY",
                "rate": 13
              }
            },
            {
              "description": "st_testing720273_4",
              "value": {
                "unit": "DAY",
                "rate": 58
              }
            }
          ]
        }
      },
      "resources": []
    }
  ]
}
2026-02-03 08:56:21 - create_rate_cards - INFO - [API RESPONSE] POST https://ncm.services.nconprem-10-53-60-173.ccpnx.com/v1/cg/config/rate-cards
2026-02-03 08:56:21 - create_rate_cards - INFO - [STATUS CODE] 200
2026-02-03 08:56:21 - create_rate_cards - INFO - [TIME TAKEN] 0.3167 seconds (316.68 ms)
2026-02-03 08:56:21 - create_rate_cards - INFO - [RESPONSE CONTENT-TYPE] application/json
2026-02-03 08:56:21 - create_rate_cards - INFO - [RESPONSE PAYLOAD]
{
  "ids": [
    "6a300153-6532-43fd-a735-18546ecc5a97"
  ]
}
2026-02-03 08:56:21 - create_rate_cards - INFO - ✓ [110] Created rate card: st_testing720273_110
2026-02-03 08:56:21 - create_rate_cards - INFO - [API REQUEST] POST https://ncm.services.nconprem-10-53-60-173.ccpnx.com/v1/cg/config/rate-cards
2026-02-03 08:56:21 - create_rate_cards - INFO - [REQUEST JSON PAYLOAD]
{
  "rateCards": [
    {
      "rateCardName": "st_testing720273_111",
      "meteringRates": {
        "vm": {
          "vCpu": {
            "unit": "HOUR",
            "rate": 37
          },
          "vRam": {
            "unit": "HOUR",
            "rate": 63
          },
          "vStorage": {
            "unit": "GIB",
            "rate": 46
          },
          "customConfigs": [
            {
              "description": "st_testing720273_0",
              "value": {
                "unit": "DAY",
                "rate": 20
              }
            },
            {
              "description": "st_testing720273_1",
              "value": {
                "unit": "DAY",
                "rate": 40
              }
            },
            {
              "description": "st_testing720273_2",
              "value": {
                "unit": "DAY",
                "rate": 17
              }
            },
            {
              "description": "st_testing720273_3",
              "value": {
                "unit": "DAY",
                "rate": 22
              }
            },
            {
              "description": "st_testing720273_4",
              "value": {
                "unit": "DAY",
                "rate": 75
              }
            }
          ]
        }
      },
      "resources": []
    }
  ]
}
2026-02-03 08:56:22 - create_rate_cards - INFO - [API RESPONSE] POST https://ncm.services.nconprem-10-53-60-173.ccpnx.com/v1/cg/config/rate-cards
2026-02-03 08:56:22 - create_rate_cards - INFO - [STATUS CODE] 200
2026-02-03 08:56:22 - create_rate_cards - INFO - [TIME TAKEN] 0.3453 seconds (345.27 ms)
2026-02-03 08:56:22 - create_rate_cards - INFO - [RESPONSE CONTENT-TYPE] application/json
2026-02-03 08:56:22 - create_rate_cards - INFO - [RESPONSE PAYLOAD]
{
  "ids": [
    "0603f210-a7f7-40ea-a323-645b213c9777"
  ]
}
2026-02-03 08:56:22 - create_rate_cards - INFO - ✓ [111] Created rate card: st_testing720273_111
2026-02-03 08:56:22 - create_rate_cards - INFO - [API REQUEST] POST https://ncm.services.nconprem-10-53-60-173.ccpnx.com/v1/cg/config/rate-cards
2026-02-03 08:56:22 - create_rate_cards - INFO - [REQUEST JSON PAYLOAD]
{
  "rateCards": [
    {
      "rateCardName": "st_testing720273_112",
      "meteringRates": {
        "vm": {
          "vCpu": {
            "unit": "HOUR",
            "rate": 14
          },
          "vRam": {
            "unit": "HOUR",
            "rate": 12
          },
          "vStorage": {
            "unit": "GIB",
            "rate": 41
          },
          "customConfigs": [
            {
              "description": "st_testing720273_0",
              "value": {
                "unit": "DAY",
                "rate": 84
              }
            },
            {
              "description": "st_testing720273_1",
              "value": {
                "unit": "DAY",
                "rate": 69
              }
            },
            {
              "description": "st_testing720273_2",
              "value": {
                "unit": "DAY",
                "rate": 26
              }
            },
            {
              "description": "st_testing720273_3",
              "value": {
                "unit": "DAY",
                "rate": 21
              }
            },
            {
              "description": "st_testing720273_4",
              "value": {
                "unit": "DAY",
                "rate": 17
              }
            }
          ]
        }
      },
      "resources": []
    }
  ]
}
2026-02-03 08:56:22 - create_rate_cards - INFO - [API RESPONSE] POST https://ncm.services.nconprem-10-53-60-173.ccpnx.com/v1/cg/config/rate-cards
2026-02-03 08:56:22 - create_rate_cards - INFO - [STATUS CODE] 200
2026-02-03 08:56:22 - create_rate_cards - INFO - [TIME TAKEN] 0.2116 seconds (211.62 ms)
2026-02-03 08:56:22 - create_rate_cards - INFO - [RESPONSE CONTENT-TYPE] application/json
2026-02-03 08:56:22 - create_rate_cards - INFO - [RESPONSE PAYLOAD]
{
  "ids": [
    "7bc0c9cd-c731-4f31-a0be-29e3e0956824"
  ]
}
2026-02-03 08:56:22 - create_rate_cards - INFO - ✓ [112] Created rate card: st_testing720273_112
2026-02-03 08:56:22 - create_rate_cards - INFO - [API REQUEST] POST https://ncm.services.nconprem-10-53-60-173.ccpnx.com/v1/cg/config/rate-cards
2026-02-03 08:56:22 - create_rate_cards - INFO - [REQUEST JSON PAYLOAD]
{
  "rateCards": [
    {
      "rateCardName": "st_testing720273_113",
      "meteringRates": {
        "vm": {
          "vCpu": {
            "unit": "HOUR",
            "rate": 56
          },
          "vRam": {
            "unit": "HOUR",
            "rate": 5
          },
          "vStorage": {
            "unit": "GIB",
            "rate": 85
          },
          "customConfigs": [
            {
              "description": "st_testing720273_0",
              "value": {
                "unit": "DAY",
                "rate": 42
              }
            },
            {
              "description": "st_testing720273_1",
              "value": {
                "unit": "DAY",
                "rate": 69
              }
            },
            {
              "description": "st_testing720273_2",
              "value": {
                "unit": "DAY",
                "rate": 16
              }
            },
            {
              "description": "st_testing720273_3",
              "value": {
                "unit": "DAY",
                "rate": 48
              }
            },
            {
              "description": "st_testing720273_4",
              "value": {
                "unit": "DAY",
                "rate": 61
              }
            }
          ]
        }
      },
      "resources": []
    }
  ]
}
2026-02-03 08:56:22 - create_rate_cards - INFO - [API RESPONSE] POST https://ncm.services.nconprem-10-53-60-173.ccpnx.com/v1/cg/config/rate-cards
2026-02-03 08:56:22 - create_rate_cards - INFO - [STATUS CODE] 200
2026-02-03 08:56:22 - create_rate_cards - INFO - [TIME TAKEN] 0.3277 seconds (327.66 ms)
2026-02-03 08:56:22 - create_rate_cards - INFO - [RESPONSE CONTENT-TYPE] application/json
2026-02-03 08:56:22 - create_rate_cards - INFO - [RESPONSE PAYLOAD]
{
  "ids": [
    "5bf631d0-33a5-4e14-b074-577b43d360a0"
  ]
}
2026-02-03 08:56:22 - create_rate_cards - INFO - ✓ [113] Created rate card: st_testing720273_113
2026-02-03 08:56:22 - create_rate_cards - INFO - [API REQUEST] POST https://ncm.services.nconprem-10-53-60-173.ccpnx.com/v1/cg/config/rate-cards
2026-02-03 08:56:22 - create_rate_cards - INFO - [REQUEST JSON PAYLOAD]
{
  "rateCards": [
    {
      "rateCardName": "st_testing720273_114",
      "meteringRates": {
        "vm": {
          "vCpu": {
            "unit": "HOUR",
            "rate": 24
          },
          "vRam": {
            "unit": "HOUR",
            "rate": 9
          },
          "vStorage": {
            "unit": "GIB",
            "rate": 19
          },
          "customConfigs": [
            {
              "description": "st_testing720273_0",
              "value": {
                "unit": "DAY",
                "rate": 53
              }
            },
            {
              "description": "st_testing720273_1",
              "value": {
                "unit": "DAY",
                "rate": 15
              }
            },
            {
              "description": "st_testing720273_2",
              "value": {
                "unit": "DAY",
                "rate": 88
              }
            },
            {
              "description": "st_testing720273_3",
              "value": {
                "unit": "DAY",
                "rate": 88
              }
            },
            {
              "description": "st_testing720273_4",
              "value": {
                "unit": "DAY",
                "rate": 22
              }
            }
          ]
        }
      },
      "resources": []
    }
  ]
}
2026-02-03 08:56:23 - create_rate_cards - INFO - [API RESPONSE] POST https://ncm.services.nconprem-10-53-60-173.ccpnx.com/v1/cg/config/rate-cards
2026-02-03 08:56:23 - create_rate_cards - INFO - [STATUS CODE] 200
2026-02-03 08:56:23 - create_rate_cards - INFO - [TIME TAKEN] 0.2764 seconds (276.36 ms)
2026-02-03 08:56:23 - create_rate_cards - INFO - [RESPONSE CONTENT-TYPE] application/json
2026-02-03 08:56:23 - create_rate_cards - INFO - [RESPONSE PAYLOAD]
{
  "ids": [
    "30a5e429-b17c-4fd3-9d3b-75a1852effa6"
  ]
}
2026-02-03 08:56:23 - create_rate_cards - INFO - ✓ [114] Created rate card: st_testing720273_114
2026-02-03 08:56:23 - create_rate_cards - INFO - [API REQUEST] POST https://ncm.services.nconprem-10-53-60-173.ccpnx.com/v1/cg/config/rate-cards
2026-02-03 08:56:23 - create_rate_cards - INFO - [REQUEST JSON PAYLOAD]
{
  "rateCards": [
    {
      "rateCardName": "st_testing720273_115",
      "meteringRates": {
        "vm": {
          "vCpu": {
            "unit": "HOUR",
            "rate": 93
          },
          "vRam": {
            "unit": "HOUR",
            "rate": 55
          },
          "vStorage": {
            "unit": "GIB",
            "rate": 98
          },
          "customConfigs": [
            {
              "description": "st_testing720273_0",
              "value": {
                "unit": "DAY",
                "rate": 67
              }
            },
            {
              "description": "st_testing720273_1",
              "value": {
                "unit": "DAY",
                "rate": 9
              }
            },
            {
              "description": "st_testing720273_2",
              "value": {
                "unit": "DAY",
                "rate": 89
              }
            },
            {
              "description": "st_testing720273_3",
              "value": {
                "unit": "DAY",
                "rate": 36
              }
            },
            {
              "description": "st_testing720273_4",
              "value": {
                "unit": "DAY",
                "rate": 24
              }
            }
          ]
        }
      },
      "resources": []
    }
  ]
}
2026-02-03 08:56:23 - create_rate_cards - INFO - [API RESPONSE] POST https://ncm.services.nconprem-10-53-60-173.ccpnx.com/v1/cg/config/rate-cards
2026-02-03 08:56:23 - create_rate_cards - INFO - [STATUS CODE] 200
2026-02-03 08:56:23 - create_rate_cards - INFO - [TIME TAKEN] 0.3564 seconds (356.40 ms)
2026-02-03 08:56:23 - create_rate_cards - INFO - [RESPONSE CONTENT-TYPE] application/json
2026-02-03 08:56:23 - create_rate_cards - INFO - [RESPONSE PAYLOAD]
{
  "ids": [
    "12d5f6b4-89a7-4a4a-8444-11245f6f8e0f"
  ]
}
2026-02-03 08:56:23 - create_rate_cards - INFO - ✓ [115] Created rate card: st_testing720273_115
2026-02-03 08:56:23 - create_rate_cards - INFO - [API REQUEST] POST https://ncm.services.nconprem-10-53-60-173.ccpnx.com/v1/cg/config/rate-cards
2026-02-03 08:56:23 - create_rate_cards - INFO - [REQUEST JSON PAYLOAD]
{
  "rateCards": [
    {
      "rateCardName": "st_testing720273_116",
      "meteringRates": {
        "vm": {
          "vCpu": {
            "unit": "HOUR",
            "rate": 5
          },
          "vRam": {
            "unit": "HOUR",
            "rate": 12
          },
          "vStorage": {
            "unit": "GIB",
            "rate": 48
          },
          "customConfigs": [
            {
              "description": "st_testing720273_0",
              "value": {
                "unit": "DAY",
                "rate": 26
              }
            },
            {
              "description": "st_testing720273_1",
              "value": {
                "unit": "DAY",
                "rate": 52
              }
            },
            {
              "description": "st_testing720273_2",
              "value": {
                "unit": "DAY",
                "rate": 4
              }
            },
            {
              "description": "st_testing720273_3",
              "value": {
                "unit": "DAY",
                "rate": 85
              }
            },
            {
              "description": "st_testing720273_4",
              "value": {
                "unit": "DAY",
                "rate": 30
              }
            }
          ]
        }
      },
      "resources": []
    }
  ]
}
2026-02-03 08:56:23 - create_rate_cards - INFO - [API RESPONSE] POST https://ncm.services.nconprem-10-53-60-173.ccpnx.com/v1/cg/config/rate-cards
2026-02-03 08:56:23 - create_rate_cards - INFO - [STATUS CODE] 200
2026-02-03 08:56:23 - create_rate_cards - INFO - [TIME TAKEN] 0.3024 seconds (302.42 ms)
2026-02-03 08:56:23 - create_rate_cards - INFO - [RESPONSE CONTENT-TYPE] application/json
2026-02-03 08:56:23 - create_rate_cards - INFO - [RESPONSE PAYLOAD]
{
  "ids": [
    "1453403a-2fb2-401e-9596-5444eafaa83f"
  ]
}
2026-02-03 08:56:23 - create_rate_cards - INFO - ✓ [116] Created rate card: st_testing720273_116
2026-02-03 08:56:23 - create_rate_cards - INFO - [API REQUEST] POST https://ncm.services.nconprem-10-53-60-173.ccpnx.com/v1/cg/config/rate-cards
2026-02-03 08:56:23 - create_rate_cards - INFO - [REQUEST JSON PAYLOAD]
{
  "rateCards": [
    {
      "rateCardName": "st_testing720273_117",
      "meteringRates": {
        "vm": {
          "vCpu": {
            "unit": "HOUR",
            "rate": 14
          },
          "vRam": {
            "unit": "HOUR",
            "rate": 88
          },
          "vStorage": {
            "unit": "GIB",
            "rate": 50
          },
          "customConfigs": [
            {
              "description": "st_testing720273_0",
              "value": {
                "unit": "DAY",
                "rate": 86
              }
            },
            {
              "description": "st_testing720273_1",
              "value": {
                "unit": "DAY",
                "rate": 16
              }
            },
            {
              "description": "st_testing720273_2",
              "value": {
                "unit": "DAY",
                "rate": 40
              }
            },
            {
              "description": "st_testing720273_3",
              "value": {
                "unit": "DAY",
                "rate": 5
              }
            },
            {
              "description": "st_testing720273_4",
              "value": {
                "unit": "DAY",
                "rate": 75
              }
            }
          ]
        }
      },
      "resources": []
    }
  ]
}
2026-02-03 08:56:24 - create_rate_cards - INFO - [API RESPONSE] POST https://ncm.services.nconprem-10-53-60-173.ccpnx.com/v1/cg/config/rate-cards
2026-02-03 08:56:24 - create_rate_cards - INFO - [STATUS CODE] 200
2026-02-03 08:56:24 - create_rate_cards - INFO - [TIME TAKEN] 0.5402 seconds (540.15 ms)
2026-02-03 08:56:24 - create_rate_cards - INFO - [RESPONSE CONTENT-TYPE] application/json
2026-02-03 08:56:24 - create_rate_cards - INFO - [RESPONSE PAYLOAD]
{
  "ids": [
    "1b1d744e-1d62-4200-a62e-e7162907f624"
  ]
}
2026-02-03 08:56:24 - create_rate_cards - INFO - ✓ [117] Created rate card: st_testing720273_117
2026-02-03 08:56:24 - create_rate_cards - INFO - [API REQUEST] POST https://ncm.services.nconprem-10-53-60-173.ccpnx.com/v1/cg/config/rate-cards
2026-02-03 08:56:24 - create_rate_cards - INFO - [REQUEST JSON PAYLOAD]
{
  "rateCards": [
    {
      "rateCardName": "st_testing720273_118",
      "meteringRates": {
        "vm": {
          "vCpu": {
            "unit": "HOUR",
            "rate": 8
          },
          "vRam": {
            "unit": "HOUR",
            "rate": 58
          },
          "vStorage": {
            "unit": "GIB",
            "rate": 44
          },
          "customConfigs": [
            {
              "description": "st_testing720273_0",
              "value": {
                "unit": "DAY",
                "rate": 86
              }
            },
            {
              "description": "st_testing720273_1",
              "value": {
                "unit": "DAY",
                "rate": 59
              }
            },
            {
              "description": "st_testing720273_2",
              "value": {
                "unit": "DAY",
                "rate": 33
              }
            },
            {
              "description": "st_testing720273_3",
              "value": {
                "unit": "DAY",
                "rate": 14
              }
            },
            {
              "description": "st_testing720273_4",
              "value": {
                "unit": "DAY",
                "rate": 34
              }
            }
          ]
        }
      },
      "resources": []
    }
  ]
}
2026-02-03 08:56:24 - create_rate_cards - INFO - [API RESPONSE] POST https://ncm.services.nconprem-10-53-60-173.ccpnx.com/v1/cg/config/rate-cards
2026-02-03 08:56:24 - create_rate_cards - INFO - [STATUS CODE] 200
2026-02-03 08:56:24 - create_rate_cards - INFO - [TIME TAKEN] 0.2820 seconds (282.01 ms)
2026-02-03 08:56:24 - create_rate_cards - INFO - [RESPONSE CONTENT-TYPE] application/json
2026-02-03 08:56:24 - create_rate_cards - INFO - [RESPONSE PAYLOAD]
{
  "ids": [
    "ecf44a43-33e7-4d12-843d-43c0aaf0d148"
  ]
}
2026-02-03 08:56:24 - create_rate_cards - INFO - ✓ [118] Created rate card: st_testing720273_118
2026-02-03 08:56:24 - create_rate_cards - INFO - [API REQUEST] POST https://ncm.services.nconprem-10-53-60-173.ccpnx.com/v1/cg/config/rate-cards
2026-02-03 08:56:24 - create_rate_cards - INFO - [REQUEST JSON PAYLOAD]
{
  "rateCards": [
    {
      "rateCardName": "st_testing720273_119",
      "meteringRates": {
        "vm": {
          "vCpu": {
            "unit": "HOUR",
            "rate": 55
          },
          "vRam": {
            "unit": "HOUR",
            "rate": 49
          },
          "vStorage": {
            "unit": "GIB",
            "rate": 68
          },
          "customConfigs": [
            {
              "description": "st_testing720273_0",
              "value": {
                "unit": "DAY",
                "rate": 74
              }
            },
            {
              "description": "st_testing720273_1",
              "value": {
                "unit": "DAY",
                "rate": 57
              }
            },
            {
              "description": "st_testing720273_2",
              "value": {
                "unit": "DAY",
                "rate": 66
              }
            },
            {
              "description": "st_testing720273_3",
              "value": {
                "unit": "DAY",
                "rate": 8
              }
            },
            {
              "description": "st_testing720273_4",
              "value": {
                "unit": "DAY",
                "rate": 71
              }
            }
          ]
        }
      },
      "resources": []
    }
  ]
}
2026-02-03 08:56:25 - create_rate_cards - INFO - [API RESPONSE] POST https://ncm.services.nconprem-10-53-60-173.ccpnx.com/v1/cg/config/rate-cards
2026-02-03 08:56:25 - create_rate_cards - INFO - [STATUS CODE] 200
2026-02-03 08:56:25 - create_rate_cards - INFO - [TIME TAKEN] 0.3679 seconds (367.88 ms)
2026-02-03 08:56:25 - create_rate_cards - INFO - [RESPONSE CONTENT-TYPE] application/json
2026-02-03 08:56:25 - create_rate_cards - INFO - [RESPONSE PAYLOAD]
{
  "ids": [
    "aeedb2db-b0f5-4ee8-980f-704e1722b32e"
  ]
}
2026-02-03 08:56:25 - create_rate_cards - INFO - ✓ [119] Created rate card: st_testing720273_119
2026-02-03 08:56:25 - create_rate_cards - INFO - [API REQUEST] POST https://ncm.services.nconprem-10-53-60-173.ccpnx.com/v1/cg/config/rate-cards
2026-02-03 08:56:25 - create_rate_cards - INFO - [REQUEST JSON PAYLOAD]
{
  "rateCards": [
    {
      "rateCardName": "st_testing720273_120",
      "meteringRates": {
        "vm": {
          "vCpu": {
            "unit": "HOUR",
            "rate": 87
          },
          "vRam": {
            "unit": "HOUR",
            "rate": 39
          },
          "vStorage": {
            "unit": "GIB",
            "rate": 43
          },
          "customConfigs": [
            {
              "description": "st_testing720273_0",
              "value": {
                "unit": "DAY",
                "rate": 3
              }
            },
            {
              "description": "st_testing720273_1",
              "value": {
                "unit": "DAY",
                "rate": 92
              }
            },
            {
              "description": "st_testing720273_2",
              "value": {
                "unit": "DAY",
                "rate": 64
              }
            },
            {
              "description": "st_testing720273_3",
              "value": {
                "unit": "DAY",
                "rate": 29
              }
            },
            {
              "description": "st_testing720273_4",
              "value": {
                "unit": "DAY",
                "rate": 57
              }
            }
          ]
        }
      },
      "resources": []
    }
  ]
}
2026-02-03 08:56:25 - create_rate_cards - INFO - [API RESPONSE] POST https://ncm.services.nconprem-10-53-60-173.ccpnx.com/v1/cg/config/rate-cards
2026-02-03 08:56:25 - create_rate_cards - INFO - [STATUS CODE] 200
2026-02-03 08:56:25 - create_rate_cards - INFO - [TIME TAKEN] 0.2622 seconds (262.19 ms)
2026-02-03 08:56:25 - create_rate_cards - INFO - [RESPONSE CONTENT-TYPE] application/json
2026-02-03 08:56:25 - create_rate_cards - INFO - [RESPONSE PAYLOAD]
{
  "ids": [
    "714c1cb4-0db3-488b-ba86-1dacbae62ea8"
  ]
}
2026-02-03 08:56:25 - create_rate_cards - INFO - ✓ [120] Created rate card: st_testing720273_120
2026-02-03 08:56:25 - create_rate_cards - INFO - [API REQUEST] POST https://ncm.services.nconprem-10-53-60-173.ccpnx.com/v1/cg/config/rate-cards
2026-02-03 08:56:25 - create_rate_cards - INFO - [REQUEST JSON PAYLOAD]
{
  "rateCards": [
    {
      "rateCardName": "st_testing720273_121",
      "meteringRates": {
        "vm": {
          "vCpu": {
            "unit": "HOUR",
            "rate": 99
          },
          "vRam": {
            "unit": "HOUR",
            "rate": 35
          },
          "vStorage": {
            "unit": "GIB",
            "rate": 90
          },
          "customConfigs": [
            {
              "description": "st_testing720273_0",
              "value": {
                "unit": "DAY",
                "rate": 37
              }
            },
            {
              "description": "st_testing720273_1",
              "value": {
                "unit": "DAY",
                "rate": 47
              }
            },
            {
              "description": "st_testing720273_2",
              "value": {
                "unit": "DAY",
                "rate": 8
              }
            },
            {
              "description": "st_testing720273_3",
              "value": {
                "unit": "DAY",
                "rate": 99
              }
            },
            {
              "description": "st_testing720273_4",
              "value": {
                "unit": "DAY",
                "rate": 42
              }
            }
          ]
        }
      },
      "resources": []
    }
  ]
}
2026-02-03 08:56:25 - create_rate_cards - INFO - [API RESPONSE] POST https://ncm.services.nconprem-10-53-60-173.ccpnx.com/v1/cg/config/rate-cards
2026-02-03 08:56:25 - create_rate_cards - INFO - [STATUS CODE] 200
2026-02-03 08:56:25 - create_rate_cards - INFO - [TIME TAKEN] 0.3005 seconds (300.51 ms)
2026-02-03 08:56:25 - create_rate_cards - INFO - [RESPONSE CONTENT-TYPE] application/json
2026-02-03 08:56:25 - create_rate_cards - INFO - [RESPONSE PAYLOAD]
{
  "ids": [
    "f0ca1ab3-0856-499b-ba44-d60616e736d8"
  ]
}
2026-02-03 08:56:25 - create_rate_cards - INFO - ✓ [121] Created rate card: st_testing720273_121
2026-02-03 08:56:25 - create_rate_cards - INFO - [API REQUEST] POST https://ncm.services.nconprem-10-53-60-173.ccpnx.com/v1/cg/config/rate-cards
2026-02-03 08:56:25 - create_rate_cards - INFO - [REQUEST JSON PAYLOAD]
{
  "rateCards": [
    {
      "rateCardName": "st_testing720273_122",
      "meteringRates": {
        "vm": {
          "vCpu": {
            "unit": "HOUR",
            "rate": 73
          },
          "vRam": {
            "unit": "HOUR",
            "rate": 81
          },
          "vStorage": {
            "unit": "GIB",
            "rate": 14
          },
          "customConfigs": [
            {
              "description": "st_testing720273_0",
              "value": {
                "unit": "DAY",
                "rate": 75
              }
            },
            {
              "description": "st_testing720273_1",
              "value": {
                "unit": "DAY",
                "rate": 17
              }
            },
            {
              "description": "st_testing720273_2",
              "value": {
                "unit": "DAY",
                "rate": 25
              }
            },
            {
              "description": "st_testing720273_3",
              "value": {
                "unit": "DAY",
                "rate": 12
              }
            },
            {
              "description": "st_testing720273_4",
              "value": {
                "unit": "DAY",
                "rate": 99
              }
            }
          ]
        }
      },
      "resources": []
    }
  ]
}
2026-02-03 08:56:25 - create_rate_cards - INFO - [API RESPONSE] POST https://ncm.services.nconprem-10-53-60-173.ccpnx.com/v1/cg/config/rate-cards
2026-02-03 08:56:25 - create_rate_cards - INFO - [STATUS CODE] 200
2026-02-03 08:56:25 - create_rate_cards - INFO - [TIME TAKEN] 0.3196 seconds (319.62 ms)
2026-02-03 08:56:25 - create_rate_cards - INFO - [RESPONSE CONTENT-TYPE] application/json
2026-02-03 08:56:25 - create_rate_cards - INFO - [RESPONSE PAYLOAD]
{
  "ids": [
    "a5cbe8be-fa76-4dcd-a171-0acb8d62871d"
  ]
}
2026-02-03 08:56:25 - create_rate_cards - INFO - ✓ [122] Created rate card: st_testing720273_122
2026-02-03 08:56:25 - create_rate_cards - INFO - [API REQUEST] POST https://ncm.services.nconprem-10-53-60-173.ccpnx.com/v1/cg/config/rate-cards
2026-02-03 08:56:25 - create_rate_cards - INFO - [REQUEST JSON PAYLOAD]
{
  "rateCards": [
    {
      "rateCardName": "st_testing720273_123",
      "meteringRates": {
        "vm": {
          "vCpu": {
            "unit": "HOUR",
            "rate": 32
          },
          "vRam": {
            "unit": "HOUR",
            "rate": 77
          },
          "vStorage": {
            "unit": "GIB",
            "rate": 39
          },
          "customConfigs": [
            {
              "description": "st_testing720273_0",
              "value": {
                "unit": "DAY",
                "rate": 42
              }
            },
            {
              "description": "st_testing720273_1",
              "value": {
                "unit": "DAY",
                "rate": 52
              }
            },
            {
              "description": "st_testing720273_2",
              "value": {
                "unit": "DAY",
                "rate": 53
              }
            },
            {
              "description": "st_testing720273_3",
              "value": {
                "unit": "DAY",
                "rate": 60
              }
            },
            {
              "description": "st_testing720273_4",
              "value": {
                "unit": "DAY",
                "rate": 68
              }
            }
          ]
        }
      },
      "resources": []
    }
  ]
}
2026-02-03 08:56:26 - create_rate_cards - INFO - [API RESPONSE] POST https://ncm.services.nconprem-10-53-60-173.ccpnx.com/v1/cg/config/rate-cards
2026-02-03 08:56:26 - create_rate_cards - INFO - [STATUS CODE] 200
2026-02-03 08:56:26 - create_rate_cards - INFO - [TIME TAKEN] 0.4831 seconds (483.12 ms)
2026-02-03 08:56:26 - create_rate_cards - INFO - [RESPONSE CONTENT-TYPE] application/json
2026-02-03 08:56:26 - create_rate_cards - INFO - [RESPONSE PAYLOAD]
{
  "ids": [
    "0a42530b-5f9b-4fb4-9247-6beb316e3857"
  ]
}
2026-02-03 08:56:26 - create_rate_cards - INFO - ✓ [123] Created rate card: st_testing720273_123
2026-02-03 08:56:26 - create_rate_cards - INFO - [API REQUEST] POST https://ncm.services.nconprem-10-53-60-173.ccpnx.com/v1/cg/config/rate-cards
2026-02-03 08:56:26 - create_rate_cards - INFO - [REQUEST JSON PAYLOAD]
{
  "rateCards": [
    {
      "rateCardName": "st_testing720273_124",
      "meteringRates": {
        "vm": {
          "vCpu": {
            "unit": "HOUR",
            "rate": 28
          },
          "vRam": {
            "unit": "HOUR",
            "rate": 3
          },
          "vStorage": {
            "unit": "GIB",
            "rate": 59
          },
          "customConfigs": [
            {
              "description": "st_testing720273_0",
              "value": {
                "unit": "DAY",
                "rate": 51
              }
            },
            {
              "description": "st_testing720273_1",
              "value": {
                "unit": "DAY",
                "rate": 89
              }
            },
            {
              "description": "st_testing720273_2",
              "value": {
                "unit": "DAY",
                "rate": 20
              }
            },
            {
              "description": "st_testing720273_3",
              "value": {
                "unit": "DAY",
                "rate": 73
              }
            },
            {
              "description": "st_testing720273_4",
              "value": {
                "unit": "DAY",
                "rate": 81
              }
            }
          ]
        }
      },
      "resources": []
    }
  ]
}
2026-02-03 08:56:26 - create_rate_cards - INFO - [API RESPONSE] POST https://ncm.services.nconprem-10-53-60-173.ccpnx.com/v1/cg/config/rate-cards
2026-02-03 08:56:26 - create_rate_cards - INFO - [STATUS CODE] 200
2026-02-03 08:56:26 - create_rate_cards - INFO - [TIME TAKEN] 0.4724 seconds (472.43 ms)
2026-02-03 08:56:26 - create_rate_cards - INFO - [RESPONSE CONTENT-TYPE] application/json
2026-02-03 08:56:26 - create_rate_cards - INFO - [RESPONSE PAYLOAD]
{
  "ids": [
    "c5602c32-0e15-4050-a374-368fe14d89f6"
  ]
}
2026-02-03 08:56:26 - create_rate_cards - INFO - ✓ [124] Created rate card: st_testing720273_124
2026-02-03 08:56:26 - create_rate_cards - INFO - [API REQUEST] POST https://ncm.services.nconprem-10-53-60-173.ccpnx.com/v1/cg/config/rate-cards
2026-02-03 08:56:26 - create_rate_cards - INFO - [REQUEST JSON PAYLOAD]
{
  "rateCards": [
    {
      "rateCardName": "st_testing720273_125",
      "meteringRates": {
        "vm": {
          "vCpu": {
            "unit": "HOUR",
            "rate": 53
          },
          "vRam": {
            "unit": "HOUR",
            "rate": 85
          },
          "vStorage": {
            "unit": "GIB",
            "rate": 3
          },
          "customConfigs": [
            {
              "description": "st_testing720273_0",
              "value": {
                "unit": "DAY",
                "rate": 39
              }
            },
            {
              "description": "st_testing720273_1",
              "value": {
                "unit": "DAY",
                "rate": 63
              }
            },
            {
              "description": "st_testing720273_2",
              "value": {
                "unit": "DAY",
                "rate": 27
              }
            },
            {
              "description": "st_testing720273_3",
              "value": {
                "unit": "DAY",
                "rate": 14
              }
            },
            {
              "description": "st_testing720273_4",
              "value": {
                "unit": "DAY",
                "rate": 66
              }
            }
          ]
        }
      },
      "resources": []
    }
  ]
}
2026-02-03 08:56:27 - create_rate_cards - INFO - [API RESPONSE] POST https://ncm.services.nconprem-10-53-60-173.ccpnx.com/v1/cg/config/rate-cards
2026-02-03 08:56:27 - create_rate_cards - INFO - [STATUS CODE] 200
2026-02-03 08:56:27 - create_rate_cards - INFO - [TIME TAKEN] 0.3816 seconds (381.64 ms)
2026-02-03 08:56:27 - create_rate_cards - INFO - [RESPONSE CONTENT-TYPE] application/json
2026-02-03 08:56:27 - create_rate_cards - INFO - [RESPONSE PAYLOAD]
{
  "ids": [
    "6297b55b-cdaf-485b-9636-7614059be00c"
  ]
}
2026-02-03 08:56:27 - create_rate_cards - INFO - ✓ [125] Created rate card: st_testing720273_125
2026-02-03 08:56:27 - create_rate_cards - INFO - [API REQUEST] POST https://ncm.services.nconprem-10-53-60-173.ccpnx.com/v1/cg/config/rate-cards
2026-02-03 08:56:27 - create_rate_cards - INFO - [REQUEST JSON PAYLOAD]
{
  "rateCards": [
    {
      "rateCardName": "st_testing720273_126",
      "meteringRates": {
        "vm": {
          "vCpu": {
            "unit": "HOUR",
            "rate": 73
          },
          "vRam": {
            "unit": "HOUR",
            "rate": 21
          },
          "vStorage": {
            "unit": "GIB",
            "rate": 90
          },
          "customConfigs": [
            {
              "description": "st_testing720273_0",
              "value": {
                "unit": "DAY",
                "rate": 48
              }
            },
            {
              "description": "st_testing720273_1",
              "value": {
                "unit": "DAY",
                "rate": 57
              }
            },
            {
              "description": "st_testing720273_2",
              "value": {
                "unit": "DAY",
                "rate": 45
              }
            },
            {
              "description": "st_testing720273_3",
              "value": {
                "unit": "DAY",
                "rate": 93
              }
            },
            {
              "description": "st_testing720273_4",
              "value": {
                "unit": "DAY",
                "rate": 19
              }
            }
          ]
        }
      },
      "resources": []
    }
  ]
}
2026-02-03 08:56:27 - create_rate_cards - INFO - [API RESPONSE] POST https://ncm.services.nconprem-10-53-60-173.ccpnx.com/v1/cg/config/rate-cards
2026-02-03 08:56:27 - create_rate_cards - INFO - [STATUS CODE] 200
2026-02-03 08:56:27 - create_rate_cards - INFO - [TIME TAKEN] 0.4078 seconds (407.80 ms)
2026-02-03 08:56:27 - create_rate_cards - INFO - [RESPONSE CONTENT-TYPE] application/json
2026-02-03 08:56:27 - create_rate_cards - INFO - [RESPONSE PAYLOAD]
{
  "ids": [
    "8c6edb54-7da1-4473-86e7-0e98f9a20889"
  ]
}
2026-02-03 08:56:27 - create_rate_cards - INFO - ✓ [126] Created rate card: st_testing720273_126
2026-02-03 08:56:27 - create_rate_cards - INFO - [API REQUEST] POST https://ncm.services.nconprem-10-53-60-173.ccpnx.com/v1/cg/config/rate-cards
2026-02-03 08:56:27 - create_rate_cards - INFO - [REQUEST JSON PAYLOAD]
{
  "rateCards": [
    {
      "rateCardName": "st_testing720273_127",
      "meteringRates": {
        "vm": {
          "vCpu": {
            "unit": "HOUR",
            "rate": 12
          },
          "vRam": {
            "unit": "HOUR",
            "rate": 36
          },
          "vStorage": {
            "unit": "GIB",
            "rate": 44
          },
          "customConfigs": [
            {
              "description": "st_testing720273_0",
              "value": {
                "unit": "DAY",
                "rate": 83
              }
            },
            {
              "description": "st_testing720273_1",
              "value": {
                "unit": "DAY",
                "rate": 69
              }
            },
            {
              "description": "st_testing720273_2",
              "value": {
                "unit": "DAY",
                "rate": 13
              }
            },
            {
              "description": "st_testing720273_3",
              "value": {
                "unit": "DAY",
                "rate": 51
              }
            },
            {
              "description": "st_testing720273_4",
              "value": {
                "unit": "DAY",
                "rate": 32
              }
            }
          ]
        }
      },
      "resources": []
    }
  ]
}
2026-02-03 08:56:27 - create_rate_cards - INFO - [API RESPONSE] POST https://ncm.services.nconprem-10-53-60-173.ccpnx.com/v1/cg/config/rate-cards
2026-02-03 08:56:27 - create_rate_cards - INFO - [STATUS CODE] 200
2026-02-03 08:56:27 - create_rate_cards - INFO - [TIME TAKEN] 0.2840 seconds (283.97 ms)
2026-02-03 08:56:27 - create_rate_cards - INFO - [RESPONSE CONTENT-TYPE] application/json
2026-02-03 08:56:27 - create_rate_cards - INFO - [RESPONSE PAYLOAD]
{
  "ids": [
    "c060b45d-72a4-4fa9-a21e-1ba4ab3cb8ff"
  ]
}
2026-02-03 08:56:27 - create_rate_cards - INFO - ✓ [127] Created rate card: st_testing720273_127
2026-02-03 08:56:27 - create_rate_cards - INFO - [API REQUEST] POST https://ncm.services.nconprem-10-53-60-173.ccpnx.com/v1/cg/config/rate-cards
2026-02-03 08:56:27 - create_rate_cards - INFO - [REQUEST JSON PAYLOAD]
{
  "rateCards": [
    {
      "rateCardName": "st_testing720273_128",
      "meteringRates": {
        "vm": {
          "vCpu": {
            "unit": "HOUR",
            "rate": 49
          },
          "vRam": {
            "unit": "HOUR",
            "rate": 71
          },
          "vStorage": {
            "unit": "GIB",
            "rate": 67
          },
          "customConfigs": [
            {
              "description": "st_testing720273_0",
              "value": {
                "unit": "DAY",
                "rate": 35
              }
            },
            {
              "description": "st_testing720273_1",
              "value": {
                "unit": "DAY",
                "rate": 59
              }
            },
            {
              "description": "st_testing720273_2",
              "value": {
                "unit": "DAY",
                "rate": 94
              }
            },
            {
              "description": "st_testing720273_3",
              "value": {
                "unit": "DAY",
                "rate": 84
              }
            },
            {
              "description": "st_testing720273_4",
              "value": {
                "unit": "DAY",
                "rate": 96
              }
            }
          ]
        }
      },
      "resources": []
    }
  ]
}
2026-02-03 08:56:28 - create_rate_cards - INFO - [API RESPONSE] POST https://ncm.services.nconprem-10-53-60-173.ccpnx.com/v1/cg/config/rate-cards
2026-02-03 08:56:28 - create_rate_cards - INFO - [STATUS CODE] 200
2026-02-03 08:56:28 - create_rate_cards - INFO - [TIME TAKEN] 0.2185 seconds (218.55 ms)
2026-02-03 08:56:28 - create_rate_cards - INFO - [RESPONSE CONTENT-TYPE] application/json
2026-02-03 08:56:28 - create_rate_cards - INFO - [RESPONSE PAYLOAD]
{
  "ids": [
    "c6e64885-dbcb-4d54-89c6-8148e9ba9dba"
  ]
}
2026-02-03 08:56:28 - create_rate_cards - INFO - ✓ [128] Created rate card: st_testing720273_128
2026-02-03 08:56:28 - create_rate_cards - INFO - [API REQUEST] POST https://ncm.services.nconprem-10-53-60-173.ccpnx.com/v1/cg/config/rate-cards
2026-02-03 08:56:28 - create_rate_cards - INFO - [REQUEST JSON PAYLOAD]
{
  "rateCards": [
    {
      "rateCardName": "st_testing720273_129",
      "meteringRates": {
        "vm": {
          "vCpu": {
            "unit": "HOUR",
            "rate": 56
          },
          "vRam": {
            "unit": "HOUR",
            "rate": 2
          },
          "vStorage": {
            "unit": "GIB",
            "rate": 34
          },
          "customConfigs": [
            {
              "description": "st_testing720273_0",
              "value": {
                "unit": "DAY",
                "rate": 62
              }
            },
            {
              "description": "st_testing720273_1",
              "value": {
                "unit": "DAY",
                "rate": 86
              }
            },
            {
              "description": "st_testing720273_2",
              "value": {
                "unit": "DAY",
                "rate": 48
              }
            },
            {
              "description": "st_testing720273_3",
              "value": {
                "unit": "DAY",
                "rate": 80
              }
            },
            {
              "description": "st_testing720273_4",
              "value": {
                "unit": "DAY",
                "rate": 43
              }
            }
          ]
        }
      },
      "resources": []
    }
  ]
}
2026-02-03 08:56:28 - create_rate_cards - INFO - [API RESPONSE] POST https://ncm.services.nconprem-10-53-60-173.ccpnx.com/v1/cg/config/rate-cards
2026-02-03 08:56:28 - create_rate_cards - INFO - [STATUS CODE] 200
2026-02-03 08:56:28 - create_rate_cards - INFO - [TIME TAKEN] 0.2154 seconds (215.41 ms)
2026-02-03 08:56:28 - create_rate_cards - INFO - [RESPONSE CONTENT-TYPE] application/json
2026-02-03 08:56:28 - create_rate_cards - INFO - [RESPONSE PAYLOAD]
{
  "ids": [
    "d7b3ea70-1654-49ca-9b6f-f0e3e0c376a3"
  ]
}
2026-02-03 08:56:28 - create_rate_cards - INFO - ✓ [129] Created rate card: st_testing720273_129
2026-02-03 08:56:28 - create_rate_cards - INFO - [API REQUEST] POST https://ncm.services.nconprem-10-53-60-173.ccpnx.com/v1/cg/config/rate-cards
2026-02-03 08:56:28 - create_rate_cards - INFO - [REQUEST JSON PAYLOAD]
{
  "rateCards": [
    {
      "rateCardName": "st_testing720273_130",
      "meteringRates": {
        "vm": {
          "vCpu": {
            "unit": "HOUR",
            "rate": 40
          },
          "vRam": {
            "unit": "HOUR",
            "rate": 80
          },
          "vStorage": {
            "unit": "GIB",
            "rate": 13
          },
          "customConfigs": [
            {
              "description": "st_testing720273_0",
              "value": {
                "unit": "DAY",
                "rate": 21
              }
            },
            {
              "description": "st_testing720273_1",
              "value": {
                "unit": "DAY",
                "rate": 41
              }
            },
            {
              "description": "st_testing720273_2",
              "value": {
                "unit": "DAY",
                "rate": 79
              }
            },
            {
              "description": "st_testing720273_3",
              "value": {
                "unit": "DAY",
                "rate": 43
              }
            },
            {
              "description": "st_testing720273_4",
              "value": {
                "unit": "DAY",
                "rate": 95
              }
            }
          ]
        }
      },
      "resources": []
    }
  ]
}
2026-02-03 08:56:28 - create_rate_cards - INFO - [API RESPONSE] POST https://ncm.services.nconprem-10-53-60-173.ccpnx.com/v1/cg/config/rate-cards
2026-02-03 08:56:28 - create_rate_cards - INFO - [STATUS CODE] 200
2026-02-03 08:56:28 - create_rate_cards - INFO - [TIME TAKEN] 0.3158 seconds (315.83 ms)
2026-02-03 08:56:28 - create_rate_cards - INFO - [RESPONSE CONTENT-TYPE] application/json
2026-02-03 08:56:28 - create_rate_cards - INFO - [RESPONSE PAYLOAD]
{
  "ids": [
    "87e09acb-1b23-4eb9-976d-1e0e16fe8493"
  ]
}
2026-02-03 08:56:28 - create_rate_cards - INFO - ✓ [130] Created rate card: st_testing720273_130
2026-02-03 08:56:28 - create_rate_cards - INFO - [API REQUEST] POST https://ncm.services.nconprem-10-53-60-173.ccpnx.com/v1/cg/config/rate-cards
2026-02-03 08:56:28 - create_rate_cards - INFO - [REQUEST JSON PAYLOAD]
{
  "rateCards": [
    {
      "rateCardName": "st_testing720273_131",
      "meteringRates": {
        "vm": {
          "vCpu": {
            "unit": "HOUR",
            "rate": 42
          },
          "vRam": {
            "unit": "HOUR",
            "rate": 47
          },
          "vStorage": {
            "unit": "GIB",
            "rate": 47
          },
          "customConfigs": [
            {
              "description": "st_testing720273_0",
              "value": {
                "unit": "DAY",
                "rate": 60
              }
            },
            {
              "description": "st_testing720273_1",
              "value": {
                "unit": "DAY",
                "rate": 75
              }
            },
            {
              "description": "st_testing720273_2",
              "value": {
                "unit": "DAY",
                "rate": 62
              }
            },
            {
              "description": "st_testing720273_3",
              "value": {
                "unit": "DAY",
                "rate": 58
              }
            },
            {
              "description": "st_testing720273_4",
              "value": {
                "unit": "DAY",
                "rate": 33
              }
            }
          ]
        }
      },
      "resources": []
    }
  ]
}
2026-02-03 08:56:29 - create_rate_cards - INFO - [API RESPONSE] POST https://ncm.services.nconprem-10-53-60-173.ccpnx.com/v1/cg/config/rate-cards
2026-02-03 08:56:29 - create_rate_cards - INFO - [STATUS CODE] 200
2026-02-03 08:56:29 - create_rate_cards - INFO - [TIME TAKEN] 0.3541 seconds (354.11 ms)
2026-02-03 08:56:29 - create_rate_cards - INFO - [RESPONSE CONTENT-TYPE] application/json
2026-02-03 08:56:29 - create_rate_cards - INFO - [RESPONSE PAYLOAD]
{
  "ids": [
    "98620936-1a5a-447b-a846-c2bbdd19c2c1"
  ]
}
2026-02-03 08:56:29 - create_rate_cards - INFO - ✓ [131] Created rate card: st_testing720273_131
2026-02-03 08:56:29 - create_rate_cards - INFO - [API REQUEST] POST https://ncm.services.nconprem-10-53-60-173.ccpnx.com/v1/cg/config/rate-cards
2026-02-03 08:56:29 - create_rate_cards - INFO - [REQUEST JSON PAYLOAD]
{
  "rateCards": [
    {
      "rateCardName": "st_testing720273_132",
      "meteringRates": {
        "vm": {
          "vCpu": {
            "unit": "HOUR",
            "rate": 50
          },
          "vRam": {
            "unit": "HOUR",
            "rate": 46
          },
          "vStorage": {
            "unit": "GIB",
            "rate": 52
          },
          "customConfigs": [
            {
              "description": "st_testing720273_0",
              "value": {
                "unit": "DAY",
                "rate": 62
              }
            },
            {
              "description": "st_testing720273_1",
              "value": {
                "unit": "DAY",
                "rate": 19
              }
            },
            {
              "description": "st_testing720273_2",
              "value": {
                "unit": "DAY",
                "rate": 37
              }
            },
            {
              "description": "st_testing720273_3",
              "value": {
                "unit": "DAY",
                "rate": 20
              }
            },
            {
              "description": "st_testing720273_4",
              "value": {
                "unit": "DAY",
                "rate": 47
              }
            }
          ]
        }
      },
      "resources": []
    }
  ]
}
2026-02-03 08:56:29 - create_rate_cards - INFO - [API RESPONSE] POST https://ncm.services.nconprem-10-53-60-173.ccpnx.com/v1/cg/config/rate-cards
2026-02-03 08:56:29 - create_rate_cards - INFO - [STATUS CODE] 200
2026-02-03 08:56:29 - create_rate_cards - INFO - [TIME TAKEN] 0.3599 seconds (359.93 ms)
2026-02-03 08:56:29 - create_rate_cards - INFO - [RESPONSE CONTENT-TYPE] application/json
2026-02-03 08:56:29 - create_rate_cards - INFO - [RESPONSE PAYLOAD]
{
  "ids": [
    "6171a766-c8f7-41eb-9741-3946d5b4f2e4"
  ]
}
2026-02-03 08:56:29 - create_rate_cards - INFO - ✓ [132] Created rate card: st_testing720273_132
2026-02-03 08:56:29 - create_rate_cards - INFO - [API REQUEST] POST https://ncm.services.nconprem-10-53-60-173.ccpnx.com/v1/cg/config/rate-cards
2026-02-03 08:56:29 - create_rate_cards - INFO - [REQUEST JSON PAYLOAD]
{
  "rateCards": [
    {
      "rateCardName": "st_testing720273_133",
      "meteringRates": {
        "vm": {
          "vCpu": {
            "unit": "HOUR",
            "rate": 79
          },
          "vRam": {
            "unit": "HOUR",
            "rate": 78
          },
          "vStorage": {
            "unit": "GIB",
            "rate": 32
          },
          "customConfigs": [
            {
              "description": "st_testing720273_0",
              "value": {
                "unit": "DAY",
                "rate": 31
              }
            },
            {
              "description": "st_testing720273_1",
              "value": {
                "unit": "DAY",
                "rate": 91
              }
            },
            {
              "description": "st_testing720273_2",
              "value": {
                "unit": "DAY",
                "rate": 17
              }
            },
            {
              "description": "st_testing720273_3",
              "value": {
                "unit": "DAY",
                "rate": 51
              }
            },
            {
              "description": "st_testing720273_4",
              "value": {
                "unit": "DAY",
                "rate": 38
              }
            }
          ]
        }
      },
      "resources": []
    }
  ]
}
2026-02-03 08:56:29 - create_rate_cards - INFO - [API RESPONSE] POST https://ncm.services.nconprem-10-53-60-173.ccpnx.com/v1/cg/config/rate-cards
2026-02-03 08:56:29 - create_rate_cards - INFO - [STATUS CODE] 200
2026-02-03 08:56:29 - create_rate_cards - INFO - [TIME TAKEN] 0.3354 seconds (335.36 ms)
2026-02-03 08:56:29 - create_rate_cards - INFO - [RESPONSE CONTENT-TYPE] application/json
2026-02-03 08:56:29 - create_rate_cards - INFO - [RESPONSE PAYLOAD]
{
  "ids": [
    "b33cb333-f651-4d9f-8bb7-05e8339f235e"
  ]
}
2026-02-03 08:56:29 - create_rate_cards - INFO - ✓ [133] Created rate card: st_testing720273_133
2026-02-03 08:56:29 - create_rate_cards - INFO - [API REQUEST] POST https://ncm.services.nconprem-10-53-60-173.ccpnx.com/v1/cg/config/rate-cards
2026-02-03 08:56:29 - create_rate_cards - INFO - [REQUEST JSON PAYLOAD]
{
  "rateCards": [
    {
      "rateCardName": "st_testing720273_134",
      "meteringRates": {
        "vm": {
          "vCpu": {
            "unit": "HOUR",
            "rate": 8
          },
          "vRam": {
            "unit": "HOUR",
            "rate": 94
          },
          "vStorage": {
            "unit": "GIB",
            "rate": 53
          },
          "customConfigs": [
            {
              "description": "st_testing720273_0",
              "value": {
                "unit": "DAY",
                "rate": 98
              }
            },
            {
              "description": "st_testing720273_1",
              "value": {
                "unit": "DAY",
                "rate": 44
              }
            },
            {
              "description": "st_testing720273_2",
              "value": {
                "unit": "DAY",
                "rate": 37
              }
            },
            {
              "description": "st_testing720273_3",
              "value": {
                "unit": "DAY",
                "rate": 44
              }
            },
            {
              "description": "st_testing720273_4",
              "value": {
                "unit": "DAY",
                "rate": 44
              }
            }
          ]
        }
      },
      "resources": []
    }
  ]
}
2026-02-03 08:56:30 - create_rate_cards - INFO - [API RESPONSE] POST https://ncm.services.nconprem-10-53-60-173.ccpnx.com/v1/cg/config/rate-cards
2026-02-03 08:56:30 - create_rate_cards - INFO - [STATUS CODE] 200
2026-02-03 08:56:30 - create_rate_cards - INFO - [TIME TAKEN] 0.3944 seconds (394.38 ms)
2026-02-03 08:56:30 - create_rate_cards - INFO - [RESPONSE CONTENT-TYPE] application/json
2026-02-03 08:56:30 - create_rate_cards - INFO - [RESPONSE PAYLOAD]
{
  "ids": [
    "64b1378b-52c1-48bd-a014-feb73c9aac82"
  ]
}
2026-02-03 08:56:30 - create_rate_cards - INFO - ✓ [134] Created rate card: st_testing720273_134
2026-02-03 08:56:30 - create_rate_cards - INFO - [API REQUEST] POST https://ncm.services.nconprem-10-53-60-173.ccpnx.com/v1/cg/config/rate-cards
2026-02-03 08:56:30 - create_rate_cards - INFO - [REQUEST JSON PAYLOAD]
{
  "rateCards": [
    {
      "rateCardName": "st_testing720273_135",
      "meteringRates": {
        "vm": {
          "vCpu": {
            "unit": "HOUR",
            "rate": 84
          },
          "vRam": {
            "unit": "HOUR",
            "rate": 44
          },
          "vStorage": {
            "unit": "GIB",
            "rate": 87
          },
          "customConfigs": [
            {
              "description": "st_testing720273_0",
              "value": {
                "unit": "DAY",
                "rate": 82
              }
            },
            {
              "description": "st_testing720273_1",
              "value": {
                "unit": "DAY",
                "rate": 39
              }
            },
            {
              "description": "st_testing720273_2",
              "value": {
                "unit": "DAY",
                "rate": 55
              }
            },
            {
              "description": "st_testing720273_3",
              "value": {
                "unit": "DAY",
                "rate": 83
              }
            },
            {
              "description": "st_testing720273_4",
              "value": {
                "unit": "DAY",
                "rate": 24
              }
            }
          ]
        }
      },
      "resources": []
    }
  ]
}
2026-02-03 08:56:30 - create_rate_cards - INFO - [API RESPONSE] POST https://ncm.services.nconprem-10-53-60-173.ccpnx.com/v1/cg/config/rate-cards
2026-02-03 08:56:30 - create_rate_cards - INFO - [STATUS CODE] 200
2026-02-03 08:56:30 - create_rate_cards - INFO - [TIME TAKEN] 0.2987 seconds (298.67 ms)
2026-02-03 08:56:30 - create_rate_cards - INFO - [RESPONSE CONTENT-TYPE] application/json
2026-02-03 08:56:30 - create_rate_cards - INFO - [RESPONSE PAYLOAD]
{
  "ids": [
    "9a15a648-123b-4ed3-94da-8b3befb4ff77"
  ]
}
2026-02-03 08:56:30 - create_rate_cards - INFO - ✓ [135] Created rate card: st_testing720273_135
2026-02-03 08:56:30 - create_rate_cards - INFO - [API REQUEST] POST https://ncm.services.nconprem-10-53-60-173.ccpnx.com/v1/cg/config/rate-cards
2026-02-03 08:56:30 - create_rate_cards - INFO - [REQUEST JSON PAYLOAD]
{
  "rateCards": [
    {
      "rateCardName": "st_testing720273_136",
      "meteringRates": {
        "vm": {
          "vCpu": {
            "unit": "HOUR",
            "rate": 14
          },
          "vRam": {
            "unit": "HOUR",
            "rate": 82
          },
          "vStorage": {
            "unit": "GIB",
            "rate": 59
          },
          "customConfigs": [
            {
              "description": "st_testing720273_0",
              "value": {
                "unit": "DAY",
                "rate": 56
              }
            },
            {
              "description": "st_testing720273_1",
              "value": {
                "unit": "DAY",
                "rate": 25
              }
            },
            {
              "description": "st_testing720273_2",
              "value": {
                "unit": "DAY",
                "rate": 96
              }
            },
            {
              "description": "st_testing720273_3",
              "value": {
                "unit": "DAY",
                "rate": 19
              }
            },
            {
              "description": "st_testing720273_4",
              "value": {
                "unit": "DAY",
                "rate": 77
              }
            }
          ]
        }
      },
      "resources": []
    }
  ]
}
2026-02-03 08:56:30 - create_rate_cards - INFO - [API RESPONSE] POST https://ncm.services.nconprem-10-53-60-173.ccpnx.com/v1/cg/config/rate-cards
2026-02-03 08:56:30 - create_rate_cards - INFO - [STATUS CODE] 200
2026-02-03 08:56:30 - create_rate_cards - INFO - [TIME TAKEN] 0.4266 seconds (426.64 ms)
2026-02-03 08:56:30 - create_rate_cards - INFO - [RESPONSE CONTENT-TYPE] application/json
2026-02-03 08:56:30 - create_rate_cards - INFO - [RESPONSE PAYLOAD]
{
  "ids": [
    "389e66db-eb6d-4825-b7d7-a10971836c3e"
  ]
}
2026-02-03 08:56:30 - create_rate_cards - INFO - ✓ [136] Created rate card: st_testing720273_136
2026-02-03 08:56:30 - create_rate_cards - INFO - [API REQUEST] POST https://ncm.services.nconprem-10-53-60-173.ccpnx.com/v1/cg/config/rate-cards
2026-02-03 08:56:30 - create_rate_cards - INFO - [REQUEST JSON PAYLOAD]
{
  "rateCards": [
    {
      "rateCardName": "st_testing720273_137",
      "meteringRates": {
        "vm": {
          "vCpu": {
            "unit": "HOUR",
            "rate": 32
          },
          "vRam": {
            "unit": "HOUR",
            "rate": 79
          },
          "vStorage": {
            "unit": "GIB",
            "rate": 8
          },
          "customConfigs": [
            {
              "description": "st_testing720273_0",
              "value": {
                "unit": "DAY",
                "rate": 96
              }
            },
            {
              "description": "st_testing720273_1",
              "value": {
                "unit": "DAY",
                "rate": 57
              }
            },
            {
              "description": "st_testing720273_2",
              "value": {
                "unit": "DAY",
                "rate": 10
              }
            },
            {
              "description": "st_testing720273_3",
              "value": {
                "unit": "DAY",
                "rate": 63
              }
            },
            {
              "description": "st_testing720273_4",
              "value": {
                "unit": "DAY",
                "rate": 82
              }
            }
          ]
        }
      },
      "resources": []
    }
  ]
}
2026-02-03 08:56:31 - create_rate_cards - INFO - [API RESPONSE] POST https://ncm.services.nconprem-10-53-60-173.ccpnx.com/v1/cg/config/rate-cards
2026-02-03 08:56:31 - create_rate_cards - INFO - [STATUS CODE] 200
2026-02-03 08:56:31 - create_rate_cards - INFO - [TIME TAKEN] 0.2490 seconds (249.00 ms)
2026-02-03 08:56:31 - create_rate_cards - INFO - [RESPONSE CONTENT-TYPE] application/json
2026-02-03 08:56:31 - create_rate_cards - INFO - [RESPONSE PAYLOAD]
{
  "ids": [
    "eec52ef8-a580-4c41-b8e1-c685ada26360"
  ]
}
2026-02-03 08:56:31 - create_rate_cards - INFO - ✓ [137] Created rate card: st_testing720273_137
2026-02-03 08:56:31 - create_rate_cards - INFO - [API REQUEST] POST https://ncm.services.nconprem-10-53-60-173.ccpnx.com/v1/cg/config/rate-cards
2026-02-03 08:56:31 - create_rate_cards - INFO - [REQUEST JSON PAYLOAD]
{
  "rateCards": [
    {
      "rateCardName": "st_testing720273_138",
      "meteringRates": {
        "vm": {
          "vCpu": {
            "unit": "HOUR",
            "rate": 8
          },
          "vRam": {
            "unit": "HOUR",
            "rate": 3
          },
          "vStorage": {
            "unit": "GIB",
            "rate": 87
          },
          "customConfigs": [
            {
              "description": "st_testing720273_0",
              "value": {
                "unit": "DAY",
                "rate": 35
              }
            },
            {
              "description": "st_testing720273_1",
              "value": {
                "unit": "DAY",
                "rate": 3
              }
            },
            {
              "description": "st_testing720273_2",
              "value": {
                "unit": "DAY",
                "rate": 15
              }
            },
            {
              "description": "st_testing720273_3",
              "value": {
                "unit": "DAY",
                "rate": 96
              }
            },
            {
              "description": "st_testing720273_4",
              "value": {
                "unit": "DAY",
                "rate": 83
              }
            }
          ]
        }
      },
      "resources": []
    }
  ]
}
2026-02-03 08:56:31 - create_rate_cards - INFO - [API RESPONSE] POST https://ncm.services.nconprem-10-53-60-173.ccpnx.com/v1/cg/config/rate-cards
2026-02-03 08:56:31 - create_rate_cards - INFO - [STATUS CODE] 200
2026-02-03 08:56:31 - create_rate_cards - INFO - [TIME TAKEN] 0.4148 seconds (414.83 ms)
2026-02-03 08:56:31 - create_rate_cards - INFO - [RESPONSE CONTENT-TYPE] application/json
2026-02-03 08:56:31 - create_rate_cards - INFO - [RESPONSE PAYLOAD]
{
  "ids": [
    "97d43a5d-93ca-4d39-9da1-5f096437d0e9"
  ]
}
2026-02-03 08:56:31 - create_rate_cards - INFO - ✓ [138] Created rate card: st_testing720273_138
2026-02-03 08:56:31 - create_rate_cards - INFO - [API REQUEST] POST https://ncm.services.nconprem-10-53-60-173.ccpnx.com/v1/cg/config/rate-cards
2026-02-03 08:56:31 - create_rate_cards - INFO - [REQUEST JSON PAYLOAD]
{
  "rateCards": [
    {
      "rateCardName": "st_testing720273_139",
      "meteringRates": {
        "vm": {
          "vCpu": {
            "unit": "HOUR",
            "rate": 67
          },
          "vRam": {
            "unit": "HOUR",
            "rate": 28
          },
          "vStorage": {
            "unit": "GIB",
            "rate": 96
          },
          "customConfigs": [
            {
              "description": "st_testing720273_0",
              "value": {
                "unit": "DAY",
                "rate": 59
              }
            },
            {
              "description": "st_testing720273_1",
              "value": {
                "unit": "DAY",
                "rate": 37
              }
            },
            {
              "description": "st_testing720273_2",
              "value": {
                "unit": "DAY",
                "rate": 96
              }
            },
            {
              "description": "st_testing720273_3",
              "value": {
                "unit": "DAY",
                "rate": 2
              }
            },
            {
              "description": "st_testing720273_4",
              "value": {
                "unit": "DAY",
                "rate": 7
              }
            }
          ]
        }
      },
      "resources": []
    }
  ]
}
2026-02-03 08:56:32 - create_rate_cards - INFO - [API RESPONSE] POST https://ncm.services.nconprem-10-53-60-173.ccpnx.com/v1/cg/config/rate-cards
2026-02-03 08:56:32 - create_rate_cards - INFO - [STATUS CODE] 200
2026-02-03 08:56:32 - create_rate_cards - INFO - [TIME TAKEN] 0.4608 seconds (460.79 ms)
2026-02-03 08:56:32 - create_rate_cards - INFO - [RESPONSE CONTENT-TYPE] application/json
2026-02-03 08:56:32 - create_rate_cards - INFO - [RESPONSE PAYLOAD]
{
  "ids": [
    "0f127e63-9224-4727-82fd-10129c0e2b5f"
  ]
}
2026-02-03 08:56:32 - create_rate_cards - INFO - ✓ [139] Created rate card: st_testing720273_139
2026-02-03 08:56:32 - create_rate_cards - INFO - [API REQUEST] POST https://ncm.services.nconprem-10-53-60-173.ccpnx.com/v1/cg/config/rate-cards
2026-02-03 08:56:32 - create_rate_cards - INFO - [REQUEST JSON PAYLOAD]
{
  "rateCards": [
    {
      "rateCardName": "st_testing720273_140",
      "meteringRates": {
        "vm": {
          "vCpu": {
            "unit": "HOUR",
            "rate": 82
          },
          "vRam": {
            "unit": "HOUR",
            "rate": 82
          },
          "vStorage": {
            "unit": "GIB",
            "rate": 47
          },
          "customConfigs": [
            {
              "description": "st_testing720273_0",
              "value": {
                "unit": "DAY",
                "rate": 45
              }
            },
            {
              "description": "st_testing720273_1",
              "value": {
                "unit": "DAY",
                "rate": 56
              }
            },
            {
              "description": "st_testing720273_2",
              "value": {
                "unit": "DAY",
                "rate": 28
              }
            },
            {
              "description": "st_testing720273_3",
              "value": {
                "unit": "DAY",
                "rate": 46
              }
            },
            {
              "description": "st_testing720273_4",
              "value": {
                "unit": "DAY",
                "rate": 97
              }
            }
          ]
        }
      },
      "resources": []
    }
  ]
}
2026-02-03 08:56:32 - create_rate_cards - INFO - [API RESPONSE] POST https://ncm.services.nconprem-10-53-60-173.ccpnx.com/v1/cg/config/rate-cards
2026-02-03 08:56:32 - create_rate_cards - INFO - [STATUS CODE] 200
2026-02-03 08:56:32 - create_rate_cards - INFO - [TIME TAKEN] 0.2831 seconds (283.11 ms)
2026-02-03 08:56:32 - create_rate_cards - INFO - [RESPONSE CONTENT-TYPE] application/json
2026-02-03 08:56:32 - create_rate_cards - INFO - [RESPONSE PAYLOAD]
{
  "ids": [
    "aee0755d-05e8-4ffa-ac49-1b8a20878815"
  ]
}
2026-02-03 08:56:32 - create_rate_cards - INFO - ✓ [140] Created rate card: st_testing720273_140
2026-02-03 08:56:32 - create_rate_cards - INFO - [API REQUEST] POST https://ncm.services.nconprem-10-53-60-173.ccpnx.com/v1/cg/config/rate-cards
2026-02-03 08:56:32 - create_rate_cards - INFO - [REQUEST JSON PAYLOAD]
{
  "rateCards": [
    {
      "rateCardName": "st_testing720273_141",
      "meteringRates": {
        "vm": {
          "vCpu": {
            "unit": "HOUR",
            "rate": 98
          },
          "vRam": {
            "unit": "HOUR",
            "rate": 56
          },
          "vStorage": {
            "unit": "GIB",
            "rate": 34
          },
          "customConfigs": [
            {
              "description": "st_testing720273_0",
              "value": {
                "unit": "DAY",
                "rate": 94
              }
            },
            {
              "description": "st_testing720273_1",
              "value": {
                "unit": "DAY",
                "rate": 33
              }
            },
            {
              "description": "st_testing720273_2",
              "value": {
                "unit": "DAY",
                "rate": 89
              }
            },
            {
              "description": "st_testing720273_3",
              "value": {
                "unit": "DAY",
                "rate": 75
              }
            },
            {
              "description": "st_testing720273_4",
              "value": {
                "unit": "DAY",
                "rate": 74
              }
            }
          ]
        }
      },
      "resources": []
    }
  ]
}
2026-02-03 08:56:32 - create_rate_cards - INFO - [API RESPONSE] POST https://ncm.services.nconprem-10-53-60-173.ccpnx.com/v1/cg/config/rate-cards
2026-02-03 08:56:32 - create_rate_cards - INFO - [STATUS CODE] 200
2026-02-03 08:56:32 - create_rate_cards - INFO - [TIME TAKEN] 0.2911 seconds (291.09 ms)
2026-02-03 08:56:32 - create_rate_cards - INFO - [RESPONSE CONTENT-TYPE] application/json
2026-02-03 08:56:32 - create_rate_cards - INFO - [RESPONSE PAYLOAD]
{
  "ids": [
    "39853b27-3f79-4e74-bf4a-08d0c7ab545b"
  ]
}
2026-02-03 08:56:32 - create_rate_cards - INFO - ✓ [141] Created rate card: st_testing720273_141
2026-02-03 08:56:32 - create_rate_cards - INFO - [API REQUEST] POST https://ncm.services.nconprem-10-53-60-173.ccpnx.com/v1/cg/config/rate-cards
2026-02-03 08:56:32 - create_rate_cards - INFO - [REQUEST JSON PAYLOAD]
{
  "rateCards": [
    {
      "rateCardName": "st_testing720273_142",
      "meteringRates": {
        "vm": {
          "vCpu": {
            "unit": "HOUR",
            "rate": 92
          },
          "vRam": {
            "unit": "HOUR",
            "rate": 85
          },
          "vStorage": {
            "unit": "GIB",
            "rate": 49
          },
          "customConfigs": [
            {
              "description": "st_testing720273_0",
              "value": {
                "unit": "DAY",
                "rate": 36
              }
            },
            {
              "description": "st_testing720273_1",
              "value": {
                "unit": "DAY",
                "rate": 74
              }
            },
            {
              "description": "st_testing720273_2",
              "value": {
                "unit": "DAY",
                "rate": 72
              }
            },
            {
              "description": "st_testing720273_3",
              "value": {
                "unit": "DAY",
                "rate": 21
              }
            },
            {
              "description": "st_testing720273_4",
              "value": {
                "unit": "DAY",
                "rate": 58
              }
            }
          ]
        }
      },
      "resources": []
    }
  ]
}
2026-02-03 08:56:33 - create_rate_cards - INFO - [API RESPONSE] POST https://ncm.services.nconprem-10-53-60-173.ccpnx.com/v1/cg/config/rate-cards
2026-02-03 08:56:33 - create_rate_cards - INFO - [STATUS CODE] 200
2026-02-03 08:56:33 - create_rate_cards - INFO - [TIME TAKEN] 0.5735 seconds (573.45 ms)
2026-02-03 08:56:33 - create_rate_cards - INFO - [RESPONSE CONTENT-TYPE] application/json
2026-02-03 08:56:33 - create_rate_cards - INFO - [RESPONSE PAYLOAD]
{
  "ids": [
    "4e5a1a82-6e31-4c06-b30a-9a39b98be490"
  ]
}
2026-02-03 08:56:33 - create_rate_cards - INFO - ✓ [142] Created rate card: st_testing720273_142
2026-02-03 08:56:33 - create_rate_cards - INFO - [API REQUEST] POST https://ncm.services.nconprem-10-53-60-173.ccpnx.com/v1/cg/config/rate-cards
2026-02-03 08:56:33 - create_rate_cards - INFO - [REQUEST JSON PAYLOAD]
{
  "rateCards": [
    {
      "rateCardName": "st_testing720273_143",
      "meteringRates": {
        "vm": {
          "vCpu": {
            "unit": "HOUR",
            "rate": 14
          },
          "vRam": {
            "unit": "HOUR",
            "rate": 19
          },
          "vStorage": {
            "unit": "GIB",
            "rate": 47
          },
          "customConfigs": [
            {
              "description": "st_testing720273_0",
              "value": {
                "unit": "DAY",
                "rate": 35
              }
            },
            {
              "description": "st_testing720273_1",
              "value": {
                "unit": "DAY",
                "rate": 62
              }
            },
            {
              "description": "st_testing720273_2",
              "value": {
                "unit": "DAY",
                "rate": 21
              }
            },
            {
              "description": "st_testing720273_3",
              "value": {
                "unit": "DAY",
                "rate": 3
              }
            },
            {
              "description": "st_testing720273_4",
              "value": {
                "unit": "DAY",
                "rate": 91
              }
            }
          ]
        }
      },
      "resources": []
    }
  ]
}
2026-02-03 08:56:33 - create_rate_cards - INFO - [API RESPONSE] POST https://ncm.services.nconprem-10-53-60-173.ccpnx.com/v1/cg/config/rate-cards
2026-02-03 08:56:33 - create_rate_cards - INFO - [STATUS CODE] 200
2026-02-03 08:56:33 - create_rate_cards - INFO - [TIME TAKEN] 0.7018 seconds (701.82 ms)
2026-02-03 08:56:33 - create_rate_cards - INFO - [RESPONSE CONTENT-TYPE] application/json
2026-02-03 08:56:33 - create_rate_cards - INFO - [RESPONSE PAYLOAD]
{
  "ids": [
    "59e04440-eb10-4722-9f23-028b5161ae84"
  ]
}
2026-02-03 08:56:33 - create_rate_cards - INFO - ✓ [143] Created rate card: st_testing720273_143
2026-02-03 08:56:33 - create_rate_cards - INFO - [API REQUEST] POST https://ncm.services.nconprem-10-53-60-173.ccpnx.com/v1/cg/config/rate-cards
2026-02-03 08:56:33 - create_rate_cards - INFO - [REQUEST JSON PAYLOAD]
{
  "rateCards": [
    {
      "rateCardName": "st_testing720273_144",
      "meteringRates": {
        "vm": {
          "vCpu": {
            "unit": "HOUR",
            "rate": 16
          },
          "vRam": {
            "unit": "HOUR",
            "rate": 50
          },
          "vStorage": {
            "unit": "GIB",
            "rate": 95
          },
          "customConfigs": [
            {
              "description": "st_testing720273_0",
              "value": {
                "unit": "DAY",
                "rate": 76
              }
            },
            {
              "description": "st_testing720273_1",
              "value": {
                "unit": "DAY",
                "rate": 14
              }
            },
            {
              "description": "st_testing720273_2",
              "value": {
                "unit": "DAY",
                "rate": 65
              }
            },
            {
              "description": "st_testing720273_3",
              "value": {
                "unit": "DAY",
                "rate": 19
              }
            },
            {
              "description": "st_testing720273_4",
              "value": {
                "unit": "DAY",
                "rate": 91
              }
            }
          ]
        }
      },
      "resources": []
    }
  ]
}
2026-02-03 08:56:34 - create_rate_cards - INFO - [API RESPONSE] POST https://ncm.services.nconprem-10-53-60-173.ccpnx.com/v1/cg/config/rate-cards
2026-02-03 08:56:34 - create_rate_cards - INFO - [STATUS CODE] 200
2026-02-03 08:56:34 - create_rate_cards - INFO - [TIME TAKEN] 0.8533 seconds (853.31 ms)
2026-02-03 08:56:34 - create_rate_cards - INFO - [RESPONSE CONTENT-TYPE] application/json
2026-02-03 08:56:34 - create_rate_cards - INFO - [RESPONSE PAYLOAD]
{
  "ids": [
    "3e0ff25a-99b5-4488-ae66-a7a36dcd6db4"
  ]
}
2026-02-03 08:56:34 - create_rate_cards - INFO - ✓ [144] Created rate card: st_testing720273_144
2026-02-03 08:56:34 - create_rate_cards - INFO - [API REQUEST] POST https://ncm.services.nconprem-10-53-60-173.ccpnx.com/v1/cg/config/rate-cards
2026-02-03 08:56:34 - create_rate_cards - INFO - [REQUEST JSON PAYLOAD]
{
  "rateCards": [
    {
      "rateCardName": "st_testing720273_145",
      "meteringRates": {
        "vm": {
          "vCpu": {
            "unit": "HOUR",
            "rate": 28
          },
          "vRam": {
            "unit": "HOUR",
            "rate": 48
          },
          "vStorage": {
            "unit": "GIB",
            "rate": 80
          },
          "customConfigs": [
            {
              "description": "st_testing720273_0",
              "value": {
                "unit": "DAY",
                "rate": 100
              }
            },
            {
              "description": "st_testing720273_1",
              "value": {
                "unit": "DAY",
                "rate": 57
              }
            },
            {
              "description": "st_testing720273_2",
              "value": {
                "unit": "DAY",
                "rate": 88
              }
            },
            {
              "description": "st_testing720273_3",
              "value": {
                "unit": "DAY",
                "rate": 55
              }
            },
            {
              "description": "st_testing720273_4",
              "value": {
                "unit": "DAY",
                "rate": 59
              }
            }
          ]
        }
      },
      "resources": []
    }
  ]
}
2026-02-03 08:56:35 - create_rate_cards - INFO - [API RESPONSE] POST https://ncm.services.nconprem-10-53-60-173.ccpnx.com/v1/cg/config/rate-cards
2026-02-03 08:56:35 - create_rate_cards - INFO - [STATUS CODE] 200
2026-02-03 08:56:35 - create_rate_cards - INFO - [TIME TAKEN] 0.2920 seconds (292.00 ms)
2026-02-03 08:56:35 - create_rate_cards - INFO - [RESPONSE CONTENT-TYPE] application/json
2026-02-03 08:56:35 - create_rate_cards - INFO - [RESPONSE PAYLOAD]
{
  "ids": [
    "93b30340-6dd0-4cbe-88ff-ae4b2bc9d15f"
  ]
}
2026-02-03 08:56:35 - create_rate_cards - INFO - ✓ [145] Created rate card: st_testing720273_145
2026-02-03 08:56:35 - create_rate_cards - INFO - [API REQUEST] POST https://ncm.services.nconprem-10-53-60-173.ccpnx.com/v1/cg/config/rate-cards
2026-02-03 08:56:35 - create_rate_cards - INFO - [REQUEST JSON PAYLOAD]
{
  "rateCards": [
    {
      "rateCardName": "st_testing720273_146",
      "meteringRates": {
        "vm": {
          "vCpu": {
            "unit": "HOUR",
            "rate": 36
          },
          "vRam": {
            "unit": "HOUR",
            "rate": 23
          },
          "vStorage": {
            "unit": "GIB",
            "rate": 1
          },
          "customConfigs": [
            {
              "description": "st_testing720273_0",
              "value": {
                "unit": "DAY",
                "rate": 39
              }
            },
            {
              "description": "st_testing720273_1",
              "value": {
                "unit": "DAY",
                "rate": 14
              }
            },
            {
              "description": "st_testing720273_2",
              "value": {
                "unit": "DAY",
                "rate": 51
              }
            },
            {
              "description": "st_testing720273_3",
              "value": {
                "unit": "DAY",
                "rate": 55
              }
            },
            {
              "description": "st_testing720273_4",
              "value": {
                "unit": "DAY",
                "rate": 20
              }
            }
          ]
        }
      },
      "resources": []
    }
  ]
}
2026-02-03 08:56:35 - create_rate_cards - INFO - [API RESPONSE] POST https://ncm.services.nconprem-10-53-60-173.ccpnx.com/v1/cg/config/rate-cards
2026-02-03 08:56:35 - create_rate_cards - INFO - [STATUS CODE] 200
2026-02-03 08:56:35 - create_rate_cards - INFO - [TIME TAKEN] 0.8374 seconds (837.36 ms)
2026-02-03 08:56:35 - create_rate_cards - INFO - [RESPONSE CONTENT-TYPE] application/json
2026-02-03 08:56:35 - create_rate_cards - INFO - [RESPONSE PAYLOAD]
{
  "ids": [
    "5a3956c5-fecc-459b-9f84-baee3ae95d0f"
  ]
}
2026-02-03 08:56:35 - create_rate_cards - INFO - ✓ [146] Created rate card: st_testing720273_146
2026-02-03 08:56:35 - create_rate_cards - INFO - [API REQUEST] POST https://ncm.services.nconprem-10-53-60-173.ccpnx.com/v1/cg/config/rate-cards
2026-02-03 08:56:35 - create_rate_cards - INFO - [REQUEST JSON PAYLOAD]
{
  "rateCards": [
    {
      "rateCardName": "st_testing720273_147",
      "meteringRates": {
        "vm": {
          "vCpu": {
            "unit": "HOUR",
            "rate": 33
          },
          "vRam": {
            "unit": "HOUR",
            "rate": 61
          },
          "vStorage": {
            "unit": "GIB",
            "rate": 4
          },
          "customConfigs": [
            {
              "description": "st_testing720273_0",
              "value": {
                "unit": "DAY",
                "rate": 37
              }
            },
            {
              "description": "st_testing720273_1",
              "value": {
                "unit": "DAY",
                "rate": 100
              }
            },
            {
              "description": "st_testing720273_2",
              "value": {
                "unit": "DAY",
                "rate": 13
              }
            },
            {
              "description": "st_testing720273_3",
              "value": {
                "unit": "DAY",
                "rate": 39
              }
            },
            {
              "description": "st_testing720273_4",
              "value": {
                "unit": "DAY",
                "rate": 98
              }
            }
          ]
        }
      },
      "resources": []
    }
  ]
}
2026-02-03 08:56:36 - create_rate_cards - INFO - [API RESPONSE] POST https://ncm.services.nconprem-10-53-60-173.ccpnx.com/v1/cg/config/rate-cards
2026-02-03 08:56:36 - create_rate_cards - INFO - [STATUS CODE] 200
2026-02-03 08:56:36 - create_rate_cards - INFO - [TIME TAKEN] 0.3657 seconds (365.73 ms)
2026-02-03 08:56:36 - create_rate_cards - INFO - [RESPONSE CONTENT-TYPE] application/json
2026-02-03 08:56:36 - create_rate_cards - INFO - [RESPONSE PAYLOAD]
{
  "ids": [
    "fe8693a3-f04b-4da0-82cd-a5901c1863e0"
  ]
}
2026-02-03 08:56:36 - create_rate_cards - INFO - ✓ [147] Created rate card: st_testing720273_147
2026-02-03 08:56:36 - create_rate_cards - INFO - [API REQUEST] POST https://ncm.services.nconprem-10-53-60-173.ccpnx.com/v1/cg/config/rate-cards
2026-02-03 08:56:36 - create_rate_cards - INFO - [REQUEST JSON PAYLOAD]
{
  "rateCards": [
    {
      "rateCardName": "st_testing720273_148",
      "meteringRates": {
        "vm": {
          "vCpu": {
            "unit": "HOUR",
            "rate": 27
          },
          "vRam": {
            "unit": "HOUR",
            "rate": 39
          },
          "vStorage": {
            "unit": "GIB",
            "rate": 28
          },
          "customConfigs": [
            {
              "description": "st_testing720273_0",
              "value": {
                "unit": "DAY",
                "rate": 46
              }
            },
            {
              "description": "st_testing720273_1",
              "value": {
                "unit": "DAY",
                "rate": 10
              }
            },
            {
              "description": "st_testing720273_2",
              "value": {
                "unit": "DAY",
                "rate": 68
              }
            },
            {
              "description": "st_testing720273_3",
              "value": {
                "unit": "DAY",
                "rate": 80
              }
            },
            {
              "description": "st_testing720273_4",
              "value": {
                "unit": "DAY",
                "rate": 50
              }
            }
          ]
        }
      },
      "resources": []
    }
  ]
}
2026-02-03 08:56:36 - create_rate_cards - INFO - [API RESPONSE] POST https://ncm.services.nconprem-10-53-60-173.ccpnx.com/v1/cg/config/rate-cards
2026-02-03 08:56:36 - create_rate_cards - INFO - [STATUS CODE] 200
2026-02-03 08:56:36 - create_rate_cards - INFO - [TIME TAKEN] 0.2900 seconds (289.96 ms)
2026-02-03 08:56:36 - create_rate_cards - INFO - [RESPONSE CONTENT-TYPE] application/json
2026-02-03 08:56:36 - create_rate_cards - INFO - [RESPONSE PAYLOAD]
{
  "ids": [
    "3670aa2b-7986-4d8f-b67a-8eead7b5c1b9"
  ]
}
2026-02-03 08:56:36 - create_rate_cards - INFO - ✓ [148] Created rate card: st_testing720273_148
2026-02-03 08:56:36 - create_rate_cards - INFO - [API REQUEST] POST https://ncm.services.nconprem-10-53-60-173.ccpnx.com/v1/cg/config/rate-cards
2026-02-03 08:56:36 - create_rate_cards - INFO - [REQUEST JSON PAYLOAD]
{
  "rateCards": [
    {
      "rateCardName": "st_testing720273_149",
      "meteringRates": {
        "vm": {
          "vCpu": {
            "unit": "HOUR",
            "rate": 26
          },
          "vRam": {
            "unit": "HOUR",
            "rate": 30
          },
          "vStorage": {
            "unit": "GIB",
            "rate": 87
          },
          "customConfigs": [
            {
              "description": "st_testing720273_0",
              "value": {
                "unit": "DAY",
                "rate": 27
              }
            },
            {
              "description": "st_testing720273_1",
              "value": {
                "unit": "DAY",
                "rate": 90
              }
            },
            {
              "description": "st_testing720273_2",
              "value": {
                "unit": "DAY",
                "rate": 47
              }
            },
            {
              "description": "st_testing720273_3",
              "value": {
                "unit": "DAY",
                "rate": 11
              }
            },
            {
              "description": "st_testing720273_4",
              "value": {
                "unit": "DAY",
                "rate": 36
              }
            }
          ]
        }
      },
      "resources": []
    }
  ]
}
2026-02-03 08:56:37 - create_rate_cards - INFO - [API RESPONSE] POST https://ncm.services.nconprem-10-53-60-173.ccpnx.com/v1/cg/config/rate-cards
2026-02-03 08:56:37 - create_rate_cards - INFO - [STATUS CODE] 200
2026-02-03 08:56:37 - create_rate_cards - INFO - [TIME TAKEN] 0.4977 seconds (497.73 ms)
2026-02-03 08:56:37 - create_rate_cards - INFO - [RESPONSE CONTENT-TYPE] application/json
2026-02-03 08:56:37 - create_rate_cards - INFO - [RESPONSE PAYLOAD]
{
  "ids": [
    "63d4631e-c2cc-48fe-af96-4b9e0589abe7"
  ]
}
2026-02-03 08:56:37 - create_rate_cards - INFO - ✓ [149] Created rate card: st_testing720273_149
2026-02-03 08:56:37 - create_rate_cards - INFO - [API REQUEST] POST https://ncm.services.nconprem-10-53-60-173.ccpnx.com/v1/cg/config/rate-cards
2026-02-03 08:56:37 - create_rate_cards - INFO - [REQUEST JSON PAYLOAD]
{
  "rateCards": [
    {
      "rateCardName": "st_testing720273_150",
      "meteringRates": {
        "vm": {
          "vCpu": {
            "unit": "HOUR",
            "rate": 96
          },
          "vRam": {
            "unit": "HOUR",
            "rate": 73
          },
          "vStorage": {
            "unit": "GIB",
            "rate": 56
          },
          "customConfigs": [
            {
              "description": "st_testing720273_0",
              "value": {
                "unit": "DAY",
                "rate": 65
              }
            },
            {
              "description": "st_testing720273_1",
              "value": {
                "unit": "DAY",
                "rate": 84
              }
            },
            {
              "description": "st_testing720273_2",
              "value": {
                "unit": "DAY",
                "rate": 38
              }
            },
            {
              "description": "st_testing720273_3",
              "value": {
                "unit": "DAY",
                "rate": 80
              }
            },
            {
              "description": "st_testing720273_4",
              "value": {
                "unit": "DAY",
                "rate": 59
              }
            }
          ]
        }
      },
      "resources": []
    }
  ]
}
2026-02-03 08:56:37 - create_rate_cards - INFO - [API RESPONSE] POST https://ncm.services.nconprem-10-53-60-173.ccpnx.com/v1/cg/config/rate-cards
2026-02-03 08:56:37 - create_rate_cards - INFO - [STATUS CODE] 200
2026-02-03 08:56:37 - create_rate_cards - INFO - [TIME TAKEN] 0.4092 seconds (409.18 ms)
2026-02-03 08:56:37 - create_rate_cards - INFO - [RESPONSE CONTENT-TYPE] application/json
2026-02-03 08:56:37 - create_rate_cards - INFO - [RESPONSE PAYLOAD]
{
  "ids": [
    "c700661b-5935-4d11-9a99-9381fd9001a2"
  ]
}
2026-02-03 08:56:37 - create_rate_cards - INFO - ✓ [150] Created rate card: st_testing720273_150
2026-02-03 08:56:37 - create_rate_cards - INFO - [API REQUEST] POST https://ncm.services.nconprem-10-53-60-173.ccpnx.com/v1/cg/config/rate-cards
2026-02-03 08:56:37 - create_rate_cards - INFO - [REQUEST JSON PAYLOAD]
{
  "rateCards": [
    {
      "rateCardName": "st_testing720273_151",
      "meteringRates": {
        "vm": {
          "vCpu": {
            "unit": "HOUR",
            "rate": 50
          },
          "vRam": {
            "unit": "HOUR",
            "rate": 79
          },
          "vStorage": {
            "unit": "GIB",
            "rate": 43
          },
          "customConfigs": [
            {
              "description": "st_testing720273_0",
              "value": {
                "unit": "DAY",
                "rate": 12
              }
            },
            {
              "description": "st_testing720273_1",
              "value": {
                "unit": "DAY",
                "rate": 48
              }
            },
            {
              "description": "st_testing720273_2",
              "value": {
                "unit": "DAY",
                "rate": 15
              }
            },
            {
              "description": "st_testing720273_3",
              "value": {
                "unit": "DAY",
                "rate": 43
              }
            },
            {
              "description": "st_testing720273_4",
              "value": {
                "unit": "DAY",
                "rate": 82
              }
            }
          ]
        }
      },
      "resources": []
    }
  ]
}
2026-02-03 08:56:37 - create_rate_cards - INFO - [API RESPONSE] POST https://ncm.services.nconprem-10-53-60-173.ccpnx.com/v1/cg/config/rate-cards
2026-02-03 08:56:37 - create_rate_cards - INFO - [STATUS CODE] 200
2026-02-03 08:56:37 - create_rate_cards - INFO - [TIME TAKEN] 0.2402 seconds (240.17 ms)
2026-02-03 08:56:37 - create_rate_cards - INFO - [RESPONSE CONTENT-TYPE] application/json
2026-02-03 08:56:37 - create_rate_cards - INFO - [RESPONSE PAYLOAD]
{
  "ids": [
    "42040bc3-d36d-40c6-9a64-e80a5c34ffe2"
  ]
}
2026-02-03 08:56:37 - create_rate_cards - INFO - ✓ [151] Created rate card: st_testing720273_151
2026-02-03 08:56:37 - create_rate_cards - INFO - [API REQUEST] POST https://ncm.services.nconprem-10-53-60-173.ccpnx.com/v1/cg/config/rate-cards
2026-02-03 08:56:37 - create_rate_cards - INFO - [REQUEST JSON PAYLOAD]
{
  "rateCards": [
    {
      "rateCardName": "st_testing720273_152",
      "meteringRates": {
        "vm": {
          "vCpu": {
            "unit": "HOUR",
            "rate": 93
          },
          "vRam": {
            "unit": "HOUR",
            "rate": 82
          },
          "vStorage": {
            "unit": "GIB",
            "rate": 76
          },
          "customConfigs": [
            {
              "description": "st_testing720273_0",
              "value": {
                "unit": "DAY",
                "rate": 1
              }
            },
            {
              "description": "st_testing720273_1",
              "value": {
                "unit": "DAY",
                "rate": 52
              }
            },
            {
              "description": "st_testing720273_2",
              "value": {
                "unit": "DAY",
                "rate": 4
              }
            },
            {
              "description": "st_testing720273_3",
              "value": {
                "unit": "DAY",
                "rate": 32
              }
            },
            {
              "description": "st_testing720273_4",
              "value": {
                "unit": "DAY",
                "rate": 93
              }
            }
          ]
        }
      },
      "resources": []
    }
  ]
}
2026-02-03 08:56:38 - create_rate_cards - INFO - [API RESPONSE] POST https://ncm.services.nconprem-10-53-60-173.ccpnx.com/v1/cg/config/rate-cards
2026-02-03 08:56:38 - create_rate_cards - INFO - [STATUS CODE] 200
2026-02-03 08:56:38 - create_rate_cards - INFO - [TIME TAKEN] 0.3519 seconds (351.89 ms)
2026-02-03 08:56:38 - create_rate_cards - INFO - [RESPONSE CONTENT-TYPE] application/json
2026-02-03 08:56:38 - create_rate_cards - INFO - [RESPONSE PAYLOAD]
{
  "ids": [
    "d7736a5d-0828-4b44-a17b-39467cea30fc"
  ]
}
2026-02-03 08:56:38 - create_rate_cards - INFO - ✓ [152] Created rate card: st_testing720273_152
2026-02-03 08:56:38 - create_rate_cards - INFO - [API REQUEST] POST https://ncm.services.nconprem-10-53-60-173.ccpnx.com/v1/cg/config/rate-cards
2026-02-03 08:56:38 - create_rate_cards - INFO - [REQUEST JSON PAYLOAD]
{
  "rateCards": [
    {
      "rateCardName": "st_testing720273_153",
      "meteringRates": {
        "vm": {
          "vCpu": {
            "unit": "HOUR",
            "rate": 5
          },
          "vRam": {
            "unit": "HOUR",
            "rate": 40
          },
          "vStorage": {
            "unit": "GIB",
            "rate": 79
          },
          "customConfigs": [
            {
              "description": "st_testing720273_0",
              "value": {
                "unit": "DAY",
                "rate": 62
              }
            },
            {
              "description": "st_testing720273_1",
              "value": {
                "unit": "DAY",
                "rate": 3
              }
            },
            {
              "description": "st_testing720273_2",
              "value": {
                "unit": "DAY",
                "rate": 51
              }
            },
            {
              "description": "st_testing720273_3",
              "value": {
                "unit": "DAY",
                "rate": 85
              }
            },
            {
              "description": "st_testing720273_4",
              "value": {
                "unit": "DAY",
                "rate": 3
              }
            }
          ]
        }
      },
      "resources": []
    }
  ]
}
2026-02-03 08:56:38 - create_rate_cards - INFO - [API RESPONSE] POST https://ncm.services.nconprem-10-53-60-173.ccpnx.com/v1/cg/config/rate-cards
2026-02-03 08:56:38 - create_rate_cards - INFO - [STATUS CODE] 200
2026-02-03 08:56:38 - create_rate_cards - INFO - [TIME TAKEN] 0.2535 seconds (253.45 ms)
2026-02-03 08:56:38 - create_rate_cards - INFO - [RESPONSE CONTENT-TYPE] application/json
2026-02-03 08:56:38 - create_rate_cards - INFO - [RESPONSE PAYLOAD]
{
  "ids": [
    "fcbd6e28-e56d-4877-a29e-3afc3427aa35"
  ]
}
2026-02-03 08:56:38 - create_rate_cards - INFO - ✓ [153] Created rate card: st_testing720273_153
2026-02-03 08:56:38 - create_rate_cards - INFO - [API REQUEST] POST https://ncm.services.nconprem-10-53-60-173.ccpnx.com/v1/cg/config/rate-cards
2026-02-03 08:56:38 - create_rate_cards - INFO - [REQUEST JSON PAYLOAD]
{
  "rateCards": [
    {
      "rateCardName": "st_testing720273_154",
      "meteringRates": {
        "vm": {
          "vCpu": {
            "unit": "HOUR",
            "rate": 83
          },
          "vRam": {
            "unit": "HOUR",
            "rate": 71
          },
          "vStorage": {
            "unit": "GIB",
            "rate": 1
          },
          "customConfigs": [
            {
              "description": "st_testing720273_0",
              "value": {
                "unit": "DAY",
                "rate": 85
              }
            },
            {
              "description": "st_testing720273_1",
              "value": {
                "unit": "DAY",
                "rate": 34
              }
            },
            {
              "description": "st_testing720273_2",
              "value": {
                "unit": "DAY",
                "rate": 10
              }
            },
            {
              "description": "st_testing720273_3",
              "value": {
                "unit": "DAY",
                "rate": 23
              }
            },
            {
              "description": "st_testing720273_4",
              "value": {
                "unit": "DAY",
                "rate": 10
              }
            }
          ]
        }
      },
      "resources": []
    }
  ]
}
2026-02-03 08:56:38 - create_rate_cards - INFO - [API RESPONSE] POST https://ncm.services.nconprem-10-53-60-173.ccpnx.com/v1/cg/config/rate-cards
2026-02-03 08:56:38 - create_rate_cards - INFO - [STATUS CODE] 200
2026-02-03 08:56:38 - create_rate_cards - INFO - [TIME TAKEN] 0.2416 seconds (241.57 ms)
2026-02-03 08:56:38 - create_rate_cards - INFO - [RESPONSE CONTENT-TYPE] application/json
2026-02-03 08:56:38 - create_rate_cards - INFO - [RESPONSE PAYLOAD]
{
  "ids": [
    "596e9c4b-5035-430c-8dc8-ccf8de874d91"
  ]
}
2026-02-03 08:56:38 - create_rate_cards - INFO - ✓ [154] Created rate card: st_testing720273_154
2026-02-03 08:56:38 - create_rate_cards - INFO - [API REQUEST] POST https://ncm.services.nconprem-10-53-60-173.ccpnx.com/v1/cg/config/rate-cards
2026-02-03 08:56:38 - create_rate_cards - INFO - [REQUEST JSON PAYLOAD]
{
  "rateCards": [
    {
      "rateCardName": "st_testing720273_155",
      "meteringRates": {
        "vm": {
          "vCpu": {
            "unit": "HOUR",
            "rate": 77
          },
          "vRam": {
            "unit": "HOUR",
            "rate": 77
          },
          "vStorage": {
            "unit": "GIB",
            "rate": 47
          },
          "customConfigs": [
            {
              "description": "st_testing720273_0",
              "value": {
                "unit": "DAY",
                "rate": 25
              }
            },
            {
              "description": "st_testing720273_1",
              "value": {
                "unit": "DAY",
                "rate": 25
              }
            },
            {
              "description": "st_testing720273_2",
              "value": {
                "unit": "DAY",
                "rate": 85
              }
            },
            {
              "description": "st_testing720273_3",
              "value": {
                "unit": "DAY",
                "rate": 29
              }
            },
            {
              "description": "st_testing720273_4",
              "value": {
                "unit": "DAY",
                "rate": 80
              }
            }
          ]
        }
      },
      "resources": []
    }
  ]
}
2026-02-03 08:56:38 - create_rate_cards - INFO - [API RESPONSE] POST https://ncm.services.nconprem-10-53-60-173.ccpnx.com/v1/cg/config/rate-cards
2026-02-03 08:56:38 - create_rate_cards - INFO - [STATUS CODE] 200
2026-02-03 08:56:38 - create_rate_cards - INFO - [TIME TAKEN] 0.4021 seconds (402.10 ms)
2026-02-03 08:56:38 - create_rate_cards - INFO - [RESPONSE CONTENT-TYPE] application/json
2026-02-03 08:56:38 - create_rate_cards - INFO - [RESPONSE PAYLOAD]
{
  "ids": [
    "27b7f872-85eb-4b62-90a5-6dd4044be1d9"
  ]
}
2026-02-03 08:56:38 - create_rate_cards - INFO - ✓ [155] Created rate card: st_testing720273_155
2026-02-03 08:56:38 - create_rate_cards - INFO - [API REQUEST] POST https://ncm.services.nconprem-10-53-60-173.ccpnx.com/v1/cg/config/rate-cards
2026-02-03 08:56:38 - create_rate_cards - INFO - [REQUEST JSON PAYLOAD]
{
  "rateCards": [
    {
      "rateCardName": "st_testing720273_156",
      "meteringRates": {
        "vm": {
          "vCpu": {
            "unit": "HOUR",
            "rate": 12
          },
          "vRam": {
            "unit": "HOUR",
            "rate": 12
          },
          "vStorage": {
            "unit": "GIB",
            "rate": 73
          },
          "customConfigs": [
            {
              "description": "st_testing720273_0",
              "value": {
                "unit": "DAY",
                "rate": 100
              }
            },
            {
              "description": "st_testing720273_1",
              "value": {
                "unit": "DAY",
                "rate": 24
              }
            },
            {
              "description": "st_testing720273_2",
              "value": {
                "unit": "DAY",
                "rate": 37
              }
            },
            {
              "description": "st_testing720273_3",
              "value": {
                "unit": "DAY",
                "rate": 2
              }
            },
            {
              "description": "st_testing720273_4",
              "value": {
                "unit": "DAY",
                "rate": 9
              }
            }
          ]
        }
      },
      "resources": []
    }
  ]
}
2026-02-03 08:56:39 - create_rate_cards - INFO - [API RESPONSE] POST https://ncm.services.nconprem-10-53-60-173.ccpnx.com/v1/cg/config/rate-cards
2026-02-03 08:56:39 - create_rate_cards - INFO - [STATUS CODE] 200
2026-02-03 08:56:39 - create_rate_cards - INFO - [TIME TAKEN] 0.4898 seconds (489.77 ms)
2026-02-03 08:56:39 - create_rate_cards - INFO - [RESPONSE CONTENT-TYPE] application/json
2026-02-03 08:56:39 - create_rate_cards - INFO - [RESPONSE PAYLOAD]
{
  "ids": [
    "9f53f37d-4f0b-493c-89a1-feb4bcce3118"
  ]
}
2026-02-03 08:56:39 - create_rate_cards - INFO - ✓ [156] Created rate card: st_testing720273_156
2026-02-03 08:56:39 - create_rate_cards - INFO - [API REQUEST] POST https://ncm.services.nconprem-10-53-60-173.ccpnx.com/v1/cg/config/rate-cards
2026-02-03 08:56:39 - create_rate_cards - INFO - [REQUEST JSON PAYLOAD]
{
  "rateCards": [
    {
      "rateCardName": "st_testing720273_157",
      "meteringRates": {
        "vm": {
          "vCpu": {
            "unit": "HOUR",
            "rate": 47
          },
          "vRam": {
            "unit": "HOUR",
            "rate": 87
          },
          "vStorage": {
            "unit": "GIB",
            "rate": 67
          },
          "customConfigs": [
            {
              "description": "st_testing720273_0",
              "value": {
                "unit": "DAY",
                "rate": 83
              }
            },
            {
              "description": "st_testing720273_1",
              "value": {
                "unit": "DAY",
                "rate": 38
              }
            },
            {
              "description": "st_testing720273_2",
              "value": {
                "unit": "DAY",
                "rate": 75
              }
            },
            {
              "description": "st_testing720273_3",
              "value": {
                "unit": "DAY",
                "rate": 13
              }
            },
            {
              "description": "st_testing720273_4",
              "value": {
                "unit": "DAY",
                "rate": 90
              }
            }
          ]
        }
      },
      "resources": []
    }
  ]
}
2026-02-03 08:56:39 - create_rate_cards - INFO - [API RESPONSE] POST https://ncm.services.nconprem-10-53-60-173.ccpnx.com/v1/cg/config/rate-cards
2026-02-03 08:56:39 - create_rate_cards - INFO - [STATUS CODE] 200
2026-02-03 08:56:39 - create_rate_cards - INFO - [TIME TAKEN] 0.2916 seconds (291.59 ms)
2026-02-03 08:56:39 - create_rate_cards - INFO - [RESPONSE CONTENT-TYPE] application/json
2026-02-03 08:56:39 - create_rate_cards - INFO - [RESPONSE PAYLOAD]
{
  "ids": [
    "79da0f66-b868-4287-86fa-d5bae9585d08"
  ]
}
2026-02-03 08:56:39 - create_rate_cards - INFO - ✓ [157] Created rate card: st_testing720273_157
2026-02-03 08:56:39 - create_rate_cards - INFO - [API REQUEST] POST https://ncm.services.nconprem-10-53-60-173.ccpnx.com/v1/cg/config/rate-cards
2026-02-03 08:56:39 - create_rate_cards - INFO - [REQUEST JSON PAYLOAD]
{
  "rateCards": [
    {
      "rateCardName": "st_testing720273_158",
      "meteringRates": {
        "vm": {
          "vCpu": {
            "unit": "HOUR",
            "rate": 22
          },
          "vRam": {
            "unit": "HOUR",
            "rate": 66
          },
          "vStorage": {
            "unit": "GIB",
            "rate": 39
          },
          "customConfigs": [
            {
              "description": "st_testing720273_0",
              "value": {
                "unit": "DAY",
                "rate": 68
              }
            },
            {
              "description": "st_testing720273_1",
              "value": {
                "unit": "DAY",
                "rate": 65
              }
            },
            {
              "description": "st_testing720273_2",
              "value": {
                "unit": "DAY",
                "rate": 68
              }
            },
            {
              "description": "st_testing720273_3",
              "value": {
                "unit": "DAY",
                "rate": 3
              }
            },
            {
              "description": "st_testing720273_4",
              "value": {
                "unit": "DAY",
                "rate": 72
              }
            }
          ]
        }
      },
      "resources": []
    }
  ]
}
2026-02-03 08:56:39 - create_rate_cards - INFO - [API RESPONSE] POST https://ncm.services.nconprem-10-53-60-173.ccpnx.com/v1/cg/config/rate-cards
2026-02-03 08:56:39 - create_rate_cards - INFO - [STATUS CODE] 200
2026-02-03 08:56:39 - create_rate_cards - INFO - [TIME TAKEN] 0.2454 seconds (245.39 ms)
2026-02-03 08:56:39 - create_rate_cards - INFO - [RESPONSE CONTENT-TYPE] application/json
2026-02-03 08:56:39 - create_rate_cards - INFO - [RESPONSE PAYLOAD]
{
  "ids": [
    "b1406f8d-79ca-47fe-9294-78c09ebff3d0"
  ]
}
2026-02-03 08:56:39 - create_rate_cards - INFO - ✓ [158] Created rate card: st_testing720273_158
2026-02-03 08:56:39 - create_rate_cards - INFO - [API REQUEST] POST https://ncm.services.nconprem-10-53-60-173.ccpnx.com/v1/cg/config/rate-cards
2026-02-03 08:56:39 - create_rate_cards - INFO - [REQUEST JSON PAYLOAD]
{
  "rateCards": [
    {
      "rateCardName": "st_testing720273_159",
      "meteringRates": {
        "vm": {
          "vCpu": {
            "unit": "HOUR",
            "rate": 16
          },
          "vRam": {
            "unit": "HOUR",
            "rate": 46
          },
          "vStorage": {
            "unit": "GIB",
            "rate": 92
          },
          "customConfigs": [
            {
              "description": "st_testing720273_0",
              "value": {
                "unit": "DAY",
                "rate": 32
              }
            },
            {
              "description": "st_testing720273_1",
              "value": {
                "unit": "DAY",
                "rate": 19
              }
            },
            {
              "description": "st_testing720273_2",
              "value": {
                "unit": "DAY",
                "rate": 53
              }
            },
            {
              "description": "st_testing720273_3",
              "value": {
                "unit": "DAY",
                "rate": 24
              }
            },
            {
              "description": "st_testing720273_4",
              "value": {
                "unit": "DAY",
                "rate": 81
              }
            }
          ]
        }
      },
      "resources": []
    }
  ]
}
2026-02-03 08:56:40 - create_rate_cards - INFO - [API RESPONSE] POST https://ncm.services.nconprem-10-53-60-173.ccpnx.com/v1/cg/config/rate-cards
2026-02-03 08:56:40 - create_rate_cards - INFO - [STATUS CODE] 200
2026-02-03 08:56:40 - create_rate_cards - INFO - [TIME TAKEN] 0.3595 seconds (359.47 ms)
2026-02-03 08:56:40 - create_rate_cards - INFO - [RESPONSE CONTENT-TYPE] application/json
2026-02-03 08:56:40 - create_rate_cards - INFO - [RESPONSE PAYLOAD]
{
  "ids": [
    "7e67d533-42c5-43e9-9ce9-db0172042012"
  ]
}
2026-02-03 08:56:40 - create_rate_cards - INFO - ✓ [159] Created rate card: st_testing720273_159
2026-02-03 08:56:40 - create_rate_cards - INFO - [API REQUEST] POST https://ncm.services.nconprem-10-53-60-173.ccpnx.com/v1/cg/config/rate-cards
2026-02-03 08:56:40 - create_rate_cards - INFO - [REQUEST JSON PAYLOAD]
{
  "rateCards": [
    {
      "rateCardName": "st_testing720273_160",
      "meteringRates": {
        "vm": {
          "vCpu": {
            "unit": "HOUR",
            "rate": 23
          },
          "vRam": {
            "unit": "HOUR",
            "rate": 34
          },
          "vStorage": {
            "unit": "GIB",
            "rate": 89
          },
          "customConfigs": [
            {
              "description": "st_testing720273_0",
              "value": {
                "unit": "DAY",
                "rate": 55
              }
            },
            {
              "description": "st_testing720273_1",
              "value": {
                "unit": "DAY",
                "rate": 56
              }
            },
            {
              "description": "st_testing720273_2",
              "value": {
                "unit": "DAY",
                "rate": 34
              }
            },
            {
              "description": "st_testing720273_3",
              "value": {
                "unit": "DAY",
                "rate": 97
              }
            },
            {
              "description": "st_testing720273_4",
              "value": {
                "unit": "DAY",
                "rate": 6
              }
            }
          ]
        }
      },
      "resources": []
    }
  ]
}
2026-02-03 08:56:40 - create_rate_cards - INFO - [API RESPONSE] POST https://ncm.services.nconprem-10-53-60-173.ccpnx.com/v1/cg/config/rate-cards
2026-02-03 08:56:40 - create_rate_cards - INFO - [STATUS CODE] 200
2026-02-03 08:56:40 - create_rate_cards - INFO - [TIME TAKEN] 0.2763 seconds (276.32 ms)
2026-02-03 08:56:40 - create_rate_cards - INFO - [RESPONSE CONTENT-TYPE] application/json
2026-02-03 08:56:40 - create_rate_cards - INFO - [RESPONSE PAYLOAD]
{
  "ids": [
    "97259b47-54a6-429a-a0a5-bd66f9b10f29"
  ]
}
2026-02-03 08:56:40 - create_rate_cards - INFO - ✓ [160] Created rate card: st_testing720273_160
2026-02-03 08:56:40 - create_rate_cards - INFO - [API REQUEST] POST https://ncm.services.nconprem-10-53-60-173.ccpnx.com/v1/cg/config/rate-cards
2026-02-03 08:56:40 - create_rate_cards - INFO - [REQUEST JSON PAYLOAD]
{
  "rateCards": [
    {
      "rateCardName": "st_testing720273_161",
      "meteringRates": {
        "vm": {
          "vCpu": {
            "unit": "HOUR",
            "rate": 31
          },
          "vRam": {
            "unit": "HOUR",
            "rate": 76
          },
          "vStorage": {
            "unit": "GIB",
            "rate": 68
          },
          "customConfigs": [
            {
              "description": "st_testing720273_0",
              "value": {
                "unit": "DAY",
                "rate": 15
              }
            },
            {
              "description": "st_testing720273_1",
              "value": {
                "unit": "DAY",
                "rate": 71
              }
            },
            {
              "description": "st_testing720273_2",
              "value": {
                "unit": "DAY",
                "rate": 83
              }
            },
            {
              "description": "st_testing720273_3",
              "value": {
                "unit": "DAY",
                "rate": 55
              }
            },
            {
              "description": "st_testing720273_4",
              "value": {
                "unit": "DAY",
                "rate": 71
              }
            }
          ]
        }
      },
      "resources": []
    }
  ]
}
2026-02-03 08:56:41 - create_rate_cards - INFO - [API RESPONSE] POST https://ncm.services.nconprem-10-53-60-173.ccpnx.com/v1/cg/config/rate-cards
2026-02-03 08:56:41 - create_rate_cards - INFO - [STATUS CODE] 200
2026-02-03 08:56:41 - create_rate_cards - INFO - [TIME TAKEN] 0.4137 seconds (413.69 ms)
2026-02-03 08:56:41 - create_rate_cards - INFO - [RESPONSE CONTENT-TYPE] application/json
2026-02-03 08:56:41 - create_rate_cards - INFO - [RESPONSE PAYLOAD]
{
  "ids": [
    "b0674218-3729-48ba-b7a5-29cd694c3e0d"
  ]
}
2026-02-03 08:56:41 - create_rate_cards - INFO - ✓ [161] Created rate card: st_testing720273_161
2026-02-03 08:56:41 - create_rate_cards - INFO - [API REQUEST] POST https://ncm.services.nconprem-10-53-60-173.ccpnx.com/v1/cg/config/rate-cards
2026-02-03 08:56:41 - create_rate_cards - INFO - [REQUEST JSON PAYLOAD]
{
  "rateCards": [
    {
      "rateCardName": "st_testing720273_162",
      "meteringRates": {
        "vm": {
          "vCpu": {
            "unit": "HOUR",
            "rate": 15
          },
          "vRam": {
            "unit": "HOUR",
            "rate": 99
          },
          "vStorage": {
            "unit": "GIB",
            "rate": 34
          },
          "customConfigs": [
            {
              "description": "st_testing720273_0",
              "value": {
                "unit": "DAY",
                "rate": 97
              }
            },
            {
              "description": "st_testing720273_1",
              "value": {
                "unit": "DAY",
                "rate": 15
              }
            },
            {
              "description": "st_testing720273_2",
              "value": {
                "unit": "DAY",
                "rate": 2
              }
            },
            {
              "description": "st_testing720273_3",
              "value": {
                "unit": "DAY",
                "rate": 99
              }
            },
            {
              "description": "st_testing720273_4",
              "value": {
                "unit": "DAY",
                "rate": 46
              }
            }
          ]
        }
      },
      "resources": []
    }
  ]
}
2026-02-03 08:56:41 - create_rate_cards - INFO - [API RESPONSE] POST https://ncm.services.nconprem-10-53-60-173.ccpnx.com/v1/cg/config/rate-cards
2026-02-03 08:56:41 - create_rate_cards - INFO - [STATUS CODE] 200
2026-02-03 08:56:41 - create_rate_cards - INFO - [TIME TAKEN] 0.3465 seconds (346.48 ms)
2026-02-03 08:56:41 - create_rate_cards - INFO - [RESPONSE CONTENT-TYPE] application/json
2026-02-03 08:56:41 - create_rate_cards - INFO - [RESPONSE PAYLOAD]
{
  "ids": [
    "437acd54-82ca-4341-9e95-6e351760adac"
  ]
}
2026-02-03 08:56:41 - create_rate_cards - INFO - ✓ [162] Created rate card: st_testing720273_162
2026-02-03 08:56:41 - create_rate_cards - INFO - [API REQUEST] POST https://ncm.services.nconprem-10-53-60-173.ccpnx.com/v1/cg/config/rate-cards
2026-02-03 08:56:41 - create_rate_cards - INFO - [REQUEST JSON PAYLOAD]
{
  "rateCards": [
    {
      "rateCardName": "st_testing720273_163",
      "meteringRates": {
        "vm": {
          "vCpu": {
            "unit": "HOUR",
            "rate": 89
          },
          "vRam": {
            "unit": "HOUR",
            "rate": 85
          },
          "vStorage": {
            "unit": "GIB",
            "rate": 2
          },
          "customConfigs": [
            {
              "description": "st_testing720273_0",
              "value": {
                "unit": "DAY",
                "rate": 43
              }
            },
            {
              "description": "st_testing720273_1",
              "value": {
                "unit": "DAY",
                "rate": 51
              }
            },
            {
              "description": "st_testing720273_2",
              "value": {
                "unit": "DAY",
                "rate": 35
              }
            },
            {
              "description": "st_testing720273_3",
              "value": {
                "unit": "DAY",
                "rate": 56
              }
            },
            {
              "description": "st_testing720273_4",
              "value": {
                "unit": "DAY",
                "rate": 78
              }
            }
          ]
        }
      },
      "resources": []
    }
  ]
}
2026-02-03 08:56:42 - create_rate_cards - INFO - [API RESPONSE] POST https://ncm.services.nconprem-10-53-60-173.ccpnx.com/v1/cg/config/rate-cards
2026-02-03 08:56:42 - create_rate_cards - INFO - [STATUS CODE] 200
2026-02-03 08:56:42 - create_rate_cards - INFO - [TIME TAKEN] 0.6938 seconds (693.83 ms)
2026-02-03 08:56:42 - create_rate_cards - INFO - [RESPONSE CONTENT-TYPE] application/json
2026-02-03 08:56:42 - create_rate_cards - INFO - [RESPONSE PAYLOAD]
{
  "ids": [
    "146eb341-32c4-446d-acb5-2ae261bcb5d8"
  ]
}
2026-02-03 08:56:42 - create_rate_cards - INFO - ✓ [163] Created rate card: st_testing720273_163
2026-02-03 08:56:42 - create_rate_cards - INFO - [API REQUEST] POST https://ncm.services.nconprem-10-53-60-173.ccpnx.com/v1/cg/config/rate-cards
2026-02-03 08:56:42 - create_rate_cards - INFO - [REQUEST JSON PAYLOAD]
{
  "rateCards": [
    {
      "rateCardName": "st_testing720273_164",
      "meteringRates": {
        "vm": {
          "vCpu": {
            "unit": "HOUR",
            "rate": 64
          },
          "vRam": {
            "unit": "HOUR",
            "rate": 91
          },
          "vStorage": {
            "unit": "GIB",
            "rate": 17
          },
          "customConfigs": [
            {
              "description": "st_testing720273_0",
              "value": {
                "unit": "DAY",
                "rate": 23
              }
            },
            {
              "description": "st_testing720273_1",
              "value": {
                "unit": "DAY",
                "rate": 15
              }
            },
            {
              "description": "st_testing720273_2",
              "value": {
                "unit": "DAY",
                "rate": 1
              }
            },
            {
              "description": "st_testing720273_3",
              "value": {
                "unit": "DAY",
                "rate": 1
              }
            },
            {
              "description": "st_testing720273_4",
              "value": {
                "unit": "DAY",
                "rate": 24
              }
            }
          ]
        }
      },
      "resources": []
    }
  ]
}
2026-02-03 08:56:42 - create_rate_cards - INFO - [API RESPONSE] POST https://ncm.services.nconprem-10-53-60-173.ccpnx.com/v1/cg/config/rate-cards
2026-02-03 08:56:42 - create_rate_cards - INFO - [STATUS CODE] 200
2026-02-03 08:56:42 - create_rate_cards - INFO - [TIME TAKEN] 0.2956 seconds (295.60 ms)
2026-02-03 08:56:42 - create_rate_cards - INFO - [RESPONSE CONTENT-TYPE] application/json
2026-02-03 08:56:42 - create_rate_cards - INFO - [RESPONSE PAYLOAD]
{
  "ids": [
    "e66a7694-022c-430f-9edd-0f2116087e5a"
  ]
}
2026-02-03 08:56:42 - create_rate_cards - INFO - ✓ [164] Created rate card: st_testing720273_164
2026-02-03 08:56:42 - create_rate_cards - INFO - [API REQUEST] POST https://ncm.services.nconprem-10-53-60-173.ccpnx.com/v1/cg/config/rate-cards
2026-02-03 08:56:42 - create_rate_cards - INFO - [REQUEST JSON PAYLOAD]
{
  "rateCards": [
    {
      "rateCardName": "st_testing720273_165",
      "meteringRates": {
        "vm": {
          "vCpu": {
            "unit": "HOUR",
            "rate": 64
          },
          "vRam": {
            "unit": "HOUR",
            "rate": 37
          },
          "vStorage": {
            "unit": "GIB",
            "rate": 84
          },
          "customConfigs": [
            {
              "description": "st_testing720273_0",
              "value": {
                "unit": "DAY",
                "rate": 94
              }
            },
            {
              "description": "st_testing720273_1",
              "value": {
                "unit": "DAY",
                "rate": 9
              }
            },
            {
              "description": "st_testing720273_2",
              "value": {
                "unit": "DAY",
                "rate": 53
              }
            },
            {
              "description": "st_testing720273_3",
              "value": {
                "unit": "DAY",
                "rate": 78
              }
            },
            {
              "description": "st_testing720273_4",
              "value": {
                "unit": "DAY",
                "rate": 10
              }
            }
          ]
        }
      },
      "resources": []
    }
  ]
}
2026-02-03 08:56:42 - create_rate_cards - INFO - [API RESPONSE] POST https://ncm.services.nconprem-10-53-60-173.ccpnx.com/v1/cg/config/rate-cards
2026-02-03 08:56:42 - create_rate_cards - INFO - [STATUS CODE] 200
2026-02-03 08:56:42 - create_rate_cards - INFO - [TIME TAKEN] 0.4872 seconds (487.24 ms)
2026-02-03 08:56:42 - create_rate_cards - INFO - [RESPONSE CONTENT-TYPE] application/json
2026-02-03 08:56:42 - create_rate_cards - INFO - [RESPONSE PAYLOAD]
{
  "ids": [
    "c3d1484d-4923-4820-834e-b9f543ba8e79"
  ]
}
2026-02-03 08:56:42 - create_rate_cards - INFO - ✓ [165] Created rate card: st_testing720273_165
2026-02-03 08:56:42 - create_rate_cards - INFO - [API REQUEST] POST https://ncm.services.nconprem-10-53-60-173.ccpnx.com/v1/cg/config/rate-cards
2026-02-03 08:56:42 - create_rate_cards - INFO - [REQUEST JSON PAYLOAD]
{
  "rateCards": [
    {
      "rateCardName": "st_testing720273_166",
      "meteringRates": {
        "vm": {
          "vCpu": {
            "unit": "HOUR",
            "rate": 48
          },
          "vRam": {
            "unit": "HOUR",
            "rate": 72
          },
          "vStorage": {
            "unit": "GIB",
            "rate": 11
          },
          "customConfigs": [
            {
              "description": "st_testing720273_0",
              "value": {
                "unit": "DAY",
                "rate": 4
              }
            },
            {
              "description": "st_testing720273_1",
              "value": {
                "unit": "DAY",
                "rate": 58
              }
            },
            {
              "description": "st_testing720273_2",
              "value": {
                "unit": "DAY",
                "rate": 46
              }
            },
            {
              "description": "st_testing720273_3",
              "value": {
                "unit": "DAY",
                "rate": 15
              }
            },
            {
              "description": "st_testing720273_4",
              "value": {
                "unit": "DAY",
                "rate": 34
              }
            }
          ]
        }
      },
      "resources": []
    }
  ]
}
2026-02-03 08:56:43 - create_rate_cards - INFO - [API RESPONSE] POST https://ncm.services.nconprem-10-53-60-173.ccpnx.com/v1/cg/config/rate-cards
2026-02-03 08:56:43 - create_rate_cards - INFO - [STATUS CODE] 200
2026-02-03 08:56:43 - create_rate_cards - INFO - [TIME TAKEN] 0.5981 seconds (598.07 ms)
2026-02-03 08:56:43 - create_rate_cards - INFO - [RESPONSE CONTENT-TYPE] application/json
2026-02-03 08:56:43 - create_rate_cards - INFO - [RESPONSE PAYLOAD]
{
  "ids": [
    "e01f3734-bf60-46d5-b79f-2dde75937394"
  ]
}
2026-02-03 08:56:43 - create_rate_cards - INFO - ✓ [166] Created rate card: st_testing720273_166
2026-02-03 08:56:43 - create_rate_cards - INFO - [API REQUEST] POST https://ncm.services.nconprem-10-53-60-173.ccpnx.com/v1/cg/config/rate-cards
2026-02-03 08:56:43 - create_rate_cards - INFO - [REQUEST JSON PAYLOAD]
{
  "rateCards": [
    {
      "rateCardName": "st_testing720273_167",
      "meteringRates": {
        "vm": {
          "vCpu": {
            "unit": "HOUR",
            "rate": 54
          },
          "vRam": {
            "unit": "HOUR",
            "rate": 20
          },
          "vStorage": {
            "unit": "GIB",
            "rate": 61
          },
          "customConfigs": [
            {
              "description": "st_testing720273_0",
              "value": {
                "unit": "DAY",
                "rate": 47
              }
            },
            {
              "description": "st_testing720273_1",
              "value": {
                "unit": "DAY",
                "rate": 3
              }
            },
            {
              "description": "st_testing720273_2",
              "value": {
                "unit": "DAY",
                "rate": 85
              }
            },
            {
              "description": "st_testing720273_3",
              "value": {
                "unit": "DAY",
                "rate": 91
              }
            },
            {
              "description": "st_testing720273_4",
              "value": {
                "unit": "DAY",
                "rate": 90
              }
            }
          ]
        }
      },
      "resources": []
    }
  ]
}
2026-02-03 08:56:43 - create_rate_cards - INFO - [API RESPONSE] POST https://ncm.services.nconprem-10-53-60-173.ccpnx.com/v1/cg/config/rate-cards
2026-02-03 08:56:43 - create_rate_cards - INFO - [STATUS CODE] 200
2026-02-03 08:56:43 - create_rate_cards - INFO - [TIME TAKEN] 0.5067 seconds (506.67 ms)
2026-02-03 08:56:43 - create_rate_cards - INFO - [RESPONSE CONTENT-TYPE] application/json
2026-02-03 08:56:43 - create_rate_cards - INFO - [RESPONSE PAYLOAD]
{
  "ids": [
    "c2d63849-b6ec-4ae0-af36-bc832b5befb9"
  ]
}
2026-02-03 08:56:43 - create_rate_cards - INFO - ✓ [167] Created rate card: st_testing720273_167
2026-02-03 08:56:43 - create_rate_cards - INFO - [API REQUEST] POST https://ncm.services.nconprem-10-53-60-173.ccpnx.com/v1/cg/config/rate-cards
2026-02-03 08:56:43 - create_rate_cards - INFO - [REQUEST JSON PAYLOAD]
{
  "rateCards": [
    {
      "rateCardName": "st_testing720273_168",
      "meteringRates": {
        "vm": {
          "vCpu": {
            "unit": "HOUR",
            "rate": 19
          },
          "vRam": {
            "unit": "HOUR",
            "rate": 46
          },
          "vStorage": {
            "unit": "GIB",
            "rate": 47
          },
          "customConfigs": [
            {
              "description": "st_testing720273_0",
              "value": {
                "unit": "DAY",
                "rate": 41
              }
            },
            {
              "description": "st_testing720273_1",
              "value": {
                "unit": "DAY",
                "rate": 86
              }
            },
            {
              "description": "st_testing720273_2",
              "value": {
                "unit": "DAY",
                "rate": 68
              }
            },
            {
              "description": "st_testing720273_3",
              "value": {
                "unit": "DAY",
                "rate": 45
              }
            },
            {
              "description": "st_testing720273_4",
              "value": {
                "unit": "DAY",
                "rate": 95
              }
            }
          ]
        }
      },
      "resources": []
    }
  ]
}
2026-02-03 08:56:44 - create_rate_cards - INFO - [API RESPONSE] POST https://ncm.services.nconprem-10-53-60-173.ccpnx.com/v1/cg/config/rate-cards
2026-02-03 08:56:44 - create_rate_cards - INFO - [STATUS CODE] 200
2026-02-03 08:56:44 - create_rate_cards - INFO - [TIME TAKEN] 0.3965 seconds (396.47 ms)
2026-02-03 08:56:44 - create_rate_cards - INFO - [RESPONSE CONTENT-TYPE] application/json
2026-02-03 08:56:44 - create_rate_cards - INFO - [RESPONSE PAYLOAD]
{
  "ids": [
    "17b41cf5-6c33-466c-b989-190255e87c15"
  ]
}
2026-02-03 08:56:44 - create_rate_cards - INFO - ✓ [168] Created rate card: st_testing720273_168
2026-02-03 08:56:44 - create_rate_cards - INFO - [API REQUEST] POST https://ncm.services.nconprem-10-53-60-173.ccpnx.com/v1/cg/config/rate-cards
2026-02-03 08:56:44 - create_rate_cards - INFO - [REQUEST JSON PAYLOAD]
{
  "rateCards": [
    {
      "rateCardName": "st_testing720273_169",
      "meteringRates": {
        "vm": {
          "vCpu": {
            "unit": "HOUR",
            "rate": 8
          },
          "vRam": {
            "unit": "HOUR",
            "rate": 92
          },
          "vStorage": {
            "unit": "GIB",
            "rate": 16
          },
          "customConfigs": [
            {
              "description": "st_testing720273_0",
              "value": {
                "unit": "DAY",
                "rate": 78
              }
            },
            {
              "description": "st_testing720273_1",
              "value": {
                "unit": "DAY",
                "rate": 69
              }
            },
            {
              "description": "st_testing720273_2",
              "value": {
                "unit": "DAY",
                "rate": 42
              }
            },
            {
              "description": "st_testing720273_3",
              "value": {
                "unit": "DAY",
                "rate": 63
              }
            },
            {
              "description": "st_testing720273_4",
              "value": {
                "unit": "DAY",
                "rate": 42
              }
            }
          ]
        }
      },
      "resources": []
    }
  ]
}
2026-02-03 08:56:44 - create_rate_cards - INFO - [API RESPONSE] POST https://ncm.services.nconprem-10-53-60-173.ccpnx.com/v1/cg/config/rate-cards
2026-02-03 08:56:44 - create_rate_cards - INFO - [STATUS CODE] 200
2026-02-03 08:56:44 - create_rate_cards - INFO - [TIME TAKEN] 0.2919 seconds (291.88 ms)
2026-02-03 08:56:44 - create_rate_cards - INFO - [RESPONSE CONTENT-TYPE] application/json
2026-02-03 08:56:44 - create_rate_cards - INFO - [RESPONSE PAYLOAD]
{
  "ids": [
    "e76cffec-f89f-4a20-8b7c-b7332a625813"
  ]
}
2026-02-03 08:56:44 - create_rate_cards - INFO - ✓ [169] Created rate card: st_testing720273_169
2026-02-03 08:56:44 - create_rate_cards - INFO - [API REQUEST] POST https://ncm.services.nconprem-10-53-60-173.ccpnx.com/v1/cg/config/rate-cards
2026-02-03 08:56:44 - create_rate_cards - INFO - [REQUEST JSON PAYLOAD]
{
  "rateCards": [
    {
      "rateCardName": "st_testing720273_170",
      "meteringRates": {
        "vm": {
          "vCpu": {
            "unit": "HOUR",
            "rate": 53
          },
          "vRam": {
            "unit": "HOUR",
            "rate": 34
          },
          "vStorage": {
            "unit": "GIB",
            "rate": 41
          },
          "customConfigs": [
            {
              "description": "st_testing720273_0",
              "value": {
                "unit": "DAY",
                "rate": 5
              }
            },
            {
              "description": "st_testing720273_1",
              "value": {
                "unit": "DAY",
                "rate": 56
              }
            },
            {
              "description": "st_testing720273_2",
              "value": {
                "unit": "DAY",
                "rate": 41
              }
            },
            {
              "description": "st_testing720273_3",
              "value": {
                "unit": "DAY",
                "rate": 14
              }
            },
            {
              "description": "st_testing720273_4",
              "value": {
                "unit": "DAY",
                "rate": 11
              }
            }
          ]
        }
      },
      "resources": []
    }
  ]
}
2026-02-03 08:56:44 - create_rate_cards - INFO - [API RESPONSE] POST https://ncm.services.nconprem-10-53-60-173.ccpnx.com/v1/cg/config/rate-cards
2026-02-03 08:56:44 - create_rate_cards - INFO - [STATUS CODE] 200
2026-02-03 08:56:44 - create_rate_cards - INFO - [TIME TAKEN] 0.2964 seconds (296.35 ms)
2026-02-03 08:56:44 - create_rate_cards - INFO - [RESPONSE CONTENT-TYPE] application/json
2026-02-03 08:56:44 - create_rate_cards - INFO - [RESPONSE PAYLOAD]
{
  "ids": [
    "94a318a6-143f-4402-81fe-68859769e039"
  ]
}
2026-02-03 08:56:44 - create_rate_cards - INFO - ✓ [170] Created rate card: st_testing720273_170
2026-02-03 08:56:44 - create_rate_cards - INFO - [API REQUEST] POST https://ncm.services.nconprem-10-53-60-173.ccpnx.com/v1/cg/config/rate-cards
2026-02-03 08:56:44 - create_rate_cards - INFO - [REQUEST JSON PAYLOAD]
{
  "rateCards": [
    {
      "rateCardName": "st_testing720273_171",
      "meteringRates": {
        "vm": {
          "vCpu": {
            "unit": "HOUR",
            "rate": 76
          },
          "vRam": {
            "unit": "HOUR",
            "rate": 73
          },
          "vStorage": {
            "unit": "GIB",
            "rate": 29
          },
          "customConfigs": [
            {
              "description": "st_testing720273_0",
              "value": {
                "unit": "DAY",
                "rate": 30
              }
            },
            {
              "description": "st_testing720273_1",
              "value": {
                "unit": "DAY",
                "rate": 35
              }
            },
            {
              "description": "st_testing720273_2",
              "value": {
                "unit": "DAY",
                "rate": 17
              }
            },
            {
              "description": "st_testing720273_3",
              "value": {
                "unit": "DAY",
                "rate": 63
              }
            },
            {
              "description": "st_testing720273_4",
              "value": {
                "unit": "DAY",
                "rate": 92
              }
            }
          ]
        }
      },
      "resources": []
    }
  ]
}
2026-02-03 08:56:45 - create_rate_cards - INFO - [API RESPONSE] POST https://ncm.services.nconprem-10-53-60-173.ccpnx.com/v1/cg/config/rate-cards
2026-02-03 08:56:45 - create_rate_cards - INFO - [STATUS CODE] 200
2026-02-03 08:56:45 - create_rate_cards - INFO - [TIME TAKEN] 0.2491 seconds (249.15 ms)
2026-02-03 08:56:45 - create_rate_cards - INFO - [RESPONSE CONTENT-TYPE] application/json
2026-02-03 08:56:45 - create_rate_cards - INFO - [RESPONSE PAYLOAD]
{
  "ids": [
    "a8ad6f2c-d3da-4b4b-9c1b-00dac61ad1ab"
  ]
}
2026-02-03 08:56:45 - create_rate_cards - INFO - ✓ [171] Created rate card: st_testing720273_171
2026-02-03 08:56:45 - create_rate_cards - INFO - [API REQUEST] POST https://ncm.services.nconprem-10-53-60-173.ccpnx.com/v1/cg/config/rate-cards
2026-02-03 08:56:45 - create_rate_cards - INFO - [REQUEST JSON PAYLOAD]
{
  "rateCards": [
    {
      "rateCardName": "st_testing720273_172",
      "meteringRates": {
        "vm": {
          "vCpu": {
            "unit": "HOUR",
            "rate": 81
          },
          "vRam": {
            "unit": "HOUR",
            "rate": 74
          },
          "vStorage": {
            "unit": "GIB",
            "rate": 34
          },
          "customConfigs": [
            {
              "description": "st_testing720273_0",
              "value": {
                "unit": "DAY",
                "rate": 70
              }
            },
            {
              "description": "st_testing720273_1",
              "value": {
                "unit": "DAY",
                "rate": 62
              }
            },
            {
              "description": "st_testing720273_2",
              "value": {
                "unit": "DAY",
                "rate": 36
              }
            },
            {
              "description": "st_testing720273_3",
              "value": {
                "unit": "DAY",
                "rate": 34
              }
            },
            {
              "description": "st_testing720273_4",
              "value": {
                "unit": "DAY",
                "rate": 29
              }
            }
          ]
        }
      },
      "resources": []
    }
  ]
}
2026-02-03 08:56:45 - create_rate_cards - INFO - [API RESPONSE] POST https://ncm.services.nconprem-10-53-60-173.ccpnx.com/v1/cg/config/rate-cards
2026-02-03 08:56:45 - create_rate_cards - INFO - [STATUS CODE] 200
2026-02-03 08:56:45 - create_rate_cards - INFO - [TIME TAKEN] 0.3290 seconds (328.96 ms)
2026-02-03 08:56:45 - create_rate_cards - INFO - [RESPONSE CONTENT-TYPE] application/json
2026-02-03 08:56:45 - create_rate_cards - INFO - [RESPONSE PAYLOAD]
{
  "ids": [
    "d40fbb82-034d-4bda-a73e-ab81f20b9224"
  ]
}
2026-02-03 08:56:45 - create_rate_cards - INFO - ✓ [172] Created rate card: st_testing720273_172
2026-02-03 08:56:45 - create_rate_cards - INFO - [API REQUEST] POST https://ncm.services.nconprem-10-53-60-173.ccpnx.com/v1/cg/config/rate-cards
2026-02-03 08:56:45 - create_rate_cards - INFO - [REQUEST JSON PAYLOAD]
{
  "rateCards": [
    {
      "rateCardName": "st_testing720273_173",
      "meteringRates": {
        "vm": {
          "vCpu": {
            "unit": "HOUR",
            "rate": 41
          },
          "vRam": {
            "unit": "HOUR",
            "rate": 18
          },
          "vStorage": {
            "unit": "GIB",
            "rate": 52
          },
          "customConfigs": [
            {
              "description": "st_testing720273_0",
              "value": {
                "unit": "DAY",
                "rate": 96
              }
            },
            {
              "description": "st_testing720273_1",
              "value": {
                "unit": "DAY",
                "rate": 99
              }
            },
            {
              "description": "st_testing720273_2",
              "value": {
                "unit": "DAY",
                "rate": 15
              }
            },
            {
              "description": "st_testing720273_3",
              "value": {
                "unit": "DAY",
                "rate": 56
              }
            },
            {
              "description": "st_testing720273_4",
              "value": {
                "unit": "DAY",
                "rate": 72
              }
            }
          ]
        }
      },
      "resources": []
    }
  ]
}
2026-02-03 08:56:46 - create_rate_cards - INFO - [API RESPONSE] POST https://ncm.services.nconprem-10-53-60-173.ccpnx.com/v1/cg/config/rate-cards
2026-02-03 08:56:46 - create_rate_cards - INFO - [STATUS CODE] 200
2026-02-03 08:56:46 - create_rate_cards - INFO - [TIME TAKEN] 0.6271 seconds (627.14 ms)
2026-02-03 08:56:46 - create_rate_cards - INFO - [RESPONSE CONTENT-TYPE] application/json
2026-02-03 08:56:46 - create_rate_cards - INFO - [RESPONSE PAYLOAD]
{
  "ids": [
    "aab3a064-5de7-43ca-9aee-e1f1e1bda182"
  ]
}
2026-02-03 08:56:46 - create_rate_cards - INFO - ✓ [173] Created rate card: st_testing720273_173
2026-02-03 08:56:46 - create_rate_cards - INFO - [API REQUEST] POST https://ncm.services.nconprem-10-53-60-173.ccpnx.com/v1/cg/config/rate-cards
2026-02-03 08:56:46 - create_rate_cards - INFO - [REQUEST JSON PAYLOAD]
{
  "rateCards": [
    {
      "rateCardName": "st_testing720273_174",
      "meteringRates": {
        "vm": {
          "vCpu": {
            "unit": "HOUR",
            "rate": 72
          },
          "vRam": {
            "unit": "HOUR",
            "rate": 97
          },
          "vStorage": {
            "unit": "GIB",
            "rate": 69
          },
          "customConfigs": [
            {
              "description": "st_testing720273_0",
              "value": {
                "unit": "DAY",
                "rate": 58
              }
            },
            {
              "description": "st_testing720273_1",
              "value": {
                "unit": "DAY",
                "rate": 35
              }
            },
            {
              "description": "st_testing720273_2",
              "value": {
                "unit": "DAY",
                "rate": 26
              }
            },
            {
              "description": "st_testing720273_3",
              "value": {
                "unit": "DAY",
                "rate": 1
              }
            },
            {
              "description": "st_testing720273_4",
              "value": {
                "unit": "DAY",
                "rate": 7
              }
            }
          ]
        }
      },
      "resources": []
    }
  ]
}
2026-02-03 08:56:46 - create_rate_cards - INFO - [API RESPONSE] POST https://ncm.services.nconprem-10-53-60-173.ccpnx.com/v1/cg/config/rate-cards
2026-02-03 08:56:46 - create_rate_cards - INFO - [STATUS CODE] 200
2026-02-03 08:56:46 - create_rate_cards - INFO - [TIME TAKEN] 0.4786 seconds (478.58 ms)
2026-02-03 08:56:46 - create_rate_cards - INFO - [RESPONSE CONTENT-TYPE] application/json
2026-02-03 08:56:46 - create_rate_cards - INFO - [RESPONSE PAYLOAD]
{
  "ids": [
    "afc71908-4ba0-47de-b8e0-a670d081466e"
  ]
}
2026-02-03 08:56:46 - create_rate_cards - INFO - ✓ [174] Created rate card: st_testing720273_174
2026-02-03 08:56:46 - create_rate_cards - INFO - [API REQUEST] POST https://ncm.services.nconprem-10-53-60-173.ccpnx.com/v1/cg/config/rate-cards
2026-02-03 08:56:46 - create_rate_cards - INFO - [REQUEST JSON PAYLOAD]
{
  "rateCards": [
    {
      "rateCardName": "st_testing720273_175",
      "meteringRates": {
        "vm": {
          "vCpu": {
            "unit": "HOUR",
            "rate": 26
          },
          "vRam": {
            "unit": "HOUR",
            "rate": 53
          },
          "vStorage": {
            "unit": "GIB",
            "rate": 97
          },
          "customConfigs": [
            {
              "description": "st_testing720273_0",
              "value": {
                "unit": "DAY",
                "rate": 19
              }
            },
            {
              "description": "st_testing720273_1",
              "value": {
                "unit": "DAY",
                "rate": 68
              }
            },
            {
              "description": "st_testing720273_2",
              "value": {
                "unit": "DAY",
                "rate": 7
              }
            },
            {
              "description": "st_testing720273_3",
              "value": {
                "unit": "DAY",
                "rate": 69
              }
            },
            {
              "description": "st_testing720273_4",
              "value": {
                "unit": "DAY",
                "rate": 39
              }
            }
          ]
        }
      },
      "resources": []
    }
  ]
}
2026-02-03 08:56:47 - create_rate_cards - INFO - [API RESPONSE] POST https://ncm.services.nconprem-10-53-60-173.ccpnx.com/v1/cg/config/rate-cards
2026-02-03 08:56:47 - create_rate_cards - INFO - [STATUS CODE] 200
2026-02-03 08:56:47 - create_rate_cards - INFO - [TIME TAKEN] 0.8378 seconds (837.75 ms)
2026-02-03 08:56:47 - create_rate_cards - INFO - [RESPONSE CONTENT-TYPE] application/json
2026-02-03 08:56:47 - create_rate_cards - INFO - [RESPONSE PAYLOAD]
{
  "ids": [
    "2b89b410-18db-4a8b-9858-96a79573a847"
  ]
}
2026-02-03 08:56:47 - create_rate_cards - INFO - ✓ [175] Created rate card: st_testing720273_175
2026-02-03 08:56:47 - create_rate_cards - INFO - [API REQUEST] POST https://ncm.services.nconprem-10-53-60-173.ccpnx.com/v1/cg/config/rate-cards
2026-02-03 08:56:47 - create_rate_cards - INFO - [REQUEST JSON PAYLOAD]
{
  "rateCards": [
    {
      "rateCardName": "st_testing720273_176",
      "meteringRates": {
        "vm": {
          "vCpu": {
            "unit": "HOUR",
            "rate": 21
          },
          "vRam": {
            "unit": "HOUR",
            "rate": 5
          },
          "vStorage": {
            "unit": "GIB",
            "rate": 69
          },
          "customConfigs": [
            {
              "description": "st_testing720273_0",
              "value": {
                "unit": "DAY",
                "rate": 98
              }
            },
            {
              "description": "st_testing720273_1",
              "value": {
                "unit": "DAY",
                "rate": 15
              }
            },
            {
              "description": "st_testing720273_2",
              "value": {
                "unit": "DAY",
                "rate": 89
              }
            },
            {
              "description": "st_testing720273_3",
              "value": {
                "unit": "DAY",
                "rate": 79
              }
            },
            {
              "description": "st_testing720273_4",
              "value": {
                "unit": "DAY",
                "rate": 49
              }
            }
          ]
        }
      },
      "resources": []
    }
  ]
}
2026-02-03 08:56:47 - create_rate_cards - INFO - [API RESPONSE] POST https://ncm.services.nconprem-10-53-60-173.ccpnx.com/v1/cg/config/rate-cards
2026-02-03 08:56:47 - create_rate_cards - INFO - [STATUS CODE] 200
2026-02-03 08:56:47 - create_rate_cards - INFO - [TIME TAKEN] 0.2776 seconds (277.61 ms)
2026-02-03 08:56:47 - create_rate_cards - INFO - [RESPONSE CONTENT-TYPE] application/json
2026-02-03 08:56:47 - create_rate_cards - INFO - [RESPONSE PAYLOAD]
{
  "ids": [
    "86fdae1d-a5ee-44eb-b37d-37a189c57d33"
  ]
}
2026-02-03 08:56:47 - create_rate_cards - INFO - ✓ [176] Created rate card: st_testing720273_176
2026-02-03 08:56:47 - create_rate_cards - INFO - [API REQUEST] POST https://ncm.services.nconprem-10-53-60-173.ccpnx.com/v1/cg/config/rate-cards
2026-02-03 08:56:47 - create_rate_cards - INFO - [REQUEST JSON PAYLOAD]
{
  "rateCards": [
    {
      "rateCardName": "st_testing720273_177",
      "meteringRates": {
        "vm": {
          "vCpu": {
            "unit": "HOUR",
            "rate": 95
          },
          "vRam": {
            "unit": "HOUR",
            "rate": 65
          },
          "vStorage": {
            "unit": "GIB",
            "rate": 33
          },
          "customConfigs": [
            {
              "description": "st_testing720273_0",
              "value": {
                "unit": "DAY",
                "rate": 98
              }
            },
            {
              "description": "st_testing720273_1",
              "value": {
                "unit": "DAY",
                "rate": 34
              }
            },
            {
              "description": "st_testing720273_2",
              "value": {
                "unit": "DAY",
                "rate": 85
              }
            },
            {
              "description": "st_testing720273_3",
              "value": {
                "unit": "DAY",
                "rate": 1
              }
            },
            {
              "description": "st_testing720273_4",
              "value": {
                "unit": "DAY",
                "rate": 18
              }
            }
          ]
        }
      },
      "resources": []
    }
  ]
}
2026-02-03 08:56:48 - create_rate_cards - INFO - [API RESPONSE] POST https://ncm.services.nconprem-10-53-60-173.ccpnx.com/v1/cg/config/rate-cards
2026-02-03 08:56:48 - create_rate_cards - INFO - [STATUS CODE] 200
2026-02-03 08:56:48 - create_rate_cards - INFO - [TIME TAKEN] 0.3955 seconds (395.51 ms)
2026-02-03 08:56:48 - create_rate_cards - INFO - [RESPONSE CONTENT-TYPE] application/json
2026-02-03 08:56:48 - create_rate_cards - INFO - [RESPONSE PAYLOAD]
{
  "ids": [
    "fab831fc-078f-4281-b9ad-9deffaf42b63"
  ]
}
2026-02-03 08:56:48 - create_rate_cards - INFO - ✓ [177] Created rate card: st_testing720273_177
2026-02-03 08:56:48 - create_rate_cards - INFO - [API REQUEST] POST https://ncm.services.nconprem-10-53-60-173.ccpnx.com/v1/cg/config/rate-cards
2026-02-03 08:56:48 - create_rate_cards - INFO - [REQUEST JSON PAYLOAD]
{
  "rateCards": [
    {
      "rateCardName": "st_testing720273_178",
      "meteringRates": {
        "vm": {
          "vCpu": {
            "unit": "HOUR",
            "rate": 74
          },
          "vRam": {
            "unit": "HOUR",
            "rate": 11
          },
          "vStorage": {
            "unit": "GIB",
            "rate": 23
          },
          "customConfigs": [
            {
              "description": "st_testing720273_0",
              "value": {
                "unit": "DAY",
                "rate": 63
              }
            },
            {
              "description": "st_testing720273_1",
              "value": {
                "unit": "DAY",
                "rate": 36
              }
            },
            {
              "description": "st_testing720273_2",
              "value": {
                "unit": "DAY",
                "rate": 85
              }
            },
            {
              "description": "st_testing720273_3",
              "value": {
                "unit": "DAY",
                "rate": 30
              }
            },
            {
              "description": "st_testing720273_4",
              "value": {
                "unit": "DAY",
                "rate": 58
              }
            }
          ]
        }
      },
      "resources": []
    }
  ]
}
2026-02-03 08:56:48 - create_rate_cards - INFO - [API RESPONSE] POST https://ncm.services.nconprem-10-53-60-173.ccpnx.com/v1/cg/config/rate-cards
2026-02-03 08:56:48 - create_rate_cards - INFO - [STATUS CODE] 200
2026-02-03 08:56:48 - create_rate_cards - INFO - [TIME TAKEN] 0.3924 seconds (392.39 ms)
2026-02-03 08:56:48 - create_rate_cards - INFO - [RESPONSE CONTENT-TYPE] application/json
2026-02-03 08:56:48 - create_rate_cards - INFO - [RESPONSE PAYLOAD]
{
  "ids": [
    "32ebd818-953c-4704-a413-69dab485284b"
  ]
}
2026-02-03 08:56:48 - create_rate_cards - INFO - ✓ [178] Created rate card: st_testing720273_178
2026-02-03 08:56:48 - create_rate_cards - INFO - [API REQUEST] POST https://ncm.services.nconprem-10-53-60-173.ccpnx.com/v1/cg/config/rate-cards
2026-02-03 08:56:48 - create_rate_cards - INFO - [REQUEST JSON PAYLOAD]
{
  "rateCards": [
    {
      "rateCardName": "st_testing720273_179",
      "meteringRates": {
        "vm": {
          "vCpu": {
            "unit": "HOUR",
            "rate": 95
          },
          "vRam": {
            "unit": "HOUR",
            "rate": 54
          },
          "vStorage": {
            "unit": "GIB",
            "rate": 8
          },
          "customConfigs": [
            {
              "description": "st_testing720273_0",
              "value": {
                "unit": "DAY",
                "rate": 80
              }
            },
            {
              "description": "st_testing720273_1",
              "value": {
                "unit": "DAY",
                "rate": 20
              }
            },
            {
              "description": "st_testing720273_2",
              "value": {
                "unit": "DAY",
                "rate": 45
              }
            },
            {
              "description": "st_testing720273_3",
              "value": {
                "unit": "DAY",
                "rate": 9
              }
            },
            {
              "description": "st_testing720273_4",
              "value": {
                "unit": "DAY",
                "rate": 11
              }
            }
          ]
        }
      },
      "resources": []
    }
  ]
}
2026-02-03 08:56:48 - create_rate_cards - INFO - [API RESPONSE] POST https://ncm.services.nconprem-10-53-60-173.ccpnx.com/v1/cg/config/rate-cards
2026-02-03 08:56:48 - create_rate_cards - INFO - [STATUS CODE] 200
2026-02-03 08:56:48 - create_rate_cards - INFO - [TIME TAKEN] 0.3815 seconds (381.52 ms)
2026-02-03 08:56:48 - create_rate_cards - INFO - [RESPONSE CONTENT-TYPE] application/json
2026-02-03 08:56:48 - create_rate_cards - INFO - [RESPONSE PAYLOAD]
{
  "ids": [
    "2e7fb817-b724-4eda-a23f-a5d6f2293c78"
  ]
}
2026-02-03 08:56:48 - create_rate_cards - INFO - ✓ [179] Created rate card: st_testing720273_179
2026-02-03 08:56:48 - create_rate_cards - INFO - [API REQUEST] POST https://ncm.services.nconprem-10-53-60-173.ccpnx.com/v1/cg/config/rate-cards
2026-02-03 08:56:48 - create_rate_cards - INFO - [REQUEST JSON PAYLOAD]
{
  "rateCards": [
    {
      "rateCardName": "st_testing720273_180",
      "meteringRates": {
        "vm": {
          "vCpu": {
            "unit": "HOUR",
            "rate": 84
          },
          "vRam": {
            "unit": "HOUR",
            "rate": 78
          },
          "vStorage": {
            "unit": "GIB",
            "rate": 21
          },
          "customConfigs": [
            {
              "description": "st_testing720273_0",
              "value": {
                "unit": "DAY",
                "rate": 44
              }
            },
            {
              "description": "st_testing720273_1",
              "value": {
                "unit": "DAY",
                "rate": 1
              }
            },
            {
              "description": "st_testing720273_2",
              "value": {
                "unit": "DAY",
                "rate": 72
              }
            },
            {
              "description": "st_testing720273_3",
              "value": {
                "unit": "DAY",
                "rate": 2
              }
            },
            {
              "description": "st_testing720273_4",
              "value": {
                "unit": "DAY",
                "rate": 43
              }
            }
          ]
        }
      },
      "resources": []
    }
  ]
}
2026-02-03 08:56:49 - create_rate_cards - INFO - [API RESPONSE] POST https://ncm.services.nconprem-10-53-60-173.ccpnx.com/v1/cg/config/rate-cards
2026-02-03 08:56:49 - create_rate_cards - INFO - [STATUS CODE] 200
2026-02-03 08:56:49 - create_rate_cards - INFO - [TIME TAKEN] 0.6087 seconds (608.66 ms)
2026-02-03 08:56:49 - create_rate_cards - INFO - [RESPONSE CONTENT-TYPE] application/json
2026-02-03 08:56:49 - create_rate_cards - INFO - [RESPONSE PAYLOAD]
{
  "ids": [
    "c9268b5d-4cff-40e1-a1a8-73b79567c210"
  ]
}
2026-02-03 08:56:49 - create_rate_cards - INFO - ✓ [180] Created rate card: st_testing720273_180
2026-02-03 08:56:49 - create_rate_cards - INFO - [API REQUEST] POST https://ncm.services.nconprem-10-53-60-173.ccpnx.com/v1/cg/config/rate-cards
2026-02-03 08:56:49 - create_rate_cards - INFO - [REQUEST JSON PAYLOAD]
{
  "rateCards": [
    {
      "rateCardName": "st_testing720273_181",
      "meteringRates": {
        "vm": {
          "vCpu": {
            "unit": "HOUR",
            "rate": 38
          },
          "vRam": {
            "unit": "HOUR",
            "rate": 96
          },
          "vStorage": {
            "unit": "GIB",
            "rate": 76
          },
          "customConfigs": [
            {
              "description": "st_testing720273_0",
              "value": {
                "unit": "DAY",
                "rate": 47
              }
            },
            {
              "description": "st_testing720273_1",
              "value": {
                "unit": "DAY",
                "rate": 6
              }
            },
            {
              "description": "st_testing720273_2",
              "value": {
                "unit": "DAY",
                "rate": 4
              }
            },
            {
              "description": "st_testing720273_3",
              "value": {
                "unit": "DAY",
                "rate": 11
              }
            },
            {
              "description": "st_testing720273_4",
              "value": {
                "unit": "DAY",
                "rate": 59
              }
            }
          ]
        }
      },
      "resources": []
    }
  ]
}
2026-02-03 08:56:49 - create_rate_cards - INFO - [API RESPONSE] POST https://ncm.services.nconprem-10-53-60-173.ccpnx.com/v1/cg/config/rate-cards
2026-02-03 08:56:49 - create_rate_cards - INFO - [STATUS CODE] 200
2026-02-03 08:56:49 - create_rate_cards - INFO - [TIME TAKEN] 0.3553 seconds (355.26 ms)
2026-02-03 08:56:49 - create_rate_cards - INFO - [RESPONSE CONTENT-TYPE] application/json
2026-02-03 08:56:49 - create_rate_cards - INFO - [RESPONSE PAYLOAD]
{
  "ids": [
    "44a3f38e-50af-4f59-aa6f-8fa1f8b29bf9"
  ]
}
2026-02-03 08:56:49 - create_rate_cards - INFO - ✓ [181] Created rate card: st_testing720273_181
2026-02-03 08:56:49 - create_rate_cards - INFO - [API REQUEST] POST https://ncm.services.nconprem-10-53-60-173.ccpnx.com/v1/cg/config/rate-cards
2026-02-03 08:56:49 - create_rate_cards - INFO - [REQUEST JSON PAYLOAD]
{
  "rateCards": [
    {
      "rateCardName": "st_testing720273_182",
      "meteringRates": {
        "vm": {
          "vCpu": {
            "unit": "HOUR",
            "rate": 13
          },
          "vRam": {
            "unit": "HOUR",
            "rate": 32
          },
          "vStorage": {
            "unit": "GIB",
            "rate": 18
          },
          "customConfigs": [
            {
              "description": "st_testing720273_0",
              "value": {
                "unit": "DAY",
                "rate": 86
              }
            },
            {
              "description": "st_testing720273_1",
              "value": {
                "unit": "DAY",
                "rate": 35
              }
            },
            {
              "description": "st_testing720273_2",
              "value": {
                "unit": "DAY",
                "rate": 25
              }
            },
            {
              "description": "st_testing720273_3",
              "value": {
                "unit": "DAY",
                "rate": 89
              }
            },
            {
              "description": "st_testing720273_4",
              "value": {
                "unit": "DAY",
                "rate": 74
              }
            }
          ]
        }
      },
      "resources": []
    }
  ]
}
2026-02-03 08:56:50 - create_rate_cards - INFO - [API RESPONSE] POST https://ncm.services.nconprem-10-53-60-173.ccpnx.com/v1/cg/config/rate-cards
2026-02-03 08:56:50 - create_rate_cards - INFO - [STATUS CODE] 200
2026-02-03 08:56:50 - create_rate_cards - INFO - [TIME TAKEN] 1.0585 seconds (1058.53 ms)
2026-02-03 08:56:50 - create_rate_cards - INFO - [RESPONSE CONTENT-TYPE] application/json
2026-02-03 08:56:50 - create_rate_cards - INFO - [RESPONSE PAYLOAD]
{
  "ids": [
    "b1c984ec-e524-42ba-9494-45836f5d96a5"
  ]
}
2026-02-03 08:56:50 - create_rate_cards - INFO - ✓ [182] Created rate card: st_testing720273_182
2026-02-03 08:56:50 - create_rate_cards - INFO - [API REQUEST] POST https://ncm.services.nconprem-10-53-60-173.ccpnx.com/v1/cg/config/rate-cards
2026-02-03 08:56:50 - create_rate_cards - INFO - [REQUEST JSON PAYLOAD]
{
  "rateCards": [
    {
      "rateCardName": "st_testing720273_183",
      "meteringRates": {
        "vm": {
          "vCpu": {
            "unit": "HOUR",
            "rate": 17
          },
          "vRam": {
            "unit": "HOUR",
            "rate": 40
          },
          "vStorage": {
            "unit": "GIB",
            "rate": 17
          },
          "customConfigs": [
            {
              "description": "st_testing720273_0",
              "value": {
                "unit": "DAY",
                "rate": 49
              }
            },
            {
              "description": "st_testing720273_1",
              "value": {
                "unit": "DAY",
                "rate": 95
              }
            },
            {
              "description": "st_testing720273_2",
              "value": {
                "unit": "DAY",
                "rate": 63
              }
            },
            {
              "description": "st_testing720273_3",
              "value": {
                "unit": "DAY",
                "rate": 20
              }
            },
            {
              "description": "st_testing720273_4",
              "value": {
                "unit": "DAY",
                "rate": 80
              }
            }
          ]
        }
      },
      "resources": []
    }
  ]
}
2026-02-03 08:56:51 - create_rate_cards - INFO - [API RESPONSE] POST https://ncm.services.nconprem-10-53-60-173.ccpnx.com/v1/cg/config/rate-cards
2026-02-03 08:56:51 - create_rate_cards - INFO - [STATUS CODE] 200
2026-02-03 08:56:51 - create_rate_cards - INFO - [TIME TAKEN] 0.9805 seconds (980.50 ms)
2026-02-03 08:56:51 - create_rate_cards - INFO - [RESPONSE CONTENT-TYPE] application/json
2026-02-03 08:56:51 - create_rate_cards - INFO - [RESPONSE PAYLOAD]
{
  "ids": [
    "be0e9fb5-82c4-4aa2-85e0-1b272408057e"
  ]
}
2026-02-03 08:56:51 - create_rate_cards - INFO - ✓ [183] Created rate card: st_testing720273_183
2026-02-03 08:56:51 - create_rate_cards - INFO - [API REQUEST] POST https://ncm.services.nconprem-10-53-60-173.ccpnx.com/v1/cg/config/rate-cards
2026-02-03 08:56:51 - create_rate_cards - INFO - [REQUEST JSON PAYLOAD]
{
  "rateCards": [
    {
      "rateCardName": "st_testing720273_184",
      "meteringRates": {
        "vm": {
          "vCpu": {
            "unit": "HOUR",
            "rate": 67
          },
          "vRam": {
            "unit": "HOUR",
            "rate": 66
          },
          "vStorage": {
            "unit": "GIB",
            "rate": 55
          },
          "customConfigs": [
            {
              "description": "st_testing720273_0",
              "value": {
                "unit": "DAY",
                "rate": 81
              }
            },
            {
              "description": "st_testing720273_1",
              "value": {
                "unit": "DAY",
                "rate": 8
              }
            },
            {
              "description": "st_testing720273_2",
              "value": {
                "unit": "DAY",
                "rate": 65
              }
            },
            {
              "description": "st_testing720273_3",
              "value": {
                "unit": "DAY",
                "rate": 90
              }
            },
            {
              "description": "st_testing720273_4",
              "value": {
                "unit": "DAY",
                "rate": 83
              }
            }
          ]
        }
      },
      "resources": []
    }
  ]
}
2026-02-03 08:56:52 - create_rate_cards - INFO - [API RESPONSE] POST https://ncm.services.nconprem-10-53-60-173.ccpnx.com/v1/cg/config/rate-cards
2026-02-03 08:56:52 - create_rate_cards - INFO - [STATUS CODE] 200
2026-02-03 08:56:52 - create_rate_cards - INFO - [TIME TAKEN] 0.6065 seconds (606.50 ms)
2026-02-03 08:56:52 - create_rate_cards - INFO - [RESPONSE CONTENT-TYPE] application/json
2026-02-03 08:56:52 - create_rate_cards - INFO - [RESPONSE PAYLOAD]
{
  "ids": [
    "e2b91745-defe-4c58-8805-3617b3d6d508"
  ]
}
2026-02-03 08:56:52 - create_rate_cards - INFO - ✓ [184] Created rate card: st_testing720273_184
2026-02-03 08:56:52 - create_rate_cards - INFO - [API REQUEST] POST https://ncm.services.nconprem-10-53-60-173.ccpnx.com/v1/cg/config/rate-cards
2026-02-03 08:56:52 - create_rate_cards - INFO - [REQUEST JSON PAYLOAD]
{
  "rateCards": [
    {
      "rateCardName": "st_testing720273_185",
      "meteringRates": {
        "vm": {
          "vCpu": {
            "unit": "HOUR",
            "rate": 61
          },
          "vRam": {
            "unit": "HOUR",
            "rate": 27
          },
          "vStorage": {
            "unit": "GIB",
            "rate": 56
          },
          "customConfigs": [
            {
              "description": "st_testing720273_0",
              "value": {
                "unit": "DAY",
                "rate": 84
              }
            },
            {
              "description": "st_testing720273_1",
              "value": {
                "unit": "DAY",
                "rate": 55
              }
            },
            {
              "description": "st_testing720273_2",
              "value": {
                "unit": "DAY",
                "rate": 83
              }
            },
            {
              "description": "st_testing720273_3",
              "value": {
                "unit": "DAY",
                "rate": 46
              }
            },
            {
              "description": "st_testing720273_4",
              "value": {
                "unit": "DAY",
                "rate": 25
              }
            }
          ]
        }
      },
      "resources": []
    }
  ]
}
2026-02-03 08:56:53 - create_rate_cards - INFO - [API RESPONSE] POST https://ncm.services.nconprem-10-53-60-173.ccpnx.com/v1/cg/config/rate-cards
2026-02-03 08:56:53 - create_rate_cards - INFO - [STATUS CODE] 200
2026-02-03 08:56:53 - create_rate_cards - INFO - [TIME TAKEN] 0.5875 seconds (587.47 ms)
2026-02-03 08:56:53 - create_rate_cards - INFO - [RESPONSE CONTENT-TYPE] application/json
2026-02-03 08:56:53 - create_rate_cards - INFO - [RESPONSE PAYLOAD]
{
  "ids": [
    "27a91c0f-f1fe-4b53-a590-fa441b85661c"
  ]
}
2026-02-03 08:56:53 - create_rate_cards - INFO - ✓ [185] Created rate card: st_testing720273_185
2026-02-03 08:56:53 - create_rate_cards - INFO - [API REQUEST] POST https://ncm.services.nconprem-10-53-60-173.ccpnx.com/v1/cg/config/rate-cards
2026-02-03 08:56:53 - create_rate_cards - INFO - [REQUEST JSON PAYLOAD]
{
  "rateCards": [
    {
      "rateCardName": "st_testing720273_186",
      "meteringRates": {
        "vm": {
          "vCpu": {
            "unit": "HOUR",
            "rate": 52
          },
          "vRam": {
            "unit": "HOUR",
            "rate": 50
          },
          "vStorage": {
            "unit": "GIB",
            "rate": 26
          },
          "customConfigs": [
            {
              "description": "st_testing720273_0",
              "value": {
                "unit": "DAY",
                "rate": 17
              }
            },
            {
              "description": "st_testing720273_1",
              "value": {
                "unit": "DAY",
                "rate": 75
              }
            },
            {
              "description": "st_testing720273_2",
              "value": {
                "unit": "DAY",
                "rate": 23
              }
            },
            {
              "description": "st_testing720273_3",
              "value": {
                "unit": "DAY",
                "rate": 19
              }
            },
            {
              "description": "st_testing720273_4",
              "value": {
                "unit": "DAY",
                "rate": 28
              }
            }
          ]
        }
      },
      "resources": []
    }
  ]
}
2026-02-03 08:56:53 - create_rate_cards - INFO - [API RESPONSE] POST https://ncm.services.nconprem-10-53-60-173.ccpnx.com/v1/cg/config/rate-cards
2026-02-03 08:56:53 - create_rate_cards - INFO - [STATUS CODE] 200
2026-02-03 08:56:53 - create_rate_cards - INFO - [TIME TAKEN] 0.2977 seconds (297.70 ms)
2026-02-03 08:56:53 - create_rate_cards - INFO - [RESPONSE CONTENT-TYPE] application/json
2026-02-03 08:56:53 - create_rate_cards - INFO - [RESPONSE PAYLOAD]
{
  "ids": [
    "4ec5a122-229f-4487-82fe-a64d39906418"
  ]
}
2026-02-03 08:56:53 - create_rate_cards - INFO - ✓ [186] Created rate card: st_testing720273_186
2026-02-03 08:56:53 - create_rate_cards - INFO - [API REQUEST] POST https://ncm.services.nconprem-10-53-60-173.ccpnx.com/v1/cg/config/rate-cards
2026-02-03 08:56:53 - create_rate_cards - INFO - [REQUEST JSON PAYLOAD]
{
  "rateCards": [
    {
      "rateCardName": "st_testing720273_187",
      "meteringRates": {
        "vm": {
          "vCpu": {
            "unit": "HOUR",
            "rate": 63
          },
          "vRam": {
            "unit": "HOUR",
            "rate": 67
          },
          "vStorage": {
            "unit": "GIB",
            "rate": 88
          },
          "customConfigs": [
            {
              "description": "st_testing720273_0",
              "value": {
                "unit": "DAY",
                "rate": 73
              }
            },
            {
              "description": "st_testing720273_1",
              "value": {
                "unit": "DAY",
                "rate": 24
              }
            },
            {
              "description": "st_testing720273_2",
              "value": {
                "unit": "DAY",
                "rate": 80
              }
            },
            {
              "description": "st_testing720273_3",
              "value": {
                "unit": "DAY",
                "rate": 95
              }
            },
            {
              "description": "st_testing720273_4",
              "value": {
                "unit": "DAY",
                "rate": 3
              }
            }
          ]
        }
      },
      "resources": []
    }
  ]
}
2026-02-03 08:56:53 - create_rate_cards - INFO - [API RESPONSE] POST https://ncm.services.nconprem-10-53-60-173.ccpnx.com/v1/cg/config/rate-cards
2026-02-03 08:56:53 - create_rate_cards - INFO - [STATUS CODE] 200
2026-02-03 08:56:53 - create_rate_cards - INFO - [TIME TAKEN] 0.4159 seconds (415.87 ms)
2026-02-03 08:56:53 - create_rate_cards - INFO - [RESPONSE CONTENT-TYPE] application/json
2026-02-03 08:56:53 - create_rate_cards - INFO - [RESPONSE PAYLOAD]
{
  "ids": [
    "f44390d8-fd26-49cc-8789-275368fba99b"
  ]
}
2026-02-03 08:56:53 - create_rate_cards - INFO - ✓ [187] Created rate card: st_testing720273_187
2026-02-03 08:56:53 - create_rate_cards - INFO - [API REQUEST] POST https://ncm.services.nconprem-10-53-60-173.ccpnx.com/v1/cg/config/rate-cards
2026-02-03 08:56:53 - create_rate_cards - INFO - [REQUEST JSON PAYLOAD]
{
  "rateCards": [
    {
      "rateCardName": "st_testing720273_188",
      "meteringRates": {
        "vm": {
          "vCpu": {
            "unit": "HOUR",
            "rate": 16
          },
          "vRam": {
            "unit": "HOUR",
            "rate": 77
          },
          "vStorage": {
            "unit": "GIB",
            "rate": 66
          },
          "customConfigs": [
            {
              "description": "st_testing720273_0",
              "value": {
                "unit": "DAY",
                "rate": 62
              }
            },
            {
              "description": "st_testing720273_1",
              "value": {
                "unit": "DAY",
                "rate": 66
              }
            },
            {
              "description": "st_testing720273_2",
              "value": {
                "unit": "DAY",
                "rate": 31
              }
            },
            {
              "description": "st_testing720273_3",
              "value": {
                "unit": "DAY",
                "rate": 46
              }
            },
            {
              "description": "st_testing720273_4",
              "value": {
                "unit": "DAY",
                "rate": 75
              }
            }
          ]
        }
      },
      "resources": []
    }
  ]
}
2026-02-03 08:56:54 - create_rate_cards - INFO - [API RESPONSE] POST https://ncm.services.nconprem-10-53-60-173.ccpnx.com/v1/cg/config/rate-cards
2026-02-03 08:56:54 - create_rate_cards - INFO - [STATUS CODE] 200
2026-02-03 08:56:54 - create_rate_cards - INFO - [TIME TAKEN] 0.6162 seconds (616.20 ms)
2026-02-03 08:56:54 - create_rate_cards - INFO - [RESPONSE CONTENT-TYPE] application/json
2026-02-03 08:56:54 - create_rate_cards - INFO - [RESPONSE PAYLOAD]
{
  "ids": [
    "b12143bd-85b3-4985-ad12-973ac26b38d8"
  ]
}
2026-02-03 08:56:54 - create_rate_cards - INFO - ✓ [188] Created rate card: st_testing720273_188
2026-02-03 08:56:54 - create_rate_cards - INFO - [API REQUEST] POST https://ncm.services.nconprem-10-53-60-173.ccpnx.com/v1/cg/config/rate-cards
2026-02-03 08:56:54 - create_rate_cards - INFO - [REQUEST JSON PAYLOAD]
{
  "rateCards": [
    {
      "rateCardName": "st_testing720273_189",
      "meteringRates": {
        "vm": {
          "vCpu": {
            "unit": "HOUR",
            "rate": 32
          },
          "vRam": {
            "unit": "HOUR",
            "rate": 72
          },
          "vStorage": {
            "unit": "GIB",
            "rate": 25
          },
          "customConfigs": [
            {
              "description": "st_testing720273_0",
              "value": {
                "unit": "DAY",
                "rate": 100
              }
            },
            {
              "description": "st_testing720273_1",
              "value": {
                "unit": "DAY",
                "rate": 14
              }
            },
            {
              "description": "st_testing720273_2",
              "value": {
                "unit": "DAY",
                "rate": 49
              }
            },
            {
              "description": "st_testing720273_3",
              "value": {
                "unit": "DAY",
                "rate": 24
              }
            },
            {
              "description": "st_testing720273_4",
              "value": {
                "unit": "DAY",
                "rate": 8
              }
            }
          ]
        }
      },
      "resources": []
    }
  ]
}
2026-02-03 08:56:54 - create_rate_cards - INFO - [API RESPONSE] POST https://ncm.services.nconprem-10-53-60-173.ccpnx.com/v1/cg/config/rate-cards
2026-02-03 08:56:54 - create_rate_cards - INFO - [STATUS CODE] 200
2026-02-03 08:56:54 - create_rate_cards - INFO - [TIME TAKEN] 0.3956 seconds (395.61 ms)
2026-02-03 08:56:54 - create_rate_cards - INFO - [RESPONSE CONTENT-TYPE] application/json
2026-02-03 08:56:54 - create_rate_cards - INFO - [RESPONSE PAYLOAD]
{
  "ids": [
    "c60a8d8e-c8d2-46a6-8655-02f16e8f37cf"
  ]
}
2026-02-03 08:56:54 - create_rate_cards - INFO - ✓ [189] Created rate card: st_testing720273_189
2026-02-03 08:56:54 - create_rate_cards - INFO - [API REQUEST] POST https://ncm.services.nconprem-10-53-60-173.ccpnx.com/v1/cg/config/rate-cards
2026-02-03 08:56:54 - create_rate_cards - INFO - [REQUEST JSON PAYLOAD]
{
  "rateCards": [
    {
      "rateCardName": "st_testing720273_190",
      "meteringRates": {
        "vm": {
          "vCpu": {
            "unit": "HOUR",
            "rate": 60
          },
          "vRam": {
            "unit": "HOUR",
            "rate": 97
          },
          "vStorage": {
            "unit": "GIB",
            "rate": 39
          },
          "customConfigs": [
            {
              "description": "st_testing720273_0",
              "value": {
                "unit": "DAY",
                "rate": 72
              }
            },
            {
              "description": "st_testing720273_1",
              "value": {
                "unit": "DAY",
                "rate": 13
              }
            },
            {
              "description": "st_testing720273_2",
              "value": {
                "unit": "DAY",
                "rate": 71
              }
            },
            {
              "description": "st_testing720273_3",
              "value": {
                "unit": "DAY",
                "rate": 59
              }
            },
            {
              "description": "st_testing720273_4",
              "value": {
                "unit": "DAY",
                "rate": 93
              }
            }
          ]
        }
      },
      "resources": []
    }
  ]
}
2026-02-03 08:56:55 - create_rate_cards - INFO - [API RESPONSE] POST https://ncm.services.nconprem-10-53-60-173.ccpnx.com/v1/cg/config/rate-cards
2026-02-03 08:56:55 - create_rate_cards - INFO - [STATUS CODE] 200
2026-02-03 08:56:55 - create_rate_cards - INFO - [TIME TAKEN] 0.4838 seconds (483.84 ms)
2026-02-03 08:56:55 - create_rate_cards - INFO - [RESPONSE CONTENT-TYPE] application/json
2026-02-03 08:56:55 - create_rate_cards - INFO - [RESPONSE PAYLOAD]
{
  "ids": [
    "ad38123a-a45d-4d7a-a2f9-dc0e4cd1f0c0"
  ]
}
2026-02-03 08:56:55 - create_rate_cards - INFO - ✓ [190] Created rate card: st_testing720273_190
2026-02-03 08:56:55 - create_rate_cards - INFO - [API REQUEST] POST https://ncm.services.nconprem-10-53-60-173.ccpnx.com/v1/cg/config/rate-cards
2026-02-03 08:56:55 - create_rate_cards - INFO - [REQUEST JSON PAYLOAD]
{
  "rateCards": [
    {
      "rateCardName": "st_testing720273_191",
      "meteringRates": {
        "vm": {
          "vCpu": {
            "unit": "HOUR",
            "rate": 81
          },
          "vRam": {
            "unit": "HOUR",
            "rate": 17
          },
          "vStorage": {
            "unit": "GIB",
            "rate": 44
          },
          "customConfigs": [
            {
              "description": "st_testing720273_0",
              "value": {
                "unit": "DAY",
                "rate": 88
              }
            },
            {
              "description": "st_testing720273_1",
              "value": {
                "unit": "DAY",
                "rate": 4
              }
            },
            {
              "description": "st_testing720273_2",
              "value": {
                "unit": "DAY",
                "rate": 2
              }
            },
            {
              "description": "st_testing720273_3",
              "value": {
                "unit": "DAY",
                "rate": 90
              }
            },
            {
              "description": "st_testing720273_4",
              "value": {
                "unit": "DAY",
                "rate": 90
              }
            }
          ]
        }
      },
      "resources": []
    }
  ]
}
2026-02-03 08:56:55 - create_rate_cards - INFO - [API RESPONSE] POST https://ncm.services.nconprem-10-53-60-173.ccpnx.com/v1/cg/config/rate-cards
2026-02-03 08:56:55 - create_rate_cards - INFO - [STATUS CODE] 200
2026-02-03 08:56:55 - create_rate_cards - INFO - [TIME TAKEN] 0.4800 seconds (480.02 ms)
2026-02-03 08:56:55 - create_rate_cards - INFO - [RESPONSE CONTENT-TYPE] application/json
2026-02-03 08:56:55 - create_rate_cards - INFO - [RESPONSE PAYLOAD]
{
  "ids": [
    "cc122b5a-e54c-4c00-b9d8-81b9313da003"
  ]
}
2026-02-03 08:56:55 - create_rate_cards - INFO - ✓ [191] Created rate card: st_testing720273_191
2026-02-03 08:56:55 - create_rate_cards - INFO - [API REQUEST] POST https://ncm.services.nconprem-10-53-60-173.ccpnx.com/v1/cg/config/rate-cards
2026-02-03 08:56:55 - create_rate_cards - INFO - [REQUEST JSON PAYLOAD]
{
  "rateCards": [
    {
      "rateCardName": "st_testing720273_192",
      "meteringRates": {
        "vm": {
          "vCpu": {
            "unit": "HOUR",
            "rate": 90
          },
          "vRam": {
            "unit": "HOUR",
            "rate": 71
          },
          "vStorage": {
            "unit": "GIB",
            "rate": 99
          },
          "customConfigs": [
            {
              "description": "st_testing720273_0",
              "value": {
                "unit": "DAY",
                "rate": 91
              }
            },
            {
              "description": "st_testing720273_1",
              "value": {
                "unit": "DAY",
                "rate": 20
              }
            },
            {
              "description": "st_testing720273_2",
              "value": {
                "unit": "DAY",
                "rate": 73
              }
            },
            {
              "description": "st_testing720273_3",
              "value": {
                "unit": "DAY",
                "rate": 35
              }
            },
            {
              "description": "st_testing720273_4",
              "value": {
                "unit": "DAY",
                "rate": 73
              }
            }
          ]
        }
      },
      "resources": []
    }
  ]
}
2026-02-03 08:56:56 - create_rate_cards - INFO - [API RESPONSE] POST https://ncm.services.nconprem-10-53-60-173.ccpnx.com/v1/cg/config/rate-cards
2026-02-03 08:56:56 - create_rate_cards - INFO - [STATUS CODE] 200
2026-02-03 08:56:56 - create_rate_cards - INFO - [TIME TAKEN] 0.3420 seconds (342.01 ms)
2026-02-03 08:56:56 - create_rate_cards - INFO - [RESPONSE CONTENT-TYPE] application/json
2026-02-03 08:56:56 - create_rate_cards - INFO - [RESPONSE PAYLOAD]
{
  "ids": [
    "c5b0a882-2440-4ff6-a627-f8b17cc33af9"
  ]
}
2026-02-03 08:56:56 - create_rate_cards - INFO - ✓ [192] Created rate card: st_testing720273_192
2026-02-03 08:56:56 - create_rate_cards - INFO - [API REQUEST] POST https://ncm.services.nconprem-10-53-60-173.ccpnx.com/v1/cg/config/rate-cards
2026-02-03 08:56:56 - create_rate_cards - INFO - [REQUEST JSON PAYLOAD]
{
  "rateCards": [
    {
      "rateCardName": "st_testing720273_193",
      "meteringRates": {
        "vm": {
          "vCpu": {
            "unit": "HOUR",
            "rate": 61
          },
          "vRam": {
            "unit": "HOUR",
            "rate": 66
          },
          "vStorage": {
            "unit": "GIB",
            "rate": 44
          },
          "customConfigs": [
            {
              "description": "st_testing720273_0",
              "value": {
                "unit": "DAY",
                "rate": 42
              }
            },
            {
              "description": "st_testing720273_1",
              "value": {
                "unit": "DAY",
                "rate": 73
              }
            },
            {
              "description": "st_testing720273_2",
              "value": {
                "unit": "DAY",
                "rate": 51
              }
            },
            {
              "description": "st_testing720273_3",
              "value": {
                "unit": "DAY",
                "rate": 43
              }
            },
            {
              "description": "st_testing720273_4",
              "value": {
                "unit": "DAY",
                "rate": 44
              }
            }
          ]
        }
      },
      "resources": []
    }
  ]
}
2026-02-03 08:56:56 - create_rate_cards - INFO - [API RESPONSE] POST https://ncm.services.nconprem-10-53-60-173.ccpnx.com/v1/cg/config/rate-cards
2026-02-03 08:56:56 - create_rate_cards - INFO - [STATUS CODE] 200
2026-02-03 08:56:56 - create_rate_cards - INFO - [TIME TAKEN] 0.3091 seconds (309.14 ms)
2026-02-03 08:56:56 - create_rate_cards - INFO - [RESPONSE CONTENT-TYPE] application/json
2026-02-03 08:56:56 - create_rate_cards - INFO - [RESPONSE PAYLOAD]
{
  "ids": [
    "ec42118e-27c7-41ed-b0c4-927d25f02531"
  ]
}
2026-02-03 08:56:56 - create_rate_cards - INFO - ✓ [193] Created rate card: st_testing720273_193
2026-02-03 08:56:56 - create_rate_cards - INFO - [API REQUEST] POST https://ncm.services.nconprem-10-53-60-173.ccpnx.com/v1/cg/config/rate-cards
2026-02-03 08:56:56 - create_rate_cards - INFO - [REQUEST JSON PAYLOAD]
{
  "rateCards": [
    {
      "rateCardName": "st_testing720273_194",
      "meteringRates": {
        "vm": {
          "vCpu": {
            "unit": "HOUR",
            "rate": 70
          },
          "vRam": {
            "unit": "HOUR",
            "rate": 69
          },
          "vStorage": {
            "unit": "GIB",
            "rate": 53
          },
          "customConfigs": [
            {
              "description": "st_testing720273_0",
              "value": {
                "unit": "DAY",
                "rate": 10
              }
            },
            {
              "description": "st_testing720273_1",
              "value": {
                "unit": "DAY",
                "rate": 81
              }
            },
            {
              "description": "st_testing720273_2",
              "value": {
                "unit": "DAY",
                "rate": 51
              }
            },
            {
              "description": "st_testing720273_3",
              "value": {
                "unit": "DAY",
                "rate": 68
              }
            },
            {
              "description": "st_testing720273_4",
              "value": {
                "unit": "DAY",
                "rate": 54
              }
            }
          ]
        }
      },
      "resources": []
    }
  ]
}
2026-02-03 08:56:57 - create_rate_cards - INFO - [API RESPONSE] POST https://ncm.services.nconprem-10-53-60-173.ccpnx.com/v1/cg/config/rate-cards
2026-02-03 08:56:57 - create_rate_cards - INFO - [STATUS CODE] 200
2026-02-03 08:56:57 - create_rate_cards - INFO - [TIME TAKEN] 0.5088 seconds (508.83 ms)
2026-02-03 08:56:57 - create_rate_cards - INFO - [RESPONSE CONTENT-TYPE] application/json
2026-02-03 08:56:57 - create_rate_cards - INFO - [RESPONSE PAYLOAD]
{
  "ids": [
    "9c18cf44-9957-466c-b92c-142570389468"
  ]
}
2026-02-03 08:56:57 - create_rate_cards - INFO - ✓ [194] Created rate card: st_testing720273_194
2026-02-03 08:56:57 - create_rate_cards - INFO - [API REQUEST] POST https://ncm.services.nconprem-10-53-60-173.ccpnx.com/v1/cg/config/rate-cards
2026-02-03 08:56:57 - create_rate_cards - INFO - [REQUEST JSON PAYLOAD]
{
  "rateCards": [
    {
      "rateCardName": "st_testing720273_195",
      "meteringRates": {
        "vm": {
          "vCpu": {
            "unit": "HOUR",
            "rate": 19
          },
          "vRam": {
            "unit": "HOUR",
            "rate": 72
          },
          "vStorage": {
            "unit": "GIB",
            "rate": 27
          },
          "customConfigs": [
            {
              "description": "st_testing720273_0",
              "value": {
                "unit": "DAY",
                "rate": 47
              }
            },
            {
              "description": "st_testing720273_1",
              "value": {
                "unit": "DAY",
                "rate": 28
              }
            },
            {
              "description": "st_testing720273_2",
              "value": {
                "unit": "DAY",
                "rate": 83
              }
            },
            {
              "description": "st_testing720273_3",
              "value": {
                "unit": "DAY",
                "rate": 72
              }
            },
            {
              "description": "st_testing720273_4",
              "value": {
                "unit": "DAY",
                "rate": 6
              }
            }
          ]
        }
      },
      "resources": []
    }
  ]
}
2026-02-03 08:56:57 - create_rate_cards - INFO - 
2026-02-03 08:56:57 - create_rate_cards - INFO - ================================================================================================================================================================
2026-02-03 08:56:57 - create_rate_cards - INFO - API METRICS CONSOLIDATED REPORT
2026-02-03 08:56:57 - create_rate_cards - INFO - ================================================================================================================================================================
2026-02-03 08:56:57 - create_rate_cards - INFO - Method   | Endpoint                                           |   Count |   Fail |    Min(ms) |    Max(ms) |    P90(ms) |    P95(ms) |    P98(ms)
2026-02-03 08:56:57 - create_rate_cards - INFO - ----------------------------------------------------------------------------------------------------------------------------------------------------------------
2026-02-03 08:56:57 - create_rate_cards - INFO - POST     | /v1/cg/config/rate-cards                           |     195 |      1 |     190.46 |    4193.01 |     837.36 |    1013.00 |    1291.81
2026-02-03 08:56:57 - create_rate_cards - INFO - DELETE   | /v1/cg/config/rate-cards                           |     100 |      - |     165.71 |     693.98 |     487.78 |     546.47 |     606.98
2026-02-03 08:56:57 - create_rate_cards - INFO - POST     | /v1/cg/config/rate-cards/actions/get-rate-cards    |       1 |      - |     492.27 |     492.27 |     492.27 |     492.27 |     492.27
2026-02-03 08:56:57 - create_rate_cards - INFO - ----------------------------------------------------------------------------------------------------------------------------------------------------------------
2026-02-03 08:56:57 - create_rate_cards - INFO - Total API Calls: 296 | Unique Endpoints: 3 | Total Failures (non-200/202): 1 | Exceptions: 0
2026-02-03 08:56:57 - create_rate_cards - INFO - ================================================================================================================================================================
2026-02-03 08:56:57 - create_rate_cards - INFO - 
2026-02-03 08:56:57 - create_rate_cards - INFO - FAILED REQUESTS (non-200/202):
2026-02-03 08:56:57 - create_rate_cards - INFO - ----------------------------------------------------------------------------------------------------
2026-02-03 08:56:57 - create_rate_cards - INFO - Method   | Endpoint                                           |   Failures | Status Codes                  
2026-02-03 08:56:57 - create_rate_cards - INFO - ----------------------------------------------------------------------------------------------------
2026-02-03 08:56:57 - create_rate_cards - INFO - POST     | /v1/cg/config/rate-cards                           |          1 | 429: 1                        
2026-02-03 08:56:57 - create_rate_cards - INFO - ====================================================================================================
2026-02-03 08:56:57 - create_rate_cards - INFO - 
2026-02-03 08:56:57 - create_rate_cards - INFO - STATUS CODE BREAKDOWN:
2026-02-03 08:56:57 - create_rate_cards - INFO - ----------------------------------------------------------------------------------------------------
2026-02-03 08:56:57 - create_rate_cards - INFO - POST   /v1/cg/config/rate-cards                   | 200: 194, 429: 1
2026-02-03 08:56:57 - create_rate_cards - INFO - DELETE /v1/cg/config/rate-cards                   | 200: 100
2026-02-03 08:56:57 - create_rate_cards - INFO - POST   /v1/cg/config/rate-cards/actions/get-rat.. | 200: 1
2026-02-03 08:56:57 - create_rate_cards - INFO - ================================================================================================================================================================
