2026-02-01 09:07:25 - create_cost_center_v2 - INFO - ================================================================================
2026-02-01 09:07:25 - create_cost_center_v2 - INFO - Script: create_cost_center_v2
2026-02-01 09:07:25 - create_cost_center_v2 - INFO - Log file: /home/mohan.as1/mohan_helpers/cost_governnance/logs/create_cost_center_v2_20260201_090725.log
2026-02-01 09:07:25 - create_cost_center_v2 - INFO - ================================================================================
2026-02-01 09:07:26 - create_cost_center_v2 - INFO - ================================================================================
2026-02-01 09:07:26 - create_cost_center_v2 - INFO - Starting Cost Center Creation v2
2026-02-01 09:07:26 - create_cost_center_v2 - INFO - ================================================================================
2026-02-01 09:07:26 - create_cost_center_v2 - INFO - [API REQUEST] GET https://ncm.services.nconprem-10-53-60-173.ccpnx.com/v1/cg/global/chargeback/availableAccounts
2026-02-01 09:07:26 - create_cost_center_v2 - INFO - [API RESPONSE] GET https://ncm.services.nconprem-10-53-60-173.ccpnx.com/v1/cg/global/chargeback/availableAccounts
2026-02-01 09:07:26 - create_cost_center_v2 - INFO - [STATUS CODE] 200
2026-02-01 09:07:26 - create_cost_center_v2 - INFO - [TIME TAKEN] 0.8880 seconds (888.02 ms)
2026-02-01 09:07:26 - create_cost_center_v2 - INFO - [RESPONSE CONTENT-TYPE] application/json
2026-02-01 09:07:26 - create_cost_center_v2 - INFO - [RESPONSE PAYLOAD]
{
  "gcp": [],
  "nx": [
    "6d915317-d32b-4093-a6fa-b225f59a7522"
  ],
  "aws": [],
  "azure": []
}
2026-02-01 09:07:26 - create_cost_center_v2 - INFO - [API REQUEST] POST https://ncm.services.nconprem-10-53-60-173.ccpnx.com/api/nutanix/v3/accounts/list
2026-02-01 09:07:26 - create_cost_center_v2 - INFO - [REQUEST DATA PAYLOAD] {"length": 250, "offset": 0, "filter": "state!=DELETED;type==nutanix_pc;offboarding==True"}
2026-02-01 09:07:30 - create_cost_center_v2 - INFO - [API RESPONSE] POST https://ncm.services.nconprem-10-53-60-173.ccpnx.com/api/nutanix/v3/accounts/list
2026-02-01 09:07:30 - create_cost_center_v2 - INFO - [STATUS CODE] 200
2026-02-01 09:07:30 - create_cost_center_v2 - INFO - [TIME TAKEN] 3.9819 seconds (3981.92 ms)
2026-02-01 09:07:30 - create_cost_center_v2 - INFO - [RESPONSE CONTENT-TYPE] application/json
2026-02-01 09:07:30 - create_cost_center_v2 - INFO - [RESPONSE PAYLOAD]
{
  "api_version": "3.0",
  "metadata": {
    "total_matches": 26,
    "kind": "account"
  },
  "entities": [
    {
      "status": {
        "name": "HomePC_Account",
        "description": "",
        "message_list": [],
        "resources": {
          "data": {
            "type": "basic_auth",
            "server": "pc-10-53-60-176.ccpnx.com",
            "port": 9440,
            "pc_uuid": "6d915317-d32b-4093-a6fa-b225f59a7522",
            "cluster_account_reference_list": [
              {
                "name": "AdPE2",
                "description": "",
                "message_list": [],
                "resources": {
                  "price_items": [
                    {
                      "type": "",
                      "name": "",
                      "uuid": "211f884e-cd37-4ed2-99cd-87339efe79cd",
                      "description": "",
                      "details": {
                        "type": "",
                        "association_type": "VM",
                        "provider_type": "nutanix",
                        "occurrence": "recurring"
                      },
                      "state_cost_list": [
                        {
                          "type": "",
                          "state": "ON",
                          "cost_list": [
                            {
                              "type": "recurring",
                              "interval": "hour",
                              "value": 0.01,
                              "name": "sockets"
                            },
                            {
                              "type": "recurring",
                              "interval": "hour",
                              "value": 0.01,
                              "name": "memory"
                            },
                            {
                              "type": "recurring",
                              "interval": "hour",
                              "value": 0.0003,
 
... (truncated)
2026-02-01 09:07:30 - create_cost_center_v2 - INFO - Found 1 PCs: ['HomePC_Account']
2026-02-01 09:07:30 - create_cost_center_v2 - INFO - 
============================================================
2026-02-01 09:07:30 - create_cost_center_v2 - INFO - Processing PC: HomePC_Account (6d915317-d32b-4093-a6fa-b225f59a7522)
2026-02-01 09:07:30 - create_cost_center_v2 - INFO - ============================================================
2026-02-01 09:07:30 - create_cost_center_v2 - INFO - [API REQUEST] GET https://ncm.services.nconprem-10-53-60-173.ccpnx.com/v1/cg/global/chargeback/availableAccounts/usedTags?provider=nx&parentAccount=6d915317-d32b-4093-a6fa-b225f59a7522
2026-02-01 09:07:31 - create_cost_center_v2 - INFO - [API RESPONSE] GET https://ncm.services.nconprem-10-53-60-173.ccpnx.com/v1/cg/global/chargeback/availableAccounts/usedTags?provider=nx&parentAccount=6d915317-d32b-4093-a6fa-b225f59a7522
2026-02-01 09:07:31 - create_cost_center_v2 - INFO - [STATUS CODE] 200
2026-02-01 09:07:31 - create_cost_center_v2 - INFO - [TIME TAKEN] 0.3749 seconds (374.86 ms)
2026-02-01 09:07:31 - create_cost_center_v2 - INFO - [RESPONSE CONTENT-TYPE] application/json
2026-02-01 09:07:31 - create_cost_center_v2 - INFO - [RESPONSE PAYLOAD]
{
  "00063ffe-e22c-90bf-45a6-7cc25530e846": [
    {
      "keys": [
        "nx:ahv_0-251004-112524_key1_FxJNZ"
      ],
      "values": [
        "ahv_0-251004-112524_value1_10_FxJNZ"
      ],
      "operator": "in"
    },
    {
      "keys": [
        "nx:ahv_0-251004-112618_key1_7aFgy"
      ],
      "values": [
        "ahv_0-251004-112618_value1_1_7aFgy"
      ],
      "operator": "notIn"
    },
    {
      "keys": [
        "nx:ahv_0-251004-112557_key1_jW5Pe"
      ],
      "values": [
        "ahv_0-251004-112557_value1_10_jW5Pe"
      ],
      "operator": "notIn"
    },
    {
      "keys": [
        "nx:ahv_0-251004-112538_key1_8T3pf"
      ],
      "values": [
        "ahv_0-251004-112538_value1_10_8T3pf"
      ],
      "operator": "notIn"
    },
    {
      "keys": [
        "nx:ahv_0-251004-112454_key1_P1FyH"
      ],
      "values": [
        "ahv_0-251004-112454_value1_1_P1FyH"
      ],
      "operator": "notIn"
    },
    {
      "keys": [
        "nx:ahv_0-251004-112635_key1_zXZb6"
      ],
      "values": [
        "ahv_0-251004-112635_value1_3_zXZb6"
      ],
      "operator": "notIn"
    },
    {
      "keys": [
        "nx:ahv_0-251004-112558_key1_Rvw5V"
      ],
      "values": [
        "ahv_0-251004-112558_value1_1_Rvw5V"
      ],
      "operator": "in"
    },
    {
      "keys": [
        "nx:ahv_0-250930-142555-NameChanged_key1_gTvXL"
      ],
      "values": [
        "ahv_0-250930-142555-NameChanged_value1_10_gTvXL"
      ],
      "operator": "in"
    },
    {
      "keys": [
        "nx:ahv_0-251003-055714_key1_zcZmD"
      ],
      "values": [
        "ahv_0-251003-055714_value1_1_zcZmD"
      ],
      "operator": "notIn"
    },
    {
      "keys": [
        "nx:ahv_0-250930-142555-NameChanged_key1_fo4eW"
      ],
      "values": [
        "ahv_0-250930-142555-NameChanged_value1_1_fo4eW"
      ],
      "operator": "notIn"
    },
    {
      "keys": [
        "nx:ahv_0-251004-112533_key1_GOxLS"
      ],
      "values": [
        "ahv_0-251
... (truncated)
2026-02-01 09:07:31 - create_cost_center_v2 - INFO -   Found 3 clusters
2026-02-01 09:07:31 - create_cost_center_v2 - INFO - [API REQUEST] GET https://ncm.services.nconprem-10-53-60-173.ccpnx.com/v1/cg/nx/analysis/dimensions/values?resourceGroupIds=6d915317-d32b-4093-a6fa-b225f59a7522&dimensions=tagKeys&resourceGroupType=billingAccount
2026-02-01 09:07:32 - create_cost_center_v2 - INFO - [API RESPONSE] GET https://ncm.services.nconprem-10-53-60-173.ccpnx.com/v1/cg/nx/analysis/dimensions/values?resourceGroupIds=6d915317-d32b-4093-a6fa-b225f59a7522&dimensions=tagKeys&resourceGroupType=billingAccount
2026-02-01 09:07:32 - create_cost_center_v2 - INFO - [STATUS CODE] 200
2026-02-01 09:07:32 - create_cost_center_v2 - INFO - [TIME TAKEN] 0.8949 seconds (894.85 ms)
2026-02-01 09:07:32 - create_cost_center_v2 - INFO - [RESPONSE CONTENT-TYPE] application/json
2026-02-01 09:07:32 - create_cost_center_v2 - INFO - [RESPONSE PAYLOAD]
{
  "tagKeys": [
    "nx:ADGroup",
    "nx:ahv_0-250930-142555-NameChanged_key1_7nbbX",
    "nx:ahv_0-250930-142555-NameChanged_key1_Dx2Sk",
    "nx:ahv_0-250930-142555-NameChanged_key1_fo4eW",
    "nx:ahv_0-250930-142555-NameChanged_key1_gTvXL",
    "nx:ahv_0-250930-142939_key1_twjx2",
    "nx:ahv_0-250930-203852_key1_j0ZEM",
    "nx:ahv_0-251002-230901_key1_ZMC08",
    "nx:ahv_0-251004-112437_key1_w3YcU",
    "nx:ahv_0-251004-112445_key1_7Juyt",
    "nx:ahv_0-251004-112453_key1_LWd5m",
    "nx:ahv_0-251004-112454_key1_P1FyH",
    "nx:ahv_0-251004-112507_key1_OXKuE",
    "nx:ahv_0-251004-112513_key1_hJU4i",
    "nx:ahv_0-251004-112521_key1_VxDdX",
    "nx:ahv_0-251004-112524_key1_FxJNZ",
    "nx:ahv_0-251004-112533_key1_GOxLS",
    "nx:ahv_0-251004-112538_key1_8T3pf",
    "nx:ahv_0-251004-112543_key1_cWNZI",
    "nx:ahv_0-251004-112549_key1_jePTb",
    "nx:ahv_0-251004-112557_key1_jW5Pe",
    "nx:ahv_0-251004-112558_key1_Rvw5V",
    "nx:ahv_0-251004-112606_key1_tZ7F6",
    "nx:ahv_0-251004-112615_key1_JyWLu",
    "nx:ahv_0-251004-112618_key1_7aFgy",
    "nx:ahv_0-251004-112632_key1_OWnlM",
    "nx:ahv_0-251004-112635_key1_zXZb6",
    "nx:ahv_0-251004-112641_key1_WlNEz",
    "nx:ahv_0-251004-112648_key1_sZQeA",
    "nx:ahv_0-251004-112659_key1_lFQeM",
    "nx:ahv_0-251004-112707_key1_24wOh",
    "nx:ahv_0-251004-112716_key1_y9eB9",
    "nx:ahv_0-251004-112724_key1_uLrxg",
    "nx:ahv_0-251004-112725_key1_uXgze",
    "nx:ahv_0-251004-112728_key1_tVkNx",
    "nx:ahv_0-251004-112739_key1_qrZ8z",
    "nx:ahv_0-251004-112740_key1_2Y58r",
    "nx:ahv_0-251004-112748_key1_Eb1rW",
    "nx:ahv_0-251004-112755_key1_K8h54",
    "nx:ahv_0-251004-123942_key1_AMkuF",
    "nx:ahv_0-251004-123945_key1_9Xc9r",
    "nx:ahv_0-251004-123947_key1_9acxk",
    "nx:ahv_0-251004-123951_key1_dFzTW",
    "nx:ahv_0-251004-124004_key1_Sbu5J",
    "nx:ahv_0-251004-124010_key1_eknPl",
    "nx:ahv_0-251004-124014_key1_YeKDR",
    "nx:ahv_0-251004-124037_key1_nOHmh",
    "nx:ahv_0-251004-124042_key
... (truncated)
2026-02-01 09:07:32 - create_cost_center_v2 - INFO -   Found 88 tag keys
2026-02-01 09:07:32 - create_cost_center_v2 - INFO -   Already used tags: 27
2026-02-01 09:07:32 - create_cost_center_v2 - INFO - [API REQUEST] GET https://ncm.services.nconprem-10-53-60-173.ccpnx.com/v1/cg/nx/analysis/dimensions/values?resourceGroupIds=6d915317-d32b-4093-a6fa-b225f59a7522&dimensions=tag.nx%253Aahv_0-251004-112437_key1_w3YcU&resourceGroupType=billingAccount
2026-02-01 09:07:32 - create_cost_center_v2 - INFO - [API RESPONSE] GET https://ncm.services.nconprem-10-53-60-173.ccpnx.com/v1/cg/nx/analysis/dimensions/values?resourceGroupIds=6d915317-d32b-4093-a6fa-b225f59a7522&dimensions=tag.nx%253Aahv_0-251004-112437_key1_w3YcU&resourceGroupType=billingAccount
2026-02-01 09:07:32 - create_cost_center_v2 - INFO - [STATUS CODE] 200
2026-02-01 09:07:32 - create_cost_center_v2 - INFO - [TIME TAKEN] 0.4804 seconds (480.44 ms)
2026-02-01 09:07:32 - create_cost_center_v2 - INFO - [RESPONSE CONTENT-TYPE] application/json
2026-02-01 09:07:32 - create_cost_center_v2 - INFO - [RESPONSE PAYLOAD]
{
  "nx:ahv_0-251004-112437_key1_w3YcU": [
    "ahv_0-251004-112437_value1_1_w3YcU"
  ]
}
2026-02-01 09:07:32 - create_cost_center_v2 - INFO - [API REQUEST] POST https://ncm.services.nconprem-10-53-60-173.ccpnx.com/v1/cg/global/costCenter
2026-02-01 09:07:32 - create_cost_center_v2 - INFO - [REQUEST DATA PAYLOAD] {"name": "CC_HomePC_Account_0e846_ahv_0-251004-112437_key1_w3YcU_ahv_0-251004-112437_value1_1_w3YcU_377027", "definitions": [{"provider": "nx", "parentAccount": "6d915317-d32b-4093-a6fa-b225f59a7522", "filters": {"childAccounts": ["00063ffe-e22c-90bf-45a6-7cc25530e846"], "tags": [{"keys": ["nx:ahv_0-251004-112437_key1_w3YcU"], "values": ["ahv_0-251004-112437_value1_1_w3YcU"], "operator": "in"}, {"keys": ["nx:ahv_0-251004-112524_key1_FxJNZ"], "values": ["ahv_0-251004-112524_value1_10_FxJNZ"], "operator": "notIn"}, {"keys": ["nx:ahv_0-251004-112618_key1_7aFgy"], "values": ["ahv_0-251004-112618_value1_1_7aFgy"], "operator": "notIn"}, {"keys": ["nx:ahv_0-251004-112557_key1_jW5Pe"], "values": ["ahv_0-251004-112557_value1_10_jW5Pe"], "operator": "notIn"}, {"keys": ["nx:ahv_0-251004-112538_key1_8T3pf"], "values": ["ahv_0-251004-112538_value1_10_8T3pf"], "operator": "notIn"}, {"keys": ["nx:ahv_0-251004-112454_key1_P1FyH"], "values": ["ahv_0-251004-112454_value1_1_P1FyH"], "operator": "notIn"},... (truncated)
2026-02-01 09:07:33 - create_cost_center_v2 - INFO - [API RESPONSE] POST https://ncm.services.nconprem-10-53-60-173.ccpnx.com/v1/cg/global/costCenter
2026-02-01 09:07:33 - create_cost_center_v2 - INFO - [STATUS CODE] 200
2026-02-01 09:07:33 - create_cost_center_v2 - INFO - [TIME TAKEN] 1.1474 seconds (1147.40 ms)
2026-02-01 09:07:33 - create_cost_center_v2 - INFO - [RESPONSE CONTENT-TYPE] application/json
2026-02-01 09:07:33 - create_cost_center_v2 - INFO - [RESPONSE PAYLOAD]
{
  "id": "6bb41b99-9bf3-4040-ab6e-ab3173d70c5a"
}
2026-02-01 09:07:33 - create_cost_center_v2 - INFO -   ✓ Created: CC_HomePC_Account_0e846_ahv_0-251004-112437_key1_w3YcU_ahv_0-251004-112437_value1_1_w3YcU_377027
2026-02-01 09:07:33 - create_cost_center_v2 - INFO - [API REQUEST] POST https://ncm.services.nconprem-10-53-60-173.ccpnx.com/v1/cg/global/costCenter
2026-02-01 09:07:33 - create_cost_center_v2 - INFO - [REQUEST DATA PAYLOAD] {"name": "CC_HomePC_Account_193e1_ahv_0-251004-112437_key1_w3YcU_ahv_0-251004-112437_value1_1_w3YcU_377027", "definitions": [{"provider": "nx", "parentAccount": "6d915317-d32b-4093-a6fa-b225f59a7522", "filters": {"childAccounts": ["00064002-1290-400a-0000-0000000193e1"], "tags": [{"keys": ["nx:ahv_0-251004-112437_key1_w3YcU"], "values": ["ahv_0-251004-112437_value1_1_w3YcU"], "operator": "in"}, {"keys": ["nx:ahv_0-251004-112524_key1_FxJNZ"], "values": ["ahv_0-251004-112524_value1_10_FxJNZ"], "operator": "notIn"}, {"keys": ["nx:ahv_0-251004-112618_key1_7aFgy"], "values": ["ahv_0-251004-112618_value1_1_7aFgy"], "operator": "notIn"}, {"keys": ["nx:ahv_0-251004-112557_key1_jW5Pe"], "values": ["ahv_0-251004-112557_value1_10_jW5Pe"], "operator": "notIn"}, {"keys": ["nx:ahv_0-251004-112538_key1_8T3pf"], "values": ["ahv_0-251004-112538_value1_10_8T3pf"], "operator": "notIn"}, {"keys": ["nx:ahv_0-251004-112454_key1_P1FyH"], "values": ["ahv_0-251004-112454_value1_1_P1FyH"], "operator": "notIn"},... (truncated)
2026-02-01 09:07:34 - create_cost_center_v2 - INFO - [API RESPONSE] POST https://ncm.services.nconprem-10-53-60-173.ccpnx.com/v1/cg/global/costCenter
2026-02-01 09:07:34 - create_cost_center_v2 - INFO - [STATUS CODE] 200
2026-02-01 09:07:34 - create_cost_center_v2 - INFO - [TIME TAKEN] 0.5663 seconds (566.25 ms)
2026-02-01 09:07:34 - create_cost_center_v2 - INFO - [RESPONSE CONTENT-TYPE] application/json
2026-02-01 09:07:34 - create_cost_center_v2 - INFO - [RESPONSE PAYLOAD]
{
  "id": "c9cce440-edf3-42c7-90b8-92cc1fc93912"
}
2026-02-01 09:07:34 - create_cost_center_v2 - INFO -   ✓ Created: CC_HomePC_Account_193e1_ahv_0-251004-112437_key1_w3YcU_ahv_0-251004-112437_value1_1_w3YcU_377027
2026-02-01 09:07:34 - create_cost_center_v2 - INFO - [API REQUEST] POST https://ncm.services.nconprem-10-53-60-173.ccpnx.com/v1/cg/global/costCenter
2026-02-01 09:07:34 - create_cost_center_v2 - INFO - [REQUEST DATA PAYLOAD] {"name": "CC_HomePC_Account_14617_ahv_0-251004-112437_key1_w3YcU_ahv_0-251004-112437_value1_1_w3YcU_377027", "definitions": [{"provider": "nx", "parentAccount": "6d915317-d32b-4093-a6fa-b225f59a7522", "filters": {"childAccounts": ["00063fff-3b65-3df9-6bee-7cc255814617"], "tags": [{"keys": ["nx:ahv_0-251004-112437_key1_w3YcU"], "values": ["ahv_0-251004-112437_value1_1_w3YcU"], "operator": "in"}, {"keys": ["nx:ahv_0-251004-112524_key1_FxJNZ"], "values": ["ahv_0-251004-112524_value1_10_FxJNZ"], "operator": "notIn"}, {"keys": ["nx:ahv_0-251004-112618_key1_7aFgy"], "values": ["ahv_0-251004-112618_value1_1_7aFgy"], "operator": "notIn"}, {"keys": ["nx:ahv_0-251004-112557_key1_jW5Pe"], "values": ["ahv_0-251004-112557_value1_10_jW5Pe"], "operator": "notIn"}, {"keys": ["nx:ahv_0-251004-112538_key1_8T3pf"], "values": ["ahv_0-251004-112538_value1_10_8T3pf"], "operator": "notIn"}, {"keys": ["nx:ahv_0-251004-112454_key1_P1FyH"], "values": ["ahv_0-251004-112454_value1_1_P1FyH"], "operator": "notIn"},... (truncated)
2026-02-01 09:07:34 - create_cost_center_v2 - INFO - [API RESPONSE] POST https://ncm.services.nconprem-10-53-60-173.ccpnx.com/v1/cg/global/costCenter
2026-02-01 09:07:34 - create_cost_center_v2 - INFO - [STATUS CODE] 200
2026-02-01 09:07:34 - create_cost_center_v2 - INFO - [TIME TAKEN] 0.4328 seconds (432.79 ms)
2026-02-01 09:07:34 - create_cost_center_v2 - INFO - [RESPONSE CONTENT-TYPE] application/json
2026-02-01 09:07:34 - create_cost_center_v2 - INFO - [RESPONSE PAYLOAD]
{
  "id": "b2636a31-14b8-4f9d-8f9b-1a75414703ac"
}
2026-02-01 09:07:34 - create_cost_center_v2 - INFO -   ✓ Created: CC_HomePC_Account_14617_ahv_0-251004-112437_key1_w3YcU_ahv_0-251004-112437_value1_1_w3YcU_377027
2026-02-01 09:07:34 - create_cost_center_v2 - INFO - [API REQUEST] GET https://ncm.services.nconprem-10-53-60-173.ccpnx.com/v1/cg/nx/analysis/dimensions/values?resourceGroupIds=6d915317-d32b-4093-a6fa-b225f59a7522&dimensions=tag.nx%253Aahv_0-251004-112453_key1_LWd5m&resourceGroupType=billingAccount
2026-02-01 09:07:35 - create_cost_center_v2 - INFO - [API RESPONSE] GET https://ncm.services.nconprem-10-53-60-173.ccpnx.com/v1/cg/nx/analysis/dimensions/values?resourceGroupIds=6d915317-d32b-4093-a6fa-b225f59a7522&dimensions=tag.nx%253Aahv_0-251004-112453_key1_LWd5m&resourceGroupType=billingAccount
2026-02-01 09:07:35 - create_cost_center_v2 - INFO - [STATUS CODE] 200
2026-02-01 09:07:35 - create_cost_center_v2 - INFO - [TIME TAKEN] 0.4980 seconds (497.96 ms)
2026-02-01 09:07:35 - create_cost_center_v2 - INFO - [RESPONSE CONTENT-TYPE] application/json
2026-02-01 09:07:35 - create_cost_center_v2 - INFO - [RESPONSE PAYLOAD]
{
  "nx:ahv_0-251004-112453_key1_LWd5m": [
    "ahv_0-251004-112453_value1_1_LWd5m"
  ]
}
2026-02-01 09:07:35 - create_cost_center_v2 - INFO - [API REQUEST] POST https://ncm.services.nconprem-10-53-60-173.ccpnx.com/v1/cg/global/costCenter
2026-02-01 09:07:35 - create_cost_center_v2 - INFO - [REQUEST DATA PAYLOAD] {"name": "CC_HomePC_Account_0e846_ahv_0-251004-112453_key1_LWd5m_ahv_0-251004-112453_value1_1_LWd5m_377027", "definitions": [{"provider": "nx", "parentAccount": "6d915317-d32b-4093-a6fa-b225f59a7522", "filters": {"childAccounts": ["00063ffe-e22c-90bf-45a6-7cc25530e846"], "tags": [{"keys": ["nx:ahv_0-251004-112453_key1_LWd5m"], "values": ["ahv_0-251004-112453_value1_1_LWd5m"], "operator": "in"}, {"keys": ["nx:ahv_0-251004-112524_key1_FxJNZ"], "values": ["ahv_0-251004-112524_value1_10_FxJNZ"], "operator": "notIn"}, {"keys": ["nx:ahv_0-251004-112618_key1_7aFgy"], "values": ["ahv_0-251004-112618_value1_1_7aFgy"], "operator": "notIn"}, {"keys": ["nx:ahv_0-251004-112557_key1_jW5Pe"], "values": ["ahv_0-251004-112557_value1_10_jW5Pe"], "operator": "notIn"}, {"keys": ["nx:ahv_0-251004-112538_key1_8T3pf"], "values": ["ahv_0-251004-112538_value1_10_8T3pf"], "operator": "notIn"}, {"keys": ["nx:ahv_0-251004-112454_key1_P1FyH"], "values": ["ahv_0-251004-112454_value1_1_P1FyH"], "operator": "notIn"},... (truncated)
2026-02-01 09:07:35 - create_cost_center_v2 - INFO - [API RESPONSE] POST https://ncm.services.nconprem-10-53-60-173.ccpnx.com/v1/cg/global/costCenter
2026-02-01 09:07:35 - create_cost_center_v2 - INFO - [STATUS CODE] 200
2026-02-01 09:07:35 - create_cost_center_v2 - INFO - [TIME TAKEN] 0.4876 seconds (487.56 ms)
2026-02-01 09:07:35 - create_cost_center_v2 - INFO - [RESPONSE CONTENT-TYPE] application/json
2026-02-01 09:07:35 - create_cost_center_v2 - INFO - [RESPONSE PAYLOAD]
{
  "id": "73bfb36f-4b34-434f-be73-f5d2cac393eb"
}
2026-02-01 09:07:35 - create_cost_center_v2 - INFO -   ✓ Created: CC_HomePC_Account_0e846_ahv_0-251004-112453_key1_LWd5m_ahv_0-251004-112453_value1_1_LWd5m_377027
2026-02-01 09:07:35 - create_cost_center_v2 - INFO - [API REQUEST] POST https://ncm.services.nconprem-10-53-60-173.ccpnx.com/v1/cg/global/costCenter
2026-02-01 09:07:35 - create_cost_center_v2 - INFO - [REQUEST DATA PAYLOAD] {"name": "CC_HomePC_Account_193e1_ahv_0-251004-112453_key1_LWd5m_ahv_0-251004-112453_value1_1_LWd5m_377027", "definitions": [{"provider": "nx", "parentAccount": "6d915317-d32b-4093-a6fa-b225f59a7522", "filters": {"childAccounts": ["00064002-1290-400a-0000-0000000193e1"], "tags": [{"keys": ["nx:ahv_0-251004-112453_key1_LWd5m"], "values": ["ahv_0-251004-112453_value1_1_LWd5m"], "operator": "in"}, {"keys": ["nx:ahv_0-251004-112524_key1_FxJNZ"], "values": ["ahv_0-251004-112524_value1_10_FxJNZ"], "operator": "notIn"}, {"keys": ["nx:ahv_0-251004-112618_key1_7aFgy"], "values": ["ahv_0-251004-112618_value1_1_7aFgy"], "operator": "notIn"}, {"keys": ["nx:ahv_0-251004-112557_key1_jW5Pe"], "values": ["ahv_0-251004-112557_value1_10_jW5Pe"], "operator": "notIn"}, {"keys": ["nx:ahv_0-251004-112538_key1_8T3pf"], "values": ["ahv_0-251004-112538_value1_10_8T3pf"], "operator": "notIn"}, {"keys": ["nx:ahv_0-251004-112454_key1_P1FyH"], "values": ["ahv_0-251004-112454_value1_1_P1FyH"], "operator": "notIn"},... (truncated)
2026-02-01 09:07:36 - create_cost_center_v2 - INFO - [API RESPONSE] POST https://ncm.services.nconprem-10-53-60-173.ccpnx.com/v1/cg/global/costCenter
2026-02-01 09:07:36 - create_cost_center_v2 - INFO - [STATUS CODE] 200
2026-02-01 09:07:36 - create_cost_center_v2 - INFO - [TIME TAKEN] 0.4068 seconds (406.81 ms)
2026-02-01 09:07:36 - create_cost_center_v2 - INFO - [RESPONSE CONTENT-TYPE] application/json
2026-02-01 09:07:36 - create_cost_center_v2 - INFO - [RESPONSE PAYLOAD]
{
  "id": "6e118a58-7779-47e9-89fe-c4f3b0e53b76"
}
2026-02-01 09:07:36 - create_cost_center_v2 - INFO -   ✓ Created: CC_HomePC_Account_193e1_ahv_0-251004-112453_key1_LWd5m_ahv_0-251004-112453_value1_1_LWd5m_377027
2026-02-01 09:07:36 - create_cost_center_v2 - INFO - [API REQUEST] POST https://ncm.services.nconprem-10-53-60-173.ccpnx.com/v1/cg/global/costCenter
2026-02-01 09:07:36 - create_cost_center_v2 - INFO - [REQUEST DATA PAYLOAD] {"name": "CC_HomePC_Account_14617_ahv_0-251004-112453_key1_LWd5m_ahv_0-251004-112453_value1_1_LWd5m_377027", "definitions": [{"provider": "nx", "parentAccount": "6d915317-d32b-4093-a6fa-b225f59a7522", "filters": {"childAccounts": ["00063fff-3b65-3df9-6bee-7cc255814617"], "tags": [{"keys": ["nx:ahv_0-251004-112453_key1_LWd5m"], "values": ["ahv_0-251004-112453_value1_1_LWd5m"], "operator": "in"}, {"keys": ["nx:ahv_0-251004-112524_key1_FxJNZ"], "values": ["ahv_0-251004-112524_value1_10_FxJNZ"], "operator": "notIn"}, {"keys": ["nx:ahv_0-251004-112618_key1_7aFgy"], "values": ["ahv_0-251004-112618_value1_1_7aFgy"], "operator": "notIn"}, {"keys": ["nx:ahv_0-251004-112557_key1_jW5Pe"], "values": ["ahv_0-251004-112557_value1_10_jW5Pe"], "operator": "notIn"}, {"keys": ["nx:ahv_0-251004-112538_key1_8T3pf"], "values": ["ahv_0-251004-112538_value1_10_8T3pf"], "operator": "notIn"}, {"keys": ["nx:ahv_0-251004-112454_key1_P1FyH"], "values": ["ahv_0-251004-112454_value1_1_P1FyH"], "operator": "notIn"},... (truncated)
2026-02-01 09:07:36 - create_cost_center_v2 - INFO - [API RESPONSE] POST https://ncm.services.nconprem-10-53-60-173.ccpnx.com/v1/cg/global/costCenter
2026-02-01 09:07:36 - create_cost_center_v2 - INFO - [STATUS CODE] 200
2026-02-01 09:07:36 - create_cost_center_v2 - INFO - [TIME TAKEN] 0.5710 seconds (571.04 ms)
2026-02-01 09:07:36 - create_cost_center_v2 - INFO - [RESPONSE CONTENT-TYPE] application/json
2026-02-01 09:07:36 - create_cost_center_v2 - INFO - [RESPONSE PAYLOAD]
{
  "id": "53389bd6-7893-4a9c-a648-d965fc6b382a"
}
2026-02-01 09:07:36 - create_cost_center_v2 - INFO -   ✓ Created: CC_HomePC_Account_14617_ahv_0-251004-112453_key1_LWd5m_ahv_0-251004-112453_value1_1_LWd5m_377027
2026-02-01 09:07:36 - create_cost_center_v2 - INFO - [API REQUEST] GET https://ncm.services.nconprem-10-53-60-173.ccpnx.com/v1/cg/nx/analysis/dimensions/values?resourceGroupIds=6d915317-d32b-4093-a6fa-b225f59a7522&dimensions=tag.nx%253Aahv_0-251004-112507_key1_OXKuE&resourceGroupType=billingAccount
2026-02-01 09:07:37 - create_cost_center_v2 - INFO - [API RESPONSE] GET https://ncm.services.nconprem-10-53-60-173.ccpnx.com/v1/cg/nx/analysis/dimensions/values?resourceGroupIds=6d915317-d32b-4093-a6fa-b225f59a7522&dimensions=tag.nx%253Aahv_0-251004-112507_key1_OXKuE&resourceGroupType=billingAccount
2026-02-01 09:07:37 - create_cost_center_v2 - INFO - [STATUS CODE] 200
2026-02-01 09:07:37 - create_cost_center_v2 - INFO - [TIME TAKEN] 0.3406 seconds (340.58 ms)
2026-02-01 09:07:37 - create_cost_center_v2 - INFO - [RESPONSE CONTENT-TYPE] application/json
2026-02-01 09:07:37 - create_cost_center_v2 - INFO - [RESPONSE PAYLOAD]
{
  "nx:ahv_0-251004-112507_key1_OXKuE": [
    "ahv_0-251004-112507_value1_1_OXKuE"
  ]
}
2026-02-01 09:07:37 - create_cost_center_v2 - INFO - [API REQUEST] POST https://ncm.services.nconprem-10-53-60-173.ccpnx.com/v1/cg/global/costCenter
2026-02-01 09:07:37 - create_cost_center_v2 - INFO - [REQUEST DATA PAYLOAD] {"name": "CC_HomePC_Account_0e846_ahv_0-251004-112507_key1_OXKuE_ahv_0-251004-112507_value1_1_OXKuE_377027", "definitions": [{"provider": "nx", "parentAccount": "6d915317-d32b-4093-a6fa-b225f59a7522", "filters": {"childAccounts": ["00063ffe-e22c-90bf-45a6-7cc25530e846"], "tags": [{"keys": ["nx:ahv_0-251004-112507_key1_OXKuE"], "values": ["ahv_0-251004-112507_value1_1_OXKuE"], "operator": "in"}, {"keys": ["nx:ahv_0-251004-112524_key1_FxJNZ"], "values": ["ahv_0-251004-112524_value1_10_FxJNZ"], "operator": "notIn"}, {"keys": ["nx:ahv_0-251004-112618_key1_7aFgy"], "values": ["ahv_0-251004-112618_value1_1_7aFgy"], "operator": "notIn"}, {"keys": ["nx:ahv_0-251004-112557_key1_jW5Pe"], "values": ["ahv_0-251004-112557_value1_10_jW5Pe"], "operator": "notIn"}, {"keys": ["nx:ahv_0-251004-112538_key1_8T3pf"], "values": ["ahv_0-251004-112538_value1_10_8T3pf"], "operator": "notIn"}, {"keys": ["nx:ahv_0-251004-112454_key1_P1FyH"], "values": ["ahv_0-251004-112454_value1_1_P1FyH"], "operator": "notIn"},... (truncated)
2026-02-01 09:07:37 - create_cost_center_v2 - INFO - [API RESPONSE] POST https://ncm.services.nconprem-10-53-60-173.ccpnx.com/v1/cg/global/costCenter
2026-02-01 09:07:37 - create_cost_center_v2 - INFO - [STATUS CODE] 200
2026-02-01 09:07:37 - create_cost_center_v2 - INFO - [TIME TAKEN] 0.4681 seconds (468.10 ms)
2026-02-01 09:07:37 - create_cost_center_v2 - INFO - [RESPONSE CONTENT-TYPE] application/json
2026-02-01 09:07:37 - create_cost_center_v2 - INFO - [RESPONSE PAYLOAD]
{
  "id": "16a92d6b-582a-4389-bd4f-94c0874cab58"
}
2026-02-01 09:07:37 - create_cost_center_v2 - INFO -   ✓ Created: CC_HomePC_Account_0e846_ahv_0-251004-112507_key1_OXKuE_ahv_0-251004-112507_value1_1_OXKuE_377027
2026-02-01 09:07:37 - create_cost_center_v2 - INFO - [API REQUEST] POST https://ncm.services.nconprem-10-53-60-173.ccpnx.com/v1/cg/global/costCenter
2026-02-01 09:07:37 - create_cost_center_v2 - INFO - [REQUEST DATA PAYLOAD] {"name": "CC_HomePC_Account_193e1_ahv_0-251004-112507_key1_OXKuE_ahv_0-251004-112507_value1_1_OXKuE_377027", "definitions": [{"provider": "nx", "parentAccount": "6d915317-d32b-4093-a6fa-b225f59a7522", "filters": {"childAccounts": ["00064002-1290-400a-0000-0000000193e1"], "tags": [{"keys": ["nx:ahv_0-251004-112507_key1_OXKuE"], "values": ["ahv_0-251004-112507_value1_1_OXKuE"], "operator": "in"}, {"keys": ["nx:ahv_0-251004-112524_key1_FxJNZ"], "values": ["ahv_0-251004-112524_value1_10_FxJNZ"], "operator": "notIn"}, {"keys": ["nx:ahv_0-251004-112618_key1_7aFgy"], "values": ["ahv_0-251004-112618_value1_1_7aFgy"], "operator": "notIn"}, {"keys": ["nx:ahv_0-251004-112557_key1_jW5Pe"], "values": ["ahv_0-251004-112557_value1_10_jW5Pe"], "operator": "notIn"}, {"keys": ["nx:ahv_0-251004-112538_key1_8T3pf"], "values": ["ahv_0-251004-112538_value1_10_8T3pf"], "operator": "notIn"}, {"keys": ["nx:ahv_0-251004-112454_key1_P1FyH"], "values": ["ahv_0-251004-112454_value1_1_P1FyH"], "operator": "notIn"},... (truncated)
2026-02-01 09:07:38 - create_cost_center_v2 - INFO - [API RESPONSE] POST https://ncm.services.nconprem-10-53-60-173.ccpnx.com/v1/cg/global/costCenter
2026-02-01 09:07:38 - create_cost_center_v2 - INFO - [STATUS CODE] 200
2026-02-01 09:07:38 - create_cost_center_v2 - INFO - [TIME TAKEN] 0.4927 seconds (492.68 ms)
2026-02-01 09:07:38 - create_cost_center_v2 - INFO - [RESPONSE CONTENT-TYPE] application/json
2026-02-01 09:07:38 - create_cost_center_v2 - INFO - [RESPONSE PAYLOAD]
{
  "id": "8d58d53c-8ad6-4164-8cd8-168b1503c4b4"
}
2026-02-01 09:07:38 - create_cost_center_v2 - INFO -   ✓ Created: CC_HomePC_Account_193e1_ahv_0-251004-112507_key1_OXKuE_ahv_0-251004-112507_value1_1_OXKuE_377027
2026-02-01 09:07:38 - create_cost_center_v2 - INFO - [API REQUEST] POST https://ncm.services.nconprem-10-53-60-173.ccpnx.com/v1/cg/global/costCenter
2026-02-01 09:07:38 - create_cost_center_v2 - INFO - [REQUEST DATA PAYLOAD] {"name": "CC_HomePC_Account_14617_ahv_0-251004-112507_key1_OXKuE_ahv_0-251004-112507_value1_1_OXKuE_377027", "definitions": [{"provider": "nx", "parentAccount": "6d915317-d32b-4093-a6fa-b225f59a7522", "filters": {"childAccounts": ["00063fff-3b65-3df9-6bee-7cc255814617"], "tags": [{"keys": ["nx:ahv_0-251004-112507_key1_OXKuE"], "values": ["ahv_0-251004-112507_value1_1_OXKuE"], "operator": "in"}, {"keys": ["nx:ahv_0-251004-112524_key1_FxJNZ"], "values": ["ahv_0-251004-112524_value1_10_FxJNZ"], "operator": "notIn"}, {"keys": ["nx:ahv_0-251004-112618_key1_7aFgy"], "values": ["ahv_0-251004-112618_value1_1_7aFgy"], "operator": "notIn"}, {"keys": ["nx:ahv_0-251004-112557_key1_jW5Pe"], "values": ["ahv_0-251004-112557_value1_10_jW5Pe"], "operator": "notIn"}, {"keys": ["nx:ahv_0-251004-112538_key1_8T3pf"], "values": ["ahv_0-251004-112538_value1_10_8T3pf"], "operator": "notIn"}, {"keys": ["nx:ahv_0-251004-112454_key1_P1FyH"], "values": ["ahv_0-251004-112454_value1_1_P1FyH"], "operator": "notIn"},... (truncated)
2026-02-01 09:07:38 - create_cost_center_v2 - INFO - [API RESPONSE] POST https://ncm.services.nconprem-10-53-60-173.ccpnx.com/v1/cg/global/costCenter
2026-02-01 09:07:38 - create_cost_center_v2 - INFO - [STATUS CODE] 200
2026-02-01 09:07:38 - create_cost_center_v2 - INFO - [TIME TAKEN] 0.4195 seconds (419.47 ms)
2026-02-01 09:07:38 - create_cost_center_v2 - INFO - [RESPONSE CONTENT-TYPE] application/json
2026-02-01 09:07:38 - create_cost_center_v2 - INFO - [RESPONSE PAYLOAD]
{
  "id": "3a8c5265-e633-4bd3-9ade-b36d8190e960"
}
2026-02-01 09:07:38 - create_cost_center_v2 - INFO -   ✓ Created: CC_HomePC_Account_14617_ahv_0-251004-112507_key1_OXKuE_ahv_0-251004-112507_value1_1_OXKuE_377027
2026-02-01 09:07:38 - create_cost_center_v2 - INFO - [API REQUEST] GET https://ncm.services.nconprem-10-53-60-173.ccpnx.com/v1/cg/nx/analysis/dimensions/values?resourceGroupIds=6d915317-d32b-4093-a6fa-b225f59a7522&dimensions=tag.nx%253Aahv_0-251004-112513_key1_hJU4i&resourceGroupType=billingAccount
2026-02-01 09:07:38 - create_cost_center_v2 - INFO - [API RESPONSE] GET https://ncm.services.nconprem-10-53-60-173.ccpnx.com/v1/cg/nx/analysis/dimensions/values?resourceGroupIds=6d915317-d32b-4093-a6fa-b225f59a7522&dimensions=tag.nx%253Aahv_0-251004-112513_key1_hJU4i&resourceGroupType=billingAccount
2026-02-01 09:07:38 - create_cost_center_v2 - INFO - [STATUS CODE] 200
2026-02-01 09:07:38 - create_cost_center_v2 - INFO - [TIME TAKEN] 0.4986 seconds (498.60 ms)
2026-02-01 09:07:38 - create_cost_center_v2 - INFO - [RESPONSE CONTENT-TYPE] application/json
2026-02-01 09:07:38 - create_cost_center_v2 - INFO - [RESPONSE PAYLOAD]
{
  "nx:ahv_0-251004-112513_key1_hJU4i": [
    "ahv_0-251004-112513_value1_1_hJU4i"
  ]
}
2026-02-01 09:07:38 - create_cost_center_v2 - INFO - [API REQUEST] POST https://ncm.services.nconprem-10-53-60-173.ccpnx.com/v1/cg/global/costCenter
2026-02-01 09:07:38 - create_cost_center_v2 - INFO - [REQUEST DATA PAYLOAD] {"name": "CC_HomePC_Account_0e846_ahv_0-251004-112513_key1_hJU4i_ahv_0-251004-112513_value1_1_hJU4i_377027", "definitions": [{"provider": "nx", "parentAccount": "6d915317-d32b-4093-a6fa-b225f59a7522", "filters": {"childAccounts": ["00063ffe-e22c-90bf-45a6-7cc25530e846"], "tags": [{"keys": ["nx:ahv_0-251004-112513_key1_hJU4i"], "values": ["ahv_0-251004-112513_value1_1_hJU4i"], "operator": "in"}, {"keys": ["nx:ahv_0-251004-112524_key1_FxJNZ"], "values": ["ahv_0-251004-112524_value1_10_FxJNZ"], "operator": "notIn"}, {"keys": ["nx:ahv_0-251004-112618_key1_7aFgy"], "values": ["ahv_0-251004-112618_value1_1_7aFgy"], "operator": "notIn"}, {"keys": ["nx:ahv_0-251004-112557_key1_jW5Pe"], "values": ["ahv_0-251004-112557_value1_10_jW5Pe"], "operator": "notIn"}, {"keys": ["nx:ahv_0-251004-112538_key1_8T3pf"], "values": ["ahv_0-251004-112538_value1_10_8T3pf"], "operator": "notIn"}, {"keys": ["nx:ahv_0-251004-112454_key1_P1FyH"], "values": ["ahv_0-251004-112454_value1_1_P1FyH"], "operator": "notIn"},... (truncated)
2026-02-01 09:07:39 - create_cost_center_v2 - INFO - [API RESPONSE] POST https://ncm.services.nconprem-10-53-60-173.ccpnx.com/v1/cg/global/costCenter
2026-02-01 09:07:39 - create_cost_center_v2 - INFO - [STATUS CODE] 200
2026-02-01 09:07:39 - create_cost_center_v2 - INFO - [TIME TAKEN] 0.5748 seconds (574.80 ms)
2026-02-01 09:07:39 - create_cost_center_v2 - INFO - [RESPONSE CONTENT-TYPE] application/json
2026-02-01 09:07:39 - create_cost_center_v2 - INFO - [RESPONSE PAYLOAD]
{
  "id": "5493b9ff-46f7-4090-951a-a95a6237bc9a"
}
2026-02-01 09:07:39 - create_cost_center_v2 - INFO -   ✓ Created: CC_HomePC_Account_0e846_ahv_0-251004-112513_key1_hJU4i_ahv_0-251004-112513_value1_1_hJU4i_377027
2026-02-01 09:07:39 - create_cost_center_v2 - INFO - [API REQUEST] POST https://ncm.services.nconprem-10-53-60-173.ccpnx.com/v1/cg/global/costCenter
2026-02-01 09:07:39 - create_cost_center_v2 - INFO - [REQUEST DATA PAYLOAD] {"name": "CC_HomePC_Account_193e1_ahv_0-251004-112513_key1_hJU4i_ahv_0-251004-112513_value1_1_hJU4i_377027", "definitions": [{"provider": "nx", "parentAccount": "6d915317-d32b-4093-a6fa-b225f59a7522", "filters": {"childAccounts": ["00064002-1290-400a-0000-0000000193e1"], "tags": [{"keys": ["nx:ahv_0-251004-112513_key1_hJU4i"], "values": ["ahv_0-251004-112513_value1_1_hJU4i"], "operator": "in"}, {"keys": ["nx:ahv_0-251004-112524_key1_FxJNZ"], "values": ["ahv_0-251004-112524_value1_10_FxJNZ"], "operator": "notIn"}, {"keys": ["nx:ahv_0-251004-112618_key1_7aFgy"], "values": ["ahv_0-251004-112618_value1_1_7aFgy"], "operator": "notIn"}, {"keys": ["nx:ahv_0-251004-112557_key1_jW5Pe"], "values": ["ahv_0-251004-112557_value1_10_jW5Pe"], "operator": "notIn"}, {"keys": ["nx:ahv_0-251004-112538_key1_8T3pf"], "values": ["ahv_0-251004-112538_value1_10_8T3pf"], "operator": "notIn"}, {"keys": ["nx:ahv_0-251004-112454_key1_P1FyH"], "values": ["ahv_0-251004-112454_value1_1_P1FyH"], "operator": "notIn"},... (truncated)
2026-02-01 09:07:39 - create_cost_center_v2 - INFO - [API RESPONSE] POST https://ncm.services.nconprem-10-53-60-173.ccpnx.com/v1/cg/global/costCenter
2026-02-01 09:07:39 - create_cost_center_v2 - INFO - [STATUS CODE] 200
2026-02-01 09:07:39 - create_cost_center_v2 - INFO - [TIME TAKEN] 0.4033 seconds (403.28 ms)
2026-02-01 09:07:39 - create_cost_center_v2 - INFO - [RESPONSE CONTENT-TYPE] application/json
2026-02-01 09:07:39 - create_cost_center_v2 - INFO - [RESPONSE PAYLOAD]
{
  "id": "9490e679-fae3-41c4-9c15-1fbefc01b7fa"
}
2026-02-01 09:07:39 - create_cost_center_v2 - INFO -   ✓ Created: CC_HomePC_Account_193e1_ahv_0-251004-112513_key1_hJU4i_ahv_0-251004-112513_value1_1_hJU4i_377027
2026-02-01 09:07:39 - create_cost_center_v2 - INFO - [API REQUEST] POST https://ncm.services.nconprem-10-53-60-173.ccpnx.com/v1/cg/global/costCenter
2026-02-01 09:07:39 - create_cost_center_v2 - INFO - [REQUEST DATA PAYLOAD] {"name": "CC_HomePC_Account_14617_ahv_0-251004-112513_key1_hJU4i_ahv_0-251004-112513_value1_1_hJU4i_377027", "definitions": [{"provider": "nx", "parentAccount": "6d915317-d32b-4093-a6fa-b225f59a7522", "filters": {"childAccounts": ["00063fff-3b65-3df9-6bee-7cc255814617"], "tags": [{"keys": ["nx:ahv_0-251004-112513_key1_hJU4i"], "values": ["ahv_0-251004-112513_value1_1_hJU4i"], "operator": "in"}, {"keys": ["nx:ahv_0-251004-112524_key1_FxJNZ"], "values": ["ahv_0-251004-112524_value1_10_FxJNZ"], "operator": "notIn"}, {"keys": ["nx:ahv_0-251004-112618_key1_7aFgy"], "values": ["ahv_0-251004-112618_value1_1_7aFgy"], "operator": "notIn"}, {"keys": ["nx:ahv_0-251004-112557_key1_jW5Pe"], "values": ["ahv_0-251004-112557_value1_10_jW5Pe"], "operator": "notIn"}, {"keys": ["nx:ahv_0-251004-112538_key1_8T3pf"], "values": ["ahv_0-251004-112538_value1_10_8T3pf"], "operator": "notIn"}, {"keys": ["nx:ahv_0-251004-112454_key1_P1FyH"], "values": ["ahv_0-251004-112454_value1_1_P1FyH"], "operator": "notIn"},... (truncated)
2026-02-01 09:07:40 - create_cost_center_v2 - INFO - [API RESPONSE] POST https://ncm.services.nconprem-10-53-60-173.ccpnx.com/v1/cg/global/costCenter
2026-02-01 09:07:40 - create_cost_center_v2 - INFO - [STATUS CODE] 200
2026-02-01 09:07:40 - create_cost_center_v2 - INFO - [TIME TAKEN] 0.6155 seconds (615.54 ms)
2026-02-01 09:07:40 - create_cost_center_v2 - INFO - [RESPONSE CONTENT-TYPE] application/json
2026-02-01 09:07:40 - create_cost_center_v2 - INFO - [RESPONSE PAYLOAD]
{
  "id": "86e035e6-3eb4-46c9-afae-7693c2bd536e"
}
2026-02-01 09:07:40 - create_cost_center_v2 - INFO -   ✓ Created: CC_HomePC_Account_14617_ahv_0-251004-112513_key1_hJU4i_ahv_0-251004-112513_value1_1_hJU4i_377027
2026-02-01 09:07:40 - create_cost_center_v2 - INFO - [API REQUEST] GET https://ncm.services.nconprem-10-53-60-173.ccpnx.com/v1/cg/nx/analysis/dimensions/values?resourceGroupIds=6d915317-d32b-4093-a6fa-b225f59a7522&dimensions=tag.nx%253Aahv_0-251004-112648_key1_sZQeA&resourceGroupType=billingAccount
2026-02-01 09:07:41 - create_cost_center_v2 - INFO - [API RESPONSE] GET https://ncm.services.nconprem-10-53-60-173.ccpnx.com/v1/cg/nx/analysis/dimensions/values?resourceGroupIds=6d915317-d32b-4093-a6fa-b225f59a7522&dimensions=tag.nx%253Aahv_0-251004-112648_key1_sZQeA&resourceGroupType=billingAccount
2026-02-01 09:07:41 - create_cost_center_v2 - INFO - [STATUS CODE] 200
2026-02-01 09:07:41 - create_cost_center_v2 - INFO - [TIME TAKEN] 0.4763 seconds (476.31 ms)
2026-02-01 09:07:41 - create_cost_center_v2 - INFO - [RESPONSE CONTENT-TYPE] application/json
2026-02-01 09:07:41 - create_cost_center_v2 - INFO - [RESPONSE PAYLOAD]
{
  "nx:ahv_0-251004-112648_key1_sZQeA": [
    "ahv_0-251004-112648_value1_4_sZQeA"
  ]
}
2026-02-01 09:07:41 - create_cost_center_v2 - INFO - [API REQUEST] POST https://ncm.services.nconprem-10-53-60-173.ccpnx.com/v1/cg/global/costCenter
2026-02-01 09:07:41 - create_cost_center_v2 - INFO - [REQUEST DATA PAYLOAD] {"name": "CC_HomePC_Account_0e846_ahv_0-251004-112648_key1_sZQeA_ahv_0-251004-112648_value1_4_sZQeA_377027", "definitions": [{"provider": "nx", "parentAccount": "6d915317-d32b-4093-a6fa-b225f59a7522", "filters": {"childAccounts": ["00063ffe-e22c-90bf-45a6-7cc25530e846"], "tags": [{"keys": ["nx:ahv_0-251004-112648_key1_sZQeA"], "values": ["ahv_0-251004-112648_value1_4_sZQeA"], "operator": "in"}, {"keys": ["nx:ahv_0-251004-112524_key1_FxJNZ"], "values": ["ahv_0-251004-112524_value1_10_FxJNZ"], "operator": "notIn"}, {"keys": ["nx:ahv_0-251004-112618_key1_7aFgy"], "values": ["ahv_0-251004-112618_value1_1_7aFgy"], "operator": "notIn"}, {"keys": ["nx:ahv_0-251004-112557_key1_jW5Pe"], "values": ["ahv_0-251004-112557_value1_10_jW5Pe"], "operator": "notIn"}, {"keys": ["nx:ahv_0-251004-112538_key1_8T3pf"], "values": ["ahv_0-251004-112538_value1_10_8T3pf"], "operator": "notIn"}, {"keys": ["nx:ahv_0-251004-112454_key1_P1FyH"], "values": ["ahv_0-251004-112454_value1_1_P1FyH"], "operator": "notIn"},... (truncated)
2026-02-01 09:07:41 - create_cost_center_v2 - INFO - [API RESPONSE] POST https://ncm.services.nconprem-10-53-60-173.ccpnx.com/v1/cg/global/costCenter
2026-02-01 09:07:41 - create_cost_center_v2 - INFO - [STATUS CODE] 200
2026-02-01 09:07:41 - create_cost_center_v2 - INFO - [TIME TAKEN] 0.5082 seconds (508.17 ms)
2026-02-01 09:07:41 - create_cost_center_v2 - INFO - [RESPONSE CONTENT-TYPE] application/json
2026-02-01 09:07:41 - create_cost_center_v2 - INFO - [RESPONSE PAYLOAD]
{
  "id": "6a85e6b5-f887-42b0-9467-542bd7df4ec0"
}
2026-02-01 09:07:41 - create_cost_center_v2 - INFO -   ✓ Created: CC_HomePC_Account_0e846_ahv_0-251004-112648_key1_sZQeA_ahv_0-251004-112648_value1_4_sZQeA_377027
2026-02-01 09:07:41 - create_cost_center_v2 - INFO - [API REQUEST] POST https://ncm.services.nconprem-10-53-60-173.ccpnx.com/v1/cg/global/costCenter
2026-02-01 09:07:41 - create_cost_center_v2 - INFO - [REQUEST DATA PAYLOAD] {"name": "CC_HomePC_Account_193e1_ahv_0-251004-112648_key1_sZQeA_ahv_0-251004-112648_value1_4_sZQeA_377027", "definitions": [{"provider": "nx", "parentAccount": "6d915317-d32b-4093-a6fa-b225f59a7522", "filters": {"childAccounts": ["00064002-1290-400a-0000-0000000193e1"], "tags": [{"keys": ["nx:ahv_0-251004-112648_key1_sZQeA"], "values": ["ahv_0-251004-112648_value1_4_sZQeA"], "operator": "in"}, {"keys": ["nx:ahv_0-251004-112524_key1_FxJNZ"], "values": ["ahv_0-251004-112524_value1_10_FxJNZ"], "operator": "notIn"}, {"keys": ["nx:ahv_0-251004-112618_key1_7aFgy"], "values": ["ahv_0-251004-112618_value1_1_7aFgy"], "operator": "notIn"}, {"keys": ["nx:ahv_0-251004-112557_key1_jW5Pe"], "values": ["ahv_0-251004-112557_value1_10_jW5Pe"], "operator": "notIn"}, {"keys": ["nx:ahv_0-251004-112538_key1_8T3pf"], "values": ["ahv_0-251004-112538_value1_10_8T3pf"], "operator": "notIn"}, {"keys": ["nx:ahv_0-251004-112454_key1_P1FyH"], "values": ["ahv_0-251004-112454_value1_1_P1FyH"], "operator": "notIn"},... (truncated)
2026-02-01 09:07:41 - create_cost_center_v2 - INFO - [API RESPONSE] POST https://ncm.services.nconprem-10-53-60-173.ccpnx.com/v1/cg/global/costCenter
2026-02-01 09:07:41 - create_cost_center_v2 - INFO - [STATUS CODE] 200
2026-02-01 09:07:41 - create_cost_center_v2 - INFO - [TIME TAKEN] 0.3976 seconds (397.64 ms)
2026-02-01 09:07:41 - create_cost_center_v2 - INFO - [RESPONSE CONTENT-TYPE] application/json
2026-02-01 09:07:41 - create_cost_center_v2 - INFO - [RESPONSE PAYLOAD]
{
  "id": "bd0679a6-a60a-4651-8805-34ca8e4fa77e"
}
2026-02-01 09:07:41 - create_cost_center_v2 - INFO -   ✓ Created: CC_HomePC_Account_193e1_ahv_0-251004-112648_key1_sZQeA_ahv_0-251004-112648_value1_4_sZQeA_377027
2026-02-01 09:07:41 - create_cost_center_v2 - INFO - [API REQUEST] POST https://ncm.services.nconprem-10-53-60-173.ccpnx.com/v1/cg/global/costCenter
2026-02-01 09:07:41 - create_cost_center_v2 - INFO - [REQUEST DATA PAYLOAD] {"name": "CC_HomePC_Account_14617_ahv_0-251004-112648_key1_sZQeA_ahv_0-251004-112648_value1_4_sZQeA_377027", "definitions": [{"provider": "nx", "parentAccount": "6d915317-d32b-4093-a6fa-b225f59a7522", "filters": {"childAccounts": ["00063fff-3b65-3df9-6bee-7cc255814617"], "tags": [{"keys": ["nx:ahv_0-251004-112648_key1_sZQeA"], "values": ["ahv_0-251004-112648_value1_4_sZQeA"], "operator": "in"}, {"keys": ["nx:ahv_0-251004-112524_key1_FxJNZ"], "values": ["ahv_0-251004-112524_value1_10_FxJNZ"], "operator": "notIn"}, {"keys": ["nx:ahv_0-251004-112618_key1_7aFgy"], "values": ["ahv_0-251004-112618_value1_1_7aFgy"], "operator": "notIn"}, {"keys": ["nx:ahv_0-251004-112557_key1_jW5Pe"], "values": ["ahv_0-251004-112557_value1_10_jW5Pe"], "operator": "notIn"}, {"keys": ["nx:ahv_0-251004-112538_key1_8T3pf"], "values": ["ahv_0-251004-112538_value1_10_8T3pf"], "operator": "notIn"}, {"keys": ["nx:ahv_0-251004-112454_key1_P1FyH"], "values": ["ahv_0-251004-112454_value1_1_P1FyH"], "operator": "notIn"},... (truncated)
2026-02-01 09:07:42 - create_cost_center_v2 - INFO - [API RESPONSE] POST https://ncm.services.nconprem-10-53-60-173.ccpnx.com/v1/cg/global/costCenter
2026-02-01 09:07:42 - create_cost_center_v2 - INFO - [STATUS CODE] 200
2026-02-01 09:07:42 - create_cost_center_v2 - INFO - [TIME TAKEN] 0.4633 seconds (463.31 ms)
2026-02-01 09:07:42 - create_cost_center_v2 - INFO - [RESPONSE CONTENT-TYPE] application/json
2026-02-01 09:07:42 - create_cost_center_v2 - INFO - [RESPONSE PAYLOAD]
{
  "id": "b5983ea4-b136-428b-aeed-3725beea99d9"
}
2026-02-01 09:07:42 - create_cost_center_v2 - INFO -   ✓ Created: CC_HomePC_Account_14617_ahv_0-251004-112648_key1_sZQeA_ahv_0-251004-112648_value1_4_sZQeA_377027
2026-02-01 09:07:42 - create_cost_center_v2 - INFO - [API REQUEST] GET https://ncm.services.nconprem-10-53-60-173.ccpnx.com/v1/cg/nx/analysis/dimensions/values?resourceGroupIds=6d915317-d32b-4093-a6fa-b225f59a7522&dimensions=tag.nx%253Aahv_0-251004-112659_key1_lFQeM&resourceGroupType=billingAccount
2026-02-01 09:07:42 - create_cost_center_v2 - INFO - [API RESPONSE] GET https://ncm.services.nconprem-10-53-60-173.ccpnx.com/v1/cg/nx/analysis/dimensions/values?resourceGroupIds=6d915317-d32b-4093-a6fa-b225f59a7522&dimensions=tag.nx%253Aahv_0-251004-112659_key1_lFQeM&resourceGroupType=billingAccount
2026-02-01 09:07:42 - create_cost_center_v2 - INFO - [STATUS CODE] 200
2026-02-01 09:07:42 - create_cost_center_v2 - INFO - [TIME TAKEN] 0.2521 seconds (252.06 ms)
2026-02-01 09:07:42 - create_cost_center_v2 - INFO - [RESPONSE CONTENT-TYPE] application/json
2026-02-01 09:07:42 - create_cost_center_v2 - INFO - [RESPONSE PAYLOAD]
{
  "nx:ahv_0-251004-112659_key1_lFQeM": [
    "ahv_0-251004-112659_value1_1_lFQeM",
    "ahv_0-251004-112659_value1_4_lFQeM",
    "ahv_0-251004-112659_value1_5_lFQeM"
  ]
}
2026-02-01 09:07:42 - create_cost_center_v2 - INFO - [API REQUEST] POST https://ncm.services.nconprem-10-53-60-173.ccpnx.com/v1/cg/global/costCenter
2026-02-01 09:07:42 - create_cost_center_v2 - INFO - [REQUEST DATA PAYLOAD] {"name": "CC_HomePC_Account_0e846_ahv_0-251004-112659_key1_lFQeM_ahv_0-251004-112659_value1_1_lFQeM_377027", "definitions": [{"provider": "nx", "parentAccount": "6d915317-d32b-4093-a6fa-b225f59a7522", "filters": {"childAccounts": ["00063ffe-e22c-90bf-45a6-7cc25530e846"], "tags": [{"keys": ["nx:ahv_0-251004-112659_key1_lFQeM"], "values": ["ahv_0-251004-112659_value1_1_lFQeM"], "operator": "in"}, {"keys": ["nx:ahv_0-251004-112524_key1_FxJNZ"], "values": ["ahv_0-251004-112524_value1_10_FxJNZ"], "operator": "notIn"}, {"keys": ["nx:ahv_0-251004-112618_key1_7aFgy"], "values": ["ahv_0-251004-112618_value1_1_7aFgy"], "operator": "notIn"}, {"keys": ["nx:ahv_0-251004-112557_key1_jW5Pe"], "values": ["ahv_0-251004-112557_value1_10_jW5Pe"], "operator": "notIn"}, {"keys": ["nx:ahv_0-251004-112538_key1_8T3pf"], "values": ["ahv_0-251004-112538_value1_10_8T3pf"], "operator": "notIn"}, {"keys": ["nx:ahv_0-251004-112454_key1_P1FyH"], "values": ["ahv_0-251004-112454_value1_1_P1FyH"], "operator": "notIn"},... (truncated)
2026-02-01 09:07:43 - create_cost_center_v2 - INFO - [API RESPONSE] POST https://ncm.services.nconprem-10-53-60-173.ccpnx.com/v1/cg/global/costCenter
2026-02-01 09:07:43 - create_cost_center_v2 - INFO - [STATUS CODE] 200
2026-02-01 09:07:43 - create_cost_center_v2 - INFO - [TIME TAKEN] 0.5436 seconds (543.59 ms)
2026-02-01 09:07:43 - create_cost_center_v2 - INFO - [RESPONSE CONTENT-TYPE] application/json
2026-02-01 09:07:43 - create_cost_center_v2 - INFO - [RESPONSE PAYLOAD]
{
  "id": "2961e2fe-3139-4d4f-b9fd-4027105ea66a"
}
2026-02-01 09:07:43 - create_cost_center_v2 - INFO -   ✓ Created: CC_HomePC_Account_0e846_ahv_0-251004-112659_key1_lFQeM_ahv_0-251004-112659_value1_1_lFQeM_377027
2026-02-01 09:07:43 - create_cost_center_v2 - INFO - [API REQUEST] POST https://ncm.services.nconprem-10-53-60-173.ccpnx.com/v1/cg/global/costCenter
2026-02-01 09:07:43 - create_cost_center_v2 - INFO - [REQUEST DATA PAYLOAD] {"name": "CC_HomePC_Account_193e1_ahv_0-251004-112659_key1_lFQeM_ahv_0-251004-112659_value1_1_lFQeM_377027", "definitions": [{"provider": "nx", "parentAccount": "6d915317-d32b-4093-a6fa-b225f59a7522", "filters": {"childAccounts": ["00064002-1290-400a-0000-0000000193e1"], "tags": [{"keys": ["nx:ahv_0-251004-112659_key1_lFQeM"], "values": ["ahv_0-251004-112659_value1_1_lFQeM"], "operator": "in"}, {"keys": ["nx:ahv_0-251004-112524_key1_FxJNZ"], "values": ["ahv_0-251004-112524_value1_10_FxJNZ"], "operator": "notIn"}, {"keys": ["nx:ahv_0-251004-112618_key1_7aFgy"], "values": ["ahv_0-251004-112618_value1_1_7aFgy"], "operator": "notIn"}, {"keys": ["nx:ahv_0-251004-112557_key1_jW5Pe"], "values": ["ahv_0-251004-112557_value1_10_jW5Pe"], "operator": "notIn"}, {"keys": ["nx:ahv_0-251004-112538_key1_8T3pf"], "values": ["ahv_0-251004-112538_value1_10_8T3pf"], "operator": "notIn"}, {"keys": ["nx:ahv_0-251004-112454_key1_P1FyH"], "values": ["ahv_0-251004-112454_value1_1_P1FyH"], "operator": "notIn"},... (truncated)
2026-02-01 09:07:43 - create_cost_center_v2 - INFO - [API RESPONSE] POST https://ncm.services.nconprem-10-53-60-173.ccpnx.com/v1/cg/global/costCenter
2026-02-01 09:07:43 - create_cost_center_v2 - INFO - [STATUS CODE] 200
2026-02-01 09:07:43 - create_cost_center_v2 - INFO - [TIME TAKEN] 0.6398 seconds (639.81 ms)
2026-02-01 09:07:43 - create_cost_center_v2 - INFO - [RESPONSE CONTENT-TYPE] application/json
2026-02-01 09:07:43 - create_cost_center_v2 - INFO - [RESPONSE PAYLOAD]
{
  "id": "98fde96b-0a45-40a6-86aa-b74502769c52"
}
2026-02-01 09:07:43 - create_cost_center_v2 - INFO -   ✓ Created: CC_HomePC_Account_193e1_ahv_0-251004-112659_key1_lFQeM_ahv_0-251004-112659_value1_1_lFQeM_377027
2026-02-01 09:07:43 - create_cost_center_v2 - INFO - [API REQUEST] POST https://ncm.services.nconprem-10-53-60-173.ccpnx.com/v1/cg/global/costCenter
2026-02-01 09:07:43 - create_cost_center_v2 - INFO - [REQUEST DATA PAYLOAD] {"name": "CC_HomePC_Account_14617_ahv_0-251004-112659_key1_lFQeM_ahv_0-251004-112659_value1_1_lFQeM_377027", "definitions": [{"provider": "nx", "parentAccount": "6d915317-d32b-4093-a6fa-b225f59a7522", "filters": {"childAccounts": ["00063fff-3b65-3df9-6bee-7cc255814617"], "tags": [{"keys": ["nx:ahv_0-251004-112659_key1_lFQeM"], "values": ["ahv_0-251004-112659_value1_1_lFQeM"], "operator": "in"}, {"keys": ["nx:ahv_0-251004-112524_key1_FxJNZ"], "values": ["ahv_0-251004-112524_value1_10_FxJNZ"], "operator": "notIn"}, {"keys": ["nx:ahv_0-251004-112618_key1_7aFgy"], "values": ["ahv_0-251004-112618_value1_1_7aFgy"], "operator": "notIn"}, {"keys": ["nx:ahv_0-251004-112557_key1_jW5Pe"], "values": ["ahv_0-251004-112557_value1_10_jW5Pe"], "operator": "notIn"}, {"keys": ["nx:ahv_0-251004-112538_key1_8T3pf"], "values": ["ahv_0-251004-112538_value1_10_8T3pf"], "operator": "notIn"}, {"keys": ["nx:ahv_0-251004-112454_key1_P1FyH"], "values": ["ahv_0-251004-112454_value1_1_P1FyH"], "operator": "notIn"},... (truncated)
2026-02-01 09:07:44 - create_cost_center_v2 - INFO - [API RESPONSE] POST https://ncm.services.nconprem-10-53-60-173.ccpnx.com/v1/cg/global/costCenter
2026-02-01 09:07:44 - create_cost_center_v2 - INFO - [STATUS CODE] 200
2026-02-01 09:07:44 - create_cost_center_v2 - INFO - [TIME TAKEN] 0.4015 seconds (401.47 ms)
2026-02-01 09:07:44 - create_cost_center_v2 - INFO - [RESPONSE CONTENT-TYPE] application/json
2026-02-01 09:07:44 - create_cost_center_v2 - INFO - [RESPONSE PAYLOAD]
{
  "id": "62274303-0e6c-4534-8dac-395a7bbdcd72"
}
2026-02-01 09:07:44 - create_cost_center_v2 - INFO -   ✓ Created: CC_HomePC_Account_14617_ahv_0-251004-112659_key1_lFQeM_ahv_0-251004-112659_value1_1_lFQeM_377027
2026-02-01 09:07:44 - create_cost_center_v2 - INFO - [API REQUEST] GET https://ncm.services.nconprem-10-53-60-173.ccpnx.com/v1/cg/nx/analysis/dimensions/values?resourceGroupIds=6d915317-d32b-4093-a6fa-b225f59a7522&dimensions=tag.nx%253Aahv_0-251004-112707_key1_24wOh&resourceGroupType=billingAccount
2026-02-01 09:07:44 - create_cost_center_v2 - INFO - [API RESPONSE] GET https://ncm.services.nconprem-10-53-60-173.ccpnx.com/v1/cg/nx/analysis/dimensions/values?resourceGroupIds=6d915317-d32b-4093-a6fa-b225f59a7522&dimensions=tag.nx%253Aahv_0-251004-112707_key1_24wOh&resourceGroupType=billingAccount
2026-02-01 09:07:44 - create_cost_center_v2 - INFO - [STATUS CODE] 200
2026-02-01 09:07:44 - create_cost_center_v2 - INFO - [TIME TAKEN] 0.3915 seconds (391.52 ms)
2026-02-01 09:07:44 - create_cost_center_v2 - INFO - [RESPONSE CONTENT-TYPE] application/json
2026-02-01 09:07:44 - create_cost_center_v2 - INFO - [RESPONSE PAYLOAD]
{
  "nx:ahv_0-251004-112707_key1_24wOh": [
    "ahv_0-251004-112707_value1_1_24wOh",
    "ahv_0-251004-112707_value1_2_24wOh",
    "ahv_0-251004-112707_value1_3_24wOh",
    "ahv_0-251004-112707_value1_4_24wOh"
  ]
}
2026-02-01 09:07:44 - create_cost_center_v2 - INFO - [API REQUEST] POST https://ncm.services.nconprem-10-53-60-173.ccpnx.com/v1/cg/global/costCenter
2026-02-01 09:07:44 - create_cost_center_v2 - INFO - [REQUEST DATA PAYLOAD] {"name": "CC_HomePC_Account_0e846_ahv_0-251004-112707_key1_24wOh_ahv_0-251004-112707_value1_1_24wOh_377027", "definitions": [{"provider": "nx", "parentAccount": "6d915317-d32b-4093-a6fa-b225f59a7522", "filters": {"childAccounts": ["00063ffe-e22c-90bf-45a6-7cc25530e846"], "tags": [{"keys": ["nx:ahv_0-251004-112707_key1_24wOh"], "values": ["ahv_0-251004-112707_value1_1_24wOh"], "operator": "in"}, {"keys": ["nx:ahv_0-251004-112524_key1_FxJNZ"], "values": ["ahv_0-251004-112524_value1_10_FxJNZ"], "operator": "notIn"}, {"keys": ["nx:ahv_0-251004-112618_key1_7aFgy"], "values": ["ahv_0-251004-112618_value1_1_7aFgy"], "operator": "notIn"}, {"keys": ["nx:ahv_0-251004-112557_key1_jW5Pe"], "values": ["ahv_0-251004-112557_value1_10_jW5Pe"], "operator": "notIn"}, {"keys": ["nx:ahv_0-251004-112538_key1_8T3pf"], "values": ["ahv_0-251004-112538_value1_10_8T3pf"], "operator": "notIn"}, {"keys": ["nx:ahv_0-251004-112454_key1_P1FyH"], "values": ["ahv_0-251004-112454_value1_1_P1FyH"], "operator": "notIn"},... (truncated)
2026-02-01 09:07:45 - create_cost_center_v2 - INFO - [API RESPONSE] POST https://ncm.services.nconprem-10-53-60-173.ccpnx.com/v1/cg/global/costCenter
2026-02-01 09:07:45 - create_cost_center_v2 - INFO - [STATUS CODE] 200
2026-02-01 09:07:45 - create_cost_center_v2 - INFO - [TIME TAKEN] 0.3942 seconds (394.24 ms)
2026-02-01 09:07:45 - create_cost_center_v2 - INFO - [RESPONSE CONTENT-TYPE] application/json
2026-02-01 09:07:45 - create_cost_center_v2 - INFO - [RESPONSE PAYLOAD]
{
  "id": "194f862e-2bbe-4551-b2cd-721aa461e084"
}
2026-02-01 09:07:45 - create_cost_center_v2 - INFO -   ✓ Created: CC_HomePC_Account_0e846_ahv_0-251004-112707_key1_24wOh_ahv_0-251004-112707_value1_1_24wOh_377027
2026-02-01 09:07:45 - create_cost_center_v2 - INFO - [API REQUEST] POST https://ncm.services.nconprem-10-53-60-173.ccpnx.com/v1/cg/global/costCenter
2026-02-01 09:07:45 - create_cost_center_v2 - INFO - [REQUEST DATA PAYLOAD] {"name": "CC_HomePC_Account_193e1_ahv_0-251004-112707_key1_24wOh_ahv_0-251004-112707_value1_1_24wOh_377027", "definitions": [{"provider": "nx", "parentAccount": "6d915317-d32b-4093-a6fa-b225f59a7522", "filters": {"childAccounts": ["00064002-1290-400a-0000-0000000193e1"], "tags": [{"keys": ["nx:ahv_0-251004-112707_key1_24wOh"], "values": ["ahv_0-251004-112707_value1_1_24wOh"], "operator": "in"}, {"keys": ["nx:ahv_0-251004-112524_key1_FxJNZ"], "values": ["ahv_0-251004-112524_value1_10_FxJNZ"], "operator": "notIn"}, {"keys": ["nx:ahv_0-251004-112618_key1_7aFgy"], "values": ["ahv_0-251004-112618_value1_1_7aFgy"], "operator": "notIn"}, {"keys": ["nx:ahv_0-251004-112557_key1_jW5Pe"], "values": ["ahv_0-251004-112557_value1_10_jW5Pe"], "operator": "notIn"}, {"keys": ["nx:ahv_0-251004-112538_key1_8T3pf"], "values": ["ahv_0-251004-112538_value1_10_8T3pf"], "operator": "notIn"}, {"keys": ["nx:ahv_0-251004-112454_key1_P1FyH"], "values": ["ahv_0-251004-112454_value1_1_P1FyH"], "operator": "notIn"},... (truncated)
2026-02-01 09:07:45 - create_cost_center_v2 - INFO - [API RESPONSE] POST https://ncm.services.nconprem-10-53-60-173.ccpnx.com/v1/cg/global/costCenter
2026-02-01 09:07:45 - create_cost_center_v2 - INFO - [STATUS CODE] 200
2026-02-01 09:07:45 - create_cost_center_v2 - INFO - [TIME TAKEN] 0.4195 seconds (419.54 ms)
2026-02-01 09:07:45 - create_cost_center_v2 - INFO - [RESPONSE CONTENT-TYPE] application/json
2026-02-01 09:07:45 - create_cost_center_v2 - INFO - [RESPONSE PAYLOAD]
{
  "id": "1d893b78-2935-41a4-944c-669d6e52ce6b"
}
2026-02-01 09:07:45 - create_cost_center_v2 - INFO -   ✓ Created: CC_HomePC_Account_193e1_ahv_0-251004-112707_key1_24wOh_ahv_0-251004-112707_value1_1_24wOh_377027
2026-02-01 09:07:45 - create_cost_center_v2 - INFO - [API REQUEST] POST https://ncm.services.nconprem-10-53-60-173.ccpnx.com/v1/cg/global/costCenter
2026-02-01 09:07:45 - create_cost_center_v2 - INFO - [REQUEST DATA PAYLOAD] {"name": "CC_HomePC_Account_14617_ahv_0-251004-112707_key1_24wOh_ahv_0-251004-112707_value1_1_24wOh_377027", "definitions": [{"provider": "nx", "parentAccount": "6d915317-d32b-4093-a6fa-b225f59a7522", "filters": {"childAccounts": ["00063fff-3b65-3df9-6bee-7cc255814617"], "tags": [{"keys": ["nx:ahv_0-251004-112707_key1_24wOh"], "values": ["ahv_0-251004-112707_value1_1_24wOh"], "operator": "in"}, {"keys": ["nx:ahv_0-251004-112524_key1_FxJNZ"], "values": ["ahv_0-251004-112524_value1_10_FxJNZ"], "operator": "notIn"}, {"keys": ["nx:ahv_0-251004-112618_key1_7aFgy"], "values": ["ahv_0-251004-112618_value1_1_7aFgy"], "operator": "notIn"}, {"keys": ["nx:ahv_0-251004-112557_key1_jW5Pe"], "values": ["ahv_0-251004-112557_value1_10_jW5Pe"], "operator": "notIn"}, {"keys": ["nx:ahv_0-251004-112538_key1_8T3pf"], "values": ["ahv_0-251004-112538_value1_10_8T3pf"], "operator": "notIn"}, {"keys": ["nx:ahv_0-251004-112454_key1_P1FyH"], "values": ["ahv_0-251004-112454_value1_1_P1FyH"], "operator": "notIn"},... (truncated)
2026-02-01 09:07:45 - create_cost_center_v2 - INFO - [API RESPONSE] POST https://ncm.services.nconprem-10-53-60-173.ccpnx.com/v1/cg/global/costCenter
2026-02-01 09:07:45 - create_cost_center_v2 - INFO - [STATUS CODE] 200
2026-02-01 09:07:45 - create_cost_center_v2 - INFO - [TIME TAKEN] 0.4081 seconds (408.07 ms)
2026-02-01 09:07:45 - create_cost_center_v2 - INFO - [RESPONSE CONTENT-TYPE] application/json
2026-02-01 09:07:45 - create_cost_center_v2 - INFO - [RESPONSE PAYLOAD]
{
  "id": "613c6fc7-39d6-426a-96f6-7357b78ab258"
}
2026-02-01 09:07:45 - create_cost_center_v2 - INFO -   ✓ Created: CC_HomePC_Account_14617_ahv_0-251004-112707_key1_24wOh_ahv_0-251004-112707_value1_1_24wOh_377027
2026-02-01 09:07:45 - create_cost_center_v2 - INFO - [API REQUEST] GET https://ncm.services.nconprem-10-53-60-173.ccpnx.com/v1/cg/nx/analysis/dimensions/values?resourceGroupIds=6d915317-d32b-4093-a6fa-b225f59a7522&dimensions=tag.nx%253Aahv_0-251004-112716_key1_y9eB9&resourceGroupType=billingAccount
2026-02-01 09:07:46 - create_cost_center_v2 - INFO - [API RESPONSE] GET https://ncm.services.nconprem-10-53-60-173.ccpnx.com/v1/cg/nx/analysis/dimensions/values?resourceGroupIds=6d915317-d32b-4093-a6fa-b225f59a7522&dimensions=tag.nx%253Aahv_0-251004-112716_key1_y9eB9&resourceGroupType=billingAccount
2026-02-01 09:07:46 - create_cost_center_v2 - INFO - [STATUS CODE] 200
2026-02-01 09:07:46 - create_cost_center_v2 - INFO - [TIME TAKEN] 0.3133 seconds (313.34 ms)
2026-02-01 09:07:46 - create_cost_center_v2 - INFO - [RESPONSE CONTENT-TYPE] application/json
2026-02-01 09:07:46 - create_cost_center_v2 - INFO - [RESPONSE PAYLOAD]
{
  "nx:ahv_0-251004-112716_key1_y9eB9": [
    "ahv_0-251004-112716_value1_1_y9eB9",
    "ahv_0-251004-112716_value1_2_y9eB9",
    "ahv_0-251004-112716_value1_5_y9eB9"
  ]
}
2026-02-01 09:07:46 - create_cost_center_v2 - INFO - [API REQUEST] POST https://ncm.services.nconprem-10-53-60-173.ccpnx.com/v1/cg/global/costCenter
2026-02-01 09:07:46 - create_cost_center_v2 - INFO - [REQUEST DATA PAYLOAD] {"name": "CC_HomePC_Account_0e846_ahv_0-251004-112716_key1_y9eB9_ahv_0-251004-112716_value1_1_y9eB9_377027", "definitions": [{"provider": "nx", "parentAccount": "6d915317-d32b-4093-a6fa-b225f59a7522", "filters": {"childAccounts": ["00063ffe-e22c-90bf-45a6-7cc25530e846"], "tags": [{"keys": ["nx:ahv_0-251004-112716_key1_y9eB9"], "values": ["ahv_0-251004-112716_value1_1_y9eB9"], "operator": "in"}, {"keys": ["nx:ahv_0-251004-112524_key1_FxJNZ"], "values": ["ahv_0-251004-112524_value1_10_FxJNZ"], "operator": "notIn"}, {"keys": ["nx:ahv_0-251004-112618_key1_7aFgy"], "values": ["ahv_0-251004-112618_value1_1_7aFgy"], "operator": "notIn"}, {"keys": ["nx:ahv_0-251004-112557_key1_jW5Pe"], "values": ["ahv_0-251004-112557_value1_10_jW5Pe"], "operator": "notIn"}, {"keys": ["nx:ahv_0-251004-112538_key1_8T3pf"], "values": ["ahv_0-251004-112538_value1_10_8T3pf"], "operator": "notIn"}, {"keys": ["nx:ahv_0-251004-112454_key1_P1FyH"], "values": ["ahv_0-251004-112454_value1_1_P1FyH"], "operator": "notIn"},... (truncated)
2026-02-01 09:07:46 - create_cost_center_v2 - INFO - [API RESPONSE] POST https://ncm.services.nconprem-10-53-60-173.ccpnx.com/v1/cg/global/costCenter
2026-02-01 09:07:46 - create_cost_center_v2 - INFO - [STATUS CODE] 200
2026-02-01 09:07:46 - create_cost_center_v2 - INFO - [TIME TAKEN] 0.4559 seconds (455.93 ms)
2026-02-01 09:07:46 - create_cost_center_v2 - INFO - [RESPONSE CONTENT-TYPE] application/json
2026-02-01 09:07:46 - create_cost_center_v2 - INFO - [RESPONSE PAYLOAD]
{
  "id": "c9f9bad5-9a60-4b48-8a49-7291b8378e02"
}
2026-02-01 09:07:46 - create_cost_center_v2 - INFO -   ✓ Created: CC_HomePC_Account_0e846_ahv_0-251004-112716_key1_y9eB9_ahv_0-251004-112716_value1_1_y9eB9_377027
2026-02-01 09:07:46 - create_cost_center_v2 - INFO - [API REQUEST] POST https://ncm.services.nconprem-10-53-60-173.ccpnx.com/v1/cg/global/costCenter
2026-02-01 09:07:46 - create_cost_center_v2 - INFO - [REQUEST DATA PAYLOAD] {"name": "CC_HomePC_Account_193e1_ahv_0-251004-112716_key1_y9eB9_ahv_0-251004-112716_value1_1_y9eB9_377027", "definitions": [{"provider": "nx", "parentAccount": "6d915317-d32b-4093-a6fa-b225f59a7522", "filters": {"childAccounts": ["00064002-1290-400a-0000-0000000193e1"], "tags": [{"keys": ["nx:ahv_0-251004-112716_key1_y9eB9"], "values": ["ahv_0-251004-112716_value1_1_y9eB9"], "operator": "in"}, {"keys": ["nx:ahv_0-251004-112524_key1_FxJNZ"], "values": ["ahv_0-251004-112524_value1_10_FxJNZ"], "operator": "notIn"}, {"keys": ["nx:ahv_0-251004-112618_key1_7aFgy"], "values": ["ahv_0-251004-112618_value1_1_7aFgy"], "operator": "notIn"}, {"keys": ["nx:ahv_0-251004-112557_key1_jW5Pe"], "values": ["ahv_0-251004-112557_value1_10_jW5Pe"], "operator": "notIn"}, {"keys": ["nx:ahv_0-251004-112538_key1_8T3pf"], "values": ["ahv_0-251004-112538_value1_10_8T3pf"], "operator": "notIn"}, {"keys": ["nx:ahv_0-251004-112454_key1_P1FyH"], "values": ["ahv_0-251004-112454_value1_1_P1FyH"], "operator": "notIn"},... (truncated)
2026-02-01 09:07:47 - create_cost_center_v2 - INFO - [API RESPONSE] POST https://ncm.services.nconprem-10-53-60-173.ccpnx.com/v1/cg/global/costCenter
2026-02-01 09:07:47 - create_cost_center_v2 - INFO - [STATUS CODE] 200
2026-02-01 09:07:47 - create_cost_center_v2 - INFO - [TIME TAKEN] 0.4830 seconds (482.98 ms)
2026-02-01 09:07:47 - create_cost_center_v2 - INFO - [RESPONSE CONTENT-TYPE] application/json
2026-02-01 09:07:47 - create_cost_center_v2 - INFO - [RESPONSE PAYLOAD]
{
  "id": "ba1d30fc-efe9-41b2-a6b1-368fa265888b"
}
2026-02-01 09:07:47 - create_cost_center_v2 - INFO -   ✓ Created: CC_HomePC_Account_193e1_ahv_0-251004-112716_key1_y9eB9_ahv_0-251004-112716_value1_1_y9eB9_377027
2026-02-01 09:07:47 - create_cost_center_v2 - INFO - [API REQUEST] POST https://ncm.services.nconprem-10-53-60-173.ccpnx.com/v1/cg/global/costCenter
2026-02-01 09:07:47 - create_cost_center_v2 - INFO - [REQUEST DATA PAYLOAD] {"name": "CC_HomePC_Account_14617_ahv_0-251004-112716_key1_y9eB9_ahv_0-251004-112716_value1_1_y9eB9_377027", "definitions": [{"provider": "nx", "parentAccount": "6d915317-d32b-4093-a6fa-b225f59a7522", "filters": {"childAccounts": ["00063fff-3b65-3df9-6bee-7cc255814617"], "tags": [{"keys": ["nx:ahv_0-251004-112716_key1_y9eB9"], "values": ["ahv_0-251004-112716_value1_1_y9eB9"], "operator": "in"}, {"keys": ["nx:ahv_0-251004-112524_key1_FxJNZ"], "values": ["ahv_0-251004-112524_value1_10_FxJNZ"], "operator": "notIn"}, {"keys": ["nx:ahv_0-251004-112618_key1_7aFgy"], "values": ["ahv_0-251004-112618_value1_1_7aFgy"], "operator": "notIn"}, {"keys": ["nx:ahv_0-251004-112557_key1_jW5Pe"], "values": ["ahv_0-251004-112557_value1_10_jW5Pe"], "operator": "notIn"}, {"keys": ["nx:ahv_0-251004-112538_key1_8T3pf"], "values": ["ahv_0-251004-112538_value1_10_8T3pf"], "operator": "notIn"}, {"keys": ["nx:ahv_0-251004-112454_key1_P1FyH"], "values": ["ahv_0-251004-112454_value1_1_P1FyH"], "operator": "notIn"},... (truncated)
2026-02-01 09:07:47 - create_cost_center_v2 - INFO - [API RESPONSE] POST https://ncm.services.nconprem-10-53-60-173.ccpnx.com/v1/cg/global/costCenter
2026-02-01 09:07:47 - create_cost_center_v2 - INFO - [STATUS CODE] 200
2026-02-01 09:07:47 - create_cost_center_v2 - INFO - [TIME TAKEN] 0.4447 seconds (444.70 ms)
2026-02-01 09:07:47 - create_cost_center_v2 - INFO - [RESPONSE CONTENT-TYPE] application/json
2026-02-01 09:07:47 - create_cost_center_v2 - INFO - [RESPONSE PAYLOAD]
{
  "id": "745bc34f-e441-4f53-960b-52e4e4956de7"
}
2026-02-01 09:07:47 - create_cost_center_v2 - INFO -   ✓ Created: CC_HomePC_Account_14617_ahv_0-251004-112716_key1_y9eB9_ahv_0-251004-112716_value1_1_y9eB9_377027
2026-02-01 09:07:47 - create_cost_center_v2 - INFO - [API REQUEST] GET https://ncm.services.nconprem-10-53-60-173.ccpnx.com/v1/cg/nx/analysis/dimensions/values?resourceGroupIds=6d915317-d32b-4093-a6fa-b225f59a7522&dimensions=tag.nx%253Aahv_0-251004-112724_key1_uLrxg&resourceGroupType=billingAccount
2026-02-01 09:07:47 - create_cost_center_v2 - INFO - [API RESPONSE] GET https://ncm.services.nconprem-10-53-60-173.ccpnx.com/v1/cg/nx/analysis/dimensions/values?resourceGroupIds=6d915317-d32b-4093-a6fa-b225f59a7522&dimensions=tag.nx%253Aahv_0-251004-112724_key1_uLrxg&resourceGroupType=billingAccount
2026-02-01 09:07:47 - create_cost_center_v2 - INFO - [STATUS CODE] 200
2026-02-01 09:07:47 - create_cost_center_v2 - INFO - [TIME TAKEN] 0.2890 seconds (289.02 ms)
2026-02-01 09:07:47 - create_cost_center_v2 - INFO - [RESPONSE CONTENT-TYPE] application/json
2026-02-01 09:07:47 - create_cost_center_v2 - INFO - [RESPONSE PAYLOAD]
{
  "nx:ahv_0-251004-112724_key1_uLrxg": [
    "ahv_0-251004-112724_value1_1_uLrxg",
    "ahv_0-251004-112724_value1_3_uLrxg"
  ]
}
2026-02-01 09:07:47 - create_cost_center_v2 - INFO - [API REQUEST] POST https://ncm.services.nconprem-10-53-60-173.ccpnx.com/v1/cg/global/costCenter
2026-02-01 09:07:47 - create_cost_center_v2 - INFO - [REQUEST DATA PAYLOAD] {"name": "CC_HomePC_Account_0e846_ahv_0-251004-112724_key1_uLrxg_ahv_0-251004-112724_value1_1_uLrxg_377027", "definitions": [{"provider": "nx", "parentAccount": "6d915317-d32b-4093-a6fa-b225f59a7522", "filters": {"childAccounts": ["00063ffe-e22c-90bf-45a6-7cc25530e846"], "tags": [{"keys": ["nx:ahv_0-251004-112724_key1_uLrxg"], "values": ["ahv_0-251004-112724_value1_1_uLrxg"], "operator": "in"}, {"keys": ["nx:ahv_0-251004-112524_key1_FxJNZ"], "values": ["ahv_0-251004-112524_value1_10_FxJNZ"], "operator": "notIn"}, {"keys": ["nx:ahv_0-251004-112618_key1_7aFgy"], "values": ["ahv_0-251004-112618_value1_1_7aFgy"], "operator": "notIn"}, {"keys": ["nx:ahv_0-251004-112557_key1_jW5Pe"], "values": ["ahv_0-251004-112557_value1_10_jW5Pe"], "operator": "notIn"}, {"keys": ["nx:ahv_0-251004-112538_key1_8T3pf"], "values": ["ahv_0-251004-112538_value1_10_8T3pf"], "operator": "notIn"}, {"keys": ["nx:ahv_0-251004-112454_key1_P1FyH"], "values": ["ahv_0-251004-112454_value1_1_P1FyH"], "operator": "notIn"},... (truncated)
2026-02-01 09:07:48 - create_cost_center_v2 - INFO - [API RESPONSE] POST https://ncm.services.nconprem-10-53-60-173.ccpnx.com/v1/cg/global/costCenter
2026-02-01 09:07:48 - create_cost_center_v2 - INFO - [STATUS CODE] 200
2026-02-01 09:07:48 - create_cost_center_v2 - INFO - [TIME TAKEN] 0.4997 seconds (499.71 ms)
2026-02-01 09:07:48 - create_cost_center_v2 - INFO - [RESPONSE CONTENT-TYPE] application/json
2026-02-01 09:07:48 - create_cost_center_v2 - INFO - [RESPONSE PAYLOAD]
{
  "id": "d82631e9-f985-4c75-872c-e8418ce29f21"
}
2026-02-01 09:07:48 - create_cost_center_v2 - INFO -   ✓ Created: CC_HomePC_Account_0e846_ahv_0-251004-112724_key1_uLrxg_ahv_0-251004-112724_value1_1_uLrxg_377027
2026-02-01 09:07:48 - create_cost_center_v2 - INFO - [API REQUEST] POST https://ncm.services.nconprem-10-53-60-173.ccpnx.com/v1/cg/global/costCenter
2026-02-01 09:07:48 - create_cost_center_v2 - INFO - [REQUEST DATA PAYLOAD] {"name": "CC_HomePC_Account_193e1_ahv_0-251004-112724_key1_uLrxg_ahv_0-251004-112724_value1_1_uLrxg_377027", "definitions": [{"provider": "nx", "parentAccount": "6d915317-d32b-4093-a6fa-b225f59a7522", "filters": {"childAccounts": ["00064002-1290-400a-0000-0000000193e1"], "tags": [{"keys": ["nx:ahv_0-251004-112724_key1_uLrxg"], "values": ["ahv_0-251004-112724_value1_1_uLrxg"], "operator": "in"}, {"keys": ["nx:ahv_0-251004-112524_key1_FxJNZ"], "values": ["ahv_0-251004-112524_value1_10_FxJNZ"], "operator": "notIn"}, {"keys": ["nx:ahv_0-251004-112618_key1_7aFgy"], "values": ["ahv_0-251004-112618_value1_1_7aFgy"], "operator": "notIn"}, {"keys": ["nx:ahv_0-251004-112557_key1_jW5Pe"], "values": ["ahv_0-251004-112557_value1_10_jW5Pe"], "operator": "notIn"}, {"keys": ["nx:ahv_0-251004-112538_key1_8T3pf"], "values": ["ahv_0-251004-112538_value1_10_8T3pf"], "operator": "notIn"}, {"keys": ["nx:ahv_0-251004-112454_key1_P1FyH"], "values": ["ahv_0-251004-112454_value1_1_P1FyH"], "operator": "notIn"},... (truncated)
2026-02-01 09:07:48 - create_cost_center_v2 - INFO - [API RESPONSE] POST https://ncm.services.nconprem-10-53-60-173.ccpnx.com/v1/cg/global/costCenter
2026-02-01 09:07:48 - create_cost_center_v2 - INFO - [STATUS CODE] 200
2026-02-01 09:07:48 - create_cost_center_v2 - INFO - [TIME TAKEN] 0.3822 seconds (382.16 ms)
2026-02-01 09:07:48 - create_cost_center_v2 - INFO - [RESPONSE CONTENT-TYPE] application/json
2026-02-01 09:07:48 - create_cost_center_v2 - INFO - [RESPONSE PAYLOAD]
{
  "id": "bb3913c5-35d6-4ce5-bfa1-279c61a5b34e"
}
2026-02-01 09:07:48 - create_cost_center_v2 - INFO -   ✓ Created: CC_HomePC_Account_193e1_ahv_0-251004-112724_key1_uLrxg_ahv_0-251004-112724_value1_1_uLrxg_377027
2026-02-01 09:07:48 - create_cost_center_v2 - INFO - [API REQUEST] POST https://ncm.services.nconprem-10-53-60-173.ccpnx.com/v1/cg/global/costCenter
2026-02-01 09:07:48 - create_cost_center_v2 - INFO - [REQUEST DATA PAYLOAD] {"name": "CC_HomePC_Account_14617_ahv_0-251004-112724_key1_uLrxg_ahv_0-251004-112724_value1_1_uLrxg_377027", "definitions": [{"provider": "nx", "parentAccount": "6d915317-d32b-4093-a6fa-b225f59a7522", "filters": {"childAccounts": ["00063fff-3b65-3df9-6bee-7cc255814617"], "tags": [{"keys": ["nx:ahv_0-251004-112724_key1_uLrxg"], "values": ["ahv_0-251004-112724_value1_1_uLrxg"], "operator": "in"}, {"keys": ["nx:ahv_0-251004-112524_key1_FxJNZ"], "values": ["ahv_0-251004-112524_value1_10_FxJNZ"], "operator": "notIn"}, {"keys": ["nx:ahv_0-251004-112618_key1_7aFgy"], "values": ["ahv_0-251004-112618_value1_1_7aFgy"], "operator": "notIn"}, {"keys": ["nx:ahv_0-251004-112557_key1_jW5Pe"], "values": ["ahv_0-251004-112557_value1_10_jW5Pe"], "operator": "notIn"}, {"keys": ["nx:ahv_0-251004-112538_key1_8T3pf"], "values": ["ahv_0-251004-112538_value1_10_8T3pf"], "operator": "notIn"}, {"keys": ["nx:ahv_0-251004-112454_key1_P1FyH"], "values": ["ahv_0-251004-112454_value1_1_P1FyH"], "operator": "notIn"},... (truncated)
2026-02-01 09:07:49 - create_cost_center_v2 - INFO - [API RESPONSE] POST https://ncm.services.nconprem-10-53-60-173.ccpnx.com/v1/cg/global/costCenter
2026-02-01 09:07:49 - create_cost_center_v2 - INFO - [STATUS CODE] 200
2026-02-01 09:07:49 - create_cost_center_v2 - INFO - [TIME TAKEN] 1.0145 seconds (1014.46 ms)
2026-02-01 09:07:49 - create_cost_center_v2 - INFO - [RESPONSE CONTENT-TYPE] application/json
2026-02-01 09:07:49 - create_cost_center_v2 - INFO - [RESPONSE PAYLOAD]
{
  "id": "2dc4f4a7-84c5-4944-926e-d80334c5dace"
}
2026-02-01 09:07:49 - create_cost_center_v2 - INFO -   ✓ Created: CC_HomePC_Account_14617_ahv_0-251004-112724_key1_uLrxg_ahv_0-251004-112724_value1_1_uLrxg_377027
2026-02-01 09:07:49 - create_cost_center_v2 - INFO - [API REQUEST] GET https://ncm.services.nconprem-10-53-60-173.ccpnx.com/v1/cg/nx/analysis/dimensions/values?resourceGroupIds=6d915317-d32b-4093-a6fa-b225f59a7522&dimensions=tag.nx%253Aahv_0-251004-112725_key1_uXgze&resourceGroupType=billingAccount
2026-02-01 09:07:50 - create_cost_center_v2 - INFO - [API RESPONSE] GET https://ncm.services.nconprem-10-53-60-173.ccpnx.com/v1/cg/nx/analysis/dimensions/values?resourceGroupIds=6d915317-d32b-4093-a6fa-b225f59a7522&dimensions=tag.nx%253Aahv_0-251004-112725_key1_uXgze&resourceGroupType=billingAccount
2026-02-01 09:07:50 - create_cost_center_v2 - INFO - [STATUS CODE] 200
2026-02-01 09:07:50 - create_cost_center_v2 - INFO - [TIME TAKEN] 0.3050 seconds (305.00 ms)
2026-02-01 09:07:50 - create_cost_center_v2 - INFO - [RESPONSE CONTENT-TYPE] application/json
2026-02-01 09:07:50 - create_cost_center_v2 - INFO - [RESPONSE PAYLOAD]
{
  "nx:ahv_0-251004-112725_key1_uXgze": [
    "ahv_0-251004-112725_value1_1_uXgze",
    "ahv_0-251004-112725_value1_3_uXgze",
    "ahv_0-251004-112725_value1_4_uXgze",
    "ahv_0-251004-112725_value1_5_uXgze"
  ]
}
2026-02-01 09:07:50 - create_cost_center_v2 - INFO - [API REQUEST] POST https://ncm.services.nconprem-10-53-60-173.ccpnx.com/v1/cg/global/costCenter
2026-02-01 09:07:50 - create_cost_center_v2 - INFO - [REQUEST DATA PAYLOAD] {"name": "CC_HomePC_Account_0e846_ahv_0-251004-112725_key1_uXgze_ahv_0-251004-112725_value1_1_uXgze_377027", "definitions": [{"provider": "nx", "parentAccount": "6d915317-d32b-4093-a6fa-b225f59a7522", "filters": {"childAccounts": ["00063ffe-e22c-90bf-45a6-7cc25530e846"], "tags": [{"keys": ["nx:ahv_0-251004-112725_key1_uXgze"], "values": ["ahv_0-251004-112725_value1_1_uXgze"], "operator": "in"}, {"keys": ["nx:ahv_0-251004-112524_key1_FxJNZ"], "values": ["ahv_0-251004-112524_value1_10_FxJNZ"], "operator": "notIn"}, {"keys": ["nx:ahv_0-251004-112618_key1_7aFgy"], "values": ["ahv_0-251004-112618_value1_1_7aFgy"], "operator": "notIn"}, {"keys": ["nx:ahv_0-251004-112557_key1_jW5Pe"], "values": ["ahv_0-251004-112557_value1_10_jW5Pe"], "operator": "notIn"}, {"keys": ["nx:ahv_0-251004-112538_key1_8T3pf"], "values": ["ahv_0-251004-112538_value1_10_8T3pf"], "operator": "notIn"}, {"keys": ["nx:ahv_0-251004-112454_key1_P1FyH"], "values": ["ahv_0-251004-112454_value1_1_P1FyH"], "operator": "notIn"},... (truncated)
2026-02-01 09:07:50 - create_cost_center_v2 - INFO - [API RESPONSE] POST https://ncm.services.nconprem-10-53-60-173.ccpnx.com/v1/cg/global/costCenter
2026-02-01 09:07:50 - create_cost_center_v2 - INFO - [STATUS CODE] 200
2026-02-01 09:07:50 - create_cost_center_v2 - INFO - [TIME TAKEN] 0.4253 seconds (425.26 ms)
2026-02-01 09:07:50 - create_cost_center_v2 - INFO - [RESPONSE CONTENT-TYPE] application/json
2026-02-01 09:07:50 - create_cost_center_v2 - INFO - [RESPONSE PAYLOAD]
{
  "id": "e115560b-d29f-4ac7-b417-2f3f820a8ba6"
}
2026-02-01 09:07:50 - create_cost_center_v2 - INFO -   ✓ Created: CC_HomePC_Account_0e846_ahv_0-251004-112725_key1_uXgze_ahv_0-251004-112725_value1_1_uXgze_377027
2026-02-01 09:07:50 - create_cost_center_v2 - INFO - [API REQUEST] POST https://ncm.services.nconprem-10-53-60-173.ccpnx.com/v1/cg/global/costCenter
2026-02-01 09:07:50 - create_cost_center_v2 - INFO - [REQUEST DATA PAYLOAD] {"name": "CC_HomePC_Account_193e1_ahv_0-251004-112725_key1_uXgze_ahv_0-251004-112725_value1_1_uXgze_377027", "definitions": [{"provider": "nx", "parentAccount": "6d915317-d32b-4093-a6fa-b225f59a7522", "filters": {"childAccounts": ["00064002-1290-400a-0000-0000000193e1"], "tags": [{"keys": ["nx:ahv_0-251004-112725_key1_uXgze"], "values": ["ahv_0-251004-112725_value1_1_uXgze"], "operator": "in"}, {"keys": ["nx:ahv_0-251004-112524_key1_FxJNZ"], "values": ["ahv_0-251004-112524_value1_10_FxJNZ"], "operator": "notIn"}, {"keys": ["nx:ahv_0-251004-112618_key1_7aFgy"], "values": ["ahv_0-251004-112618_value1_1_7aFgy"], "operator": "notIn"}, {"keys": ["nx:ahv_0-251004-112557_key1_jW5Pe"], "values": ["ahv_0-251004-112557_value1_10_jW5Pe"], "operator": "notIn"}, {"keys": ["nx:ahv_0-251004-112538_key1_8T3pf"], "values": ["ahv_0-251004-112538_value1_10_8T3pf"], "operator": "notIn"}, {"keys": ["nx:ahv_0-251004-112454_key1_P1FyH"], "values": ["ahv_0-251004-112454_value1_1_P1FyH"], "operator": "notIn"},... (truncated)
2026-02-01 09:07:50 - create_cost_center_v2 - INFO - [API RESPONSE] POST https://ncm.services.nconprem-10-53-60-173.ccpnx.com/v1/cg/global/costCenter
2026-02-01 09:07:50 - create_cost_center_v2 - INFO - [STATUS CODE] 200
2026-02-01 09:07:50 - create_cost_center_v2 - INFO - [TIME TAKEN] 0.4506 seconds (450.59 ms)
2026-02-01 09:07:50 - create_cost_center_v2 - INFO - [RESPONSE CONTENT-TYPE] application/json
2026-02-01 09:07:50 - create_cost_center_v2 - INFO - [RESPONSE PAYLOAD]
{
  "id": "0301b72b-aa28-4810-9ba9-32ac9e9f1dad"
}
2026-02-01 09:07:50 - create_cost_center_v2 - INFO -   ✓ Created: CC_HomePC_Account_193e1_ahv_0-251004-112725_key1_uXgze_ahv_0-251004-112725_value1_1_uXgze_377027
2026-02-01 09:07:50 - create_cost_center_v2 - INFO - [API REQUEST] POST https://ncm.services.nconprem-10-53-60-173.ccpnx.com/v1/cg/global/costCenter
2026-02-01 09:07:50 - create_cost_center_v2 - INFO - [REQUEST DATA PAYLOAD] {"name": "CC_HomePC_Account_14617_ahv_0-251004-112725_key1_uXgze_ahv_0-251004-112725_value1_1_uXgze_377027", "definitions": [{"provider": "nx", "parentAccount": "6d915317-d32b-4093-a6fa-b225f59a7522", "filters": {"childAccounts": ["00063fff-3b65-3df9-6bee-7cc255814617"], "tags": [{"keys": ["nx:ahv_0-251004-112725_key1_uXgze"], "values": ["ahv_0-251004-112725_value1_1_uXgze"], "operator": "in"}, {"keys": ["nx:ahv_0-251004-112524_key1_FxJNZ"], "values": ["ahv_0-251004-112524_value1_10_FxJNZ"], "operator": "notIn"}, {"keys": ["nx:ahv_0-251004-112618_key1_7aFgy"], "values": ["ahv_0-251004-112618_value1_1_7aFgy"], "operator": "notIn"}, {"keys": ["nx:ahv_0-251004-112557_key1_jW5Pe"], "values": ["ahv_0-251004-112557_value1_10_jW5Pe"], "operator": "notIn"}, {"keys": ["nx:ahv_0-251004-112538_key1_8T3pf"], "values": ["ahv_0-251004-112538_value1_10_8T3pf"], "operator": "notIn"}, {"keys": ["nx:ahv_0-251004-112454_key1_P1FyH"], "values": ["ahv_0-251004-112454_value1_1_P1FyH"], "operator": "notIn"},... (truncated)
2026-02-01 09:07:51 - create_cost_center_v2 - INFO - [API RESPONSE] POST https://ncm.services.nconprem-10-53-60-173.ccpnx.com/v1/cg/global/costCenter
2026-02-01 09:07:51 - create_cost_center_v2 - INFO - [STATUS CODE] 200
2026-02-01 09:07:51 - create_cost_center_v2 - INFO - [TIME TAKEN] 0.4136 seconds (413.61 ms)
2026-02-01 09:07:51 - create_cost_center_v2 - INFO - [RESPONSE CONTENT-TYPE] application/json
2026-02-01 09:07:51 - create_cost_center_v2 - INFO - [RESPONSE PAYLOAD]
{
  "id": "ff5a7f15-8871-43f8-be43-06fc1d96dee0"
}
2026-02-01 09:07:51 - create_cost_center_v2 - INFO -   ✓ Created: CC_HomePC_Account_14617_ahv_0-251004-112725_key1_uXgze_ahv_0-251004-112725_value1_1_uXgze_377027
2026-02-01 09:07:51 - create_cost_center_v2 - INFO - [API REQUEST] GET https://ncm.services.nconprem-10-53-60-173.ccpnx.com/v1/cg/nx/analysis/dimensions/values?resourceGroupIds=6d915317-d32b-4093-a6fa-b225f59a7522&dimensions=tag.nx%253Aahv_0-251004-112728_key1_tVkNx&resourceGroupType=billingAccount
2026-02-01 09:07:51 - create_cost_center_v2 - INFO - [API RESPONSE] GET https://ncm.services.nconprem-10-53-60-173.ccpnx.com/v1/cg/nx/analysis/dimensions/values?resourceGroupIds=6d915317-d32b-4093-a6fa-b225f59a7522&dimensions=tag.nx%253Aahv_0-251004-112728_key1_tVkNx&resourceGroupType=billingAccount
2026-02-01 09:07:51 - create_cost_center_v2 - INFO - [STATUS CODE] 200
2026-02-01 09:07:51 - create_cost_center_v2 - INFO - [TIME TAKEN] 0.2576 seconds (257.63 ms)
2026-02-01 09:07:51 - create_cost_center_v2 - INFO - [RESPONSE CONTENT-TYPE] application/json
2026-02-01 09:07:51 - create_cost_center_v2 - INFO - [RESPONSE PAYLOAD]
{
  "nx:ahv_0-251004-112728_key1_tVkNx": [
    "ahv_0-251004-112728_value1_1_tVkNx",
    "ahv_0-251004-112728_value1_3_tVkNx",
    "ahv_0-251004-112728_value1_4_tVkNx"
  ]
}
2026-02-01 09:07:51 - create_cost_center_v2 - INFO - [API REQUEST] POST https://ncm.services.nconprem-10-53-60-173.ccpnx.com/v1/cg/global/costCenter
2026-02-01 09:07:51 - create_cost_center_v2 - INFO - [REQUEST DATA PAYLOAD] {"name": "CC_HomePC_Account_0e846_ahv_0-251004-112728_key1_tVkNx_ahv_0-251004-112728_value1_1_tVkNx_377027", "definitions": [{"provider": "nx", "parentAccount": "6d915317-d32b-4093-a6fa-b225f59a7522", "filters": {"childAccounts": ["00063ffe-e22c-90bf-45a6-7cc25530e846"], "tags": [{"keys": ["nx:ahv_0-251004-112728_key1_tVkNx"], "values": ["ahv_0-251004-112728_value1_1_tVkNx"], "operator": "in"}, {"keys": ["nx:ahv_0-251004-112524_key1_FxJNZ"], "values": ["ahv_0-251004-112524_value1_10_FxJNZ"], "operator": "notIn"}, {"keys": ["nx:ahv_0-251004-112618_key1_7aFgy"], "values": ["ahv_0-251004-112618_value1_1_7aFgy"], "operator": "notIn"}, {"keys": ["nx:ahv_0-251004-112557_key1_jW5Pe"], "values": ["ahv_0-251004-112557_value1_10_jW5Pe"], "operator": "notIn"}, {"keys": ["nx:ahv_0-251004-112538_key1_8T3pf"], "values": ["ahv_0-251004-112538_value1_10_8T3pf"], "operator": "notIn"}, {"keys": ["nx:ahv_0-251004-112454_key1_P1FyH"], "values": ["ahv_0-251004-112454_value1_1_P1FyH"], "operator": "notIn"},... (truncated)
2026-02-01 09:07:52 - create_cost_center_v2 - INFO - [API RESPONSE] POST https://ncm.services.nconprem-10-53-60-173.ccpnx.com/v1/cg/global/costCenter
2026-02-01 09:07:52 - create_cost_center_v2 - INFO - [STATUS CODE] 200
2026-02-01 09:07:52 - create_cost_center_v2 - INFO - [TIME TAKEN] 0.4198 seconds (419.83 ms)
2026-02-01 09:07:52 - create_cost_center_v2 - INFO - [RESPONSE CONTENT-TYPE] application/json
2026-02-01 09:07:52 - create_cost_center_v2 - INFO - [RESPONSE PAYLOAD]
{
  "id": "3c778f45-45fe-43f1-bbb2-87dbd0a20130"
}
2026-02-01 09:07:52 - create_cost_center_v2 - INFO -   ✓ Created: CC_HomePC_Account_0e846_ahv_0-251004-112728_key1_tVkNx_ahv_0-251004-112728_value1_1_tVkNx_377027
2026-02-01 09:07:52 - create_cost_center_v2 - INFO - [API REQUEST] POST https://ncm.services.nconprem-10-53-60-173.ccpnx.com/v1/cg/global/costCenter
2026-02-01 09:07:52 - create_cost_center_v2 - INFO - [REQUEST DATA PAYLOAD] {"name": "CC_HomePC_Account_193e1_ahv_0-251004-112728_key1_tVkNx_ahv_0-251004-112728_value1_1_tVkNx_377027", "definitions": [{"provider": "nx", "parentAccount": "6d915317-d32b-4093-a6fa-b225f59a7522", "filters": {"childAccounts": ["00064002-1290-400a-0000-0000000193e1"], "tags": [{"keys": ["nx:ahv_0-251004-112728_key1_tVkNx"], "values": ["ahv_0-251004-112728_value1_1_tVkNx"], "operator": "in"}, {"keys": ["nx:ahv_0-251004-112524_key1_FxJNZ"], "values": ["ahv_0-251004-112524_value1_10_FxJNZ"], "operator": "notIn"}, {"keys": ["nx:ahv_0-251004-112618_key1_7aFgy"], "values": ["ahv_0-251004-112618_value1_1_7aFgy"], "operator": "notIn"}, {"keys": ["nx:ahv_0-251004-112557_key1_jW5Pe"], "values": ["ahv_0-251004-112557_value1_10_jW5Pe"], "operator": "notIn"}, {"keys": ["nx:ahv_0-251004-112538_key1_8T3pf"], "values": ["ahv_0-251004-112538_value1_10_8T3pf"], "operator": "notIn"}, {"keys": ["nx:ahv_0-251004-112454_key1_P1FyH"], "values": ["ahv_0-251004-112454_value1_1_P1FyH"], "operator": "notIn"},... (truncated)
2026-02-01 09:07:52 - create_cost_center_v2 - INFO - [API RESPONSE] POST https://ncm.services.nconprem-10-53-60-173.ccpnx.com/v1/cg/global/costCenter
2026-02-01 09:07:52 - create_cost_center_v2 - INFO - [STATUS CODE] 200
2026-02-01 09:07:52 - create_cost_center_v2 - INFO - [TIME TAKEN] 0.4289 seconds (428.91 ms)
2026-02-01 09:07:52 - create_cost_center_v2 - INFO - [RESPONSE CONTENT-TYPE] application/json
2026-02-01 09:07:52 - create_cost_center_v2 - INFO - [RESPONSE PAYLOAD]
{
  "id": "3f73d572-a490-46e4-827b-a3e023963db1"
}
2026-02-01 09:07:52 - create_cost_center_v2 - INFO -   ✓ Created: CC_HomePC_Account_193e1_ahv_0-251004-112728_key1_tVkNx_ahv_0-251004-112728_value1_1_tVkNx_377027
2026-02-01 09:07:52 - create_cost_center_v2 - INFO - [API REQUEST] POST https://ncm.services.nconprem-10-53-60-173.ccpnx.com/v1/cg/global/costCenter
2026-02-01 09:07:52 - create_cost_center_v2 - INFO - [REQUEST DATA PAYLOAD] {"name": "CC_HomePC_Account_14617_ahv_0-251004-112728_key1_tVkNx_ahv_0-251004-112728_value1_1_tVkNx_377027", "definitions": [{"provider": "nx", "parentAccount": "6d915317-d32b-4093-a6fa-b225f59a7522", "filters": {"childAccounts": ["00063fff-3b65-3df9-6bee-7cc255814617"], "tags": [{"keys": ["nx:ahv_0-251004-112728_key1_tVkNx"], "values": ["ahv_0-251004-112728_value1_1_tVkNx"], "operator": "in"}, {"keys": ["nx:ahv_0-251004-112524_key1_FxJNZ"], "values": ["ahv_0-251004-112524_value1_10_FxJNZ"], "operator": "notIn"}, {"keys": ["nx:ahv_0-251004-112618_key1_7aFgy"], "values": ["ahv_0-251004-112618_value1_1_7aFgy"], "operator": "notIn"}, {"keys": ["nx:ahv_0-251004-112557_key1_jW5Pe"], "values": ["ahv_0-251004-112557_value1_10_jW5Pe"], "operator": "notIn"}, {"keys": ["nx:ahv_0-251004-112538_key1_8T3pf"], "values": ["ahv_0-251004-112538_value1_10_8T3pf"], "operator": "notIn"}, {"keys": ["nx:ahv_0-251004-112454_key1_P1FyH"], "values": ["ahv_0-251004-112454_value1_1_P1FyH"], "operator": "notIn"},... (truncated)
2026-02-01 09:07:52 - create_cost_center_v2 - INFO - [API RESPONSE] POST https://ncm.services.nconprem-10-53-60-173.ccpnx.com/v1/cg/global/costCenter
2026-02-01 09:07:52 - create_cost_center_v2 - INFO - [STATUS CODE] 200
2026-02-01 09:07:52 - create_cost_center_v2 - INFO - [TIME TAKEN] 0.3680 seconds (368.03 ms)
2026-02-01 09:07:52 - create_cost_center_v2 - INFO - [RESPONSE CONTENT-TYPE] application/json
2026-02-01 09:07:52 - create_cost_center_v2 - INFO - [RESPONSE PAYLOAD]
{
  "id": "95d36ec5-d18a-4998-9404-7c950be2e798"
}
2026-02-01 09:07:52 - create_cost_center_v2 - INFO -   ✓ Created: CC_HomePC_Account_14617_ahv_0-251004-112728_key1_tVkNx_ahv_0-251004-112728_value1_1_tVkNx_377027
2026-02-01 09:07:52 - create_cost_center_v2 - INFO - [API REQUEST] GET https://ncm.services.nconprem-10-53-60-173.ccpnx.com/v1/cg/nx/analysis/dimensions/values?resourceGroupIds=6d915317-d32b-4093-a6fa-b225f59a7522&dimensions=tag.nx%253Aahv_0-251004-112739_key1_qrZ8z&resourceGroupType=billingAccount
2026-02-01 09:07:53 - create_cost_center_v2 - INFO - [API RESPONSE] GET https://ncm.services.nconprem-10-53-60-173.ccpnx.com/v1/cg/nx/analysis/dimensions/values?resourceGroupIds=6d915317-d32b-4093-a6fa-b225f59a7522&dimensions=tag.nx%253Aahv_0-251004-112739_key1_qrZ8z&resourceGroupType=billingAccount
2026-02-01 09:07:53 - create_cost_center_v2 - INFO - [STATUS CODE] 200
2026-02-01 09:07:53 - create_cost_center_v2 - INFO - [TIME TAKEN] 0.3782 seconds (378.16 ms)
2026-02-01 09:07:53 - create_cost_center_v2 - INFO - [RESPONSE CONTENT-TYPE] application/json
2026-02-01 09:07:53 - create_cost_center_v2 - INFO - [RESPONSE PAYLOAD]
{
  "nx:ahv_0-251004-112739_key1_qrZ8z": [
    "ahv_0-251004-112739_value1_1_qrZ8z",
    "ahv_0-251004-112739_value1_2_qrZ8z",
    "ahv_0-251004-112739_value1_3_qrZ8z",
    "ahv_0-251004-112739_value1_4_qrZ8z",
    "ahv_0-251004-112739_value1_5_qrZ8z"
  ]
}
2026-02-01 09:07:53 - create_cost_center_v2 - INFO - [API REQUEST] POST https://ncm.services.nconprem-10-53-60-173.ccpnx.com/v1/cg/global/costCenter
2026-02-01 09:07:53 - create_cost_center_v2 - INFO - [REQUEST DATA PAYLOAD] {"name": "CC_HomePC_Account_0e846_ahv_0-251004-112739_key1_qrZ8z_ahv_0-251004-112739_value1_1_qrZ8z_377027", "definitions": [{"provider": "nx", "parentAccount": "6d915317-d32b-4093-a6fa-b225f59a7522", "filters": {"childAccounts": ["00063ffe-e22c-90bf-45a6-7cc25530e846"], "tags": [{"keys": ["nx:ahv_0-251004-112739_key1_qrZ8z"], "values": ["ahv_0-251004-112739_value1_1_qrZ8z"], "operator": "in"}, {"keys": ["nx:ahv_0-251004-112524_key1_FxJNZ"], "values": ["ahv_0-251004-112524_value1_10_FxJNZ"], "operator": "notIn"}, {"keys": ["nx:ahv_0-251004-112618_key1_7aFgy"], "values": ["ahv_0-251004-112618_value1_1_7aFgy"], "operator": "notIn"}, {"keys": ["nx:ahv_0-251004-112557_key1_jW5Pe"], "values": ["ahv_0-251004-112557_value1_10_jW5Pe"], "operator": "notIn"}, {"keys": ["nx:ahv_0-251004-112538_key1_8T3pf"], "values": ["ahv_0-251004-112538_value1_10_8T3pf"], "operator": "notIn"}, {"keys": ["nx:ahv_0-251004-112454_key1_P1FyH"], "values": ["ahv_0-251004-112454_value1_1_P1FyH"], "operator": "notIn"},... (truncated)
2026-02-01 09:07:53 - create_cost_center_v2 - INFO - [API RESPONSE] POST https://ncm.services.nconprem-10-53-60-173.ccpnx.com/v1/cg/global/costCenter
2026-02-01 09:07:53 - create_cost_center_v2 - INFO - [STATUS CODE] 200
2026-02-01 09:07:53 - create_cost_center_v2 - INFO - [TIME TAKEN] 0.5203 seconds (520.27 ms)
2026-02-01 09:07:53 - create_cost_center_v2 - INFO - [RESPONSE CONTENT-TYPE] application/json
2026-02-01 09:07:53 - create_cost_center_v2 - INFO - [RESPONSE PAYLOAD]
{
  "id": "3bd01222-8c0f-4c19-ade3-b35e47214035"
}
2026-02-01 09:07:53 - create_cost_center_v2 - INFO -   ✓ Created: CC_HomePC_Account_0e846_ahv_0-251004-112739_key1_qrZ8z_ahv_0-251004-112739_value1_1_qrZ8z_377027
2026-02-01 09:07:53 - create_cost_center_v2 - INFO - [API REQUEST] POST https://ncm.services.nconprem-10-53-60-173.ccpnx.com/v1/cg/global/costCenter
2026-02-01 09:07:53 - create_cost_center_v2 - INFO - [REQUEST DATA PAYLOAD] {"name": "CC_HomePC_Account_193e1_ahv_0-251004-112739_key1_qrZ8z_ahv_0-251004-112739_value1_1_qrZ8z_377027", "definitions": [{"provider": "nx", "parentAccount": "6d915317-d32b-4093-a6fa-b225f59a7522", "filters": {"childAccounts": ["00064002-1290-400a-0000-0000000193e1"], "tags": [{"keys": ["nx:ahv_0-251004-112739_key1_qrZ8z"], "values": ["ahv_0-251004-112739_value1_1_qrZ8z"], "operator": "in"}, {"keys": ["nx:ahv_0-251004-112524_key1_FxJNZ"], "values": ["ahv_0-251004-112524_value1_10_FxJNZ"], "operator": "notIn"}, {"keys": ["nx:ahv_0-251004-112618_key1_7aFgy"], "values": ["ahv_0-251004-112618_value1_1_7aFgy"], "operator": "notIn"}, {"keys": ["nx:ahv_0-251004-112557_key1_jW5Pe"], "values": ["ahv_0-251004-112557_value1_10_jW5Pe"], "operator": "notIn"}, {"keys": ["nx:ahv_0-251004-112538_key1_8T3pf"], "values": ["ahv_0-251004-112538_value1_10_8T3pf"], "operator": "notIn"}, {"keys": ["nx:ahv_0-251004-112454_key1_P1FyH"], "values": ["ahv_0-251004-112454_value1_1_P1FyH"], "operator": "notIn"},... (truncated)
2026-02-01 09:07:54 - create_cost_center_v2 - INFO - [API RESPONSE] POST https://ncm.services.nconprem-10-53-60-173.ccpnx.com/v1/cg/global/costCenter
2026-02-01 09:07:54 - create_cost_center_v2 - INFO - [STATUS CODE] 200
2026-02-01 09:07:54 - create_cost_center_v2 - INFO - [TIME TAKEN] 0.5053 seconds (505.27 ms)
2026-02-01 09:07:54 - create_cost_center_v2 - INFO - [RESPONSE CONTENT-TYPE] application/json
2026-02-01 09:07:54 - create_cost_center_v2 - INFO - [RESPONSE PAYLOAD]
{
  "id": "f29883aa-f1c3-4a18-a94e-e7d09557e24b"
}
2026-02-01 09:07:54 - create_cost_center_v2 - INFO -   ✓ Created: CC_HomePC_Account_193e1_ahv_0-251004-112739_key1_qrZ8z_ahv_0-251004-112739_value1_1_qrZ8z_377027
2026-02-01 09:07:54 - create_cost_center_v2 - INFO - [API REQUEST] POST https://ncm.services.nconprem-10-53-60-173.ccpnx.com/v1/cg/global/costCenter
2026-02-01 09:07:54 - create_cost_center_v2 - INFO - [REQUEST DATA PAYLOAD] {"name": "CC_HomePC_Account_14617_ahv_0-251004-112739_key1_qrZ8z_ahv_0-251004-112739_value1_1_qrZ8z_377027", "definitions": [{"provider": "nx", "parentAccount": "6d915317-d32b-4093-a6fa-b225f59a7522", "filters": {"childAccounts": ["00063fff-3b65-3df9-6bee-7cc255814617"], "tags": [{"keys": ["nx:ahv_0-251004-112739_key1_qrZ8z"], "values": ["ahv_0-251004-112739_value1_1_qrZ8z"], "operator": "in"}, {"keys": ["nx:ahv_0-251004-112524_key1_FxJNZ"], "values": ["ahv_0-251004-112524_value1_10_FxJNZ"], "operator": "notIn"}, {"keys": ["nx:ahv_0-251004-112618_key1_7aFgy"], "values": ["ahv_0-251004-112618_value1_1_7aFgy"], "operator": "notIn"}, {"keys": ["nx:ahv_0-251004-112557_key1_jW5Pe"], "values": ["ahv_0-251004-112557_value1_10_jW5Pe"], "operator": "notIn"}, {"keys": ["nx:ahv_0-251004-112538_key1_8T3pf"], "values": ["ahv_0-251004-112538_value1_10_8T3pf"], "operator": "notIn"}, {"keys": ["nx:ahv_0-251004-112454_key1_P1FyH"], "values": ["ahv_0-251004-112454_value1_1_P1FyH"], "operator": "notIn"},... (truncated)
2026-02-01 09:07:55 - create_cost_center_v2 - INFO - [API RESPONSE] POST https://ncm.services.nconprem-10-53-60-173.ccpnx.com/v1/cg/global/costCenter
2026-02-01 09:07:55 - create_cost_center_v2 - INFO - [STATUS CODE] 200
2026-02-01 09:07:55 - create_cost_center_v2 - INFO - [TIME TAKEN] 0.8598 seconds (859.85 ms)
2026-02-01 09:07:55 - create_cost_center_v2 - INFO - [RESPONSE CONTENT-TYPE] application/json
2026-02-01 09:07:55 - create_cost_center_v2 - INFO - [RESPONSE PAYLOAD]
{
  "id": "48dbf469-13be-49cd-8d1a-337a2d31ae47"
}
2026-02-01 09:07:55 - create_cost_center_v2 - INFO -   ✓ Created: CC_HomePC_Account_14617_ahv_0-251004-112739_key1_qrZ8z_ahv_0-251004-112739_value1_1_qrZ8z_377027
2026-02-01 09:07:55 - create_cost_center_v2 - INFO - [API REQUEST] GET https://ncm.services.nconprem-10-53-60-173.ccpnx.com/v1/cg/nx/analysis/dimensions/values?resourceGroupIds=6d915317-d32b-4093-a6fa-b225f59a7522&dimensions=tag.nx%253Aahv_0-251004-112740_key1_2Y58r&resourceGroupType=billingAccount
2026-02-01 09:07:55 - create_cost_center_v2 - INFO - [API RESPONSE] GET https://ncm.services.nconprem-10-53-60-173.ccpnx.com/v1/cg/nx/analysis/dimensions/values?resourceGroupIds=6d915317-d32b-4093-a6fa-b225f59a7522&dimensions=tag.nx%253Aahv_0-251004-112740_key1_2Y58r&resourceGroupType=billingAccount
2026-02-01 09:07:55 - create_cost_center_v2 - INFO - [STATUS CODE] 200
2026-02-01 09:07:55 - create_cost_center_v2 - INFO - [TIME TAKEN] 0.3219 seconds (321.92 ms)
2026-02-01 09:07:55 - create_cost_center_v2 - INFO - [RESPONSE CONTENT-TYPE] application/json
2026-02-01 09:07:55 - create_cost_center_v2 - INFO - [RESPONSE PAYLOAD]
{
  "nx:ahv_0-251004-112740_key1_2Y58r": [
    "ahv_0-251004-112740_value1_1_2Y58r",
    "ahv_0-251004-112740_value1_4_2Y58r"
  ]
}
2026-02-01 09:07:55 - create_cost_center_v2 - INFO - [API REQUEST] POST https://ncm.services.nconprem-10-53-60-173.ccpnx.com/v1/cg/global/costCenter
2026-02-01 09:07:55 - create_cost_center_v2 - INFO - [REQUEST DATA PAYLOAD] {"name": "CC_HomePC_Account_0e846_ahv_0-251004-112740_key1_2Y58r_ahv_0-251004-112740_value1_1_2Y58r_377027", "definitions": [{"provider": "nx", "parentAccount": "6d915317-d32b-4093-a6fa-b225f59a7522", "filters": {"childAccounts": ["00063ffe-e22c-90bf-45a6-7cc25530e846"], "tags": [{"keys": ["nx:ahv_0-251004-112740_key1_2Y58r"], "values": ["ahv_0-251004-112740_value1_1_2Y58r"], "operator": "in"}, {"keys": ["nx:ahv_0-251004-112524_key1_FxJNZ"], "values": ["ahv_0-251004-112524_value1_10_FxJNZ"], "operator": "notIn"}, {"keys": ["nx:ahv_0-251004-112618_key1_7aFgy"], "values": ["ahv_0-251004-112618_value1_1_7aFgy"], "operator": "notIn"}, {"keys": ["nx:ahv_0-251004-112557_key1_jW5Pe"], "values": ["ahv_0-251004-112557_value1_10_jW5Pe"], "operator": "notIn"}, {"keys": ["nx:ahv_0-251004-112538_key1_8T3pf"], "values": ["ahv_0-251004-112538_value1_10_8T3pf"], "operator": "notIn"}, {"keys": ["nx:ahv_0-251004-112454_key1_P1FyH"], "values": ["ahv_0-251004-112454_value1_1_P1FyH"], "operator": "notIn"},... (truncated)
2026-02-01 09:07:55 - create_cost_center_v2 - INFO - [API RESPONSE] POST https://ncm.services.nconprem-10-53-60-173.ccpnx.com/v1/cg/global/costCenter
2026-02-01 09:07:55 - create_cost_center_v2 - INFO - [STATUS CODE] 200
2026-02-01 09:07:55 - create_cost_center_v2 - INFO - [TIME TAKEN] 0.3996 seconds (399.61 ms)
2026-02-01 09:07:55 - create_cost_center_v2 - INFO - [RESPONSE CONTENT-TYPE] application/json
2026-02-01 09:07:55 - create_cost_center_v2 - INFO - [RESPONSE PAYLOAD]
{
  "id": "b58aee5f-9d98-4ea7-a2ff-5af266fae1c7"
}
2026-02-01 09:07:55 - create_cost_center_v2 - INFO -   ✓ Created: CC_HomePC_Account_0e846_ahv_0-251004-112740_key1_2Y58r_ahv_0-251004-112740_value1_1_2Y58r_377027
2026-02-01 09:07:55 - create_cost_center_v2 - INFO - [API REQUEST] POST https://ncm.services.nconprem-10-53-60-173.ccpnx.com/v1/cg/global/costCenter
2026-02-01 09:07:55 - create_cost_center_v2 - INFO - [REQUEST DATA PAYLOAD] {"name": "CC_HomePC_Account_193e1_ahv_0-251004-112740_key1_2Y58r_ahv_0-251004-112740_value1_1_2Y58r_377027", "definitions": [{"provider": "nx", "parentAccount": "6d915317-d32b-4093-a6fa-b225f59a7522", "filters": {"childAccounts": ["00064002-1290-400a-0000-0000000193e1"], "tags": [{"keys": ["nx:ahv_0-251004-112740_key1_2Y58r"], "values": ["ahv_0-251004-112740_value1_1_2Y58r"], "operator": "in"}, {"keys": ["nx:ahv_0-251004-112524_key1_FxJNZ"], "values": ["ahv_0-251004-112524_value1_10_FxJNZ"], "operator": "notIn"}, {"keys": ["nx:ahv_0-251004-112618_key1_7aFgy"], "values": ["ahv_0-251004-112618_value1_1_7aFgy"], "operator": "notIn"}, {"keys": ["nx:ahv_0-251004-112557_key1_jW5Pe"], "values": ["ahv_0-251004-112557_value1_10_jW5Pe"], "operator": "notIn"}, {"keys": ["nx:ahv_0-251004-112538_key1_8T3pf"], "values": ["ahv_0-251004-112538_value1_10_8T3pf"], "operator": "notIn"}, {"keys": ["nx:ahv_0-251004-112454_key1_P1FyH"], "values": ["ahv_0-251004-112454_value1_1_P1FyH"], "operator": "notIn"},... (truncated)
2026-02-01 09:07:56 - create_cost_center_v2 - INFO - [API RESPONSE] POST https://ncm.services.nconprem-10-53-60-173.ccpnx.com/v1/cg/global/costCenter
2026-02-01 09:07:56 - create_cost_center_v2 - INFO - [STATUS CODE] 200
2026-02-01 09:07:56 - create_cost_center_v2 - INFO - [TIME TAKEN] 0.3969 seconds (396.88 ms)
2026-02-01 09:07:56 - create_cost_center_v2 - INFO - [RESPONSE CONTENT-TYPE] application/json
2026-02-01 09:07:56 - create_cost_center_v2 - INFO - [RESPONSE PAYLOAD]
{
  "id": "675e3cf5-ec2e-4e24-abd4-ae1824211fcb"
}
2026-02-01 09:07:56 - create_cost_center_v2 - INFO -   ✓ Created: CC_HomePC_Account_193e1_ahv_0-251004-112740_key1_2Y58r_ahv_0-251004-112740_value1_1_2Y58r_377027
2026-02-01 09:07:56 - create_cost_center_v2 - INFO - [API REQUEST] POST https://ncm.services.nconprem-10-53-60-173.ccpnx.com/v1/cg/global/costCenter
2026-02-01 09:07:56 - create_cost_center_v2 - INFO - [REQUEST DATA PAYLOAD] {"name": "CC_HomePC_Account_14617_ahv_0-251004-112740_key1_2Y58r_ahv_0-251004-112740_value1_1_2Y58r_377027", "definitions": [{"provider": "nx", "parentAccount": "6d915317-d32b-4093-a6fa-b225f59a7522", "filters": {"childAccounts": ["00063fff-3b65-3df9-6bee-7cc255814617"], "tags": [{"keys": ["nx:ahv_0-251004-112740_key1_2Y58r"], "values": ["ahv_0-251004-112740_value1_1_2Y58r"], "operator": "in"}, {"keys": ["nx:ahv_0-251004-112524_key1_FxJNZ"], "values": ["ahv_0-251004-112524_value1_10_FxJNZ"], "operator": "notIn"}, {"keys": ["nx:ahv_0-251004-112618_key1_7aFgy"], "values": ["ahv_0-251004-112618_value1_1_7aFgy"], "operator": "notIn"}, {"keys": ["nx:ahv_0-251004-112557_key1_jW5Pe"], "values": ["ahv_0-251004-112557_value1_10_jW5Pe"], "operator": "notIn"}, {"keys": ["nx:ahv_0-251004-112538_key1_8T3pf"], "values": ["ahv_0-251004-112538_value1_10_8T3pf"], "operator": "notIn"}, {"keys": ["nx:ahv_0-251004-112454_key1_P1FyH"], "values": ["ahv_0-251004-112454_value1_1_P1FyH"], "operator": "notIn"},... (truncated)
2026-02-01 09:07:56 - create_cost_center_v2 - INFO - [API RESPONSE] POST https://ncm.services.nconprem-10-53-60-173.ccpnx.com/v1/cg/global/costCenter
2026-02-01 09:07:56 - create_cost_center_v2 - INFO - [STATUS CODE] 200
2026-02-01 09:07:56 - create_cost_center_v2 - INFO - [TIME TAKEN] 0.4983 seconds (498.32 ms)
2026-02-01 09:07:56 - create_cost_center_v2 - INFO - [RESPONSE CONTENT-TYPE] application/json
2026-02-01 09:07:56 - create_cost_center_v2 - INFO - [RESPONSE PAYLOAD]
{
  "id": "7dad68c0-2a53-4dd1-b85c-0cbc63a71861"
}
2026-02-01 09:07:56 - create_cost_center_v2 - INFO -   ✓ Created: CC_HomePC_Account_14617_ahv_0-251004-112740_key1_2Y58r_ahv_0-251004-112740_value1_1_2Y58r_377027
2026-02-01 09:07:56 - create_cost_center_v2 - INFO - [API REQUEST] GET https://ncm.services.nconprem-10-53-60-173.ccpnx.com/v1/cg/nx/analysis/dimensions/values?resourceGroupIds=6d915317-d32b-4093-a6fa-b225f59a7522&dimensions=tag.nx%253Aahv_0-251004-112748_key1_Eb1rW&resourceGroupType=billingAccount
2026-02-01 09:07:57 - create_cost_center_v2 - INFO - [API RESPONSE] GET https://ncm.services.nconprem-10-53-60-173.ccpnx.com/v1/cg/nx/analysis/dimensions/values?resourceGroupIds=6d915317-d32b-4093-a6fa-b225f59a7522&dimensions=tag.nx%253Aahv_0-251004-112748_key1_Eb1rW&resourceGroupType=billingAccount
2026-02-01 09:07:57 - create_cost_center_v2 - INFO - [STATUS CODE] 200
2026-02-01 09:07:57 - create_cost_center_v2 - INFO - [TIME TAKEN] 0.3989 seconds (398.91 ms)
2026-02-01 09:07:57 - create_cost_center_v2 - INFO - [RESPONSE CONTENT-TYPE] application/json
2026-02-01 09:07:57 - create_cost_center_v2 - INFO - [RESPONSE PAYLOAD]
{
  "nx:ahv_0-251004-112748_key1_Eb1rW": [
    "ahv_0-251004-112748_value1_1_Eb1rW",
    "ahv_0-251004-112748_value1_5_Eb1rW"
  ]
}
2026-02-01 09:07:57 - create_cost_center_v2 - INFO - [API REQUEST] POST https://ncm.services.nconprem-10-53-60-173.ccpnx.com/v1/cg/global/costCenter
2026-02-01 09:07:57 - create_cost_center_v2 - INFO - [REQUEST DATA PAYLOAD] {"name": "CC_HomePC_Account_0e846_ahv_0-251004-112748_key1_Eb1rW_ahv_0-251004-112748_value1_1_Eb1rW_377027", "definitions": [{"provider": "nx", "parentAccount": "6d915317-d32b-4093-a6fa-b225f59a7522", "filters": {"childAccounts": ["00063ffe-e22c-90bf-45a6-7cc25530e846"], "tags": [{"keys": ["nx:ahv_0-251004-112748_key1_Eb1rW"], "values": ["ahv_0-251004-112748_value1_1_Eb1rW"], "operator": "in"}, {"keys": ["nx:ahv_0-251004-112524_key1_FxJNZ"], "values": ["ahv_0-251004-112524_value1_10_FxJNZ"], "operator": "notIn"}, {"keys": ["nx:ahv_0-251004-112618_key1_7aFgy"], "values": ["ahv_0-251004-112618_value1_1_7aFgy"], "operator": "notIn"}, {"keys": ["nx:ahv_0-251004-112557_key1_jW5Pe"], "values": ["ahv_0-251004-112557_value1_10_jW5Pe"], "operator": "notIn"}, {"keys": ["nx:ahv_0-251004-112538_key1_8T3pf"], "values": ["ahv_0-251004-112538_value1_10_8T3pf"], "operator": "notIn"}, {"keys": ["nx:ahv_0-251004-112454_key1_P1FyH"], "values": ["ahv_0-251004-112454_value1_1_P1FyH"], "operator": "notIn"},... (truncated)
2026-02-01 09:07:57 - create_cost_center_v2 - INFO - [API RESPONSE] POST https://ncm.services.nconprem-10-53-60-173.ccpnx.com/v1/cg/global/costCenter
2026-02-01 09:07:57 - create_cost_center_v2 - INFO - [STATUS CODE] 200
2026-02-01 09:07:57 - create_cost_center_v2 - INFO - [TIME TAKEN] 0.5818 seconds (581.80 ms)
2026-02-01 09:07:57 - create_cost_center_v2 - INFO - [RESPONSE CONTENT-TYPE] application/json
2026-02-01 09:07:57 - create_cost_center_v2 - INFO - [RESPONSE PAYLOAD]
{
  "id": "f6003e36-d270-4256-afe9-d3e8e777bdc7"
}
2026-02-01 09:07:57 - create_cost_center_v2 - INFO -   ✓ Created: CC_HomePC_Account_0e846_ahv_0-251004-112748_key1_Eb1rW_ahv_0-251004-112748_value1_1_Eb1rW_377027
2026-02-01 09:07:57 - create_cost_center_v2 - INFO - [API REQUEST] POST https://ncm.services.nconprem-10-53-60-173.ccpnx.com/v1/cg/global/costCenter
2026-02-01 09:07:57 - create_cost_center_v2 - INFO - [REQUEST DATA PAYLOAD] {"name": "CC_HomePC_Account_193e1_ahv_0-251004-112748_key1_Eb1rW_ahv_0-251004-112748_value1_1_Eb1rW_377027", "definitions": [{"provider": "nx", "parentAccount": "6d915317-d32b-4093-a6fa-b225f59a7522", "filters": {"childAccounts": ["00064002-1290-400a-0000-0000000193e1"], "tags": [{"keys": ["nx:ahv_0-251004-112748_key1_Eb1rW"], "values": ["ahv_0-251004-112748_value1_1_Eb1rW"], "operator": "in"}, {"keys": ["nx:ahv_0-251004-112524_key1_FxJNZ"], "values": ["ahv_0-251004-112524_value1_10_FxJNZ"], "operator": "notIn"}, {"keys": ["nx:ahv_0-251004-112618_key1_7aFgy"], "values": ["ahv_0-251004-112618_value1_1_7aFgy"], "operator": "notIn"}, {"keys": ["nx:ahv_0-251004-112557_key1_jW5Pe"], "values": ["ahv_0-251004-112557_value1_10_jW5Pe"], "operator": "notIn"}, {"keys": ["nx:ahv_0-251004-112538_key1_8T3pf"], "values": ["ahv_0-251004-112538_value1_10_8T3pf"], "operator": "notIn"}, {"keys": ["nx:ahv_0-251004-112454_key1_P1FyH"], "values": ["ahv_0-251004-112454_value1_1_P1FyH"], "operator": "notIn"},... (truncated)
2026-02-01 09:07:58 - create_cost_center_v2 - INFO - [API RESPONSE] POST https://ncm.services.nconprem-10-53-60-173.ccpnx.com/v1/cg/global/costCenter
2026-02-01 09:07:58 - create_cost_center_v2 - INFO - [STATUS CODE] 200
2026-02-01 09:07:58 - create_cost_center_v2 - INFO - [TIME TAKEN] 0.4175 seconds (417.49 ms)
2026-02-01 09:07:58 - create_cost_center_v2 - INFO - [RESPONSE CONTENT-TYPE] application/json
2026-02-01 09:07:58 - create_cost_center_v2 - INFO - [RESPONSE PAYLOAD]
{
  "id": "20a9a530-001d-462e-b877-debaeabe8652"
}
2026-02-01 09:07:58 - create_cost_center_v2 - INFO -   ✓ Created: CC_HomePC_Account_193e1_ahv_0-251004-112748_key1_Eb1rW_ahv_0-251004-112748_value1_1_Eb1rW_377027
2026-02-01 09:07:58 - create_cost_center_v2 - INFO - [API REQUEST] POST https://ncm.services.nconprem-10-53-60-173.ccpnx.com/v1/cg/global/costCenter
2026-02-01 09:07:58 - create_cost_center_v2 - INFO - [REQUEST DATA PAYLOAD] {"name": "CC_HomePC_Account_14617_ahv_0-251004-112748_key1_Eb1rW_ahv_0-251004-112748_value1_1_Eb1rW_377027", "definitions": [{"provider": "nx", "parentAccount": "6d915317-d32b-4093-a6fa-b225f59a7522", "filters": {"childAccounts": ["00063fff-3b65-3df9-6bee-7cc255814617"], "tags": [{"keys": ["nx:ahv_0-251004-112748_key1_Eb1rW"], "values": ["ahv_0-251004-112748_value1_1_Eb1rW"], "operator": "in"}, {"keys": ["nx:ahv_0-251004-112524_key1_FxJNZ"], "values": ["ahv_0-251004-112524_value1_10_FxJNZ"], "operator": "notIn"}, {"keys": ["nx:ahv_0-251004-112618_key1_7aFgy"], "values": ["ahv_0-251004-112618_value1_1_7aFgy"], "operator": "notIn"}, {"keys": ["nx:ahv_0-251004-112557_key1_jW5Pe"], "values": ["ahv_0-251004-112557_value1_10_jW5Pe"], "operator": "notIn"}, {"keys": ["nx:ahv_0-251004-112538_key1_8T3pf"], "values": ["ahv_0-251004-112538_value1_10_8T3pf"], "operator": "notIn"}, {"keys": ["nx:ahv_0-251004-112454_key1_P1FyH"], "values": ["ahv_0-251004-112454_value1_1_P1FyH"], "operator": "notIn"},... (truncated)
2026-02-01 09:07:58 - create_cost_center_v2 - INFO - [API RESPONSE] POST https://ncm.services.nconprem-10-53-60-173.ccpnx.com/v1/cg/global/costCenter
2026-02-01 09:07:58 - create_cost_center_v2 - INFO - [STATUS CODE] 200
2026-02-01 09:07:58 - create_cost_center_v2 - INFO - [TIME TAKEN] 0.5055 seconds (505.48 ms)
2026-02-01 09:07:58 - create_cost_center_v2 - INFO - [RESPONSE CONTENT-TYPE] application/json
2026-02-01 09:07:58 - create_cost_center_v2 - INFO - [RESPONSE PAYLOAD]
{
  "id": "ea170f02-a82e-4a1b-8949-7561ac8cabae"
}
2026-02-01 09:07:58 - create_cost_center_v2 - INFO -   ✓ Created: CC_HomePC_Account_14617_ahv_0-251004-112748_key1_Eb1rW_ahv_0-251004-112748_value1_1_Eb1rW_377027
2026-02-01 09:07:58 - create_cost_center_v2 - INFO - [API REQUEST] GET https://ncm.services.nconprem-10-53-60-173.ccpnx.com/v1/cg/nx/analysis/dimensions/values?resourceGroupIds=6d915317-d32b-4093-a6fa-b225f59a7522&dimensions=tag.nx%253Aahv_0-251004-112755_key1_K8h54&resourceGroupType=billingAccount
2026-02-01 09:07:59 - create_cost_center_v2 - INFO - [API RESPONSE] GET https://ncm.services.nconprem-10-53-60-173.ccpnx.com/v1/cg/nx/analysis/dimensions/values?resourceGroupIds=6d915317-d32b-4093-a6fa-b225f59a7522&dimensions=tag.nx%253Aahv_0-251004-112755_key1_K8h54&resourceGroupType=billingAccount
2026-02-01 09:07:59 - create_cost_center_v2 - INFO - [STATUS CODE] 200
2026-02-01 09:07:59 - create_cost_center_v2 - INFO - [TIME TAKEN] 0.3320 seconds (332.02 ms)
2026-02-01 09:07:59 - create_cost_center_v2 - INFO - [RESPONSE CONTENT-TYPE] application/json
2026-02-01 09:07:59 - create_cost_center_v2 - INFO - [RESPONSE PAYLOAD]
{
  "nx:ahv_0-251004-112755_key1_K8h54": [
    "ahv_0-251004-112755_value1_1_K8h54",
    "ahv_0-251004-112755_value1_2_K8h54",
    "ahv_0-251004-112755_value1_4_K8h54"
  ]
}
2026-02-01 09:07:59 - create_cost_center_v2 - INFO - [API REQUEST] POST https://ncm.services.nconprem-10-53-60-173.ccpnx.com/v1/cg/global/costCenter
2026-02-01 09:07:59 - create_cost_center_v2 - INFO - [REQUEST DATA PAYLOAD] {"name": "CC_HomePC_Account_0e846_ahv_0-251004-112755_key1_K8h54_ahv_0-251004-112755_value1_1_K8h54_377027", "definitions": [{"provider": "nx", "parentAccount": "6d915317-d32b-4093-a6fa-b225f59a7522", "filters": {"childAccounts": ["00063ffe-e22c-90bf-45a6-7cc25530e846"], "tags": [{"keys": ["nx:ahv_0-251004-112755_key1_K8h54"], "values": ["ahv_0-251004-112755_value1_1_K8h54"], "operator": "in"}, {"keys": ["nx:ahv_0-251004-112524_key1_FxJNZ"], "values": ["ahv_0-251004-112524_value1_10_FxJNZ"], "operator": "notIn"}, {"keys": ["nx:ahv_0-251004-112618_key1_7aFgy"], "values": ["ahv_0-251004-112618_value1_1_7aFgy"], "operator": "notIn"}, {"keys": ["nx:ahv_0-251004-112557_key1_jW5Pe"], "values": ["ahv_0-251004-112557_value1_10_jW5Pe"], "operator": "notIn"}, {"keys": ["nx:ahv_0-251004-112538_key1_8T3pf"], "values": ["ahv_0-251004-112538_value1_10_8T3pf"], "operator": "notIn"}, {"keys": ["nx:ahv_0-251004-112454_key1_P1FyH"], "values": ["ahv_0-251004-112454_value1_1_P1FyH"], "operator": "notIn"},... (truncated)
2026-02-01 09:07:59 - create_cost_center_v2 - INFO - [API RESPONSE] POST https://ncm.services.nconprem-10-53-60-173.ccpnx.com/v1/cg/global/costCenter
2026-02-01 09:07:59 - create_cost_center_v2 - INFO - [STATUS CODE] 200
2026-02-01 09:07:59 - create_cost_center_v2 - INFO - [TIME TAKEN] 0.5516 seconds (551.61 ms)
2026-02-01 09:07:59 - create_cost_center_v2 - INFO - [RESPONSE CONTENT-TYPE] application/json
2026-02-01 09:07:59 - create_cost_center_v2 - INFO - [RESPONSE PAYLOAD]
{
  "id": "37c93792-8c3a-47bf-b001-d9832d9c9607"
}
2026-02-01 09:07:59 - create_cost_center_v2 - INFO -   ✓ Created: CC_HomePC_Account_0e846_ahv_0-251004-112755_key1_K8h54_ahv_0-251004-112755_value1_1_K8h54_377027
2026-02-01 09:07:59 - create_cost_center_v2 - INFO - [API REQUEST] POST https://ncm.services.nconprem-10-53-60-173.ccpnx.com/v1/cg/global/costCenter
2026-02-01 09:07:59 - create_cost_center_v2 - INFO - [REQUEST DATA PAYLOAD] {"name": "CC_HomePC_Account_193e1_ahv_0-251004-112755_key1_K8h54_ahv_0-251004-112755_value1_1_K8h54_377027", "definitions": [{"provider": "nx", "parentAccount": "6d915317-d32b-4093-a6fa-b225f59a7522", "filters": {"childAccounts": ["00064002-1290-400a-0000-0000000193e1"], "tags": [{"keys": ["nx:ahv_0-251004-112755_key1_K8h54"], "values": ["ahv_0-251004-112755_value1_1_K8h54"], "operator": "in"}, {"keys": ["nx:ahv_0-251004-112524_key1_FxJNZ"], "values": ["ahv_0-251004-112524_value1_10_FxJNZ"], "operator": "notIn"}, {"keys": ["nx:ahv_0-251004-112618_key1_7aFgy"], "values": ["ahv_0-251004-112618_value1_1_7aFgy"], "operator": "notIn"}, {"keys": ["nx:ahv_0-251004-112557_key1_jW5Pe"], "values": ["ahv_0-251004-112557_value1_10_jW5Pe"], "operator": "notIn"}, {"keys": ["nx:ahv_0-251004-112538_key1_8T3pf"], "values": ["ahv_0-251004-112538_value1_10_8T3pf"], "operator": "notIn"}, {"keys": ["nx:ahv_0-251004-112454_key1_P1FyH"], "values": ["ahv_0-251004-112454_value1_1_P1FyH"], "operator": "notIn"},... (truncated)
2026-02-01 09:08:00 - create_cost_center_v2 - INFO - [API RESPONSE] POST https://ncm.services.nconprem-10-53-60-173.ccpnx.com/v1/cg/global/costCenter
2026-02-01 09:08:00 - create_cost_center_v2 - INFO - [STATUS CODE] 200
2026-02-01 09:08:00 - create_cost_center_v2 - INFO - [TIME TAKEN] 0.5638 seconds (563.81 ms)
2026-02-01 09:08:00 - create_cost_center_v2 - INFO - [RESPONSE CONTENT-TYPE] application/json
2026-02-01 09:08:00 - create_cost_center_v2 - INFO - [RESPONSE PAYLOAD]
{
  "id": "0dcf0682-bea0-4623-b198-dadc875d379a"
}
2026-02-01 09:08:00 - create_cost_center_v2 - INFO -   ✓ Created: CC_HomePC_Account_193e1_ahv_0-251004-112755_key1_K8h54_ahv_0-251004-112755_value1_1_K8h54_377027
2026-02-01 09:08:00 - create_cost_center_v2 - INFO - [API REQUEST] POST https://ncm.services.nconprem-10-53-60-173.ccpnx.com/v1/cg/global/costCenter
2026-02-01 09:08:00 - create_cost_center_v2 - INFO - [REQUEST DATA PAYLOAD] {"name": "CC_HomePC_Account_14617_ahv_0-251004-112755_key1_K8h54_ahv_0-251004-112755_value1_1_K8h54_377027", "definitions": [{"provider": "nx", "parentAccount": "6d915317-d32b-4093-a6fa-b225f59a7522", "filters": {"childAccounts": ["00063fff-3b65-3df9-6bee-7cc255814617"], "tags": [{"keys": ["nx:ahv_0-251004-112755_key1_K8h54"], "values": ["ahv_0-251004-112755_value1_1_K8h54"], "operator": "in"}, {"keys": ["nx:ahv_0-251004-112524_key1_FxJNZ"], "values": ["ahv_0-251004-112524_value1_10_FxJNZ"], "operator": "notIn"}, {"keys": ["nx:ahv_0-251004-112618_key1_7aFgy"], "values": ["ahv_0-251004-112618_value1_1_7aFgy"], "operator": "notIn"}, {"keys": ["nx:ahv_0-251004-112557_key1_jW5Pe"], "values": ["ahv_0-251004-112557_value1_10_jW5Pe"], "operator": "notIn"}, {"keys": ["nx:ahv_0-251004-112538_key1_8T3pf"], "values": ["ahv_0-251004-112538_value1_10_8T3pf"], "operator": "notIn"}, {"keys": ["nx:ahv_0-251004-112454_key1_P1FyH"], "values": ["ahv_0-251004-112454_value1_1_P1FyH"], "operator": "notIn"},... (truncated)
2026-02-01 09:08:00 - create_cost_center_v2 - INFO - [API RESPONSE] POST https://ncm.services.nconprem-10-53-60-173.ccpnx.com/v1/cg/global/costCenter
2026-02-01 09:08:00 - create_cost_center_v2 - INFO - [STATUS CODE] 200
2026-02-01 09:08:00 - create_cost_center_v2 - INFO - [TIME TAKEN] 0.5621 seconds (562.10 ms)
2026-02-01 09:08:00 - create_cost_center_v2 - INFO - [RESPONSE CONTENT-TYPE] application/json
2026-02-01 09:08:00 - create_cost_center_v2 - INFO - [RESPONSE PAYLOAD]
{
  "id": "abbffa07-749f-4307-823b-5d2db99b831e"
}
2026-02-01 09:08:00 - create_cost_center_v2 - INFO -   ✓ Created: CC_HomePC_Account_14617_ahv_0-251004-112755_key1_K8h54_ahv_0-251004-112755_value1_1_K8h54_377027
2026-02-01 09:08:00 - create_cost_center_v2 - INFO - [API REQUEST] GET https://ncm.services.nconprem-10-53-60-173.ccpnx.com/v1/cg/nx/analysis/dimensions/values?resourceGroupIds=6d915317-d32b-4093-a6fa-b225f59a7522&dimensions=tag.nx%253Aahv_0-251004-123942_key1_AMkuF&resourceGroupType=billingAccount
2026-02-01 09:08:01 - create_cost_center_v2 - INFO - [API RESPONSE] GET https://ncm.services.nconprem-10-53-60-173.ccpnx.com/v1/cg/nx/analysis/dimensions/values?resourceGroupIds=6d915317-d32b-4093-a6fa-b225f59a7522&dimensions=tag.nx%253Aahv_0-251004-123942_key1_AMkuF&resourceGroupType=billingAccount
2026-02-01 09:08:01 - create_cost_center_v2 - INFO - [STATUS CODE] 200
2026-02-01 09:08:01 - create_cost_center_v2 - INFO - [TIME TAKEN] 0.3705 seconds (370.46 ms)
2026-02-01 09:08:01 - create_cost_center_v2 - INFO - [RESPONSE CONTENT-TYPE] application/json
2026-02-01 09:08:01 - create_cost_center_v2 - INFO - [RESPONSE PAYLOAD]
{
  "nx:ahv_0-251004-123942_key1_AMkuF": [
    "ahv_0-251004-123942_value1_1_AMkuF",
    "ahv_0-251004-123942_value1_2_AMkuF",
    "ahv_0-251004-123942_value1_3_AMkuF",
    "ahv_0-251004-123942_value1_5_AMkuF"
  ]
}
2026-02-01 09:08:01 - create_cost_center_v2 - INFO - [API REQUEST] POST https://ncm.services.nconprem-10-53-60-173.ccpnx.com/v1/cg/global/costCenter
2026-02-01 09:08:01 - create_cost_center_v2 - INFO - [REQUEST DATA PAYLOAD] {"name": "CC_HomePC_Account_0e846_ahv_0-251004-123942_key1_AMkuF_ahv_0-251004-123942_value1_1_AMkuF_377027", "definitions": [{"provider": "nx", "parentAccount": "6d915317-d32b-4093-a6fa-b225f59a7522", "filters": {"childAccounts": ["00063ffe-e22c-90bf-45a6-7cc25530e846"], "tags": [{"keys": ["nx:ahv_0-251004-123942_key1_AMkuF"], "values": ["ahv_0-251004-123942_value1_1_AMkuF"], "operator": "in"}, {"keys": ["nx:ahv_0-251004-112524_key1_FxJNZ"], "values": ["ahv_0-251004-112524_value1_10_FxJNZ"], "operator": "notIn"}, {"keys": ["nx:ahv_0-251004-112618_key1_7aFgy"], "values": ["ahv_0-251004-112618_value1_1_7aFgy"], "operator": "notIn"}, {"keys": ["nx:ahv_0-251004-112557_key1_jW5Pe"], "values": ["ahv_0-251004-112557_value1_10_jW5Pe"], "operator": "notIn"}, {"keys": ["nx:ahv_0-251004-112538_key1_8T3pf"], "values": ["ahv_0-251004-112538_value1_10_8T3pf"], "operator": "notIn"}, {"keys": ["nx:ahv_0-251004-112454_key1_P1FyH"], "values": ["ahv_0-251004-112454_value1_1_P1FyH"], "operator": "notIn"},... (truncated)
2026-02-01 09:08:01 - create_cost_center_v2 - INFO - [API RESPONSE] POST https://ncm.services.nconprem-10-53-60-173.ccpnx.com/v1/cg/global/costCenter
2026-02-01 09:08:01 - create_cost_center_v2 - INFO - [STATUS CODE] 200
2026-02-01 09:08:01 - create_cost_center_v2 - INFO - [TIME TAKEN] 0.6011 seconds (601.11 ms)
2026-02-01 09:08:01 - create_cost_center_v2 - INFO - [RESPONSE CONTENT-TYPE] application/json
2026-02-01 09:08:01 - create_cost_center_v2 - INFO - [RESPONSE PAYLOAD]
{
  "id": "5885f16d-2941-4852-89f6-a5f85e715c8e"
}
2026-02-01 09:08:01 - create_cost_center_v2 - INFO -   ✓ Created: CC_HomePC_Account_0e846_ahv_0-251004-123942_key1_AMkuF_ahv_0-251004-123942_value1_1_AMkuF_377027
2026-02-01 09:08:01 - create_cost_center_v2 - INFO - [API REQUEST] POST https://ncm.services.nconprem-10-53-60-173.ccpnx.com/v1/cg/global/costCenter
2026-02-01 09:08:01 - create_cost_center_v2 - INFO - [REQUEST DATA PAYLOAD] {"name": "CC_HomePC_Account_193e1_ahv_0-251004-123942_key1_AMkuF_ahv_0-251004-123942_value1_1_AMkuF_377027", "definitions": [{"provider": "nx", "parentAccount": "6d915317-d32b-4093-a6fa-b225f59a7522", "filters": {"childAccounts": ["00064002-1290-400a-0000-0000000193e1"], "tags": [{"keys": ["nx:ahv_0-251004-123942_key1_AMkuF"], "values": ["ahv_0-251004-123942_value1_1_AMkuF"], "operator": "in"}, {"keys": ["nx:ahv_0-251004-112524_key1_FxJNZ"], "values": ["ahv_0-251004-112524_value1_10_FxJNZ"], "operator": "notIn"}, {"keys": ["nx:ahv_0-251004-112618_key1_7aFgy"], "values": ["ahv_0-251004-112618_value1_1_7aFgy"], "operator": "notIn"}, {"keys": ["nx:ahv_0-251004-112557_key1_jW5Pe"], "values": ["ahv_0-251004-112557_value1_10_jW5Pe"], "operator": "notIn"}, {"keys": ["nx:ahv_0-251004-112538_key1_8T3pf"], "values": ["ahv_0-251004-112538_value1_10_8T3pf"], "operator": "notIn"}, {"keys": ["nx:ahv_0-251004-112454_key1_P1FyH"], "values": ["ahv_0-251004-112454_value1_1_P1FyH"], "operator": "notIn"},... (truncated)
2026-02-01 09:08:02 - create_cost_center_v2 - INFO - [API RESPONSE] POST https://ncm.services.nconprem-10-53-60-173.ccpnx.com/v1/cg/global/costCenter
2026-02-01 09:08:02 - create_cost_center_v2 - INFO - [STATUS CODE] 200
2026-02-01 09:08:02 - create_cost_center_v2 - INFO - [TIME TAKEN] 0.5346 seconds (534.55 ms)
2026-02-01 09:08:02 - create_cost_center_v2 - INFO - [RESPONSE CONTENT-TYPE] application/json
2026-02-01 09:08:02 - create_cost_center_v2 - INFO - [RESPONSE PAYLOAD]
{
  "id": "c5908b23-ead5-4440-8a74-81acf138a69e"
}
2026-02-01 09:08:02 - create_cost_center_v2 - INFO -   ✓ Created: CC_HomePC_Account_193e1_ahv_0-251004-123942_key1_AMkuF_ahv_0-251004-123942_value1_1_AMkuF_377027
2026-02-01 09:08:02 - create_cost_center_v2 - INFO - [API REQUEST] POST https://ncm.services.nconprem-10-53-60-173.ccpnx.com/v1/cg/global/costCenter
2026-02-01 09:08:02 - create_cost_center_v2 - INFO - [REQUEST DATA PAYLOAD] {"name": "CC_HomePC_Account_14617_ahv_0-251004-123942_key1_AMkuF_ahv_0-251004-123942_value1_1_AMkuF_377027", "definitions": [{"provider": "nx", "parentAccount": "6d915317-d32b-4093-a6fa-b225f59a7522", "filters": {"childAccounts": ["00063fff-3b65-3df9-6bee-7cc255814617"], "tags": [{"keys": ["nx:ahv_0-251004-123942_key1_AMkuF"], "values": ["ahv_0-251004-123942_value1_1_AMkuF"], "operator": "in"}, {"keys": ["nx:ahv_0-251004-112524_key1_FxJNZ"], "values": ["ahv_0-251004-112524_value1_10_FxJNZ"], "operator": "notIn"}, {"keys": ["nx:ahv_0-251004-112618_key1_7aFgy"], "values": ["ahv_0-251004-112618_value1_1_7aFgy"], "operator": "notIn"}, {"keys": ["nx:ahv_0-251004-112557_key1_jW5Pe"], "values": ["ahv_0-251004-112557_value1_10_jW5Pe"], "operator": "notIn"}, {"keys": ["nx:ahv_0-251004-112538_key1_8T3pf"], "values": ["ahv_0-251004-112538_value1_10_8T3pf"], "operator": "notIn"}, {"keys": ["nx:ahv_0-251004-112454_key1_P1FyH"], "values": ["ahv_0-251004-112454_value1_1_P1FyH"], "operator": "notIn"},... (truncated)
2026-02-01 09:08:03 - create_cost_center_v2 - INFO - [API RESPONSE] POST https://ncm.services.nconprem-10-53-60-173.ccpnx.com/v1/cg/global/costCenter
2026-02-01 09:08:03 - create_cost_center_v2 - INFO - [STATUS CODE] 200
2026-02-01 09:08:03 - create_cost_center_v2 - INFO - [TIME TAKEN] 0.8574 seconds (857.44 ms)
2026-02-01 09:08:03 - create_cost_center_v2 - INFO - [RESPONSE CONTENT-TYPE] application/json
2026-02-01 09:08:03 - create_cost_center_v2 - INFO - [RESPONSE PAYLOAD]
{
  "id": "3e901fe4-48ed-428f-a575-ba0849e7b8b5"
}
2026-02-01 09:08:03 - create_cost_center_v2 - INFO -   ✓ Created: CC_HomePC_Account_14617_ahv_0-251004-123942_key1_AMkuF_ahv_0-251004-123942_value1_1_AMkuF_377027
2026-02-01 09:08:03 - create_cost_center_v2 - INFO - [API REQUEST] GET https://ncm.services.nconprem-10-53-60-173.ccpnx.com/v1/cg/nx/analysis/dimensions/values?resourceGroupIds=6d915317-d32b-4093-a6fa-b225f59a7522&dimensions=tag.nx%253Aahv_0-251004-123945_key1_9Xc9r&resourceGroupType=billingAccount
2026-02-01 09:08:03 - create_cost_center_v2 - INFO - [API RESPONSE] GET https://ncm.services.nconprem-10-53-60-173.ccpnx.com/v1/cg/nx/analysis/dimensions/values?resourceGroupIds=6d915317-d32b-4093-a6fa-b225f59a7522&dimensions=tag.nx%253Aahv_0-251004-123945_key1_9Xc9r&resourceGroupType=billingAccount
2026-02-01 09:08:03 - create_cost_center_v2 - INFO - [STATUS CODE] 200
2026-02-01 09:08:03 - create_cost_center_v2 - INFO - [TIME TAKEN] 0.4047 seconds (404.72 ms)
2026-02-01 09:08:03 - create_cost_center_v2 - INFO - [RESPONSE CONTENT-TYPE] application/json
2026-02-01 09:08:03 - create_cost_center_v2 - INFO - [RESPONSE PAYLOAD]
{
  "nx:ahv_0-251004-123945_key1_9Xc9r": [
    "ahv_0-251004-123945_value1_5_9Xc9r"
  ]
}
2026-02-01 09:08:03 - create_cost_center_v2 - INFO - [API REQUEST] POST https://ncm.services.nconprem-10-53-60-173.ccpnx.com/v1/cg/global/costCenter
2026-02-01 09:08:03 - create_cost_center_v2 - INFO - [REQUEST DATA PAYLOAD] {"name": "CC_HomePC_Account_0e846_ahv_0-251004-123945_key1_9Xc9r_ahv_0-251004-123945_value1_5_9Xc9r_377027", "definitions": [{"provider": "nx", "parentAccount": "6d915317-d32b-4093-a6fa-b225f59a7522", "filters": {"childAccounts": ["00063ffe-e22c-90bf-45a6-7cc25530e846"], "tags": [{"keys": ["nx:ahv_0-251004-123945_key1_9Xc9r"], "values": ["ahv_0-251004-123945_value1_5_9Xc9r"], "operator": "in"}, {"keys": ["nx:ahv_0-251004-112524_key1_FxJNZ"], "values": ["ahv_0-251004-112524_value1_10_FxJNZ"], "operator": "notIn"}, {"keys": ["nx:ahv_0-251004-112618_key1_7aFgy"], "values": ["ahv_0-251004-112618_value1_1_7aFgy"], "operator": "notIn"}, {"keys": ["nx:ahv_0-251004-112557_key1_jW5Pe"], "values": ["ahv_0-251004-112557_value1_10_jW5Pe"], "operator": "notIn"}, {"keys": ["nx:ahv_0-251004-112538_key1_8T3pf"], "values": ["ahv_0-251004-112538_value1_10_8T3pf"], "operator": "notIn"}, {"keys": ["nx:ahv_0-251004-112454_key1_P1FyH"], "values": ["ahv_0-251004-112454_value1_1_P1FyH"], "operator": "notIn"},... (truncated)
2026-02-01 09:08:04 - create_cost_center_v2 - INFO - [API RESPONSE] POST https://ncm.services.nconprem-10-53-60-173.ccpnx.com/v1/cg/global/costCenter
2026-02-01 09:08:04 - create_cost_center_v2 - INFO - [STATUS CODE] 200
2026-02-01 09:08:04 - create_cost_center_v2 - INFO - [TIME TAKEN] 0.5841 seconds (584.07 ms)
2026-02-01 09:08:04 - create_cost_center_v2 - INFO - [RESPONSE CONTENT-TYPE] application/json
2026-02-01 09:08:04 - create_cost_center_v2 - INFO - [RESPONSE PAYLOAD]
{
  "id": "5c79e141-a76b-46d0-b327-a62d49846ced"
}
2026-02-01 09:08:04 - create_cost_center_v2 - INFO -   ✓ Created: CC_HomePC_Account_0e846_ahv_0-251004-123945_key1_9Xc9r_ahv_0-251004-123945_value1_5_9Xc9r_377027
2026-02-01 09:08:04 - create_cost_center_v2 - INFO - [API REQUEST] POST https://ncm.services.nconprem-10-53-60-173.ccpnx.com/v1/cg/global/costCenter
2026-02-01 09:08:04 - create_cost_center_v2 - INFO - [REQUEST DATA PAYLOAD] {"name": "CC_HomePC_Account_193e1_ahv_0-251004-123945_key1_9Xc9r_ahv_0-251004-123945_value1_5_9Xc9r_377027", "definitions": [{"provider": "nx", "parentAccount": "6d915317-d32b-4093-a6fa-b225f59a7522", "filters": {"childAccounts": ["00064002-1290-400a-0000-0000000193e1"], "tags": [{"keys": ["nx:ahv_0-251004-123945_key1_9Xc9r"], "values": ["ahv_0-251004-123945_value1_5_9Xc9r"], "operator": "in"}, {"keys": ["nx:ahv_0-251004-112524_key1_FxJNZ"], "values": ["ahv_0-251004-112524_value1_10_FxJNZ"], "operator": "notIn"}, {"keys": ["nx:ahv_0-251004-112618_key1_7aFgy"], "values": ["ahv_0-251004-112618_value1_1_7aFgy"], "operator": "notIn"}, {"keys": ["nx:ahv_0-251004-112557_key1_jW5Pe"], "values": ["ahv_0-251004-112557_value1_10_jW5Pe"], "operator": "notIn"}, {"keys": ["nx:ahv_0-251004-112538_key1_8T3pf"], "values": ["ahv_0-251004-112538_value1_10_8T3pf"], "operator": "notIn"}, {"keys": ["nx:ahv_0-251004-112454_key1_P1FyH"], "values": ["ahv_0-251004-112454_value1_1_P1FyH"], "operator": "notIn"},... (truncated)
2026-02-01 09:08:04 - create_cost_center_v2 - INFO - [API RESPONSE] POST https://ncm.services.nconprem-10-53-60-173.ccpnx.com/v1/cg/global/costCenter
2026-02-01 09:08:04 - create_cost_center_v2 - INFO - [STATUS CODE] 200
2026-02-01 09:08:04 - create_cost_center_v2 - INFO - [TIME TAKEN] 0.6918 seconds (691.82 ms)
2026-02-01 09:08:04 - create_cost_center_v2 - INFO - [RESPONSE CONTENT-TYPE] application/json
2026-02-01 09:08:04 - create_cost_center_v2 - INFO - [RESPONSE PAYLOAD]
{
  "id": "380fe798-c2ba-44c3-8443-6b072127b58a"
}
2026-02-01 09:08:04 - create_cost_center_v2 - INFO -   ✓ Created: CC_HomePC_Account_193e1_ahv_0-251004-123945_key1_9Xc9r_ahv_0-251004-123945_value1_5_9Xc9r_377027
2026-02-01 09:08:04 - create_cost_center_v2 - INFO - [API REQUEST] POST https://ncm.services.nconprem-10-53-60-173.ccpnx.com/v1/cg/global/costCenter
2026-02-01 09:08:04 - create_cost_center_v2 - INFO - [REQUEST DATA PAYLOAD] {"name": "CC_HomePC_Account_14617_ahv_0-251004-123945_key1_9Xc9r_ahv_0-251004-123945_value1_5_9Xc9r_377027", "definitions": [{"provider": "nx", "parentAccount": "6d915317-d32b-4093-a6fa-b225f59a7522", "filters": {"childAccounts": ["00063fff-3b65-3df9-6bee-7cc255814617"], "tags": [{"keys": ["nx:ahv_0-251004-123945_key1_9Xc9r"], "values": ["ahv_0-251004-123945_value1_5_9Xc9r"], "operator": "in"}, {"keys": ["nx:ahv_0-251004-112524_key1_FxJNZ"], "values": ["ahv_0-251004-112524_value1_10_FxJNZ"], "operator": "notIn"}, {"keys": ["nx:ahv_0-251004-112618_key1_7aFgy"], "values": ["ahv_0-251004-112618_value1_1_7aFgy"], "operator": "notIn"}, {"keys": ["nx:ahv_0-251004-112557_key1_jW5Pe"], "values": ["ahv_0-251004-112557_value1_10_jW5Pe"], "operator": "notIn"}, {"keys": ["nx:ahv_0-251004-112538_key1_8T3pf"], "values": ["ahv_0-251004-112538_value1_10_8T3pf"], "operator": "notIn"}, {"keys": ["nx:ahv_0-251004-112454_key1_P1FyH"], "values": ["ahv_0-251004-112454_value1_1_P1FyH"], "operator": "notIn"},... (truncated)
2026-02-01 09:08:05 - create_cost_center_v2 - INFO - [API RESPONSE] POST https://ncm.services.nconprem-10-53-60-173.ccpnx.com/v1/cg/global/costCenter
2026-02-01 09:08:05 - create_cost_center_v2 - INFO - [STATUS CODE] 200
2026-02-01 09:08:05 - create_cost_center_v2 - INFO - [TIME TAKEN] 0.4076 seconds (407.60 ms)
2026-02-01 09:08:05 - create_cost_center_v2 - INFO - [RESPONSE CONTENT-TYPE] application/json
2026-02-01 09:08:05 - create_cost_center_v2 - INFO - [RESPONSE PAYLOAD]
{
  "id": "892ba2c9-e858-4d32-8fed-5d871ac422b1"
}
2026-02-01 09:08:05 - create_cost_center_v2 - INFO -   ✓ Created: CC_HomePC_Account_14617_ahv_0-251004-123945_key1_9Xc9r_ahv_0-251004-123945_value1_5_9Xc9r_377027
2026-02-01 09:08:05 - create_cost_center_v2 - INFO - [API REQUEST] GET https://ncm.services.nconprem-10-53-60-173.ccpnx.com/v1/cg/nx/analysis/dimensions/values?resourceGroupIds=6d915317-d32b-4093-a6fa-b225f59a7522&dimensions=tag.nx%253Aahv_0-251004-123947_key1_9acxk&resourceGroupType=billingAccount
2026-02-01 09:08:05 - create_cost_center_v2 - INFO - [API RESPONSE] GET https://ncm.services.nconprem-10-53-60-173.ccpnx.com/v1/cg/nx/analysis/dimensions/values?resourceGroupIds=6d915317-d32b-4093-a6fa-b225f59a7522&dimensions=tag.nx%253Aahv_0-251004-123947_key1_9acxk&resourceGroupType=billingAccount
2026-02-01 09:08:05 - create_cost_center_v2 - INFO - [STATUS CODE] 200
2026-02-01 09:08:05 - create_cost_center_v2 - INFO - [TIME TAKEN] 0.3537 seconds (353.69 ms)
2026-02-01 09:08:05 - create_cost_center_v2 - INFO - [RESPONSE CONTENT-TYPE] application/json
2026-02-01 09:08:05 - create_cost_center_v2 - INFO - [RESPONSE PAYLOAD]
{
  "nx:ahv_0-251004-123947_key1_9acxk": [
    "ahv_0-251004-123947_value1_1_9acxk",
    "ahv_0-251004-123947_value1_2_9acxk",
    "ahv_0-251004-123947_value1_5_9acxk"
  ]
}
2026-02-01 09:08:05 - create_cost_center_v2 - INFO - [API REQUEST] POST https://ncm.services.nconprem-10-53-60-173.ccpnx.com/v1/cg/global/costCenter
2026-02-01 09:08:05 - create_cost_center_v2 - INFO - [REQUEST DATA PAYLOAD] {"name": "CC_HomePC_Account_0e846_ahv_0-251004-123947_key1_9acxk_ahv_0-251004-123947_value1_1_9acxk_377027", "definitions": [{"provider": "nx", "parentAccount": "6d915317-d32b-4093-a6fa-b225f59a7522", "filters": {"childAccounts": ["00063ffe-e22c-90bf-45a6-7cc25530e846"], "tags": [{"keys": ["nx:ahv_0-251004-123947_key1_9acxk"], "values": ["ahv_0-251004-123947_value1_1_9acxk"], "operator": "in"}, {"keys": ["nx:ahv_0-251004-112524_key1_FxJNZ"], "values": ["ahv_0-251004-112524_value1_10_FxJNZ"], "operator": "notIn"}, {"keys": ["nx:ahv_0-251004-112618_key1_7aFgy"], "values": ["ahv_0-251004-112618_value1_1_7aFgy"], "operator": "notIn"}, {"keys": ["nx:ahv_0-251004-112557_key1_jW5Pe"], "values": ["ahv_0-251004-112557_value1_10_jW5Pe"], "operator": "notIn"}, {"keys": ["nx:ahv_0-251004-112538_key1_8T3pf"], "values": ["ahv_0-251004-112538_value1_10_8T3pf"], "operator": "notIn"}, {"keys": ["nx:ahv_0-251004-112454_key1_P1FyH"], "values": ["ahv_0-251004-112454_value1_1_P1FyH"], "operator": "notIn"},... (truncated)
2026-02-01 09:08:06 - create_cost_center_v2 - INFO - [API RESPONSE] POST https://ncm.services.nconprem-10-53-60-173.ccpnx.com/v1/cg/global/costCenter
2026-02-01 09:08:06 - create_cost_center_v2 - INFO - [STATUS CODE] 200
2026-02-01 09:08:06 - create_cost_center_v2 - INFO - [TIME TAKEN] 0.5289 seconds (528.88 ms)
2026-02-01 09:08:06 - create_cost_center_v2 - INFO - [RESPONSE CONTENT-TYPE] application/json
2026-02-01 09:08:06 - create_cost_center_v2 - INFO - [RESPONSE PAYLOAD]
{
  "id": "b54f98bc-4e38-4786-a3af-2dc5bc93eca4"
}
2026-02-01 09:08:06 - create_cost_center_v2 - INFO -   ✓ Created: CC_HomePC_Account_0e846_ahv_0-251004-123947_key1_9acxk_ahv_0-251004-123947_value1_1_9acxk_377027
2026-02-01 09:08:06 - create_cost_center_v2 - INFO - [API REQUEST] POST https://ncm.services.nconprem-10-53-60-173.ccpnx.com/v1/cg/global/costCenter
2026-02-01 09:08:06 - create_cost_center_v2 - INFO - [REQUEST DATA PAYLOAD] {"name": "CC_HomePC_Account_193e1_ahv_0-251004-123947_key1_9acxk_ahv_0-251004-123947_value1_1_9acxk_377027", "definitions": [{"provider": "nx", "parentAccount": "6d915317-d32b-4093-a6fa-b225f59a7522", "filters": {"childAccounts": ["00064002-1290-400a-0000-0000000193e1"], "tags": [{"keys": ["nx:ahv_0-251004-123947_key1_9acxk"], "values": ["ahv_0-251004-123947_value1_1_9acxk"], "operator": "in"}, {"keys": ["nx:ahv_0-251004-112524_key1_FxJNZ"], "values": ["ahv_0-251004-112524_value1_10_FxJNZ"], "operator": "notIn"}, {"keys": ["nx:ahv_0-251004-112618_key1_7aFgy"], "values": ["ahv_0-251004-112618_value1_1_7aFgy"], "operator": "notIn"}, {"keys": ["nx:ahv_0-251004-112557_key1_jW5Pe"], "values": ["ahv_0-251004-112557_value1_10_jW5Pe"], "operator": "notIn"}, {"keys": ["nx:ahv_0-251004-112538_key1_8T3pf"], "values": ["ahv_0-251004-112538_value1_10_8T3pf"], "operator": "notIn"}, {"keys": ["nx:ahv_0-251004-112454_key1_P1FyH"], "values": ["ahv_0-251004-112454_value1_1_P1FyH"], "operator": "notIn"},... (truncated)
2026-02-01 09:08:06 - create_cost_center_v2 - INFO - [API RESPONSE] POST https://ncm.services.nconprem-10-53-60-173.ccpnx.com/v1/cg/global/costCenter
2026-02-01 09:08:06 - create_cost_center_v2 - INFO - [STATUS CODE] 200
2026-02-01 09:08:06 - create_cost_center_v2 - INFO - [TIME TAKEN] 0.4141 seconds (414.12 ms)
2026-02-01 09:08:06 - create_cost_center_v2 - INFO - [RESPONSE CONTENT-TYPE] application/json
2026-02-01 09:08:06 - create_cost_center_v2 - INFO - [RESPONSE PAYLOAD]
{
  "id": "1c19a2fa-5ec4-48f4-a539-f6ab9666ade7"
}
2026-02-01 09:08:06 - create_cost_center_v2 - INFO -   ✓ Created: CC_HomePC_Account_193e1_ahv_0-251004-123947_key1_9acxk_ahv_0-251004-123947_value1_1_9acxk_377027
2026-02-01 09:08:06 - create_cost_center_v2 - INFO - [API REQUEST] POST https://ncm.services.nconprem-10-53-60-173.ccpnx.com/v1/cg/global/costCenter
2026-02-01 09:08:06 - create_cost_center_v2 - INFO - [REQUEST DATA PAYLOAD] {"name": "CC_HomePC_Account_14617_ahv_0-251004-123947_key1_9acxk_ahv_0-251004-123947_value1_1_9acxk_377027", "definitions": [{"provider": "nx", "parentAccount": "6d915317-d32b-4093-a6fa-b225f59a7522", "filters": {"childAccounts": ["00063fff-3b65-3df9-6bee-7cc255814617"], "tags": [{"keys": ["nx:ahv_0-251004-123947_key1_9acxk"], "values": ["ahv_0-251004-123947_value1_1_9acxk"], "operator": "in"}, {"keys": ["nx:ahv_0-251004-112524_key1_FxJNZ"], "values": ["ahv_0-251004-112524_value1_10_FxJNZ"], "operator": "notIn"}, {"keys": ["nx:ahv_0-251004-112618_key1_7aFgy"], "values": ["ahv_0-251004-112618_value1_1_7aFgy"], "operator": "notIn"}, {"keys": ["nx:ahv_0-251004-112557_key1_jW5Pe"], "values": ["ahv_0-251004-112557_value1_10_jW5Pe"], "operator": "notIn"}, {"keys": ["nx:ahv_0-251004-112538_key1_8T3pf"], "values": ["ahv_0-251004-112538_value1_10_8T3pf"], "operator": "notIn"}, {"keys": ["nx:ahv_0-251004-112454_key1_P1FyH"], "values": ["ahv_0-251004-112454_value1_1_P1FyH"], "operator": "notIn"},... (truncated)
2026-02-01 09:08:07 - create_cost_center_v2 - INFO - [API RESPONSE] POST https://ncm.services.nconprem-10-53-60-173.ccpnx.com/v1/cg/global/costCenter
2026-02-01 09:08:07 - create_cost_center_v2 - INFO - [STATUS CODE] 200
2026-02-01 09:08:07 - create_cost_center_v2 - INFO - [TIME TAKEN] 0.5499 seconds (549.87 ms)
2026-02-01 09:08:07 - create_cost_center_v2 - INFO - [RESPONSE CONTENT-TYPE] application/json
2026-02-01 09:08:07 - create_cost_center_v2 - INFO - [RESPONSE PAYLOAD]
{
  "id": "d1949428-b5e6-4b45-b972-a9bca34531e7"
}
2026-02-01 09:08:07 - create_cost_center_v2 - INFO -   ✓ Created: CC_HomePC_Account_14617_ahv_0-251004-123947_key1_9acxk_ahv_0-251004-123947_value1_1_9acxk_377027
2026-02-01 09:08:07 - create_cost_center_v2 - INFO - [API REQUEST] GET https://ncm.services.nconprem-10-53-60-173.ccpnx.com/v1/cg/nx/analysis/dimensions/values?resourceGroupIds=6d915317-d32b-4093-a6fa-b225f59a7522&dimensions=tag.nx%253Aahv_0-251004-123951_key1_dFzTW&resourceGroupType=billingAccount
2026-02-01 09:08:07 - create_cost_center_v2 - INFO - [API RESPONSE] GET https://ncm.services.nconprem-10-53-60-173.ccpnx.com/v1/cg/nx/analysis/dimensions/values?resourceGroupIds=6d915317-d32b-4093-a6fa-b225f59a7522&dimensions=tag.nx%253Aahv_0-251004-123951_key1_dFzTW&resourceGroupType=billingAccount
2026-02-01 09:08:07 - create_cost_center_v2 - INFO - [STATUS CODE] 200
2026-02-01 09:08:07 - create_cost_center_v2 - INFO - [TIME TAKEN] 0.3236 seconds (323.64 ms)
2026-02-01 09:08:07 - create_cost_center_v2 - INFO - [RESPONSE CONTENT-TYPE] application/json
2026-02-01 09:08:07 - create_cost_center_v2 - INFO - [RESPONSE PAYLOAD]
{
  "nx:ahv_0-251004-123951_key1_dFzTW": [
    "ahv_0-251004-123951_value1_1_dFzTW",
    "ahv_0-251004-123951_value1_3_dFzTW",
    "ahv_0-251004-123951_value1_5_dFzTW"
  ]
}
2026-02-01 09:08:07 - create_cost_center_v2 - INFO - [API REQUEST] POST https://ncm.services.nconprem-10-53-60-173.ccpnx.com/v1/cg/global/costCenter
2026-02-01 09:08:07 - create_cost_center_v2 - INFO - [REQUEST DATA PAYLOAD] {"name": "CC_HomePC_Account_0e846_ahv_0-251004-123951_key1_dFzTW_ahv_0-251004-123951_value1_1_dFzTW_377027", "definitions": [{"provider": "nx", "parentAccount": "6d915317-d32b-4093-a6fa-b225f59a7522", "filters": {"childAccounts": ["00063ffe-e22c-90bf-45a6-7cc25530e846"], "tags": [{"keys": ["nx:ahv_0-251004-123951_key1_dFzTW"], "values": ["ahv_0-251004-123951_value1_1_dFzTW"], "operator": "in"}, {"keys": ["nx:ahv_0-251004-112524_key1_FxJNZ"], "values": ["ahv_0-251004-112524_value1_10_FxJNZ"], "operator": "notIn"}, {"keys": ["nx:ahv_0-251004-112618_key1_7aFgy"], "values": ["ahv_0-251004-112618_value1_1_7aFgy"], "operator": "notIn"}, {"keys": ["nx:ahv_0-251004-112557_key1_jW5Pe"], "values": ["ahv_0-251004-112557_value1_10_jW5Pe"], "operator": "notIn"}, {"keys": ["nx:ahv_0-251004-112538_key1_8T3pf"], "values": ["ahv_0-251004-112538_value1_10_8T3pf"], "operator": "notIn"}, {"keys": ["nx:ahv_0-251004-112454_key1_P1FyH"], "values": ["ahv_0-251004-112454_value1_1_P1FyH"], "operator": "notIn"},... (truncated)
2026-02-01 09:08:07 - create_cost_center_v2 - INFO - [API RESPONSE] POST https://ncm.services.nconprem-10-53-60-173.ccpnx.com/v1/cg/global/costCenter
2026-02-01 09:08:07 - create_cost_center_v2 - INFO - [STATUS CODE] 200
2026-02-01 09:08:07 - create_cost_center_v2 - INFO - [TIME TAKEN] 0.4930 seconds (493.01 ms)
2026-02-01 09:08:07 - create_cost_center_v2 - INFO - [RESPONSE CONTENT-TYPE] application/json
2026-02-01 09:08:07 - create_cost_center_v2 - INFO - [RESPONSE PAYLOAD]
{
  "id": "5c2ef216-4e4d-4d54-9f76-60baadc72dc0"
}
2026-02-01 09:08:07 - create_cost_center_v2 - INFO -   ✓ Created: CC_HomePC_Account_0e846_ahv_0-251004-123951_key1_dFzTW_ahv_0-251004-123951_value1_1_dFzTW_377027
2026-02-01 09:08:07 - create_cost_center_v2 - INFO - [API REQUEST] POST https://ncm.services.nconprem-10-53-60-173.ccpnx.com/v1/cg/global/costCenter
2026-02-01 09:08:07 - create_cost_center_v2 - INFO - [REQUEST DATA PAYLOAD] {"name": "CC_HomePC_Account_193e1_ahv_0-251004-123951_key1_dFzTW_ahv_0-251004-123951_value1_1_dFzTW_377027", "definitions": [{"provider": "nx", "parentAccount": "6d915317-d32b-4093-a6fa-b225f59a7522", "filters": {"childAccounts": ["00064002-1290-400a-0000-0000000193e1"], "tags": [{"keys": ["nx:ahv_0-251004-123951_key1_dFzTW"], "values": ["ahv_0-251004-123951_value1_1_dFzTW"], "operator": "in"}, {"keys": ["nx:ahv_0-251004-112524_key1_FxJNZ"], "values": ["ahv_0-251004-112524_value1_10_FxJNZ"], "operator": "notIn"}, {"keys": ["nx:ahv_0-251004-112618_key1_7aFgy"], "values": ["ahv_0-251004-112618_value1_1_7aFgy"], "operator": "notIn"}, {"keys": ["nx:ahv_0-251004-112557_key1_jW5Pe"], "values": ["ahv_0-251004-112557_value1_10_jW5Pe"], "operator": "notIn"}, {"keys": ["nx:ahv_0-251004-112538_key1_8T3pf"], "values": ["ahv_0-251004-112538_value1_10_8T3pf"], "operator": "notIn"}, {"keys": ["nx:ahv_0-251004-112454_key1_P1FyH"], "values": ["ahv_0-251004-112454_value1_1_P1FyH"], "operator": "notIn"},... (truncated)
2026-02-01 09:08:08 - create_cost_center_v2 - INFO - [API RESPONSE] POST https://ncm.services.nconprem-10-53-60-173.ccpnx.com/v1/cg/global/costCenter
2026-02-01 09:08:08 - create_cost_center_v2 - INFO - [STATUS CODE] 200
2026-02-01 09:08:08 - create_cost_center_v2 - INFO - [TIME TAKEN] 0.5219 seconds (521.93 ms)
2026-02-01 09:08:08 - create_cost_center_v2 - INFO - [RESPONSE CONTENT-TYPE] application/json
2026-02-01 09:08:08 - create_cost_center_v2 - INFO - [RESPONSE PAYLOAD]
{
  "id": "93f540cd-8804-4e93-928a-a48ebf52f7e1"
}
2026-02-01 09:08:08 - create_cost_center_v2 - INFO -   ✓ Created: CC_HomePC_Account_193e1_ahv_0-251004-123951_key1_dFzTW_ahv_0-251004-123951_value1_1_dFzTW_377027
2026-02-01 09:08:08 - create_cost_center_v2 - INFO - [API REQUEST] POST https://ncm.services.nconprem-10-53-60-173.ccpnx.com/v1/cg/global/costCenter
2026-02-01 09:08:08 - create_cost_center_v2 - INFO - [REQUEST DATA PAYLOAD] {"name": "CC_HomePC_Account_14617_ahv_0-251004-123951_key1_dFzTW_ahv_0-251004-123951_value1_1_dFzTW_377027", "definitions": [{"provider": "nx", "parentAccount": "6d915317-d32b-4093-a6fa-b225f59a7522", "filters": {"childAccounts": ["00063fff-3b65-3df9-6bee-7cc255814617"], "tags": [{"keys": ["nx:ahv_0-251004-123951_key1_dFzTW"], "values": ["ahv_0-251004-123951_value1_1_dFzTW"], "operator": "in"}, {"keys": ["nx:ahv_0-251004-112524_key1_FxJNZ"], "values": ["ahv_0-251004-112524_value1_10_FxJNZ"], "operator": "notIn"}, {"keys": ["nx:ahv_0-251004-112618_key1_7aFgy"], "values": ["ahv_0-251004-112618_value1_1_7aFgy"], "operator": "notIn"}, {"keys": ["nx:ahv_0-251004-112557_key1_jW5Pe"], "values": ["ahv_0-251004-112557_value1_10_jW5Pe"], "operator": "notIn"}, {"keys": ["nx:ahv_0-251004-112538_key1_8T3pf"], "values": ["ahv_0-251004-112538_value1_10_8T3pf"], "operator": "notIn"}, {"keys": ["nx:ahv_0-251004-112454_key1_P1FyH"], "values": ["ahv_0-251004-112454_value1_1_P1FyH"], "operator": "notIn"},... (truncated)
2026-02-01 09:08:08 - create_cost_center_v2 - INFO - [API RESPONSE] POST https://ncm.services.nconprem-10-53-60-173.ccpnx.com/v1/cg/global/costCenter
2026-02-01 09:08:08 - create_cost_center_v2 - INFO - [STATUS CODE] 200
2026-02-01 09:08:08 - create_cost_center_v2 - INFO - [TIME TAKEN] 0.4461 seconds (446.05 ms)
2026-02-01 09:08:08 - create_cost_center_v2 - INFO - [RESPONSE CONTENT-TYPE] application/json
2026-02-01 09:08:08 - create_cost_center_v2 - INFO - [RESPONSE PAYLOAD]
{
  "id": "a37f3ad9-653d-49b3-bc4d-cbeacab4cfd8"
}
2026-02-01 09:08:08 - create_cost_center_v2 - INFO -   ✓ Created: CC_HomePC_Account_14617_ahv_0-251004-123951_key1_dFzTW_ahv_0-251004-123951_value1_1_dFzTW_377027
2026-02-01 09:08:08 - create_cost_center_v2 - INFO - [API REQUEST] GET https://ncm.services.nconprem-10-53-60-173.ccpnx.com/v1/cg/nx/analysis/dimensions/values?resourceGroupIds=6d915317-d32b-4093-a6fa-b225f59a7522&dimensions=tag.nx%253Aahv_0-251004-124004_key1_Sbu5J&resourceGroupType=billingAccount
2026-02-01 09:08:09 - create_cost_center_v2 - INFO - [API RESPONSE] GET https://ncm.services.nconprem-10-53-60-173.ccpnx.com/v1/cg/nx/analysis/dimensions/values?resourceGroupIds=6d915317-d32b-4093-a6fa-b225f59a7522&dimensions=tag.nx%253Aahv_0-251004-124004_key1_Sbu5J&resourceGroupType=billingAccount
2026-02-01 09:08:09 - create_cost_center_v2 - INFO - [STATUS CODE] 200
2026-02-01 09:08:09 - create_cost_center_v2 - INFO - [TIME TAKEN] 0.2665 seconds (266.54 ms)
2026-02-01 09:08:09 - create_cost_center_v2 - INFO - [RESPONSE CONTENT-TYPE] application/json
2026-02-01 09:08:09 - create_cost_center_v2 - INFO - [RESPONSE PAYLOAD]
{
  "nx:ahv_0-251004-124004_key1_Sbu5J": [
    "ahv_0-251004-124004_value1_1_Sbu5J",
    "ahv_0-251004-124004_value1_2_Sbu5J",
    "ahv_0-251004-124004_value1_3_Sbu5J",
    "ahv_0-251004-124004_value1_4_Sbu5J",
    "ahv_0-251004-124004_value1_5_Sbu5J"
  ]
}
2026-02-01 09:08:09 - create_cost_center_v2 - INFO - [API REQUEST] POST https://ncm.services.nconprem-10-53-60-173.ccpnx.com/v1/cg/global/costCenter
2026-02-01 09:08:09 - create_cost_center_v2 - INFO - [REQUEST DATA PAYLOAD] {"name": "CC_HomePC_Account_0e846_ahv_0-251004-124004_key1_Sbu5J_ahv_0-251004-124004_value1_1_Sbu5J_377027", "definitions": [{"provider": "nx", "parentAccount": "6d915317-d32b-4093-a6fa-b225f59a7522", "filters": {"childAccounts": ["00063ffe-e22c-90bf-45a6-7cc25530e846"], "tags": [{"keys": ["nx:ahv_0-251004-124004_key1_Sbu5J"], "values": ["ahv_0-251004-124004_value1_1_Sbu5J"], "operator": "in"}, {"keys": ["nx:ahv_0-251004-112524_key1_FxJNZ"], "values": ["ahv_0-251004-112524_value1_10_FxJNZ"], "operator": "notIn"}, {"keys": ["nx:ahv_0-251004-112618_key1_7aFgy"], "values": ["ahv_0-251004-112618_value1_1_7aFgy"], "operator": "notIn"}, {"keys": ["nx:ahv_0-251004-112557_key1_jW5Pe"], "values": ["ahv_0-251004-112557_value1_10_jW5Pe"], "operator": "notIn"}, {"keys": ["nx:ahv_0-251004-112538_key1_8T3pf"], "values": ["ahv_0-251004-112538_value1_10_8T3pf"], "operator": "notIn"}, {"keys": ["nx:ahv_0-251004-112454_key1_P1FyH"], "values": ["ahv_0-251004-112454_value1_1_P1FyH"], "operator": "notIn"},... (truncated)
2026-02-01 09:08:09 - create_cost_center_v2 - INFO - [API RESPONSE] POST https://ncm.services.nconprem-10-53-60-173.ccpnx.com/v1/cg/global/costCenter
2026-02-01 09:08:09 - create_cost_center_v2 - INFO - [STATUS CODE] 200
2026-02-01 09:08:09 - create_cost_center_v2 - INFO - [TIME TAKEN] 0.7368 seconds (736.82 ms)
2026-02-01 09:08:09 - create_cost_center_v2 - INFO - [RESPONSE CONTENT-TYPE] application/json
2026-02-01 09:08:09 - create_cost_center_v2 - INFO - [RESPONSE PAYLOAD]
{
  "id": "044a89a6-99cf-4709-b1de-5e6b478003b5"
}
2026-02-01 09:08:09 - create_cost_center_v2 - INFO -   ✓ Created: CC_HomePC_Account_0e846_ahv_0-251004-124004_key1_Sbu5J_ahv_0-251004-124004_value1_1_Sbu5J_377027
2026-02-01 09:08:09 - create_cost_center_v2 - INFO - [API REQUEST] POST https://ncm.services.nconprem-10-53-60-173.ccpnx.com/v1/cg/global/costCenter
2026-02-01 09:08:09 - create_cost_center_v2 - INFO - [REQUEST DATA PAYLOAD] {"name": "CC_HomePC_Account_193e1_ahv_0-251004-124004_key1_Sbu5J_ahv_0-251004-124004_value1_1_Sbu5J_377027", "definitions": [{"provider": "nx", "parentAccount": "6d915317-d32b-4093-a6fa-b225f59a7522", "filters": {"childAccounts": ["00064002-1290-400a-0000-0000000193e1"], "tags": [{"keys": ["nx:ahv_0-251004-124004_key1_Sbu5J"], "values": ["ahv_0-251004-124004_value1_1_Sbu5J"], "operator": "in"}, {"keys": ["nx:ahv_0-251004-112524_key1_FxJNZ"], "values": ["ahv_0-251004-112524_value1_10_FxJNZ"], "operator": "notIn"}, {"keys": ["nx:ahv_0-251004-112618_key1_7aFgy"], "values": ["ahv_0-251004-112618_value1_1_7aFgy"], "operator": "notIn"}, {"keys": ["nx:ahv_0-251004-112557_key1_jW5Pe"], "values": ["ahv_0-251004-112557_value1_10_jW5Pe"], "operator": "notIn"}, {"keys": ["nx:ahv_0-251004-112538_key1_8T3pf"], "values": ["ahv_0-251004-112538_value1_10_8T3pf"], "operator": "notIn"}, {"keys": ["nx:ahv_0-251004-112454_key1_P1FyH"], "values": ["ahv_0-251004-112454_value1_1_P1FyH"], "operator": "notIn"},... (truncated)
2026-02-01 09:08:10 - create_cost_center_v2 - INFO - [API RESPONSE] POST https://ncm.services.nconprem-10-53-60-173.ccpnx.com/v1/cg/global/costCenter
2026-02-01 09:08:10 - create_cost_center_v2 - INFO - [STATUS CODE] 200
2026-02-01 09:08:10 - create_cost_center_v2 - INFO - [TIME TAKEN] 0.3829 seconds (382.90 ms)
2026-02-01 09:08:10 - create_cost_center_v2 - INFO - [RESPONSE CONTENT-TYPE] application/json
2026-02-01 09:08:10 - create_cost_center_v2 - INFO - [RESPONSE PAYLOAD]
{
  "id": "b3241c71-c0fc-481f-9006-b81c10981ab3"
}
2026-02-01 09:08:10 - create_cost_center_v2 - INFO -   ✓ Created: CC_HomePC_Account_193e1_ahv_0-251004-124004_key1_Sbu5J_ahv_0-251004-124004_value1_1_Sbu5J_377027
2026-02-01 09:08:10 - create_cost_center_v2 - INFO - [API REQUEST] POST https://ncm.services.nconprem-10-53-60-173.ccpnx.com/v1/cg/global/costCenter
2026-02-01 09:08:10 - create_cost_center_v2 - INFO - [REQUEST DATA PAYLOAD] {"name": "CC_HomePC_Account_14617_ahv_0-251004-124004_key1_Sbu5J_ahv_0-251004-124004_value1_1_Sbu5J_377027", "definitions": [{"provider": "nx", "parentAccount": "6d915317-d32b-4093-a6fa-b225f59a7522", "filters": {"childAccounts": ["00063fff-3b65-3df9-6bee-7cc255814617"], "tags": [{"keys": ["nx:ahv_0-251004-124004_key1_Sbu5J"], "values": ["ahv_0-251004-124004_value1_1_Sbu5J"], "operator": "in"}, {"keys": ["nx:ahv_0-251004-112524_key1_FxJNZ"], "values": ["ahv_0-251004-112524_value1_10_FxJNZ"], "operator": "notIn"}, {"keys": ["nx:ahv_0-251004-112618_key1_7aFgy"], "values": ["ahv_0-251004-112618_value1_1_7aFgy"], "operator": "notIn"}, {"keys": ["nx:ahv_0-251004-112557_key1_jW5Pe"], "values": ["ahv_0-251004-112557_value1_10_jW5Pe"], "operator": "notIn"}, {"keys": ["nx:ahv_0-251004-112538_key1_8T3pf"], "values": ["ahv_0-251004-112538_value1_10_8T3pf"], "operator": "notIn"}, {"keys": ["nx:ahv_0-251004-112454_key1_P1FyH"], "values": ["ahv_0-251004-112454_value1_1_P1FyH"], "operator": "notIn"},... (truncated)
2026-02-01 09:08:10 - create_cost_center_v2 - INFO - [API RESPONSE] POST https://ncm.services.nconprem-10-53-60-173.ccpnx.com/v1/cg/global/costCenter
2026-02-01 09:08:10 - create_cost_center_v2 - INFO - [STATUS CODE] 200
2026-02-01 09:08:10 - create_cost_center_v2 - INFO - [TIME TAKEN] 0.7592 seconds (759.24 ms)
2026-02-01 09:08:10 - create_cost_center_v2 - INFO - [RESPONSE CONTENT-TYPE] application/json
2026-02-01 09:08:10 - create_cost_center_v2 - INFO - [RESPONSE PAYLOAD]
{
  "id": "ce6be627-9c63-4359-a313-54580f8f14ea"
}
2026-02-01 09:08:10 - create_cost_center_v2 - INFO -   ✓ Created: CC_HomePC_Account_14617_ahv_0-251004-124004_key1_Sbu5J_ahv_0-251004-124004_value1_1_Sbu5J_377027
2026-02-01 09:08:10 - create_cost_center_v2 - INFO - [API REQUEST] GET https://ncm.services.nconprem-10-53-60-173.ccpnx.com/v1/cg/nx/analysis/dimensions/values?resourceGroupIds=6d915317-d32b-4093-a6fa-b225f59a7522&dimensions=tag.nx%253Aahv_0-251004-124010_key1_eknPl&resourceGroupType=billingAccount
2026-02-01 09:08:11 - create_cost_center_v2 - INFO - [API RESPONSE] GET https://ncm.services.nconprem-10-53-60-173.ccpnx.com/v1/cg/nx/analysis/dimensions/values?resourceGroupIds=6d915317-d32b-4093-a6fa-b225f59a7522&dimensions=tag.nx%253Aahv_0-251004-124010_key1_eknPl&resourceGroupType=billingAccount
2026-02-01 09:08:11 - create_cost_center_v2 - INFO - [STATUS CODE] 200
2026-02-01 09:08:11 - create_cost_center_v2 - INFO - [TIME TAKEN] 0.3907 seconds (390.74 ms)
2026-02-01 09:08:11 - create_cost_center_v2 - INFO - [RESPONSE CONTENT-TYPE] application/json
2026-02-01 09:08:11 - create_cost_center_v2 - INFO - [RESPONSE PAYLOAD]
{
  "nx:ahv_0-251004-124010_key1_eknPl": [
    "ahv_0-251004-124010_value1_1_eknPl",
    "ahv_0-251004-124010_value1_3_eknPl",
    "ahv_0-251004-124010_value1_5_eknPl"
  ]
}
2026-02-01 09:08:11 - create_cost_center_v2 - INFO - [API REQUEST] POST https://ncm.services.nconprem-10-53-60-173.ccpnx.com/v1/cg/global/costCenter
2026-02-01 09:08:11 - create_cost_center_v2 - INFO - [REQUEST DATA PAYLOAD] {"name": "CC_HomePC_Account_0e846_ahv_0-251004-124010_key1_eknPl_ahv_0-251004-124010_value1_1_eknPl_377027", "definitions": [{"provider": "nx", "parentAccount": "6d915317-d32b-4093-a6fa-b225f59a7522", "filters": {"childAccounts": ["00063ffe-e22c-90bf-45a6-7cc25530e846"], "tags": [{"keys": ["nx:ahv_0-251004-124010_key1_eknPl"], "values": ["ahv_0-251004-124010_value1_1_eknPl"], "operator": "in"}, {"keys": ["nx:ahv_0-251004-112524_key1_FxJNZ"], "values": ["ahv_0-251004-112524_value1_10_FxJNZ"], "operator": "notIn"}, {"keys": ["nx:ahv_0-251004-112618_key1_7aFgy"], "values": ["ahv_0-251004-112618_value1_1_7aFgy"], "operator": "notIn"}, {"keys": ["nx:ahv_0-251004-112557_key1_jW5Pe"], "values": ["ahv_0-251004-112557_value1_10_jW5Pe"], "operator": "notIn"}, {"keys": ["nx:ahv_0-251004-112538_key1_8T3pf"], "values": ["ahv_0-251004-112538_value1_10_8T3pf"], "operator": "notIn"}, {"keys": ["nx:ahv_0-251004-112454_key1_P1FyH"], "values": ["ahv_0-251004-112454_value1_1_P1FyH"], "operator": "notIn"},... (truncated)
2026-02-01 09:08:11 - create_cost_center_v2 - INFO - [API RESPONSE] POST https://ncm.services.nconprem-10-53-60-173.ccpnx.com/v1/cg/global/costCenter
2026-02-01 09:08:11 - create_cost_center_v2 - INFO - [STATUS CODE] 200
2026-02-01 09:08:11 - create_cost_center_v2 - INFO - [TIME TAKEN] 0.5034 seconds (503.38 ms)
2026-02-01 09:08:11 - create_cost_center_v2 - INFO - [RESPONSE CONTENT-TYPE] application/json
2026-02-01 09:08:11 - create_cost_center_v2 - INFO - [RESPONSE PAYLOAD]
{
  "id": "8d88d8d0-bf87-4acd-8990-8b1725cad3e4"
}
2026-02-01 09:08:11 - create_cost_center_v2 - INFO -   ✓ Created: CC_HomePC_Account_0e846_ahv_0-251004-124010_key1_eknPl_ahv_0-251004-124010_value1_1_eknPl_377027
2026-02-01 09:08:11 - create_cost_center_v2 - INFO - [API REQUEST] POST https://ncm.services.nconprem-10-53-60-173.ccpnx.com/v1/cg/global/costCenter
2026-02-01 09:08:11 - create_cost_center_v2 - INFO - [REQUEST DATA PAYLOAD] {"name": "CC_HomePC_Account_193e1_ahv_0-251004-124010_key1_eknPl_ahv_0-251004-124010_value1_1_eknPl_377027", "definitions": [{"provider": "nx", "parentAccount": "6d915317-d32b-4093-a6fa-b225f59a7522", "filters": {"childAccounts": ["00064002-1290-400a-0000-0000000193e1"], "tags": [{"keys": ["nx:ahv_0-251004-124010_key1_eknPl"], "values": ["ahv_0-251004-124010_value1_1_eknPl"], "operator": "in"}, {"keys": ["nx:ahv_0-251004-112524_key1_FxJNZ"], "values": ["ahv_0-251004-112524_value1_10_FxJNZ"], "operator": "notIn"}, {"keys": ["nx:ahv_0-251004-112618_key1_7aFgy"], "values": ["ahv_0-251004-112618_value1_1_7aFgy"], "operator": "notIn"}, {"keys": ["nx:ahv_0-251004-112557_key1_jW5Pe"], "values": ["ahv_0-251004-112557_value1_10_jW5Pe"], "operator": "notIn"}, {"keys": ["nx:ahv_0-251004-112538_key1_8T3pf"], "values": ["ahv_0-251004-112538_value1_10_8T3pf"], "operator": "notIn"}, {"keys": ["nx:ahv_0-251004-112454_key1_P1FyH"], "values": ["ahv_0-251004-112454_value1_1_P1FyH"], "operator": "notIn"},... (truncated)
2026-02-01 09:08:12 - create_cost_center_v2 - INFO - [API RESPONSE] POST https://ncm.services.nconprem-10-53-60-173.ccpnx.com/v1/cg/global/costCenter
2026-02-01 09:08:12 - create_cost_center_v2 - INFO - [STATUS CODE] 200
2026-02-01 09:08:12 - create_cost_center_v2 - INFO - [TIME TAKEN] 0.3467 seconds (346.72 ms)
2026-02-01 09:08:12 - create_cost_center_v2 - INFO - [RESPONSE CONTENT-TYPE] application/json
2026-02-01 09:08:12 - create_cost_center_v2 - INFO - [RESPONSE PAYLOAD]
{
  "id": "337cd4c2-b3b7-40c0-bfea-234d858c7658"
}
2026-02-01 09:08:12 - create_cost_center_v2 - INFO -   ✓ Created: CC_HomePC_Account_193e1_ahv_0-251004-124010_key1_eknPl_ahv_0-251004-124010_value1_1_eknPl_377027
2026-02-01 09:08:12 - create_cost_center_v2 - INFO - [API REQUEST] POST https://ncm.services.nconprem-10-53-60-173.ccpnx.com/v1/cg/global/costCenter
2026-02-01 09:08:12 - create_cost_center_v2 - INFO - [REQUEST DATA PAYLOAD] {"name": "CC_HomePC_Account_14617_ahv_0-251004-124010_key1_eknPl_ahv_0-251004-124010_value1_1_eknPl_377027", "definitions": [{"provider": "nx", "parentAccount": "6d915317-d32b-4093-a6fa-b225f59a7522", "filters": {"childAccounts": ["00063fff-3b65-3df9-6bee-7cc255814617"], "tags": [{"keys": ["nx:ahv_0-251004-124010_key1_eknPl"], "values": ["ahv_0-251004-124010_value1_1_eknPl"], "operator": "in"}, {"keys": ["nx:ahv_0-251004-112524_key1_FxJNZ"], "values": ["ahv_0-251004-112524_value1_10_FxJNZ"], "operator": "notIn"}, {"keys": ["nx:ahv_0-251004-112618_key1_7aFgy"], "values": ["ahv_0-251004-112618_value1_1_7aFgy"], "operator": "notIn"}, {"keys": ["nx:ahv_0-251004-112557_key1_jW5Pe"], "values": ["ahv_0-251004-112557_value1_10_jW5Pe"], "operator": "notIn"}, {"keys": ["nx:ahv_0-251004-112538_key1_8T3pf"], "values": ["ahv_0-251004-112538_value1_10_8T3pf"], "operator": "notIn"}, {"keys": ["nx:ahv_0-251004-112454_key1_P1FyH"], "values": ["ahv_0-251004-112454_value1_1_P1FyH"], "operator": "notIn"},... (truncated)
2026-02-01 09:08:12 - create_cost_center_v2 - INFO - [API RESPONSE] POST https://ncm.services.nconprem-10-53-60-173.ccpnx.com/v1/cg/global/costCenter
2026-02-01 09:08:12 - create_cost_center_v2 - INFO - [STATUS CODE] 200
2026-02-01 09:08:12 - create_cost_center_v2 - INFO - [TIME TAKEN] 0.6378 seconds (637.82 ms)
2026-02-01 09:08:12 - create_cost_center_v2 - INFO - [RESPONSE CONTENT-TYPE] application/json
2026-02-01 09:08:12 - create_cost_center_v2 - INFO - [RESPONSE PAYLOAD]
{
  "id": "d421854e-d251-4999-b41d-7ec31a82bf35"
}
2026-02-01 09:08:12 - create_cost_center_v2 - INFO -   ✓ Created: CC_HomePC_Account_14617_ahv_0-251004-124010_key1_eknPl_ahv_0-251004-124010_value1_1_eknPl_377027
2026-02-01 09:08:12 - create_cost_center_v2 - INFO - [API REQUEST] GET https://ncm.services.nconprem-10-53-60-173.ccpnx.com/v1/cg/nx/analysis/dimensions/values?resourceGroupIds=6d915317-d32b-4093-a6fa-b225f59a7522&dimensions=tag.nx%253Aahv_0-251004-124014_key1_YeKDR&resourceGroupType=billingAccount
2026-02-01 09:08:13 - create_cost_center_v2 - INFO - [API RESPONSE] GET https://ncm.services.nconprem-10-53-60-173.ccpnx.com/v1/cg/nx/analysis/dimensions/values?resourceGroupIds=6d915317-d32b-4093-a6fa-b225f59a7522&dimensions=tag.nx%253Aahv_0-251004-124014_key1_YeKDR&resourceGroupType=billingAccount
2026-02-01 09:08:13 - create_cost_center_v2 - INFO - [STATUS CODE] 200
2026-02-01 09:08:13 - create_cost_center_v2 - INFO - [TIME TAKEN] 0.3456 seconds (345.61 ms)
2026-02-01 09:08:13 - create_cost_center_v2 - INFO - [RESPONSE CONTENT-TYPE] application/json
2026-02-01 09:08:13 - create_cost_center_v2 - INFO - [RESPONSE PAYLOAD]
{
  "nx:ahv_0-251004-124014_key1_YeKDR": [
    "ahv_0-251004-124014_value1_2_YeKDR",
    "ahv_0-251004-124014_value1_3_YeKDR",
    "ahv_0-251004-124014_value1_4_YeKDR"
  ]
}
2026-02-01 09:08:13 - create_cost_center_v2 - INFO - [API REQUEST] POST https://ncm.services.nconprem-10-53-60-173.ccpnx.com/v1/cg/global/costCenter
2026-02-01 09:08:13 - create_cost_center_v2 - INFO - [REQUEST DATA PAYLOAD] {"name": "CC_HomePC_Account_0e846_ahv_0-251004-124014_key1_YeKDR_ahv_0-251004-124014_value1_2_YeKDR_377027", "definitions": [{"provider": "nx", "parentAccount": "6d915317-d32b-4093-a6fa-b225f59a7522", "filters": {"childAccounts": ["00063ffe-e22c-90bf-45a6-7cc25530e846"], "tags": [{"keys": ["nx:ahv_0-251004-124014_key1_YeKDR"], "values": ["ahv_0-251004-124014_value1_2_YeKDR"], "operator": "in"}, {"keys": ["nx:ahv_0-251004-112524_key1_FxJNZ"], "values": ["ahv_0-251004-112524_value1_10_FxJNZ"], "operator": "notIn"}, {"keys": ["nx:ahv_0-251004-112618_key1_7aFgy"], "values": ["ahv_0-251004-112618_value1_1_7aFgy"], "operator": "notIn"}, {"keys": ["nx:ahv_0-251004-112557_key1_jW5Pe"], "values": ["ahv_0-251004-112557_value1_10_jW5Pe"], "operator": "notIn"}, {"keys": ["nx:ahv_0-251004-112538_key1_8T3pf"], "values": ["ahv_0-251004-112538_value1_10_8T3pf"], "operator": "notIn"}, {"keys": ["nx:ahv_0-251004-112454_key1_P1FyH"], "values": ["ahv_0-251004-112454_value1_1_P1FyH"], "operator": "notIn"},... (truncated)
2026-02-01 09:08:13 - create_cost_center_v2 - INFO - [API RESPONSE] POST https://ncm.services.nconprem-10-53-60-173.ccpnx.com/v1/cg/global/costCenter
2026-02-01 09:08:13 - create_cost_center_v2 - INFO - [STATUS CODE] 200
2026-02-01 09:08:13 - create_cost_center_v2 - INFO - [TIME TAKEN] 0.4017 seconds (401.72 ms)
2026-02-01 09:08:13 - create_cost_center_v2 - INFO - [RESPONSE CONTENT-TYPE] application/json
2026-02-01 09:08:13 - create_cost_center_v2 - INFO - [RESPONSE PAYLOAD]
{
  "id": "d8c6b760-13ac-4244-8bc1-f1556d7f80bc"
}
2026-02-01 09:08:13 - create_cost_center_v2 - INFO -   ✓ Created: CC_HomePC_Account_0e846_ahv_0-251004-124014_key1_YeKDR_ahv_0-251004-124014_value1_2_YeKDR_377027
2026-02-01 09:08:13 - create_cost_center_v2 - INFO - [API REQUEST] POST https://ncm.services.nconprem-10-53-60-173.ccpnx.com/v1/cg/global/costCenter
2026-02-01 09:08:13 - create_cost_center_v2 - INFO - [REQUEST DATA PAYLOAD] {"name": "CC_HomePC_Account_193e1_ahv_0-251004-124014_key1_YeKDR_ahv_0-251004-124014_value1_2_YeKDR_377027", "definitions": [{"provider": "nx", "parentAccount": "6d915317-d32b-4093-a6fa-b225f59a7522", "filters": {"childAccounts": ["00064002-1290-400a-0000-0000000193e1"], "tags": [{"keys": ["nx:ahv_0-251004-124014_key1_YeKDR"], "values": ["ahv_0-251004-124014_value1_2_YeKDR"], "operator": "in"}, {"keys": ["nx:ahv_0-251004-112524_key1_FxJNZ"], "values": ["ahv_0-251004-112524_value1_10_FxJNZ"], "operator": "notIn"}, {"keys": ["nx:ahv_0-251004-112618_key1_7aFgy"], "values": ["ahv_0-251004-112618_value1_1_7aFgy"], "operator": "notIn"}, {"keys": ["nx:ahv_0-251004-112557_key1_jW5Pe"], "values": ["ahv_0-251004-112557_value1_10_jW5Pe"], "operator": "notIn"}, {"keys": ["nx:ahv_0-251004-112538_key1_8T3pf"], "values": ["ahv_0-251004-112538_value1_10_8T3pf"], "operator": "notIn"}, {"keys": ["nx:ahv_0-251004-112454_key1_P1FyH"], "values": ["ahv_0-251004-112454_value1_1_P1FyH"], "operator": "notIn"},... (truncated)
2026-02-01 09:08:14 - create_cost_center_v2 - INFO - [API RESPONSE] POST https://ncm.services.nconprem-10-53-60-173.ccpnx.com/v1/cg/global/costCenter
2026-02-01 09:08:14 - create_cost_center_v2 - INFO - [STATUS CODE] 200
2026-02-01 09:08:14 - create_cost_center_v2 - INFO - [TIME TAKEN] 0.4599 seconds (459.89 ms)
2026-02-01 09:08:14 - create_cost_center_v2 - INFO - [RESPONSE CONTENT-TYPE] application/json
2026-02-01 09:08:14 - create_cost_center_v2 - INFO - [RESPONSE PAYLOAD]
{
  "id": "5330e26a-32e3-4df3-ba20-90c365df13c7"
}
2026-02-01 09:08:14 - create_cost_center_v2 - INFO -   ✓ Created: CC_HomePC_Account_193e1_ahv_0-251004-124014_key1_YeKDR_ahv_0-251004-124014_value1_2_YeKDR_377027
2026-02-01 09:08:14 - create_cost_center_v2 - INFO - [API REQUEST] POST https://ncm.services.nconprem-10-53-60-173.ccpnx.com/v1/cg/global/costCenter
2026-02-01 09:08:14 - create_cost_center_v2 - INFO - [REQUEST DATA PAYLOAD] {"name": "CC_HomePC_Account_14617_ahv_0-251004-124014_key1_YeKDR_ahv_0-251004-124014_value1_2_YeKDR_377027", "definitions": [{"provider": "nx", "parentAccount": "6d915317-d32b-4093-a6fa-b225f59a7522", "filters": {"childAccounts": ["00063fff-3b65-3df9-6bee-7cc255814617"], "tags": [{"keys": ["nx:ahv_0-251004-124014_key1_YeKDR"], "values": ["ahv_0-251004-124014_value1_2_YeKDR"], "operator": "in"}, {"keys": ["nx:ahv_0-251004-112524_key1_FxJNZ"], "values": ["ahv_0-251004-112524_value1_10_FxJNZ"], "operator": "notIn"}, {"keys": ["nx:ahv_0-251004-112618_key1_7aFgy"], "values": ["ahv_0-251004-112618_value1_1_7aFgy"], "operator": "notIn"}, {"keys": ["nx:ahv_0-251004-112557_key1_jW5Pe"], "values": ["ahv_0-251004-112557_value1_10_jW5Pe"], "operator": "notIn"}, {"keys": ["nx:ahv_0-251004-112538_key1_8T3pf"], "values": ["ahv_0-251004-112538_value1_10_8T3pf"], "operator": "notIn"}, {"keys": ["nx:ahv_0-251004-112454_key1_P1FyH"], "values": ["ahv_0-251004-112454_value1_1_P1FyH"], "operator": "notIn"},... (truncated)
2026-02-01 09:08:14 - create_cost_center_v2 - INFO - [API RESPONSE] POST https://ncm.services.nconprem-10-53-60-173.ccpnx.com/v1/cg/global/costCenter
2026-02-01 09:08:14 - create_cost_center_v2 - INFO - [STATUS CODE] 200
2026-02-01 09:08:14 - create_cost_center_v2 - INFO - [TIME TAKEN] 0.4276 seconds (427.55 ms)
2026-02-01 09:08:14 - create_cost_center_v2 - INFO - [RESPONSE CONTENT-TYPE] application/json
2026-02-01 09:08:14 - create_cost_center_v2 - INFO - [RESPONSE PAYLOAD]
{
  "id": "8d4ac34a-6e74-464a-9643-6dd531f63522"
}
2026-02-01 09:08:14 - create_cost_center_v2 - INFO -   ✓ Created: CC_HomePC_Account_14617_ahv_0-251004-124014_key1_YeKDR_ahv_0-251004-124014_value1_2_YeKDR_377027
2026-02-01 09:08:14 - create_cost_center_v2 - INFO - [API REQUEST] GET https://ncm.services.nconprem-10-53-60-173.ccpnx.com/v1/cg/nx/analysis/dimensions/values?resourceGroupIds=6d915317-d32b-4093-a6fa-b225f59a7522&dimensions=tag.nx%253Aahv_0-251004-124037_key1_nOHmh&resourceGroupType=billingAccount
2026-02-01 09:08:14 - create_cost_center_v2 - INFO - [API RESPONSE] GET https://ncm.services.nconprem-10-53-60-173.ccpnx.com/v1/cg/nx/analysis/dimensions/values?resourceGroupIds=6d915317-d32b-4093-a6fa-b225f59a7522&dimensions=tag.nx%253Aahv_0-251004-124037_key1_nOHmh&resourceGroupType=billingAccount
2026-02-01 09:08:14 - create_cost_center_v2 - INFO - [STATUS CODE] 200
2026-02-01 09:08:14 - create_cost_center_v2 - INFO - [TIME TAKEN] 0.3117 seconds (311.73 ms)
2026-02-01 09:08:14 - create_cost_center_v2 - INFO - [RESPONSE CONTENT-TYPE] application/json
2026-02-01 09:08:14 - create_cost_center_v2 - INFO - [RESPONSE PAYLOAD]
{
  "nx:ahv_0-251004-124037_key1_nOHmh": [
    "ahv_0-251004-124037_value1_1_nOHmh",
    "ahv_0-251004-124037_value1_2_nOHmh",
    "ahv_0-251004-124037_value1_3_nOHmh"
  ]
}
2026-02-01 09:08:14 - create_cost_center_v2 - INFO - [API REQUEST] POST https://ncm.services.nconprem-10-53-60-173.ccpnx.com/v1/cg/global/costCenter
2026-02-01 09:08:14 - create_cost_center_v2 - INFO - [REQUEST DATA PAYLOAD] {"name": "CC_HomePC_Account_0e846_ahv_0-251004-124037_key1_nOHmh_ahv_0-251004-124037_value1_1_nOHmh_377027", "definitions": [{"provider": "nx", "parentAccount": "6d915317-d32b-4093-a6fa-b225f59a7522", "filters": {"childAccounts": ["00063ffe-e22c-90bf-45a6-7cc25530e846"], "tags": [{"keys": ["nx:ahv_0-251004-124037_key1_nOHmh"], "values": ["ahv_0-251004-124037_value1_1_nOHmh"], "operator": "in"}, {"keys": ["nx:ahv_0-251004-112524_key1_FxJNZ"], "values": ["ahv_0-251004-112524_value1_10_FxJNZ"], "operator": "notIn"}, {"keys": ["nx:ahv_0-251004-112618_key1_7aFgy"], "values": ["ahv_0-251004-112618_value1_1_7aFgy"], "operator": "notIn"}, {"keys": ["nx:ahv_0-251004-112557_key1_jW5Pe"], "values": ["ahv_0-251004-112557_value1_10_jW5Pe"], "operator": "notIn"}, {"keys": ["nx:ahv_0-251004-112538_key1_8T3pf"], "values": ["ahv_0-251004-112538_value1_10_8T3pf"], "operator": "notIn"}, {"keys": ["nx:ahv_0-251004-112454_key1_P1FyH"], "values": ["ahv_0-251004-112454_value1_1_P1FyH"], "operator": "notIn"},... (truncated)
2026-02-01 09:08:15 - create_cost_center_v2 - INFO - [API RESPONSE] POST https://ncm.services.nconprem-10-53-60-173.ccpnx.com/v1/cg/global/costCenter
2026-02-01 09:08:15 - create_cost_center_v2 - INFO - [STATUS CODE] 200
2026-02-01 09:08:15 - create_cost_center_v2 - INFO - [TIME TAKEN] 0.5854 seconds (585.39 ms)
2026-02-01 09:08:15 - create_cost_center_v2 - INFO - [RESPONSE CONTENT-TYPE] application/json
2026-02-01 09:08:15 - create_cost_center_v2 - INFO - [RESPONSE PAYLOAD]
{
  "id": "63991675-20c8-49af-9c69-a11733eaf2f9"
}
2026-02-01 09:08:15 - create_cost_center_v2 - INFO -   ✓ Created: CC_HomePC_Account_0e846_ahv_0-251004-124037_key1_nOHmh_ahv_0-251004-124037_value1_1_nOHmh_377027
2026-02-01 09:08:15 - create_cost_center_v2 - INFO - [API REQUEST] POST https://ncm.services.nconprem-10-53-60-173.ccpnx.com/v1/cg/global/costCenter
2026-02-01 09:08:15 - create_cost_center_v2 - INFO - [REQUEST DATA PAYLOAD] {"name": "CC_HomePC_Account_193e1_ahv_0-251004-124037_key1_nOHmh_ahv_0-251004-124037_value1_1_nOHmh_377027", "definitions": [{"provider": "nx", "parentAccount": "6d915317-d32b-4093-a6fa-b225f59a7522", "filters": {"childAccounts": ["00064002-1290-400a-0000-0000000193e1"], "tags": [{"keys": ["nx:ahv_0-251004-124037_key1_nOHmh"], "values": ["ahv_0-251004-124037_value1_1_nOHmh"], "operator": "in"}, {"keys": ["nx:ahv_0-251004-112524_key1_FxJNZ"], "values": ["ahv_0-251004-112524_value1_10_FxJNZ"], "operator": "notIn"}, {"keys": ["nx:ahv_0-251004-112618_key1_7aFgy"], "values": ["ahv_0-251004-112618_value1_1_7aFgy"], "operator": "notIn"}, {"keys": ["nx:ahv_0-251004-112557_key1_jW5Pe"], "values": ["ahv_0-251004-112557_value1_10_jW5Pe"], "operator": "notIn"}, {"keys": ["nx:ahv_0-251004-112538_key1_8T3pf"], "values": ["ahv_0-251004-112538_value1_10_8T3pf"], "operator": "notIn"}, {"keys": ["nx:ahv_0-251004-112454_key1_P1FyH"], "values": ["ahv_0-251004-112454_value1_1_P1FyH"], "operator": "notIn"},... (truncated)
2026-02-01 09:08:15 - create_cost_center_v2 - INFO - [API RESPONSE] POST https://ncm.services.nconprem-10-53-60-173.ccpnx.com/v1/cg/global/costCenter
2026-02-01 09:08:15 - create_cost_center_v2 - INFO - [STATUS CODE] 200
2026-02-01 09:08:15 - create_cost_center_v2 - INFO - [TIME TAKEN] 0.4875 seconds (487.55 ms)
2026-02-01 09:08:15 - create_cost_center_v2 - INFO - [RESPONSE CONTENT-TYPE] application/json
2026-02-01 09:08:15 - create_cost_center_v2 - INFO - [RESPONSE PAYLOAD]
{
  "id": "c0320dc0-c569-4735-aff2-7ef321df36d2"
}
2026-02-01 09:08:15 - create_cost_center_v2 - INFO -   ✓ Created: CC_HomePC_Account_193e1_ahv_0-251004-124037_key1_nOHmh_ahv_0-251004-124037_value1_1_nOHmh_377027
2026-02-01 09:08:15 - create_cost_center_v2 - INFO - [API REQUEST] POST https://ncm.services.nconprem-10-53-60-173.ccpnx.com/v1/cg/global/costCenter
2026-02-01 09:08:15 - create_cost_center_v2 - INFO - [REQUEST DATA PAYLOAD] {"name": "CC_HomePC_Account_14617_ahv_0-251004-124037_key1_nOHmh_ahv_0-251004-124037_value1_1_nOHmh_377027", "definitions": [{"provider": "nx", "parentAccount": "6d915317-d32b-4093-a6fa-b225f59a7522", "filters": {"childAccounts": ["00063fff-3b65-3df9-6bee-7cc255814617"], "tags": [{"keys": ["nx:ahv_0-251004-124037_key1_nOHmh"], "values": ["ahv_0-251004-124037_value1_1_nOHmh"], "operator": "in"}, {"keys": ["nx:ahv_0-251004-112524_key1_FxJNZ"], "values": ["ahv_0-251004-112524_value1_10_FxJNZ"], "operator": "notIn"}, {"keys": ["nx:ahv_0-251004-112618_key1_7aFgy"], "values": ["ahv_0-251004-112618_value1_1_7aFgy"], "operator": "notIn"}, {"keys": ["nx:ahv_0-251004-112557_key1_jW5Pe"], "values": ["ahv_0-251004-112557_value1_10_jW5Pe"], "operator": "notIn"}, {"keys": ["nx:ahv_0-251004-112538_key1_8T3pf"], "values": ["ahv_0-251004-112538_value1_10_8T3pf"], "operator": "notIn"}, {"keys": ["nx:ahv_0-251004-112454_key1_P1FyH"], "values": ["ahv_0-251004-112454_value1_1_P1FyH"], "operator": "notIn"},... (truncated)
2026-02-01 09:08:16 - create_cost_center_v2 - INFO - [API RESPONSE] POST https://ncm.services.nconprem-10-53-60-173.ccpnx.com/v1/cg/global/costCenter
2026-02-01 09:08:16 - create_cost_center_v2 - INFO - [STATUS CODE] 200
2026-02-01 09:08:16 - create_cost_center_v2 - INFO - [TIME TAKEN] 0.4007 seconds (400.68 ms)
2026-02-01 09:08:16 - create_cost_center_v2 - INFO - [RESPONSE CONTENT-TYPE] application/json
2026-02-01 09:08:16 - create_cost_center_v2 - INFO - [RESPONSE PAYLOAD]
{
  "id": "a3a18557-57d0-4792-aa3b-b40bf56f9de3"
}
2026-02-01 09:08:16 - create_cost_center_v2 - INFO -   ✓ Created: CC_HomePC_Account_14617_ahv_0-251004-124037_key1_nOHmh_ahv_0-251004-124037_value1_1_nOHmh_377027
2026-02-01 09:08:16 - create_cost_center_v2 - INFO - [API REQUEST] GET https://ncm.services.nconprem-10-53-60-173.ccpnx.com/v1/cg/nx/analysis/dimensions/values?resourceGroupIds=6d915317-d32b-4093-a6fa-b225f59a7522&dimensions=tag.nx%253Aahv_0-251004-124042_key1_dY74l&resourceGroupType=billingAccount
2026-02-01 09:08:16 - create_cost_center_v2 - INFO - [API RESPONSE] GET https://ncm.services.nconprem-10-53-60-173.ccpnx.com/v1/cg/nx/analysis/dimensions/values?resourceGroupIds=6d915317-d32b-4093-a6fa-b225f59a7522&dimensions=tag.nx%253Aahv_0-251004-124042_key1_dY74l&resourceGroupType=billingAccount
2026-02-01 09:08:16 - create_cost_center_v2 - INFO - [STATUS CODE] 200
2026-02-01 09:08:16 - create_cost_center_v2 - INFO - [TIME TAKEN] 0.3853 seconds (385.27 ms)
2026-02-01 09:08:16 - create_cost_center_v2 - INFO - [RESPONSE CONTENT-TYPE] application/json
2026-02-01 09:08:16 - create_cost_center_v2 - INFO - [RESPONSE PAYLOAD]
{
  "nx:ahv_0-251004-124042_key1_dY74l": [
    "ahv_0-251004-124042_value1_5_dY74l"
  ]
}
2026-02-01 09:08:16 - create_cost_center_v2 - INFO - [API REQUEST] POST https://ncm.services.nconprem-10-53-60-173.ccpnx.com/v1/cg/global/costCenter
2026-02-01 09:08:16 - create_cost_center_v2 - INFO - [REQUEST DATA PAYLOAD] {"name": "CC_HomePC_Account_0e846_ahv_0-251004-124042_key1_dY74l_ahv_0-251004-124042_value1_5_dY74l_377027", "definitions": [{"provider": "nx", "parentAccount": "6d915317-d32b-4093-a6fa-b225f59a7522", "filters": {"childAccounts": ["00063ffe-e22c-90bf-45a6-7cc25530e846"], "tags": [{"keys": ["nx:ahv_0-251004-124042_key1_dY74l"], "values": ["ahv_0-251004-124042_value1_5_dY74l"], "operator": "in"}, {"keys": ["nx:ahv_0-251004-112524_key1_FxJNZ"], "values": ["ahv_0-251004-112524_value1_10_FxJNZ"], "operator": "notIn"}, {"keys": ["nx:ahv_0-251004-112618_key1_7aFgy"], "values": ["ahv_0-251004-112618_value1_1_7aFgy"], "operator": "notIn"}, {"keys": ["nx:ahv_0-251004-112557_key1_jW5Pe"], "values": ["ahv_0-251004-112557_value1_10_jW5Pe"], "operator": "notIn"}, {"keys": ["nx:ahv_0-251004-112538_key1_8T3pf"], "values": ["ahv_0-251004-112538_value1_10_8T3pf"], "operator": "notIn"}, {"keys": ["nx:ahv_0-251004-112454_key1_P1FyH"], "values": ["ahv_0-251004-112454_value1_1_P1FyH"], "operator": "notIn"},... (truncated)
2026-02-01 09:08:17 - create_cost_center_v2 - INFO - [API RESPONSE] POST https://ncm.services.nconprem-10-53-60-173.ccpnx.com/v1/cg/global/costCenter
2026-02-01 09:08:17 - create_cost_center_v2 - INFO - [STATUS CODE] 200
2026-02-01 09:08:17 - create_cost_center_v2 - INFO - [TIME TAKEN] 0.6859 seconds (685.94 ms)
2026-02-01 09:08:17 - create_cost_center_v2 - INFO - [RESPONSE CONTENT-TYPE] application/json
2026-02-01 09:08:17 - create_cost_center_v2 - INFO - [RESPONSE PAYLOAD]
{
  "id": "4869e3e2-10bc-47a7-bc00-8d8f21545df5"
}
2026-02-01 09:08:17 - create_cost_center_v2 - INFO -   ✓ Created: CC_HomePC_Account_0e846_ahv_0-251004-124042_key1_dY74l_ahv_0-251004-124042_value1_5_dY74l_377027
2026-02-01 09:08:17 - create_cost_center_v2 - INFO - [API REQUEST] POST https://ncm.services.nconprem-10-53-60-173.ccpnx.com/v1/cg/global/costCenter
2026-02-01 09:08:17 - create_cost_center_v2 - INFO - [REQUEST DATA PAYLOAD] {"name": "CC_HomePC_Account_193e1_ahv_0-251004-124042_key1_dY74l_ahv_0-251004-124042_value1_5_dY74l_377027", "definitions": [{"provider": "nx", "parentAccount": "6d915317-d32b-4093-a6fa-b225f59a7522", "filters": {"childAccounts": ["00064002-1290-400a-0000-0000000193e1"], "tags": [{"keys": ["nx:ahv_0-251004-124042_key1_dY74l"], "values": ["ahv_0-251004-124042_value1_5_dY74l"], "operator": "in"}, {"keys": ["nx:ahv_0-251004-112524_key1_FxJNZ"], "values": ["ahv_0-251004-112524_value1_10_FxJNZ"], "operator": "notIn"}, {"keys": ["nx:ahv_0-251004-112618_key1_7aFgy"], "values": ["ahv_0-251004-112618_value1_1_7aFgy"], "operator": "notIn"}, {"keys": ["nx:ahv_0-251004-112557_key1_jW5Pe"], "values": ["ahv_0-251004-112557_value1_10_jW5Pe"], "operator": "notIn"}, {"keys": ["nx:ahv_0-251004-112538_key1_8T3pf"], "values": ["ahv_0-251004-112538_value1_10_8T3pf"], "operator": "notIn"}, {"keys": ["nx:ahv_0-251004-112454_key1_P1FyH"], "values": ["ahv_0-251004-112454_value1_1_P1FyH"], "operator": "notIn"},... (truncated)
2026-02-01 09:08:17 - create_cost_center_v2 - INFO - [API RESPONSE] POST https://ncm.services.nconprem-10-53-60-173.ccpnx.com/v1/cg/global/costCenter
2026-02-01 09:08:17 - create_cost_center_v2 - INFO - [STATUS CODE] 200
2026-02-01 09:08:17 - create_cost_center_v2 - INFO - [TIME TAKEN] 0.4817 seconds (481.70 ms)
2026-02-01 09:08:17 - create_cost_center_v2 - INFO - [RESPONSE CONTENT-TYPE] application/json
2026-02-01 09:08:17 - create_cost_center_v2 - INFO - [RESPONSE PAYLOAD]
{
  "id": "47aaeed6-0053-4e07-9d0e-f7ec69b6ae8f"
}
2026-02-01 09:08:17 - create_cost_center_v2 - INFO -   ✓ Created: CC_HomePC_Account_193e1_ahv_0-251004-124042_key1_dY74l_ahv_0-251004-124042_value1_5_dY74l_377027
2026-02-01 09:08:17 - create_cost_center_v2 - INFO - [API REQUEST] POST https://ncm.services.nconprem-10-53-60-173.ccpnx.com/v1/cg/global/costCenter
2026-02-01 09:08:17 - create_cost_center_v2 - INFO - [REQUEST DATA PAYLOAD] {"name": "CC_HomePC_Account_14617_ahv_0-251004-124042_key1_dY74l_ahv_0-251004-124042_value1_5_dY74l_377027", "definitions": [{"provider": "nx", "parentAccount": "6d915317-d32b-4093-a6fa-b225f59a7522", "filters": {"childAccounts": ["00063fff-3b65-3df9-6bee-7cc255814617"], "tags": [{"keys": ["nx:ahv_0-251004-124042_key1_dY74l"], "values": ["ahv_0-251004-124042_value1_5_dY74l"], "operator": "in"}, {"keys": ["nx:ahv_0-251004-112524_key1_FxJNZ"], "values": ["ahv_0-251004-112524_value1_10_FxJNZ"], "operator": "notIn"}, {"keys": ["nx:ahv_0-251004-112618_key1_7aFgy"], "values": ["ahv_0-251004-112618_value1_1_7aFgy"], "operator": "notIn"}, {"keys": ["nx:ahv_0-251004-112557_key1_jW5Pe"], "values": ["ahv_0-251004-112557_value1_10_jW5Pe"], "operator": "notIn"}, {"keys": ["nx:ahv_0-251004-112538_key1_8T3pf"], "values": ["ahv_0-251004-112538_value1_10_8T3pf"], "operator": "notIn"}, {"keys": ["nx:ahv_0-251004-112454_key1_P1FyH"], "values": ["ahv_0-251004-112454_value1_1_P1FyH"], "operator": "notIn"},... (truncated)
2026-02-01 09:08:18 - create_cost_center_v2 - INFO - [API RESPONSE] POST https://ncm.services.nconprem-10-53-60-173.ccpnx.com/v1/cg/global/costCenter
2026-02-01 09:08:18 - create_cost_center_v2 - INFO - [STATUS CODE] 200
2026-02-01 09:08:18 - create_cost_center_v2 - INFO - [TIME TAKEN] 0.5280 seconds (528.00 ms)
2026-02-01 09:08:18 - create_cost_center_v2 - INFO - [RESPONSE CONTENT-TYPE] application/json
2026-02-01 09:08:18 - create_cost_center_v2 - INFO - [RESPONSE PAYLOAD]
{
  "id": "bbd000db-8265-4760-b9e4-f3a92cca96bf"
}
2026-02-01 09:08:18 - create_cost_center_v2 - INFO -   ✓ Created: CC_HomePC_Account_14617_ahv_0-251004-124042_key1_dY74l_ahv_0-251004-124042_value1_5_dY74l_377027
2026-02-01 09:08:18 - create_cost_center_v2 - INFO - [API REQUEST] GET https://ncm.services.nconprem-10-53-60-173.ccpnx.com/v1/cg/nx/analysis/dimensions/values?resourceGroupIds=6d915317-d32b-4093-a6fa-b225f59a7522&dimensions=tag.nx%253Aahv_0-251004-124045_key1_C6ZAP&resourceGroupType=billingAccount
2026-02-01 09:08:18 - create_cost_center_v2 - INFO - [API RESPONSE] GET https://ncm.services.nconprem-10-53-60-173.ccpnx.com/v1/cg/nx/analysis/dimensions/values?resourceGroupIds=6d915317-d32b-4093-a6fa-b225f59a7522&dimensions=tag.nx%253Aahv_0-251004-124045_key1_C6ZAP&resourceGroupType=billingAccount
2026-02-01 09:08:18 - create_cost_center_v2 - INFO - [STATUS CODE] 200
2026-02-01 09:08:18 - create_cost_center_v2 - INFO - [TIME TAKEN] 0.3158 seconds (315.82 ms)
2026-02-01 09:08:18 - create_cost_center_v2 - INFO - [RESPONSE CONTENT-TYPE] application/json
2026-02-01 09:08:18 - create_cost_center_v2 - INFO - [RESPONSE PAYLOAD]
{
  "nx:ahv_0-251004-124045_key1_C6ZAP": [
    "ahv_0-251004-124045_value1_1_C6ZAP",
    "ahv_0-251004-124045_value1_2_C6ZAP",
    "ahv_0-251004-124045_value1_3_C6ZAP",
    "ahv_0-251004-124045_value1_5_C6ZAP"
  ]
}
2026-02-01 09:08:18 - create_cost_center_v2 - INFO - [API REQUEST] POST https://ncm.services.nconprem-10-53-60-173.ccpnx.com/v1/cg/global/costCenter
2026-02-01 09:08:18 - create_cost_center_v2 - INFO - [REQUEST DATA PAYLOAD] {"name": "CC_HomePC_Account_0e846_ahv_0-251004-124045_key1_C6ZAP_ahv_0-251004-124045_value1_1_C6ZAP_377027", "definitions": [{"provider": "nx", "parentAccount": "6d915317-d32b-4093-a6fa-b225f59a7522", "filters": {"childAccounts": ["00063ffe-e22c-90bf-45a6-7cc25530e846"], "tags": [{"keys": ["nx:ahv_0-251004-124045_key1_C6ZAP"], "values": ["ahv_0-251004-124045_value1_1_C6ZAP"], "operator": "in"}, {"keys": ["nx:ahv_0-251004-112524_key1_FxJNZ"], "values": ["ahv_0-251004-112524_value1_10_FxJNZ"], "operator": "notIn"}, {"keys": ["nx:ahv_0-251004-112618_key1_7aFgy"], "values": ["ahv_0-251004-112618_value1_1_7aFgy"], "operator": "notIn"}, {"keys": ["nx:ahv_0-251004-112557_key1_jW5Pe"], "values": ["ahv_0-251004-112557_value1_10_jW5Pe"], "operator": "notIn"}, {"keys": ["nx:ahv_0-251004-112538_key1_8T3pf"], "values": ["ahv_0-251004-112538_value1_10_8T3pf"], "operator": "notIn"}, {"keys": ["nx:ahv_0-251004-112454_key1_P1FyH"], "values": ["ahv_0-251004-112454_value1_1_P1FyH"], "operator": "notIn"},... (truncated)
2026-02-01 09:08:19 - create_cost_center_v2 - INFO - [API RESPONSE] POST https://ncm.services.nconprem-10-53-60-173.ccpnx.com/v1/cg/global/costCenter
2026-02-01 09:08:19 - create_cost_center_v2 - INFO - [STATUS CODE] 200
2026-02-01 09:08:19 - create_cost_center_v2 - INFO - [TIME TAKEN] 0.4804 seconds (480.41 ms)
2026-02-01 09:08:19 - create_cost_center_v2 - INFO - [RESPONSE CONTENT-TYPE] application/json
2026-02-01 09:08:19 - create_cost_center_v2 - INFO - [RESPONSE PAYLOAD]
{
  "id": "a8a71960-e1bd-45dd-acd9-69d4afc05105"
}
2026-02-01 09:08:19 - create_cost_center_v2 - INFO -   ✓ Created: CC_HomePC_Account_0e846_ahv_0-251004-124045_key1_C6ZAP_ahv_0-251004-124045_value1_1_C6ZAP_377027
2026-02-01 09:08:19 - create_cost_center_v2 - INFO - [API REQUEST] POST https://ncm.services.nconprem-10-53-60-173.ccpnx.com/v1/cg/global/costCenter
2026-02-01 09:08:19 - create_cost_center_v2 - INFO - [REQUEST DATA PAYLOAD] {"name": "CC_HomePC_Account_193e1_ahv_0-251004-124045_key1_C6ZAP_ahv_0-251004-124045_value1_1_C6ZAP_377027", "definitions": [{"provider": "nx", "parentAccount": "6d915317-d32b-4093-a6fa-b225f59a7522", "filters": {"childAccounts": ["00064002-1290-400a-0000-0000000193e1"], "tags": [{"keys": ["nx:ahv_0-251004-124045_key1_C6ZAP"], "values": ["ahv_0-251004-124045_value1_1_C6ZAP"], "operator": "in"}, {"keys": ["nx:ahv_0-251004-112524_key1_FxJNZ"], "values": ["ahv_0-251004-112524_value1_10_FxJNZ"], "operator": "notIn"}, {"keys": ["nx:ahv_0-251004-112618_key1_7aFgy"], "values": ["ahv_0-251004-112618_value1_1_7aFgy"], "operator": "notIn"}, {"keys": ["nx:ahv_0-251004-112557_key1_jW5Pe"], "values": ["ahv_0-251004-112557_value1_10_jW5Pe"], "operator": "notIn"}, {"keys": ["nx:ahv_0-251004-112538_key1_8T3pf"], "values": ["ahv_0-251004-112538_value1_10_8T3pf"], "operator": "notIn"}, {"keys": ["nx:ahv_0-251004-112454_key1_P1FyH"], "values": ["ahv_0-251004-112454_value1_1_P1FyH"], "operator": "notIn"},... (truncated)
2026-02-01 09:08:19 - create_cost_center_v2 - INFO - [API RESPONSE] POST https://ncm.services.nconprem-10-53-60-173.ccpnx.com/v1/cg/global/costCenter
2026-02-01 09:08:19 - create_cost_center_v2 - INFO - [STATUS CODE] 200
2026-02-01 09:08:19 - create_cost_center_v2 - INFO - [TIME TAKEN] 0.6090 seconds (608.99 ms)
2026-02-01 09:08:19 - create_cost_center_v2 - INFO - [RESPONSE CONTENT-TYPE] application/json
2026-02-01 09:08:19 - create_cost_center_v2 - INFO - [RESPONSE PAYLOAD]
{
  "id": "defdab01-c7fa-4acc-8a90-00f0ddfbf6f3"
}
2026-02-01 09:08:19 - create_cost_center_v2 - INFO -   ✓ Created: CC_HomePC_Account_193e1_ahv_0-251004-124045_key1_C6ZAP_ahv_0-251004-124045_value1_1_C6ZAP_377027
2026-02-01 09:08:19 - create_cost_center_v2 - INFO - [API REQUEST] POST https://ncm.services.nconprem-10-53-60-173.ccpnx.com/v1/cg/global/costCenter
2026-02-01 09:08:19 - create_cost_center_v2 - INFO - [REQUEST DATA PAYLOAD] {"name": "CC_HomePC_Account_14617_ahv_0-251004-124045_key1_C6ZAP_ahv_0-251004-124045_value1_1_C6ZAP_377027", "definitions": [{"provider": "nx", "parentAccount": "6d915317-d32b-4093-a6fa-b225f59a7522", "filters": {"childAccounts": ["00063fff-3b65-3df9-6bee-7cc255814617"], "tags": [{"keys": ["nx:ahv_0-251004-124045_key1_C6ZAP"], "values": ["ahv_0-251004-124045_value1_1_C6ZAP"], "operator": "in"}, {"keys": ["nx:ahv_0-251004-112524_key1_FxJNZ"], "values": ["ahv_0-251004-112524_value1_10_FxJNZ"], "operator": "notIn"}, {"keys": ["nx:ahv_0-251004-112618_key1_7aFgy"], "values": ["ahv_0-251004-112618_value1_1_7aFgy"], "operator": "notIn"}, {"keys": ["nx:ahv_0-251004-112557_key1_jW5Pe"], "values": ["ahv_0-251004-112557_value1_10_jW5Pe"], "operator": "notIn"}, {"keys": ["nx:ahv_0-251004-112538_key1_8T3pf"], "values": ["ahv_0-251004-112538_value1_10_8T3pf"], "operator": "notIn"}, {"keys": ["nx:ahv_0-251004-112454_key1_P1FyH"], "values": ["ahv_0-251004-112454_value1_1_P1FyH"], "operator": "notIn"},... (truncated)
2026-02-01 09:08:20 - create_cost_center_v2 - INFO - [API RESPONSE] POST https://ncm.services.nconprem-10-53-60-173.ccpnx.com/v1/cg/global/costCenter
2026-02-01 09:08:20 - create_cost_center_v2 - INFO - [STATUS CODE] 200
2026-02-01 09:08:20 - create_cost_center_v2 - INFO - [TIME TAKEN] 0.4083 seconds (408.31 ms)
2026-02-01 09:08:20 - create_cost_center_v2 - INFO - [RESPONSE CONTENT-TYPE] application/json
2026-02-01 09:08:20 - create_cost_center_v2 - INFO - [RESPONSE PAYLOAD]
{
  "id": "cc810ba0-7e67-4de1-8161-865d3e96de07"
}
2026-02-01 09:08:20 - create_cost_center_v2 - INFO -   ✓ Created: CC_HomePC_Account_14617_ahv_0-251004-124045_key1_C6ZAP_ahv_0-251004-124045_value1_1_C6ZAP_377027
2026-02-01 09:08:20 - create_cost_center_v2 - INFO - [API REQUEST] GET https://ncm.services.nconprem-10-53-60-173.ccpnx.com/v1/cg/nx/analysis/dimensions/values?resourceGroupIds=6d915317-d32b-4093-a6fa-b225f59a7522&dimensions=tag.nx%253Aahv_0-251004-124052_key1_cRT67&resourceGroupType=billingAccount
2026-02-01 09:08:20 - create_cost_center_v2 - INFO - [API RESPONSE] GET https://ncm.services.nconprem-10-53-60-173.ccpnx.com/v1/cg/nx/analysis/dimensions/values?resourceGroupIds=6d915317-d32b-4093-a6fa-b225f59a7522&dimensions=tag.nx%253Aahv_0-251004-124052_key1_cRT67&resourceGroupType=billingAccount
2026-02-01 09:08:20 - create_cost_center_v2 - INFO - [STATUS CODE] 200
2026-02-01 09:08:20 - create_cost_center_v2 - INFO - [TIME TAKEN] 0.2812 seconds (281.17 ms)
2026-02-01 09:08:20 - create_cost_center_v2 - INFO - [RESPONSE CONTENT-TYPE] application/json
2026-02-01 09:08:20 - create_cost_center_v2 - INFO - [RESPONSE PAYLOAD]
{
  "nx:ahv_0-251004-124052_key1_cRT67": [
    "ahv_0-251004-124052_value1_3_cRT67",
    "ahv_0-251004-124052_value1_4_cRT67",
    "ahv_0-251004-124052_value1_5_cRT67"
  ]
}
2026-02-01 09:08:20 - create_cost_center_v2 - INFO - [API REQUEST] POST https://ncm.services.nconprem-10-53-60-173.ccpnx.com/v1/cg/global/costCenter
2026-02-01 09:08:20 - create_cost_center_v2 - INFO - [REQUEST DATA PAYLOAD] {"name": "CC_HomePC_Account_0e846_ahv_0-251004-124052_key1_cRT67_ahv_0-251004-124052_value1_3_cRT67_377027", "definitions": [{"provider": "nx", "parentAccount": "6d915317-d32b-4093-a6fa-b225f59a7522", "filters": {"childAccounts": ["00063ffe-e22c-90bf-45a6-7cc25530e846"], "tags": [{"keys": ["nx:ahv_0-251004-124052_key1_cRT67"], "values": ["ahv_0-251004-124052_value1_3_cRT67"], "operator": "in"}, {"keys": ["nx:ahv_0-251004-112524_key1_FxJNZ"], "values": ["ahv_0-251004-112524_value1_10_FxJNZ"], "operator": "notIn"}, {"keys": ["nx:ahv_0-251004-112618_key1_7aFgy"], "values": ["ahv_0-251004-112618_value1_1_7aFgy"], "operator": "notIn"}, {"keys": ["nx:ahv_0-251004-112557_key1_jW5Pe"], "values": ["ahv_0-251004-112557_value1_10_jW5Pe"], "operator": "notIn"}, {"keys": ["nx:ahv_0-251004-112538_key1_8T3pf"], "values": ["ahv_0-251004-112538_value1_10_8T3pf"], "operator": "notIn"}, {"keys": ["nx:ahv_0-251004-112454_key1_P1FyH"], "values": ["ahv_0-251004-112454_value1_1_P1FyH"], "operator": "notIn"},... (truncated)
2026-02-01 09:08:20 - create_cost_center_v2 - INFO - [API RESPONSE] POST https://ncm.services.nconprem-10-53-60-173.ccpnx.com/v1/cg/global/costCenter
2026-02-01 09:08:20 - create_cost_center_v2 - INFO - [STATUS CODE] 200
2026-02-01 09:08:20 - create_cost_center_v2 - INFO - [TIME TAKEN] 0.3867 seconds (386.65 ms)
2026-02-01 09:08:20 - create_cost_center_v2 - INFO - [RESPONSE CONTENT-TYPE] application/json
2026-02-01 09:08:20 - create_cost_center_v2 - INFO - [RESPONSE PAYLOAD]
{
  "id": "d0f7ff1d-c8e8-4b2b-a5e0-4395a1102434"
}
2026-02-01 09:08:20 - create_cost_center_v2 - INFO -   ✓ Created: CC_HomePC_Account_0e846_ahv_0-251004-124052_key1_cRT67_ahv_0-251004-124052_value1_3_cRT67_377027
2026-02-01 09:08:20 - create_cost_center_v2 - INFO - [API REQUEST] POST https://ncm.services.nconprem-10-53-60-173.ccpnx.com/v1/cg/global/costCenter
2026-02-01 09:08:20 - create_cost_center_v2 - INFO - [REQUEST DATA PAYLOAD] {"name": "CC_HomePC_Account_193e1_ahv_0-251004-124052_key1_cRT67_ahv_0-251004-124052_value1_3_cRT67_377027", "definitions": [{"provider": "nx", "parentAccount": "6d915317-d32b-4093-a6fa-b225f59a7522", "filters": {"childAccounts": ["00064002-1290-400a-0000-0000000193e1"], "tags": [{"keys": ["nx:ahv_0-251004-124052_key1_cRT67"], "values": ["ahv_0-251004-124052_value1_3_cRT67"], "operator": "in"}, {"keys": ["nx:ahv_0-251004-112524_key1_FxJNZ"], "values": ["ahv_0-251004-112524_value1_10_FxJNZ"], "operator": "notIn"}, {"keys": ["nx:ahv_0-251004-112618_key1_7aFgy"], "values": ["ahv_0-251004-112618_value1_1_7aFgy"], "operator": "notIn"}, {"keys": ["nx:ahv_0-251004-112557_key1_jW5Pe"], "values": ["ahv_0-251004-112557_value1_10_jW5Pe"], "operator": "notIn"}, {"keys": ["nx:ahv_0-251004-112538_key1_8T3pf"], "values": ["ahv_0-251004-112538_value1_10_8T3pf"], "operator": "notIn"}, {"keys": ["nx:ahv_0-251004-112454_key1_P1FyH"], "values": ["ahv_0-251004-112454_value1_1_P1FyH"], "operator": "notIn"},... (truncated)
2026-02-01 09:08:21 - create_cost_center_v2 - INFO - [API RESPONSE] POST https://ncm.services.nconprem-10-53-60-173.ccpnx.com/v1/cg/global/costCenter
2026-02-01 09:08:21 - create_cost_center_v2 - INFO - [STATUS CODE] 200
2026-02-01 09:08:21 - create_cost_center_v2 - INFO - [TIME TAKEN] 0.3384 seconds (338.41 ms)
2026-02-01 09:08:21 - create_cost_center_v2 - INFO - [RESPONSE CONTENT-TYPE] application/json
2026-02-01 09:08:21 - create_cost_center_v2 - INFO - [RESPONSE PAYLOAD]
{
  "id": "cbc1d346-00c3-44fb-9fea-36c066bc372c"
}
2026-02-01 09:08:21 - create_cost_center_v2 - INFO -   ✓ Created: CC_HomePC_Account_193e1_ahv_0-251004-124052_key1_cRT67_ahv_0-251004-124052_value1_3_cRT67_377027
2026-02-01 09:08:21 - create_cost_center_v2 - INFO - [API REQUEST] POST https://ncm.services.nconprem-10-53-60-173.ccpnx.com/v1/cg/global/costCenter
2026-02-01 09:08:21 - create_cost_center_v2 - INFO - [REQUEST DATA PAYLOAD] {"name": "CC_HomePC_Account_14617_ahv_0-251004-124052_key1_cRT67_ahv_0-251004-124052_value1_3_cRT67_377027", "definitions": [{"provider": "nx", "parentAccount": "6d915317-d32b-4093-a6fa-b225f59a7522", "filters": {"childAccounts": ["00063fff-3b65-3df9-6bee-7cc255814617"], "tags": [{"keys": ["nx:ahv_0-251004-124052_key1_cRT67"], "values": ["ahv_0-251004-124052_value1_3_cRT67"], "operator": "in"}, {"keys": ["nx:ahv_0-251004-112524_key1_FxJNZ"], "values": ["ahv_0-251004-112524_value1_10_FxJNZ"], "operator": "notIn"}, {"keys": ["nx:ahv_0-251004-112618_key1_7aFgy"], "values": ["ahv_0-251004-112618_value1_1_7aFgy"], "operator": "notIn"}, {"keys": ["nx:ahv_0-251004-112557_key1_jW5Pe"], "values": ["ahv_0-251004-112557_value1_10_jW5Pe"], "operator": "notIn"}, {"keys": ["nx:ahv_0-251004-112538_key1_8T3pf"], "values": ["ahv_0-251004-112538_value1_10_8T3pf"], "operator": "notIn"}, {"keys": ["nx:ahv_0-251004-112454_key1_P1FyH"], "values": ["ahv_0-251004-112454_value1_1_P1FyH"], "operator": "notIn"},... (truncated)
2026-02-01 09:08:21 - create_cost_center_v2 - INFO - [API RESPONSE] POST https://ncm.services.nconprem-10-53-60-173.ccpnx.com/v1/cg/global/costCenter
2026-02-01 09:08:21 - create_cost_center_v2 - INFO - [STATUS CODE] 200
2026-02-01 09:08:21 - create_cost_center_v2 - INFO - [TIME TAKEN] 0.4474 seconds (447.39 ms)
2026-02-01 09:08:21 - create_cost_center_v2 - INFO - [RESPONSE CONTENT-TYPE] application/json
2026-02-01 09:08:21 - create_cost_center_v2 - INFO - [RESPONSE PAYLOAD]
{
  "id": "39e3cefb-3fae-4990-9585-d758776252ee"
}
2026-02-01 09:08:21 - create_cost_center_v2 - INFO -   ✓ Created: CC_HomePC_Account_14617_ahv_0-251004-124052_key1_cRT67_ahv_0-251004-124052_value1_3_cRT67_377027
2026-02-01 09:08:21 - create_cost_center_v2 - INFO - [API REQUEST] GET https://ncm.services.nconprem-10-53-60-173.ccpnx.com/v1/cg/nx/analysis/dimensions/values?resourceGroupIds=6d915317-d32b-4093-a6fa-b225f59a7522&dimensions=tag.nx%253Aahv_0-251004-124102_key1_rru4X&resourceGroupType=billingAccount
2026-02-01 09:08:21 - create_cost_center_v2 - INFO - [API RESPONSE] GET https://ncm.services.nconprem-10-53-60-173.ccpnx.com/v1/cg/nx/analysis/dimensions/values?resourceGroupIds=6d915317-d32b-4093-a6fa-b225f59a7522&dimensions=tag.nx%253Aahv_0-251004-124102_key1_rru4X&resourceGroupType=billingAccount
2026-02-01 09:08:21 - create_cost_center_v2 - INFO - [STATUS CODE] 200
2026-02-01 09:08:21 - create_cost_center_v2 - INFO - [TIME TAKEN] 0.2305 seconds (230.50 ms)
2026-02-01 09:08:21 - create_cost_center_v2 - INFO - [RESPONSE CONTENT-TYPE] application/json
2026-02-01 09:08:21 - create_cost_center_v2 - INFO - [RESPONSE PAYLOAD]
{
  "nx:ahv_0-251004-124102_key1_rru4X": [
    "ahv_0-251004-124102_value1_1_rru4X",
    "ahv_0-251004-124102_value1_2_rru4X",
    "ahv_0-251004-124102_value1_3_rru4X",
    "ahv_0-251004-124102_value1_4_rru4X"
  ]
}
2026-02-01 09:08:21 - create_cost_center_v2 - INFO - [API REQUEST] POST https://ncm.services.nconprem-10-53-60-173.ccpnx.com/v1/cg/global/costCenter
2026-02-01 09:08:21 - create_cost_center_v2 - INFO - [REQUEST DATA PAYLOAD] {"name": "CC_HomePC_Account_0e846_ahv_0-251004-124102_key1_rru4X_ahv_0-251004-124102_value1_1_rru4X_377027", "definitions": [{"provider": "nx", "parentAccount": "6d915317-d32b-4093-a6fa-b225f59a7522", "filters": {"childAccounts": ["00063ffe-e22c-90bf-45a6-7cc25530e846"], "tags": [{"keys": ["nx:ahv_0-251004-124102_key1_rru4X"], "values": ["ahv_0-251004-124102_value1_1_rru4X"], "operator": "in"}, {"keys": ["nx:ahv_0-251004-112524_key1_FxJNZ"], "values": ["ahv_0-251004-112524_value1_10_FxJNZ"], "operator": "notIn"}, {"keys": ["nx:ahv_0-251004-112618_key1_7aFgy"], "values": ["ahv_0-251004-112618_value1_1_7aFgy"], "operator": "notIn"}, {"keys": ["nx:ahv_0-251004-112557_key1_jW5Pe"], "values": ["ahv_0-251004-112557_value1_10_jW5Pe"], "operator": "notIn"}, {"keys": ["nx:ahv_0-251004-112538_key1_8T3pf"], "values": ["ahv_0-251004-112538_value1_10_8T3pf"], "operator": "notIn"}, {"keys": ["nx:ahv_0-251004-112454_key1_P1FyH"], "values": ["ahv_0-251004-112454_value1_1_P1FyH"], "operator": "notIn"},... (truncated)
2026-02-01 09:08:22 - create_cost_center_v2 - INFO - [API RESPONSE] POST https://ncm.services.nconprem-10-53-60-173.ccpnx.com/v1/cg/global/costCenter
2026-02-01 09:08:22 - create_cost_center_v2 - INFO - [STATUS CODE] 200
2026-02-01 09:08:22 - create_cost_center_v2 - INFO - [TIME TAKEN] 0.6466 seconds (646.59 ms)
2026-02-01 09:08:22 - create_cost_center_v2 - INFO - [RESPONSE CONTENT-TYPE] application/json
2026-02-01 09:08:22 - create_cost_center_v2 - INFO - [RESPONSE PAYLOAD]
{
  "id": "63ecae5c-41a2-4cb5-928e-5c592425caa8"
}
2026-02-01 09:08:22 - create_cost_center_v2 - INFO -   ✓ Created: CC_HomePC_Account_0e846_ahv_0-251004-124102_key1_rru4X_ahv_0-251004-124102_value1_1_rru4X_377027
2026-02-01 09:08:22 - create_cost_center_v2 - INFO - [API REQUEST] POST https://ncm.services.nconprem-10-53-60-173.ccpnx.com/v1/cg/global/costCenter
2026-02-01 09:08:22 - create_cost_center_v2 - INFO - [REQUEST DATA PAYLOAD] {"name": "CC_HomePC_Account_193e1_ahv_0-251004-124102_key1_rru4X_ahv_0-251004-124102_value1_1_rru4X_377027", "definitions": [{"provider": "nx", "parentAccount": "6d915317-d32b-4093-a6fa-b225f59a7522", "filters": {"childAccounts": ["00064002-1290-400a-0000-0000000193e1"], "tags": [{"keys": ["nx:ahv_0-251004-124102_key1_rru4X"], "values": ["ahv_0-251004-124102_value1_1_rru4X"], "operator": "in"}, {"keys": ["nx:ahv_0-251004-112524_key1_FxJNZ"], "values": ["ahv_0-251004-112524_value1_10_FxJNZ"], "operator": "notIn"}, {"keys": ["nx:ahv_0-251004-112618_key1_7aFgy"], "values": ["ahv_0-251004-112618_value1_1_7aFgy"], "operator": "notIn"}, {"keys": ["nx:ahv_0-251004-112557_key1_jW5Pe"], "values": ["ahv_0-251004-112557_value1_10_jW5Pe"], "operator": "notIn"}, {"keys": ["nx:ahv_0-251004-112538_key1_8T3pf"], "values": ["ahv_0-251004-112538_value1_10_8T3pf"], "operator": "notIn"}, {"keys": ["nx:ahv_0-251004-112454_key1_P1FyH"], "values": ["ahv_0-251004-112454_value1_1_P1FyH"], "operator": "notIn"},... (truncated)
2026-02-01 09:08:23 - create_cost_center_v2 - INFO - [API RESPONSE] POST https://ncm.services.nconprem-10-53-60-173.ccpnx.com/v1/cg/global/costCenter
2026-02-01 09:08:23 - create_cost_center_v2 - INFO - [STATUS CODE] 200
2026-02-01 09:08:23 - create_cost_center_v2 - INFO - [TIME TAKEN] 0.8566 seconds (856.56 ms)
2026-02-01 09:08:23 - create_cost_center_v2 - INFO - [RESPONSE CONTENT-TYPE] application/json
2026-02-01 09:08:23 - create_cost_center_v2 - INFO - [RESPONSE PAYLOAD]
{
  "id": "e2f30378-c38e-4dc0-ba24-d104c2fc3143"
}
2026-02-01 09:08:23 - create_cost_center_v2 - INFO -   ✓ Created: CC_HomePC_Account_193e1_ahv_0-251004-124102_key1_rru4X_ahv_0-251004-124102_value1_1_rru4X_377027
2026-02-01 09:08:23 - create_cost_center_v2 - INFO - [API REQUEST] POST https://ncm.services.nconprem-10-53-60-173.ccpnx.com/v1/cg/global/costCenter
2026-02-01 09:08:23 - create_cost_center_v2 - INFO - [REQUEST DATA PAYLOAD] {"name": "CC_HomePC_Account_14617_ahv_0-251004-124102_key1_rru4X_ahv_0-251004-124102_value1_1_rru4X_377027", "definitions": [{"provider": "nx", "parentAccount": "6d915317-d32b-4093-a6fa-b225f59a7522", "filters": {"childAccounts": ["00063fff-3b65-3df9-6bee-7cc255814617"], "tags": [{"keys": ["nx:ahv_0-251004-124102_key1_rru4X"], "values": ["ahv_0-251004-124102_value1_1_rru4X"], "operator": "in"}, {"keys": ["nx:ahv_0-251004-112524_key1_FxJNZ"], "values": ["ahv_0-251004-112524_value1_10_FxJNZ"], "operator": "notIn"}, {"keys": ["nx:ahv_0-251004-112618_key1_7aFgy"], "values": ["ahv_0-251004-112618_value1_1_7aFgy"], "operator": "notIn"}, {"keys": ["nx:ahv_0-251004-112557_key1_jW5Pe"], "values": ["ahv_0-251004-112557_value1_10_jW5Pe"], "operator": "notIn"}, {"keys": ["nx:ahv_0-251004-112538_key1_8T3pf"], "values": ["ahv_0-251004-112538_value1_10_8T3pf"], "operator": "notIn"}, {"keys": ["nx:ahv_0-251004-112454_key1_P1FyH"], "values": ["ahv_0-251004-112454_value1_1_P1FyH"], "operator": "notIn"},... (truncated)
2026-02-01 09:08:23 - create_cost_center_v2 - INFO - [API RESPONSE] POST https://ncm.services.nconprem-10-53-60-173.ccpnx.com/v1/cg/global/costCenter
2026-02-01 09:08:23 - create_cost_center_v2 - INFO - [STATUS CODE] 200
2026-02-01 09:08:23 - create_cost_center_v2 - INFO - [TIME TAKEN] 0.5431 seconds (543.11 ms)
2026-02-01 09:08:23 - create_cost_center_v2 - INFO - [RESPONSE CONTENT-TYPE] application/json
2026-02-01 09:08:23 - create_cost_center_v2 - INFO - [RESPONSE PAYLOAD]
{
  "id": "b6fb1d1b-2232-4587-8376-b946b31bc9af"
}
2026-02-01 09:08:23 - create_cost_center_v2 - INFO -   ✓ Created: CC_HomePC_Account_14617_ahv_0-251004-124102_key1_rru4X_ahv_0-251004-124102_value1_1_rru4X_377027
2026-02-01 09:08:23 - create_cost_center_v2 - INFO - [API REQUEST] GET https://ncm.services.nconprem-10-53-60-173.ccpnx.com/v1/cg/nx/analysis/dimensions/values?resourceGroupIds=6d915317-d32b-4093-a6fa-b225f59a7522&dimensions=tag.nx%253Aahv_0-251004-124118_key1_6iKcc&resourceGroupType=billingAccount
2026-02-01 09:08:24 - create_cost_center_v2 - INFO - [API RESPONSE] GET https://ncm.services.nconprem-10-53-60-173.ccpnx.com/v1/cg/nx/analysis/dimensions/values?resourceGroupIds=6d915317-d32b-4093-a6fa-b225f59a7522&dimensions=tag.nx%253Aahv_0-251004-124118_key1_6iKcc&resourceGroupType=billingAccount
2026-02-01 09:08:24 - create_cost_center_v2 - INFO - [STATUS CODE] 200
2026-02-01 09:08:24 - create_cost_center_v2 - INFO - [TIME TAKEN] 0.4701 seconds (470.12 ms)
2026-02-01 09:08:24 - create_cost_center_v2 - INFO - [RESPONSE CONTENT-TYPE] application/json
2026-02-01 09:08:24 - create_cost_center_v2 - INFO - [RESPONSE PAYLOAD]
{
  "nx:ahv_0-251004-124118_key1_6iKcc": [
    "ahv_0-251004-124118_value1_1_6iKcc",
    "ahv_0-251004-124118_value1_2_6iKcc"
  ]
}
2026-02-01 09:08:24 - create_cost_center_v2 - INFO - [API REQUEST] POST https://ncm.services.nconprem-10-53-60-173.ccpnx.com/v1/cg/global/costCenter
2026-02-01 09:08:24 - create_cost_center_v2 - INFO - [REQUEST DATA PAYLOAD] {"name": "CC_HomePC_Account_0e846_ahv_0-251004-124118_key1_6iKcc_ahv_0-251004-124118_value1_1_6iKcc_377027", "definitions": [{"provider": "nx", "parentAccount": "6d915317-d32b-4093-a6fa-b225f59a7522", "filters": {"childAccounts": ["00063ffe-e22c-90bf-45a6-7cc25530e846"], "tags": [{"keys": ["nx:ahv_0-251004-124118_key1_6iKcc"], "values": ["ahv_0-251004-124118_value1_1_6iKcc"], "operator": "in"}, {"keys": ["nx:ahv_0-251004-112524_key1_FxJNZ"], "values": ["ahv_0-251004-112524_value1_10_FxJNZ"], "operator": "notIn"}, {"keys": ["nx:ahv_0-251004-112618_key1_7aFgy"], "values": ["ahv_0-251004-112618_value1_1_7aFgy"], "operator": "notIn"}, {"keys": ["nx:ahv_0-251004-112557_key1_jW5Pe"], "values": ["ahv_0-251004-112557_value1_10_jW5Pe"], "operator": "notIn"}, {"keys": ["nx:ahv_0-251004-112538_key1_8T3pf"], "values": ["ahv_0-251004-112538_value1_10_8T3pf"], "operator": "notIn"}, {"keys": ["nx:ahv_0-251004-112454_key1_P1FyH"], "values": ["ahv_0-251004-112454_value1_1_P1FyH"], "operator": "notIn"},... (truncated)
2026-02-01 09:08:25 - create_cost_center_v2 - INFO - [API RESPONSE] POST https://ncm.services.nconprem-10-53-60-173.ccpnx.com/v1/cg/global/costCenter
2026-02-01 09:08:25 - create_cost_center_v2 - INFO - [STATUS CODE] 200
2026-02-01 09:08:25 - create_cost_center_v2 - INFO - [TIME TAKEN] 0.6632 seconds (663.18 ms)
2026-02-01 09:08:25 - create_cost_center_v2 - INFO - [RESPONSE CONTENT-TYPE] application/json
2026-02-01 09:08:25 - create_cost_center_v2 - INFO - [RESPONSE PAYLOAD]
{
  "id": "11c958ea-7ca5-4113-9ea3-9b6e93f50936"
}
2026-02-01 09:08:25 - create_cost_center_v2 - INFO -   ✓ Created: CC_HomePC_Account_0e846_ahv_0-251004-124118_key1_6iKcc_ahv_0-251004-124118_value1_1_6iKcc_377027
2026-02-01 09:08:25 - create_cost_center_v2 - INFO - [API REQUEST] POST https://ncm.services.nconprem-10-53-60-173.ccpnx.com/v1/cg/global/costCenter
2026-02-01 09:08:25 - create_cost_center_v2 - INFO - [REQUEST DATA PAYLOAD] {"name": "CC_HomePC_Account_193e1_ahv_0-251004-124118_key1_6iKcc_ahv_0-251004-124118_value1_1_6iKcc_377027", "definitions": [{"provider": "nx", "parentAccount": "6d915317-d32b-4093-a6fa-b225f59a7522", "filters": {"childAccounts": ["00064002-1290-400a-0000-0000000193e1"], "tags": [{"keys": ["nx:ahv_0-251004-124118_key1_6iKcc"], "values": ["ahv_0-251004-124118_value1_1_6iKcc"], "operator": "in"}, {"keys": ["nx:ahv_0-251004-112524_key1_FxJNZ"], "values": ["ahv_0-251004-112524_value1_10_FxJNZ"], "operator": "notIn"}, {"keys": ["nx:ahv_0-251004-112618_key1_7aFgy"], "values": ["ahv_0-251004-112618_value1_1_7aFgy"], "operator": "notIn"}, {"keys": ["nx:ahv_0-251004-112557_key1_jW5Pe"], "values": ["ahv_0-251004-112557_value1_10_jW5Pe"], "operator": "notIn"}, {"keys": ["nx:ahv_0-251004-112538_key1_8T3pf"], "values": ["ahv_0-251004-112538_value1_10_8T3pf"], "operator": "notIn"}, {"keys": ["nx:ahv_0-251004-112454_key1_P1FyH"], "values": ["ahv_0-251004-112454_value1_1_P1FyH"], "operator": "notIn"},... (truncated)
2026-02-01 09:08:25 - create_cost_center_v2 - INFO - [API RESPONSE] POST https://ncm.services.nconprem-10-53-60-173.ccpnx.com/v1/cg/global/costCenter
2026-02-01 09:08:25 - create_cost_center_v2 - INFO - [STATUS CODE] 200
2026-02-01 09:08:25 - create_cost_center_v2 - INFO - [TIME TAKEN] 0.4573 seconds (457.31 ms)
2026-02-01 09:08:25 - create_cost_center_v2 - INFO - [RESPONSE CONTENT-TYPE] application/json
2026-02-01 09:08:25 - create_cost_center_v2 - INFO - [RESPONSE PAYLOAD]
{
  "id": "49f250f8-e8bc-4d38-97a0-0cfef5a089d7"
}
2026-02-01 09:08:25 - create_cost_center_v2 - INFO -   ✓ Created: CC_HomePC_Account_193e1_ahv_0-251004-124118_key1_6iKcc_ahv_0-251004-124118_value1_1_6iKcc_377027
2026-02-01 09:08:25 - create_cost_center_v2 - INFO - [API REQUEST] POST https://ncm.services.nconprem-10-53-60-173.ccpnx.com/v1/cg/global/costCenter
2026-02-01 09:08:25 - create_cost_center_v2 - INFO - [REQUEST DATA PAYLOAD] {"name": "CC_HomePC_Account_14617_ahv_0-251004-124118_key1_6iKcc_ahv_0-251004-124118_value1_1_6iKcc_377027", "definitions": [{"provider": "nx", "parentAccount": "6d915317-d32b-4093-a6fa-b225f59a7522", "filters": {"childAccounts": ["00063fff-3b65-3df9-6bee-7cc255814617"], "tags": [{"keys": ["nx:ahv_0-251004-124118_key1_6iKcc"], "values": ["ahv_0-251004-124118_value1_1_6iKcc"], "operator": "in"}, {"keys": ["nx:ahv_0-251004-112524_key1_FxJNZ"], "values": ["ahv_0-251004-112524_value1_10_FxJNZ"], "operator": "notIn"}, {"keys": ["nx:ahv_0-251004-112618_key1_7aFgy"], "values": ["ahv_0-251004-112618_value1_1_7aFgy"], "operator": "notIn"}, {"keys": ["nx:ahv_0-251004-112557_key1_jW5Pe"], "values": ["ahv_0-251004-112557_value1_10_jW5Pe"], "operator": "notIn"}, {"keys": ["nx:ahv_0-251004-112538_key1_8T3pf"], "values": ["ahv_0-251004-112538_value1_10_8T3pf"], "operator": "notIn"}, {"keys": ["nx:ahv_0-251004-112454_key1_P1FyH"], "values": ["ahv_0-251004-112454_value1_1_P1FyH"], "operator": "notIn"},... (truncated)
2026-02-01 09:08:26 - create_cost_center_v2 - INFO - [API RESPONSE] POST https://ncm.services.nconprem-10-53-60-173.ccpnx.com/v1/cg/global/costCenter
2026-02-01 09:08:26 - create_cost_center_v2 - INFO - [STATUS CODE] 200
2026-02-01 09:08:26 - create_cost_center_v2 - INFO - [TIME TAKEN] 0.6403 seconds (640.27 ms)
2026-02-01 09:08:26 - create_cost_center_v2 - INFO - [RESPONSE CONTENT-TYPE] application/json
2026-02-01 09:08:26 - create_cost_center_v2 - INFO - [RESPONSE PAYLOAD]
{
  "id": "62483dfd-b6b7-45a5-ae4d-e5df68906f4e"
}
2026-02-01 09:08:26 - create_cost_center_v2 - INFO -   ✓ Created: CC_HomePC_Account_14617_ahv_0-251004-124118_key1_6iKcc_ahv_0-251004-124118_value1_1_6iKcc_377027
2026-02-01 09:08:26 - create_cost_center_v2 - INFO - [API REQUEST] GET https://ncm.services.nconprem-10-53-60-173.ccpnx.com/v1/cg/nx/analysis/dimensions/values?resourceGroupIds=6d915317-d32b-4093-a6fa-b225f59a7522&dimensions=tag.nx%253Aahv_0-251004-124125_key1_aiLCS&resourceGroupType=billingAccount
2026-02-01 09:08:26 - create_cost_center_v2 - INFO - [API RESPONSE] GET https://ncm.services.nconprem-10-53-60-173.ccpnx.com/v1/cg/nx/analysis/dimensions/values?resourceGroupIds=6d915317-d32b-4093-a6fa-b225f59a7522&dimensions=tag.nx%253Aahv_0-251004-124125_key1_aiLCS&resourceGroupType=billingAccount
2026-02-01 09:08:26 - create_cost_center_v2 - INFO - [STATUS CODE] 200
2026-02-01 09:08:26 - create_cost_center_v2 - INFO - [TIME TAKEN] 0.3752 seconds (375.17 ms)
2026-02-01 09:08:26 - create_cost_center_v2 - INFO - [RESPONSE CONTENT-TYPE] application/json
2026-02-01 09:08:26 - create_cost_center_v2 - INFO - [RESPONSE PAYLOAD]
{
  "nx:ahv_0-251004-124125_key1_aiLCS": [
    "ahv_0-251004-124125_value1_1_aiLCS",
    "ahv_0-251004-124125_value1_2_aiLCS",
    "ahv_0-251004-124125_value1_3_aiLCS",
    "ahv_0-251004-124125_value1_5_aiLCS"
  ]
}
2026-02-01 09:08:26 - create_cost_center_v2 - INFO - [API REQUEST] POST https://ncm.services.nconprem-10-53-60-173.ccpnx.com/v1/cg/global/costCenter
2026-02-01 09:08:26 - create_cost_center_v2 - INFO - [REQUEST DATA PAYLOAD] {"name": "CC_HomePC_Account_0e846_ahv_0-251004-124125_key1_aiLCS_ahv_0-251004-124125_value1_1_aiLCS_377027", "definitions": [{"provider": "nx", "parentAccount": "6d915317-d32b-4093-a6fa-b225f59a7522", "filters": {"childAccounts": ["00063ffe-e22c-90bf-45a6-7cc25530e846"], "tags": [{"keys": ["nx:ahv_0-251004-124125_key1_aiLCS"], "values": ["ahv_0-251004-124125_value1_1_aiLCS"], "operator": "in"}, {"keys": ["nx:ahv_0-251004-112524_key1_FxJNZ"], "values": ["ahv_0-251004-112524_value1_10_FxJNZ"], "operator": "notIn"}, {"keys": ["nx:ahv_0-251004-112618_key1_7aFgy"], "values": ["ahv_0-251004-112618_value1_1_7aFgy"], "operator": "notIn"}, {"keys": ["nx:ahv_0-251004-112557_key1_jW5Pe"], "values": ["ahv_0-251004-112557_value1_10_jW5Pe"], "operator": "notIn"}, {"keys": ["nx:ahv_0-251004-112538_key1_8T3pf"], "values": ["ahv_0-251004-112538_value1_10_8T3pf"], "operator": "notIn"}, {"keys": ["nx:ahv_0-251004-112454_key1_P1FyH"], "values": ["ahv_0-251004-112454_value1_1_P1FyH"], "operator": "notIn"},... (truncated)
2026-02-01 09:08:27 - create_cost_center_v2 - INFO - [API RESPONSE] POST https://ncm.services.nconprem-10-53-60-173.ccpnx.com/v1/cg/global/costCenter
2026-02-01 09:08:27 - create_cost_center_v2 - INFO - [STATUS CODE] 200
2026-02-01 09:08:27 - create_cost_center_v2 - INFO - [TIME TAKEN] 0.6981 seconds (698.10 ms)
2026-02-01 09:08:27 - create_cost_center_v2 - INFO - [RESPONSE CONTENT-TYPE] application/json
2026-02-01 09:08:27 - create_cost_center_v2 - INFO - [RESPONSE PAYLOAD]
{
  "id": "ec2c8ce3-7497-4e9c-a12e-241ba1fbe1b0"
}
2026-02-01 09:08:27 - create_cost_center_v2 - INFO -   ✓ Created: CC_HomePC_Account_0e846_ahv_0-251004-124125_key1_aiLCS_ahv_0-251004-124125_value1_1_aiLCS_377027
2026-02-01 09:08:27 - create_cost_center_v2 - INFO - [API REQUEST] POST https://ncm.services.nconprem-10-53-60-173.ccpnx.com/v1/cg/global/costCenter
2026-02-01 09:08:27 - create_cost_center_v2 - INFO - [REQUEST DATA PAYLOAD] {"name": "CC_HomePC_Account_193e1_ahv_0-251004-124125_key1_aiLCS_ahv_0-251004-124125_value1_1_aiLCS_377027", "definitions": [{"provider": "nx", "parentAccount": "6d915317-d32b-4093-a6fa-b225f59a7522", "filters": {"childAccounts": ["00064002-1290-400a-0000-0000000193e1"], "tags": [{"keys": ["nx:ahv_0-251004-124125_key1_aiLCS"], "values": ["ahv_0-251004-124125_value1_1_aiLCS"], "operator": "in"}, {"keys": ["nx:ahv_0-251004-112524_key1_FxJNZ"], "values": ["ahv_0-251004-112524_value1_10_FxJNZ"], "operator": "notIn"}, {"keys": ["nx:ahv_0-251004-112618_key1_7aFgy"], "values": ["ahv_0-251004-112618_value1_1_7aFgy"], "operator": "notIn"}, {"keys": ["nx:ahv_0-251004-112557_key1_jW5Pe"], "values": ["ahv_0-251004-112557_value1_10_jW5Pe"], "operator": "notIn"}, {"keys": ["nx:ahv_0-251004-112538_key1_8T3pf"], "values": ["ahv_0-251004-112538_value1_10_8T3pf"], "operator": "notIn"}, {"keys": ["nx:ahv_0-251004-112454_key1_P1FyH"], "values": ["ahv_0-251004-112454_value1_1_P1FyH"], "operator": "notIn"},... (truncated)
2026-02-01 09:08:27 - create_cost_center_v2 - INFO - [API RESPONSE] POST https://ncm.services.nconprem-10-53-60-173.ccpnx.com/v1/cg/global/costCenter
2026-02-01 09:08:27 - create_cost_center_v2 - INFO - [STATUS CODE] 200
2026-02-01 09:08:27 - create_cost_center_v2 - INFO - [TIME TAKEN] 0.5365 seconds (536.54 ms)
2026-02-01 09:08:27 - create_cost_center_v2 - INFO - [RESPONSE CONTENT-TYPE] application/json
2026-02-01 09:08:27 - create_cost_center_v2 - INFO - [RESPONSE PAYLOAD]
{
  "id": "6b1a805a-86fe-4b60-ba10-96af36a02385"
}
2026-02-01 09:08:27 - create_cost_center_v2 - INFO -   ✓ Created: CC_HomePC_Account_193e1_ahv_0-251004-124125_key1_aiLCS_ahv_0-251004-124125_value1_1_aiLCS_377027
2026-02-01 09:08:27 - create_cost_center_v2 - INFO - [API REQUEST] POST https://ncm.services.nconprem-10-53-60-173.ccpnx.com/v1/cg/global/costCenter
2026-02-01 09:08:27 - create_cost_center_v2 - INFO - [REQUEST DATA PAYLOAD] {"name": "CC_HomePC_Account_14617_ahv_0-251004-124125_key1_aiLCS_ahv_0-251004-124125_value1_1_aiLCS_377027", "definitions": [{"provider": "nx", "parentAccount": "6d915317-d32b-4093-a6fa-b225f59a7522", "filters": {"childAccounts": ["00063fff-3b65-3df9-6bee-7cc255814617"], "tags": [{"keys": ["nx:ahv_0-251004-124125_key1_aiLCS"], "values": ["ahv_0-251004-124125_value1_1_aiLCS"], "operator": "in"}, {"keys": ["nx:ahv_0-251004-112524_key1_FxJNZ"], "values": ["ahv_0-251004-112524_value1_10_FxJNZ"], "operator": "notIn"}, {"keys": ["nx:ahv_0-251004-112618_key1_7aFgy"], "values": ["ahv_0-251004-112618_value1_1_7aFgy"], "operator": "notIn"}, {"keys": ["nx:ahv_0-251004-112557_key1_jW5Pe"], "values": ["ahv_0-251004-112557_value1_10_jW5Pe"], "operator": "notIn"}, {"keys": ["nx:ahv_0-251004-112538_key1_8T3pf"], "values": ["ahv_0-251004-112538_value1_10_8T3pf"], "operator": "notIn"}, {"keys": ["nx:ahv_0-251004-112454_key1_P1FyH"], "values": ["ahv_0-251004-112454_value1_1_P1FyH"], "operator": "notIn"},... (truncated)
2026-02-01 09:08:28 - create_cost_center_v2 - INFO - [API RESPONSE] POST https://ncm.services.nconprem-10-53-60-173.ccpnx.com/v1/cg/global/costCenter
2026-02-01 09:08:28 - create_cost_center_v2 - INFO - [STATUS CODE] 200
2026-02-01 09:08:28 - create_cost_center_v2 - INFO - [TIME TAKEN] 0.4676 seconds (467.63 ms)
2026-02-01 09:08:28 - create_cost_center_v2 - INFO - [RESPONSE CONTENT-TYPE] application/json
2026-02-01 09:08:28 - create_cost_center_v2 - INFO - [RESPONSE PAYLOAD]
{
  "id": "42ee615c-8ce8-42da-b689-a7d95f24abe3"
}
2026-02-01 09:08:28 - create_cost_center_v2 - INFO -   ✓ Created: CC_HomePC_Account_14617_ahv_0-251004-124125_key1_aiLCS_ahv_0-251004-124125_value1_1_aiLCS_377027
2026-02-01 09:08:28 - create_cost_center_v2 - INFO - [API REQUEST] GET https://ncm.services.nconprem-10-53-60-173.ccpnx.com/v1/cg/nx/analysis/dimensions/values?resourceGroupIds=6d915317-d32b-4093-a6fa-b225f59a7522&dimensions=tag.nx%253Aahv_0-251004-124126_key1_JJLYq&resourceGroupType=billingAccount
2026-02-01 09:08:28 - create_cost_center_v2 - INFO - [API RESPONSE] GET https://ncm.services.nconprem-10-53-60-173.ccpnx.com/v1/cg/nx/analysis/dimensions/values?resourceGroupIds=6d915317-d32b-4093-a6fa-b225f59a7522&dimensions=tag.nx%253Aahv_0-251004-124126_key1_JJLYq&resourceGroupType=billingAccount
2026-02-01 09:08:28 - create_cost_center_v2 - INFO - [STATUS CODE] 200
2026-02-01 09:08:28 - create_cost_center_v2 - INFO - [TIME TAKEN] 0.2563 seconds (256.28 ms)
2026-02-01 09:08:28 - create_cost_center_v2 - INFO - [RESPONSE CONTENT-TYPE] application/json
2026-02-01 09:08:28 - create_cost_center_v2 - INFO - [RESPONSE PAYLOAD]
{
  "nx:ahv_0-251004-124126_key1_JJLYq": [
    "ahv_0-251004-124126_value1_3_JJLYq",
    "ahv_0-251004-124126_value1_4_JJLYq",
    "ahv_0-251004-124126_value1_5_JJLYq"
  ]
}
2026-02-01 09:08:28 - create_cost_center_v2 - INFO - [API REQUEST] POST https://ncm.services.nconprem-10-53-60-173.ccpnx.com/v1/cg/global/costCenter
2026-02-01 09:08:28 - create_cost_center_v2 - INFO - [REQUEST DATA PAYLOAD] {"name": "CC_HomePC_Account_0e846_ahv_0-251004-124126_key1_JJLYq_ahv_0-251004-124126_value1_3_JJLYq_377027", "definitions": [{"provider": "nx", "parentAccount": "6d915317-d32b-4093-a6fa-b225f59a7522", "filters": {"childAccounts": ["00063ffe-e22c-90bf-45a6-7cc25530e846"], "tags": [{"keys": ["nx:ahv_0-251004-124126_key1_JJLYq"], "values": ["ahv_0-251004-124126_value1_3_JJLYq"], "operator": "in"}, {"keys": ["nx:ahv_0-251004-112524_key1_FxJNZ"], "values": ["ahv_0-251004-112524_value1_10_FxJNZ"], "operator": "notIn"}, {"keys": ["nx:ahv_0-251004-112618_key1_7aFgy"], "values": ["ahv_0-251004-112618_value1_1_7aFgy"], "operator": "notIn"}, {"keys": ["nx:ahv_0-251004-112557_key1_jW5Pe"], "values": ["ahv_0-251004-112557_value1_10_jW5Pe"], "operator": "notIn"}, {"keys": ["nx:ahv_0-251004-112538_key1_8T3pf"], "values": ["ahv_0-251004-112538_value1_10_8T3pf"], "operator": "notIn"}, {"keys": ["nx:ahv_0-251004-112454_key1_P1FyH"], "values": ["ahv_0-251004-112454_value1_1_P1FyH"], "operator": "notIn"},... (truncated)
2026-02-01 09:08:28 - create_cost_center_v2 - INFO - [API RESPONSE] POST https://ncm.services.nconprem-10-53-60-173.ccpnx.com/v1/cg/global/costCenter
2026-02-01 09:08:28 - create_cost_center_v2 - INFO - [STATUS CODE] 200
2026-02-01 09:08:28 - create_cost_center_v2 - INFO - [TIME TAKEN] 0.3769 seconds (376.92 ms)
2026-02-01 09:08:28 - create_cost_center_v2 - INFO - [RESPONSE CONTENT-TYPE] application/json
2026-02-01 09:08:28 - create_cost_center_v2 - INFO - [RESPONSE PAYLOAD]
{
  "id": "a6d421d4-908b-469f-84e9-fe169fcef81c"
}
2026-02-01 09:08:28 - create_cost_center_v2 - INFO -   ✓ Created: CC_HomePC_Account_0e846_ahv_0-251004-124126_key1_JJLYq_ahv_0-251004-124126_value1_3_JJLYq_377027
2026-02-01 09:08:28 - create_cost_center_v2 - INFO - [API REQUEST] POST https://ncm.services.nconprem-10-53-60-173.ccpnx.com/v1/cg/global/costCenter
2026-02-01 09:08:28 - create_cost_center_v2 - INFO - [REQUEST DATA PAYLOAD] {"name": "CC_HomePC_Account_193e1_ahv_0-251004-124126_key1_JJLYq_ahv_0-251004-124126_value1_3_JJLYq_377027", "definitions": [{"provider": "nx", "parentAccount": "6d915317-d32b-4093-a6fa-b225f59a7522", "filters": {"childAccounts": ["00064002-1290-400a-0000-0000000193e1"], "tags": [{"keys": ["nx:ahv_0-251004-124126_key1_JJLYq"], "values": ["ahv_0-251004-124126_value1_3_JJLYq"], "operator": "in"}, {"keys": ["nx:ahv_0-251004-112524_key1_FxJNZ"], "values": ["ahv_0-251004-112524_value1_10_FxJNZ"], "operator": "notIn"}, {"keys": ["nx:ahv_0-251004-112618_key1_7aFgy"], "values": ["ahv_0-251004-112618_value1_1_7aFgy"], "operator": "notIn"}, {"keys": ["nx:ahv_0-251004-112557_key1_jW5Pe"], "values": ["ahv_0-251004-112557_value1_10_jW5Pe"], "operator": "notIn"}, {"keys": ["nx:ahv_0-251004-112538_key1_8T3pf"], "values": ["ahv_0-251004-112538_value1_10_8T3pf"], "operator": "notIn"}, {"keys": ["nx:ahv_0-251004-112454_key1_P1FyH"], "values": ["ahv_0-251004-112454_value1_1_P1FyH"], "operator": "notIn"},... (truncated)
2026-02-01 09:08:29 - create_cost_center_v2 - INFO - [API RESPONSE] POST https://ncm.services.nconprem-10-53-60-173.ccpnx.com/v1/cg/global/costCenter
2026-02-01 09:08:29 - create_cost_center_v2 - INFO - [STATUS CODE] 200
2026-02-01 09:08:29 - create_cost_center_v2 - INFO - [TIME TAKEN] 0.4767 seconds (476.69 ms)
2026-02-01 09:08:29 - create_cost_center_v2 - INFO - [RESPONSE CONTENT-TYPE] application/json
2026-02-01 09:08:29 - create_cost_center_v2 - INFO - [RESPONSE PAYLOAD]
{
  "id": "9ee04ffe-7ac7-42df-a712-f242bcff411e"
}
2026-02-01 09:08:29 - create_cost_center_v2 - INFO -   ✓ Created: CC_HomePC_Account_193e1_ahv_0-251004-124126_key1_JJLYq_ahv_0-251004-124126_value1_3_JJLYq_377027
2026-02-01 09:08:29 - create_cost_center_v2 - INFO - [API REQUEST] POST https://ncm.services.nconprem-10-53-60-173.ccpnx.com/v1/cg/global/costCenter
2026-02-01 09:08:29 - create_cost_center_v2 - INFO - [REQUEST DATA PAYLOAD] {"name": "CC_HomePC_Account_14617_ahv_0-251004-124126_key1_JJLYq_ahv_0-251004-124126_value1_3_JJLYq_377027", "definitions": [{"provider": "nx", "parentAccount": "6d915317-d32b-4093-a6fa-b225f59a7522", "filters": {"childAccounts": ["00063fff-3b65-3df9-6bee-7cc255814617"], "tags": [{"keys": ["nx:ahv_0-251004-124126_key1_JJLYq"], "values": ["ahv_0-251004-124126_value1_3_JJLYq"], "operator": "in"}, {"keys": ["nx:ahv_0-251004-112524_key1_FxJNZ"], "values": ["ahv_0-251004-112524_value1_10_FxJNZ"], "operator": "notIn"}, {"keys": ["nx:ahv_0-251004-112618_key1_7aFgy"], "values": ["ahv_0-251004-112618_value1_1_7aFgy"], "operator": "notIn"}, {"keys": ["nx:ahv_0-251004-112557_key1_jW5Pe"], "values": ["ahv_0-251004-112557_value1_10_jW5Pe"], "operator": "notIn"}, {"keys": ["nx:ahv_0-251004-112538_key1_8T3pf"], "values": ["ahv_0-251004-112538_value1_10_8T3pf"], "operator": "notIn"}, {"keys": ["nx:ahv_0-251004-112454_key1_P1FyH"], "values": ["ahv_0-251004-112454_value1_1_P1FyH"], "operator": "notIn"},... (truncated)
2026-02-01 09:08:29 - create_cost_center_v2 - INFO - [API RESPONSE] POST https://ncm.services.nconprem-10-53-60-173.ccpnx.com/v1/cg/global/costCenter
2026-02-01 09:08:29 - create_cost_center_v2 - INFO - [STATUS CODE] 200
2026-02-01 09:08:29 - create_cost_center_v2 - INFO - [TIME TAKEN] 0.4403 seconds (440.27 ms)
2026-02-01 09:08:29 - create_cost_center_v2 - INFO - [RESPONSE CONTENT-TYPE] application/json
2026-02-01 09:08:29 - create_cost_center_v2 - INFO - [RESPONSE PAYLOAD]
{
  "id": "f04594b1-7bb0-406b-a912-e993bd090865"
}
2026-02-01 09:08:29 - create_cost_center_v2 - INFO -   ✓ Created: CC_HomePC_Account_14617_ahv_0-251004-124126_key1_JJLYq_ahv_0-251004-124126_value1_3_JJLYq_377027
2026-02-01 09:08:29 - create_cost_center_v2 - INFO - [API REQUEST] GET https://ncm.services.nconprem-10-53-60-173.ccpnx.com/v1/cg/nx/analysis/dimensions/values?resourceGroupIds=6d915317-d32b-4093-a6fa-b225f59a7522&dimensions=tag.nx%253Aahv_0-251004-124137_key1_4XjvR&resourceGroupType=billingAccount
2026-02-01 09:08:30 - create_cost_center_v2 - INFO - [API RESPONSE] GET https://ncm.services.nconprem-10-53-60-173.ccpnx.com/v1/cg/nx/analysis/dimensions/values?resourceGroupIds=6d915317-d32b-4093-a6fa-b225f59a7522&dimensions=tag.nx%253Aahv_0-251004-124137_key1_4XjvR&resourceGroupType=billingAccount
2026-02-01 09:08:30 - create_cost_center_v2 - INFO - [STATUS CODE] 200
2026-02-01 09:08:30 - create_cost_center_v2 - INFO - [TIME TAKEN] 0.2637 seconds (263.70 ms)
2026-02-01 09:08:30 - create_cost_center_v2 - INFO - [RESPONSE CONTENT-TYPE] application/json
2026-02-01 09:08:30 - create_cost_center_v2 - INFO - [RESPONSE PAYLOAD]
{
  "nx:ahv_0-251004-124137_key1_4XjvR": [
    "ahv_0-251004-124137_value1_1_4XjvR",
    "ahv_0-251004-124137_value1_2_4XjvR",
    "ahv_0-251004-124137_value1_3_4XjvR",
    "ahv_0-251004-124137_value1_5_4XjvR"
  ]
}
2026-02-01 09:08:30 - create_cost_center_v2 - INFO - [API REQUEST] POST https://ncm.services.nconprem-10-53-60-173.ccpnx.com/v1/cg/global/costCenter
2026-02-01 09:08:30 - create_cost_center_v2 - INFO - [REQUEST DATA PAYLOAD] {"name": "CC_HomePC_Account_0e846_ahv_0-251004-124137_key1_4XjvR_ahv_0-251004-124137_value1_1_4XjvR_377027", "definitions": [{"provider": "nx", "parentAccount": "6d915317-d32b-4093-a6fa-b225f59a7522", "filters": {"childAccounts": ["00063ffe-e22c-90bf-45a6-7cc25530e846"], "tags": [{"keys": ["nx:ahv_0-251004-124137_key1_4XjvR"], "values": ["ahv_0-251004-124137_value1_1_4XjvR"], "operator": "in"}, {"keys": ["nx:ahv_0-251004-112524_key1_FxJNZ"], "values": ["ahv_0-251004-112524_value1_10_FxJNZ"], "operator": "notIn"}, {"keys": ["nx:ahv_0-251004-112618_key1_7aFgy"], "values": ["ahv_0-251004-112618_value1_1_7aFgy"], "operator": "notIn"}, {"keys": ["nx:ahv_0-251004-112557_key1_jW5Pe"], "values": ["ahv_0-251004-112557_value1_10_jW5Pe"], "operator": "notIn"}, {"keys": ["nx:ahv_0-251004-112538_key1_8T3pf"], "values": ["ahv_0-251004-112538_value1_10_8T3pf"], "operator": "notIn"}, {"keys": ["nx:ahv_0-251004-112454_key1_P1FyH"], "values": ["ahv_0-251004-112454_value1_1_P1FyH"], "operator": "notIn"},... (truncated)
2026-02-01 09:08:30 - create_cost_center_v2 - INFO - [API RESPONSE] POST https://ncm.services.nconprem-10-53-60-173.ccpnx.com/v1/cg/global/costCenter
2026-02-01 09:08:30 - create_cost_center_v2 - INFO - [STATUS CODE] 200
2026-02-01 09:08:30 - create_cost_center_v2 - INFO - [TIME TAKEN] 0.4245 seconds (424.48 ms)
2026-02-01 09:08:30 - create_cost_center_v2 - INFO - [RESPONSE CONTENT-TYPE] application/json
2026-02-01 09:08:30 - create_cost_center_v2 - INFO - [RESPONSE PAYLOAD]
{
  "id": "1a368356-ee44-479b-ba29-7d44e21a2e14"
}
2026-02-01 09:08:30 - create_cost_center_v2 - INFO -   ✓ Created: CC_HomePC_Account_0e846_ahv_0-251004-124137_key1_4XjvR_ahv_0-251004-124137_value1_1_4XjvR_377027
2026-02-01 09:08:30 - create_cost_center_v2 - INFO - [API REQUEST] POST https://ncm.services.nconprem-10-53-60-173.ccpnx.com/v1/cg/global/costCenter
2026-02-01 09:08:30 - create_cost_center_v2 - INFO - [REQUEST DATA PAYLOAD] {"name": "CC_HomePC_Account_193e1_ahv_0-251004-124137_key1_4XjvR_ahv_0-251004-124137_value1_1_4XjvR_377027", "definitions": [{"provider": "nx", "parentAccount": "6d915317-d32b-4093-a6fa-b225f59a7522", "filters": {"childAccounts": ["00064002-1290-400a-0000-0000000193e1"], "tags": [{"keys": ["nx:ahv_0-251004-124137_key1_4XjvR"], "values": ["ahv_0-251004-124137_value1_1_4XjvR"], "operator": "in"}, {"keys": ["nx:ahv_0-251004-112524_key1_FxJNZ"], "values": ["ahv_0-251004-112524_value1_10_FxJNZ"], "operator": "notIn"}, {"keys": ["nx:ahv_0-251004-112618_key1_7aFgy"], "values": ["ahv_0-251004-112618_value1_1_7aFgy"], "operator": "notIn"}, {"keys": ["nx:ahv_0-251004-112557_key1_jW5Pe"], "values": ["ahv_0-251004-112557_value1_10_jW5Pe"], "operator": "notIn"}, {"keys": ["nx:ahv_0-251004-112538_key1_8T3pf"], "values": ["ahv_0-251004-112538_value1_10_8T3pf"], "operator": "notIn"}, {"keys": ["nx:ahv_0-251004-112454_key1_P1FyH"], "values": ["ahv_0-251004-112454_value1_1_P1FyH"], "operator": "notIn"},... (truncated)
2026-02-01 09:08:31 - create_cost_center_v2 - INFO - [API RESPONSE] POST https://ncm.services.nconprem-10-53-60-173.ccpnx.com/v1/cg/global/costCenter
2026-02-01 09:08:31 - create_cost_center_v2 - INFO - [STATUS CODE] 200
2026-02-01 09:08:31 - create_cost_center_v2 - INFO - [TIME TAKEN] 0.6537 seconds (653.74 ms)
2026-02-01 09:08:31 - create_cost_center_v2 - INFO - [RESPONSE CONTENT-TYPE] application/json
2026-02-01 09:08:31 - create_cost_center_v2 - INFO - [RESPONSE PAYLOAD]
{
  "id": "867319b3-021f-431d-8e12-3042655a9d4e"
}
2026-02-01 09:08:31 - create_cost_center_v2 - INFO -   ✓ Created: CC_HomePC_Account_193e1_ahv_0-251004-124137_key1_4XjvR_ahv_0-251004-124137_value1_1_4XjvR_377027
2026-02-01 09:08:31 - create_cost_center_v2 - INFO - [API REQUEST] POST https://ncm.services.nconprem-10-53-60-173.ccpnx.com/v1/cg/global/costCenter
2026-02-01 09:08:31 - create_cost_center_v2 - INFO - [REQUEST DATA PAYLOAD] {"name": "CC_HomePC_Account_14617_ahv_0-251004-124137_key1_4XjvR_ahv_0-251004-124137_value1_1_4XjvR_377027", "definitions": [{"provider": "nx", "parentAccount": "6d915317-d32b-4093-a6fa-b225f59a7522", "filters": {"childAccounts": ["00063fff-3b65-3df9-6bee-7cc255814617"], "tags": [{"keys": ["nx:ahv_0-251004-124137_key1_4XjvR"], "values": ["ahv_0-251004-124137_value1_1_4XjvR"], "operator": "in"}, {"keys": ["nx:ahv_0-251004-112524_key1_FxJNZ"], "values": ["ahv_0-251004-112524_value1_10_FxJNZ"], "operator": "notIn"}, {"keys": ["nx:ahv_0-251004-112618_key1_7aFgy"], "values": ["ahv_0-251004-112618_value1_1_7aFgy"], "operator": "notIn"}, {"keys": ["nx:ahv_0-251004-112557_key1_jW5Pe"], "values": ["ahv_0-251004-112557_value1_10_jW5Pe"], "operator": "notIn"}, {"keys": ["nx:ahv_0-251004-112538_key1_8T3pf"], "values": ["ahv_0-251004-112538_value1_10_8T3pf"], "operator": "notIn"}, {"keys": ["nx:ahv_0-251004-112454_key1_P1FyH"], "values": ["ahv_0-251004-112454_value1_1_P1FyH"], "operator": "notIn"},... (truncated)
2026-02-01 09:08:31 - create_cost_center_v2 - INFO - [API RESPONSE] POST https://ncm.services.nconprem-10-53-60-173.ccpnx.com/v1/cg/global/costCenter
2026-02-01 09:08:31 - create_cost_center_v2 - INFO - [STATUS CODE] 200
2026-02-01 09:08:31 - create_cost_center_v2 - INFO - [TIME TAKEN] 0.5241 seconds (524.10 ms)
2026-02-01 09:08:31 - create_cost_center_v2 - INFO - [RESPONSE CONTENT-TYPE] application/json
2026-02-01 09:08:31 - create_cost_center_v2 - INFO - [RESPONSE PAYLOAD]
{
  "id": "9ba5f039-97b1-409d-91fa-a41e92ecc41c"
}
2026-02-01 09:08:31 - create_cost_center_v2 - INFO -   ✓ Created: CC_HomePC_Account_14617_ahv_0-251004-124137_key1_4XjvR_ahv_0-251004-124137_value1_1_4XjvR_377027
2026-02-01 09:08:31 - create_cost_center_v2 - INFO - [API REQUEST] GET https://ncm.services.nconprem-10-53-60-173.ccpnx.com/v1/cg/nx/analysis/dimensions/values?resourceGroupIds=6d915317-d32b-4093-a6fa-b225f59a7522&dimensions=tag.nx%253Aahv_0-251004-124139_key1_ANBF3&resourceGroupType=billingAccount
2026-02-01 09:08:32 - create_cost_center_v2 - INFO - [API RESPONSE] GET https://ncm.services.nconprem-10-53-60-173.ccpnx.com/v1/cg/nx/analysis/dimensions/values?resourceGroupIds=6d915317-d32b-4093-a6fa-b225f59a7522&dimensions=tag.nx%253Aahv_0-251004-124139_key1_ANBF3&resourceGroupType=billingAccount
2026-02-01 09:08:32 - create_cost_center_v2 - INFO - [STATUS CODE] 200
2026-02-01 09:08:32 - create_cost_center_v2 - INFO - [TIME TAKEN] 0.3618 seconds (361.84 ms)
2026-02-01 09:08:32 - create_cost_center_v2 - INFO - [RESPONSE CONTENT-TYPE] application/json
2026-02-01 09:08:32 - create_cost_center_v2 - INFO - [RESPONSE PAYLOAD]
{
  "nx:ahv_0-251004-124139_key1_ANBF3": [
    "ahv_0-251004-124139_value1_1_ANBF3",
    "ahv_0-251004-124139_value1_3_ANBF3",
    "ahv_0-251004-124139_value1_4_ANBF3",
    "ahv_0-251004-124139_value1_5_ANBF3"
  ]
}
2026-02-01 09:08:32 - create_cost_center_v2 - INFO - [API REQUEST] POST https://ncm.services.nconprem-10-53-60-173.ccpnx.com/v1/cg/global/costCenter
2026-02-01 09:08:32 - create_cost_center_v2 - INFO - [REQUEST DATA PAYLOAD] {"name": "CC_HomePC_Account_0e846_ahv_0-251004-124139_key1_ANBF3_ahv_0-251004-124139_value1_1_ANBF3_377027", "definitions": [{"provider": "nx", "parentAccount": "6d915317-d32b-4093-a6fa-b225f59a7522", "filters": {"childAccounts": ["00063ffe-e22c-90bf-45a6-7cc25530e846"], "tags": [{"keys": ["nx:ahv_0-251004-124139_key1_ANBF3"], "values": ["ahv_0-251004-124139_value1_1_ANBF3"], "operator": "in"}, {"keys": ["nx:ahv_0-251004-112524_key1_FxJNZ"], "values": ["ahv_0-251004-112524_value1_10_FxJNZ"], "operator": "notIn"}, {"keys": ["nx:ahv_0-251004-112618_key1_7aFgy"], "values": ["ahv_0-251004-112618_value1_1_7aFgy"], "operator": "notIn"}, {"keys": ["nx:ahv_0-251004-112557_key1_jW5Pe"], "values": ["ahv_0-251004-112557_value1_10_jW5Pe"], "operator": "notIn"}, {"keys": ["nx:ahv_0-251004-112538_key1_8T3pf"], "values": ["ahv_0-251004-112538_value1_10_8T3pf"], "operator": "notIn"}, {"keys": ["nx:ahv_0-251004-112454_key1_P1FyH"], "values": ["ahv_0-251004-112454_value1_1_P1FyH"], "operator": "notIn"},... (truncated)
2026-02-01 09:08:32 - create_cost_center_v2 - INFO - [API RESPONSE] POST https://ncm.services.nconprem-10-53-60-173.ccpnx.com/v1/cg/global/costCenter
2026-02-01 09:08:32 - create_cost_center_v2 - INFO - [STATUS CODE] 200
2026-02-01 09:08:32 - create_cost_center_v2 - INFO - [TIME TAKEN] 0.5216 seconds (521.55 ms)
2026-02-01 09:08:32 - create_cost_center_v2 - INFO - [RESPONSE CONTENT-TYPE] application/json
2026-02-01 09:08:32 - create_cost_center_v2 - INFO - [RESPONSE PAYLOAD]
{
  "id": "d3afe0ed-a3cc-4745-94c0-7edd1630ef3a"
}
2026-02-01 09:08:32 - create_cost_center_v2 - INFO -   ✓ Created: CC_HomePC_Account_0e846_ahv_0-251004-124139_key1_ANBF3_ahv_0-251004-124139_value1_1_ANBF3_377027
2026-02-01 09:08:32 - create_cost_center_v2 - INFO - [API REQUEST] POST https://ncm.services.nconprem-10-53-60-173.ccpnx.com/v1/cg/global/costCenter
2026-02-01 09:08:32 - create_cost_center_v2 - INFO - [REQUEST DATA PAYLOAD] {"name": "CC_HomePC_Account_193e1_ahv_0-251004-124139_key1_ANBF3_ahv_0-251004-124139_value1_1_ANBF3_377027", "definitions": [{"provider": "nx", "parentAccount": "6d915317-d32b-4093-a6fa-b225f59a7522", "filters": {"childAccounts": ["00064002-1290-400a-0000-0000000193e1"], "tags": [{"keys": ["nx:ahv_0-251004-124139_key1_ANBF3"], "values": ["ahv_0-251004-124139_value1_1_ANBF3"], "operator": "in"}, {"keys": ["nx:ahv_0-251004-112524_key1_FxJNZ"], "values": ["ahv_0-251004-112524_value1_10_FxJNZ"], "operator": "notIn"}, {"keys": ["nx:ahv_0-251004-112618_key1_7aFgy"], "values": ["ahv_0-251004-112618_value1_1_7aFgy"], "operator": "notIn"}, {"keys": ["nx:ahv_0-251004-112557_key1_jW5Pe"], "values": ["ahv_0-251004-112557_value1_10_jW5Pe"], "operator": "notIn"}, {"keys": ["nx:ahv_0-251004-112538_key1_8T3pf"], "values": ["ahv_0-251004-112538_value1_10_8T3pf"], "operator": "notIn"}, {"keys": ["nx:ahv_0-251004-112454_key1_P1FyH"], "values": ["ahv_0-251004-112454_value1_1_P1FyH"], "operator": "notIn"},... (truncated)
2026-02-01 09:08:33 - create_cost_center_v2 - INFO - [API RESPONSE] POST https://ncm.services.nconprem-10-53-60-173.ccpnx.com/v1/cg/global/costCenter
2026-02-01 09:08:33 - create_cost_center_v2 - INFO - [STATUS CODE] 200
2026-02-01 09:08:33 - create_cost_center_v2 - INFO - [TIME TAKEN] 0.5483 seconds (548.32 ms)
2026-02-01 09:08:33 - create_cost_center_v2 - INFO - [RESPONSE CONTENT-TYPE] application/json
2026-02-01 09:08:33 - create_cost_center_v2 - INFO - [RESPONSE PAYLOAD]
{
  "id": "2769a333-0163-449b-94bd-500b3af38a8a"
}
2026-02-01 09:08:33 - create_cost_center_v2 - INFO -   ✓ Created: CC_HomePC_Account_193e1_ahv_0-251004-124139_key1_ANBF3_ahv_0-251004-124139_value1_1_ANBF3_377027
2026-02-01 09:08:33 - create_cost_center_v2 - INFO - [API REQUEST] POST https://ncm.services.nconprem-10-53-60-173.ccpnx.com/v1/cg/global/costCenter
2026-02-01 09:08:33 - create_cost_center_v2 - INFO - [REQUEST DATA PAYLOAD] {"name": "CC_HomePC_Account_14617_ahv_0-251004-124139_key1_ANBF3_ahv_0-251004-124139_value1_1_ANBF3_377027", "definitions": [{"provider": "nx", "parentAccount": "6d915317-d32b-4093-a6fa-b225f59a7522", "filters": {"childAccounts": ["00063fff-3b65-3df9-6bee-7cc255814617"], "tags": [{"keys": ["nx:ahv_0-251004-124139_key1_ANBF3"], "values": ["ahv_0-251004-124139_value1_1_ANBF3"], "operator": "in"}, {"keys": ["nx:ahv_0-251004-112524_key1_FxJNZ"], "values": ["ahv_0-251004-112524_value1_10_FxJNZ"], "operator": "notIn"}, {"keys": ["nx:ahv_0-251004-112618_key1_7aFgy"], "values": ["ahv_0-251004-112618_value1_1_7aFgy"], "operator": "notIn"}, {"keys": ["nx:ahv_0-251004-112557_key1_jW5Pe"], "values": ["ahv_0-251004-112557_value1_10_jW5Pe"], "operator": "notIn"}, {"keys": ["nx:ahv_0-251004-112538_key1_8T3pf"], "values": ["ahv_0-251004-112538_value1_10_8T3pf"], "operator": "notIn"}, {"keys": ["nx:ahv_0-251004-112454_key1_P1FyH"], "values": ["ahv_0-251004-112454_value1_1_P1FyH"], "operator": "notIn"},... (truncated)
2026-02-01 09:08:33 - create_cost_center_v2 - INFO - [API RESPONSE] POST https://ncm.services.nconprem-10-53-60-173.ccpnx.com/v1/cg/global/costCenter
2026-02-01 09:08:33 - create_cost_center_v2 - INFO - [STATUS CODE] 200
2026-02-01 09:08:33 - create_cost_center_v2 - INFO - [TIME TAKEN] 0.7252 seconds (725.15 ms)
2026-02-01 09:08:33 - create_cost_center_v2 - INFO - [RESPONSE CONTENT-TYPE] application/json
2026-02-01 09:08:33 - create_cost_center_v2 - INFO - [RESPONSE PAYLOAD]
{
  "id": "b407b978-de4b-42f9-a0d6-a74f9808a8ba"
}
2026-02-01 09:08:33 - create_cost_center_v2 - INFO -   ✓ Created: CC_HomePC_Account_14617_ahv_0-251004-124139_key1_ANBF3_ahv_0-251004-124139_value1_1_ANBF3_377027
2026-02-01 09:08:33 - create_cost_center_v2 - INFO - [API REQUEST] GET https://ncm.services.nconprem-10-53-60-173.ccpnx.com/v1/cg/nx/analysis/dimensions/values?resourceGroupIds=6d915317-d32b-4093-a6fa-b225f59a7522&dimensions=tag.nx%253Aahv_0-251004-124155_key1_AFmGW&resourceGroupType=billingAccount
2026-02-01 09:08:34 - create_cost_center_v2 - INFO - [API RESPONSE] GET https://ncm.services.nconprem-10-53-60-173.ccpnx.com/v1/cg/nx/analysis/dimensions/values?resourceGroupIds=6d915317-d32b-4093-a6fa-b225f59a7522&dimensions=tag.nx%253Aahv_0-251004-124155_key1_AFmGW&resourceGroupType=billingAccount
2026-02-01 09:08:34 - create_cost_center_v2 - INFO - [STATUS CODE] 200
2026-02-01 09:08:34 - create_cost_center_v2 - INFO - [TIME TAKEN] 0.5905 seconds (590.45 ms)
2026-02-01 09:08:34 - create_cost_center_v2 - INFO - [RESPONSE CONTENT-TYPE] application/json
2026-02-01 09:08:34 - create_cost_center_v2 - INFO - [RESPONSE PAYLOAD]
{
  "nx:ahv_0-251004-124155_key1_AFmGW": [
    "ahv_0-251004-124155_value1_3_AFmGW",
    "ahv_0-251004-124155_value1_4_AFmGW"
  ]
}
2026-02-01 09:08:34 - create_cost_center_v2 - INFO - [API REQUEST] POST https://ncm.services.nconprem-10-53-60-173.ccpnx.com/v1/cg/global/costCenter
2026-02-01 09:08:34 - create_cost_center_v2 - INFO - [REQUEST DATA PAYLOAD] {"name": "CC_HomePC_Account_0e846_ahv_0-251004-124155_key1_AFmGW_ahv_0-251004-124155_value1_3_AFmGW_377027", "definitions": [{"provider": "nx", "parentAccount": "6d915317-d32b-4093-a6fa-b225f59a7522", "filters": {"childAccounts": ["00063ffe-e22c-90bf-45a6-7cc25530e846"], "tags": [{"keys": ["nx:ahv_0-251004-124155_key1_AFmGW"], "values": ["ahv_0-251004-124155_value1_3_AFmGW"], "operator": "in"}, {"keys": ["nx:ahv_0-251004-112524_key1_FxJNZ"], "values": ["ahv_0-251004-112524_value1_10_FxJNZ"], "operator": "notIn"}, {"keys": ["nx:ahv_0-251004-112618_key1_7aFgy"], "values": ["ahv_0-251004-112618_value1_1_7aFgy"], "operator": "notIn"}, {"keys": ["nx:ahv_0-251004-112557_key1_jW5Pe"], "values": ["ahv_0-251004-112557_value1_10_jW5Pe"], "operator": "notIn"}, {"keys": ["nx:ahv_0-251004-112538_key1_8T3pf"], "values": ["ahv_0-251004-112538_value1_10_8T3pf"], "operator": "notIn"}, {"keys": ["nx:ahv_0-251004-112454_key1_P1FyH"], "values": ["ahv_0-251004-112454_value1_1_P1FyH"], "operator": "notIn"},... (truncated)
2026-02-01 09:08:34 - create_cost_center_v2 - INFO - [API RESPONSE] POST https://ncm.services.nconprem-10-53-60-173.ccpnx.com/v1/cg/global/costCenter
2026-02-01 09:08:34 - create_cost_center_v2 - INFO - [STATUS CODE] 200
2026-02-01 09:08:34 - create_cost_center_v2 - INFO - [TIME TAKEN] 0.4032 seconds (403.25 ms)
2026-02-01 09:08:34 - create_cost_center_v2 - INFO - [RESPONSE CONTENT-TYPE] application/json
2026-02-01 09:08:34 - create_cost_center_v2 - INFO - [RESPONSE PAYLOAD]
{
  "id": "4dfdc104-4b8a-4454-a398-8f5b2f20a6e3"
}
2026-02-01 09:08:34 - create_cost_center_v2 - INFO -   ✓ Created: CC_HomePC_Account_0e846_ahv_0-251004-124155_key1_AFmGW_ahv_0-251004-124155_value1_3_AFmGW_377027
2026-02-01 09:08:34 - create_cost_center_v2 - INFO - [API REQUEST] POST https://ncm.services.nconprem-10-53-60-173.ccpnx.com/v1/cg/global/costCenter
2026-02-01 09:08:34 - create_cost_center_v2 - INFO - [REQUEST DATA PAYLOAD] {"name": "CC_HomePC_Account_193e1_ahv_0-251004-124155_key1_AFmGW_ahv_0-251004-124155_value1_3_AFmGW_377027", "definitions": [{"provider": "nx", "parentAccount": "6d915317-d32b-4093-a6fa-b225f59a7522", "filters": {"childAccounts": ["00064002-1290-400a-0000-0000000193e1"], "tags": [{"keys": ["nx:ahv_0-251004-124155_key1_AFmGW"], "values": ["ahv_0-251004-124155_value1_3_AFmGW"], "operator": "in"}, {"keys": ["nx:ahv_0-251004-112524_key1_FxJNZ"], "values": ["ahv_0-251004-112524_value1_10_FxJNZ"], "operator": "notIn"}, {"keys": ["nx:ahv_0-251004-112618_key1_7aFgy"], "values": ["ahv_0-251004-112618_value1_1_7aFgy"], "operator": "notIn"}, {"keys": ["nx:ahv_0-251004-112557_key1_jW5Pe"], "values": ["ahv_0-251004-112557_value1_10_jW5Pe"], "operator": "notIn"}, {"keys": ["nx:ahv_0-251004-112538_key1_8T3pf"], "values": ["ahv_0-251004-112538_value1_10_8T3pf"], "operator": "notIn"}, {"keys": ["nx:ahv_0-251004-112454_key1_P1FyH"], "values": ["ahv_0-251004-112454_value1_1_P1FyH"], "operator": "notIn"},... (truncated)
2026-02-01 09:08:35 - create_cost_center_v2 - INFO - [API RESPONSE] POST https://ncm.services.nconprem-10-53-60-173.ccpnx.com/v1/cg/global/costCenter
2026-02-01 09:08:35 - create_cost_center_v2 - INFO - [STATUS CODE] 200
2026-02-01 09:08:35 - create_cost_center_v2 - INFO - [TIME TAKEN] 0.4490 seconds (449.00 ms)
2026-02-01 09:08:35 - create_cost_center_v2 - INFO - [RESPONSE CONTENT-TYPE] application/json
2026-02-01 09:08:35 - create_cost_center_v2 - INFO - [RESPONSE PAYLOAD]
{
  "id": "6cb6408e-27bd-4322-9f11-b61c68a56e6a"
}
2026-02-01 09:08:35 - create_cost_center_v2 - INFO -   ✓ Created: CC_HomePC_Account_193e1_ahv_0-251004-124155_key1_AFmGW_ahv_0-251004-124155_value1_3_AFmGW_377027
2026-02-01 09:08:35 - create_cost_center_v2 - INFO - [API REQUEST] POST https://ncm.services.nconprem-10-53-60-173.ccpnx.com/v1/cg/global/costCenter
2026-02-01 09:08:35 - create_cost_center_v2 - INFO - [REQUEST DATA PAYLOAD] {"name": "CC_HomePC_Account_14617_ahv_0-251004-124155_key1_AFmGW_ahv_0-251004-124155_value1_3_AFmGW_377027", "definitions": [{"provider": "nx", "parentAccount": "6d915317-d32b-4093-a6fa-b225f59a7522", "filters": {"childAccounts": ["00063fff-3b65-3df9-6bee-7cc255814617"], "tags": [{"keys": ["nx:ahv_0-251004-124155_key1_AFmGW"], "values": ["ahv_0-251004-124155_value1_3_AFmGW"], "operator": "in"}, {"keys": ["nx:ahv_0-251004-112524_key1_FxJNZ"], "values": ["ahv_0-251004-112524_value1_10_FxJNZ"], "operator": "notIn"}, {"keys": ["nx:ahv_0-251004-112618_key1_7aFgy"], "values": ["ahv_0-251004-112618_value1_1_7aFgy"], "operator": "notIn"}, {"keys": ["nx:ahv_0-251004-112557_key1_jW5Pe"], "values": ["ahv_0-251004-112557_value1_10_jW5Pe"], "operator": "notIn"}, {"keys": ["nx:ahv_0-251004-112538_key1_8T3pf"], "values": ["ahv_0-251004-112538_value1_10_8T3pf"], "operator": "notIn"}, {"keys": ["nx:ahv_0-251004-112454_key1_P1FyH"], "values": ["ahv_0-251004-112454_value1_1_P1FyH"], "operator": "notIn"},... (truncated)
2026-02-01 09:08:36 - create_cost_center_v2 - INFO - [API RESPONSE] POST https://ncm.services.nconprem-10-53-60-173.ccpnx.com/v1/cg/global/costCenter
2026-02-01 09:08:36 - create_cost_center_v2 - INFO - [STATUS CODE] 200
2026-02-01 09:08:36 - create_cost_center_v2 - INFO - [TIME TAKEN] 0.7506 seconds (750.61 ms)
2026-02-01 09:08:36 - create_cost_center_v2 - INFO - [RESPONSE CONTENT-TYPE] application/json
2026-02-01 09:08:36 - create_cost_center_v2 - INFO - [RESPONSE PAYLOAD]
{
  "id": "72d2af11-6a41-4208-bb41-aff92f9d864d"
}
2026-02-01 09:08:36 - create_cost_center_v2 - INFO -   ✓ Created: CC_HomePC_Account_14617_ahv_0-251004-124155_key1_AFmGW_ahv_0-251004-124155_value1_3_AFmGW_377027
2026-02-01 09:08:36 - create_cost_center_v2 - INFO - [API REQUEST] GET https://ncm.services.nconprem-10-53-60-173.ccpnx.com/v1/cg/nx/analysis/dimensions/values?resourceGroupIds=6d915317-d32b-4093-a6fa-b225f59a7522&dimensions=tag.nx%253Aahv_0-251004-124200_key1_URbmj&resourceGroupType=billingAccount
2026-02-01 09:08:36 - create_cost_center_v2 - INFO - [API RESPONSE] GET https://ncm.services.nconprem-10-53-60-173.ccpnx.com/v1/cg/nx/analysis/dimensions/values?resourceGroupIds=6d915317-d32b-4093-a6fa-b225f59a7522&dimensions=tag.nx%253Aahv_0-251004-124200_key1_URbmj&resourceGroupType=billingAccount
2026-02-01 09:08:36 - create_cost_center_v2 - INFO - [STATUS CODE] 200
2026-02-01 09:08:36 - create_cost_center_v2 - INFO - [TIME TAKEN] 0.2659 seconds (265.88 ms)
2026-02-01 09:08:36 - create_cost_center_v2 - INFO - [RESPONSE CONTENT-TYPE] application/json
2026-02-01 09:08:36 - create_cost_center_v2 - INFO - [RESPONSE PAYLOAD]
{
  "nx:ahv_0-251004-124200_key1_URbmj": [
    "ahv_0-251004-124200_value1_1_URbmj",
    "ahv_0-251004-124200_value1_3_URbmj",
    "ahv_0-251004-124200_value1_5_URbmj"
  ]
}
2026-02-01 09:08:36 - create_cost_center_v2 - INFO - [API REQUEST] POST https://ncm.services.nconprem-10-53-60-173.ccpnx.com/v1/cg/global/costCenter
2026-02-01 09:08:36 - create_cost_center_v2 - INFO - [REQUEST DATA PAYLOAD] {"name": "CC_HomePC_Account_0e846_ahv_0-251004-124200_key1_URbmj_ahv_0-251004-124200_value1_1_URbmj_377027", "definitions": [{"provider": "nx", "parentAccount": "6d915317-d32b-4093-a6fa-b225f59a7522", "filters": {"childAccounts": ["00063ffe-e22c-90bf-45a6-7cc25530e846"], "tags": [{"keys": ["nx:ahv_0-251004-124200_key1_URbmj"], "values": ["ahv_0-251004-124200_value1_1_URbmj"], "operator": "in"}, {"keys": ["nx:ahv_0-251004-112524_key1_FxJNZ"], "values": ["ahv_0-251004-112524_value1_10_FxJNZ"], "operator": "notIn"}, {"keys": ["nx:ahv_0-251004-112618_key1_7aFgy"], "values": ["ahv_0-251004-112618_value1_1_7aFgy"], "operator": "notIn"}, {"keys": ["nx:ahv_0-251004-112557_key1_jW5Pe"], "values": ["ahv_0-251004-112557_value1_10_jW5Pe"], "operator": "notIn"}, {"keys": ["nx:ahv_0-251004-112538_key1_8T3pf"], "values": ["ahv_0-251004-112538_value1_10_8T3pf"], "operator": "notIn"}, {"keys": ["nx:ahv_0-251004-112454_key1_P1FyH"], "values": ["ahv_0-251004-112454_value1_1_P1FyH"], "operator": "notIn"},... (truncated)
2026-02-01 09:08:36 - create_cost_center_v2 - INFO - [API RESPONSE] POST https://ncm.services.nconprem-10-53-60-173.ccpnx.com/v1/cg/global/costCenter
2026-02-01 09:08:36 - create_cost_center_v2 - INFO - [STATUS CODE] 200
2026-02-01 09:08:36 - create_cost_center_v2 - INFO - [TIME TAKEN] 0.4307 seconds (430.67 ms)
2026-02-01 09:08:36 - create_cost_center_v2 - INFO - [RESPONSE CONTENT-TYPE] application/json
2026-02-01 09:08:36 - create_cost_center_v2 - INFO - [RESPONSE PAYLOAD]
{
  "id": "ecec0f95-1498-47b4-9074-bf568b24554f"
}
2026-02-01 09:08:36 - create_cost_center_v2 - INFO -   ✓ Created: CC_HomePC_Account_0e846_ahv_0-251004-124200_key1_URbmj_ahv_0-251004-124200_value1_1_URbmj_377027
2026-02-01 09:08:36 - create_cost_center_v2 - INFO -   Reached CC limit per account (100)
2026-02-01 09:08:36 - create_cost_center_v2 - INFO -   Account summary: 100 cost centers created
2026-02-01 09:08:36 - create_cost_center_v2 - INFO - 
================================================================================
2026-02-01 09:08:36 - create_cost_center_v2 - INFO - SUMMARY
2026-02-01 09:08:36 - create_cost_center_v2 - INFO - ================================================================================
2026-02-01 09:08:36 - create_cost_center_v2 - INFO -   PCs processed:        1
2026-02-01 09:08:36 - create_cost_center_v2 - INFO -   Cost centers created: 100
2026-02-01 09:08:36 - create_cost_center_v2 - INFO -   Errors:               0
2026-02-01 09:08:36 - create_cost_center_v2 - INFO -   Tags skipped (used):  24
2026-02-01 09:08:36 - create_cost_center_v2 - INFO -   Total time:           70.76s (1.18 min)
2026-02-01 09:08:36 - create_cost_center_v2 - INFO - ================================================================================
2026-02-01 09:08:36 - create_cost_center_v2 - INFO - 
2026-02-01 09:08:36 - create_cost_center_v2 - INFO - ================================================================================================================================================================
2026-02-01 09:08:36 - create_cost_center_v2 - INFO - API METRICS CONSOLIDATED REPORT
2026-02-01 09:08:36 - create_cost_center_v2 - INFO - ================================================================================================================================================================
2026-02-01 09:08:36 - create_cost_center_v2 - INFO - Method   | Endpoint                                           |   Count |   Fail |    Min(ms) |    Max(ms) |    P90(ms) |    P95(ms) |    P98(ms)
2026-02-01 09:08:36 - create_cost_center_v2 - INFO - ----------------------------------------------------------------------------------------------------------------------------------------------------------------
2026-02-01 09:08:36 - create_cost_center_v2 - INFO - POST     | /v1/cg/global/costCenter                           |     100 |      - |     338.41 |    1147.40 |     698.10 |     856.56 |    1014.46
2026-02-01 09:08:36 - create_cost_center_v2 - INFO - GET      | /v1/cg/nx/analysis/dimensions/values               |      35 |      - |     230.50 |     894.85 |     497.96 |     590.45 |     894.85
2026-02-01 09:08:36 - create_cost_center_v2 - INFO - GET      | /v1/cg/global/chargeback/availableAccounts         |       1 |      - |     888.02 |     888.02 |     888.02 |     888.02 |     888.02
2026-02-01 09:08:36 - create_cost_center_v2 - INFO - POST     | /api/nutanix/v3/accounts/list                      |       1 |      - |    3981.92 |    3981.92 |    3981.92 |    3981.92 |    3981.92
2026-02-01 09:08:36 - create_cost_center_v2 - INFO - GET      | /v1/cg/global/chargeback/availableAccounts/usedT.. |       1 |      - |     374.86 |     374.86 |     374.86 |     374.86 |     374.86
2026-02-01 09:08:36 - create_cost_center_v2 - INFO - ----------------------------------------------------------------------------------------------------------------------------------------------------------------
2026-02-01 09:08:36 - create_cost_center_v2 - INFO - Total API Calls: 138 | Unique Endpoints: 5 | Total Failures (non-200/202): 0 | Exceptions: 0
2026-02-01 09:08:36 - create_cost_center_v2 - INFO - ================================================================================================================================================================
2026-02-01 09:08:36 - create_cost_center_v2 - INFO - 
2026-02-01 09:08:36 - create_cost_center_v2 - INFO - STATUS CODE BREAKDOWN:
2026-02-01 09:08:36 - create_cost_center_v2 - INFO - ----------------------------------------------------------------------------------------------------
2026-02-01 09:08:36 - create_cost_center_v2 - INFO - POST   /v1/cg/global/costCenter                   | 200: 100
2026-02-01 09:08:36 - create_cost_center_v2 - INFO - GET    /v1/cg/nx/analysis/dimensions/values       | 200: 35
2026-02-01 09:08:36 - create_cost_center_v2 - INFO - GET    /v1/cg/global/chargeback/availableAccoun.. | 200: 1
2026-02-01 09:08:36 - create_cost_center_v2 - INFO - POST   /api/nutanix/v3/accounts/list              | 200: 1
2026-02-01 09:08:36 - create_cost_center_v2 - INFO - GET    /v1/cg/global/chargeback/availableAccoun.. | 200: 1
2026-02-01 09:08:36 - create_cost_center_v2 - INFO - ================================================================================================================================================================
