2026-02-07 08:57:13 - create_budget - INFO - ================================================================================
2026-02-07 08:57:13 - create_budget - INFO - Script: create_budget
2026-02-07 08:57:13 - create_budget - INFO - Log file: /home/mohan.as1/mohan_helpers/cost_governnance/logs/create_budget_20260207_085713.log
2026-02-07 08:57:13 - create_budget - INFO - ================================================================================
2026-02-07 08:57:13 - create_budget - INFO - ================================================================================
2026-02-07 08:57:13 - create_budget - INFO - Starting Budget Creation Process
2026-02-07 08:57:13 - create_budget - INFO - ================================================================================
2026-02-07 08:57:13 - create_budget - INFO - Configuration:
2026-02-07 08:57:13 - create_budget - INFO -   - Base URL: https://ncm.services.nconprem-10-53-60-173.ccpnx.com
2026-02-07 08:57:13 - create_budget - INFO -   - Budget name prefix: budget_1
2026-02-07 08:57:13 - create_budget - INFO -   - Recipients per budget: 5
2026-02-07 08:57:13 - create_budget - INFO - ================================================================================
2026-02-07 08:57:13 - create_budget - INFO - Fetching resource groups...
2026-02-07 08:57:13 - create_budget - INFO - [API REQUEST] GET https://ncm.services.nconprem-10-53-60-173.ccpnx.com/v1/cg/global/budgets/listResourceGroups
2026-02-07 08:57:14 - create_budget - INFO - [API RESPONSE] GET https://ncm.services.nconprem-10-53-60-173.ccpnx.com/v1/cg/global/budgets/listResourceGroups
2026-02-07 08:57:14 - create_budget - INFO - [STATUS CODE] 200
2026-02-07 08:57:14 - create_budget - INFO - [TIME TAKEN] 1.0757 seconds (1075.67 ms)
2026-02-07 08:57:14 - create_budget - INFO - [RESPONSE CONTENT-TYPE] application/json
2026-02-07 08:57:14 - create_budget - INFO - [RESPONSE PAYLOAD]
{
  "data": [
    {
      "buId": "e12ae3c9-5d29-4e17-b6bc-8e80f1114d87",
      "buName": "iuhhyu",
      "alreadyBudgeted": false,
      "sessions": [
        2026,
        2027
      ],
      "ccUnits": [],
      "editable": true
    },
    {
      "buId": "341bfda5-1a0f-41e0-92e7-d8892b536584",
      "buName": "Business_Unit_1",
      "alreadyBudgeted": false,
      "sessions": [
        2026,
        2027
      ],
      "ccUnits": [
        {
          "ccId": "24ede76e-000e-4140-b34e-e174ad0c2f8a",
          "ccName": "CC_HomePC_Account_0e846_ADGroup_$Default_538825",
          "alreadyBudgeted": false,
          "sessions": [
            2026,
            2027
          ],
          "editable": true
        },
        {
          "ccId": "87521a54-77ea-42a3-8e85-f0a8502cb58f",
          "ccName": "CC_HomePC_Account_0e846_ahv_0-250930-142555-NameChanged_key1_7nbbX_ahv_0-250930-142555-NameChanged_value1_10_7nbbX_538825",
          "alreadyBudgeted": false,
          "sessions": [
            2026,
            2027
          ],
          "editable": true
        },
        {
          "ccId": "f3712666-49d6-4393-9873-0d9e5c3971ba",
          "ccName": "CC_HomePC_Account_0e846_ahv_0-250930-142555-NameChanged_key1_Dx2Sk_ahv_0-250930-142555-NameChanged_value1_1_Dx2Sk_538825",
          "alreadyBudgeted": true,
          "sessions": [],
          "editable": true
        },
        {
          "ccId": "ab5fd6cb-bc20-4366-8e2e-5dd372c65cac",
          "ccName": "CC_HomePC_Account_0e846_ahv_0-250930-142555-NameChanged_key1_fo4eW_ahv_0-250930-142555-NameChanged_value1_1_fo4eW_538825",
          "alreadyBudgeted": false,
          "sessions": [
            2026,
            2027
          ],
          "editable": true
        },
        {
          "ccId": "e2e584aa-8217-4e98-b55d-ae4e0925f730",
          "ccName": "CC_HomePC_Account_0e846_ahv_0-250930-142555-NameChanged_key1_gTvXL_ahv_0-250930-142555-NameChanged_value1_10_gTvXL_538825",
          "alreadyBudgeted": fals
... (truncated)
2026-02-07 08:57:14 - create_budget - INFO - Fetched 52 resource groups
2026-02-07 08:57:14 - create_budget - INFO - Fetching user list...
2026-02-07 08:57:14 - create_budget - INFO - [API REQUEST] GET https://ncm.services.nconprem-10-53-60-173.ccpnx.com/v1/cg/users/list
2026-02-07 08:57:14 - create_budget - INFO - [API RESPONSE] GET https://ncm.services.nconprem-10-53-60-173.ccpnx.com/v1/cg/users/list
2026-02-07 08:57:14 - create_budget - INFO - [STATUS CODE] 200
2026-02-07 08:57:14 - create_budget - INFO - [TIME TAKEN] 0.3871 seconds (387.11 ms)
2026-02-07 08:57:14 - create_budget - INFO - [RESPONSE CONTENT-TYPE] application/json
2026-02-07 08:57:14 - create_budget - INFO - [RESPONSE PAYLOAD]
{
  "users": [
    {
      "name": "sspuser1@systest.nutanix.com",
      "email": "sspuser1@systest.nutanix.com"
    }
  ]
}
2026-02-07 08:57:14 - create_budget - INFO - Fetched 1 users for recipients
2026-02-07 08:57:14 - create_budget - INFO - Planning to create: 51 BU budgets + 250 CC budgets = 301 total
2026-02-07 08:57:14 - create_budget - INFO - ================================================================================
2026-02-07 08:57:14 - create_budget - INFO - [1/301] Creating BU budget: budget_1_iuhhyu
2026-02-07 08:57:14 - create_budget - INFO - [API REQUEST] POST https://ncm.services.nconprem-10-53-60-173.ccpnx.com/v1/cg/global/budgets
2026-02-07 08:57:14 - create_budget - INFO - [REQUEST DATA PAYLOAD] {"budgetName": "budget_1_iuhhyu", "financialYearStartMonth": "5", "resourceGroups": {"businessUnit": ["e12ae3c9-5d29-4e17-b6bc-8e80f1114d87"]}, "systemEstimate": true, "budgetAlert": {"configuration": {"monthly": [{"thresholdPercent": 75, "isDisabled": false}], "quarterly": [{"thresholdPercent": 84, "isDisabled": false}], "yearly": [{"thresholdPercent": 94, "isDisabled": false}]}, "recipients": ["sspuser1@systest.nutanix.com"], "isDisabled": false}}
2026-02-07 08:57:15 - create_budget - INFO - [API RESPONSE] POST https://ncm.services.nconprem-10-53-60-173.ccpnx.com/v1/cg/global/budgets
2026-02-07 08:57:15 - create_budget - INFO - [STATUS CODE] 500
2026-02-07 08:57:15 - create_budget - INFO - [TIME TAKEN] 0.4192 seconds (419.19 ms)
2026-02-07 08:57:15 - create_budget - INFO - [RESPONSE CONTENT-TYPE] application/json
2026-02-07 08:57:15 - create_budget - INFO - [RESPONSE PAYLOAD]
{
  "errorCode": 990020,
  "errorMessage": "The system encountered an internal error. If the issue persists, please reach out to our support."
}
2026-02-07 08:57:15 - create_budget - ERROR - ✗ Failed to create budget 'budget_1_iuhhyu': HTTP 500 - {'errorCode': 990020, 'errorMessage': 'The system encountered an internal error. If the issue persists, please reach out to our support.'}
2026-02-07 08:57:15 - create_budget - INFO - [2/301] Creating BU budget: budget_1_Business_Unit_1
2026-02-07 08:57:15 - create_budget - INFO - [API REQUEST] POST https://ncm.services.nconprem-10-53-60-173.ccpnx.com/v1/cg/global/budgets
2026-02-07 08:57:15 - create_budget - INFO - [REQUEST DATA PAYLOAD] {"budgetName": "budget_1_Business_Unit_1", "financialYearStartMonth": "6", "resourceGroups": {"businessUnit": ["341bfda5-1a0f-41e0-92e7-d8892b536584"]}, "systemEstimate": true, "budgetAlert": {"configuration": {"monthly": [{"thresholdPercent": 68, "isDisabled": false}], "quarterly": [{"thresholdPercent": 75, "isDisabled": false}], "yearly": [{"thresholdPercent": 94, "isDisabled": false}]}, "recipients": ["sspuser1@systest.nutanix.com"], "isDisabled": false}}
2026-02-07 08:57:15 - create_budget - INFO - [API RESPONSE] POST https://ncm.services.nconprem-10-53-60-173.ccpnx.com/v1/cg/global/budgets
2026-02-07 08:57:15 - create_budget - INFO - [STATUS CODE] 500
2026-02-07 08:57:15 - create_budget - INFO - [TIME TAKEN] 0.4636 seconds (463.55 ms)
2026-02-07 08:57:15 - create_budget - INFO - [RESPONSE CONTENT-TYPE] application/json
2026-02-07 08:57:15 - create_budget - INFO - [RESPONSE PAYLOAD]
{
  "errorCode": 990020,
  "errorMessage": "The system encountered an internal error. If the issue persists, please reach out to our support."
}
2026-02-07 08:57:15 - create_budget - ERROR - ✗ Failed to create budget 'budget_1_Business_Unit_1': HTTP 500 - {'errorCode': 990020, 'errorMessage': 'The system encountered an internal error. If the issue persists, please reach out to our support.'}
2026-02-07 08:57:15 - create_budget - INFO - [3/301] Creating CC budget: budget_1_CC_HomePC_Account_0e846_ADGroup_$Default_538825
2026-02-07 08:57:15 - create_budget - INFO - [API REQUEST] POST https://ncm.services.nconprem-10-53-60-173.ccpnx.com/v1/cg/global/budgets
2026-02-07 08:57:15 - create_budget - INFO - [REQUEST DATA PAYLOAD] {"budgetName": "budget_1_CC_HomePC_Account_0e846_ADGroup_$Default_538825", "financialYearStartMonth": "5", "resourceGroups": {"costCenters": ["24ede76e-000e-4140-b34e-e174ad0c2f8a"]}, "systemEstimate": true, "budgetAlert": {"configuration": {"monthly": [{"thresholdPercent": 70, "isDisabled": false}], "quarterly": [{"thresholdPercent": 80, "isDisabled": false}], "yearly": [{"thresholdPercent": 94, "isDisabled": false}]}, "recipients": ["sspuser1@systest.nutanix.com"], "isDisabled": false}}
2026-02-07 08:57:16 - create_budget - INFO - [API RESPONSE] POST https://ncm.services.nconprem-10-53-60-173.ccpnx.com/v1/cg/global/budgets
2026-02-07 08:57:16 - create_budget - INFO - [STATUS CODE] 400
2026-02-07 08:57:16 - create_budget - INFO - [TIME TAKEN] 0.5420 seconds (542.01 ms)
2026-02-07 08:57:16 - create_budget - INFO - [RESPONSE CONTENT-TYPE] application/json
2026-02-07 08:57:16 - create_budget - INFO - [RESPONSE PAYLOAD]
{
  "errorCode": 990016,
  "errorMessage": "Budget Already exists for the given session or Budget overlaps with an Expired Budget of same resource group"
}
2026-02-07 08:57:16 - create_budget - ERROR - ✗ Failed to create budget 'budget_1_CC_HomePC_Account_0e846_ADGroup_$Default_538825': HTTP 400 - {'errorCode': 990016, 'errorMessage': 'Budget Already exists for the given session or Budget overlaps with an Expired Budget of same resource group'}
2026-02-07 08:57:16 - create_budget - INFO - [4/301] Creating CC budget: budget_1_CC_HomePC_Account_0e846_ahv_0-250930-142555-NameChanged_key1_7nbbX_ahv_0-250930-142555-NameChanged_value1_10_7nbbX_538825
2026-02-07 08:57:16 - create_budget - INFO - [API REQUEST] POST https://ncm.services.nconprem-10-53-60-173.ccpnx.com/v1/cg/global/budgets
2026-02-07 08:57:16 - create_budget - INFO - [REQUEST DATA PAYLOAD] {"budgetName": "budget_1_CC_HomePC_Account_0e846_ahv_0-250930-142555-NameChanged_key1_7nbbX_ahv_0-250930-142555-NameChanged_value1_10_7nbbX_538825", "financialYearStartMonth": "8", "resourceGroups": {"costCenters": ["87521a54-77ea-42a3-8e85-f0a8502cb58f"]}, "systemEstimate": true, "budgetAlert": {"configuration": {"monthly": [{"thresholdPercent": 66, "isDisabled": false}], "quarterly": [{"thresholdPercent": 79, "isDisabled": false}], "yearly": [{"thresholdPercent": 88, "isDisabled": false}]}, "recipients": ["sspuser1@systest.nutanix.com"], "isDisabled": false}}
2026-02-07 08:57:17 - create_budget - INFO - [API RESPONSE] POST https://ncm.services.nconprem-10-53-60-173.ccpnx.com/v1/cg/global/budgets
2026-02-07 08:57:17 - create_budget - INFO - [STATUS CODE] 400
2026-02-07 08:57:17 - create_budget - INFO - [TIME TAKEN] 0.8312 seconds (831.24 ms)
2026-02-07 08:57:17 - create_budget - INFO - [RESPONSE CONTENT-TYPE] application/json
2026-02-07 08:57:17 - create_budget - INFO - [RESPONSE PAYLOAD]
{
  "errorCode": 990016,
  "errorMessage": "Budget Already exists for the given session or Budget overlaps with an Expired Budget of same resource group"
}
2026-02-07 08:57:17 - create_budget - ERROR - ✗ Failed to create budget 'budget_1_CC_HomePC_Account_0e846_ahv_0-250930-142555-NameChanged_key1_7nbbX_ahv_0-250930-142555-NameChanged_value1_10_7nbbX_538825': HTTP 400 - {'errorCode': 990016, 'errorMessage': 'Budget Already exists for the given session or Budget overlaps with an Expired Budget of same resource group'}
2026-02-07 08:57:17 - create_budget - INFO - [5/301] Creating CC budget: budget_1_CC_HomePC_Account_0e846_ahv_0-250930-142555-NameChanged_key1_Dx2Sk_ahv_0-250930-142555-NameChanged_value1_1_Dx2Sk_538825
2026-02-07 08:57:17 - create_budget - INFO - [API REQUEST] POST https://ncm.services.nconprem-10-53-60-173.ccpnx.com/v1/cg/global/budgets
2026-02-07 08:57:17 - create_budget - INFO - [REQUEST DATA PAYLOAD] {"budgetName": "budget_1_CC_HomePC_Account_0e846_ahv_0-250930-142555-NameChanged_key1_Dx2Sk_ahv_0-250930-142555-NameChanged_value1_1_Dx2Sk_538825", "financialYearStartMonth": "4", "resourceGroups": {"costCenters": ["f3712666-49d6-4393-9873-0d9e5c3971ba"]}, "systemEstimate": true, "budgetAlert": {"configuration": {"monthly": [{"thresholdPercent": 70, "isDisabled": false}], "quarterly": [{"thresholdPercent": 81, "isDisabled": false}], "yearly": [{"thresholdPercent": 89, "isDisabled": false}]}, "recipients": ["sspuser1@systest.nutanix.com"], "isDisabled": false}}
2026-02-07 08:57:17 - create_budget - INFO - [API RESPONSE] POST https://ncm.services.nconprem-10-53-60-173.ccpnx.com/v1/cg/global/budgets
2026-02-07 08:57:17 - create_budget - INFO - [STATUS CODE] 400
2026-02-07 08:57:17 - create_budget - INFO - [TIME TAKEN] 0.4079 seconds (407.92 ms)
2026-02-07 08:57:17 - create_budget - INFO - [RESPONSE CONTENT-TYPE] application/json
2026-02-07 08:57:17 - create_budget - INFO - [RESPONSE PAYLOAD]
{
  "errorCode": 990016,
  "errorMessage": "Budget Already exists for the given session or Budget overlaps with an Expired Budget of same resource group"
}
2026-02-07 08:57:17 - create_budget - ERROR - ✗ Failed to create budget 'budget_1_CC_HomePC_Account_0e846_ahv_0-250930-142555-NameChanged_key1_Dx2Sk_ahv_0-250930-142555-NameChanged_value1_1_Dx2Sk_538825': HTTP 400 - {'errorCode': 990016, 'errorMessage': 'Budget Already exists for the given session or Budget overlaps with an Expired Budget of same resource group'}
2026-02-07 08:57:17 - create_budget - INFO - [6/301] Creating CC budget: budget_1_CC_HomePC_Account_0e846_ahv_0-250930-142555-NameChanged_key1_fo4eW_ahv_0-250930-142555-NameChanged_value1_1_fo4eW_538825
2026-02-07 08:57:17 - create_budget - INFO - [API REQUEST] POST https://ncm.services.nconprem-10-53-60-173.ccpnx.com/v1/cg/global/budgets
2026-02-07 08:57:17 - create_budget - INFO - [REQUEST DATA PAYLOAD] {"budgetName": "budget_1_CC_HomePC_Account_0e846_ahv_0-250930-142555-NameChanged_key1_fo4eW_ahv_0-250930-142555-NameChanged_value1_1_fo4eW_538825", "financialYearStartMonth": "10", "resourceGroups": {"costCenters": ["ab5fd6cb-bc20-4366-8e2e-5dd372c65cac"]}, "systemEstimate": true, "budgetAlert": {"configuration": {"monthly": [{"thresholdPercent": 72, "isDisabled": false}], "quarterly": [{"thresholdPercent": 77, "isDisabled": false}], "yearly": [{"thresholdPercent": 88, "isDisabled": false}]}, "recipients": ["sspuser1@systest.nutanix.com"], "isDisabled": false}}
2026-02-07 08:57:17 - create_budget - INFO - [API RESPONSE] POST https://ncm.services.nconprem-10-53-60-173.ccpnx.com/v1/cg/global/budgets
2026-02-07 08:57:17 - create_budget - INFO - [STATUS CODE] 400
2026-02-07 08:57:17 - create_budget - INFO - [TIME TAKEN] 0.3093 seconds (309.25 ms)
2026-02-07 08:57:17 - create_budget - INFO - [RESPONSE CONTENT-TYPE] application/json
2026-02-07 08:57:17 - create_budget - INFO - [RESPONSE PAYLOAD]
{
  "errorCode": 990016,
  "errorMessage": "Budget Already exists for the given session or Budget overlaps with an Expired Budget of same resource group"
}
2026-02-07 08:57:17 - create_budget - ERROR - ✗ Failed to create budget 'budget_1_CC_HomePC_Account_0e846_ahv_0-250930-142555-NameChanged_key1_fo4eW_ahv_0-250930-142555-NameChanged_value1_1_fo4eW_538825': HTTP 400 - {'errorCode': 990016, 'errorMessage': 'Budget Already exists for the given session or Budget overlaps with an Expired Budget of same resource group'}
2026-02-07 08:57:17 - create_budget - INFO - [7/301] Creating CC budget: budget_1_CC_HomePC_Account_0e846_ahv_0-250930-142555-NameChanged_key1_gTvXL_ahv_0-250930-142555-NameChanged_value1_10_gTvXL_538825
2026-02-07 08:57:17 - create_budget - INFO - [API REQUEST] POST https://ncm.services.nconprem-10-53-60-173.ccpnx.com/v1/cg/global/budgets
2026-02-07 08:57:17 - create_budget - INFO - [REQUEST DATA PAYLOAD] {"budgetName": "budget_1_CC_HomePC_Account_0e846_ahv_0-250930-142555-NameChanged_key1_gTvXL_ahv_0-250930-142555-NameChanged_value1_10_gTvXL_538825", "financialYearStartMonth": "1", "resourceGroups": {"costCenters": ["e2e584aa-8217-4e98-b55d-ae4e0925f730"]}, "systemEstimate": true, "budgetAlert": {"configuration": {"monthly": [{"thresholdPercent": 65, "isDisabled": false}], "quarterly": [{"thresholdPercent": 80, "isDisabled": false}], "yearly": [{"thresholdPercent": 85, "isDisabled": false}]}, "recipients": ["sspuser1@systest.nutanix.com"], "isDisabled": false}}
2026-02-07 08:57:18 - create_budget - INFO - [API RESPONSE] POST https://ncm.services.nconprem-10-53-60-173.ccpnx.com/v1/cg/global/budgets
2026-02-07 08:57:18 - create_budget - INFO - [STATUS CODE] 400
2026-02-07 08:57:18 - create_budget - INFO - [TIME TAKEN] 0.3841 seconds (384.11 ms)
2026-02-07 08:57:18 - create_budget - INFO - [RESPONSE CONTENT-TYPE] application/json
2026-02-07 08:57:18 - create_budget - INFO - [RESPONSE PAYLOAD]
{
  "errorCode": 990016,
  "errorMessage": "Budget Already exists for the given session or Budget overlaps with an Expired Budget of same resource group"
}
2026-02-07 08:57:18 - create_budget - ERROR - ✗ Failed to create budget 'budget_1_CC_HomePC_Account_0e846_ahv_0-250930-142555-NameChanged_key1_gTvXL_ahv_0-250930-142555-NameChanged_value1_10_gTvXL_538825': HTTP 400 - {'errorCode': 990016, 'errorMessage': 'Budget Already exists for the given session or Budget overlaps with an Expired Budget of same resource group'}
2026-02-07 08:57:18 - create_budget - INFO - [8/301] Creating BU budget: budget_1_Business_Unit_2
2026-02-07 08:57:18 - create_budget - INFO - [API REQUEST] POST https://ncm.services.nconprem-10-53-60-173.ccpnx.com/v1/cg/global/budgets
2026-02-07 08:57:18 - create_budget - INFO - [REQUEST DATA PAYLOAD] {"budgetName": "budget_1_Business_Unit_2", "financialYearStartMonth": "2", "resourceGroups": {"businessUnit": ["e8a34ef2-efd3-4d84-b713-c8d54f8965a1"]}, "systemEstimate": true, "budgetAlert": {"configuration": {"monthly": [{"thresholdPercent": 73, "isDisabled": false}], "quarterly": [{"thresholdPercent": 80, "isDisabled": false}], "yearly": [{"thresholdPercent": 87, "isDisabled": false}]}, "recipients": ["sspuser1@systest.nutanix.com"], "isDisabled": false}}
2026-02-07 08:57:18 - create_budget - INFO - [API RESPONSE] POST https://ncm.services.nconprem-10-53-60-173.ccpnx.com/v1/cg/global/budgets
2026-02-07 08:57:18 - create_budget - INFO - [STATUS CODE] 500
2026-02-07 08:57:18 - create_budget - INFO - [TIME TAKEN] 0.4225 seconds (422.55 ms)
2026-02-07 08:57:18 - create_budget - INFO - [RESPONSE CONTENT-TYPE] application/json
2026-02-07 08:57:18 - create_budget - INFO - [RESPONSE PAYLOAD]
{
  "errorCode": 990020,
  "errorMessage": "The system encountered an internal error. If the issue persists, please reach out to our support."
}
2026-02-07 08:57:18 - create_budget - ERROR - ✗ Failed to create budget 'budget_1_Business_Unit_2': HTTP 500 - {'errorCode': 990020, 'errorMessage': 'The system encountered an internal error. If the issue persists, please reach out to our support.'}
2026-02-07 08:57:18 - create_budget - INFO - [9/301] Creating CC budget: budget_1_CC_HomePC_Account_0e846_ahv_0-250930-142939_key1_twjx2_ahv_0-250930-142939_value1_1_twjx2_538825
2026-02-07 08:57:18 - create_budget - INFO - [API REQUEST] POST https://ncm.services.nconprem-10-53-60-173.ccpnx.com/v1/cg/global/budgets
2026-02-07 08:57:18 - create_budget - INFO - [REQUEST DATA PAYLOAD] {"budgetName": "budget_1_CC_HomePC_Account_0e846_ahv_0-250930-142939_key1_twjx2_ahv_0-250930-142939_value1_1_twjx2_538825", "financialYearStartMonth": "6", "resourceGroups": {"costCenters": ["0180d484-4d60-4ea0-a9f2-9181321d7887"]}, "systemEstimate": true, "budgetAlert": {"configuration": {"monthly": [{"thresholdPercent": 67, "isDisabled": false}], "quarterly": [{"thresholdPercent": 77, "isDisabled": false}], "yearly": [{"thresholdPercent": 94, "isDisabled": false}]}, "recipients": ["sspuser1@systest.nutanix.com"], "isDisabled": false}}
2026-02-07 08:57:19 - create_budget - INFO - [API RESPONSE] POST https://ncm.services.nconprem-10-53-60-173.ccpnx.com/v1/cg/global/budgets
2026-02-07 08:57:19 - create_budget - INFO - [STATUS CODE] 400
2026-02-07 08:57:19 - create_budget - INFO - [TIME TAKEN] 0.3516 seconds (351.57 ms)
2026-02-07 08:57:19 - create_budget - INFO - [RESPONSE CONTENT-TYPE] application/json
2026-02-07 08:57:19 - create_budget - INFO - [RESPONSE PAYLOAD]
{
  "errorCode": 990016,
  "errorMessage": "Budget Already exists for the given session or Budget overlaps with an Expired Budget of same resource group"
}
2026-02-07 08:57:19 - create_budget - ERROR - ✗ Failed to create budget 'budget_1_CC_HomePC_Account_0e846_ahv_0-250930-142939_key1_twjx2_ahv_0-250930-142939_value1_1_twjx2_538825': HTTP 400 - {'errorCode': 990016, 'errorMessage': 'Budget Already exists for the given session or Budget overlaps with an Expired Budget of same resource group'}
2026-02-07 08:57:19 - create_budget - INFO - [10/301] Creating CC budget: budget_1_CC_HomePC_Account_0e846_ahv_0-251002-230901_key1_ZMC08_ahv_0-251002-230901_value1_1_ZMC08_538825
2026-02-07 08:57:19 - create_budget - INFO - [API REQUEST] POST https://ncm.services.nconprem-10-53-60-173.ccpnx.com/v1/cg/global/budgets
2026-02-07 08:57:19 - create_budget - INFO - [REQUEST DATA PAYLOAD] {"budgetName": "budget_1_CC_HomePC_Account_0e846_ahv_0-251002-230901_key1_ZMC08_ahv_0-251002-230901_value1_1_ZMC08_538825", "financialYearStartMonth": "6", "resourceGroups": {"costCenters": ["4ace8827-057c-4ecf-b032-5f116e3c155f"]}, "systemEstimate": true, "budgetAlert": {"configuration": {"monthly": [{"thresholdPercent": 70, "isDisabled": false}], "quarterly": [{"thresholdPercent": 77, "isDisabled": false}], "yearly": [{"thresholdPercent": 86, "isDisabled": false}]}, "recipients": ["sspuser1@systest.nutanix.com"], "isDisabled": false}}
2026-02-07 08:57:19 - create_budget - INFO - [API RESPONSE] POST https://ncm.services.nconprem-10-53-60-173.ccpnx.com/v1/cg/global/budgets
2026-02-07 08:57:19 - create_budget - INFO - [STATUS CODE] 400
2026-02-07 08:57:19 - create_budget - INFO - [TIME TAKEN] 0.3806 seconds (380.59 ms)
2026-02-07 08:57:19 - create_budget - INFO - [RESPONSE CONTENT-TYPE] application/json
2026-02-07 08:57:19 - create_budget - INFO - [RESPONSE PAYLOAD]
{
  "errorCode": 990016,
  "errorMessage": "Budget Already exists for the given session or Budget overlaps with an Expired Budget of same resource group"
}
2026-02-07 08:57:19 - create_budget - ERROR - ✗ Failed to create budget 'budget_1_CC_HomePC_Account_0e846_ahv_0-251002-230901_key1_ZMC08_ahv_0-251002-230901_value1_1_ZMC08_538825': HTTP 400 - {'errorCode': 990016, 'errorMessage': 'Budget Already exists for the given session or Budget overlaps with an Expired Budget of same resource group'}
2026-02-07 08:57:19 - create_budget - INFO - [11/301] Creating CC budget: budget_1_CC_HomePC_Account_0e846_ahv_0-250930-203852_key1_j0ZEM_ahv_0-250930-203852_value1_1_j0ZEM_538825
2026-02-07 08:57:19 - create_budget - INFO - [API REQUEST] POST https://ncm.services.nconprem-10-53-60-173.ccpnx.com/v1/cg/global/budgets
2026-02-07 08:57:19 - create_budget - INFO - [REQUEST DATA PAYLOAD] {"budgetName": "budget_1_CC_HomePC_Account_0e846_ahv_0-250930-203852_key1_j0ZEM_ahv_0-250930-203852_value1_1_j0ZEM_538825", "financialYearStartMonth": "3", "resourceGroups": {"costCenters": ["24dd1534-fae0-4186-a1d9-77c855de99de"]}, "systemEstimate": true, "budgetAlert": {"configuration": {"monthly": [{"thresholdPercent": 70, "isDisabled": false}], "quarterly": [{"thresholdPercent": 85, "isDisabled": false}], "yearly": [{"thresholdPercent": 93, "isDisabled": false}]}, "recipients": ["sspuser1@systest.nutanix.com"], "isDisabled": false}}
2026-02-07 08:57:19 - create_budget - INFO - [API RESPONSE] POST https://ncm.services.nconprem-10-53-60-173.ccpnx.com/v1/cg/global/budgets
2026-02-07 08:57:19 - create_budget - INFO - [STATUS CODE] 400
2026-02-07 08:57:19 - create_budget - INFO - [TIME TAKEN] 0.3343 seconds (334.33 ms)
2026-02-07 08:57:19 - create_budget - INFO - [RESPONSE CONTENT-TYPE] application/json
2026-02-07 08:57:19 - create_budget - INFO - [RESPONSE PAYLOAD]
{
  "errorCode": 990016,
  "errorMessage": "Budget Already exists for the given session or Budget overlaps with an Expired Budget of same resource group"
}
2026-02-07 08:57:19 - create_budget - ERROR - ✗ Failed to create budget 'budget_1_CC_HomePC_Account_0e846_ahv_0-250930-203852_key1_j0ZEM_ahv_0-250930-203852_value1_1_j0ZEM_538825': HTTP 400 - {'errorCode': 990016, 'errorMessage': 'Budget Already exists for the given session or Budget overlaps with an Expired Budget of same resource group'}
2026-02-07 08:57:19 - create_budget - INFO - [12/301] Creating CC budget: budget_1_CC_HomePC_Account_0e846_ahv_0-251004-104419_key1_GA5E4_ahv_0-251004-104419_value1_1_GA5E4_538825
2026-02-07 08:57:19 - create_budget - INFO - [API REQUEST] POST https://ncm.services.nconprem-10-53-60-173.ccpnx.com/v1/cg/global/budgets
2026-02-07 08:57:19 - create_budget - INFO - [REQUEST DATA PAYLOAD] {"budgetName": "budget_1_CC_HomePC_Account_0e846_ahv_0-251004-104419_key1_GA5E4_ahv_0-251004-104419_value1_1_GA5E4_538825", "financialYearStartMonth": "6", "resourceGroups": {"costCenters": ["44d630eb-f191-4005-b80f-ca9da0026f87"]}, "systemEstimate": true, "budgetAlert": {"configuration": {"monthly": [{"thresholdPercent": 65, "isDisabled": false}], "quarterly": [{"thresholdPercent": 83, "isDisabled": false}], "yearly": [{"thresholdPercent": 87, "isDisabled": false}]}, "recipients": ["sspuser1@systest.nutanix.com"], "isDisabled": false}}
2026-02-07 08:57:20 - create_budget - INFO - [API RESPONSE] POST https://ncm.services.nconprem-10-53-60-173.ccpnx.com/v1/cg/global/budgets
2026-02-07 08:57:20 - create_budget - INFO - [STATUS CODE] 400
2026-02-07 08:57:20 - create_budget - INFO - [TIME TAKEN] 0.2463 seconds (246.29 ms)
2026-02-07 08:57:20 - create_budget - INFO - [RESPONSE CONTENT-TYPE] application/json
2026-02-07 08:57:20 - create_budget - INFO - [RESPONSE PAYLOAD]
{
  "errorCode": 990016,
  "errorMessage": "Budget Already exists for the given session or Budget overlaps with an Expired Budget of same resource group"
}
2026-02-07 08:57:20 - create_budget - ERROR - ✗ Failed to create budget 'budget_1_CC_HomePC_Account_0e846_ahv_0-251004-104419_key1_GA5E4_ahv_0-251004-104419_value1_1_GA5E4_538825': HTTP 400 - {'errorCode': 990016, 'errorMessage': 'Budget Already exists for the given session or Budget overlaps with an Expired Budget of same resource group'}
2026-02-07 08:57:20 - create_budget - INFO - [13/301] Creating CC budget: budget_1_CC_HomePC_Account_0e846_ahv_0-251003-055714_key1_zcZmD_ahv_0-251003-055714_value1_1_zcZmD_538825
2026-02-07 08:57:20 - create_budget - INFO - [API REQUEST] POST https://ncm.services.nconprem-10-53-60-173.ccpnx.com/v1/cg/global/budgets
2026-02-07 08:57:20 - create_budget - INFO - [REQUEST DATA PAYLOAD] {"budgetName": "budget_1_CC_HomePC_Account_0e846_ahv_0-251003-055714_key1_zcZmD_ahv_0-251003-055714_value1_1_zcZmD_538825", "financialYearStartMonth": "9", "resourceGroups": {"costCenters": ["0a342428-22c9-40f6-a6c6-799b03d6fc84"]}, "systemEstimate": true, "budgetAlert": {"configuration": {"monthly": [{"thresholdPercent": 65, "isDisabled": false}], "quarterly": [{"thresholdPercent": 75, "isDisabled": false}], "yearly": [{"thresholdPercent": 86, "isDisabled": false}]}, "recipients": ["sspuser1@systest.nutanix.com"], "isDisabled": false}}
2026-02-07 08:57:20 - create_budget - INFO - [API RESPONSE] POST https://ncm.services.nconprem-10-53-60-173.ccpnx.com/v1/cg/global/budgets
2026-02-07 08:57:20 - create_budget - INFO - [STATUS CODE] 400
2026-02-07 08:57:20 - create_budget - INFO - [TIME TAKEN] 0.2927 seconds (292.68 ms)
2026-02-07 08:57:20 - create_budget - INFO - [RESPONSE CONTENT-TYPE] application/json
2026-02-07 08:57:20 - create_budget - INFO - [RESPONSE PAYLOAD]
{
  "errorCode": 990016,
  "errorMessage": "Budget Already exists for the given session or Budget overlaps with an Expired Budget of same resource group"
}
2026-02-07 08:57:20 - create_budget - ERROR - ✗ Failed to create budget 'budget_1_CC_HomePC_Account_0e846_ahv_0-251003-055714_key1_zcZmD_ahv_0-251003-055714_value1_1_zcZmD_538825': HTTP 400 - {'errorCode': 990016, 'errorMessage': 'Budget Already exists for the given session or Budget overlaps with an Expired Budget of same resource group'}
2026-02-07 08:57:20 - create_budget - INFO - [14/301] Creating BU budget: budget_1_Business_Unit_3
2026-02-07 08:57:20 - create_budget - INFO - [API REQUEST] POST https://ncm.services.nconprem-10-53-60-173.ccpnx.com/v1/cg/global/budgets
2026-02-07 08:57:20 - create_budget - INFO - [REQUEST DATA PAYLOAD] {"budgetName": "budget_1_Business_Unit_3", "financialYearStartMonth": "7", "resourceGroups": {"businessUnit": ["edd0ad80-804e-4ab1-9f9e-9ab919e71529"]}, "systemEstimate": true, "budgetAlert": {"configuration": {"monthly": [{"thresholdPercent": 67, "isDisabled": false}], "quarterly": [{"thresholdPercent": 85, "isDisabled": false}], "yearly": [{"thresholdPercent": 94, "isDisabled": false}]}, "recipients": ["sspuser1@systest.nutanix.com"], "isDisabled": false}}
2026-02-07 08:57:20 - create_budget - INFO - [API RESPONSE] POST https://ncm.services.nconprem-10-53-60-173.ccpnx.com/v1/cg/global/budgets
2026-02-07 08:57:20 - create_budget - INFO - [STATUS CODE] 500
2026-02-07 08:57:20 - create_budget - INFO - [TIME TAKEN] 0.3910 seconds (390.98 ms)
2026-02-07 08:57:20 - create_budget - INFO - [RESPONSE CONTENT-TYPE] application/json
2026-02-07 08:57:20 - create_budget - INFO - [RESPONSE PAYLOAD]
{
  "errorCode": 990020,
  "errorMessage": "The system encountered an internal error. If the issue persists, please reach out to our support."
}
2026-02-07 08:57:20 - create_budget - ERROR - ✗ Failed to create budget 'budget_1_Business_Unit_3': HTTP 500 - {'errorCode': 990020, 'errorMessage': 'The system encountered an internal error. If the issue persists, please reach out to our support.'}
2026-02-07 08:57:20 - create_budget - INFO - [15/301] Creating CC budget: budget_1_CC_HomePC_Account_0e846_ahv_0-251004-112445_key1_7Juyt_ahv_0-251004-112445_value1_1_7Juyt_538825
2026-02-07 08:57:20 - create_budget - INFO - [API REQUEST] POST https://ncm.services.nconprem-10-53-60-173.ccpnx.com/v1/cg/global/budgets
2026-02-07 08:57:20 - create_budget - INFO - [REQUEST DATA PAYLOAD] {"budgetName": "budget_1_CC_HomePC_Account_0e846_ahv_0-251004-112445_key1_7Juyt_ahv_0-251004-112445_value1_1_7Juyt_538825", "financialYearStartMonth": "10", "resourceGroups": {"costCenters": ["bbe8a0e5-cb30-4592-adf4-d0e0e9bfaa9f"]}, "systemEstimate": true, "budgetAlert": {"configuration": {"monthly": [{"thresholdPercent": 66, "isDisabled": false}], "quarterly": [{"thresholdPercent": 79, "isDisabled": false}], "yearly": [{"thresholdPercent": 95, "isDisabled": false}]}, "recipients": ["sspuser1@systest.nutanix.com"], "isDisabled": false}}
2026-02-07 08:57:20 - create_budget - INFO - [API RESPONSE] POST https://ncm.services.nconprem-10-53-60-173.ccpnx.com/v1/cg/global/budgets
2026-02-07 08:57:20 - create_budget - INFO - [STATUS CODE] 400
2026-02-07 08:57:20 - create_budget - INFO - [TIME TAKEN] 0.2435 seconds (243.51 ms)
2026-02-07 08:57:20 - create_budget - INFO - [RESPONSE CONTENT-TYPE] application/json
2026-02-07 08:57:20 - create_budget - INFO - [RESPONSE PAYLOAD]
{
  "errorCode": 990016,
  "errorMessage": "Budget Already exists for the given session or Budget overlaps with an Expired Budget of same resource group"
}
2026-02-07 08:57:20 - create_budget - ERROR - ✗ Failed to create budget 'budget_1_CC_HomePC_Account_0e846_ahv_0-251004-112445_key1_7Juyt_ahv_0-251004-112445_value1_1_7Juyt_538825': HTTP 400 - {'errorCode': 990016, 'errorMessage': 'Budget Already exists for the given session or Budget overlaps with an Expired Budget of same resource group'}
2026-02-07 08:57:20 - create_budget - INFO - [16/301] Creating CC budget: budget_1_CC_HomePC_Account_0e846_ahv_0-251004-112437_key1_w3YcU_ahv_0-251004-112437_value1_1_w3YcU_377027
2026-02-07 08:57:20 - create_budget - INFO - [API REQUEST] POST https://ncm.services.nconprem-10-53-60-173.ccpnx.com/v1/cg/global/budgets
2026-02-07 08:57:20 - create_budget - INFO - [REQUEST DATA PAYLOAD] {"budgetName": "budget_1_CC_HomePC_Account_0e846_ahv_0-251004-112437_key1_w3YcU_ahv_0-251004-112437_value1_1_w3YcU_377027", "financialYearStartMonth": "8", "resourceGroups": {"costCenters": ["6bb41b99-9bf3-4040-ab6e-ab3173d70c5a"]}, "systemEstimate": true, "budgetAlert": {"configuration": {"monthly": [{"thresholdPercent": 70, "isDisabled": false}], "quarterly": [{"thresholdPercent": 79, "isDisabled": false}], "yearly": [{"thresholdPercent": 85, "isDisabled": false}]}, "recipients": ["sspuser1@systest.nutanix.com"], "isDisabled": false}}
2026-02-07 08:57:21 - create_budget - INFO - [API RESPONSE] POST https://ncm.services.nconprem-10-53-60-173.ccpnx.com/v1/cg/global/budgets
2026-02-07 08:57:21 - create_budget - INFO - [STATUS CODE] 400
2026-02-07 08:57:21 - create_budget - INFO - [TIME TAKEN] 0.2893 seconds (289.27 ms)
2026-02-07 08:57:21 - create_budget - INFO - [RESPONSE CONTENT-TYPE] application/json
2026-02-07 08:57:21 - create_budget - INFO - [RESPONSE PAYLOAD]
{
  "errorCode": 990016,
  "errorMessage": "Budget Already exists for the given session or Budget overlaps with an Expired Budget of same resource group"
}
2026-02-07 08:57:21 - create_budget - ERROR - ✗ Failed to create budget 'budget_1_CC_HomePC_Account_0e846_ahv_0-251004-112437_key1_w3YcU_ahv_0-251004-112437_value1_1_w3YcU_377027': HTTP 400 - {'errorCode': 990016, 'errorMessage': 'Budget Already exists for the given session or Budget overlaps with an Expired Budget of same resource group'}
2026-02-07 08:57:21 - create_budget - INFO - [17/301] Creating CC budget: budget_1_CC_HomePC_Account_0e846_ahv_0-251004-112453_key1_LWd5m_ahv_0-251004-112453_value1_1_LWd5m_377027
2026-02-07 08:57:21 - create_budget - INFO - [API REQUEST] POST https://ncm.services.nconprem-10-53-60-173.ccpnx.com/v1/cg/global/budgets
2026-02-07 08:57:21 - create_budget - INFO - [REQUEST DATA PAYLOAD] {"budgetName": "budget_1_CC_HomePC_Account_0e846_ahv_0-251004-112453_key1_LWd5m_ahv_0-251004-112453_value1_1_LWd5m_377027", "financialYearStartMonth": "8", "resourceGroups": {"costCenters": ["73bfb36f-4b34-434f-be73-f5d2cac393eb"]}, "systemEstimate": true, "budgetAlert": {"configuration": {"monthly": [{"thresholdPercent": 75, "isDisabled": false}], "quarterly": [{"thresholdPercent": 75, "isDisabled": false}], "yearly": [{"thresholdPercent": 87, "isDisabled": false}]}, "recipients": ["sspuser1@systest.nutanix.com"], "isDisabled": false}}
2026-02-07 08:57:21 - create_budget - INFO - [API RESPONSE] POST https://ncm.services.nconprem-10-53-60-173.ccpnx.com/v1/cg/global/budgets
2026-02-07 08:57:21 - create_budget - INFO - [STATUS CODE] 400
2026-02-07 08:57:21 - create_budget - INFO - [TIME TAKEN] 0.3624 seconds (362.39 ms)
2026-02-07 08:57:21 - create_budget - INFO - [RESPONSE CONTENT-TYPE] application/json
2026-02-07 08:57:21 - create_budget - INFO - [RESPONSE PAYLOAD]
{
  "errorCode": 990016,
  "errorMessage": "Budget Already exists for the given session or Budget overlaps with an Expired Budget of same resource group"
}
2026-02-07 08:57:21 - create_budget - ERROR - ✗ Failed to create budget 'budget_1_CC_HomePC_Account_0e846_ahv_0-251004-112453_key1_LWd5m_ahv_0-251004-112453_value1_1_LWd5m_377027': HTTP 400 - {'errorCode': 990016, 'errorMessage': 'Budget Already exists for the given session or Budget overlaps with an Expired Budget of same resource group'}
2026-02-07 08:57:21 - create_budget - INFO - [18/301] Creating CC budget: budget_1_CC_HomePC_Account_0e846_ahv_0-251004-112454_key1_P1FyH_ahv_0-251004-112454_value1_1_P1FyH_538825
2026-02-07 08:57:21 - create_budget - INFO - [API REQUEST] POST https://ncm.services.nconprem-10-53-60-173.ccpnx.com/v1/cg/global/budgets
2026-02-07 08:57:21 - create_budget - INFO - [REQUEST DATA PAYLOAD] {"budgetName": "budget_1_CC_HomePC_Account_0e846_ahv_0-251004-112454_key1_P1FyH_ahv_0-251004-112454_value1_1_P1FyH_538825", "financialYearStartMonth": "3", "resourceGroups": {"costCenters": ["c9271b10-12b3-4f60-81f2-4fdb75910b0e"]}, "systemEstimate": true, "budgetAlert": {"configuration": {"monthly": [{"thresholdPercent": 68, "isDisabled": false}], "quarterly": [{"thresholdPercent": 85, "isDisabled": false}], "yearly": [{"thresholdPercent": 95, "isDisabled": false}]}, "recipients": ["sspuser1@systest.nutanix.com"], "isDisabled": false}}
2026-02-07 08:57:21 - create_budget - INFO - [API RESPONSE] POST https://ncm.services.nconprem-10-53-60-173.ccpnx.com/v1/cg/global/budgets
2026-02-07 08:57:21 - create_budget - INFO - [STATUS CODE] 400
2026-02-07 08:57:21 - create_budget - INFO - [TIME TAKEN] 0.3257 seconds (325.67 ms)
2026-02-07 08:57:21 - create_budget - INFO - [RESPONSE CONTENT-TYPE] application/json
2026-02-07 08:57:21 - create_budget - INFO - [RESPONSE PAYLOAD]
{
  "errorCode": 990016,
  "errorMessage": "Budget Already exists for the given session or Budget overlaps with an Expired Budget of same resource group"
}
2026-02-07 08:57:21 - create_budget - ERROR - ✗ Failed to create budget 'budget_1_CC_HomePC_Account_0e846_ahv_0-251004-112454_key1_P1FyH_ahv_0-251004-112454_value1_1_P1FyH_538825': HTTP 400 - {'errorCode': 990016, 'errorMessage': 'Budget Already exists for the given session or Budget overlaps with an Expired Budget of same resource group'}
2026-02-07 08:57:21 - create_budget - INFO - [19/301] Creating CC budget: budget_1_CC_HomePC_Account_0e846_ahv_0-251004-112505_key1_h7zvi_ahv_0-251004-112505_value1_1_h7zvi_538825
2026-02-07 08:57:21 - create_budget - INFO - [API REQUEST] POST https://ncm.services.nconprem-10-53-60-173.ccpnx.com/v1/cg/global/budgets
2026-02-07 08:57:21 - create_budget - INFO - [REQUEST DATA PAYLOAD] {"budgetName": "budget_1_CC_HomePC_Account_0e846_ahv_0-251004-112505_key1_h7zvi_ahv_0-251004-112505_value1_1_h7zvi_538825", "financialYearStartMonth": "7", "resourceGroups": {"costCenters": ["90d382b9-f841-46f2-9b94-c0647a9df1f7"]}, "systemEstimate": true, "budgetAlert": {"configuration": {"monthly": [{"thresholdPercent": 69, "isDisabled": false}], "quarterly": [{"thresholdPercent": 82, "isDisabled": false}], "yearly": [{"thresholdPercent": 95, "isDisabled": false}]}, "recipients": ["sspuser1@systest.nutanix.com"], "isDisabled": false}}
2026-02-07 08:57:22 - create_budget - INFO - [API RESPONSE] POST https://ncm.services.nconprem-10-53-60-173.ccpnx.com/v1/cg/global/budgets
2026-02-07 08:57:22 - create_budget - INFO - [STATUS CODE] 400
2026-02-07 08:57:22 - create_budget - INFO - [TIME TAKEN] 0.2772 seconds (277.22 ms)
2026-02-07 08:57:22 - create_budget - INFO - [RESPONSE CONTENT-TYPE] application/json
2026-02-07 08:57:22 - create_budget - INFO - [RESPONSE PAYLOAD]
{
  "errorCode": 990016,
  "errorMessage": "Budget Already exists for the given session or Budget overlaps with an Expired Budget of same resource group"
}
2026-02-07 08:57:22 - create_budget - ERROR - ✗ Failed to create budget 'budget_1_CC_HomePC_Account_0e846_ahv_0-251004-112505_key1_h7zvi_ahv_0-251004-112505_value1_1_h7zvi_538825': HTTP 400 - {'errorCode': 990016, 'errorMessage': 'Budget Already exists for the given session or Budget overlaps with an Expired Budget of same resource group'}
2026-02-07 08:57:22 - create_budget - INFO - [20/301] Creating BU budget: budget_1_Business_Unit_4
2026-02-07 08:57:22 - create_budget - INFO - [API REQUEST] POST https://ncm.services.nconprem-10-53-60-173.ccpnx.com/v1/cg/global/budgets
2026-02-07 08:57:22 - create_budget - INFO - [REQUEST DATA PAYLOAD] {"budgetName": "budget_1_Business_Unit_4", "financialYearStartMonth": "11", "resourceGroups": {"businessUnit": ["56e47fd2-389f-4de6-b42e-a2653e27ce36"]}, "systemEstimate": true, "budgetAlert": {"configuration": {"monthly": [{"thresholdPercent": 70, "isDisabled": false}], "quarterly": [{"thresholdPercent": 76, "isDisabled": false}], "yearly": [{"thresholdPercent": 87, "isDisabled": false}]}, "recipients": ["sspuser1@systest.nutanix.com"], "isDisabled": false}}
2026-02-07 08:57:22 - create_budget - INFO - [API RESPONSE] POST https://ncm.services.nconprem-10-53-60-173.ccpnx.com/v1/cg/global/budgets
2026-02-07 08:57:22 - create_budget - INFO - [STATUS CODE] 500
2026-02-07 08:57:22 - create_budget - INFO - [TIME TAKEN] 0.3053 seconds (305.28 ms)
2026-02-07 08:57:22 - create_budget - INFO - [RESPONSE CONTENT-TYPE] application/json
2026-02-07 08:57:22 - create_budget - INFO - [RESPONSE PAYLOAD]
{
  "errorCode": 990020,
  "errorMessage": "The system encountered an internal error. If the issue persists, please reach out to our support."
}
2026-02-07 08:57:22 - create_budget - ERROR - ✗ Failed to create budget 'budget_1_Business_Unit_4': HTTP 500 - {'errorCode': 990020, 'errorMessage': 'The system encountered an internal error. If the issue persists, please reach out to our support.'}
2026-02-07 08:57:22 - create_budget - INFO - [21/301] Creating CC budget: budget_1_CC_HomePC_Account_0e846_ahv_0-251004-112521_key1_VxDdX_ahv_0-251004-112521_value1_10_VxDdX_538825
2026-02-07 08:57:22 - create_budget - INFO - [API REQUEST] POST https://ncm.services.nconprem-10-53-60-173.ccpnx.com/v1/cg/global/budgets
2026-02-07 08:57:22 - create_budget - INFO - [REQUEST DATA PAYLOAD] {"budgetName": "budget_1_CC_HomePC_Account_0e846_ahv_0-251004-112521_key1_VxDdX_ahv_0-251004-112521_value1_10_VxDdX_538825", "financialYearStartMonth": "5", "resourceGroups": {"costCenters": ["e759d72b-6fce-4131-8abd-d0feb495ca1f"]}, "systemEstimate": true, "budgetAlert": {"configuration": {"monthly": [{"thresholdPercent": 73, "isDisabled": false}], "quarterly": [{"thresholdPercent": 75, "isDisabled": false}], "yearly": [{"thresholdPercent": 92, "isDisabled": false}]}, "recipients": ["sspuser1@systest.nutanix.com"], "isDisabled": false}}
2026-02-07 08:57:22 - create_budget - INFO - [API RESPONSE] POST https://ncm.services.nconprem-10-53-60-173.ccpnx.com/v1/cg/global/budgets
2026-02-07 08:57:22 - create_budget - INFO - [STATUS CODE] 400
2026-02-07 08:57:22 - create_budget - INFO - [TIME TAKEN] 0.2863 seconds (286.30 ms)
2026-02-07 08:57:22 - create_budget - INFO - [RESPONSE CONTENT-TYPE] application/json
2026-02-07 08:57:22 - create_budget - INFO - [RESPONSE PAYLOAD]
{
  "errorCode": 990016,
  "errorMessage": "Budget Already exists for the given session or Budget overlaps with an Expired Budget of same resource group"
}
2026-02-07 08:57:22 - create_budget - ERROR - ✗ Failed to create budget 'budget_1_CC_HomePC_Account_0e846_ahv_0-251004-112521_key1_VxDdX_ahv_0-251004-112521_value1_10_VxDdX_538825': HTTP 400 - {'errorCode': 990016, 'errorMessage': 'Budget Already exists for the given session or Budget overlaps with an Expired Budget of same resource group'}
2026-02-07 08:57:22 - create_budget - INFO - [22/301] Creating CC budget: budget_1_CC_HomePC_Account_0e846_ahv_0-251004-112524_key1_FxJNZ_ahv_0-251004-112524_value1_10_FxJNZ_538825
2026-02-07 08:57:22 - create_budget - INFO - [API REQUEST] POST https://ncm.services.nconprem-10-53-60-173.ccpnx.com/v1/cg/global/budgets
2026-02-07 08:57:22 - create_budget - INFO - [REQUEST DATA PAYLOAD] {"budgetName": "budget_1_CC_HomePC_Account_0e846_ahv_0-251004-112524_key1_FxJNZ_ahv_0-251004-112524_value1_10_FxJNZ_538825", "financialYearStartMonth": "10", "resourceGroups": {"costCenters": ["d3b2df3c-8cb0-4462-8b7e-f3b7980c2c0c"]}, "systemEstimate": true, "budgetAlert": {"configuration": {"monthly": [{"thresholdPercent": 67, "isDisabled": false}], "quarterly": [{"thresholdPercent": 84, "isDisabled": false}], "yearly": [{"thresholdPercent": 88, "isDisabled": false}]}, "recipients": ["sspuser1@systest.nutanix.com"], "isDisabled": false}}
2026-02-07 08:57:23 - create_budget - INFO - [API RESPONSE] POST https://ncm.services.nconprem-10-53-60-173.ccpnx.com/v1/cg/global/budgets
2026-02-07 08:57:23 - create_budget - INFO - [STATUS CODE] 400
2026-02-07 08:57:23 - create_budget - INFO - [TIME TAKEN] 0.4037 seconds (403.75 ms)
2026-02-07 08:57:23 - create_budget - INFO - [RESPONSE CONTENT-TYPE] application/json
2026-02-07 08:57:23 - create_budget - INFO - [RESPONSE PAYLOAD]
{
  "errorCode": 990016,
  "errorMessage": "Budget Already exists for the given session or Budget overlaps with an Expired Budget of same resource group"
}
2026-02-07 08:57:23 - create_budget - ERROR - ✗ Failed to create budget 'budget_1_CC_HomePC_Account_0e846_ahv_0-251004-112524_key1_FxJNZ_ahv_0-251004-112524_value1_10_FxJNZ_538825': HTTP 400 - {'errorCode': 990016, 'errorMessage': 'Budget Already exists for the given session or Budget overlaps with an Expired Budget of same resource group'}
2026-02-07 08:57:23 - create_budget - INFO - [23/301] Creating CC budget: budget_1_CC_HomePC_Account_0e846_ahv_0-251004-112507_key1_OXKuE_ahv_0-251004-112507_value1_1_OXKuE_377027
2026-02-07 08:57:23 - create_budget - INFO - [API REQUEST] POST https://ncm.services.nconprem-10-53-60-173.ccpnx.com/v1/cg/global/budgets
2026-02-07 08:57:23 - create_budget - INFO - [REQUEST DATA PAYLOAD] {"budgetName": "budget_1_CC_HomePC_Account_0e846_ahv_0-251004-112507_key1_OXKuE_ahv_0-251004-112507_value1_1_OXKuE_377027", "financialYearStartMonth": "1", "resourceGroups": {"costCenters": ["16a92d6b-582a-4389-bd4f-94c0874cab58"]}, "systemEstimate": true, "budgetAlert": {"configuration": {"monthly": [{"thresholdPercent": 65, "isDisabled": false}], "quarterly": [{"thresholdPercent": 80, "isDisabled": false}], "yearly": [{"thresholdPercent": 90, "isDisabled": false}]}, "recipients": ["sspuser1@systest.nutanix.com"], "isDisabled": false}}
2026-02-07 08:57:23 - create_budget - INFO - [API RESPONSE] POST https://ncm.services.nconprem-10-53-60-173.ccpnx.com/v1/cg/global/budgets
2026-02-07 08:57:23 - create_budget - INFO - [STATUS CODE] 400
2026-02-07 08:57:23 - create_budget - INFO - [TIME TAKEN] 0.3427 seconds (342.66 ms)
2026-02-07 08:57:23 - create_budget - INFO - [RESPONSE CONTENT-TYPE] application/json
2026-02-07 08:57:23 - create_budget - INFO - [RESPONSE PAYLOAD]
{
  "errorCode": 990016,
  "errorMessage": "Budget Already exists for the given session or Budget overlaps with an Expired Budget of same resource group"
}
2026-02-07 08:57:23 - create_budget - ERROR - ✗ Failed to create budget 'budget_1_CC_HomePC_Account_0e846_ahv_0-251004-112507_key1_OXKuE_ahv_0-251004-112507_value1_1_OXKuE_377027': HTTP 400 - {'errorCode': 990016, 'errorMessage': 'Budget Already exists for the given session or Budget overlaps with an Expired Budget of same resource group'}
2026-02-07 08:57:23 - create_budget - INFO - [24/301] Creating CC budget: budget_1_CC_HomePC_Account_0e846_ahv_0-251004-112513_key1_hJU4i_ahv_0-251004-112513_value1_1_hJU4i_377027
2026-02-07 08:57:23 - create_budget - INFO - [API REQUEST] POST https://ncm.services.nconprem-10-53-60-173.ccpnx.com/v1/cg/global/budgets
2026-02-07 08:57:23 - create_budget - INFO - [REQUEST DATA PAYLOAD] {"budgetName": "budget_1_CC_HomePC_Account_0e846_ahv_0-251004-112513_key1_hJU4i_ahv_0-251004-112513_value1_1_hJU4i_377027", "financialYearStartMonth": "9", "resourceGroups": {"costCenters": ["5493b9ff-46f7-4090-951a-a95a6237bc9a"]}, "systemEstimate": true, "budgetAlert": {"configuration": {"monthly": [{"thresholdPercent": 68, "isDisabled": false}], "quarterly": [{"thresholdPercent": 75, "isDisabled": false}], "yearly": [{"thresholdPercent": 90, "isDisabled": false}]}, "recipients": ["sspuser1@systest.nutanix.com"], "isDisabled": false}}
2026-02-07 08:57:23 - create_budget - INFO - [API RESPONSE] POST https://ncm.services.nconprem-10-53-60-173.ccpnx.com/v1/cg/global/budgets
2026-02-07 08:57:23 - create_budget - INFO - [STATUS CODE] 400
2026-02-07 08:57:23 - create_budget - INFO - [TIME TAKEN] 0.3337 seconds (333.73 ms)
2026-02-07 08:57:23 - create_budget - INFO - [RESPONSE CONTENT-TYPE] application/json
2026-02-07 08:57:23 - create_budget - INFO - [RESPONSE PAYLOAD]
{
  "errorCode": 990016,
  "errorMessage": "Budget Already exists for the given session or Budget overlaps with an Expired Budget of same resource group"
}
2026-02-07 08:57:23 - create_budget - ERROR - ✗ Failed to create budget 'budget_1_CC_HomePC_Account_0e846_ahv_0-251004-112513_key1_hJU4i_ahv_0-251004-112513_value1_1_hJU4i_377027': HTTP 400 - {'errorCode': 990016, 'errorMessage': 'Budget Already exists for the given session or Budget overlaps with an Expired Budget of same resource group'}
2026-02-07 08:57:23 - create_budget - INFO - [25/301] Creating CC budget: budget_1_CC_HomePC_Account_0e846_ahv_0-251004-112533_key1_GOxLS_ahv_0-251004-112533_value1_10_GOxLS_538825
2026-02-07 08:57:23 - create_budget - INFO - [API REQUEST] POST https://ncm.services.nconprem-10-53-60-173.ccpnx.com/v1/cg/global/budgets
2026-02-07 08:57:23 - create_budget - INFO - [REQUEST DATA PAYLOAD] {"budgetName": "budget_1_CC_HomePC_Account_0e846_ahv_0-251004-112533_key1_GOxLS_ahv_0-251004-112533_value1_10_GOxLS_538825", "financialYearStartMonth": "12", "resourceGroups": {"costCenters": ["82b581f7-26b8-4129-a54b-627be1ac994b"]}, "systemEstimate": true, "budgetAlert": {"configuration": {"monthly": [{"thresholdPercent": 74, "isDisabled": false}], "quarterly": [{"thresholdPercent": 81, "isDisabled": false}], "yearly": [{"thresholdPercent": 87, "isDisabled": false}]}, "recipients": ["sspuser1@systest.nutanix.com"], "isDisabled": false}}
2026-02-07 08:57:24 - create_budget - INFO - [API RESPONSE] POST https://ncm.services.nconprem-10-53-60-173.ccpnx.com/v1/cg/global/budgets
2026-02-07 08:57:24 - create_budget - INFO - [STATUS CODE] 400
2026-02-07 08:57:24 - create_budget - INFO - [TIME TAKEN] 0.7690 seconds (768.95 ms)
2026-02-07 08:57:24 - create_budget - INFO - [RESPONSE CONTENT-TYPE] application/json
2026-02-07 08:57:24 - create_budget - INFO - [RESPONSE PAYLOAD]
{
  "errorCode": 990016,
  "errorMessage": "Budget Already exists for the given session or Budget overlaps with an Expired Budget of same resource group"
}
2026-02-07 08:57:24 - create_budget - ERROR - ✗ Failed to create budget 'budget_1_CC_HomePC_Account_0e846_ahv_0-251004-112533_key1_GOxLS_ahv_0-251004-112533_value1_10_GOxLS_538825': HTTP 400 - {'errorCode': 990016, 'errorMessage': 'Budget Already exists for the given session or Budget overlaps with an Expired Budget of same resource group'}
2026-02-07 08:57:24 - create_budget - INFO - [26/301] Creating BU budget: budget_1_Business_Unit_5
2026-02-07 08:57:24 - create_budget - INFO - [API REQUEST] POST https://ncm.services.nconprem-10-53-60-173.ccpnx.com/v1/cg/global/budgets
2026-02-07 08:57:24 - create_budget - INFO - [REQUEST DATA PAYLOAD] {"budgetName": "budget_1_Business_Unit_5", "financialYearStartMonth": "8", "resourceGroups": {"businessUnit": ["1d924685-df3c-40ff-9c06-3adf21e93455"]}, "systemEstimate": true, "budgetAlert": {"configuration": {"monthly": [{"thresholdPercent": 68, "isDisabled": false}], "quarterly": [{"thresholdPercent": 83, "isDisabled": false}], "yearly": [{"thresholdPercent": 85, "isDisabled": false}]}, "recipients": ["sspuser1@systest.nutanix.com"], "isDisabled": false}}
2026-02-07 08:57:25 - create_budget - INFO - [API RESPONSE] POST https://ncm.services.nconprem-10-53-60-173.ccpnx.com/v1/cg/global/budgets
2026-02-07 08:57:25 - create_budget - INFO - [STATUS CODE] 500
2026-02-07 08:57:25 - create_budget - INFO - [TIME TAKEN] 0.3664 seconds (366.40 ms)
2026-02-07 08:57:25 - create_budget - INFO - [RESPONSE CONTENT-TYPE] application/json
2026-02-07 08:57:25 - create_budget - INFO - [RESPONSE PAYLOAD]
{
  "errorCode": 990020,
  "errorMessage": "The system encountered an internal error. If the issue persists, please reach out to our support."
}
2026-02-07 08:57:25 - create_budget - ERROR - ✗ Failed to create budget 'budget_1_Business_Unit_5': HTTP 500 - {'errorCode': 990020, 'errorMessage': 'The system encountered an internal error. If the issue persists, please reach out to our support.'}
2026-02-07 08:57:25 - create_budget - INFO - [27/301] Creating CC budget: budget_1_CC_HomePC_Account_0e846_ahv_0-251004-112543_key1_cWNZI_ahv_0-251004-112543_value1_2_cWNZI_538825
2026-02-07 08:57:25 - create_budget - INFO - [API REQUEST] POST https://ncm.services.nconprem-10-53-60-173.ccpnx.com/v1/cg/global/budgets
2026-02-07 08:57:25 - create_budget - INFO - [REQUEST DATA PAYLOAD] {"budgetName": "budget_1_CC_HomePC_Account_0e846_ahv_0-251004-112543_key1_cWNZI_ahv_0-251004-112543_value1_2_cWNZI_538825", "financialYearStartMonth": "4", "resourceGroups": {"costCenters": ["cde176a4-bfbb-46da-a40b-30727c8d7853"]}, "systemEstimate": true, "budgetAlert": {"configuration": {"monthly": [{"thresholdPercent": 72, "isDisabled": false}], "quarterly": [{"thresholdPercent": 83, "isDisabled": false}], "yearly": [{"thresholdPercent": 91, "isDisabled": false}]}, "recipients": ["sspuser1@systest.nutanix.com"], "isDisabled": false}}
2026-02-07 08:57:25 - create_budget - INFO - [API RESPONSE] POST https://ncm.services.nconprem-10-53-60-173.ccpnx.com/v1/cg/global/budgets
2026-02-07 08:57:25 - create_budget - INFO - [STATUS CODE] 400
2026-02-07 08:57:25 - create_budget - INFO - [TIME TAKEN] 0.2749 seconds (274.92 ms)
2026-02-07 08:57:25 - create_budget - INFO - [RESPONSE CONTENT-TYPE] application/json
2026-02-07 08:57:25 - create_budget - INFO - [RESPONSE PAYLOAD]
{
  "errorCode": 990016,
  "errorMessage": "Budget Already exists for the given session or Budget overlaps with an Expired Budget of same resource group"
}
2026-02-07 08:57:25 - create_budget - ERROR - ✗ Failed to create budget 'budget_1_CC_HomePC_Account_0e846_ahv_0-251004-112543_key1_cWNZI_ahv_0-251004-112543_value1_2_cWNZI_538825': HTTP 400 - {'errorCode': 990016, 'errorMessage': 'Budget Already exists for the given session or Budget overlaps with an Expired Budget of same resource group'}
2026-02-07 08:57:25 - create_budget - INFO - [28/301] Creating CC budget: budget_1_CC_HomePC_Account_0e846_ahv_0-251004-112549_key1_jePTb_ahv_0-251004-112549_value1_4_jePTb_538825
2026-02-07 08:57:25 - create_budget - INFO - [API REQUEST] POST https://ncm.services.nconprem-10-53-60-173.ccpnx.com/v1/cg/global/budgets
2026-02-07 08:57:25 - create_budget - INFO - [REQUEST DATA PAYLOAD] {"budgetName": "budget_1_CC_HomePC_Account_0e846_ahv_0-251004-112549_key1_jePTb_ahv_0-251004-112549_value1_4_jePTb_538825", "financialYearStartMonth": "3", "resourceGroups": {"costCenters": ["48e2908c-d0d3-47d4-a9d5-db278476d768"]}, "systemEstimate": true, "budgetAlert": {"configuration": {"monthly": [{"thresholdPercent": 65, "isDisabled": false}], "quarterly": [{"thresholdPercent": 82, "isDisabled": false}], "yearly": [{"thresholdPercent": 85, "isDisabled": false}]}, "recipients": ["sspuser1@systest.nutanix.com"], "isDisabled": false}}
2026-02-07 08:57:25 - create_budget - INFO - [API RESPONSE] POST https://ncm.services.nconprem-10-53-60-173.ccpnx.com/v1/cg/global/budgets
2026-02-07 08:57:25 - create_budget - INFO - [STATUS CODE] 400
2026-02-07 08:57:25 - create_budget - INFO - [TIME TAKEN] 0.3273 seconds (327.28 ms)
2026-02-07 08:57:25 - create_budget - INFO - [RESPONSE CONTENT-TYPE] application/json
2026-02-07 08:57:25 - create_budget - INFO - [RESPONSE PAYLOAD]
{
  "errorCode": 990016,
  "errorMessage": "Budget Already exists for the given session or Budget overlaps with an Expired Budget of same resource group"
}
2026-02-07 08:57:25 - create_budget - ERROR - ✗ Failed to create budget 'budget_1_CC_HomePC_Account_0e846_ahv_0-251004-112549_key1_jePTb_ahv_0-251004-112549_value1_4_jePTb_538825': HTTP 400 - {'errorCode': 990016, 'errorMessage': 'Budget Already exists for the given session or Budget overlaps with an Expired Budget of same resource group'}
2026-02-07 08:57:25 - create_budget - INFO - [29/301] Creating CC budget: budget_1_CC_HomePC_Account_0e846_ahv_0-251004-112538_key1_8T3pf_ahv_0-251004-112538_value1_10_8T3pf_538825
2026-02-07 08:57:25 - create_budget - INFO - [API REQUEST] POST https://ncm.services.nconprem-10-53-60-173.ccpnx.com/v1/cg/global/budgets
2026-02-07 08:57:25 - create_budget - INFO - [REQUEST DATA PAYLOAD] {"budgetName": "budget_1_CC_HomePC_Account_0e846_ahv_0-251004-112538_key1_8T3pf_ahv_0-251004-112538_value1_10_8T3pf_538825", "financialYearStartMonth": "9", "resourceGroups": {"costCenters": ["4d895752-651d-44f2-8da5-3e9abb6966de"]}, "systemEstimate": true, "budgetAlert": {"configuration": {"monthly": [{"thresholdPercent": 66, "isDisabled": false}], "quarterly": [{"thresholdPercent": 76, "isDisabled": false}], "yearly": [{"thresholdPercent": 85, "isDisabled": false}]}, "recipients": ["sspuser1@systest.nutanix.com"], "isDisabled": false}}
2026-02-07 08:57:26 - create_budget - INFO - [API RESPONSE] POST https://ncm.services.nconprem-10-53-60-173.ccpnx.com/v1/cg/global/budgets
2026-02-07 08:57:26 - create_budget - INFO - [STATUS CODE] 400
2026-02-07 08:57:26 - create_budget - INFO - [TIME TAKEN] 0.3836 seconds (383.56 ms)
2026-02-07 08:57:26 - create_budget - INFO - [RESPONSE CONTENT-TYPE] application/json
2026-02-07 08:57:26 - create_budget - INFO - [RESPONSE PAYLOAD]
{
  "errorCode": 990016,
  "errorMessage": "Budget Already exists for the given session or Budget overlaps with an Expired Budget of same resource group"
}
2026-02-07 08:57:26 - create_budget - ERROR - ✗ Failed to create budget 'budget_1_CC_HomePC_Account_0e846_ahv_0-251004-112538_key1_8T3pf_ahv_0-251004-112538_value1_10_8T3pf_538825': HTTP 400 - {'errorCode': 990016, 'errorMessage': 'Budget Already exists for the given session or Budget overlaps with an Expired Budget of same resource group'}
2026-02-07 08:57:26 - create_budget - INFO - [30/301] Creating CC budget: budget_1_CC_HomePC_Account_0e846_ahv_0-251004-112557_key1_jW5Pe_ahv_0-251004-112557_value1_10_jW5Pe_538825
2026-02-07 08:57:26 - create_budget - INFO - [API REQUEST] POST https://ncm.services.nconprem-10-53-60-173.ccpnx.com/v1/cg/global/budgets
2026-02-07 08:57:26 - create_budget - INFO - [REQUEST DATA PAYLOAD] {"budgetName": "budget_1_CC_HomePC_Account_0e846_ahv_0-251004-112557_key1_jW5Pe_ahv_0-251004-112557_value1_10_jW5Pe_538825", "financialYearStartMonth": "8", "resourceGroups": {"costCenters": ["9bbf35fd-9b95-4a39-aca6-59344a363616"]}, "systemEstimate": true, "budgetAlert": {"configuration": {"monthly": [{"thresholdPercent": 71, "isDisabled": false}], "quarterly": [{"thresholdPercent": 83, "isDisabled": false}], "yearly": [{"thresholdPercent": 86, "isDisabled": false}]}, "recipients": ["sspuser1@systest.nutanix.com"], "isDisabled": false}}
2026-02-07 08:57:26 - create_budget - INFO - [API RESPONSE] POST https://ncm.services.nconprem-10-53-60-173.ccpnx.com/v1/cg/global/budgets
2026-02-07 08:57:26 - create_budget - INFO - [STATUS CODE] 400
2026-02-07 08:57:26 - create_budget - INFO - [TIME TAKEN] 0.4014 seconds (401.38 ms)
2026-02-07 08:57:26 - create_budget - INFO - [RESPONSE CONTENT-TYPE] application/json
2026-02-07 08:57:26 - create_budget - INFO - [RESPONSE PAYLOAD]
{
  "errorCode": 990016,
  "errorMessage": "Budget Already exists for the given session or Budget overlaps with an Expired Budget of same resource group"
}
2026-02-07 08:57:26 - create_budget - ERROR - ✗ Failed to create budget 'budget_1_CC_HomePC_Account_0e846_ahv_0-251004-112557_key1_jW5Pe_ahv_0-251004-112557_value1_10_jW5Pe_538825': HTTP 400 - {'errorCode': 990016, 'errorMessage': 'Budget Already exists for the given session or Budget overlaps with an Expired Budget of same resource group'}
2026-02-07 08:57:26 - create_budget - INFO - [31/301] Creating CC budget: budget_1_CC_HomePC_Account_0e846_ahv_0-251004-112558_key1_Rvw5V_ahv_0-251004-112558_value1_1_Rvw5V_538825
2026-02-07 08:57:26 - create_budget - INFO - [API REQUEST] POST https://ncm.services.nconprem-10-53-60-173.ccpnx.com/v1/cg/global/budgets
2026-02-07 08:57:26 - create_budget - INFO - [REQUEST DATA PAYLOAD] {"budgetName": "budget_1_CC_HomePC_Account_0e846_ahv_0-251004-112558_key1_Rvw5V_ahv_0-251004-112558_value1_1_Rvw5V_538825", "financialYearStartMonth": "7", "resourceGroups": {"costCenters": ["0d2799ae-b73f-4497-8b6f-d928fc31815f"]}, "systemEstimate": true, "budgetAlert": {"configuration": {"monthly": [{"thresholdPercent": 67, "isDisabled": false}], "quarterly": [{"thresholdPercent": 85, "isDisabled": false}], "yearly": [{"thresholdPercent": 86, "isDisabled": false}]}, "recipients": ["sspuser1@systest.nutanix.com"], "isDisabled": false}}
2026-02-07 08:57:26 - create_budget - INFO - [API RESPONSE] POST https://ncm.services.nconprem-10-53-60-173.ccpnx.com/v1/cg/global/budgets
2026-02-07 08:57:26 - create_budget - INFO - [STATUS CODE] 400
2026-02-07 08:57:26 - create_budget - INFO - [TIME TAKEN] 0.5206 seconds (520.64 ms)
2026-02-07 08:57:26 - create_budget - INFO - [RESPONSE CONTENT-TYPE] application/json
2026-02-07 08:57:26 - create_budget - INFO - [RESPONSE PAYLOAD]
{
  "errorCode": 990016,
  "errorMessage": "Budget Already exists for the given session or Budget overlaps with an Expired Budget of same resource group"
}
2026-02-07 08:57:26 - create_budget - ERROR - ✗ Failed to create budget 'budget_1_CC_HomePC_Account_0e846_ahv_0-251004-112558_key1_Rvw5V_ahv_0-251004-112558_value1_1_Rvw5V_538825': HTTP 400 - {'errorCode': 990016, 'errorMessage': 'Budget Already exists for the given session or Budget overlaps with an Expired Budget of same resource group'}
2026-02-07 08:57:26 - create_budget - INFO - [32/301] Creating BU budget: budget_1_Business_Unit_6
2026-02-07 08:57:26 - create_budget - INFO - [API REQUEST] POST https://ncm.services.nconprem-10-53-60-173.ccpnx.com/v1/cg/global/budgets
2026-02-07 08:57:26 - create_budget - INFO - [REQUEST DATA PAYLOAD] {"budgetName": "budget_1_Business_Unit_6", "financialYearStartMonth": "4", "resourceGroups": {"businessUnit": ["d3d68b7c-6df0-48c1-843a-43c34e64e7d0"]}, "systemEstimate": true, "budgetAlert": {"configuration": {"monthly": [{"thresholdPercent": 73, "isDisabled": false}], "quarterly": [{"thresholdPercent": 79, "isDisabled": false}], "yearly": [{"thresholdPercent": 86, "isDisabled": false}]}, "recipients": ["sspuser1@systest.nutanix.com"], "isDisabled": false}}
2026-02-07 08:57:27 - create_budget - INFO - [API RESPONSE] POST https://ncm.services.nconprem-10-53-60-173.ccpnx.com/v1/cg/global/budgets
2026-02-07 08:57:27 - create_budget - INFO - [STATUS CODE] 500
2026-02-07 08:57:27 - create_budget - INFO - [TIME TAKEN] 0.4192 seconds (419.22 ms)
2026-02-07 08:57:27 - create_budget - INFO - [RESPONSE CONTENT-TYPE] application/json
2026-02-07 08:57:27 - create_budget - INFO - [RESPONSE PAYLOAD]
{
  "errorCode": 990020,
  "errorMessage": "The system encountered an internal error. If the issue persists, please reach out to our support."
}
2026-02-07 08:57:27 - create_budget - ERROR - ✗ Failed to create budget 'budget_1_Business_Unit_6': HTTP 500 - {'errorCode': 990020, 'errorMessage': 'The system encountered an internal error. If the issue persists, please reach out to our support.'}
2026-02-07 08:57:27 - create_budget - INFO - [33/301] Creating CC budget: budget_1_CC_HomePC_Account_0e846_ahv_0-251004-112606_key1_tZ7F6_ahv_0-251004-112606_value1_2_tZ7F6_538825
2026-02-07 08:57:27 - create_budget - INFO - [API REQUEST] POST https://ncm.services.nconprem-10-53-60-173.ccpnx.com/v1/cg/global/budgets
2026-02-07 08:57:27 - create_budget - INFO - [REQUEST DATA PAYLOAD] {"budgetName": "budget_1_CC_HomePC_Account_0e846_ahv_0-251004-112606_key1_tZ7F6_ahv_0-251004-112606_value1_2_tZ7F6_538825", "financialYearStartMonth": "4", "resourceGroups": {"costCenters": ["073a7a6a-a369-4ac1-b7d7-fa36edcfbdbd"]}, "systemEstimate": true, "budgetAlert": {"configuration": {"monthly": [{"thresholdPercent": 68, "isDisabled": false}], "quarterly": [{"thresholdPercent": 79, "isDisabled": false}], "yearly": [{"thresholdPercent": 93, "isDisabled": false}]}, "recipients": ["sspuser1@systest.nutanix.com"], "isDisabled": false}}
2026-02-07 08:57:27 - create_budget - INFO - [API RESPONSE] POST https://ncm.services.nconprem-10-53-60-173.ccpnx.com/v1/cg/global/budgets
2026-02-07 08:57:27 - create_budget - INFO - [STATUS CODE] 400
2026-02-07 08:57:27 - create_budget - INFO - [TIME TAKEN] 0.3550 seconds (354.99 ms)
2026-02-07 08:57:27 - create_budget - INFO - [RESPONSE CONTENT-TYPE] application/json
2026-02-07 08:57:27 - create_budget - INFO - [RESPONSE PAYLOAD]
{
  "errorCode": 990016,
  "errorMessage": "Budget Already exists for the given session or Budget overlaps with an Expired Budget of same resource group"
}
2026-02-07 08:57:27 - create_budget - ERROR - ✗ Failed to create budget 'budget_1_CC_HomePC_Account_0e846_ahv_0-251004-112606_key1_tZ7F6_ahv_0-251004-112606_value1_2_tZ7F6_538825': HTTP 400 - {'errorCode': 990016, 'errorMessage': 'Budget Already exists for the given session or Budget overlaps with an Expired Budget of same resource group'}
2026-02-07 08:57:27 - create_budget - INFO - [34/301] Creating CC budget: budget_1_CC_HomePC_Account_0e846_ahv_0-251004-112618_key1_7aFgy_ahv_0-251004-112618_value1_1_7aFgy_538825
2026-02-07 08:57:27 - create_budget - INFO - [API REQUEST] POST https://ncm.services.nconprem-10-53-60-173.ccpnx.com/v1/cg/global/budgets
2026-02-07 08:57:27 - create_budget - INFO - [REQUEST DATA PAYLOAD] {"budgetName": "budget_1_CC_HomePC_Account_0e846_ahv_0-251004-112618_key1_7aFgy_ahv_0-251004-112618_value1_1_7aFgy_538825", "financialYearStartMonth": "12", "resourceGroups": {"costCenters": ["315c6d33-9030-46c3-8932-890acc971389"]}, "systemEstimate": true, "budgetAlert": {"configuration": {"monthly": [{"thresholdPercent": 74, "isDisabled": false}], "quarterly": [{"thresholdPercent": 76, "isDisabled": false}], "yearly": [{"thresholdPercent": 93, "isDisabled": false}]}, "recipients": ["sspuser1@systest.nutanix.com"], "isDisabled": false}}
2026-02-07 08:57:28 - create_budget - INFO - [API RESPONSE] POST https://ncm.services.nconprem-10-53-60-173.ccpnx.com/v1/cg/global/budgets
2026-02-07 08:57:28 - create_budget - INFO - [STATUS CODE] 400
2026-02-07 08:57:28 - create_budget - INFO - [TIME TAKEN] 0.2868 seconds (286.80 ms)
2026-02-07 08:57:28 - create_budget - INFO - [RESPONSE CONTENT-TYPE] application/json
2026-02-07 08:57:28 - create_budget - INFO - [RESPONSE PAYLOAD]
{
  "errorCode": 990016,
  "errorMessage": "Budget Already exists for the given session or Budget overlaps with an Expired Budget of same resource group"
}
2026-02-07 08:57:28 - create_budget - ERROR - ✗ Failed to create budget 'budget_1_CC_HomePC_Account_0e846_ahv_0-251004-112618_key1_7aFgy_ahv_0-251004-112618_value1_1_7aFgy_538825': HTTP 400 - {'errorCode': 990016, 'errorMessage': 'Budget Already exists for the given session or Budget overlaps with an Expired Budget of same resource group'}
2026-02-07 08:57:28 - create_budget - INFO - [35/301] Creating CC budget: budget_1_CC_HomePC_Account_0e846_ahv_0-251004-112615_key1_JyWLu_ahv_0-251004-112615_value1_4_JyWLu_538825
2026-02-07 08:57:28 - create_budget - INFO - [API REQUEST] POST https://ncm.services.nconprem-10-53-60-173.ccpnx.com/v1/cg/global/budgets
2026-02-07 08:57:28 - create_budget - INFO - [REQUEST DATA PAYLOAD] {"budgetName": "budget_1_CC_HomePC_Account_0e846_ahv_0-251004-112615_key1_JyWLu_ahv_0-251004-112615_value1_4_JyWLu_538825", "financialYearStartMonth": "2", "resourceGroups": {"costCenters": ["cb6bbfda-193a-44be-8772-98f18582a6d9"]}, "systemEstimate": true, "budgetAlert": {"configuration": {"monthly": [{"thresholdPercent": 74, "isDisabled": false}], "quarterly": [{"thresholdPercent": 81, "isDisabled": false}], "yearly": [{"thresholdPercent": 91, "isDisabled": false}]}, "recipients": ["sspuser1@systest.nutanix.com"], "isDisabled": false}}
2026-02-07 08:57:28 - create_budget - INFO - [API RESPONSE] POST https://ncm.services.nconprem-10-53-60-173.ccpnx.com/v1/cg/global/budgets
2026-02-07 08:57:28 - create_budget - INFO - [STATUS CODE] 400
2026-02-07 08:57:28 - create_budget - INFO - [TIME TAKEN] 0.5625 seconds (562.54 ms)
2026-02-07 08:57:28 - create_budget - INFO - [RESPONSE CONTENT-TYPE] application/json
2026-02-07 08:57:28 - create_budget - INFO - [RESPONSE PAYLOAD]
{
  "errorCode": 990016,
  "errorMessage": "Budget Already exists for the given session or Budget overlaps with an Expired Budget of same resource group"
}
2026-02-07 08:57:28 - create_budget - ERROR - ✗ Failed to create budget 'budget_1_CC_HomePC_Account_0e846_ahv_0-251004-112615_key1_JyWLu_ahv_0-251004-112615_value1_4_JyWLu_538825': HTTP 400 - {'errorCode': 990016, 'errorMessage': 'Budget Already exists for the given session or Budget overlaps with an Expired Budget of same resource group'}
2026-02-07 08:57:28 - create_budget - INFO - [36/301] Creating CC budget: budget_1_CC_HomePC_Account_0e846_ahv_0-251004-112632_key1_OWnlM_ahv_0-251004-112632_value1_1_OWnlM_538825
2026-02-07 08:57:28 - create_budget - INFO - [API REQUEST] POST https://ncm.services.nconprem-10-53-60-173.ccpnx.com/v1/cg/global/budgets
2026-02-07 08:57:28 - create_budget - INFO - [REQUEST DATA PAYLOAD] {"budgetName": "budget_1_CC_HomePC_Account_0e846_ahv_0-251004-112632_key1_OWnlM_ahv_0-251004-112632_value1_1_OWnlM_538825", "financialYearStartMonth": "3", "resourceGroups": {"costCenters": ["cc7aa0b4-97c6-4c05-923e-9bdaf1658122"]}, "systemEstimate": true, "budgetAlert": {"configuration": {"monthly": [{"thresholdPercent": 70, "isDisabled": false}], "quarterly": [{"thresholdPercent": 76, "isDisabled": false}], "yearly": [{"thresholdPercent": 93, "isDisabled": false}]}, "recipients": ["sspuser1@systest.nutanix.com"], "isDisabled": false}}
2026-02-07 08:57:28 - create_budget - INFO - [API RESPONSE] POST https://ncm.services.nconprem-10-53-60-173.ccpnx.com/v1/cg/global/budgets
2026-02-07 08:57:28 - create_budget - INFO - [STATUS CODE] 400
2026-02-07 08:57:28 - create_budget - INFO - [TIME TAKEN] 0.2486 seconds (248.61 ms)
2026-02-07 08:57:28 - create_budget - INFO - [RESPONSE CONTENT-TYPE] application/json
2026-02-07 08:57:28 - create_budget - INFO - [RESPONSE PAYLOAD]
{
  "errorCode": 990016,
  "errorMessage": "Budget Already exists for the given session or Budget overlaps with an Expired Budget of same resource group"
}
2026-02-07 08:57:28 - create_budget - ERROR - ✗ Failed to create budget 'budget_1_CC_HomePC_Account_0e846_ahv_0-251004-112632_key1_OWnlM_ahv_0-251004-112632_value1_1_OWnlM_538825': HTTP 400 - {'errorCode': 990016, 'errorMessage': 'Budget Already exists for the given session or Budget overlaps with an Expired Budget of same resource group'}
2026-02-07 08:57:28 - create_budget - INFO - [37/301] Creating CC budget: budget_1_CC_HomePC_Account_0e846_ahv_0-251004-112635_key1_zXZb6_ahv_0-251004-112635_value1_3_zXZb6_538825
2026-02-07 08:57:28 - create_budget - INFO - [API REQUEST] POST https://ncm.services.nconprem-10-53-60-173.ccpnx.com/v1/cg/global/budgets
2026-02-07 08:57:28 - create_budget - INFO - [REQUEST DATA PAYLOAD] {"budgetName": "budget_1_CC_HomePC_Account_0e846_ahv_0-251004-112635_key1_zXZb6_ahv_0-251004-112635_value1_3_zXZb6_538825", "financialYearStartMonth": "1", "resourceGroups": {"costCenters": ["676ca4c0-f90f-499b-9316-2a0ab22afcb6"]}, "systemEstimate": true, "budgetAlert": {"configuration": {"monthly": [{"thresholdPercent": 67, "isDisabled": false}], "quarterly": [{"thresholdPercent": 84, "isDisabled": false}], "yearly": [{"thresholdPercent": 91, "isDisabled": false}]}, "recipients": ["sspuser1@systest.nutanix.com"], "isDisabled": false}}
2026-02-07 08:57:29 - create_budget - INFO - [API RESPONSE] POST https://ncm.services.nconprem-10-53-60-173.ccpnx.com/v1/cg/global/budgets
2026-02-07 08:57:29 - create_budget - INFO - [STATUS CODE] 400
2026-02-07 08:57:29 - create_budget - INFO - [TIME TAKEN] 0.3462 seconds (346.19 ms)
2026-02-07 08:57:29 - create_budget - INFO - [RESPONSE CONTENT-TYPE] application/json
2026-02-07 08:57:29 - create_budget - INFO - [RESPONSE PAYLOAD]
{
  "errorCode": 990016,
  "errorMessage": "Budget Already exists for the given session or Budget overlaps with an Expired Budget of same resource group"
}
2026-02-07 08:57:29 - create_budget - ERROR - ✗ Failed to create budget 'budget_1_CC_HomePC_Account_0e846_ahv_0-251004-112635_key1_zXZb6_ahv_0-251004-112635_value1_3_zXZb6_538825': HTTP 400 - {'errorCode': 990016, 'errorMessage': 'Budget Already exists for the given session or Budget overlaps with an Expired Budget of same resource group'}
2026-02-07 08:57:29 - create_budget - INFO - [38/301] Creating BU budget: budget_1_Business_Unit_7
2026-02-07 08:57:29 - create_budget - INFO - [API REQUEST] POST https://ncm.services.nconprem-10-53-60-173.ccpnx.com/v1/cg/global/budgets
2026-02-07 08:57:29 - create_budget - INFO - [REQUEST DATA PAYLOAD] {"budgetName": "budget_1_Business_Unit_7", "financialYearStartMonth": "8", "resourceGroups": {"businessUnit": ["b18392d1-4fb9-4220-bd93-b3622520e0a9"]}, "systemEstimate": true, "budgetAlert": {"configuration": {"monthly": [{"thresholdPercent": 67, "isDisabled": false}], "quarterly": [{"thresholdPercent": 79, "isDisabled": false}], "yearly": [{"thresholdPercent": 92, "isDisabled": false}]}, "recipients": ["sspuser1@systest.nutanix.com"], "isDisabled": false}}
2026-02-07 08:57:29 - create_budget - INFO - [API RESPONSE] POST https://ncm.services.nconprem-10-53-60-173.ccpnx.com/v1/cg/global/budgets
2026-02-07 08:57:29 - create_budget - INFO - [STATUS CODE] 500
2026-02-07 08:57:29 - create_budget - INFO - [TIME TAKEN] 0.4460 seconds (445.99 ms)
2026-02-07 08:57:29 - create_budget - INFO - [RESPONSE CONTENT-TYPE] application/json
2026-02-07 08:57:29 - create_budget - INFO - [RESPONSE PAYLOAD]
{
  "errorCode": 990020,
  "errorMessage": "The system encountered an internal error. If the issue persists, please reach out to our support."
}
2026-02-07 08:57:29 - create_budget - ERROR - ✗ Failed to create budget 'budget_1_Business_Unit_7': HTTP 500 - {'errorCode': 990020, 'errorMessage': 'The system encountered an internal error. If the issue persists, please reach out to our support.'}
2026-02-07 08:57:29 - create_budget - INFO - [39/301] Creating CC budget: budget_1_CC_HomePC_Account_0e846_ahv_0-251004-112641_key1_WlNEz_ahv_0-251004-112641_value1_2_WlNEz_538825
2026-02-07 08:57:29 - create_budget - INFO - [API REQUEST] POST https://ncm.services.nconprem-10-53-60-173.ccpnx.com/v1/cg/global/budgets
2026-02-07 08:57:29 - create_budget - INFO - [REQUEST DATA PAYLOAD] {"budgetName": "budget_1_CC_HomePC_Account_0e846_ahv_0-251004-112641_key1_WlNEz_ahv_0-251004-112641_value1_2_WlNEz_538825", "financialYearStartMonth": "8", "resourceGroups": {"costCenters": ["9c61cd93-4a4c-4e70-afb3-4725f55a434c"]}, "systemEstimate": true, "budgetAlert": {"configuration": {"monthly": [{"thresholdPercent": 74, "isDisabled": false}], "quarterly": [{"thresholdPercent": 82, "isDisabled": false}], "yearly": [{"thresholdPercent": 93, "isDisabled": false}]}, "recipients": ["sspuser1@systest.nutanix.com"], "isDisabled": false}}
2026-02-07 08:57:30 - create_budget - INFO - [API RESPONSE] POST https://ncm.services.nconprem-10-53-60-173.ccpnx.com/v1/cg/global/budgets
2026-02-07 08:57:30 - create_budget - INFO - [STATUS CODE] 400
2026-02-07 08:57:30 - create_budget - INFO - [TIME TAKEN] 0.3864 seconds (386.41 ms)
2026-02-07 08:57:30 - create_budget - INFO - [RESPONSE CONTENT-TYPE] application/json
2026-02-07 08:57:30 - create_budget - INFO - [RESPONSE PAYLOAD]
{
  "errorCode": 990016,
  "errorMessage": "Budget Already exists for the given session or Budget overlaps with an Expired Budget of same resource group"
}
2026-02-07 08:57:30 - create_budget - ERROR - ✗ Failed to create budget 'budget_1_CC_HomePC_Account_0e846_ahv_0-251004-112641_key1_WlNEz_ahv_0-251004-112641_value1_2_WlNEz_538825': HTTP 400 - {'errorCode': 990016, 'errorMessage': 'Budget Already exists for the given session or Budget overlaps with an Expired Budget of same resource group'}
2026-02-07 08:57:30 - create_budget - INFO - [40/301] Creating CC budget: budget_1_CC_HomePC_Account_0e846_ahv_0-251004-112707_key1_24wOh_ahv_0-251004-112707_value1_1_24wOh_377027
2026-02-07 08:57:30 - create_budget - INFO - [API REQUEST] POST https://ncm.services.nconprem-10-53-60-173.ccpnx.com/v1/cg/global/budgets
2026-02-07 08:57:30 - create_budget - INFO - [REQUEST DATA PAYLOAD] {"budgetName": "budget_1_CC_HomePC_Account_0e846_ahv_0-251004-112707_key1_24wOh_ahv_0-251004-112707_value1_1_24wOh_377027", "financialYearStartMonth": "1", "resourceGroups": {"costCenters": ["194f862e-2bbe-4551-b2cd-721aa461e084"]}, "systemEstimate": true, "budgetAlert": {"configuration": {"monthly": [{"thresholdPercent": 71, "isDisabled": false}], "quarterly": [{"thresholdPercent": 79, "isDisabled": false}], "yearly": [{"thresholdPercent": 91, "isDisabled": false}]}, "recipients": ["sspuser1@systest.nutanix.com"], "isDisabled": false}}
2026-02-07 08:57:30 - create_budget - INFO - [API RESPONSE] POST https://ncm.services.nconprem-10-53-60-173.ccpnx.com/v1/cg/global/budgets
2026-02-07 08:57:30 - create_budget - INFO - [STATUS CODE] 400
2026-02-07 08:57:30 - create_budget - INFO - [TIME TAKEN] 0.6019 seconds (601.88 ms)
2026-02-07 08:57:30 - create_budget - INFO - [RESPONSE CONTENT-TYPE] application/json
2026-02-07 08:57:30 - create_budget - INFO - [RESPONSE PAYLOAD]
{
  "errorCode": 990016,
  "errorMessage": "Budget Already exists for the given session or Budget overlaps with an Expired Budget of same resource group"
}
2026-02-07 08:57:30 - create_budget - ERROR - ✗ Failed to create budget 'budget_1_CC_HomePC_Account_0e846_ahv_0-251004-112707_key1_24wOh_ahv_0-251004-112707_value1_1_24wOh_377027': HTTP 400 - {'errorCode': 990016, 'errorMessage': 'Budget Already exists for the given session or Budget overlaps with an Expired Budget of same resource group'}
2026-02-07 08:57:30 - create_budget - INFO - [41/301] Creating CC budget: budget_1_CC_HomePC_Account_0e846_ahv_0-251004-112648_key1_sZQeA_ahv_0-251004-112648_value1_4_sZQeA_377027
2026-02-07 08:57:30 - create_budget - INFO - [API REQUEST] POST https://ncm.services.nconprem-10-53-60-173.ccpnx.com/v1/cg/global/budgets
2026-02-07 08:57:30 - create_budget - INFO - [REQUEST DATA PAYLOAD] {"budgetName": "budget_1_CC_HomePC_Account_0e846_ahv_0-251004-112648_key1_sZQeA_ahv_0-251004-112648_value1_4_sZQeA_377027", "financialYearStartMonth": "8", "resourceGroups": {"costCenters": ["6a85e6b5-f887-42b0-9467-542bd7df4ec0"]}, "systemEstimate": true, "budgetAlert": {"configuration": {"monthly": [{"thresholdPercent": 71, "isDisabled": false}], "quarterly": [{"thresholdPercent": 82, "isDisabled": false}], "yearly": [{"thresholdPercent": 86, "isDisabled": false}]}, "recipients": ["sspuser1@systest.nutanix.com"], "isDisabled": false}}
2026-02-07 08:57:30 - create_budget - INFO - [API RESPONSE] POST https://ncm.services.nconprem-10-53-60-173.ccpnx.com/v1/cg/global/budgets
2026-02-07 08:57:30 - create_budget - INFO - [STATUS CODE] 400
2026-02-07 08:57:30 - create_budget - INFO - [TIME TAKEN] 0.3030 seconds (303.04 ms)
2026-02-07 08:57:30 - create_budget - INFO - [RESPONSE CONTENT-TYPE] application/json
2026-02-07 08:57:30 - create_budget - INFO - [RESPONSE PAYLOAD]
{
  "errorCode": 990016,
  "errorMessage": "Budget Already exists for the given session or Budget overlaps with an Expired Budget of same resource group"
}
2026-02-07 08:57:30 - create_budget - ERROR - ✗ Failed to create budget 'budget_1_CC_HomePC_Account_0e846_ahv_0-251004-112648_key1_sZQeA_ahv_0-251004-112648_value1_4_sZQeA_377027': HTTP 400 - {'errorCode': 990016, 'errorMessage': 'Budget Already exists for the given session or Budget overlaps with an Expired Budget of same resource group'}
2026-02-07 08:57:30 - create_budget - INFO - [42/301] Creating CC budget: budget_1_CC_HomePC_Account_0e846_ahv_0-251004-112659_key1_lFQeM_ahv_0-251004-112659_value1_1_lFQeM_377027
2026-02-07 08:57:30 - create_budget - INFO - [API REQUEST] POST https://ncm.services.nconprem-10-53-60-173.ccpnx.com/v1/cg/global/budgets
2026-02-07 08:57:30 - create_budget - INFO - [REQUEST DATA PAYLOAD] {"budgetName": "budget_1_CC_HomePC_Account_0e846_ahv_0-251004-112659_key1_lFQeM_ahv_0-251004-112659_value1_1_lFQeM_377027", "financialYearStartMonth": "9", "resourceGroups": {"costCenters": ["2961e2fe-3139-4d4f-b9fd-4027105ea66a"]}, "systemEstimate": true, "budgetAlert": {"configuration": {"monthly": [{"thresholdPercent": 74, "isDisabled": false}], "quarterly": [{"thresholdPercent": 81, "isDisabled": false}], "yearly": [{"thresholdPercent": 94, "isDisabled": false}]}, "recipients": ["sspuser1@systest.nutanix.com"], "isDisabled": false}}
2026-02-07 08:57:31 - create_budget - INFO - [API RESPONSE] POST https://ncm.services.nconprem-10-53-60-173.ccpnx.com/v1/cg/global/budgets
2026-02-07 08:57:31 - create_budget - INFO - [STATUS CODE] 400
2026-02-07 08:57:31 - create_budget - INFO - [TIME TAKEN] 0.3010 seconds (300.98 ms)
2026-02-07 08:57:31 - create_budget - INFO - [RESPONSE CONTENT-TYPE] application/json
2026-02-07 08:57:31 - create_budget - INFO - [RESPONSE PAYLOAD]
{
  "errorCode": 990016,
  "errorMessage": "Budget Already exists for the given session or Budget overlaps with an Expired Budget of same resource group"
}
2026-02-07 08:57:31 - create_budget - ERROR - ✗ Failed to create budget 'budget_1_CC_HomePC_Account_0e846_ahv_0-251004-112659_key1_lFQeM_ahv_0-251004-112659_value1_1_lFQeM_377027': HTTP 400 - {'errorCode': 990016, 'errorMessage': 'Budget Already exists for the given session or Budget overlaps with an Expired Budget of same resource group'}
2026-02-07 08:57:31 - create_budget - INFO - [43/301] Creating CC budget: budget_1_CC_HomePC_Account_0e846_ahv_0-251004-112716_key1_y9eB9_ahv_0-251004-112716_value1_1_y9eB9_377027
2026-02-07 08:57:31 - create_budget - INFO - [API REQUEST] POST https://ncm.services.nconprem-10-53-60-173.ccpnx.com/v1/cg/global/budgets
2026-02-07 08:57:31 - create_budget - INFO - [REQUEST DATA PAYLOAD] {"budgetName": "budget_1_CC_HomePC_Account_0e846_ahv_0-251004-112716_key1_y9eB9_ahv_0-251004-112716_value1_1_y9eB9_377027", "financialYearStartMonth": "12", "resourceGroups": {"costCenters": ["c9f9bad5-9a60-4b48-8a49-7291b8378e02"]}, "systemEstimate": true, "budgetAlert": {"configuration": {"monthly": [{"thresholdPercent": 71, "isDisabled": false}], "quarterly": [{"thresholdPercent": 75, "isDisabled": false}], "yearly": [{"thresholdPercent": 86, "isDisabled": false}]}, "recipients": ["sspuser1@systest.nutanix.com"], "isDisabled": false}}
2026-02-07 08:57:31 - create_budget - INFO - [API RESPONSE] POST https://ncm.services.nconprem-10-53-60-173.ccpnx.com/v1/cg/global/budgets
2026-02-07 08:57:31 - create_budget - INFO - [STATUS CODE] 400
2026-02-07 08:57:31 - create_budget - INFO - [TIME TAKEN] 0.3361 seconds (336.07 ms)
2026-02-07 08:57:31 - create_budget - INFO - [RESPONSE CONTENT-TYPE] application/json
2026-02-07 08:57:31 - create_budget - INFO - [RESPONSE PAYLOAD]
{
  "errorCode": 990016,
  "errorMessage": "Budget Already exists for the given session or Budget overlaps with an Expired Budget of same resource group"
}
2026-02-07 08:57:31 - create_budget - ERROR - ✗ Failed to create budget 'budget_1_CC_HomePC_Account_0e846_ahv_0-251004-112716_key1_y9eB9_ahv_0-251004-112716_value1_1_y9eB9_377027': HTTP 400 - {'errorCode': 990016, 'errorMessage': 'Budget Already exists for the given session or Budget overlaps with an Expired Budget of same resource group'}
2026-02-07 08:57:31 - create_budget - INFO - [44/301] Creating BU budget: budget_1_Business_Unit_8
2026-02-07 08:57:31 - create_budget - INFO - [API REQUEST] POST https://ncm.services.nconprem-10-53-60-173.ccpnx.com/v1/cg/global/budgets
2026-02-07 08:57:31 - create_budget - INFO - [REQUEST DATA PAYLOAD] {"budgetName": "budget_1_Business_Unit_8", "financialYearStartMonth": "10", "resourceGroups": {"businessUnit": ["6af35a8a-8dbe-4f2d-b63b-852787f3d4d6"]}, "systemEstimate": true, "budgetAlert": {"configuration": {"monthly": [{"thresholdPercent": 74, "isDisabled": false}], "quarterly": [{"thresholdPercent": 76, "isDisabled": false}], "yearly": [{"thresholdPercent": 90, "isDisabled": false}]}, "recipients": ["sspuser1@systest.nutanix.com"], "isDisabled": false}}
2026-02-07 08:57:31 - create_budget - INFO - [API RESPONSE] POST https://ncm.services.nconprem-10-53-60-173.ccpnx.com/v1/cg/global/budgets
2026-02-07 08:57:31 - create_budget - INFO - [STATUS CODE] 500
2026-02-07 08:57:31 - create_budget - INFO - [TIME TAKEN] 0.3364 seconds (336.40 ms)
2026-02-07 08:57:31 - create_budget - INFO - [RESPONSE CONTENT-TYPE] application/json
2026-02-07 08:57:31 - create_budget - INFO - [RESPONSE PAYLOAD]
{
  "errorCode": 990020,
  "errorMessage": "The system encountered an internal error. If the issue persists, please reach out to our support."
}
2026-02-07 08:57:31 - create_budget - ERROR - ✗ Failed to create budget 'budget_1_Business_Unit_8': HTTP 500 - {'errorCode': 990020, 'errorMessage': 'The system encountered an internal error. If the issue persists, please reach out to our support.'}
2026-02-07 08:57:31 - create_budget - INFO - [45/301] Creating CC budget: budget_1_CC_HomePC_Account_0e846_ahv_0-251004-112739_key1_qrZ8z_ahv_0-251004-112739_value1_1_qrZ8z_377027
2026-02-07 08:57:31 - create_budget - INFO - [API REQUEST] POST https://ncm.services.nconprem-10-53-60-173.ccpnx.com/v1/cg/global/budgets
2026-02-07 08:57:31 - create_budget - INFO - [REQUEST DATA PAYLOAD] {"budgetName": "budget_1_CC_HomePC_Account_0e846_ahv_0-251004-112739_key1_qrZ8z_ahv_0-251004-112739_value1_1_qrZ8z_377027", "financialYearStartMonth": "2", "resourceGroups": {"costCenters": ["3bd01222-8c0f-4c19-ade3-b35e47214035"]}, "systemEstimate": true, "budgetAlert": {"configuration": {"monthly": [{"thresholdPercent": 73, "isDisabled": false}], "quarterly": [{"thresholdPercent": 75, "isDisabled": false}], "yearly": [{"thresholdPercent": 94, "isDisabled": false}]}, "recipients": ["sspuser1@systest.nutanix.com"], "isDisabled": false}}
2026-02-07 08:57:32 - create_budget - INFO - [API RESPONSE] POST https://ncm.services.nconprem-10-53-60-173.ccpnx.com/v1/cg/global/budgets
2026-02-07 08:57:32 - create_budget - INFO - [STATUS CODE] 400
2026-02-07 08:57:32 - create_budget - INFO - [TIME TAKEN] 0.3115 seconds (311.52 ms)
2026-02-07 08:57:32 - create_budget - INFO - [RESPONSE CONTENT-TYPE] application/json
2026-02-07 08:57:32 - create_budget - INFO - [RESPONSE PAYLOAD]
{
  "errorCode": 990016,
  "errorMessage": "Budget Already exists for the given session or Budget overlaps with an Expired Budget of same resource group"
}
2026-02-07 08:57:32 - create_budget - ERROR - ✗ Failed to create budget 'budget_1_CC_HomePC_Account_0e846_ahv_0-251004-112739_key1_qrZ8z_ahv_0-251004-112739_value1_1_qrZ8z_377027': HTTP 400 - {'errorCode': 990016, 'errorMessage': 'Budget Already exists for the given session or Budget overlaps with an Expired Budget of same resource group'}
2026-02-07 08:57:32 - create_budget - INFO - [46/301] Creating CC budget: budget_1_CC_HomePC_Account_0e846_ahv_0-251004-112724_key1_uLrxg_ahv_0-251004-112724_value1_1_uLrxg_377027
2026-02-07 08:57:32 - create_budget - INFO - [API REQUEST] POST https://ncm.services.nconprem-10-53-60-173.ccpnx.com/v1/cg/global/budgets
2026-02-07 08:57:32 - create_budget - INFO - [REQUEST DATA PAYLOAD] {"budgetName": "budget_1_CC_HomePC_Account_0e846_ahv_0-251004-112724_key1_uLrxg_ahv_0-251004-112724_value1_1_uLrxg_377027", "financialYearStartMonth": "9", "resourceGroups": {"costCenters": ["d82631e9-f985-4c75-872c-e8418ce29f21"]}, "systemEstimate": true, "budgetAlert": {"configuration": {"monthly": [{"thresholdPercent": 72, "isDisabled": false}], "quarterly": [{"thresholdPercent": 82, "isDisabled": false}], "yearly": [{"thresholdPercent": 95, "isDisabled": false}]}, "recipients": ["sspuser1@systest.nutanix.com"], "isDisabled": false}}
2026-02-07 08:57:32 - create_budget - INFO - [API RESPONSE] POST https://ncm.services.nconprem-10-53-60-173.ccpnx.com/v1/cg/global/budgets
2026-02-07 08:57:32 - create_budget - INFO - [STATUS CODE] 400
2026-02-07 08:57:32 - create_budget - INFO - [TIME TAKEN] 0.4199 seconds (419.89 ms)
2026-02-07 08:57:32 - create_budget - INFO - [RESPONSE CONTENT-TYPE] application/json
2026-02-07 08:57:32 - create_budget - INFO - [RESPONSE PAYLOAD]
{
  "errorCode": 990016,
  "errorMessage": "Budget Already exists for the given session or Budget overlaps with an Expired Budget of same resource group"
}
2026-02-07 08:57:32 - create_budget - ERROR - ✗ Failed to create budget 'budget_1_CC_HomePC_Account_0e846_ahv_0-251004-112724_key1_uLrxg_ahv_0-251004-112724_value1_1_uLrxg_377027': HTTP 400 - {'errorCode': 990016, 'errorMessage': 'Budget Already exists for the given session or Budget overlaps with an Expired Budget of same resource group'}
2026-02-07 08:57:32 - create_budget - INFO - [47/301] Creating CC budget: budget_1_CC_HomePC_Account_0e846_ahv_0-251004-112725_key1_uXgze_ahv_0-251004-112725_value1_1_uXgze_377027
2026-02-07 08:57:32 - create_budget - INFO - [API REQUEST] POST https://ncm.services.nconprem-10-53-60-173.ccpnx.com/v1/cg/global/budgets
2026-02-07 08:57:32 - create_budget - INFO - [REQUEST DATA PAYLOAD] {"budgetName": "budget_1_CC_HomePC_Account_0e846_ahv_0-251004-112725_key1_uXgze_ahv_0-251004-112725_value1_1_uXgze_377027", "financialYearStartMonth": "6", "resourceGroups": {"costCenters": ["e115560b-d29f-4ac7-b417-2f3f820a8ba6"]}, "systemEstimate": true, "budgetAlert": {"configuration": {"monthly": [{"thresholdPercent": 72, "isDisabled": false}], "quarterly": [{"thresholdPercent": 76, "isDisabled": false}], "yearly": [{"thresholdPercent": 89, "isDisabled": false}]}, "recipients": ["sspuser1@systest.nutanix.com"], "isDisabled": false}}
2026-02-07 08:57:32 - create_budget - INFO - [API RESPONSE] POST https://ncm.services.nconprem-10-53-60-173.ccpnx.com/v1/cg/global/budgets
2026-02-07 08:57:32 - create_budget - INFO - [STATUS CODE] 400
2026-02-07 08:57:32 - create_budget - INFO - [TIME TAKEN] 0.3328 seconds (332.80 ms)
2026-02-07 08:57:32 - create_budget - INFO - [RESPONSE CONTENT-TYPE] application/json
2026-02-07 08:57:32 - create_budget - INFO - [RESPONSE PAYLOAD]
{
  "errorCode": 990016,
  "errorMessage": "Budget Already exists for the given session or Budget overlaps with an Expired Budget of same resource group"
}
2026-02-07 08:57:32 - create_budget - ERROR - ✗ Failed to create budget 'budget_1_CC_HomePC_Account_0e846_ahv_0-251004-112725_key1_uXgze_ahv_0-251004-112725_value1_1_uXgze_377027': HTTP 400 - {'errorCode': 990016, 'errorMessage': 'Budget Already exists for the given session or Budget overlaps with an Expired Budget of same resource group'}
2026-02-07 08:57:32 - create_budget - INFO - [48/301] Creating CC budget: budget_1_CC_HomePC_Account_0e846_ahv_0-251004-112728_key1_tVkNx_ahv_0-251004-112728_value1_1_tVkNx_377027
2026-02-07 08:57:32 - create_budget - INFO - [API REQUEST] POST https://ncm.services.nconprem-10-53-60-173.ccpnx.com/v1/cg/global/budgets
2026-02-07 08:57:32 - create_budget - INFO - [REQUEST DATA PAYLOAD] {"budgetName": "budget_1_CC_HomePC_Account_0e846_ahv_0-251004-112728_key1_tVkNx_ahv_0-251004-112728_value1_1_tVkNx_377027", "financialYearStartMonth": "6", "resourceGroups": {"costCenters": ["3c778f45-45fe-43f1-bbb2-87dbd0a20130"]}, "systemEstimate": true, "budgetAlert": {"configuration": {"monthly": [{"thresholdPercent": 74, "isDisabled": false}], "quarterly": [{"thresholdPercent": 83, "isDisabled": false}], "yearly": [{"thresholdPercent": 87, "isDisabled": false}]}, "recipients": ["sspuser1@systest.nutanix.com"], "isDisabled": false}}
2026-02-07 08:57:33 - create_budget - INFO - [API RESPONSE] POST https://ncm.services.nconprem-10-53-60-173.ccpnx.com/v1/cg/global/budgets
2026-02-07 08:57:33 - create_budget - INFO - [STATUS CODE] 400
2026-02-07 08:57:33 - create_budget - INFO - [TIME TAKEN] 0.7190 seconds (718.99 ms)
2026-02-07 08:57:33 - create_budget - INFO - [RESPONSE CONTENT-TYPE] application/json
2026-02-07 08:57:33 - create_budget - INFO - [RESPONSE PAYLOAD]
{
  "errorCode": 990016,
  "errorMessage": "Budget Already exists for the given session or Budget overlaps with an Expired Budget of same resource group"
}
2026-02-07 08:57:33 - create_budget - ERROR - ✗ Failed to create budget 'budget_1_CC_HomePC_Account_0e846_ahv_0-251004-112728_key1_tVkNx_ahv_0-251004-112728_value1_1_tVkNx_377027': HTTP 400 - {'errorCode': 990016, 'errorMessage': 'Budget Already exists for the given session or Budget overlaps with an Expired Budget of same resource group'}
2026-02-07 08:57:33 - create_budget - INFO - [49/301] Creating CC budget: budget_1_CC_HomePC_Account_0e846_ahv_0-251004-112740_key1_2Y58r_ahv_0-251004-112740_value1_1_2Y58r_377027
2026-02-07 08:57:33 - create_budget - INFO - [API REQUEST] POST https://ncm.services.nconprem-10-53-60-173.ccpnx.com/v1/cg/global/budgets
2026-02-07 08:57:33 - create_budget - INFO - [REQUEST DATA PAYLOAD] {"budgetName": "budget_1_CC_HomePC_Account_0e846_ahv_0-251004-112740_key1_2Y58r_ahv_0-251004-112740_value1_1_2Y58r_377027", "financialYearStartMonth": "4", "resourceGroups": {"costCenters": ["b58aee5f-9d98-4ea7-a2ff-5af266fae1c7"]}, "systemEstimate": true, "budgetAlert": {"configuration": {"monthly": [{"thresholdPercent": 69, "isDisabled": false}], "quarterly": [{"thresholdPercent": 80, "isDisabled": false}], "yearly": [{"thresholdPercent": 94, "isDisabled": false}]}, "recipients": ["sspuser1@systest.nutanix.com"], "isDisabled": false}}
2026-02-07 08:57:34 - create_budget - INFO - [API RESPONSE] POST https://ncm.services.nconprem-10-53-60-173.ccpnx.com/v1/cg/global/budgets
2026-02-07 08:57:34 - create_budget - INFO - [STATUS CODE] 400
2026-02-07 08:57:34 - create_budget - INFO - [TIME TAKEN] 0.6855 seconds (685.52 ms)
2026-02-07 08:57:34 - create_budget - INFO - [RESPONSE CONTENT-TYPE] application/json
2026-02-07 08:57:34 - create_budget - INFO - [RESPONSE PAYLOAD]
{
  "errorCode": 990016,
  "errorMessage": "Budget Already exists for the given session or Budget overlaps with an Expired Budget of same resource group"
}
2026-02-07 08:57:34 - create_budget - ERROR - ✗ Failed to create budget 'budget_1_CC_HomePC_Account_0e846_ahv_0-251004-112740_key1_2Y58r_ahv_0-251004-112740_value1_1_2Y58r_377027': HTTP 400 - {'errorCode': 990016, 'errorMessage': 'Budget Already exists for the given session or Budget overlaps with an Expired Budget of same resource group'}
2026-02-07 08:57:34 - create_budget - INFO - [50/301] Creating BU budget: budget_1_Business_Unit_9
2026-02-07 08:57:34 - create_budget - INFO - [API REQUEST] POST https://ncm.services.nconprem-10-53-60-173.ccpnx.com/v1/cg/global/budgets
2026-02-07 08:57:34 - create_budget - INFO - [REQUEST DATA PAYLOAD] {"budgetName": "budget_1_Business_Unit_9", "financialYearStartMonth": "6", "resourceGroups": {"businessUnit": ["2b256f58-61ea-41f3-a40e-3cfeb59c7e62"]}, "systemEstimate": true, "budgetAlert": {"configuration": {"monthly": [{"thresholdPercent": 65, "isDisabled": false}], "quarterly": [{"thresholdPercent": 85, "isDisabled": false}], "yearly": [{"thresholdPercent": 93, "isDisabled": false}]}, "recipients": ["sspuser1@systest.nutanix.com"], "isDisabled": false}}
2026-02-07 08:57:35 - create_budget - INFO - [API RESPONSE] POST https://ncm.services.nconprem-10-53-60-173.ccpnx.com/v1/cg/global/budgets
2026-02-07 08:57:35 - create_budget - INFO - [STATUS CODE] 500
2026-02-07 08:57:35 - create_budget - INFO - [TIME TAKEN] 0.6445 seconds (644.45 ms)
2026-02-07 08:57:35 - create_budget - INFO - [RESPONSE CONTENT-TYPE] application/json
2026-02-07 08:57:35 - create_budget - INFO - [RESPONSE PAYLOAD]
{
  "errorCode": 990020,
  "errorMessage": "The system encountered an internal error. If the issue persists, please reach out to our support."
}
2026-02-07 08:57:35 - create_budget - ERROR - ✗ Failed to create budget 'budget_1_Business_Unit_9': HTTP 500 - {'errorCode': 990020, 'errorMessage': 'The system encountered an internal error. If the issue persists, please reach out to our support.'}
2026-02-07 08:57:35 - create_budget - INFO - [51/301] Creating CC budget: budget_1_CC_HomePC_Account_0e846_ahv_0-251004-112755_key1_K8h54_ahv_0-251004-112755_value1_1_K8h54_377027
2026-02-07 08:57:35 - create_budget - INFO - [API REQUEST] POST https://ncm.services.nconprem-10-53-60-173.ccpnx.com/v1/cg/global/budgets
2026-02-07 08:57:35 - create_budget - INFO - [REQUEST DATA PAYLOAD] {"budgetName": "budget_1_CC_HomePC_Account_0e846_ahv_0-251004-112755_key1_K8h54_ahv_0-251004-112755_value1_1_K8h54_377027", "financialYearStartMonth": "7", "resourceGroups": {"costCenters": ["37c93792-8c3a-47bf-b001-d9832d9c9607"]}, "systemEstimate": true, "budgetAlert": {"configuration": {"monthly": [{"thresholdPercent": 75, "isDisabled": false}], "quarterly": [{"thresholdPercent": 80, "isDisabled": false}], "yearly": [{"thresholdPercent": 94, "isDisabled": false}]}, "recipients": ["sspuser1@systest.nutanix.com"], "isDisabled": false}}
2026-02-07 08:57:35 - create_budget - INFO - [API RESPONSE] POST https://ncm.services.nconprem-10-53-60-173.ccpnx.com/v1/cg/global/budgets
2026-02-07 08:57:35 - create_budget - INFO - [STATUS CODE] 400
2026-02-07 08:57:35 - create_budget - INFO - [TIME TAKEN] 0.3021 seconds (302.14 ms)
2026-02-07 08:57:35 - create_budget - INFO - [RESPONSE CONTENT-TYPE] application/json
2026-02-07 08:57:35 - create_budget - INFO - [RESPONSE PAYLOAD]
{
  "errorCode": 990016,
  "errorMessage": "Budget Already exists for the given session or Budget overlaps with an Expired Budget of same resource group"
}
2026-02-07 08:57:35 - create_budget - ERROR - ✗ Failed to create budget 'budget_1_CC_HomePC_Account_0e846_ahv_0-251004-112755_key1_K8h54_ahv_0-251004-112755_value1_1_K8h54_377027': HTTP 400 - {'errorCode': 990016, 'errorMessage': 'Budget Already exists for the given session or Budget overlaps with an Expired Budget of same resource group'}
2026-02-07 08:57:35 - create_budget - INFO - [52/301] Creating CC budget: budget_1_CC_HomePC_Account_0e846_ahv_0-251004-112748_key1_Eb1rW_ahv_0-251004-112748_value1_1_Eb1rW_377027
2026-02-07 08:57:35 - create_budget - INFO - [API REQUEST] POST https://ncm.services.nconprem-10-53-60-173.ccpnx.com/v1/cg/global/budgets
2026-02-07 08:57:35 - create_budget - INFO - [REQUEST DATA PAYLOAD] {"budgetName": "budget_1_CC_HomePC_Account_0e846_ahv_0-251004-112748_key1_Eb1rW_ahv_0-251004-112748_value1_1_Eb1rW_377027", "financialYearStartMonth": "3", "resourceGroups": {"costCenters": ["f6003e36-d270-4256-afe9-d3e8e777bdc7"]}, "systemEstimate": true, "budgetAlert": {"configuration": {"monthly": [{"thresholdPercent": 67, "isDisabled": false}], "quarterly": [{"thresholdPercent": 84, "isDisabled": false}], "yearly": [{"thresholdPercent": 86, "isDisabled": false}]}, "recipients": ["sspuser1@systest.nutanix.com"], "isDisabled": false}}
2026-02-07 08:57:35 - create_budget - INFO - [API RESPONSE] POST https://ncm.services.nconprem-10-53-60-173.ccpnx.com/v1/cg/global/budgets
2026-02-07 08:57:35 - create_budget - INFO - [STATUS CODE] 400
2026-02-07 08:57:35 - create_budget - INFO - [TIME TAKEN] 0.3493 seconds (349.30 ms)
2026-02-07 08:57:35 - create_budget - INFO - [RESPONSE CONTENT-TYPE] application/json
2026-02-07 08:57:35 - create_budget - INFO - [RESPONSE PAYLOAD]
{
  "errorCode": 990016,
  "errorMessage": "Budget Already exists for the given session or Budget overlaps with an Expired Budget of same resource group"
}
2026-02-07 08:57:35 - create_budget - ERROR - ✗ Failed to create budget 'budget_1_CC_HomePC_Account_0e846_ahv_0-251004-112748_key1_Eb1rW_ahv_0-251004-112748_value1_1_Eb1rW_377027': HTTP 400 - {'errorCode': 990016, 'errorMessage': 'Budget Already exists for the given session or Budget overlaps with an Expired Budget of same resource group'}
2026-02-07 08:57:35 - create_budget - INFO - [53/301] Creating CC budget: budget_1_CC_HomePC_Account_0e846_ahv_0-251004-123942_key1_AMkuF_ahv_0-251004-123942_value1_1_AMkuF_377027
2026-02-07 08:57:35 - create_budget - INFO - [API REQUEST] POST https://ncm.services.nconprem-10-53-60-173.ccpnx.com/v1/cg/global/budgets
2026-02-07 08:57:35 - create_budget - INFO - [REQUEST DATA PAYLOAD] {"budgetName": "budget_1_CC_HomePC_Account_0e846_ahv_0-251004-123942_key1_AMkuF_ahv_0-251004-123942_value1_1_AMkuF_377027", "financialYearStartMonth": "11", "resourceGroups": {"costCenters": ["5885f16d-2941-4852-89f6-a5f85e715c8e"]}, "systemEstimate": true, "budgetAlert": {"configuration": {"monthly": [{"thresholdPercent": 66, "isDisabled": false}], "quarterly": [{"thresholdPercent": 76, "isDisabled": false}], "yearly": [{"thresholdPercent": 87, "isDisabled": false}]}, "recipients": ["sspuser1@systest.nutanix.com"], "isDisabled": false}}
2026-02-07 08:57:35 - create_budget - INFO - [API RESPONSE] POST https://ncm.services.nconprem-10-53-60-173.ccpnx.com/v1/cg/global/budgets
2026-02-07 08:57:35 - create_budget - INFO - [STATUS CODE] 400
2026-02-07 08:57:35 - create_budget - INFO - [TIME TAKEN] 0.3086 seconds (308.60 ms)
2026-02-07 08:57:35 - create_budget - INFO - [RESPONSE CONTENT-TYPE] application/json
2026-02-07 08:57:35 - create_budget - INFO - [RESPONSE PAYLOAD]
{
  "errorCode": 990016,
  "errorMessage": "Budget Already exists for the given session or Budget overlaps with an Expired Budget of same resource group"
}
2026-02-07 08:57:35 - create_budget - ERROR - ✗ Failed to create budget 'budget_1_CC_HomePC_Account_0e846_ahv_0-251004-123942_key1_AMkuF_ahv_0-251004-123942_value1_1_AMkuF_377027': HTTP 400 - {'errorCode': 990016, 'errorMessage': 'Budget Already exists for the given session or Budget overlaps with an Expired Budget of same resource group'}
2026-02-07 08:57:35 - create_budget - INFO - [54/301] Creating CC budget: budget_1_CC_HomePC_Account_0e846_ahv_0-251004-123945_key1_9Xc9r_ahv_0-251004-123945_value1_5_9Xc9r_377027
2026-02-07 08:57:35 - create_budget - INFO - [API REQUEST] POST https://ncm.services.nconprem-10-53-60-173.ccpnx.com/v1/cg/global/budgets
2026-02-07 08:57:35 - create_budget - INFO - [REQUEST DATA PAYLOAD] {"budgetName": "budget_1_CC_HomePC_Account_0e846_ahv_0-251004-123945_key1_9Xc9r_ahv_0-251004-123945_value1_5_9Xc9r_377027", "financialYearStartMonth": "4", "resourceGroups": {"costCenters": ["5c79e141-a76b-46d0-b327-a62d49846ced"]}, "systemEstimate": true, "budgetAlert": {"configuration": {"monthly": [{"thresholdPercent": 65, "isDisabled": false}], "quarterly": [{"thresholdPercent": 77, "isDisabled": false}], "yearly": [{"thresholdPercent": 95, "isDisabled": false}]}, "recipients": ["sspuser1@systest.nutanix.com"], "isDisabled": false}}
2026-02-07 08:57:36 - create_budget - INFO - [API RESPONSE] POST https://ncm.services.nconprem-10-53-60-173.ccpnx.com/v1/cg/global/budgets
2026-02-07 08:57:36 - create_budget - INFO - [STATUS CODE] 400
2026-02-07 08:57:36 - create_budget - INFO - [TIME TAKEN] 0.3606 seconds (360.59 ms)
2026-02-07 08:57:36 - create_budget - INFO - [RESPONSE CONTENT-TYPE] application/json
2026-02-07 08:57:36 - create_budget - INFO - [RESPONSE PAYLOAD]
{
  "errorCode": 990016,
  "errorMessage": "Budget Already exists for the given session or Budget overlaps with an Expired Budget of same resource group"
}
2026-02-07 08:57:36 - create_budget - ERROR - ✗ Failed to create budget 'budget_1_CC_HomePC_Account_0e846_ahv_0-251004-123945_key1_9Xc9r_ahv_0-251004-123945_value1_5_9Xc9r_377027': HTTP 400 - {'errorCode': 990016, 'errorMessage': 'Budget Already exists for the given session or Budget overlaps with an Expired Budget of same resource group'}
2026-02-07 08:57:36 - create_budget - INFO - [55/301] Creating CC budget: budget_1_CC_HomePC_Account_0e846_ahv_0-251004-123947_key1_9acxk_ahv_0-251004-123947_value1_1_9acxk_377027
2026-02-07 08:57:36 - create_budget - INFO - [API REQUEST] POST https://ncm.services.nconprem-10-53-60-173.ccpnx.com/v1/cg/global/budgets
2026-02-07 08:57:36 - create_budget - INFO - [REQUEST DATA PAYLOAD] {"budgetName": "budget_1_CC_HomePC_Account_0e846_ahv_0-251004-123947_key1_9acxk_ahv_0-251004-123947_value1_1_9acxk_377027", "financialYearStartMonth": "10", "resourceGroups": {"costCenters": ["b54f98bc-4e38-4786-a3af-2dc5bc93eca4"]}, "systemEstimate": true, "budgetAlert": {"configuration": {"monthly": [{"thresholdPercent": 68, "isDisabled": false}], "quarterly": [{"thresholdPercent": 82, "isDisabled": false}], "yearly": [{"thresholdPercent": 93, "isDisabled": false}]}, "recipients": ["sspuser1@systest.nutanix.com"], "isDisabled": false}}
2026-02-07 08:57:36 - create_budget - INFO - [API RESPONSE] POST https://ncm.services.nconprem-10-53-60-173.ccpnx.com/v1/cg/global/budgets
2026-02-07 08:57:36 - create_budget - INFO - [STATUS CODE] 400
2026-02-07 08:57:36 - create_budget - INFO - [TIME TAKEN] 0.3774 seconds (377.38 ms)
2026-02-07 08:57:36 - create_budget - INFO - [RESPONSE CONTENT-TYPE] application/json
2026-02-07 08:57:36 - create_budget - INFO - [RESPONSE PAYLOAD]
{
  "errorCode": 990016,
  "errorMessage": "Budget Already exists for the given session or Budget overlaps with an Expired Budget of same resource group"
}
2026-02-07 08:57:36 - create_budget - ERROR - ✗ Failed to create budget 'budget_1_CC_HomePC_Account_0e846_ahv_0-251004-123947_key1_9acxk_ahv_0-251004-123947_value1_1_9acxk_377027': HTTP 400 - {'errorCode': 990016, 'errorMessage': 'Budget Already exists for the given session or Budget overlaps with an Expired Budget of same resource group'}
2026-02-07 08:57:36 - create_budget - INFO - [56/301] Creating BU budget: budget_1_Business_Unit_10
2026-02-07 08:57:36 - create_budget - INFO - [API REQUEST] POST https://ncm.services.nconprem-10-53-60-173.ccpnx.com/v1/cg/global/budgets
2026-02-07 08:57:36 - create_budget - INFO - [REQUEST DATA PAYLOAD] {"budgetName": "budget_1_Business_Unit_10", "financialYearStartMonth": "2", "resourceGroups": {"businessUnit": ["3f53440c-1060-49b5-9662-eb280c78ff68"]}, "systemEstimate": true, "budgetAlert": {"configuration": {"monthly": [{"thresholdPercent": 67, "isDisabled": false}], "quarterly": [{"thresholdPercent": 78, "isDisabled": false}], "yearly": [{"thresholdPercent": 94, "isDisabled": false}]}, "recipients": ["sspuser1@systest.nutanix.com"], "isDisabled": false}}
2026-02-07 08:57:37 - create_budget - INFO - [API RESPONSE] POST https://ncm.services.nconprem-10-53-60-173.ccpnx.com/v1/cg/global/budgets
2026-02-07 08:57:37 - create_budget - INFO - [STATUS CODE] 500
2026-02-07 08:57:37 - create_budget - INFO - [TIME TAKEN] 0.3852 seconds (385.19 ms)
2026-02-07 08:57:37 - create_budget - INFO - [RESPONSE CONTENT-TYPE] application/json
2026-02-07 08:57:37 - create_budget - INFO - [RESPONSE PAYLOAD]
{
  "errorCode": 990020,
  "errorMessage": "The system encountered an internal error. If the issue persists, please reach out to our support."
}
2026-02-07 08:57:37 - create_budget - ERROR - ✗ Failed to create budget 'budget_1_Business_Unit_10': HTTP 500 - {'errorCode': 990020, 'errorMessage': 'The system encountered an internal error. If the issue persists, please reach out to our support.'}
2026-02-07 08:57:37 - create_budget - INFO - [57/301] Creating CC budget: budget_1_CC_HomePC_Account_0e846_ahv_0-251004-124010_key1_eknPl_ahv_0-251004-124010_value1_1_eknPl_377027
2026-02-07 08:57:37 - create_budget - INFO - [API REQUEST] POST https://ncm.services.nconprem-10-53-60-173.ccpnx.com/v1/cg/global/budgets
2026-02-07 08:57:37 - create_budget - INFO - [REQUEST DATA PAYLOAD] {"budgetName": "budget_1_CC_HomePC_Account_0e846_ahv_0-251004-124010_key1_eknPl_ahv_0-251004-124010_value1_1_eknPl_377027", "financialYearStartMonth": "10", "resourceGroups": {"costCenters": ["8d88d8d0-bf87-4acd-8990-8b1725cad3e4"]}, "systemEstimate": true, "budgetAlert": {"configuration": {"monthly": [{"thresholdPercent": 67, "isDisabled": false}], "quarterly": [{"thresholdPercent": 77, "isDisabled": false}], "yearly": [{"thresholdPercent": 92, "isDisabled": false}]}, "recipients": ["sspuser1@systest.nutanix.com"], "isDisabled": false}}
2026-02-07 08:57:37 - create_budget - INFO - [API RESPONSE] POST https://ncm.services.nconprem-10-53-60-173.ccpnx.com/v1/cg/global/budgets
2026-02-07 08:57:37 - create_budget - INFO - [STATUS CODE] 400
2026-02-07 08:57:37 - create_budget - INFO - [TIME TAKEN] 0.3142 seconds (314.23 ms)
2026-02-07 08:57:37 - create_budget - INFO - [RESPONSE CONTENT-TYPE] application/json
2026-02-07 08:57:37 - create_budget - INFO - [RESPONSE PAYLOAD]
{
  "errorCode": 990016,
  "errorMessage": "Budget Already exists for the given session or Budget overlaps with an Expired Budget of same resource group"
}
2026-02-07 08:57:37 - create_budget - ERROR - ✗ Failed to create budget 'budget_1_CC_HomePC_Account_0e846_ahv_0-251004-124010_key1_eknPl_ahv_0-251004-124010_value1_1_eknPl_377027': HTTP 400 - {'errorCode': 990016, 'errorMessage': 'Budget Already exists for the given session or Budget overlaps with an Expired Budget of same resource group'}
2026-02-07 08:57:37 - create_budget - INFO - [58/301] Creating CC budget: budget_1_CC_HomePC_Account_0e846_ahv_0-251004-123951_key1_dFzTW_ahv_0-251004-123951_value1_1_dFzTW_377027
2026-02-07 08:57:37 - create_budget - INFO - [API REQUEST] POST https://ncm.services.nconprem-10-53-60-173.ccpnx.com/v1/cg/global/budgets
2026-02-07 08:57:37 - create_budget - INFO - [REQUEST DATA PAYLOAD] {"budgetName": "budget_1_CC_HomePC_Account_0e846_ahv_0-251004-123951_key1_dFzTW_ahv_0-251004-123951_value1_1_dFzTW_377027", "financialYearStartMonth": "4", "resourceGroups": {"costCenters": ["5c2ef216-4e4d-4d54-9f76-60baadc72dc0"]}, "systemEstimate": true, "budgetAlert": {"configuration": {"monthly": [{"thresholdPercent": 71, "isDisabled": false}], "quarterly": [{"thresholdPercent": 76, "isDisabled": false}], "yearly": [{"thresholdPercent": 89, "isDisabled": false}]}, "recipients": ["sspuser1@systest.nutanix.com"], "isDisabled": false}}
2026-02-07 08:57:37 - create_budget - INFO - [API RESPONSE] POST https://ncm.services.nconprem-10-53-60-173.ccpnx.com/v1/cg/global/budgets
2026-02-07 08:57:37 - create_budget - INFO - [STATUS CODE] 400
2026-02-07 08:57:37 - create_budget - INFO - [TIME TAKEN] 0.3754 seconds (375.40 ms)
2026-02-07 08:57:37 - create_budget - INFO - [RESPONSE CONTENT-TYPE] application/json
2026-02-07 08:57:37 - create_budget - INFO - [RESPONSE PAYLOAD]
{
  "errorCode": 990016,
  "errorMessage": "Budget Already exists for the given session or Budget overlaps with an Expired Budget of same resource group"
}
2026-02-07 08:57:37 - create_budget - ERROR - ✗ Failed to create budget 'budget_1_CC_HomePC_Account_0e846_ahv_0-251004-123951_key1_dFzTW_ahv_0-251004-123951_value1_1_dFzTW_377027': HTTP 400 - {'errorCode': 990016, 'errorMessage': 'Budget Already exists for the given session or Budget overlaps with an Expired Budget of same resource group'}
2026-02-07 08:57:37 - create_budget - INFO - [59/301] Creating CC budget: budget_1_CC_HomePC_Account_0e846_ahv_0-251004-124004_key1_Sbu5J_ahv_0-251004-124004_value1_1_Sbu5J_377027
2026-02-07 08:57:37 - create_budget - INFO - [API REQUEST] POST https://ncm.services.nconprem-10-53-60-173.ccpnx.com/v1/cg/global/budgets
2026-02-07 08:57:37 - create_budget - INFO - [REQUEST DATA PAYLOAD] {"budgetName": "budget_1_CC_HomePC_Account_0e846_ahv_0-251004-124004_key1_Sbu5J_ahv_0-251004-124004_value1_1_Sbu5J_377027", "financialYearStartMonth": "7", "resourceGroups": {"costCenters": ["044a89a6-99cf-4709-b1de-5e6b478003b5"]}, "systemEstimate": true, "budgetAlert": {"configuration": {"monthly": [{"thresholdPercent": 68, "isDisabled": false}], "quarterly": [{"thresholdPercent": 83, "isDisabled": false}], "yearly": [{"thresholdPercent": 93, "isDisabled": false}]}, "recipients": ["sspuser1@systest.nutanix.com"], "isDisabled": false}}
2026-02-07 08:57:38 - create_budget - INFO - [API RESPONSE] POST https://ncm.services.nconprem-10-53-60-173.ccpnx.com/v1/cg/global/budgets
2026-02-07 08:57:38 - create_budget - INFO - [STATUS CODE] 400
2026-02-07 08:57:38 - create_budget - INFO - [TIME TAKEN] 0.3016 seconds (301.63 ms)
2026-02-07 08:57:38 - create_budget - INFO - [RESPONSE CONTENT-TYPE] application/json
2026-02-07 08:57:38 - create_budget - INFO - [RESPONSE PAYLOAD]
{
  "errorCode": 990016,
  "errorMessage": "Budget Already exists for the given session or Budget overlaps with an Expired Budget of same resource group"
}
2026-02-07 08:57:38 - create_budget - ERROR - ✗ Failed to create budget 'budget_1_CC_HomePC_Account_0e846_ahv_0-251004-124004_key1_Sbu5J_ahv_0-251004-124004_value1_1_Sbu5J_377027': HTTP 400 - {'errorCode': 990016, 'errorMessage': 'Budget Already exists for the given session or Budget overlaps with an Expired Budget of same resource group'}
2026-02-07 08:57:38 - create_budget - INFO - [60/301] Creating CC budget: budget_1_CC_HomePC_Account_0e846_ahv_0-251004-124014_key1_YeKDR_ahv_0-251004-124014_value1_2_YeKDR_377027
2026-02-07 08:57:38 - create_budget - INFO - [API REQUEST] POST https://ncm.services.nconprem-10-53-60-173.ccpnx.com/v1/cg/global/budgets
2026-02-07 08:57:38 - create_budget - INFO - [REQUEST DATA PAYLOAD] {"budgetName": "budget_1_CC_HomePC_Account_0e846_ahv_0-251004-124014_key1_YeKDR_ahv_0-251004-124014_value1_2_YeKDR_377027", "financialYearStartMonth": "3", "resourceGroups": {"costCenters": ["d8c6b760-13ac-4244-8bc1-f1556d7f80bc"]}, "systemEstimate": true, "budgetAlert": {"configuration": {"monthly": [{"thresholdPercent": 73, "isDisabled": false}], "quarterly": [{"thresholdPercent": 85, "isDisabled": false}], "yearly": [{"thresholdPercent": 86, "isDisabled": false}]}, "recipients": ["sspuser1@systest.nutanix.com"], "isDisabled": false}}
2026-02-07 08:57:38 - create_budget - INFO - [API RESPONSE] POST https://ncm.services.nconprem-10-53-60-173.ccpnx.com/v1/cg/global/budgets
2026-02-07 08:57:38 - create_budget - INFO - [STATUS CODE] 400
2026-02-07 08:57:38 - create_budget - INFO - [TIME TAKEN] 0.2716 seconds (271.65 ms)
2026-02-07 08:57:38 - create_budget - INFO - [RESPONSE CONTENT-TYPE] application/json
2026-02-07 08:57:38 - create_budget - INFO - [RESPONSE PAYLOAD]
{
  "errorCode": 990016,
  "errorMessage": "Budget Already exists for the given session or Budget overlaps with an Expired Budget of same resource group"
}
2026-02-07 08:57:38 - create_budget - ERROR - ✗ Failed to create budget 'budget_1_CC_HomePC_Account_0e846_ahv_0-251004-124014_key1_YeKDR_ahv_0-251004-124014_value1_2_YeKDR_377027': HTTP 400 - {'errorCode': 990016, 'errorMessage': 'Budget Already exists for the given session or Budget overlaps with an Expired Budget of same resource group'}
2026-02-07 08:57:38 - create_budget - INFO - [61/301] Creating CC budget: budget_1_CC_HomePC_Account_0e846_ahv_0-251004-124037_key1_nOHmh_ahv_0-251004-124037_value1_1_nOHmh_377027
2026-02-07 08:57:38 - create_budget - INFO - [API REQUEST] POST https://ncm.services.nconprem-10-53-60-173.ccpnx.com/v1/cg/global/budgets
2026-02-07 08:57:38 - create_budget - INFO - [REQUEST DATA PAYLOAD] {"budgetName": "budget_1_CC_HomePC_Account_0e846_ahv_0-251004-124037_key1_nOHmh_ahv_0-251004-124037_value1_1_nOHmh_377027", "financialYearStartMonth": "5", "resourceGroups": {"costCenters": ["63991675-20c8-49af-9c69-a11733eaf2f9"]}, "systemEstimate": true, "budgetAlert": {"configuration": {"monthly": [{"thresholdPercent": 65, "isDisabled": false}], "quarterly": [{"thresholdPercent": 84, "isDisabled": false}], "yearly": [{"thresholdPercent": 85, "isDisabled": false}]}, "recipients": ["sspuser1@systest.nutanix.com"], "isDisabled": false}}
2026-02-07 08:57:38 - create_budget - INFO - [API RESPONSE] POST https://ncm.services.nconprem-10-53-60-173.ccpnx.com/v1/cg/global/budgets
2026-02-07 08:57:38 - create_budget - INFO - [STATUS CODE] 400
2026-02-07 08:57:38 - create_budget - INFO - [TIME TAKEN] 0.4716 seconds (471.56 ms)
2026-02-07 08:57:38 - create_budget - INFO - [RESPONSE CONTENT-TYPE] application/json
2026-02-07 08:57:38 - create_budget - INFO - [RESPONSE PAYLOAD]
{
  "errorCode": 990016,
  "errorMessage": "Budget Already exists for the given session or Budget overlaps with an Expired Budget of same resource group"
}
2026-02-07 08:57:38 - create_budget - ERROR - ✗ Failed to create budget 'budget_1_CC_HomePC_Account_0e846_ahv_0-251004-124037_key1_nOHmh_ahv_0-251004-124037_value1_1_nOHmh_377027': HTTP 400 - {'errorCode': 990016, 'errorMessage': 'Budget Already exists for the given session or Budget overlaps with an Expired Budget of same resource group'}
2026-02-07 08:57:38 - create_budget - INFO - [62/301] Creating BU budget: budget_1_Business_Unit_11
2026-02-07 08:57:38 - create_budget - INFO - [API REQUEST] POST https://ncm.services.nconprem-10-53-60-173.ccpnx.com/v1/cg/global/budgets
2026-02-07 08:57:38 - create_budget - INFO - [REQUEST DATA PAYLOAD] {"budgetName": "budget_1_Business_Unit_11", "financialYearStartMonth": "2", "resourceGroups": {"businessUnit": ["6f244dc3-2c8d-4451-b08a-a317d98f265c"]}, "systemEstimate": true, "budgetAlert": {"configuration": {"monthly": [{"thresholdPercent": 72, "isDisabled": false}], "quarterly": [{"thresholdPercent": 78, "isDisabled": false}], "yearly": [{"thresholdPercent": 89, "isDisabled": false}]}, "recipients": ["sspuser1@systest.nutanix.com"], "isDisabled": false}}
2026-02-07 08:57:39 - create_budget - INFO - [API RESPONSE] POST https://ncm.services.nconprem-10-53-60-173.ccpnx.com/v1/cg/global/budgets
2026-02-07 08:57:39 - create_budget - INFO - [STATUS CODE] 500
2026-02-07 08:57:39 - create_budget - INFO - [TIME TAKEN] 0.3763 seconds (376.29 ms)
2026-02-07 08:57:39 - create_budget - INFO - [RESPONSE CONTENT-TYPE] application/json
2026-02-07 08:57:39 - create_budget - INFO - [RESPONSE PAYLOAD]
{
  "errorCode": 990020,
  "errorMessage": "The system encountered an internal error. If the issue persists, please reach out to our support."
}
2026-02-07 08:57:39 - create_budget - ERROR - ✗ Failed to create budget 'budget_1_Business_Unit_11': HTTP 500 - {'errorCode': 990020, 'errorMessage': 'The system encountered an internal error. If the issue persists, please reach out to our support.'}
2026-02-07 08:57:39 - create_budget - INFO - [63/301] Creating CC budget: budget_1_CC_HomePC_Account_0e846_ahv_0-251004-124118_key1_6iKcc_ahv_0-251004-124118_value1_1_6iKcc_377027
2026-02-07 08:57:39 - create_budget - INFO - [API REQUEST] POST https://ncm.services.nconprem-10-53-60-173.ccpnx.com/v1/cg/global/budgets
2026-02-07 08:57:39 - create_budget - INFO - [REQUEST DATA PAYLOAD] {"budgetName": "budget_1_CC_HomePC_Account_0e846_ahv_0-251004-124118_key1_6iKcc_ahv_0-251004-124118_value1_1_6iKcc_377027", "financialYearStartMonth": "10", "resourceGroups": {"costCenters": ["11c958ea-7ca5-4113-9ea3-9b6e93f50936"]}, "systemEstimate": true, "budgetAlert": {"configuration": {"monthly": [{"thresholdPercent": 69, "isDisabled": false}], "quarterly": [{"thresholdPercent": 83, "isDisabled": false}], "yearly": [{"thresholdPercent": 91, "isDisabled": false}]}, "recipients": ["sspuser1@systest.nutanix.com"], "isDisabled": false}}
2026-02-07 08:57:39 - create_budget - INFO - [API RESPONSE] POST https://ncm.services.nconprem-10-53-60-173.ccpnx.com/v1/cg/global/budgets
2026-02-07 08:57:39 - create_budget - INFO - [STATUS CODE] 400
2026-02-07 08:57:39 - create_budget - INFO - [TIME TAKEN] 0.6002 seconds (600.21 ms)
2026-02-07 08:57:39 - create_budget - INFO - [RESPONSE CONTENT-TYPE] application/json
2026-02-07 08:57:39 - create_budget - INFO - [RESPONSE PAYLOAD]
{
  "errorCode": 990016,
  "errorMessage": "Budget Already exists for the given session or Budget overlaps with an Expired Budget of same resource group"
}
2026-02-07 08:57:39 - create_budget - ERROR - ✗ Failed to create budget 'budget_1_CC_HomePC_Account_0e846_ahv_0-251004-124118_key1_6iKcc_ahv_0-251004-124118_value1_1_6iKcc_377027': HTTP 400 - {'errorCode': 990016, 'errorMessage': 'Budget Already exists for the given session or Budget overlaps with an Expired Budget of same resource group'}
2026-02-07 08:57:39 - create_budget - INFO - [64/301] Creating CC budget: budget_1_CC_HomePC_Account_0e846_ahv_0-251004-124042_key1_dY74l_ahv_0-251004-124042_value1_5_dY74l_377027
2026-02-07 08:57:39 - create_budget - INFO - [API REQUEST] POST https://ncm.services.nconprem-10-53-60-173.ccpnx.com/v1/cg/global/budgets
2026-02-07 08:57:39 - create_budget - INFO - [REQUEST DATA PAYLOAD] {"budgetName": "budget_1_CC_HomePC_Account_0e846_ahv_0-251004-124042_key1_dY74l_ahv_0-251004-124042_value1_5_dY74l_377027", "financialYearStartMonth": "9", "resourceGroups": {"costCenters": ["4869e3e2-10bc-47a7-bc00-8d8f21545df5"]}, "systemEstimate": true, "budgetAlert": {"configuration": {"monthly": [{"thresholdPercent": 70, "isDisabled": false}], "quarterly": [{"thresholdPercent": 80, "isDisabled": false}], "yearly": [{"thresholdPercent": 89, "isDisabled": false}]}, "recipients": ["sspuser1@systest.nutanix.com"], "isDisabled": false}}
2026-02-07 08:57:40 - create_budget - INFO - [API RESPONSE] POST https://ncm.services.nconprem-10-53-60-173.ccpnx.com/v1/cg/global/budgets
2026-02-07 08:57:40 - create_budget - INFO - [STATUS CODE] 400
2026-02-07 08:57:40 - create_budget - INFO - [TIME TAKEN] 0.2588 seconds (258.80 ms)
2026-02-07 08:57:40 - create_budget - INFO - [RESPONSE CONTENT-TYPE] application/json
2026-02-07 08:57:40 - create_budget - INFO - [RESPONSE PAYLOAD]
{
  "errorCode": 990016,
  "errorMessage": "Budget Already exists for the given session or Budget overlaps with an Expired Budget of same resource group"
}
2026-02-07 08:57:40 - create_budget - ERROR - ✗ Failed to create budget 'budget_1_CC_HomePC_Account_0e846_ahv_0-251004-124042_key1_dY74l_ahv_0-251004-124042_value1_5_dY74l_377027': HTTP 400 - {'errorCode': 990016, 'errorMessage': 'Budget Already exists for the given session or Budget overlaps with an Expired Budget of same resource group'}
2026-02-07 08:57:40 - create_budget - INFO - [65/301] Creating CC budget: budget_1_CC_HomePC_Account_0e846_ahv_0-251004-124045_key1_C6ZAP_ahv_0-251004-124045_value1_1_C6ZAP_377027
2026-02-07 08:57:40 - create_budget - INFO - [API REQUEST] POST https://ncm.services.nconprem-10-53-60-173.ccpnx.com/v1/cg/global/budgets
2026-02-07 08:57:40 - create_budget - INFO - [REQUEST DATA PAYLOAD] {"budgetName": "budget_1_CC_HomePC_Account_0e846_ahv_0-251004-124045_key1_C6ZAP_ahv_0-251004-124045_value1_1_C6ZAP_377027", "financialYearStartMonth": "3", "resourceGroups": {"costCenters": ["a8a71960-e1bd-45dd-acd9-69d4afc05105"]}, "systemEstimate": true, "budgetAlert": {"configuration": {"monthly": [{"thresholdPercent": 74, "isDisabled": false}], "quarterly": [{"thresholdPercent": 80, "isDisabled": false}], "yearly": [{"thresholdPercent": 91, "isDisabled": false}]}, "recipients": ["sspuser1@systest.nutanix.com"], "isDisabled": false}}
2026-02-07 08:57:40 - create_budget - INFO - [API RESPONSE] POST https://ncm.services.nconprem-10-53-60-173.ccpnx.com/v1/cg/global/budgets
2026-02-07 08:57:40 - create_budget - INFO - [STATUS CODE] 400
2026-02-07 08:57:40 - create_budget - INFO - [TIME TAKEN] 0.3846 seconds (384.59 ms)
2026-02-07 08:57:40 - create_budget - INFO - [RESPONSE CONTENT-TYPE] application/json
2026-02-07 08:57:40 - create_budget - INFO - [RESPONSE PAYLOAD]
{
  "errorCode": 990016,
  "errorMessage": "Budget Already exists for the given session or Budget overlaps with an Expired Budget of same resource group"
}
2026-02-07 08:57:40 - create_budget - ERROR - ✗ Failed to create budget 'budget_1_CC_HomePC_Account_0e846_ahv_0-251004-124045_key1_C6ZAP_ahv_0-251004-124045_value1_1_C6ZAP_377027': HTTP 400 - {'errorCode': 990016, 'errorMessage': 'Budget Already exists for the given session or Budget overlaps with an Expired Budget of same resource group'}
2026-02-07 08:57:40 - create_budget - INFO - [66/301] Creating CC budget: budget_1_CC_HomePC_Account_0e846_ahv_0-251004-124052_key1_cRT67_ahv_0-251004-124052_value1_3_cRT67_377027
2026-02-07 08:57:40 - create_budget - INFO - [API REQUEST] POST https://ncm.services.nconprem-10-53-60-173.ccpnx.com/v1/cg/global/budgets
2026-02-07 08:57:40 - create_budget - INFO - [REQUEST DATA PAYLOAD] {"budgetName": "budget_1_CC_HomePC_Account_0e846_ahv_0-251004-124052_key1_cRT67_ahv_0-251004-124052_value1_3_cRT67_377027", "financialYearStartMonth": "1", "resourceGroups": {"costCenters": ["d0f7ff1d-c8e8-4b2b-a5e0-4395a1102434"]}, "systemEstimate": true, "budgetAlert": {"configuration": {"monthly": [{"thresholdPercent": 73, "isDisabled": false}], "quarterly": [{"thresholdPercent": 76, "isDisabled": false}], "yearly": [{"thresholdPercent": 85, "isDisabled": false}]}, "recipients": ["sspuser1@systest.nutanix.com"], "isDisabled": false}}
2026-02-07 08:57:40 - create_budget - INFO - [API RESPONSE] POST https://ncm.services.nconprem-10-53-60-173.ccpnx.com/v1/cg/global/budgets
2026-02-07 08:57:40 - create_budget - INFO - [STATUS CODE] 400
2026-02-07 08:57:40 - create_budget - INFO - [TIME TAKEN] 0.3307 seconds (330.73 ms)
2026-02-07 08:57:40 - create_budget - INFO - [RESPONSE CONTENT-TYPE] application/json
2026-02-07 08:57:40 - create_budget - INFO - [RESPONSE PAYLOAD]
{
  "errorCode": 990016,
  "errorMessage": "Budget Already exists for the given session or Budget overlaps with an Expired Budget of same resource group"
}
2026-02-07 08:57:40 - create_budget - ERROR - ✗ Failed to create budget 'budget_1_CC_HomePC_Account_0e846_ahv_0-251004-124052_key1_cRT67_ahv_0-251004-124052_value1_3_cRT67_377027': HTTP 400 - {'errorCode': 990016, 'errorMessage': 'Budget Already exists for the given session or Budget overlaps with an Expired Budget of same resource group'}
2026-02-07 08:57:40 - create_budget - INFO - [67/301] Creating CC budget: budget_1_CC_HomePC_Account_0e846_ahv_0-251004-124102_key1_rru4X_ahv_0-251004-124102_value1_1_rru4X_377027
2026-02-07 08:57:40 - create_budget - INFO - [API REQUEST] POST https://ncm.services.nconprem-10-53-60-173.ccpnx.com/v1/cg/global/budgets
2026-02-07 08:57:40 - create_budget - INFO - [REQUEST DATA PAYLOAD] {"budgetName": "budget_1_CC_HomePC_Account_0e846_ahv_0-251004-124102_key1_rru4X_ahv_0-251004-124102_value1_1_rru4X_377027", "financialYearStartMonth": "8", "resourceGroups": {"costCenters": ["63ecae5c-41a2-4cb5-928e-5c592425caa8"]}, "systemEstimate": true, "budgetAlert": {"configuration": {"monthly": [{"thresholdPercent": 72, "isDisabled": false}], "quarterly": [{"thresholdPercent": 83, "isDisabled": false}], "yearly": [{"thresholdPercent": 87, "isDisabled": false}]}, "recipients": ["sspuser1@systest.nutanix.com"], "isDisabled": false}}
2026-02-07 08:57:41 - create_budget - INFO - [API RESPONSE] POST https://ncm.services.nconprem-10-53-60-173.ccpnx.com/v1/cg/global/budgets
2026-02-07 08:57:41 - create_budget - INFO - [STATUS CODE] 400
2026-02-07 08:57:41 - create_budget - INFO - [TIME TAKEN] 0.2835 seconds (283.50 ms)
2026-02-07 08:57:41 - create_budget - INFO - [RESPONSE CONTENT-TYPE] application/json
2026-02-07 08:57:41 - create_budget - INFO - [RESPONSE PAYLOAD]
{
  "errorCode": 990016,
  "errorMessage": "Budget Already exists for the given session or Budget overlaps with an Expired Budget of same resource group"
}
2026-02-07 08:57:41 - create_budget - ERROR - ✗ Failed to create budget 'budget_1_CC_HomePC_Account_0e846_ahv_0-251004-124102_key1_rru4X_ahv_0-251004-124102_value1_1_rru4X_377027': HTTP 400 - {'errorCode': 990016, 'errorMessage': 'Budget Already exists for the given session or Budget overlaps with an Expired Budget of same resource group'}
2026-02-07 08:57:41 - create_budget - INFO - [68/301] Creating BU budget: budget_1_Business_Unit_12
2026-02-07 08:57:41 - create_budget - INFO - [API REQUEST] POST https://ncm.services.nconprem-10-53-60-173.ccpnx.com/v1/cg/global/budgets
2026-02-07 08:57:41 - create_budget - INFO - [REQUEST DATA PAYLOAD] {"budgetName": "budget_1_Business_Unit_12", "financialYearStartMonth": "8", "resourceGroups": {"businessUnit": ["433afa7b-6f0a-4e51-b52d-5e585780976f"]}, "systemEstimate": true, "budgetAlert": {"configuration": {"monthly": [{"thresholdPercent": 71, "isDisabled": false}], "quarterly": [{"thresholdPercent": 84, "isDisabled": false}], "yearly": [{"thresholdPercent": 95, "isDisabled": false}]}, "recipients": ["sspuser1@systest.nutanix.com"], "isDisabled": false}}
2026-02-07 08:57:41 - create_budget - INFO - [API RESPONSE] POST https://ncm.services.nconprem-10-53-60-173.ccpnx.com/v1/cg/global/budgets
2026-02-07 08:57:41 - create_budget - INFO - [STATUS CODE] 500
2026-02-07 08:57:41 - create_budget - INFO - [TIME TAKEN] 0.2801 seconds (280.13 ms)
2026-02-07 08:57:41 - create_budget - INFO - [RESPONSE CONTENT-TYPE] application/json
2026-02-07 08:57:41 - create_budget - INFO - [RESPONSE PAYLOAD]
{
  "errorCode": 990020,
  "errorMessage": "The system encountered an internal error. If the issue persists, please reach out to our support."
}
2026-02-07 08:57:41 - create_budget - ERROR - ✗ Failed to create budget 'budget_1_Business_Unit_12': HTTP 500 - {'errorCode': 990020, 'errorMessage': 'The system encountered an internal error. If the issue persists, please reach out to our support.'}
2026-02-07 08:57:41 - create_budget - INFO - [69/301] Creating CC budget: budget_1_CC_HomePC_Account_0e846_ahv_0-251004-124155_key1_AFmGW_ahv_0-251004-124155_value1_3_AFmGW_377027
2026-02-07 08:57:41 - create_budget - INFO - [API REQUEST] POST https://ncm.services.nconprem-10-53-60-173.ccpnx.com/v1/cg/global/budgets
2026-02-07 08:57:41 - create_budget - INFO - [REQUEST DATA PAYLOAD] {"budgetName": "budget_1_CC_HomePC_Account_0e846_ahv_0-251004-124155_key1_AFmGW_ahv_0-251004-124155_value1_3_AFmGW_377027", "financialYearStartMonth": "2", "resourceGroups": {"costCenters": ["4dfdc104-4b8a-4454-a398-8f5b2f20a6e3"]}, "systemEstimate": true, "budgetAlert": {"configuration": {"monthly": [{"thresholdPercent": 72, "isDisabled": false}], "quarterly": [{"thresholdPercent": 82, "isDisabled": false}], "yearly": [{"thresholdPercent": 91, "isDisabled": false}]}, "recipients": ["sspuser1@systest.nutanix.com"], "isDisabled": false}}
2026-02-07 08:57:41 - create_budget - INFO - [API RESPONSE] POST https://ncm.services.nconprem-10-53-60-173.ccpnx.com/v1/cg/global/budgets
2026-02-07 08:57:41 - create_budget - INFO - [STATUS CODE] 400
2026-02-07 08:57:41 - create_budget - INFO - [TIME TAKEN] 0.3936 seconds (393.56 ms)
2026-02-07 08:57:41 - create_budget - INFO - [RESPONSE CONTENT-TYPE] application/json
2026-02-07 08:57:41 - create_budget - INFO - [RESPONSE PAYLOAD]
{
  "errorCode": 990016,
  "errorMessage": "Budget Already exists for the given session or Budget overlaps with an Expired Budget of same resource group"
}
2026-02-07 08:57:41 - create_budget - ERROR - ✗ Failed to create budget 'budget_1_CC_HomePC_Account_0e846_ahv_0-251004-124155_key1_AFmGW_ahv_0-251004-124155_value1_3_AFmGW_377027': HTTP 400 - {'errorCode': 990016, 'errorMessage': 'Budget Already exists for the given session or Budget overlaps with an Expired Budget of same resource group'}
2026-02-07 08:57:41 - create_budget - INFO - [70/301] Creating CC budget: budget_1_CC_HomePC_Account_0e846_ahv_0-251004-124125_key1_aiLCS_ahv_0-251004-124125_value1_1_aiLCS_377027
2026-02-07 08:57:41 - create_budget - INFO - [API REQUEST] POST https://ncm.services.nconprem-10-53-60-173.ccpnx.com/v1/cg/global/budgets
2026-02-07 08:57:41 - create_budget - INFO - [REQUEST DATA PAYLOAD] {"budgetName": "budget_1_CC_HomePC_Account_0e846_ahv_0-251004-124125_key1_aiLCS_ahv_0-251004-124125_value1_1_aiLCS_377027", "financialYearStartMonth": "12", "resourceGroups": {"costCenters": ["ec2c8ce3-7497-4e9c-a12e-241ba1fbe1b0"]}, "systemEstimate": true, "budgetAlert": {"configuration": {"monthly": [{"thresholdPercent": 66, "isDisabled": false}], "quarterly": [{"thresholdPercent": 85, "isDisabled": false}], "yearly": [{"thresholdPercent": 94, "isDisabled": false}]}, "recipients": ["sspuser1@systest.nutanix.com"], "isDisabled": false}}
2026-02-07 08:57:41 - create_budget - INFO - [API RESPONSE] POST https://ncm.services.nconprem-10-53-60-173.ccpnx.com/v1/cg/global/budgets
2026-02-07 08:57:41 - create_budget - INFO - [STATUS CODE] 400
2026-02-07 08:57:41 - create_budget - INFO - [TIME TAKEN] 0.2303 seconds (230.29 ms)
2026-02-07 08:57:41 - create_budget - INFO - [RESPONSE CONTENT-TYPE] application/json
2026-02-07 08:57:41 - create_budget - INFO - [RESPONSE PAYLOAD]
{
  "errorCode": 990016,
  "errorMessage": "Budget Already exists for the given session or Budget overlaps with an Expired Budget of same resource group"
}
2026-02-07 08:57:41 - create_budget - ERROR - ✗ Failed to create budget 'budget_1_CC_HomePC_Account_0e846_ahv_0-251004-124125_key1_aiLCS_ahv_0-251004-124125_value1_1_aiLCS_377027': HTTP 400 - {'errorCode': 990016, 'errorMessage': 'Budget Already exists for the given session or Budget overlaps with an Expired Budget of same resource group'}
2026-02-07 08:57:41 - create_budget - INFO - [71/301] Creating CC budget: budget_1_CC_HomePC_Account_0e846_ahv_0-251004-124126_key1_JJLYq_ahv_0-251004-124126_value1_3_JJLYq_377027
2026-02-07 08:57:41 - create_budget - INFO - [API REQUEST] POST https://ncm.services.nconprem-10-53-60-173.ccpnx.com/v1/cg/global/budgets
2026-02-07 08:57:41 - create_budget - INFO - [REQUEST DATA PAYLOAD] {"budgetName": "budget_1_CC_HomePC_Account_0e846_ahv_0-251004-124126_key1_JJLYq_ahv_0-251004-124126_value1_3_JJLYq_377027", "financialYearStartMonth": "6", "resourceGroups": {"costCenters": ["a6d421d4-908b-469f-84e9-fe169fcef81c"]}, "systemEstimate": true, "budgetAlert": {"configuration": {"monthly": [{"thresholdPercent": 73, "isDisabled": false}], "quarterly": [{"thresholdPercent": 76, "isDisabled": false}], "yearly": [{"thresholdPercent": 91, "isDisabled": false}]}, "recipients": ["sspuser1@systest.nutanix.com"], "isDisabled": false}}
2026-02-07 08:57:42 - create_budget - INFO - [API RESPONSE] POST https://ncm.services.nconprem-10-53-60-173.ccpnx.com/v1/cg/global/budgets
2026-02-07 08:57:42 - create_budget - INFO - [STATUS CODE] 400
2026-02-07 08:57:42 - create_budget - INFO - [TIME TAKEN] 0.3808 seconds (380.77 ms)
2026-02-07 08:57:42 - create_budget - INFO - [RESPONSE CONTENT-TYPE] application/json
2026-02-07 08:57:42 - create_budget - INFO - [RESPONSE PAYLOAD]
{
  "errorCode": 990016,
  "errorMessage": "Budget Already exists for the given session or Budget overlaps with an Expired Budget of same resource group"
}
2026-02-07 08:57:42 - create_budget - ERROR - ✗ Failed to create budget 'budget_1_CC_HomePC_Account_0e846_ahv_0-251004-124126_key1_JJLYq_ahv_0-251004-124126_value1_3_JJLYq_377027': HTTP 400 - {'errorCode': 990016, 'errorMessage': 'Budget Already exists for the given session or Budget overlaps with an Expired Budget of same resource group'}
2026-02-07 08:57:42 - create_budget - INFO - [72/301] Creating CC budget: budget_1_CC_HomePC_Account_0e846_ahv_0-251004-124139_key1_ANBF3_ahv_0-251004-124139_value1_1_ANBF3_377027
2026-02-07 08:57:42 - create_budget - INFO - [API REQUEST] POST https://ncm.services.nconprem-10-53-60-173.ccpnx.com/v1/cg/global/budgets
2026-02-07 08:57:42 - create_budget - INFO - [REQUEST DATA PAYLOAD] {"budgetName": "budget_1_CC_HomePC_Account_0e846_ahv_0-251004-124139_key1_ANBF3_ahv_0-251004-124139_value1_1_ANBF3_377027", "financialYearStartMonth": "3", "resourceGroups": {"costCenters": ["d3afe0ed-a3cc-4745-94c0-7edd1630ef3a"]}, "systemEstimate": true, "budgetAlert": {"configuration": {"monthly": [{"thresholdPercent": 72, "isDisabled": false}], "quarterly": [{"thresholdPercent": 76, "isDisabled": false}], "yearly": [{"thresholdPercent": 86, "isDisabled": false}]}, "recipients": ["sspuser1@systest.nutanix.com"], "isDisabled": false}}
2026-02-07 08:57:42 - create_budget - INFO - [API RESPONSE] POST https://ncm.services.nconprem-10-53-60-173.ccpnx.com/v1/cg/global/budgets
2026-02-07 08:57:42 - create_budget - INFO - [STATUS CODE] 400
2026-02-07 08:57:42 - create_budget - INFO - [TIME TAKEN] 0.4188 seconds (418.78 ms)
2026-02-07 08:57:42 - create_budget - INFO - [RESPONSE CONTENT-TYPE] application/json
2026-02-07 08:57:42 - create_budget - INFO - [RESPONSE PAYLOAD]
{
  "errorCode": 990016,
  "errorMessage": "Budget Already exists for the given session or Budget overlaps with an Expired Budget of same resource group"
}
2026-02-07 08:57:42 - create_budget - ERROR - ✗ Failed to create budget 'budget_1_CC_HomePC_Account_0e846_ahv_0-251004-124139_key1_ANBF3_ahv_0-251004-124139_value1_1_ANBF3_377027': HTTP 400 - {'errorCode': 990016, 'errorMessage': 'Budget Already exists for the given session or Budget overlaps with an Expired Budget of same resource group'}
2026-02-07 08:57:42 - create_budget - INFO - [73/301] Creating CC budget: budget_1_CC_HomePC_Account_0e846_ahv_0-251004-124137_key1_4XjvR_ahv_0-251004-124137_value1_1_4XjvR_377027
2026-02-07 08:57:42 - create_budget - INFO - [API REQUEST] POST https://ncm.services.nconprem-10-53-60-173.ccpnx.com/v1/cg/global/budgets
2026-02-07 08:57:42 - create_budget - INFO - [REQUEST DATA PAYLOAD] {"budgetName": "budget_1_CC_HomePC_Account_0e846_ahv_0-251004-124137_key1_4XjvR_ahv_0-251004-124137_value1_1_4XjvR_377027", "financialYearStartMonth": "10", "resourceGroups": {"costCenters": ["1a368356-ee44-479b-ba29-7d44e21a2e14"]}, "systemEstimate": true, "budgetAlert": {"configuration": {"monthly": [{"thresholdPercent": 74, "isDisabled": false}], "quarterly": [{"thresholdPercent": 77, "isDisabled": false}], "yearly": [{"thresholdPercent": 91, "isDisabled": false}]}, "recipients": ["sspuser1@systest.nutanix.com"], "isDisabled": false}}
2026-02-07 08:57:43 - create_budget - INFO - [API RESPONSE] POST https://ncm.services.nconprem-10-53-60-173.ccpnx.com/v1/cg/global/budgets
2026-02-07 08:57:43 - create_budget - INFO - [STATUS CODE] 400
2026-02-07 08:57:43 - create_budget - INFO - [TIME TAKEN] 0.3752 seconds (375.16 ms)
2026-02-07 08:57:43 - create_budget - INFO - [RESPONSE CONTENT-TYPE] application/json
2026-02-07 08:57:43 - create_budget - INFO - [RESPONSE PAYLOAD]
{
  "errorCode": 990016,
  "errorMessage": "Budget Already exists for the given session or Budget overlaps with an Expired Budget of same resource group"
}
2026-02-07 08:57:43 - create_budget - ERROR - ✗ Failed to create budget 'budget_1_CC_HomePC_Account_0e846_ahv_0-251004-124137_key1_4XjvR_ahv_0-251004-124137_value1_1_4XjvR_377027': HTTP 400 - {'errorCode': 990016, 'errorMessage': 'Budget Already exists for the given session or Budget overlaps with an Expired Budget of same resource group'}
2026-02-07 08:57:43 - create_budget - INFO - [74/301] Creating BU budget: budget_1_Business_Unit_13
2026-02-07 08:57:43 - create_budget - INFO - [API REQUEST] POST https://ncm.services.nconprem-10-53-60-173.ccpnx.com/v1/cg/global/budgets
2026-02-07 08:57:43 - create_budget - INFO - [REQUEST DATA PAYLOAD] {"budgetName": "budget_1_Business_Unit_13", "financialYearStartMonth": "7", "resourceGroups": {"businessUnit": ["f9da818b-df93-403a-aa66-721f362d1a57"]}, "systemEstimate": true, "budgetAlert": {"configuration": {"monthly": [{"thresholdPercent": 70, "isDisabled": false}], "quarterly": [{"thresholdPercent": 83, "isDisabled": false}], "yearly": [{"thresholdPercent": 86, "isDisabled": false}]}, "recipients": ["sspuser1@systest.nutanix.com"], "isDisabled": false}}
2026-02-07 08:57:43 - create_budget - INFO - [API RESPONSE] POST https://ncm.services.nconprem-10-53-60-173.ccpnx.com/v1/cg/global/budgets
2026-02-07 08:57:43 - create_budget - INFO - [STATUS CODE] 500
2026-02-07 08:57:43 - create_budget - INFO - [TIME TAKEN] 0.3378 seconds (337.85 ms)
2026-02-07 08:57:43 - create_budget - INFO - [RESPONSE CONTENT-TYPE] application/json
2026-02-07 08:57:43 - create_budget - INFO - [RESPONSE PAYLOAD]
{
  "errorCode": 990020,
  "errorMessage": "The system encountered an internal error. If the issue persists, please reach out to our support."
}
2026-02-07 08:57:43 - create_budget - ERROR - ✗ Failed to create budget 'budget_1_Business_Unit_13': HTTP 500 - {'errorCode': 990020, 'errorMessage': 'The system encountered an internal error. If the issue persists, please reach out to our support.'}
2026-02-07 08:57:43 - create_budget - INFO - [75/301] Creating CC budget: budget_1_CC_HomePC_Account_14617_ADGroup_$Default_538825
2026-02-07 08:57:43 - create_budget - INFO - [API REQUEST] POST https://ncm.services.nconprem-10-53-60-173.ccpnx.com/v1/cg/global/budgets
2026-02-07 08:57:43 - create_budget - INFO - [REQUEST DATA PAYLOAD] {"budgetName": "budget_1_CC_HomePC_Account_14617_ADGroup_$Default_538825", "financialYearStartMonth": "8", "resourceGroups": {"costCenters": ["55781c69-2936-4f1b-999e-87f0fd5fee67"]}, "systemEstimate": true, "budgetAlert": {"configuration": {"monthly": [{"thresholdPercent": 65, "isDisabled": false}], "quarterly": [{"thresholdPercent": 83, "isDisabled": false}], "yearly": [{"thresholdPercent": 95, "isDisabled": false}]}, "recipients": ["sspuser1@systest.nutanix.com"], "isDisabled": false}}
2026-02-07 08:57:43 - create_budget - INFO - [API RESPONSE] POST https://ncm.services.nconprem-10-53-60-173.ccpnx.com/v1/cg/global/budgets
2026-02-07 08:57:43 - create_budget - INFO - [STATUS CODE] 400
2026-02-07 08:57:43 - create_budget - INFO - [TIME TAKEN] 0.3649 seconds (364.90 ms)
2026-02-07 08:57:43 - create_budget - INFO - [RESPONSE CONTENT-TYPE] application/json
2026-02-07 08:57:43 - create_budget - INFO - [RESPONSE PAYLOAD]
{
  "errorCode": 990016,
  "errorMessage": "Budget Already exists for the given session or Budget overlaps with an Expired Budget of same resource group"
}
2026-02-07 08:57:43 - create_budget - ERROR - ✗ Failed to create budget 'budget_1_CC_HomePC_Account_14617_ADGroup_$Default_538825': HTTP 400 - {'errorCode': 990016, 'errorMessage': 'Budget Already exists for the given session or Budget overlaps with an Expired Budget of same resource group'}
2026-02-07 08:57:43 - create_budget - INFO - [76/301] Creating CC budget: budget_1_CC_HomePC_Account_14617_ahv_0-250930-142555-NameChanged_key1_7nbbX_ahv_0-250930-142555-NameChanged_value1_10_7nbbX_538825
2026-02-07 08:57:43 - create_budget - INFO - [API REQUEST] POST https://ncm.services.nconprem-10-53-60-173.ccpnx.com/v1/cg/global/budgets
2026-02-07 08:57:43 - create_budget - INFO - [REQUEST DATA PAYLOAD] {"budgetName": "budget_1_CC_HomePC_Account_14617_ahv_0-250930-142555-NameChanged_key1_7nbbX_ahv_0-250930-142555-NameChanged_value1_10_7nbbX_538825", "financialYearStartMonth": "4", "resourceGroups": {"costCenters": ["3314d334-befb-4ead-95e0-b4468183bbc7"]}, "systemEstimate": true, "budgetAlert": {"configuration": {"monthly": [{"thresholdPercent": 72, "isDisabled": false}], "quarterly": [{"thresholdPercent": 81, "isDisabled": false}], "yearly": [{"thresholdPercent": 95, "isDisabled": false}]}, "recipients": ["sspuser1@systest.nutanix.com"], "isDisabled": false}}
2026-02-07 08:57:44 - create_budget - INFO - [API RESPONSE] POST https://ncm.services.nconprem-10-53-60-173.ccpnx.com/v1/cg/global/budgets
2026-02-07 08:57:44 - create_budget - INFO - [STATUS CODE] 400
2026-02-07 08:57:44 - create_budget - INFO - [TIME TAKEN] 0.3171 seconds (317.10 ms)
2026-02-07 08:57:44 - create_budget - INFO - [RESPONSE CONTENT-TYPE] application/json
2026-02-07 08:57:44 - create_budget - INFO - [RESPONSE PAYLOAD]
{
  "errorCode": 990016,
  "errorMessage": "Budget Already exists for the given session or Budget overlaps with an Expired Budget of same resource group"
}
2026-02-07 08:57:44 - create_budget - ERROR - ✗ Failed to create budget 'budget_1_CC_HomePC_Account_14617_ahv_0-250930-142555-NameChanged_key1_7nbbX_ahv_0-250930-142555-NameChanged_value1_10_7nbbX_538825': HTTP 400 - {'errorCode': 990016, 'errorMessage': 'Budget Already exists for the given session or Budget overlaps with an Expired Budget of same resource group'}
2026-02-07 08:57:44 - create_budget - INFO - [77/301] Creating CC budget: budget_1_CC_HomePC_Account_14617_ahv_0-250930-142555-NameChanged_key1_Dx2Sk_ahv_0-250930-142555-NameChanged_value1_1_Dx2Sk_538825
2026-02-07 08:57:44 - create_budget - INFO - [API REQUEST] POST https://ncm.services.nconprem-10-53-60-173.ccpnx.com/v1/cg/global/budgets
2026-02-07 08:57:44 - create_budget - INFO - [REQUEST DATA PAYLOAD] {"budgetName": "budget_1_CC_HomePC_Account_14617_ahv_0-250930-142555-NameChanged_key1_Dx2Sk_ahv_0-250930-142555-NameChanged_value1_1_Dx2Sk_538825", "financialYearStartMonth": "4", "resourceGroups": {"costCenters": ["e3092a8b-60cc-49fe-a012-7b549406c88b"]}, "systemEstimate": true, "budgetAlert": {"configuration": {"monthly": [{"thresholdPercent": 68, "isDisabled": false}], "quarterly": [{"thresholdPercent": 85, "isDisabled": false}], "yearly": [{"thresholdPercent": 95, "isDisabled": false}]}, "recipients": ["sspuser1@systest.nutanix.com"], "isDisabled": false}}
2026-02-07 08:57:44 - create_budget - INFO - [API RESPONSE] POST https://ncm.services.nconprem-10-53-60-173.ccpnx.com/v1/cg/global/budgets
2026-02-07 08:57:44 - create_budget - INFO - [STATUS CODE] 400
2026-02-07 08:57:44 - create_budget - INFO - [TIME TAKEN] 0.3910 seconds (390.96 ms)
2026-02-07 08:57:44 - create_budget - INFO - [RESPONSE CONTENT-TYPE] application/json
2026-02-07 08:57:44 - create_budget - INFO - [RESPONSE PAYLOAD]
{
  "errorCode": 990016,
  "errorMessage": "Budget Already exists for the given session or Budget overlaps with an Expired Budget of same resource group"
}
2026-02-07 08:57:44 - create_budget - ERROR - ✗ Failed to create budget 'budget_1_CC_HomePC_Account_14617_ahv_0-250930-142555-NameChanged_key1_Dx2Sk_ahv_0-250930-142555-NameChanged_value1_1_Dx2Sk_538825': HTTP 400 - {'errorCode': 990016, 'errorMessage': 'Budget Already exists for the given session or Budget overlaps with an Expired Budget of same resource group'}
2026-02-07 08:57:44 - create_budget - INFO - [78/301] Creating CC budget: budget_1_CC_HomePC_Account_14617_ahv_0-250930-142555-NameChanged_key1_fo4eW_ahv_0-250930-142555-NameChanged_value1_1_fo4eW_538825
2026-02-07 08:57:44 - create_budget - INFO - [API REQUEST] POST https://ncm.services.nconprem-10-53-60-173.ccpnx.com/v1/cg/global/budgets
2026-02-07 08:57:44 - create_budget - INFO - [REQUEST DATA PAYLOAD] {"budgetName": "budget_1_CC_HomePC_Account_14617_ahv_0-250930-142555-NameChanged_key1_fo4eW_ahv_0-250930-142555-NameChanged_value1_1_fo4eW_538825", "financialYearStartMonth": "8", "resourceGroups": {"costCenters": ["09458549-baa3-4aff-9c96-8996ca29c76e"]}, "systemEstimate": true, "budgetAlert": {"configuration": {"monthly": [{"thresholdPercent": 75, "isDisabled": false}], "quarterly": [{"thresholdPercent": 80, "isDisabled": false}], "yearly": [{"thresholdPercent": 85, "isDisabled": false}]}, "recipients": ["sspuser1@systest.nutanix.com"], "isDisabled": false}}
2026-02-07 08:57:44 - create_budget - INFO - [API RESPONSE] POST https://ncm.services.nconprem-10-53-60-173.ccpnx.com/v1/cg/global/budgets
2026-02-07 08:57:44 - create_budget - INFO - [STATUS CODE] 400
2026-02-07 08:57:44 - create_budget - INFO - [TIME TAKEN] 0.3677 seconds (367.69 ms)
2026-02-07 08:57:44 - create_budget - INFO - [RESPONSE CONTENT-TYPE] application/json
2026-02-07 08:57:44 - create_budget - INFO - [RESPONSE PAYLOAD]
{
  "errorCode": 990016,
  "errorMessage": "Budget Already exists for the given session or Budget overlaps with an Expired Budget of same resource group"
}
2026-02-07 08:57:44 - create_budget - ERROR - ✗ Failed to create budget 'budget_1_CC_HomePC_Account_14617_ahv_0-250930-142555-NameChanged_key1_fo4eW_ahv_0-250930-142555-NameChanged_value1_1_fo4eW_538825': HTTP 400 - {'errorCode': 990016, 'errorMessage': 'Budget Already exists for the given session or Budget overlaps with an Expired Budget of same resource group'}
2026-02-07 08:57:44 - create_budget - INFO - [79/301] Creating CC budget: budget_1_CC_HomePC_Account_0e846_ahv_0-251004-124200_key1_URbmj_ahv_0-251004-124200_value1_1_URbmj_377027
2026-02-07 08:57:44 - create_budget - INFO - [API REQUEST] POST https://ncm.services.nconprem-10-53-60-173.ccpnx.com/v1/cg/global/budgets
2026-02-07 08:57:44 - create_budget - INFO - [REQUEST DATA PAYLOAD] {"budgetName": "budget_1_CC_HomePC_Account_0e846_ahv_0-251004-124200_key1_URbmj_ahv_0-251004-124200_value1_1_URbmj_377027", "financialYearStartMonth": "2", "resourceGroups": {"costCenters": ["ecec0f95-1498-47b4-9074-bf568b24554f"]}, "systemEstimate": true, "budgetAlert": {"configuration": {"monthly": [{"thresholdPercent": 65, "isDisabled": false}], "quarterly": [{"thresholdPercent": 75, "isDisabled": false}], "yearly": [{"thresholdPercent": 89, "isDisabled": false}]}, "recipients": ["sspuser1@systest.nutanix.com"], "isDisabled": false}}
2026-02-07 08:57:45 - create_budget - INFO - [API RESPONSE] POST https://ncm.services.nconprem-10-53-60-173.ccpnx.com/v1/cg/global/budgets
2026-02-07 08:57:45 - create_budget - INFO - [STATUS CODE] 400
2026-02-07 08:57:45 - create_budget - INFO - [TIME TAKEN] 0.3099 seconds (309.90 ms)
2026-02-07 08:57:45 - create_budget - INFO - [RESPONSE CONTENT-TYPE] application/json
2026-02-07 08:57:45 - create_budget - INFO - [RESPONSE PAYLOAD]
{
  "errorCode": 990016,
  "errorMessage": "Budget Already exists for the given session or Budget overlaps with an Expired Budget of same resource group"
}
2026-02-07 08:57:45 - create_budget - ERROR - ✗ Failed to create budget 'budget_1_CC_HomePC_Account_0e846_ahv_0-251004-124200_key1_URbmj_ahv_0-251004-124200_value1_1_URbmj_377027': HTTP 400 - {'errorCode': 990016, 'errorMessage': 'Budget Already exists for the given session or Budget overlaps with an Expired Budget of same resource group'}
2026-02-07 08:57:45 - create_budget - INFO - [80/301] Creating BU budget: budget_1_Business_Unit_14
2026-02-07 08:57:45 - create_budget - INFO - [API REQUEST] POST https://ncm.services.nconprem-10-53-60-173.ccpnx.com/v1/cg/global/budgets
2026-02-07 08:57:45 - create_budget - INFO - [REQUEST DATA PAYLOAD] {"budgetName": "budget_1_Business_Unit_14", "financialYearStartMonth": "7", "resourceGroups": {"businessUnit": ["f6683487-dd32-4d90-97c8-cc616294a035"]}, "systemEstimate": true, "budgetAlert": {"configuration": {"monthly": [{"thresholdPercent": 71, "isDisabled": false}], "quarterly": [{"thresholdPercent": 83, "isDisabled": false}], "yearly": [{"thresholdPercent": 91, "isDisabled": false}]}, "recipients": ["sspuser1@systest.nutanix.com"], "isDisabled": false}}
2026-02-07 08:57:45 - create_budget - INFO - [API RESPONSE] POST https://ncm.services.nconprem-10-53-60-173.ccpnx.com/v1/cg/global/budgets
2026-02-07 08:57:45 - create_budget - INFO - [STATUS CODE] 500
2026-02-07 08:57:45 - create_budget - INFO - [TIME TAKEN] 0.3734 seconds (373.42 ms)
2026-02-07 08:57:45 - create_budget - INFO - [RESPONSE CONTENT-TYPE] application/json
2026-02-07 08:57:45 - create_budget - INFO - [RESPONSE PAYLOAD]
{
  "errorCode": 990020,
  "errorMessage": "The system encountered an internal error. If the issue persists, please reach out to our support."
}
2026-02-07 08:57:45 - create_budget - ERROR - ✗ Failed to create budget 'budget_1_Business_Unit_14': HTTP 500 - {'errorCode': 990020, 'errorMessage': 'The system encountered an internal error. If the issue persists, please reach out to our support.'}
2026-02-07 08:57:45 - create_budget - INFO - [81/301] Creating CC budget: budget_1_CC_HomePC_Account_14617_ahv_0-251002-230901_key1_ZMC08_ahv_0-251002-230901_value1_1_ZMC08_538825
2026-02-07 08:57:45 - create_budget - INFO - [API REQUEST] POST https://ncm.services.nconprem-10-53-60-173.ccpnx.com/v1/cg/global/budgets
2026-02-07 08:57:45 - create_budget - INFO - [REQUEST DATA PAYLOAD] {"budgetName": "budget_1_CC_HomePC_Account_14617_ahv_0-251002-230901_key1_ZMC08_ahv_0-251002-230901_value1_1_ZMC08_538825", "financialYearStartMonth": "6", "resourceGroups": {"costCenters": ["eac03229-ca52-43e4-a3cf-f6ee0c6c07ac"]}, "systemEstimate": true, "budgetAlert": {"configuration": {"monthly": [{"thresholdPercent": 70, "isDisabled": false}], "quarterly": [{"thresholdPercent": 78, "isDisabled": false}], "yearly": [{"thresholdPercent": 85, "isDisabled": false}]}, "recipients": ["sspuser1@systest.nutanix.com"], "isDisabled": false}}
2026-02-07 08:57:45 - create_budget - INFO - [API RESPONSE] POST https://ncm.services.nconprem-10-53-60-173.ccpnx.com/v1/cg/global/budgets
2026-02-07 08:57:45 - create_budget - INFO - [STATUS CODE] 400
2026-02-07 08:57:45 - create_budget - INFO - [TIME TAKEN] 0.3384 seconds (338.42 ms)
2026-02-07 08:57:45 - create_budget - INFO - [RESPONSE CONTENT-TYPE] application/json
2026-02-07 08:57:45 - create_budget - INFO - [RESPONSE PAYLOAD]
{
  "errorCode": 990016,
  "errorMessage": "Budget Already exists for the given session or Budget overlaps with an Expired Budget of same resource group"
}
2026-02-07 08:57:45 - create_budget - ERROR - ✗ Failed to create budget 'budget_1_CC_HomePC_Account_14617_ahv_0-251002-230901_key1_ZMC08_ahv_0-251002-230901_value1_1_ZMC08_538825': HTTP 400 - {'errorCode': 990016, 'errorMessage': 'Budget Already exists for the given session or Budget overlaps with an Expired Budget of same resource group'}
2026-02-07 08:57:45 - create_budget - INFO - [82/301] Creating CC budget: budget_1_CC_HomePC_Account_14617_ahv_0-251003-055714_key1_zcZmD_ahv_0-251003-055714_value1_1_zcZmD_538825
2026-02-07 08:57:45 - create_budget - INFO - [API REQUEST] POST https://ncm.services.nconprem-10-53-60-173.ccpnx.com/v1/cg/global/budgets
2026-02-07 08:57:45 - create_budget - INFO - [REQUEST DATA PAYLOAD] {"budgetName": "budget_1_CC_HomePC_Account_14617_ahv_0-251003-055714_key1_zcZmD_ahv_0-251003-055714_value1_1_zcZmD_538825", "financialYearStartMonth": "6", "resourceGroups": {"costCenters": ["251d304b-edeb-4718-98b7-9f7860df5036"]}, "systemEstimate": true, "budgetAlert": {"configuration": {"monthly": [{"thresholdPercent": 68, "isDisabled": false}], "quarterly": [{"thresholdPercent": 78, "isDisabled": false}], "yearly": [{"thresholdPercent": 85, "isDisabled": false}]}, "recipients": ["sspuser1@systest.nutanix.com"], "isDisabled": false}}
2026-02-07 08:57:46 - create_budget - INFO - [API RESPONSE] POST https://ncm.services.nconprem-10-53-60-173.ccpnx.com/v1/cg/global/budgets
2026-02-07 08:57:46 - create_budget - INFO - [STATUS CODE] 400
2026-02-07 08:57:46 - create_budget - INFO - [TIME TAKEN] 0.4317 seconds (431.73 ms)
2026-02-07 08:57:46 - create_budget - INFO - [RESPONSE CONTENT-TYPE] application/json
2026-02-07 08:57:46 - create_budget - INFO - [RESPONSE PAYLOAD]
{
  "errorCode": 990016,
  "errorMessage": "Budget Already exists for the given session or Budget overlaps with an Expired Budget of same resource group"
}
2026-02-07 08:57:46 - create_budget - ERROR - ✗ Failed to create budget 'budget_1_CC_HomePC_Account_14617_ahv_0-251003-055714_key1_zcZmD_ahv_0-251003-055714_value1_1_zcZmD_538825': HTTP 400 - {'errorCode': 990016, 'errorMessage': 'Budget Already exists for the given session or Budget overlaps with an Expired Budget of same resource group'}
2026-02-07 08:57:46 - create_budget - INFO - [83/301] Creating CC budget: budget_1_CC_HomePC_Account_14617_ahv_0-250930-142555-NameChanged_key1_gTvXL_ahv_0-250930-142555-NameChanged_value1_10_gTvXL_538825
2026-02-07 08:57:46 - create_budget - INFO - [API REQUEST] POST https://ncm.services.nconprem-10-53-60-173.ccpnx.com/v1/cg/global/budgets
2026-02-07 08:57:46 - create_budget - INFO - [REQUEST DATA PAYLOAD] {"budgetName": "budget_1_CC_HomePC_Account_14617_ahv_0-250930-142555-NameChanged_key1_gTvXL_ahv_0-250930-142555-NameChanged_value1_10_gTvXL_538825", "financialYearStartMonth": "10", "resourceGroups": {"costCenters": ["b8e423d4-f419-4390-8ff8-01278073ba70"]}, "systemEstimate": true, "budgetAlert": {"configuration": {"monthly": [{"thresholdPercent": 67, "isDisabled": false}], "quarterly": [{"thresholdPercent": 79, "isDisabled": false}], "yearly": [{"thresholdPercent": 87, "isDisabled": false}]}, "recipients": ["sspuser1@systest.nutanix.com"], "isDisabled": false}}
2026-02-07 08:57:46 - create_budget - INFO - [API RESPONSE] POST https://ncm.services.nconprem-10-53-60-173.ccpnx.com/v1/cg/global/budgets
2026-02-07 08:57:46 - create_budget - INFO - [STATUS CODE] 400
2026-02-07 08:57:46 - create_budget - INFO - [TIME TAKEN] 0.3475 seconds (347.47 ms)
2026-02-07 08:57:46 - create_budget - INFO - [RESPONSE CONTENT-TYPE] application/json
2026-02-07 08:57:46 - create_budget - INFO - [RESPONSE PAYLOAD]
{
  "errorCode": 990016,
  "errorMessage": "Budget Already exists for the given session or Budget overlaps with an Expired Budget of same resource group"
}
2026-02-07 08:57:46 - create_budget - ERROR - ✗ Failed to create budget 'budget_1_CC_HomePC_Account_14617_ahv_0-250930-142555-NameChanged_key1_gTvXL_ahv_0-250930-142555-NameChanged_value1_10_gTvXL_538825': HTTP 400 - {'errorCode': 990016, 'errorMessage': 'Budget Already exists for the given session or Budget overlaps with an Expired Budget of same resource group'}
2026-02-07 08:57:46 - create_budget - INFO - [84/301] Creating CC budget: budget_1_CC_HomePC_Account_14617_ahv_0-250930-142939_key1_twjx2_ahv_0-250930-142939_value1_1_twjx2_538825
2026-02-07 08:57:46 - create_budget - INFO - [API REQUEST] POST https://ncm.services.nconprem-10-53-60-173.ccpnx.com/v1/cg/global/budgets
2026-02-07 08:57:46 - create_budget - INFO - [REQUEST DATA PAYLOAD] {"budgetName": "budget_1_CC_HomePC_Account_14617_ahv_0-250930-142939_key1_twjx2_ahv_0-250930-142939_value1_1_twjx2_538825", "financialYearStartMonth": "1", "resourceGroups": {"costCenters": ["f78cbd8a-1071-4f4e-bf47-a33563eff84b"]}, "systemEstimate": true, "budgetAlert": {"configuration": {"monthly": [{"thresholdPercent": 67, "isDisabled": false}], "quarterly": [{"thresholdPercent": 78, "isDisabled": false}], "yearly": [{"thresholdPercent": 87, "isDisabled": false}]}, "recipients": ["sspuser1@systest.nutanix.com"], "isDisabled": false}}
2026-02-07 08:57:47 - create_budget - INFO - [API RESPONSE] POST https://ncm.services.nconprem-10-53-60-173.ccpnx.com/v1/cg/global/budgets
2026-02-07 08:57:47 - create_budget - INFO - [STATUS CODE] 400
2026-02-07 08:57:47 - create_budget - INFO - [TIME TAKEN] 0.3464 seconds (346.41 ms)
2026-02-07 08:57:47 - create_budget - INFO - [RESPONSE CONTENT-TYPE] application/json
2026-02-07 08:57:47 - create_budget - INFO - [RESPONSE PAYLOAD]
{
  "errorCode": 990016,
  "errorMessage": "Budget Already exists for the given session or Budget overlaps with an Expired Budget of same resource group"
}
2026-02-07 08:57:47 - create_budget - ERROR - ✗ Failed to create budget 'budget_1_CC_HomePC_Account_14617_ahv_0-250930-142939_key1_twjx2_ahv_0-250930-142939_value1_1_twjx2_538825': HTTP 400 - {'errorCode': 990016, 'errorMessage': 'Budget Already exists for the given session or Budget overlaps with an Expired Budget of same resource group'}
2026-02-07 08:57:47 - create_budget - INFO - [85/301] Creating CC budget: budget_1_CC_HomePC_Account_14617_ahv_0-250930-203852_key1_j0ZEM_ahv_0-250930-203852_value1_1_j0ZEM_538825
2026-02-07 08:57:47 - create_budget - INFO - [API REQUEST] POST https://ncm.services.nconprem-10-53-60-173.ccpnx.com/v1/cg/global/budgets
2026-02-07 08:57:47 - create_budget - INFO - [REQUEST DATA PAYLOAD] {"budgetName": "budget_1_CC_HomePC_Account_14617_ahv_0-250930-203852_key1_j0ZEM_ahv_0-250930-203852_value1_1_j0ZEM_538825", "financialYearStartMonth": "7", "resourceGroups": {"costCenters": ["a245ee7c-c100-4a89-a364-32460bf3c515"]}, "systemEstimate": true, "budgetAlert": {"configuration": {"monthly": [{"thresholdPercent": 75, "isDisabled": false}], "quarterly": [{"thresholdPercent": 80, "isDisabled": false}], "yearly": [{"thresholdPercent": 95, "isDisabled": false}]}, "recipients": ["sspuser1@systest.nutanix.com"], "isDisabled": false}}
2026-02-07 08:57:47 - create_budget - INFO - [API RESPONSE] POST https://ncm.services.nconprem-10-53-60-173.ccpnx.com/v1/cg/global/budgets
2026-02-07 08:57:47 - create_budget - INFO - [STATUS CODE] 400
2026-02-07 08:57:47 - create_budget - INFO - [TIME TAKEN] 0.4725 seconds (472.50 ms)
2026-02-07 08:57:47 - create_budget - INFO - [RESPONSE CONTENT-TYPE] application/json
2026-02-07 08:57:47 - create_budget - INFO - [RESPONSE PAYLOAD]
{
  "errorCode": 990016,
  "errorMessage": "Budget Already exists for the given session or Budget overlaps with an Expired Budget of same resource group"
}
2026-02-07 08:57:47 - create_budget - ERROR - ✗ Failed to create budget 'budget_1_CC_HomePC_Account_14617_ahv_0-250930-203852_key1_j0ZEM_ahv_0-250930-203852_value1_1_j0ZEM_538825': HTTP 400 - {'errorCode': 990016, 'errorMessage': 'Budget Already exists for the given session or Budget overlaps with an Expired Budget of same resource group'}
2026-02-07 08:57:47 - create_budget - INFO - [86/301] Creating BU budget: budget_1_Business_Unit_15
2026-02-07 08:57:47 - create_budget - INFO - [API REQUEST] POST https://ncm.services.nconprem-10-53-60-173.ccpnx.com/v1/cg/global/budgets
2026-02-07 08:57:47 - create_budget - INFO - [REQUEST DATA PAYLOAD] {"budgetName": "budget_1_Business_Unit_15", "financialYearStartMonth": "8", "resourceGroups": {"businessUnit": ["ddbd8fae-31cb-4e02-91f1-1e3a389fa39f"]}, "systemEstimate": true, "budgetAlert": {"configuration": {"monthly": [{"thresholdPercent": 67, "isDisabled": false}], "quarterly": [{"thresholdPercent": 85, "isDisabled": false}], "yearly": [{"thresholdPercent": 85, "isDisabled": false}]}, "recipients": ["sspuser1@systest.nutanix.com"], "isDisabled": false}}
2026-02-07 08:57:47 - create_budget - INFO - [API RESPONSE] POST https://ncm.services.nconprem-10-53-60-173.ccpnx.com/v1/cg/global/budgets
2026-02-07 08:57:47 - create_budget - INFO - [STATUS CODE] 500
2026-02-07 08:57:47 - create_budget - INFO - [TIME TAKEN] 0.2954 seconds (295.36 ms)
2026-02-07 08:57:47 - create_budget - INFO - [RESPONSE CONTENT-TYPE] application/json
2026-02-07 08:57:47 - create_budget - INFO - [RESPONSE PAYLOAD]
{
  "errorCode": 990020,
  "errorMessage": "The system encountered an internal error. If the issue persists, please reach out to our support."
}
2026-02-07 08:57:47 - create_budget - ERROR - ✗ Failed to create budget 'budget_1_Business_Unit_15': HTTP 500 - {'errorCode': 990020, 'errorMessage': 'The system encountered an internal error. If the issue persists, please reach out to our support.'}
2026-02-07 08:57:47 - create_budget - INFO - [87/301] Creating CC budget: budget_1_CC_HomePC_Account_14617_ahv_0-251004-104419_key1_GA5E4_ahv_0-251004-104419_value1_1_GA5E4_538825
2026-02-07 08:57:47 - create_budget - INFO - [API REQUEST] POST https://ncm.services.nconprem-10-53-60-173.ccpnx.com/v1/cg/global/budgets
2026-02-07 08:57:47 - create_budget - INFO - [REQUEST DATA PAYLOAD] {"budgetName": "budget_1_CC_HomePC_Account_14617_ahv_0-251004-104419_key1_GA5E4_ahv_0-251004-104419_value1_1_GA5E4_538825", "financialYearStartMonth": "11", "resourceGroups": {"costCenters": ["aff61f46-c52d-40b3-b83f-0968822baaad"]}, "systemEstimate": true, "budgetAlert": {"configuration": {"monthly": [{"thresholdPercent": 65, "isDisabled": false}], "quarterly": [{"thresholdPercent": 78, "isDisabled": false}], "yearly": [{"thresholdPercent": 93, "isDisabled": false}]}, "recipients": ["sspuser1@systest.nutanix.com"], "isDisabled": false}}
2026-02-07 08:57:48 - create_budget - INFO - [API RESPONSE] POST https://ncm.services.nconprem-10-53-60-173.ccpnx.com/v1/cg/global/budgets
2026-02-07 08:57:48 - create_budget - INFO - [STATUS CODE] 400
2026-02-07 08:57:48 - create_budget - INFO - [TIME TAKEN] 0.3005 seconds (300.51 ms)
2026-02-07 08:57:48 - create_budget - INFO - [RESPONSE CONTENT-TYPE] application/json
2026-02-07 08:57:48 - create_budget - INFO - [RESPONSE PAYLOAD]
{
  "errorCode": 990016,
  "errorMessage": "Budget Already exists for the given session or Budget overlaps with an Expired Budget of same resource group"
}
2026-02-07 08:57:48 - create_budget - ERROR - ✗ Failed to create budget 'budget_1_CC_HomePC_Account_14617_ahv_0-251004-104419_key1_GA5E4_ahv_0-251004-104419_value1_1_GA5E4_538825': HTTP 400 - {'errorCode': 990016, 'errorMessage': 'Budget Already exists for the given session or Budget overlaps with an Expired Budget of same resource group'}
2026-02-07 08:57:48 - create_budget - INFO - [88/301] Creating CC budget: budget_1_CC_HomePC_Account_14617_ahv_0-251004-112453_key1_LWd5m_ahv_0-251004-112453_value1_1_LWd5m_377027
2026-02-07 08:57:48 - create_budget - INFO - [API REQUEST] POST https://ncm.services.nconprem-10-53-60-173.ccpnx.com/v1/cg/global/budgets
2026-02-07 08:57:48 - create_budget - INFO - [REQUEST DATA PAYLOAD] {"budgetName": "budget_1_CC_HomePC_Account_14617_ahv_0-251004-112453_key1_LWd5m_ahv_0-251004-112453_value1_1_LWd5m_377027", "financialYearStartMonth": "12", "resourceGroups": {"costCenters": ["53389bd6-7893-4a9c-a648-d965fc6b382a"]}, "systemEstimate": true, "budgetAlert": {"configuration": {"monthly": [{"thresholdPercent": 68, "isDisabled": false}], "quarterly": [{"thresholdPercent": 78, "isDisabled": false}], "yearly": [{"thresholdPercent": 94, "isDisabled": false}]}, "recipients": ["sspuser1@systest.nutanix.com"], "isDisabled": false}}
2026-02-07 08:57:48 - create_budget - INFO - [API RESPONSE] POST https://ncm.services.nconprem-10-53-60-173.ccpnx.com/v1/cg/global/budgets
2026-02-07 08:57:48 - create_budget - INFO - [STATUS CODE] 400
2026-02-07 08:57:48 - create_budget - INFO - [TIME TAKEN] 0.3159 seconds (315.85 ms)
2026-02-07 08:57:48 - create_budget - INFO - [RESPONSE CONTENT-TYPE] application/json
2026-02-07 08:57:48 - create_budget - INFO - [RESPONSE PAYLOAD]
{
  "errorCode": 990016,
  "errorMessage": "Budget Already exists for the given session or Budget overlaps with an Expired Budget of same resource group"
}
2026-02-07 08:57:48 - create_budget - ERROR - ✗ Failed to create budget 'budget_1_CC_HomePC_Account_14617_ahv_0-251004-112453_key1_LWd5m_ahv_0-251004-112453_value1_1_LWd5m_377027': HTTP 400 - {'errorCode': 990016, 'errorMessage': 'Budget Already exists for the given session or Budget overlaps with an Expired Budget of same resource group'}
2026-02-07 08:57:48 - create_budget - INFO - [89/301] Creating CC budget: budget_1_CC_HomePC_Account_14617_ahv_0-251004-112445_key1_7Juyt_ahv_0-251004-112445_value1_1_7Juyt_538825
2026-02-07 08:57:48 - create_budget - INFO - [API REQUEST] POST https://ncm.services.nconprem-10-53-60-173.ccpnx.com/v1/cg/global/budgets
2026-02-07 08:57:48 - create_budget - INFO - [REQUEST DATA PAYLOAD] {"budgetName": "budget_1_CC_HomePC_Account_14617_ahv_0-251004-112445_key1_7Juyt_ahv_0-251004-112445_value1_1_7Juyt_538825", "financialYearStartMonth": "11", "resourceGroups": {"costCenters": ["8a12f856-6c17-440a-92d1-217aae05bf71"]}, "systemEstimate": true, "budgetAlert": {"configuration": {"monthly": [{"thresholdPercent": 72, "isDisabled": false}], "quarterly": [{"thresholdPercent": 84, "isDisabled": false}], "yearly": [{"thresholdPercent": 93, "isDisabled": false}]}, "recipients": ["sspuser1@systest.nutanix.com"], "isDisabled": false}}
2026-02-07 08:57:48 - create_budget - INFO - [API RESPONSE] POST https://ncm.services.nconprem-10-53-60-173.ccpnx.com/v1/cg/global/budgets
2026-02-07 08:57:48 - create_budget - INFO - [STATUS CODE] 400
2026-02-07 08:57:48 - create_budget - INFO - [TIME TAKEN] 0.3809 seconds (380.87 ms)
2026-02-07 08:57:48 - create_budget - INFO - [RESPONSE CONTENT-TYPE] application/json
2026-02-07 08:57:48 - create_budget - INFO - [RESPONSE PAYLOAD]
{
  "errorCode": 990016,
  "errorMessage": "Budget Already exists for the given session or Budget overlaps with an Expired Budget of same resource group"
}
2026-02-07 08:57:48 - create_budget - ERROR - ✗ Failed to create budget 'budget_1_CC_HomePC_Account_14617_ahv_0-251004-112445_key1_7Juyt_ahv_0-251004-112445_value1_1_7Juyt_538825': HTTP 400 - {'errorCode': 990016, 'errorMessage': 'Budget Already exists for the given session or Budget overlaps with an Expired Budget of same resource group'}
2026-02-07 08:57:48 - create_budget - INFO - [90/301] Creating CC budget: budget_1_CC_HomePC_Account_14617_ahv_0-251004-112454_key1_P1FyH_ahv_0-251004-112454_value1_1_P1FyH_538825
2026-02-07 08:57:48 - create_budget - INFO - [API REQUEST] POST https://ncm.services.nconprem-10-53-60-173.ccpnx.com/v1/cg/global/budgets
2026-02-07 08:57:48 - create_budget - INFO - [REQUEST DATA PAYLOAD] {"budgetName": "budget_1_CC_HomePC_Account_14617_ahv_0-251004-112454_key1_P1FyH_ahv_0-251004-112454_value1_1_P1FyH_538825", "financialYearStartMonth": "4", "resourceGroups": {"costCenters": ["02d1c40c-7ff5-45fd-8dfc-a47a37ca1870"]}, "systemEstimate": true, "budgetAlert": {"configuration": {"monthly": [{"thresholdPercent": 75, "isDisabled": false}], "quarterly": [{"thresholdPercent": 85, "isDisabled": false}], "yearly": [{"thresholdPercent": 93, "isDisabled": false}]}, "recipients": ["sspuser1@systest.nutanix.com"], "isDisabled": false}}
2026-02-07 08:57:49 - create_budget - INFO - [API RESPONSE] POST https://ncm.services.nconprem-10-53-60-173.ccpnx.com/v1/cg/global/budgets
2026-02-07 08:57:49 - create_budget - INFO - [STATUS CODE] 400
2026-02-07 08:57:49 - create_budget - INFO - [TIME TAKEN] 0.4110 seconds (410.96 ms)
2026-02-07 08:57:49 - create_budget - INFO - [RESPONSE CONTENT-TYPE] application/json
2026-02-07 08:57:49 - create_budget - INFO - [RESPONSE PAYLOAD]
{
  "errorCode": 990016,
  "errorMessage": "Budget Already exists for the given session or Budget overlaps with an Expired Budget of same resource group"
}
2026-02-07 08:57:49 - create_budget - ERROR - ✗ Failed to create budget 'budget_1_CC_HomePC_Account_14617_ahv_0-251004-112454_key1_P1FyH_ahv_0-251004-112454_value1_1_P1FyH_538825': HTTP 400 - {'errorCode': 990016, 'errorMessage': 'Budget Already exists for the given session or Budget overlaps with an Expired Budget of same resource group'}
2026-02-07 08:57:49 - create_budget - INFO - [91/301] Creating CC budget: budget_1_CC_HomePC_Account_14617_ahv_0-251004-112437_key1_w3YcU_ahv_0-251004-112437_value1_1_w3YcU_377027
2026-02-07 08:57:49 - create_budget - INFO - [API REQUEST] POST https://ncm.services.nconprem-10-53-60-173.ccpnx.com/v1/cg/global/budgets
2026-02-07 08:57:49 - create_budget - INFO - [REQUEST DATA PAYLOAD] {"budgetName": "budget_1_CC_HomePC_Account_14617_ahv_0-251004-112437_key1_w3YcU_ahv_0-251004-112437_value1_1_w3YcU_377027", "financialYearStartMonth": "6", "resourceGroups": {"costCenters": ["b2636a31-14b8-4f9d-8f9b-1a75414703ac"]}, "systemEstimate": true, "budgetAlert": {"configuration": {"monthly": [{"thresholdPercent": 70, "isDisabled": false}], "quarterly": [{"thresholdPercent": 78, "isDisabled": false}], "yearly": [{"thresholdPercent": 91, "isDisabled": false}]}, "recipients": ["sspuser1@systest.nutanix.com"], "isDisabled": false}}
2026-02-07 08:57:49 - create_budget - INFO - [API RESPONSE] POST https://ncm.services.nconprem-10-53-60-173.ccpnx.com/v1/cg/global/budgets
2026-02-07 08:57:49 - create_budget - INFO - [STATUS CODE] 400
2026-02-07 08:57:49 - create_budget - INFO - [TIME TAKEN] 0.3438 seconds (343.81 ms)
2026-02-07 08:57:49 - create_budget - INFO - [RESPONSE CONTENT-TYPE] application/json
2026-02-07 08:57:49 - create_budget - INFO - [RESPONSE PAYLOAD]
{
  "errorCode": 990016,
  "errorMessage": "Budget Already exists for the given session or Budget overlaps with an Expired Budget of same resource group"
}
2026-02-07 08:57:49 - create_budget - ERROR - ✗ Failed to create budget 'budget_1_CC_HomePC_Account_14617_ahv_0-251004-112437_key1_w3YcU_ahv_0-251004-112437_value1_1_w3YcU_377027': HTTP 400 - {'errorCode': 990016, 'errorMessage': 'Budget Already exists for the given session or Budget overlaps with an Expired Budget of same resource group'}
2026-02-07 08:57:49 - create_budget - INFO - [92/301] Creating BU budget: budget_1_Business_Unit_16
2026-02-07 08:57:49 - create_budget - INFO - [API REQUEST] POST https://ncm.services.nconprem-10-53-60-173.ccpnx.com/v1/cg/global/budgets
2026-02-07 08:57:49 - create_budget - INFO - [REQUEST DATA PAYLOAD] {"budgetName": "budget_1_Business_Unit_16", "financialYearStartMonth": "1", "resourceGroups": {"businessUnit": ["1f4a5c80-316c-459f-b3ae-924b306c7c5a"]}, "systemEstimate": true, "budgetAlert": {"configuration": {"monthly": [{"thresholdPercent": 65, "isDisabled": false}], "quarterly": [{"thresholdPercent": 85, "isDisabled": false}], "yearly": [{"thresholdPercent": 95, "isDisabled": false}]}, "recipients": ["sspuser1@systest.nutanix.com"], "isDisabled": false}}
2026-02-07 08:57:49 - create_budget - INFO - [API RESPONSE] POST https://ncm.services.nconprem-10-53-60-173.ccpnx.com/v1/cg/global/budgets
2026-02-07 08:57:49 - create_budget - INFO - [STATUS CODE] 500
2026-02-07 08:57:49 - create_budget - INFO - [TIME TAKEN] 0.2302 seconds (230.22 ms)
2026-02-07 08:57:49 - create_budget - INFO - [RESPONSE CONTENT-TYPE] application/json
2026-02-07 08:57:49 - create_budget - INFO - [RESPONSE PAYLOAD]
{
  "errorCode": 990020,
  "errorMessage": "The system encountered an internal error. If the issue persists, please reach out to our support."
}
2026-02-07 08:57:49 - create_budget - ERROR - ✗ Failed to create budget 'budget_1_Business_Unit_16': HTTP 500 - {'errorCode': 990020, 'errorMessage': 'The system encountered an internal error. If the issue persists, please reach out to our support.'}
2026-02-07 08:57:49 - create_budget - INFO - [93/301] Creating CC budget: budget_1_CC_HomePC_Account_14617_ahv_0-251004-112524_key1_FxJNZ_ahv_0-251004-112524_value1_10_FxJNZ_538825
2026-02-07 08:57:49 - create_budget - INFO - [API REQUEST] POST https://ncm.services.nconprem-10-53-60-173.ccpnx.com/v1/cg/global/budgets
2026-02-07 08:57:49 - create_budget - INFO - [REQUEST DATA PAYLOAD] {"budgetName": "budget_1_CC_HomePC_Account_14617_ahv_0-251004-112524_key1_FxJNZ_ahv_0-251004-112524_value1_10_FxJNZ_538825", "financialYearStartMonth": "12", "resourceGroups": {"costCenters": ["669d5bc4-22dc-427b-8f95-320d8400f275"]}, "systemEstimate": true, "budgetAlert": {"configuration": {"monthly": [{"thresholdPercent": 70, "isDisabled": false}], "quarterly": [{"thresholdPercent": 85, "isDisabled": false}], "yearly": [{"thresholdPercent": 90, "isDisabled": false}]}, "recipients": ["sspuser1@systest.nutanix.com"], "isDisabled": false}}
2026-02-07 08:57:50 - create_budget - INFO - [API RESPONSE] POST https://ncm.services.nconprem-10-53-60-173.ccpnx.com/v1/cg/global/budgets
2026-02-07 08:57:50 - create_budget - INFO - [STATUS CODE] 400
2026-02-07 08:57:50 - create_budget - INFO - [TIME TAKEN] 0.2920 seconds (291.97 ms)
2026-02-07 08:57:50 - create_budget - INFO - [RESPONSE CONTENT-TYPE] application/json
2026-02-07 08:57:50 - create_budget - INFO - [RESPONSE PAYLOAD]
{
  "errorCode": 990016,
  "errorMessage": "Budget Already exists for the given session or Budget overlaps with an Expired Budget of same resource group"
}
2026-02-07 08:57:50 - create_budget - ERROR - ✗ Failed to create budget 'budget_1_CC_HomePC_Account_14617_ahv_0-251004-112524_key1_FxJNZ_ahv_0-251004-112524_value1_10_FxJNZ_538825': HTTP 400 - {'errorCode': 990016, 'errorMessage': 'Budget Already exists for the given session or Budget overlaps with an Expired Budget of same resource group'}
2026-02-07 08:57:50 - create_budget - INFO - [94/301] Creating CC budget: budget_1_CC_HomePC_Account_14617_ahv_0-251004-112521_key1_VxDdX_ahv_0-251004-112521_value1_10_VxDdX_538825
2026-02-07 08:57:50 - create_budget - INFO - [API REQUEST] POST https://ncm.services.nconprem-10-53-60-173.ccpnx.com/v1/cg/global/budgets
2026-02-07 08:57:50 - create_budget - INFO - [REQUEST DATA PAYLOAD] {"budgetName": "budget_1_CC_HomePC_Account_14617_ahv_0-251004-112521_key1_VxDdX_ahv_0-251004-112521_value1_10_VxDdX_538825", "financialYearStartMonth": "1", "resourceGroups": {"costCenters": ["ae6fe0a3-605d-4a8c-8789-0b6aa317007a"]}, "systemEstimate": true, "budgetAlert": {"configuration": {"monthly": [{"thresholdPercent": 72, "isDisabled": false}], "quarterly": [{"thresholdPercent": 77, "isDisabled": false}], "yearly": [{"thresholdPercent": 94, "isDisabled": false}]}, "recipients": ["sspuser1@systest.nutanix.com"], "isDisabled": false}}
2026-02-07 08:57:50 - create_budget - INFO - [API RESPONSE] POST https://ncm.services.nconprem-10-53-60-173.ccpnx.com/v1/cg/global/budgets
2026-02-07 08:57:50 - create_budget - INFO - [STATUS CODE] 400
2026-02-07 08:57:50 - create_budget - INFO - [TIME TAKEN] 0.4700 seconds (470.02 ms)
2026-02-07 08:57:50 - create_budget - INFO - [RESPONSE CONTENT-TYPE] application/json
2026-02-07 08:57:50 - create_budget - INFO - [RESPONSE PAYLOAD]
{
  "errorCode": 990016,
  "errorMessage": "Budget Already exists for the given session or Budget overlaps with an Expired Budget of same resource group"
}
2026-02-07 08:57:50 - create_budget - ERROR - ✗ Failed to create budget 'budget_1_CC_HomePC_Account_14617_ahv_0-251004-112521_key1_VxDdX_ahv_0-251004-112521_value1_10_VxDdX_538825': HTTP 400 - {'errorCode': 990016, 'errorMessage': 'Budget Already exists for the given session or Budget overlaps with an Expired Budget of same resource group'}
2026-02-07 08:57:50 - create_budget - INFO - [95/301] Creating CC budget: budget_1_CC_HomePC_Account_14617_ahv_0-251004-112505_key1_h7zvi_ahv_0-251004-112505_value1_1_h7zvi_538825
2026-02-07 08:57:50 - create_budget - INFO - [API REQUEST] POST https://ncm.services.nconprem-10-53-60-173.ccpnx.com/v1/cg/global/budgets
2026-02-07 08:57:50 - create_budget - INFO - [REQUEST DATA PAYLOAD] {"budgetName": "budget_1_CC_HomePC_Account_14617_ahv_0-251004-112505_key1_h7zvi_ahv_0-251004-112505_value1_1_h7zvi_538825", "financialYearStartMonth": "2", "resourceGroups": {"costCenters": ["9b3abd1e-908c-48af-a3d9-d6c4d3c1a9cf"]}, "systemEstimate": true, "budgetAlert": {"configuration": {"monthly": [{"thresholdPercent": 67, "isDisabled": false}], "quarterly": [{"thresholdPercent": 81, "isDisabled": false}], "yearly": [{"thresholdPercent": 88, "isDisabled": false}]}, "recipients": ["sspuser1@systest.nutanix.com"], "isDisabled": false}}
2026-02-07 08:57:51 - create_budget - INFO - [API RESPONSE] POST https://ncm.services.nconprem-10-53-60-173.ccpnx.com/v1/cg/global/budgets
2026-02-07 08:57:51 - create_budget - INFO - [STATUS CODE] 400
2026-02-07 08:57:51 - create_budget - INFO - [TIME TAKEN] 0.5248 seconds (524.78 ms)
2026-02-07 08:57:51 - create_budget - INFO - [RESPONSE CONTENT-TYPE] application/json
2026-02-07 08:57:51 - create_budget - INFO - [RESPONSE PAYLOAD]
{
  "errorCode": 990016,
  "errorMessage": "Budget Already exists for the given session or Budget overlaps with an Expired Budget of same resource group"
}
2026-02-07 08:57:51 - create_budget - ERROR - ✗ Failed to create budget 'budget_1_CC_HomePC_Account_14617_ahv_0-251004-112505_key1_h7zvi_ahv_0-251004-112505_value1_1_h7zvi_538825': HTTP 400 - {'errorCode': 990016, 'errorMessage': 'Budget Already exists for the given session or Budget overlaps with an Expired Budget of same resource group'}
2026-02-07 08:57:51 - create_budget - INFO - [96/301] Creating CC budget: budget_1_CC_HomePC_Account_14617_ahv_0-251004-112507_key1_OXKuE_ahv_0-251004-112507_value1_1_OXKuE_377027
2026-02-07 08:57:51 - create_budget - INFO - [API REQUEST] POST https://ncm.services.nconprem-10-53-60-173.ccpnx.com/v1/cg/global/budgets
2026-02-07 08:57:51 - create_budget - INFO - [REQUEST DATA PAYLOAD] {"budgetName": "budget_1_CC_HomePC_Account_14617_ahv_0-251004-112507_key1_OXKuE_ahv_0-251004-112507_value1_1_OXKuE_377027", "financialYearStartMonth": "7", "resourceGroups": {"costCenters": ["3a8c5265-e633-4bd3-9ade-b36d8190e960"]}, "systemEstimate": true, "budgetAlert": {"configuration": {"monthly": [{"thresholdPercent": 65, "isDisabled": false}], "quarterly": [{"thresholdPercent": 75, "isDisabled": false}], "yearly": [{"thresholdPercent": 86, "isDisabled": false}]}, "recipients": ["sspuser1@systest.nutanix.com"], "isDisabled": false}}
2026-02-07 08:57:51 - create_budget - INFO - [API RESPONSE] POST https://ncm.services.nconprem-10-53-60-173.ccpnx.com/v1/cg/global/budgets
2026-02-07 08:57:51 - create_budget - INFO - [STATUS CODE] 400
2026-02-07 08:57:51 - create_budget - INFO - [TIME TAKEN] 0.4951 seconds (495.12 ms)
2026-02-07 08:57:51 - create_budget - INFO - [RESPONSE CONTENT-TYPE] application/json
2026-02-07 08:57:51 - create_budget - INFO - [RESPONSE PAYLOAD]
{
  "errorCode": 990016,
  "errorMessage": "Budget Already exists for the given session or Budget overlaps with an Expired Budget of same resource group"
}
2026-02-07 08:57:51 - create_budget - ERROR - ✗ Failed to create budget 'budget_1_CC_HomePC_Account_14617_ahv_0-251004-112507_key1_OXKuE_ahv_0-251004-112507_value1_1_OXKuE_377027': HTTP 400 - {'errorCode': 990016, 'errorMessage': 'Budget Already exists for the given session or Budget overlaps with an Expired Budget of same resource group'}
2026-02-07 08:57:51 - create_budget - INFO - [97/301] Creating CC budget: budget_1_CC_HomePC_Account_14617_ahv_0-251004-112513_key1_hJU4i_ahv_0-251004-112513_value1_1_hJU4i_377027
2026-02-07 08:57:51 - create_budget - INFO - [API REQUEST] POST https://ncm.services.nconprem-10-53-60-173.ccpnx.com/v1/cg/global/budgets
2026-02-07 08:57:51 - create_budget - INFO - [REQUEST DATA PAYLOAD] {"budgetName": "budget_1_CC_HomePC_Account_14617_ahv_0-251004-112513_key1_hJU4i_ahv_0-251004-112513_value1_1_hJU4i_377027", "financialYearStartMonth": "5", "resourceGroups": {"costCenters": ["86e035e6-3eb4-46c9-afae-7693c2bd536e"]}, "systemEstimate": true, "budgetAlert": {"configuration": {"monthly": [{"thresholdPercent": 70, "isDisabled": false}], "quarterly": [{"thresholdPercent": 79, "isDisabled": false}], "yearly": [{"thresholdPercent": 91, "isDisabled": false}]}, "recipients": ["sspuser1@systest.nutanix.com"], "isDisabled": false}}
2026-02-07 08:57:52 - create_budget - INFO - [API RESPONSE] POST https://ncm.services.nconprem-10-53-60-173.ccpnx.com/v1/cg/global/budgets
2026-02-07 08:57:52 - create_budget - INFO - [STATUS CODE] 400
2026-02-07 08:57:52 - create_budget - INFO - [TIME TAKEN] 0.5904 seconds (590.44 ms)
2026-02-07 08:57:52 - create_budget - INFO - [RESPONSE CONTENT-TYPE] application/json
2026-02-07 08:57:52 - create_budget - INFO - [RESPONSE PAYLOAD]
{
  "errorCode": 990016,
  "errorMessage": "Budget Already exists for the given session or Budget overlaps with an Expired Budget of same resource group"
}
2026-02-07 08:57:52 - create_budget - ERROR - ✗ Failed to create budget 'budget_1_CC_HomePC_Account_14617_ahv_0-251004-112513_key1_hJU4i_ahv_0-251004-112513_value1_1_hJU4i_377027': HTTP 400 - {'errorCode': 990016, 'errorMessage': 'Budget Already exists for the given session or Budget overlaps with an Expired Budget of same resource group'}
2026-02-07 08:57:52 - create_budget - INFO - [98/301] Creating BU budget: budget_1_Business_Unit_17
2026-02-07 08:57:52 - create_budget - INFO - [API REQUEST] POST https://ncm.services.nconprem-10-53-60-173.ccpnx.com/v1/cg/global/budgets
2026-02-07 08:57:52 - create_budget - INFO - [REQUEST DATA PAYLOAD] {"budgetName": "budget_1_Business_Unit_17", "financialYearStartMonth": "6", "resourceGroups": {"businessUnit": ["b82cb747-ddc0-42f5-9e12-fcf32ce0d7f2"]}, "systemEstimate": true, "budgetAlert": {"configuration": {"monthly": [{"thresholdPercent": 67, "isDisabled": false}], "quarterly": [{"thresholdPercent": 82, "isDisabled": false}], "yearly": [{"thresholdPercent": 95, "isDisabled": false}]}, "recipients": ["sspuser1@systest.nutanix.com"], "isDisabled": false}}
2026-02-07 08:57:52 - create_budget - INFO - [API RESPONSE] POST https://ncm.services.nconprem-10-53-60-173.ccpnx.com/v1/cg/global/budgets
2026-02-07 08:57:52 - create_budget - INFO - [STATUS CODE] 500
2026-02-07 08:57:52 - create_budget - INFO - [TIME TAKEN] 0.4206 seconds (420.61 ms)
2026-02-07 08:57:52 - create_budget - INFO - [RESPONSE CONTENT-TYPE] application/json
2026-02-07 08:57:52 - create_budget - INFO - [RESPONSE PAYLOAD]
{
  "errorCode": 990020,
  "errorMessage": "The system encountered an internal error. If the issue persists, please reach out to our support."
}
2026-02-07 08:57:52 - create_budget - ERROR - ✗ Failed to create budget 'budget_1_Business_Unit_17': HTTP 500 - {'errorCode': 990020, 'errorMessage': 'The system encountered an internal error. If the issue persists, please reach out to our support.'}
2026-02-07 08:57:52 - create_budget - INFO - [99/301] Creating CC budget: budget_1_CC_HomePC_Account_14617_ahv_0-251004-112538_key1_8T3pf_ahv_0-251004-112538_value1_10_8T3pf_538825
2026-02-07 08:57:52 - create_budget - INFO - [API REQUEST] POST https://ncm.services.nconprem-10-53-60-173.ccpnx.com/v1/cg/global/budgets
2026-02-07 08:57:52 - create_budget - INFO - [REQUEST DATA PAYLOAD] {"budgetName": "budget_1_CC_HomePC_Account_14617_ahv_0-251004-112538_key1_8T3pf_ahv_0-251004-112538_value1_10_8T3pf_538825", "financialYearStartMonth": "9", "resourceGroups": {"costCenters": ["4b7a7f5b-d434-4302-bfdd-ab930efdeaaa"]}, "systemEstimate": true, "budgetAlert": {"configuration": {"monthly": [{"thresholdPercent": 67, "isDisabled": false}], "quarterly": [{"thresholdPercent": 76, "isDisabled": false}], "yearly": [{"thresholdPercent": 95, "isDisabled": false}]}, "recipients": ["sspuser1@systest.nutanix.com"], "isDisabled": false}}
2026-02-07 08:57:52 - create_budget - INFO - [API RESPONSE] POST https://ncm.services.nconprem-10-53-60-173.ccpnx.com/v1/cg/global/budgets
2026-02-07 08:57:52 - create_budget - INFO - [STATUS CODE] 400
2026-02-07 08:57:52 - create_budget - INFO - [TIME TAKEN] 0.2950 seconds (294.98 ms)
2026-02-07 08:57:52 - create_budget - INFO - [RESPONSE CONTENT-TYPE] application/json
2026-02-07 08:57:52 - create_budget - INFO - [RESPONSE PAYLOAD]
{
  "errorCode": 990016,
  "errorMessage": "Budget Already exists for the given session or Budget overlaps with an Expired Budget of same resource group"
}
2026-02-07 08:57:52 - create_budget - ERROR - ✗ Failed to create budget 'budget_1_CC_HomePC_Account_14617_ahv_0-251004-112538_key1_8T3pf_ahv_0-251004-112538_value1_10_8T3pf_538825': HTTP 400 - {'errorCode': 990016, 'errorMessage': 'Budget Already exists for the given session or Budget overlaps with an Expired Budget of same resource group'}
2026-02-07 08:57:52 - create_budget - INFO - [100/301] Creating CC budget: budget_1_CC_HomePC_Account_14617_ahv_0-251004-112533_key1_GOxLS_ahv_0-251004-112533_value1_10_GOxLS_538825
2026-02-07 08:57:52 - create_budget - INFO - [API REQUEST] POST https://ncm.services.nconprem-10-53-60-173.ccpnx.com/v1/cg/global/budgets
2026-02-07 08:57:52 - create_budget - INFO - [REQUEST DATA PAYLOAD] {"budgetName": "budget_1_CC_HomePC_Account_14617_ahv_0-251004-112533_key1_GOxLS_ahv_0-251004-112533_value1_10_GOxLS_538825", "financialYearStartMonth": "5", "resourceGroups": {"costCenters": ["44c0767c-8d97-4b9a-8230-a2142595c524"]}, "systemEstimate": true, "budgetAlert": {"configuration": {"monthly": [{"thresholdPercent": 67, "isDisabled": false}], "quarterly": [{"thresholdPercent": 81, "isDisabled": false}], "yearly": [{"thresholdPercent": 89, "isDisabled": false}]}, "recipients": ["sspuser1@systest.nutanix.com"], "isDisabled": false}}
2026-02-07 08:57:53 - create_budget - INFO - [API RESPONSE] POST https://ncm.services.nconprem-10-53-60-173.ccpnx.com/v1/cg/global/budgets
2026-02-07 08:57:53 - create_budget - INFO - [STATUS CODE] 400
2026-02-07 08:57:53 - create_budget - INFO - [TIME TAKEN] 0.3401 seconds (340.09 ms)
2026-02-07 08:57:53 - create_budget - INFO - [RESPONSE CONTENT-TYPE] application/json
2026-02-07 08:57:53 - create_budget - INFO - [RESPONSE PAYLOAD]
{
  "errorCode": 990016,
  "errorMessage": "Budget Already exists for the given session or Budget overlaps with an Expired Budget of same resource group"
}
2026-02-07 08:57:53 - create_budget - ERROR - ✗ Failed to create budget 'budget_1_CC_HomePC_Account_14617_ahv_0-251004-112533_key1_GOxLS_ahv_0-251004-112533_value1_10_GOxLS_538825': HTTP 400 - {'errorCode': 990016, 'errorMessage': 'Budget Already exists for the given session or Budget overlaps with an Expired Budget of same resource group'}
2026-02-07 08:57:53 - create_budget - INFO - [101/301] Creating CC budget: budget_1_CC_HomePC_Account_14617_ahv_0-251004-112549_key1_jePTb_ahv_0-251004-112549_value1_4_jePTb_538825
2026-02-07 08:57:53 - create_budget - INFO - [API REQUEST] POST https://ncm.services.nconprem-10-53-60-173.ccpnx.com/v1/cg/global/budgets
2026-02-07 08:57:53 - create_budget - INFO - [REQUEST DATA PAYLOAD] {"budgetName": "budget_1_CC_HomePC_Account_14617_ahv_0-251004-112549_key1_jePTb_ahv_0-251004-112549_value1_4_jePTb_538825", "financialYearStartMonth": "4", "resourceGroups": {"costCenters": ["8fb5c6ff-9bb9-4170-8d29-2651fce391d8"]}, "systemEstimate": true, "budgetAlert": {"configuration": {"monthly": [{"thresholdPercent": 67, "isDisabled": false}], "quarterly": [{"thresholdPercent": 76, "isDisabled": false}], "yearly": [{"thresholdPercent": 86, "isDisabled": false}]}, "recipients": ["sspuser1@systest.nutanix.com"], "isDisabled": false}}
2026-02-07 08:57:53 - create_budget - INFO - [API RESPONSE] POST https://ncm.services.nconprem-10-53-60-173.ccpnx.com/v1/cg/global/budgets
2026-02-07 08:57:53 - create_budget - INFO - [STATUS CODE] 400
2026-02-07 08:57:53 - create_budget - INFO - [TIME TAKEN] 0.4455 seconds (445.52 ms)
2026-02-07 08:57:53 - create_budget - INFO - [RESPONSE CONTENT-TYPE] application/json
2026-02-07 08:57:53 - create_budget - INFO - [RESPONSE PAYLOAD]
{
  "errorCode": 990016,
  "errorMessage": "Budget Already exists for the given session or Budget overlaps with an Expired Budget of same resource group"
}
2026-02-07 08:57:53 - create_budget - ERROR - ✗ Failed to create budget 'budget_1_CC_HomePC_Account_14617_ahv_0-251004-112549_key1_jePTb_ahv_0-251004-112549_value1_4_jePTb_538825': HTTP 400 - {'errorCode': 990016, 'errorMessage': 'Budget Already exists for the given session or Budget overlaps with an Expired Budget of same resource group'}
2026-02-07 08:57:53 - create_budget - INFO - [102/301] Creating CC budget: budget_1_CC_HomePC_Account_14617_ahv_0-251004-112543_key1_cWNZI_ahv_0-251004-112543_value1_2_cWNZI_538825
2026-02-07 08:57:53 - create_budget - INFO - [API REQUEST] POST https://ncm.services.nconprem-10-53-60-173.ccpnx.com/v1/cg/global/budgets
2026-02-07 08:57:53 - create_budget - INFO - [REQUEST DATA PAYLOAD] {"budgetName": "budget_1_CC_HomePC_Account_14617_ahv_0-251004-112543_key1_cWNZI_ahv_0-251004-112543_value1_2_cWNZI_538825", "financialYearStartMonth": "3", "resourceGroups": {"costCenters": ["1ec20630-8a6a-46bd-8d09-ec6d0db1ef64"]}, "systemEstimate": true, "budgetAlert": {"configuration": {"monthly": [{"thresholdPercent": 72, "isDisabled": false}], "quarterly": [{"thresholdPercent": 75, "isDisabled": false}], "yearly": [{"thresholdPercent": 88, "isDisabled": false}]}, "recipients": ["sspuser1@systest.nutanix.com"], "isDisabled": false}}
2026-02-07 08:57:54 - create_budget - INFO - [API RESPONSE] POST https://ncm.services.nconprem-10-53-60-173.ccpnx.com/v1/cg/global/budgets
2026-02-07 08:57:54 - create_budget - INFO - [STATUS CODE] 400
2026-02-07 08:57:54 - create_budget - INFO - [TIME TAKEN] 0.3223 seconds (322.32 ms)
2026-02-07 08:57:54 - create_budget - INFO - [RESPONSE CONTENT-TYPE] application/json
2026-02-07 08:57:54 - create_budget - INFO - [RESPONSE PAYLOAD]
{
  "errorCode": 990016,
  "errorMessage": "Budget Already exists for the given session or Budget overlaps with an Expired Budget of same resource group"
}
2026-02-07 08:57:54 - create_budget - ERROR - ✗ Failed to create budget 'budget_1_CC_HomePC_Account_14617_ahv_0-251004-112543_key1_cWNZI_ahv_0-251004-112543_value1_2_cWNZI_538825': HTTP 400 - {'errorCode': 990016, 'errorMessage': 'Budget Already exists for the given session or Budget overlaps with an Expired Budget of same resource group'}
2026-02-07 08:57:54 - create_budget - INFO - [103/301] Creating CC budget: budget_1_CC_HomePC_Account_14617_ahv_0-251004-112557_key1_jW5Pe_ahv_0-251004-112557_value1_10_jW5Pe_538825
2026-02-07 08:57:54 - create_budget - INFO - [API REQUEST] POST https://ncm.services.nconprem-10-53-60-173.ccpnx.com/v1/cg/global/budgets
2026-02-07 08:57:54 - create_budget - INFO - [REQUEST DATA PAYLOAD] {"budgetName": "budget_1_CC_HomePC_Account_14617_ahv_0-251004-112557_key1_jW5Pe_ahv_0-251004-112557_value1_10_jW5Pe_538825", "financialYearStartMonth": "8", "resourceGroups": {"costCenters": ["ad62966b-08e0-41b3-a2fc-bb514e4338db"]}, "systemEstimate": true, "budgetAlert": {"configuration": {"monthly": [{"thresholdPercent": 75, "isDisabled": false}], "quarterly": [{"thresholdPercent": 78, "isDisabled": false}], "yearly": [{"thresholdPercent": 94, "isDisabled": false}]}, "recipients": ["sspuser1@systest.nutanix.com"], "isDisabled": false}}
2026-02-07 08:57:54 - create_budget - INFO - [API RESPONSE] POST https://ncm.services.nconprem-10-53-60-173.ccpnx.com/v1/cg/global/budgets
2026-02-07 08:57:54 - create_budget - INFO - [STATUS CODE] 400
2026-02-07 08:57:54 - create_budget - INFO - [TIME TAKEN] 0.6560 seconds (655.97 ms)
2026-02-07 08:57:54 - create_budget - INFO - [RESPONSE CONTENT-TYPE] application/json
2026-02-07 08:57:54 - create_budget - INFO - [RESPONSE PAYLOAD]
{
  "errorCode": 990016,
  "errorMessage": "Budget Already exists for the given session or Budget overlaps with an Expired Budget of same resource group"
}
2026-02-07 08:57:54 - create_budget - ERROR - ✗ Failed to create budget 'budget_1_CC_HomePC_Account_14617_ahv_0-251004-112557_key1_jW5Pe_ahv_0-251004-112557_value1_10_jW5Pe_538825': HTTP 400 - {'errorCode': 990016, 'errorMessage': 'Budget Already exists for the given session or Budget overlaps with an Expired Budget of same resource group'}
2026-02-07 08:57:54 - create_budget - INFO - [104/301] Creating BU budget: budget_1_Business_Unit_18
2026-02-07 08:57:54 - create_budget - INFO - [API REQUEST] POST https://ncm.services.nconprem-10-53-60-173.ccpnx.com/v1/cg/global/budgets
2026-02-07 08:57:54 - create_budget - INFO - [REQUEST DATA PAYLOAD] {"budgetName": "budget_1_Business_Unit_18", "financialYearStartMonth": "8", "resourceGroups": {"businessUnit": ["56322ec9-aae2-41a6-9a95-61abeea31480"]}, "systemEstimate": true, "budgetAlert": {"configuration": {"monthly": [{"thresholdPercent": 75, "isDisabled": false}], "quarterly": [{"thresholdPercent": 76, "isDisabled": false}], "yearly": [{"thresholdPercent": 94, "isDisabled": false}]}, "recipients": ["sspuser1@systest.nutanix.com"], "isDisabled": false}}
2026-02-07 08:57:55 - create_budget - INFO - [API RESPONSE] POST https://ncm.services.nconprem-10-53-60-173.ccpnx.com/v1/cg/global/budgets
2026-02-07 08:57:55 - create_budget - INFO - [STATUS CODE] 500
2026-02-07 08:57:55 - create_budget - INFO - [TIME TAKEN] 0.3313 seconds (331.34 ms)
2026-02-07 08:57:55 - create_budget - INFO - [RESPONSE CONTENT-TYPE] application/json
2026-02-07 08:57:55 - create_budget - INFO - [RESPONSE PAYLOAD]
{
  "errorCode": 990020,
  "errorMessage": "The system encountered an internal error. If the issue persists, please reach out to our support."
}
2026-02-07 08:57:55 - create_budget - ERROR - ✗ Failed to create budget 'budget_1_Business_Unit_18': HTTP 500 - {'errorCode': 990020, 'errorMessage': 'The system encountered an internal error. If the issue persists, please reach out to our support.'}
2026-02-07 08:57:55 - create_budget - INFO - [105/301] Creating CC budget: budget_1_CC_HomePC_Account_14617_ahv_0-251004-112558_key1_Rvw5V_ahv_0-251004-112558_value1_1_Rvw5V_538825
2026-02-07 08:57:55 - create_budget - INFO - [API REQUEST] POST https://ncm.services.nconprem-10-53-60-173.ccpnx.com/v1/cg/global/budgets
2026-02-07 08:57:55 - create_budget - INFO - [REQUEST DATA PAYLOAD] {"budgetName": "budget_1_CC_HomePC_Account_14617_ahv_0-251004-112558_key1_Rvw5V_ahv_0-251004-112558_value1_1_Rvw5V_538825", "financialYearStartMonth": "3", "resourceGroups": {"costCenters": ["80d72ef6-304c-4fc1-8fe9-7b7c75e261a8"]}, "systemEstimate": true, "budgetAlert": {"configuration": {"monthly": [{"thresholdPercent": 73, "isDisabled": false}], "quarterly": [{"thresholdPercent": 77, "isDisabled": false}], "yearly": [{"thresholdPercent": 89, "isDisabled": false}]}, "recipients": ["sspuser1@systest.nutanix.com"], "isDisabled": false}}
2026-02-07 08:57:55 - create_budget - INFO - [API RESPONSE] POST https://ncm.services.nconprem-10-53-60-173.ccpnx.com/v1/cg/global/budgets
2026-02-07 08:57:55 - create_budget - INFO - [STATUS CODE] 400
2026-02-07 08:57:55 - create_budget - INFO - [TIME TAKEN] 0.3948 seconds (394.75 ms)
2026-02-07 08:57:55 - create_budget - INFO - [RESPONSE CONTENT-TYPE] application/json
2026-02-07 08:57:55 - create_budget - INFO - [RESPONSE PAYLOAD]
{
  "errorCode": 990016,
  "errorMessage": "Budget Already exists for the given session or Budget overlaps with an Expired Budget of same resource group"
}
2026-02-07 08:57:55 - create_budget - ERROR - ✗ Failed to create budget 'budget_1_CC_HomePC_Account_14617_ahv_0-251004-112558_key1_Rvw5V_ahv_0-251004-112558_value1_1_Rvw5V_538825': HTTP 400 - {'errorCode': 990016, 'errorMessage': 'Budget Already exists for the given session or Budget overlaps with an Expired Budget of same resource group'}
2026-02-07 08:57:55 - create_budget - INFO - [106/301] Creating CC budget: budget_1_CC_HomePC_Account_14617_ahv_0-251004-112615_key1_JyWLu_ahv_0-251004-112615_value1_4_JyWLu_538825
2026-02-07 08:57:55 - create_budget - INFO - [API REQUEST] POST https://ncm.services.nconprem-10-53-60-173.ccpnx.com/v1/cg/global/budgets
2026-02-07 08:57:55 - create_budget - INFO - [REQUEST DATA PAYLOAD] {"budgetName": "budget_1_CC_HomePC_Account_14617_ahv_0-251004-112615_key1_JyWLu_ahv_0-251004-112615_value1_4_JyWLu_538825", "financialYearStartMonth": "3", "resourceGroups": {"costCenters": ["60ccdabb-b277-42c2-a24c-7d289b01c09a"]}, "systemEstimate": true, "budgetAlert": {"configuration": {"monthly": [{"thresholdPercent": 67, "isDisabled": false}], "quarterly": [{"thresholdPercent": 83, "isDisabled": false}], "yearly": [{"thresholdPercent": 93, "isDisabled": false}]}, "recipients": ["sspuser1@systest.nutanix.com"], "isDisabled": false}}
2026-02-07 08:57:55 - create_budget - INFO - [API RESPONSE] POST https://ncm.services.nconprem-10-53-60-173.ccpnx.com/v1/cg/global/budgets
2026-02-07 08:57:55 - create_budget - INFO - [STATUS CODE] 400
2026-02-07 08:57:55 - create_budget - INFO - [TIME TAKEN] 0.3848 seconds (384.83 ms)
2026-02-07 08:57:55 - create_budget - INFO - [RESPONSE CONTENT-TYPE] application/json
2026-02-07 08:57:55 - create_budget - INFO - [RESPONSE PAYLOAD]
{
  "errorCode": 990016,
  "errorMessage": "Budget Already exists for the given session or Budget overlaps with an Expired Budget of same resource group"
}
2026-02-07 08:57:55 - create_budget - ERROR - ✗ Failed to create budget 'budget_1_CC_HomePC_Account_14617_ahv_0-251004-112615_key1_JyWLu_ahv_0-251004-112615_value1_4_JyWLu_538825': HTTP 400 - {'errorCode': 990016, 'errorMessage': 'Budget Already exists for the given session or Budget overlaps with an Expired Budget of same resource group'}
2026-02-07 08:57:55 - create_budget - INFO - [107/301] Creating CC budget: budget_1_CC_HomePC_Account_14617_ahv_0-251004-112618_key1_7aFgy_ahv_0-251004-112618_value1_1_7aFgy_538825
2026-02-07 08:57:55 - create_budget - INFO - [API REQUEST] POST https://ncm.services.nconprem-10-53-60-173.ccpnx.com/v1/cg/global/budgets
2026-02-07 08:57:55 - create_budget - INFO - [REQUEST DATA PAYLOAD] {"budgetName": "budget_1_CC_HomePC_Account_14617_ahv_0-251004-112618_key1_7aFgy_ahv_0-251004-112618_value1_1_7aFgy_538825", "financialYearStartMonth": "1", "resourceGroups": {"costCenters": ["f407f08a-d96f-4984-9753-472b4fef6394"]}, "systemEstimate": true, "budgetAlert": {"configuration": {"monthly": [{"thresholdPercent": 69, "isDisabled": false}], "quarterly": [{"thresholdPercent": 82, "isDisabled": false}], "yearly": [{"thresholdPercent": 90, "isDisabled": false}]}, "recipients": ["sspuser1@systest.nutanix.com"], "isDisabled": false}}
2026-02-07 08:57:56 - create_budget - INFO - [API RESPONSE] POST https://ncm.services.nconprem-10-53-60-173.ccpnx.com/v1/cg/global/budgets
2026-02-07 08:57:56 - create_budget - INFO - [STATUS CODE] 400
2026-02-07 08:57:56 - create_budget - INFO - [TIME TAKEN] 0.3463 seconds (346.30 ms)
2026-02-07 08:57:56 - create_budget - INFO - [RESPONSE CONTENT-TYPE] application/json
2026-02-07 08:57:56 - create_budget - INFO - [RESPONSE PAYLOAD]
{
  "errorCode": 990016,
  "errorMessage": "Budget Already exists for the given session or Budget overlaps with an Expired Budget of same resource group"
}
2026-02-07 08:57:56 - create_budget - ERROR - ✗ Failed to create budget 'budget_1_CC_HomePC_Account_14617_ahv_0-251004-112618_key1_7aFgy_ahv_0-251004-112618_value1_1_7aFgy_538825': HTTP 400 - {'errorCode': 990016, 'errorMessage': 'Budget Already exists for the given session or Budget overlaps with an Expired Budget of same resource group'}
2026-02-07 08:57:56 - create_budget - INFO - [108/301] Creating CC budget: budget_1_CC_HomePC_Account_14617_ahv_0-251004-112632_key1_OWnlM_ahv_0-251004-112632_value1_1_OWnlM_538825
2026-02-07 08:57:56 - create_budget - INFO - [API REQUEST] POST https://ncm.services.nconprem-10-53-60-173.ccpnx.com/v1/cg/global/budgets
2026-02-07 08:57:56 - create_budget - INFO - [REQUEST DATA PAYLOAD] {"budgetName": "budget_1_CC_HomePC_Account_14617_ahv_0-251004-112632_key1_OWnlM_ahv_0-251004-112632_value1_1_OWnlM_538825", "financialYearStartMonth": "11", "resourceGroups": {"costCenters": ["b754e578-9a18-4b38-84ac-dbeaa8054cd7"]}, "systemEstimate": true, "budgetAlert": {"configuration": {"monthly": [{"thresholdPercent": 69, "isDisabled": false}], "quarterly": [{"thresholdPercent": 78, "isDisabled": false}], "yearly": [{"thresholdPercent": 87, "isDisabled": false}]}, "recipients": ["sspuser1@systest.nutanix.com"], "isDisabled": false}}
2026-02-07 08:57:56 - create_budget - INFO - [API RESPONSE] POST https://ncm.services.nconprem-10-53-60-173.ccpnx.com/v1/cg/global/budgets
2026-02-07 08:57:56 - create_budget - INFO - [STATUS CODE] 400
2026-02-07 08:57:56 - create_budget - INFO - [TIME TAKEN] 0.5492 seconds (549.20 ms)
2026-02-07 08:57:56 - create_budget - INFO - [RESPONSE CONTENT-TYPE] application/json
2026-02-07 08:57:56 - create_budget - INFO - [RESPONSE PAYLOAD]
{
  "errorCode": 990016,
  "errorMessage": "Budget Already exists for the given session or Budget overlaps with an Expired Budget of same resource group"
}
2026-02-07 08:57:56 - create_budget - ERROR - ✗ Failed to create budget 'budget_1_CC_HomePC_Account_14617_ahv_0-251004-112632_key1_OWnlM_ahv_0-251004-112632_value1_1_OWnlM_538825': HTTP 400 - {'errorCode': 990016, 'errorMessage': 'Budget Already exists for the given session or Budget overlaps with an Expired Budget of same resource group'}
2026-02-07 08:57:56 - create_budget - INFO - [109/301] Creating CC budget: budget_1_CC_HomePC_Account_14617_ahv_0-251004-112606_key1_tZ7F6_ahv_0-251004-112606_value1_2_tZ7F6_538825
2026-02-07 08:57:56 - create_budget - INFO - [API REQUEST] POST https://ncm.services.nconprem-10-53-60-173.ccpnx.com/v1/cg/global/budgets
2026-02-07 08:57:56 - create_budget - INFO - [REQUEST DATA PAYLOAD] {"budgetName": "budget_1_CC_HomePC_Account_14617_ahv_0-251004-112606_key1_tZ7F6_ahv_0-251004-112606_value1_2_tZ7F6_538825", "financialYearStartMonth": "7", "resourceGroups": {"costCenters": ["9e6ba223-a7e4-415b-9507-2bf872ac17a9"]}, "systemEstimate": true, "budgetAlert": {"configuration": {"monthly": [{"thresholdPercent": 68, "isDisabled": false}], "quarterly": [{"thresholdPercent": 85, "isDisabled": false}], "yearly": [{"thresholdPercent": 87, "isDisabled": false}]}, "recipients": ["sspuser1@systest.nutanix.com"], "isDisabled": false}}
2026-02-07 08:57:57 - create_budget - INFO - [API RESPONSE] POST https://ncm.services.nconprem-10-53-60-173.ccpnx.com/v1/cg/global/budgets
2026-02-07 08:57:57 - create_budget - INFO - [STATUS CODE] 400
2026-02-07 08:57:57 - create_budget - INFO - [TIME TAKEN] 0.4198 seconds (419.75 ms)
2026-02-07 08:57:57 - create_budget - INFO - [RESPONSE CONTENT-TYPE] application/json
2026-02-07 08:57:57 - create_budget - INFO - [RESPONSE PAYLOAD]
{
  "errorCode": 990016,
  "errorMessage": "Budget Already exists for the given session or Budget overlaps with an Expired Budget of same resource group"
}
2026-02-07 08:57:57 - create_budget - ERROR - ✗ Failed to create budget 'budget_1_CC_HomePC_Account_14617_ahv_0-251004-112606_key1_tZ7F6_ahv_0-251004-112606_value1_2_tZ7F6_538825': HTTP 400 - {'errorCode': 990016, 'errorMessage': 'Budget Already exists for the given session or Budget overlaps with an Expired Budget of same resource group'}
2026-02-07 08:57:57 - create_budget - INFO - [110/301] Creating BU budget: budget_1_Business_Unit_19
2026-02-07 08:57:57 - create_budget - INFO - [API REQUEST] POST https://ncm.services.nconprem-10-53-60-173.ccpnx.com/v1/cg/global/budgets
2026-02-07 08:57:57 - create_budget - INFO - [REQUEST DATA PAYLOAD] {"budgetName": "budget_1_Business_Unit_19", "financialYearStartMonth": "10", "resourceGroups": {"businessUnit": ["f59ccf0d-65cb-44ff-b758-b0a26d225d92"]}, "systemEstimate": true, "budgetAlert": {"configuration": {"monthly": [{"thresholdPercent": 73, "isDisabled": false}], "quarterly": [{"thresholdPercent": 77, "isDisabled": false}], "yearly": [{"thresholdPercent": 93, "isDisabled": false}]}, "recipients": ["sspuser1@systest.nutanix.com"], "isDisabled": false}}
2026-02-07 08:57:57 - create_budget - INFO - [API RESPONSE] POST https://ncm.services.nconprem-10-53-60-173.ccpnx.com/v1/cg/global/budgets
2026-02-07 08:57:57 - create_budget - INFO - [STATUS CODE] 500
2026-02-07 08:57:57 - create_budget - INFO - [TIME TAKEN] 0.3457 seconds (345.67 ms)
2026-02-07 08:57:57 - create_budget - INFO - [RESPONSE CONTENT-TYPE] application/json
2026-02-07 08:57:57 - create_budget - INFO - [RESPONSE PAYLOAD]
{
  "errorCode": 990020,
  "errorMessage": "The system encountered an internal error. If the issue persists, please reach out to our support."
}
2026-02-07 08:57:57 - create_budget - ERROR - ✗ Failed to create budget 'budget_1_Business_Unit_19': HTTP 500 - {'errorCode': 990020, 'errorMessage': 'The system encountered an internal error. If the issue persists, please reach out to our support.'}
2026-02-07 08:57:57 - create_budget - INFO - [111/301] Creating CC budget: budget_1_CC_HomePC_Account_14617_ahv_0-251004-112635_key1_zXZb6_ahv_0-251004-112635_value1_3_zXZb6_538825
2026-02-07 08:57:57 - create_budget - INFO - [API REQUEST] POST https://ncm.services.nconprem-10-53-60-173.ccpnx.com/v1/cg/global/budgets
2026-02-07 08:57:57 - create_budget - INFO - [REQUEST DATA PAYLOAD] {"budgetName": "budget_1_CC_HomePC_Account_14617_ahv_0-251004-112635_key1_zXZb6_ahv_0-251004-112635_value1_3_zXZb6_538825", "financialYearStartMonth": "9", "resourceGroups": {"costCenters": ["c374162e-1d0f-432c-8f1b-018828eafa4d"]}, "systemEstimate": true, "budgetAlert": {"configuration": {"monthly": [{"thresholdPercent": 72, "isDisabled": false}], "quarterly": [{"thresholdPercent": 79, "isDisabled": false}], "yearly": [{"thresholdPercent": 89, "isDisabled": false}]}, "recipients": ["sspuser1@systest.nutanix.com"], "isDisabled": false}}
2026-02-07 08:57:57 - create_budget - INFO - [API RESPONSE] POST https://ncm.services.nconprem-10-53-60-173.ccpnx.com/v1/cg/global/budgets
2026-02-07 08:57:57 - create_budget - INFO - [STATUS CODE] 400
2026-02-07 08:57:57 - create_budget - INFO - [TIME TAKEN] 0.3545 seconds (354.53 ms)
2026-02-07 08:57:57 - create_budget - INFO - [RESPONSE CONTENT-TYPE] application/json
2026-02-07 08:57:57 - create_budget - INFO - [RESPONSE PAYLOAD]
{
  "errorCode": 990016,
  "errorMessage": "Budget Already exists for the given session or Budget overlaps with an Expired Budget of same resource group"
}
2026-02-07 08:57:57 - create_budget - ERROR - ✗ Failed to create budget 'budget_1_CC_HomePC_Account_14617_ahv_0-251004-112635_key1_zXZb6_ahv_0-251004-112635_value1_3_zXZb6_538825': HTTP 400 - {'errorCode': 990016, 'errorMessage': 'Budget Already exists for the given session or Budget overlaps with an Expired Budget of same resource group'}
2026-02-07 08:57:57 - create_budget - INFO - [112/301] Creating CC budget: budget_1_CC_HomePC_Account_14617_ahv_0-251004-112641_key1_WlNEz_ahv_0-251004-112641_value1_2_WlNEz_538825
2026-02-07 08:57:57 - create_budget - INFO - [API REQUEST] POST https://ncm.services.nconprem-10-53-60-173.ccpnx.com/v1/cg/global/budgets
2026-02-07 08:57:57 - create_budget - INFO - [REQUEST DATA PAYLOAD] {"budgetName": "budget_1_CC_HomePC_Account_14617_ahv_0-251004-112641_key1_WlNEz_ahv_0-251004-112641_value1_2_WlNEz_538825", "financialYearStartMonth": "9", "resourceGroups": {"costCenters": ["2dada90b-ee53-43e9-8703-3983fb0ee260"]}, "systemEstimate": true, "budgetAlert": {"configuration": {"monthly": [{"thresholdPercent": 65, "isDisabled": false}], "quarterly": [{"thresholdPercent": 79, "isDisabled": false}], "yearly": [{"thresholdPercent": 90, "isDisabled": false}]}, "recipients": ["sspuser1@systest.nutanix.com"], "isDisabled": false}}
2026-02-07 08:57:58 - create_budget - INFO - [API RESPONSE] POST https://ncm.services.nconprem-10-53-60-173.ccpnx.com/v1/cg/global/budgets
2026-02-07 08:57:58 - create_budget - INFO - [STATUS CODE] 400
2026-02-07 08:57:58 - create_budget - INFO - [TIME TAKEN] 0.5114 seconds (511.39 ms)
2026-02-07 08:57:58 - create_budget - INFO - [RESPONSE CONTENT-TYPE] application/json
2026-02-07 08:57:58 - create_budget - INFO - [RESPONSE PAYLOAD]
{
  "errorCode": 990016,
  "errorMessage": "Budget Already exists for the given session or Budget overlaps with an Expired Budget of same resource group"
}
2026-02-07 08:57:58 - create_budget - ERROR - ✗ Failed to create budget 'budget_1_CC_HomePC_Account_14617_ahv_0-251004-112641_key1_WlNEz_ahv_0-251004-112641_value1_2_WlNEz_538825': HTTP 400 - {'errorCode': 990016, 'errorMessage': 'Budget Already exists for the given session or Budget overlaps with an Expired Budget of same resource group'}
2026-02-07 08:57:58 - create_budget - INFO - [113/301] Creating CC budget: budget_1_CC_HomePC_Account_14617_ahv_0-251004-112648_key1_sZQeA_ahv_0-251004-112648_value1_4_sZQeA_377027
2026-02-07 08:57:58 - create_budget - INFO - [API REQUEST] POST https://ncm.services.nconprem-10-53-60-173.ccpnx.com/v1/cg/global/budgets
2026-02-07 08:57:58 - create_budget - INFO - [REQUEST DATA PAYLOAD] {"budgetName": "budget_1_CC_HomePC_Account_14617_ahv_0-251004-112648_key1_sZQeA_ahv_0-251004-112648_value1_4_sZQeA_377027", "financialYearStartMonth": "3", "resourceGroups": {"costCenters": ["b5983ea4-b136-428b-aeed-3725beea99d9"]}, "systemEstimate": true, "budgetAlert": {"configuration": {"monthly": [{"thresholdPercent": 69, "isDisabled": false}], "quarterly": [{"thresholdPercent": 75, "isDisabled": false}], "yearly": [{"thresholdPercent": 90, "isDisabled": false}]}, "recipients": ["sspuser1@systest.nutanix.com"], "isDisabled": false}}
2026-02-07 08:57:58 - create_budget - INFO - [API RESPONSE] POST https://ncm.services.nconprem-10-53-60-173.ccpnx.com/v1/cg/global/budgets
2026-02-07 08:57:58 - create_budget - INFO - [STATUS CODE] 400
2026-02-07 08:57:58 - create_budget - INFO - [TIME TAKEN] 0.4999 seconds (499.86 ms)
2026-02-07 08:57:58 - create_budget - INFO - [RESPONSE CONTENT-TYPE] application/json
2026-02-07 08:57:58 - create_budget - INFO - [RESPONSE PAYLOAD]
{
  "errorCode": 990016,
  "errorMessage": "Budget Already exists for the given session or Budget overlaps with an Expired Budget of same resource group"
}
2026-02-07 08:57:58 - create_budget - ERROR - ✗ Failed to create budget 'budget_1_CC_HomePC_Account_14617_ahv_0-251004-112648_key1_sZQeA_ahv_0-251004-112648_value1_4_sZQeA_377027': HTTP 400 - {'errorCode': 990016, 'errorMessage': 'Budget Already exists for the given session or Budget overlaps with an Expired Budget of same resource group'}
2026-02-07 08:57:58 - create_budget - INFO - [114/301] Creating CC budget: budget_1_CC_HomePC_Account_14617_ahv_0-251004-112659_key1_lFQeM_ahv_0-251004-112659_value1_1_lFQeM_377027
2026-02-07 08:57:58 - create_budget - INFO - [API REQUEST] POST https://ncm.services.nconprem-10-53-60-173.ccpnx.com/v1/cg/global/budgets
2026-02-07 08:57:58 - create_budget - INFO - [REQUEST DATA PAYLOAD] {"budgetName": "budget_1_CC_HomePC_Account_14617_ahv_0-251004-112659_key1_lFQeM_ahv_0-251004-112659_value1_1_lFQeM_377027", "financialYearStartMonth": "8", "resourceGroups": {"costCenters": ["62274303-0e6c-4534-8dac-395a7bbdcd72"]}, "systemEstimate": true, "budgetAlert": {"configuration": {"monthly": [{"thresholdPercent": 72, "isDisabled": false}], "quarterly": [{"thresholdPercent": 75, "isDisabled": false}], "yearly": [{"thresholdPercent": 93, "isDisabled": false}]}, "recipients": ["sspuser1@systest.nutanix.com"], "isDisabled": false}}
2026-02-07 08:57:59 - create_budget - INFO - [API RESPONSE] POST https://ncm.services.nconprem-10-53-60-173.ccpnx.com/v1/cg/global/budgets
2026-02-07 08:57:59 - create_budget - INFO - [STATUS CODE] 400
2026-02-07 08:57:59 - create_budget - INFO - [TIME TAKEN] 0.3655 seconds (365.46 ms)
2026-02-07 08:57:59 - create_budget - INFO - [RESPONSE CONTENT-TYPE] application/json
2026-02-07 08:57:59 - create_budget - INFO - [RESPONSE PAYLOAD]
{
  "errorCode": 990016,
  "errorMessage": "Budget Already exists for the given session or Budget overlaps with an Expired Budget of same resource group"
}
2026-02-07 08:57:59 - create_budget - ERROR - ✗ Failed to create budget 'budget_1_CC_HomePC_Account_14617_ahv_0-251004-112659_key1_lFQeM_ahv_0-251004-112659_value1_1_lFQeM_377027': HTTP 400 - {'errorCode': 990016, 'errorMessage': 'Budget Already exists for the given session or Budget overlaps with an Expired Budget of same resource group'}
2026-02-07 08:57:59 - create_budget - INFO - [115/301] Creating CC budget: budget_1_CC_HomePC_Account_14617_ahv_0-251004-112707_key1_24wOh_ahv_0-251004-112707_value1_1_24wOh_377027
2026-02-07 08:57:59 - create_budget - INFO - [API REQUEST] POST https://ncm.services.nconprem-10-53-60-173.ccpnx.com/v1/cg/global/budgets
2026-02-07 08:57:59 - create_budget - INFO - [REQUEST DATA PAYLOAD] {"budgetName": "budget_1_CC_HomePC_Account_14617_ahv_0-251004-112707_key1_24wOh_ahv_0-251004-112707_value1_1_24wOh_377027", "financialYearStartMonth": "8", "resourceGroups": {"costCenters": ["613c6fc7-39d6-426a-96f6-7357b78ab258"]}, "systemEstimate": true, "budgetAlert": {"configuration": {"monthly": [{"thresholdPercent": 68, "isDisabled": false}], "quarterly": [{"thresholdPercent": 78, "isDisabled": false}], "yearly": [{"thresholdPercent": 90, "isDisabled": false}]}, "recipients": ["sspuser1@systest.nutanix.com"], "isDisabled": false}}
2026-02-07 08:57:59 - create_budget - INFO - [API RESPONSE] POST https://ncm.services.nconprem-10-53-60-173.ccpnx.com/v1/cg/global/budgets
2026-02-07 08:57:59 - create_budget - INFO - [STATUS CODE] 400
2026-02-07 08:57:59 - create_budget - INFO - [TIME TAKEN] 0.4377 seconds (437.71 ms)
2026-02-07 08:57:59 - create_budget - INFO - [RESPONSE CONTENT-TYPE] application/json
2026-02-07 08:57:59 - create_budget - INFO - [RESPONSE PAYLOAD]
{
  "errorCode": 990016,
  "errorMessage": "Budget Already exists for the given session or Budget overlaps with an Expired Budget of same resource group"
}
2026-02-07 08:57:59 - create_budget - ERROR - ✗ Failed to create budget 'budget_1_CC_HomePC_Account_14617_ahv_0-251004-112707_key1_24wOh_ahv_0-251004-112707_value1_1_24wOh_377027': HTTP 400 - {'errorCode': 990016, 'errorMessage': 'Budget Already exists for the given session or Budget overlaps with an Expired Budget of same resource group'}
2026-02-07 08:57:59 - create_budget - INFO - [116/301] Creating BU budget: budget_1_Business_Unit_20
2026-02-07 08:57:59 - create_budget - INFO - [API REQUEST] POST https://ncm.services.nconprem-10-53-60-173.ccpnx.com/v1/cg/global/budgets
2026-02-07 08:57:59 - create_budget - INFO - [REQUEST DATA PAYLOAD] {"budgetName": "budget_1_Business_Unit_20", "financialYearStartMonth": "3", "resourceGroups": {"businessUnit": ["386fb5fc-4323-4494-bc70-f87c946b83b4"]}, "systemEstimate": true, "budgetAlert": {"configuration": {"monthly": [{"thresholdPercent": 74, "isDisabled": false}], "quarterly": [{"thresholdPercent": 83, "isDisabled": false}], "yearly": [{"thresholdPercent": 90, "isDisabled": false}]}, "recipients": ["sspuser1@systest.nutanix.com"], "isDisabled": false}}
2026-02-07 08:58:00 - create_budget - INFO - [API RESPONSE] POST https://ncm.services.nconprem-10-53-60-173.ccpnx.com/v1/cg/global/budgets
2026-02-07 08:58:00 - create_budget - INFO - [STATUS CODE] 500
2026-02-07 08:58:00 - create_budget - INFO - [TIME TAKEN] 0.3883 seconds (388.26 ms)
2026-02-07 08:58:00 - create_budget - INFO - [RESPONSE CONTENT-TYPE] application/json
2026-02-07 08:58:00 - create_budget - INFO - [RESPONSE PAYLOAD]
{
  "errorCode": 990020,
  "errorMessage": "The system encountered an internal error. If the issue persists, please reach out to our support."
}
2026-02-07 08:58:00 - create_budget - ERROR - ✗ Failed to create budget 'budget_1_Business_Unit_20': HTTP 500 - {'errorCode': 990020, 'errorMessage': 'The system encountered an internal error. If the issue persists, please reach out to our support.'}
2026-02-07 08:58:00 - create_budget - INFO - [117/301] Creating CC budget: budget_1_CC_HomePC_Account_14617_ahv_0-251004-112716_key1_y9eB9_ahv_0-251004-112716_value1_1_y9eB9_377027
2026-02-07 08:58:00 - create_budget - INFO - [API REQUEST] POST https://ncm.services.nconprem-10-53-60-173.ccpnx.com/v1/cg/global/budgets
2026-02-07 08:58:00 - create_budget - INFO - [REQUEST DATA PAYLOAD] {"budgetName": "budget_1_CC_HomePC_Account_14617_ahv_0-251004-112716_key1_y9eB9_ahv_0-251004-112716_value1_1_y9eB9_377027", "financialYearStartMonth": "7", "resourceGroups": {"costCenters": ["745bc34f-e441-4f53-960b-52e4e4956de7"]}, "systemEstimate": true, "budgetAlert": {"configuration": {"monthly": [{"thresholdPercent": 73, "isDisabled": false}], "quarterly": [{"thresholdPercent": 76, "isDisabled": false}], "yearly": [{"thresholdPercent": 85, "isDisabled": false}]}, "recipients": ["sspuser1@systest.nutanix.com"], "isDisabled": false}}
2026-02-07 08:58:00 - create_budget - INFO - [API RESPONSE] POST https://ncm.services.nconprem-10-53-60-173.ccpnx.com/v1/cg/global/budgets
2026-02-07 08:58:00 - create_budget - INFO - [STATUS CODE] 400
2026-02-07 08:58:00 - create_budget - INFO - [TIME TAKEN] 0.5145 seconds (514.51 ms)
2026-02-07 08:58:00 - create_budget - INFO - [RESPONSE CONTENT-TYPE] application/json
2026-02-07 08:58:00 - create_budget - INFO - [RESPONSE PAYLOAD]
{
  "errorCode": 990016,
  "errorMessage": "Budget Already exists for the given session or Budget overlaps with an Expired Budget of same resource group"
}
2026-02-07 08:58:00 - create_budget - ERROR - ✗ Failed to create budget 'budget_1_CC_HomePC_Account_14617_ahv_0-251004-112716_key1_y9eB9_ahv_0-251004-112716_value1_1_y9eB9_377027': HTTP 400 - {'errorCode': 990016, 'errorMessage': 'Budget Already exists for the given session or Budget overlaps with an Expired Budget of same resource group'}
2026-02-07 08:58:00 - create_budget - INFO - [118/301] Creating CC budget: budget_1_CC_HomePC_Account_14617_ahv_0-251004-112724_key1_uLrxg_ahv_0-251004-112724_value1_1_uLrxg_377027
2026-02-07 08:58:00 - create_budget - INFO - [API REQUEST] POST https://ncm.services.nconprem-10-53-60-173.ccpnx.com/v1/cg/global/budgets
2026-02-07 08:58:00 - create_budget - INFO - [REQUEST DATA PAYLOAD] {"budgetName": "budget_1_CC_HomePC_Account_14617_ahv_0-251004-112724_key1_uLrxg_ahv_0-251004-112724_value1_1_uLrxg_377027", "financialYearStartMonth": "9", "resourceGroups": {"costCenters": ["2dc4f4a7-84c5-4944-926e-d80334c5dace"]}, "systemEstimate": true, "budgetAlert": {"configuration": {"monthly": [{"thresholdPercent": 75, "isDisabled": false}], "quarterly": [{"thresholdPercent": 79, "isDisabled": false}], "yearly": [{"thresholdPercent": 88, "isDisabled": false}]}, "recipients": ["sspuser1@systest.nutanix.com"], "isDisabled": false}}
2026-02-07 08:58:00 - create_budget - INFO - [API RESPONSE] POST https://ncm.services.nconprem-10-53-60-173.ccpnx.com/v1/cg/global/budgets
2026-02-07 08:58:00 - create_budget - INFO - [STATUS CODE] 400
2026-02-07 08:58:00 - create_budget - INFO - [TIME TAKEN] 0.2647 seconds (264.72 ms)
2026-02-07 08:58:00 - create_budget - INFO - [RESPONSE CONTENT-TYPE] application/json
2026-02-07 08:58:00 - create_budget - INFO - [RESPONSE PAYLOAD]
{
  "errorCode": 990016,
  "errorMessage": "Budget Already exists for the given session or Budget overlaps with an Expired Budget of same resource group"
}
2026-02-07 08:58:00 - create_budget - ERROR - ✗ Failed to create budget 'budget_1_CC_HomePC_Account_14617_ahv_0-251004-112724_key1_uLrxg_ahv_0-251004-112724_value1_1_uLrxg_377027': HTTP 400 - {'errorCode': 990016, 'errorMessage': 'Budget Already exists for the given session or Budget overlaps with an Expired Budget of same resource group'}
2026-02-07 08:58:00 - create_budget - INFO - [119/301] Creating CC budget: budget_1_CC_HomePC_Account_14617_ahv_0-251004-112728_key1_tVkNx_ahv_0-251004-112728_value1_1_tVkNx_377027
2026-02-07 08:58:00 - create_budget - INFO - [API REQUEST] POST https://ncm.services.nconprem-10-53-60-173.ccpnx.com/v1/cg/global/budgets
2026-02-07 08:58:00 - create_budget - INFO - [REQUEST DATA PAYLOAD] {"budgetName": "budget_1_CC_HomePC_Account_14617_ahv_0-251004-112728_key1_tVkNx_ahv_0-251004-112728_value1_1_tVkNx_377027", "financialYearStartMonth": "12", "resourceGroups": {"costCenters": ["95d36ec5-d18a-4998-9404-7c950be2e798"]}, "systemEstimate": true, "budgetAlert": {"configuration": {"monthly": [{"thresholdPercent": 70, "isDisabled": false}], "quarterly": [{"thresholdPercent": 78, "isDisabled": false}], "yearly": [{"thresholdPercent": 87, "isDisabled": false}]}, "recipients": ["sspuser1@systest.nutanix.com"], "isDisabled": false}}
2026-02-07 08:58:01 - create_budget - INFO - [API RESPONSE] POST https://ncm.services.nconprem-10-53-60-173.ccpnx.com/v1/cg/global/budgets
2026-02-07 08:58:01 - create_budget - INFO - [STATUS CODE] 400
2026-02-07 08:58:01 - create_budget - INFO - [TIME TAKEN] 0.2823 seconds (282.32 ms)
2026-02-07 08:58:01 - create_budget - INFO - [RESPONSE CONTENT-TYPE] application/json
2026-02-07 08:58:01 - create_budget - INFO - [RESPONSE PAYLOAD]
{
  "errorCode": 990016,
  "errorMessage": "Budget Already exists for the given session or Budget overlaps with an Expired Budget of same resource group"
}
2026-02-07 08:58:01 - create_budget - ERROR - ✗ Failed to create budget 'budget_1_CC_HomePC_Account_14617_ahv_0-251004-112728_key1_tVkNx_ahv_0-251004-112728_value1_1_tVkNx_377027': HTTP 400 - {'errorCode': 990016, 'errorMessage': 'Budget Already exists for the given session or Budget overlaps with an Expired Budget of same resource group'}
2026-02-07 08:58:01 - create_budget - INFO - [120/301] Creating CC budget: budget_1_CC_HomePC_Account_14617_ahv_0-251004-112739_key1_qrZ8z_ahv_0-251004-112739_value1_1_qrZ8z_377027
2026-02-07 08:58:01 - create_budget - INFO - [API REQUEST] POST https://ncm.services.nconprem-10-53-60-173.ccpnx.com/v1/cg/global/budgets
2026-02-07 08:58:01 - create_budget - INFO - [REQUEST DATA PAYLOAD] {"budgetName": "budget_1_CC_HomePC_Account_14617_ahv_0-251004-112739_key1_qrZ8z_ahv_0-251004-112739_value1_1_qrZ8z_377027", "financialYearStartMonth": "9", "resourceGroups": {"costCenters": ["48dbf469-13be-49cd-8d1a-337a2d31ae47"]}, "systemEstimate": true, "budgetAlert": {"configuration": {"monthly": [{"thresholdPercent": 75, "isDisabled": false}], "quarterly": [{"thresholdPercent": 78, "isDisabled": false}], "yearly": [{"thresholdPercent": 85, "isDisabled": false}]}, "recipients": ["sspuser1@systest.nutanix.com"], "isDisabled": false}}
2026-02-07 08:58:02 - create_budget - INFO - [API RESPONSE] POST https://ncm.services.nconprem-10-53-60-173.ccpnx.com/v1/cg/global/budgets
2026-02-07 08:58:02 - create_budget - INFO - [STATUS CODE] 400
2026-02-07 08:58:02 - create_budget - INFO - [TIME TAKEN] 1.2686 seconds (1268.61 ms)
2026-02-07 08:58:02 - create_budget - INFO - [RESPONSE CONTENT-TYPE] application/json
2026-02-07 08:58:02 - create_budget - INFO - [RESPONSE PAYLOAD]
{
  "errorCode": 990016,
  "errorMessage": "Budget Already exists for the given session or Budget overlaps with an Expired Budget of same resource group"
}
2026-02-07 08:58:02 - create_budget - ERROR - ✗ Failed to create budget 'budget_1_CC_HomePC_Account_14617_ahv_0-251004-112739_key1_qrZ8z_ahv_0-251004-112739_value1_1_qrZ8z_377027': HTTP 400 - {'errorCode': 990016, 'errorMessage': 'Budget Already exists for the given session or Budget overlaps with an Expired Budget of same resource group'}
2026-02-07 08:58:02 - create_budget - INFO - [121/301] Creating CC budget: budget_1_CC_HomePC_Account_14617_ahv_0-251004-112725_key1_uXgze_ahv_0-251004-112725_value1_1_uXgze_377027
2026-02-07 08:58:02 - create_budget - INFO - [API REQUEST] POST https://ncm.services.nconprem-10-53-60-173.ccpnx.com/v1/cg/global/budgets
2026-02-07 08:58:02 - create_budget - INFO - [REQUEST DATA PAYLOAD] {"budgetName": "budget_1_CC_HomePC_Account_14617_ahv_0-251004-112725_key1_uXgze_ahv_0-251004-112725_value1_1_uXgze_377027", "financialYearStartMonth": "10", "resourceGroups": {"costCenters": ["ff5a7f15-8871-43f8-be43-06fc1d96dee0"]}, "systemEstimate": true, "budgetAlert": {"configuration": {"monthly": [{"thresholdPercent": 72, "isDisabled": false}], "quarterly": [{"thresholdPercent": 78, "isDisabled": false}], "yearly": [{"thresholdPercent": 91, "isDisabled": false}]}, "recipients": ["sspuser1@systest.nutanix.com"], "isDisabled": false}}
2026-02-07 08:58:03 - create_budget - INFO - [API RESPONSE] POST https://ncm.services.nconprem-10-53-60-173.ccpnx.com/v1/cg/global/budgets
2026-02-07 08:58:03 - create_budget - INFO - [STATUS CODE] 400
2026-02-07 08:58:03 - create_budget - INFO - [TIME TAKEN] 0.6771 seconds (677.13 ms)
2026-02-07 08:58:03 - create_budget - INFO - [RESPONSE CONTENT-TYPE] application/json
2026-02-07 08:58:03 - create_budget - INFO - [RESPONSE PAYLOAD]
{
  "errorCode": 990016,
  "errorMessage": "Budget Already exists for the given session or Budget overlaps with an Expired Budget of same resource group"
}
2026-02-07 08:58:03 - create_budget - ERROR - ✗ Failed to create budget 'budget_1_CC_HomePC_Account_14617_ahv_0-251004-112725_key1_uXgze_ahv_0-251004-112725_value1_1_uXgze_377027': HTTP 400 - {'errorCode': 990016, 'errorMessage': 'Budget Already exists for the given session or Budget overlaps with an Expired Budget of same resource group'}
2026-02-07 08:58:03 - create_budget - INFO - [122/301] Creating BU budget: budget_1_Business_Unit_21
2026-02-07 08:58:03 - create_budget - INFO - [API REQUEST] POST https://ncm.services.nconprem-10-53-60-173.ccpnx.com/v1/cg/global/budgets
2026-02-07 08:58:03 - create_budget - INFO - [REQUEST DATA PAYLOAD] {"budgetName": "budget_1_Business_Unit_21", "financialYearStartMonth": "6", "resourceGroups": {"businessUnit": ["8873a47e-9d3b-4882-86cd-56749cff3735"]}, "systemEstimate": true, "budgetAlert": {"configuration": {"monthly": [{"thresholdPercent": 65, "isDisabled": false}], "quarterly": [{"thresholdPercent": 77, "isDisabled": false}], "yearly": [{"thresholdPercent": 95, "isDisabled": false}]}, "recipients": ["sspuser1@systest.nutanix.com"], "isDisabled": false}}
2026-02-07 08:58:03 - create_budget - INFO - [API RESPONSE] POST https://ncm.services.nconprem-10-53-60-173.ccpnx.com/v1/cg/global/budgets
2026-02-07 08:58:03 - create_budget - INFO - [STATUS CODE] 500
2026-02-07 08:58:03 - create_budget - INFO - [TIME TAKEN] 0.5824 seconds (582.41 ms)
2026-02-07 08:58:03 - create_budget - INFO - [RESPONSE CONTENT-TYPE] application/json
2026-02-07 08:58:03 - create_budget - INFO - [RESPONSE PAYLOAD]
{
  "errorCode": 990020,
  "errorMessage": "The system encountered an internal error. If the issue persists, please reach out to our support."
}
2026-02-07 08:58:03 - create_budget - ERROR - ✗ Failed to create budget 'budget_1_Business_Unit_21': HTTP 500 - {'errorCode': 990020, 'errorMessage': 'The system encountered an internal error. If the issue persists, please reach out to our support.'}
2026-02-07 08:58:03 - create_budget - INFO - [123/301] Creating CC budget: budget_1_CC_HomePC_Account_14617_ahv_0-251004-112740_key1_2Y58r_ahv_0-251004-112740_value1_1_2Y58r_377027
2026-02-07 08:58:03 - create_budget - INFO - [API REQUEST] POST https://ncm.services.nconprem-10-53-60-173.ccpnx.com/v1/cg/global/budgets
2026-02-07 08:58:03 - create_budget - INFO - [REQUEST DATA PAYLOAD] {"budgetName": "budget_1_CC_HomePC_Account_14617_ahv_0-251004-112740_key1_2Y58r_ahv_0-251004-112740_value1_1_2Y58r_377027", "financialYearStartMonth": "4", "resourceGroups": {"costCenters": ["7dad68c0-2a53-4dd1-b85c-0cbc63a71861"]}, "systemEstimate": true, "budgetAlert": {"configuration": {"monthly": [{"thresholdPercent": 74, "isDisabled": false}], "quarterly": [{"thresholdPercent": 82, "isDisabled": false}], "yearly": [{"thresholdPercent": 92, "isDisabled": false}]}, "recipients": ["sspuser1@systest.nutanix.com"], "isDisabled": false}}
2026-02-07 08:58:04 - create_budget - INFO - [API RESPONSE] POST https://ncm.services.nconprem-10-53-60-173.ccpnx.com/v1/cg/global/budgets
2026-02-07 08:58:04 - create_budget - INFO - [STATUS CODE] 400
2026-02-07 08:58:04 - create_budget - INFO - [TIME TAKEN] 0.4577 seconds (457.69 ms)
2026-02-07 08:58:04 - create_budget - INFO - [RESPONSE CONTENT-TYPE] application/json
2026-02-07 08:58:04 - create_budget - INFO - [RESPONSE PAYLOAD]
{
  "errorCode": 990016,
  "errorMessage": "Budget Already exists for the given session or Budget overlaps with an Expired Budget of same resource group"
}
2026-02-07 08:58:04 - create_budget - ERROR - ✗ Failed to create budget 'budget_1_CC_HomePC_Account_14617_ahv_0-251004-112740_key1_2Y58r_ahv_0-251004-112740_value1_1_2Y58r_377027': HTTP 400 - {'errorCode': 990016, 'errorMessage': 'Budget Already exists for the given session or Budget overlaps with an Expired Budget of same resource group'}
2026-02-07 08:58:04 - create_budget - INFO - [124/301] Creating CC budget: budget_1_CC_HomePC_Account_14617_ahv_0-251004-112755_key1_K8h54_ahv_0-251004-112755_value1_1_K8h54_377027
2026-02-07 08:58:04 - create_budget - INFO - [API REQUEST] POST https://ncm.services.nconprem-10-53-60-173.ccpnx.com/v1/cg/global/budgets
2026-02-07 08:58:04 - create_budget - INFO - [REQUEST DATA PAYLOAD] {"budgetName": "budget_1_CC_HomePC_Account_14617_ahv_0-251004-112755_key1_K8h54_ahv_0-251004-112755_value1_1_K8h54_377027", "financialYearStartMonth": "3", "resourceGroups": {"costCenters": ["abbffa07-749f-4307-823b-5d2db99b831e"]}, "systemEstimate": true, "budgetAlert": {"configuration": {"monthly": [{"thresholdPercent": 66, "isDisabled": false}], "quarterly": [{"thresholdPercent": 75, "isDisabled": false}], "yearly": [{"thresholdPercent": 85, "isDisabled": false}]}, "recipients": ["sspuser1@systest.nutanix.com"], "isDisabled": false}}
2026-02-07 08:58:04 - create_budget - INFO - [API RESPONSE] POST https://ncm.services.nconprem-10-53-60-173.ccpnx.com/v1/cg/global/budgets
2026-02-07 08:58:04 - create_budget - INFO - [STATUS CODE] 400
2026-02-07 08:58:04 - create_budget - INFO - [TIME TAKEN] 0.2930 seconds (292.97 ms)
2026-02-07 08:58:04 - create_budget - INFO - [RESPONSE CONTENT-TYPE] application/json
2026-02-07 08:58:04 - create_budget - INFO - [RESPONSE PAYLOAD]
{
  "errorCode": 990016,
  "errorMessage": "Budget Already exists for the given session or Budget overlaps with an Expired Budget of same resource group"
}
2026-02-07 08:58:04 - create_budget - ERROR - ✗ Failed to create budget 'budget_1_CC_HomePC_Account_14617_ahv_0-251004-112755_key1_K8h54_ahv_0-251004-112755_value1_1_K8h54_377027': HTTP 400 - {'errorCode': 990016, 'errorMessage': 'Budget Already exists for the given session or Budget overlaps with an Expired Budget of same resource group'}
2026-02-07 08:58:04 - create_budget - INFO - [125/301] Creating CC budget: budget_1_CC_HomePC_Account_14617_ahv_0-251004-123942_key1_AMkuF_ahv_0-251004-123942_value1_1_AMkuF_377027
2026-02-07 08:58:04 - create_budget - INFO - [API REQUEST] POST https://ncm.services.nconprem-10-53-60-173.ccpnx.com/v1/cg/global/budgets
2026-02-07 08:58:04 - create_budget - INFO - [REQUEST DATA PAYLOAD] {"budgetName": "budget_1_CC_HomePC_Account_14617_ahv_0-251004-123942_key1_AMkuF_ahv_0-251004-123942_value1_1_AMkuF_377027", "financialYearStartMonth": "7", "resourceGroups": {"costCenters": ["3e901fe4-48ed-428f-a575-ba0849e7b8b5"]}, "systemEstimate": true, "budgetAlert": {"configuration": {"monthly": [{"thresholdPercent": 68, "isDisabled": false}], "quarterly": [{"thresholdPercent": 79, "isDisabled": false}], "yearly": [{"thresholdPercent": 94, "isDisabled": false}]}, "recipients": ["sspuser1@systest.nutanix.com"], "isDisabled": false}}
2026-02-07 08:58:04 - create_budget - INFO - [API RESPONSE] POST https://ncm.services.nconprem-10-53-60-173.ccpnx.com/v1/cg/global/budgets
2026-02-07 08:58:04 - create_budget - INFO - [STATUS CODE] 400
2026-02-07 08:58:04 - create_budget - INFO - [TIME TAKEN] 0.4276 seconds (427.63 ms)
2026-02-07 08:58:04 - create_budget - INFO - [RESPONSE CONTENT-TYPE] application/json
2026-02-07 08:58:04 - create_budget - INFO - [RESPONSE PAYLOAD]
{
  "errorCode": 990016,
  "errorMessage": "Budget Already exists for the given session or Budget overlaps with an Expired Budget of same resource group"
}
2026-02-07 08:58:04 - create_budget - ERROR - ✗ Failed to create budget 'budget_1_CC_HomePC_Account_14617_ahv_0-251004-123942_key1_AMkuF_ahv_0-251004-123942_value1_1_AMkuF_377027': HTTP 400 - {'errorCode': 990016, 'errorMessage': 'Budget Already exists for the given session or Budget overlaps with an Expired Budget of same resource group'}
2026-02-07 08:58:04 - create_budget - INFO - [126/301] Creating CC budget: budget_1_CC_HomePC_Account_14617_ahv_0-251004-123945_key1_9Xc9r_ahv_0-251004-123945_value1_5_9Xc9r_377027
2026-02-07 08:58:04 - create_budget - INFO - [API REQUEST] POST https://ncm.services.nconprem-10-53-60-173.ccpnx.com/v1/cg/global/budgets
2026-02-07 08:58:04 - create_budget - INFO - [REQUEST DATA PAYLOAD] {"budgetName": "budget_1_CC_HomePC_Account_14617_ahv_0-251004-123945_key1_9Xc9r_ahv_0-251004-123945_value1_5_9Xc9r_377027", "financialYearStartMonth": "12", "resourceGroups": {"costCenters": ["892ba2c9-e858-4d32-8fed-5d871ac422b1"]}, "systemEstimate": true, "budgetAlert": {"configuration": {"monthly": [{"thresholdPercent": 73, "isDisabled": false}], "quarterly": [{"thresholdPercent": 79, "isDisabled": false}], "yearly": [{"thresholdPercent": 86, "isDisabled": false}]}, "recipients": ["sspuser1@systest.nutanix.com"], "isDisabled": false}}
2026-02-07 08:58:05 - create_budget - INFO - [API RESPONSE] POST https://ncm.services.nconprem-10-53-60-173.ccpnx.com/v1/cg/global/budgets
2026-02-07 08:58:05 - create_budget - INFO - [STATUS CODE] 400
2026-02-07 08:58:05 - create_budget - INFO - [TIME TAKEN] 0.5688 seconds (568.80 ms)
2026-02-07 08:58:05 - create_budget - INFO - [RESPONSE CONTENT-TYPE] application/json
2026-02-07 08:58:05 - create_budget - INFO - [RESPONSE PAYLOAD]
{
  "errorCode": 990016,
  "errorMessage": "Budget Already exists for the given session or Budget overlaps with an Expired Budget of same resource group"
}
2026-02-07 08:58:05 - create_budget - ERROR - ✗ Failed to create budget 'budget_1_CC_HomePC_Account_14617_ahv_0-251004-123945_key1_9Xc9r_ahv_0-251004-123945_value1_5_9Xc9r_377027': HTTP 400 - {'errorCode': 990016, 'errorMessage': 'Budget Already exists for the given session or Budget overlaps with an Expired Budget of same resource group'}
2026-02-07 08:58:05 - create_budget - INFO - [127/301] Creating CC budget: budget_1_CC_HomePC_Account_14617_ahv_0-251004-112748_key1_Eb1rW_ahv_0-251004-112748_value1_1_Eb1rW_377027
2026-02-07 08:58:05 - create_budget - INFO - [API REQUEST] POST https://ncm.services.nconprem-10-53-60-173.ccpnx.com/v1/cg/global/budgets
2026-02-07 08:58:05 - create_budget - INFO - [REQUEST DATA PAYLOAD] {"budgetName": "budget_1_CC_HomePC_Account_14617_ahv_0-251004-112748_key1_Eb1rW_ahv_0-251004-112748_value1_1_Eb1rW_377027", "financialYearStartMonth": "4", "resourceGroups": {"costCenters": ["ea170f02-a82e-4a1b-8949-7561ac8cabae"]}, "systemEstimate": true, "budgetAlert": {"configuration": {"monthly": [{"thresholdPercent": 74, "isDisabled": false}], "quarterly": [{"thresholdPercent": 83, "isDisabled": false}], "yearly": [{"thresholdPercent": 90, "isDisabled": false}]}, "recipients": ["sspuser1@systest.nutanix.com"], "isDisabled": false}}
2026-02-07 08:58:06 - create_budget - INFO - [API RESPONSE] POST https://ncm.services.nconprem-10-53-60-173.ccpnx.com/v1/cg/global/budgets
2026-02-07 08:58:06 - create_budget - INFO - [STATUS CODE] 400
2026-02-07 08:58:06 - create_budget - INFO - [TIME TAKEN] 0.8117 seconds (811.71 ms)
2026-02-07 08:58:06 - create_budget - INFO - [RESPONSE CONTENT-TYPE] application/json
2026-02-07 08:58:06 - create_budget - INFO - [RESPONSE PAYLOAD]
{
  "errorCode": 990016,
  "errorMessage": "Budget Already exists for the given session or Budget overlaps with an Expired Budget of same resource group"
}
2026-02-07 08:58:06 - create_budget - ERROR - ✗ Failed to create budget 'budget_1_CC_HomePC_Account_14617_ahv_0-251004-112748_key1_Eb1rW_ahv_0-251004-112748_value1_1_Eb1rW_377027': HTTP 400 - {'errorCode': 990016, 'errorMessage': 'Budget Already exists for the given session or Budget overlaps with an Expired Budget of same resource group'}
2026-02-07 08:58:06 - create_budget - INFO - [128/301] Creating BU budget: budget_1_Business_Unit_22
2026-02-07 08:58:06 - create_budget - INFO - [API REQUEST] POST https://ncm.services.nconprem-10-53-60-173.ccpnx.com/v1/cg/global/budgets
2026-02-07 08:58:06 - create_budget - INFO - [REQUEST DATA PAYLOAD] {"budgetName": "budget_1_Business_Unit_22", "financialYearStartMonth": "6", "resourceGroups": {"businessUnit": ["80bfe866-9f75-4c33-8301-cd9f3c336edb"]}, "systemEstimate": true, "budgetAlert": {"configuration": {"monthly": [{"thresholdPercent": 72, "isDisabled": false}], "quarterly": [{"thresholdPercent": 82, "isDisabled": false}], "yearly": [{"thresholdPercent": 89, "isDisabled": false}]}, "recipients": ["sspuser1@systest.nutanix.com"], "isDisabled": false}}
2026-02-07 08:58:06 - create_budget - INFO - [API RESPONSE] POST https://ncm.services.nconprem-10-53-60-173.ccpnx.com/v1/cg/global/budgets
2026-02-07 08:58:06 - create_budget - INFO - [STATUS CODE] 500
2026-02-07 08:58:06 - create_budget - INFO - [TIME TAKEN] 0.4796 seconds (479.62 ms)
2026-02-07 08:58:06 - create_budget - INFO - [RESPONSE CONTENT-TYPE] application/json
2026-02-07 08:58:06 - create_budget - INFO - [RESPONSE PAYLOAD]
{
  "errorCode": 990020,
  "errorMessage": "The system encountered an internal error. If the issue persists, please reach out to our support."
}
2026-02-07 08:58:06 - create_budget - ERROR - ✗ Failed to create budget 'budget_1_Business_Unit_22': HTTP 500 - {'errorCode': 990020, 'errorMessage': 'The system encountered an internal error. If the issue persists, please reach out to our support.'}
2026-02-07 08:58:06 - create_budget - INFO - [129/301] Creating CC budget: budget_1_CC_HomePC_Account_14617_ahv_0-251004-124014_key1_YeKDR_ahv_0-251004-124014_value1_2_YeKDR_377027
2026-02-07 08:58:06 - create_budget - INFO - [API REQUEST] POST https://ncm.services.nconprem-10-53-60-173.ccpnx.com/v1/cg/global/budgets
2026-02-07 08:58:06 - create_budget - INFO - [REQUEST DATA PAYLOAD] {"budgetName": "budget_1_CC_HomePC_Account_14617_ahv_0-251004-124014_key1_YeKDR_ahv_0-251004-124014_value1_2_YeKDR_377027", "financialYearStartMonth": "10", "resourceGroups": {"costCenters": ["8d4ac34a-6e74-464a-9643-6dd531f63522"]}, "systemEstimate": true, "budgetAlert": {"configuration": {"monthly": [{"thresholdPercent": 75, "isDisabled": false}], "quarterly": [{"thresholdPercent": 83, "isDisabled": false}], "yearly": [{"thresholdPercent": 94, "isDisabled": false}]}, "recipients": ["sspuser1@systest.nutanix.com"], "isDisabled": false}}
2026-02-07 08:58:07 - create_budget - INFO - [API RESPONSE] POST https://ncm.services.nconprem-10-53-60-173.ccpnx.com/v1/cg/global/budgets
2026-02-07 08:58:07 - create_budget - INFO - [STATUS CODE] 400
2026-02-07 08:58:07 - create_budget - INFO - [TIME TAKEN] 0.7375 seconds (737.51 ms)
2026-02-07 08:58:07 - create_budget - INFO - [RESPONSE CONTENT-TYPE] application/json
2026-02-07 08:58:07 - create_budget - INFO - [RESPONSE PAYLOAD]
{
  "errorCode": 990016,
  "errorMessage": "Budget Already exists for the given session or Budget overlaps with an Expired Budget of same resource group"
}
2026-02-07 08:58:07 - create_budget - ERROR - ✗ Failed to create budget 'budget_1_CC_HomePC_Account_14617_ahv_0-251004-124014_key1_YeKDR_ahv_0-251004-124014_value1_2_YeKDR_377027': HTTP 400 - {'errorCode': 990016, 'errorMessage': 'Budget Already exists for the given session or Budget overlaps with an Expired Budget of same resource group'}
2026-02-07 08:58:07 - create_budget - INFO - [130/301] Creating CC budget: budget_1_CC_HomePC_Account_14617_ahv_0-251004-123947_key1_9acxk_ahv_0-251004-123947_value1_1_9acxk_377027
2026-02-07 08:58:07 - create_budget - INFO - [API REQUEST] POST https://ncm.services.nconprem-10-53-60-173.ccpnx.com/v1/cg/global/budgets
2026-02-07 08:58:07 - create_budget - INFO - [REQUEST DATA PAYLOAD] {"budgetName": "budget_1_CC_HomePC_Account_14617_ahv_0-251004-123947_key1_9acxk_ahv_0-251004-123947_value1_1_9acxk_377027", "financialYearStartMonth": "6", "resourceGroups": {"costCenters": ["d1949428-b5e6-4b45-b972-a9bca34531e7"]}, "systemEstimate": true, "budgetAlert": {"configuration": {"monthly": [{"thresholdPercent": 69, "isDisabled": false}], "quarterly": [{"thresholdPercent": 76, "isDisabled": false}], "yearly": [{"thresholdPercent": 91, "isDisabled": false}]}, "recipients": ["sspuser1@systest.nutanix.com"], "isDisabled": false}}
2026-02-07 08:58:07 - create_budget - INFO - [API RESPONSE] POST https://ncm.services.nconprem-10-53-60-173.ccpnx.com/v1/cg/global/budgets
2026-02-07 08:58:07 - create_budget - INFO - [STATUS CODE] 400
2026-02-07 08:58:07 - create_budget - INFO - [TIME TAKEN] 0.3705 seconds (370.49 ms)
2026-02-07 08:58:07 - create_budget - INFO - [RESPONSE CONTENT-TYPE] application/json
2026-02-07 08:58:07 - create_budget - INFO - [RESPONSE PAYLOAD]
{
  "errorCode": 990016,
  "errorMessage": "Budget Already exists for the given session or Budget overlaps with an Expired Budget of same resource group"
}
2026-02-07 08:58:07 - create_budget - ERROR - ✗ Failed to create budget 'budget_1_CC_HomePC_Account_14617_ahv_0-251004-123947_key1_9acxk_ahv_0-251004-123947_value1_1_9acxk_377027': HTTP 400 - {'errorCode': 990016, 'errorMessage': 'Budget Already exists for the given session or Budget overlaps with an Expired Budget of same resource group'}
2026-02-07 08:58:07 - create_budget - INFO - [131/301] Creating CC budget: budget_1_CC_HomePC_Account_14617_ahv_0-251004-123951_key1_dFzTW_ahv_0-251004-123951_value1_1_dFzTW_377027
2026-02-07 08:58:07 - create_budget - INFO - [API REQUEST] POST https://ncm.services.nconprem-10-53-60-173.ccpnx.com/v1/cg/global/budgets
2026-02-07 08:58:07 - create_budget - INFO - [REQUEST DATA PAYLOAD] {"budgetName": "budget_1_CC_HomePC_Account_14617_ahv_0-251004-123951_key1_dFzTW_ahv_0-251004-123951_value1_1_dFzTW_377027", "financialYearStartMonth": "3", "resourceGroups": {"costCenters": ["a37f3ad9-653d-49b3-bc4d-cbeacab4cfd8"]}, "systemEstimate": true, "budgetAlert": {"configuration": {"monthly": [{"thresholdPercent": 71, "isDisabled": false}], "quarterly": [{"thresholdPercent": 85, "isDisabled": false}], "yearly": [{"thresholdPercent": 89, "isDisabled": false}]}, "recipients": ["sspuser1@systest.nutanix.com"], "isDisabled": false}}
2026-02-07 08:58:08 - create_budget - INFO - [API RESPONSE] POST https://ncm.services.nconprem-10-53-60-173.ccpnx.com/v1/cg/global/budgets
2026-02-07 08:58:08 - create_budget - INFO - [STATUS CODE] 400
2026-02-07 08:58:08 - create_budget - INFO - [TIME TAKEN] 0.2499 seconds (249.93 ms)
2026-02-07 08:58:08 - create_budget - INFO - [RESPONSE CONTENT-TYPE] application/json
2026-02-07 08:58:08 - create_budget - INFO - [RESPONSE PAYLOAD]
{
  "errorCode": 990016,
  "errorMessage": "Budget Already exists for the given session or Budget overlaps with an Expired Budget of same resource group"
}
2026-02-07 08:58:08 - create_budget - ERROR - ✗ Failed to create budget 'budget_1_CC_HomePC_Account_14617_ahv_0-251004-123951_key1_dFzTW_ahv_0-251004-123951_value1_1_dFzTW_377027': HTTP 400 - {'errorCode': 990016, 'errorMessage': 'Budget Already exists for the given session or Budget overlaps with an Expired Budget of same resource group'}
2026-02-07 08:58:08 - create_budget - INFO - [132/301] Creating CC budget: budget_1_CC_HomePC_Account_14617_ahv_0-251004-124010_key1_eknPl_ahv_0-251004-124010_value1_1_eknPl_377027
2026-02-07 08:58:08 - create_budget - INFO - [API REQUEST] POST https://ncm.services.nconprem-10-53-60-173.ccpnx.com/v1/cg/global/budgets
2026-02-07 08:58:08 - create_budget - INFO - [REQUEST DATA PAYLOAD] {"budgetName": "budget_1_CC_HomePC_Account_14617_ahv_0-251004-124010_key1_eknPl_ahv_0-251004-124010_value1_1_eknPl_377027", "financialYearStartMonth": "9", "resourceGroups": {"costCenters": ["d421854e-d251-4999-b41d-7ec31a82bf35"]}, "systemEstimate": true, "budgetAlert": {"configuration": {"monthly": [{"thresholdPercent": 75, "isDisabled": false}], "quarterly": [{"thresholdPercent": 78, "isDisabled": false}], "yearly": [{"thresholdPercent": 86, "isDisabled": false}]}, "recipients": ["sspuser1@systest.nutanix.com"], "isDisabled": false}}
2026-02-07 08:58:08 - create_budget - INFO - [API RESPONSE] POST https://ncm.services.nconprem-10-53-60-173.ccpnx.com/v1/cg/global/budgets
2026-02-07 08:58:08 - create_budget - INFO - [STATUS CODE] 400
2026-02-07 08:58:08 - create_budget - INFO - [TIME TAKEN] 0.5609 seconds (560.90 ms)
2026-02-07 08:58:08 - create_budget - INFO - [RESPONSE CONTENT-TYPE] application/json
2026-02-07 08:58:08 - create_budget - INFO - [RESPONSE PAYLOAD]
{
  "errorCode": 990016,
  "errorMessage": "Budget Already exists for the given session or Budget overlaps with an Expired Budget of same resource group"
}
2026-02-07 08:58:08 - create_budget - ERROR - ✗ Failed to create budget 'budget_1_CC_HomePC_Account_14617_ahv_0-251004-124010_key1_eknPl_ahv_0-251004-124010_value1_1_eknPl_377027': HTTP 400 - {'errorCode': 990016, 'errorMessage': 'Budget Already exists for the given session or Budget overlaps with an Expired Budget of same resource group'}
2026-02-07 08:58:08 - create_budget - INFO - [133/301] Creating CC budget: budget_1_CC_HomePC_Account_14617_ahv_0-251004-124004_key1_Sbu5J_ahv_0-251004-124004_value1_1_Sbu5J_377027
2026-02-07 08:58:08 - create_budget - INFO - [API REQUEST] POST https://ncm.services.nconprem-10-53-60-173.ccpnx.com/v1/cg/global/budgets
2026-02-07 08:58:08 - create_budget - INFO - [REQUEST DATA PAYLOAD] {"budgetName": "budget_1_CC_HomePC_Account_14617_ahv_0-251004-124004_key1_Sbu5J_ahv_0-251004-124004_value1_1_Sbu5J_377027", "financialYearStartMonth": "5", "resourceGroups": {"costCenters": ["ce6be627-9c63-4359-a313-54580f8f14ea"]}, "systemEstimate": true, "budgetAlert": {"configuration": {"monthly": [{"thresholdPercent": 75, "isDisabled": false}], "quarterly": [{"thresholdPercent": 85, "isDisabled": false}], "yearly": [{"thresholdPercent": 93, "isDisabled": false}]}, "recipients": ["sspuser1@systest.nutanix.com"], "isDisabled": false}}
2026-02-07 08:58:09 - create_budget - INFO - [API RESPONSE] POST https://ncm.services.nconprem-10-53-60-173.ccpnx.com/v1/cg/global/budgets
2026-02-07 08:58:09 - create_budget - INFO - [STATUS CODE] 400
2026-02-07 08:58:09 - create_budget - INFO - [TIME TAKEN] 0.4333 seconds (433.32 ms)
2026-02-07 08:58:09 - create_budget - INFO - [RESPONSE CONTENT-TYPE] application/json
2026-02-07 08:58:09 - create_budget - INFO - [RESPONSE PAYLOAD]
{
  "errorCode": 990016,
  "errorMessage": "Budget Already exists for the given session or Budget overlaps with an Expired Budget of same resource group"
}
2026-02-07 08:58:09 - create_budget - ERROR - ✗ Failed to create budget 'budget_1_CC_HomePC_Account_14617_ahv_0-251004-124004_key1_Sbu5J_ahv_0-251004-124004_value1_1_Sbu5J_377027': HTTP 400 - {'errorCode': 990016, 'errorMessage': 'Budget Already exists for the given session or Budget overlaps with an Expired Budget of same resource group'}
2026-02-07 08:58:09 - create_budget - INFO - [134/301] Creating BU budget: budget_1_Business_Unit_23
2026-02-07 08:58:09 - create_budget - INFO - [API REQUEST] POST https://ncm.services.nconprem-10-53-60-173.ccpnx.com/v1/cg/global/budgets
2026-02-07 08:58:09 - create_budget - INFO - [REQUEST DATA PAYLOAD] {"budgetName": "budget_1_Business_Unit_23", "financialYearStartMonth": "8", "resourceGroups": {"businessUnit": ["481bbb27-b152-416a-a2dd-d227b3cafc15"]}, "systemEstimate": true, "budgetAlert": {"configuration": {"monthly": [{"thresholdPercent": 74, "isDisabled": false}], "quarterly": [{"thresholdPercent": 83, "isDisabled": false}], "yearly": [{"thresholdPercent": 90, "isDisabled": false}]}, "recipients": ["sspuser1@systest.nutanix.com"], "isDisabled": false}}
2026-02-07 08:58:09 - create_budget - INFO - [API RESPONSE] POST https://ncm.services.nconprem-10-53-60-173.ccpnx.com/v1/cg/global/budgets
2026-02-07 08:58:09 - create_budget - INFO - [STATUS CODE] 500
2026-02-07 08:58:09 - create_budget - INFO - [TIME TAKEN] 0.7109 seconds (710.92 ms)
2026-02-07 08:58:09 - create_budget - INFO - [RESPONSE CONTENT-TYPE] application/json
2026-02-07 08:58:09 - create_budget - INFO - [RESPONSE PAYLOAD]
{
  "errorCode": 990020,
  "errorMessage": "The system encountered an internal error. If the issue persists, please reach out to our support."
}
2026-02-07 08:58:09 - create_budget - ERROR - ✗ Failed to create budget 'budget_1_Business_Unit_23': HTTP 500 - {'errorCode': 990020, 'errorMessage': 'The system encountered an internal error. If the issue persists, please reach out to our support.'}
2026-02-07 08:58:09 - create_budget - INFO - [135/301] Creating CC budget: budget_1_CC_HomePC_Account_14617_ahv_0-251004-124037_key1_nOHmh_ahv_0-251004-124037_value1_1_nOHmh_377027
2026-02-07 08:58:09 - create_budget - INFO - [API REQUEST] POST https://ncm.services.nconprem-10-53-60-173.ccpnx.com/v1/cg/global/budgets
2026-02-07 08:58:09 - create_budget - INFO - [REQUEST DATA PAYLOAD] {"budgetName": "budget_1_CC_HomePC_Account_14617_ahv_0-251004-124037_key1_nOHmh_ahv_0-251004-124037_value1_1_nOHmh_377027", "financialYearStartMonth": "5", "resourceGroups": {"costCenters": ["a3a18557-57d0-4792-aa3b-b40bf56f9de3"]}, "systemEstimate": true, "budgetAlert": {"configuration": {"monthly": [{"thresholdPercent": 71, "isDisabled": false}], "quarterly": [{"thresholdPercent": 76, "isDisabled": false}], "yearly": [{"thresholdPercent": 88, "isDisabled": false}]}, "recipients": ["sspuser1@systest.nutanix.com"], "isDisabled": false}}
2026-02-07 08:58:10 - create_budget - INFO - [API RESPONSE] POST https://ncm.services.nconprem-10-53-60-173.ccpnx.com/v1/cg/global/budgets
2026-02-07 08:58:10 - create_budget - INFO - [STATUS CODE] 400
2026-02-07 08:58:10 - create_budget - INFO - [TIME TAKEN] 0.3826 seconds (382.59 ms)
2026-02-07 08:58:10 - create_budget - INFO - [RESPONSE CONTENT-TYPE] application/json
2026-02-07 08:58:10 - create_budget - INFO - [RESPONSE PAYLOAD]
{
  "errorCode": 990016,
  "errorMessage": "Budget Already exists for the given session or Budget overlaps with an Expired Budget of same resource group"
}
2026-02-07 08:58:10 - create_budget - ERROR - ✗ Failed to create budget 'budget_1_CC_HomePC_Account_14617_ahv_0-251004-124037_key1_nOHmh_ahv_0-251004-124037_value1_1_nOHmh_377027': HTTP 400 - {'errorCode': 990016, 'errorMessage': 'Budget Already exists for the given session or Budget overlaps with an Expired Budget of same resource group'}
2026-02-07 08:58:10 - create_budget - INFO - [136/301] Creating CC budget: budget_1_CC_HomePC_Account_14617_ahv_0-251004-124045_key1_C6ZAP_ahv_0-251004-124045_value1_1_C6ZAP_377027
2026-02-07 08:58:10 - create_budget - INFO - [API REQUEST] POST https://ncm.services.nconprem-10-53-60-173.ccpnx.com/v1/cg/global/budgets
2026-02-07 08:58:10 - create_budget - INFO - [REQUEST DATA PAYLOAD] {"budgetName": "budget_1_CC_HomePC_Account_14617_ahv_0-251004-124045_key1_C6ZAP_ahv_0-251004-124045_value1_1_C6ZAP_377027", "financialYearStartMonth": "3", "resourceGroups": {"costCenters": ["cc810ba0-7e67-4de1-8161-865d3e96de07"]}, "systemEstimate": true, "budgetAlert": {"configuration": {"monthly": [{"thresholdPercent": 68, "isDisabled": false}], "quarterly": [{"thresholdPercent": 80, "isDisabled": false}], "yearly": [{"thresholdPercent": 87, "isDisabled": false}]}, "recipients": ["sspuser1@systest.nutanix.com"], "isDisabled": false}}
2026-02-07 08:58:10 - create_budget - INFO - [API RESPONSE] POST https://ncm.services.nconprem-10-53-60-173.ccpnx.com/v1/cg/global/budgets
2026-02-07 08:58:10 - create_budget - INFO - [STATUS CODE] 400
2026-02-07 08:58:10 - create_budget - INFO - [TIME TAKEN] 0.4026 seconds (402.59 ms)
2026-02-07 08:58:10 - create_budget - INFO - [RESPONSE CONTENT-TYPE] application/json
2026-02-07 08:58:10 - create_budget - INFO - [RESPONSE PAYLOAD]
{
  "errorCode": 990016,
  "errorMessage": "Budget Already exists for the given session or Budget overlaps with an Expired Budget of same resource group"
}
2026-02-07 08:58:10 - create_budget - ERROR - ✗ Failed to create budget 'budget_1_CC_HomePC_Account_14617_ahv_0-251004-124045_key1_C6ZAP_ahv_0-251004-124045_value1_1_C6ZAP_377027': HTTP 400 - {'errorCode': 990016, 'errorMessage': 'Budget Already exists for the given session or Budget overlaps with an Expired Budget of same resource group'}
2026-02-07 08:58:10 - create_budget - INFO - [137/301] Creating CC budget: budget_1_CC_HomePC_Account_14617_ahv_0-251004-124052_key1_cRT67_ahv_0-251004-124052_value1_3_cRT67_377027
2026-02-07 08:58:10 - create_budget - INFO - [API REQUEST] POST https://ncm.services.nconprem-10-53-60-173.ccpnx.com/v1/cg/global/budgets
2026-02-07 08:58:10 - create_budget - INFO - [REQUEST DATA PAYLOAD] {"budgetName": "budget_1_CC_HomePC_Account_14617_ahv_0-251004-124052_key1_cRT67_ahv_0-251004-124052_value1_3_cRT67_377027", "financialYearStartMonth": "6", "resourceGroups": {"costCenters": ["39e3cefb-3fae-4990-9585-d758776252ee"]}, "systemEstimate": true, "budgetAlert": {"configuration": {"monthly": [{"thresholdPercent": 70, "isDisabled": false}], "quarterly": [{"thresholdPercent": 75, "isDisabled": false}], "yearly": [{"thresholdPercent": 91, "isDisabled": false}]}, "recipients": ["sspuser1@systest.nutanix.com"], "isDisabled": false}}
2026-02-07 08:58:10 - create_budget - INFO - [API RESPONSE] POST https://ncm.services.nconprem-10-53-60-173.ccpnx.com/v1/cg/global/budgets
2026-02-07 08:58:10 - create_budget - INFO - [STATUS CODE] 400
2026-02-07 08:58:10 - create_budget - INFO - [TIME TAKEN] 0.2865 seconds (286.48 ms)
2026-02-07 08:58:10 - create_budget - INFO - [RESPONSE CONTENT-TYPE] application/json
2026-02-07 08:58:10 - create_budget - INFO - [RESPONSE PAYLOAD]
{
  "errorCode": 990016,
  "errorMessage": "Budget Already exists for the given session or Budget overlaps with an Expired Budget of same resource group"
}
2026-02-07 08:58:10 - create_budget - ERROR - ✗ Failed to create budget 'budget_1_CC_HomePC_Account_14617_ahv_0-251004-124052_key1_cRT67_ahv_0-251004-124052_value1_3_cRT67_377027': HTTP 400 - {'errorCode': 990016, 'errorMessage': 'Budget Already exists for the given session or Budget overlaps with an Expired Budget of same resource group'}
2026-02-07 08:58:10 - create_budget - INFO - [138/301] Creating CC budget: budget_1_CC_HomePC_Account_14617_ahv_0-251004-124102_key1_rru4X_ahv_0-251004-124102_value1_1_rru4X_377027
2026-02-07 08:58:10 - create_budget - INFO - [API REQUEST] POST https://ncm.services.nconprem-10-53-60-173.ccpnx.com/v1/cg/global/budgets
2026-02-07 08:58:10 - create_budget - INFO - [REQUEST DATA PAYLOAD] {"budgetName": "budget_1_CC_HomePC_Account_14617_ahv_0-251004-124102_key1_rru4X_ahv_0-251004-124102_value1_1_rru4X_377027", "financialYearStartMonth": "10", "resourceGroups": {"costCenters": ["b6fb1d1b-2232-4587-8376-b946b31bc9af"]}, "systemEstimate": true, "budgetAlert": {"configuration": {"monthly": [{"thresholdPercent": 74, "isDisabled": false}], "quarterly": [{"thresholdPercent": 85, "isDisabled": false}], "yearly": [{"thresholdPercent": 92, "isDisabled": false}]}, "recipients": ["sspuser1@systest.nutanix.com"], "isDisabled": false}}
2026-02-07 08:58:11 - create_budget - INFO - [API RESPONSE] POST https://ncm.services.nconprem-10-53-60-173.ccpnx.com/v1/cg/global/budgets
2026-02-07 08:58:11 - create_budget - INFO - [STATUS CODE] 400
2026-02-07 08:58:11 - create_budget - INFO - [TIME TAKEN] 0.3162 seconds (316.19 ms)
2026-02-07 08:58:11 - create_budget - INFO - [RESPONSE CONTENT-TYPE] application/json
2026-02-07 08:58:11 - create_budget - INFO - [RESPONSE PAYLOAD]
{
  "errorCode": 990016,
  "errorMessage": "Budget Already exists for the given session or Budget overlaps with an Expired Budget of same resource group"
}
2026-02-07 08:58:11 - create_budget - ERROR - ✗ Failed to create budget 'budget_1_CC_HomePC_Account_14617_ahv_0-251004-124102_key1_rru4X_ahv_0-251004-124102_value1_1_rru4X_377027': HTTP 400 - {'errorCode': 990016, 'errorMessage': 'Budget Already exists for the given session or Budget overlaps with an Expired Budget of same resource group'}
2026-02-07 08:58:11 - create_budget - INFO - [139/301] Creating CC budget: budget_1_CC_HomePC_Account_14617_ahv_0-251004-124042_key1_dY74l_ahv_0-251004-124042_value1_5_dY74l_377027
2026-02-07 08:58:11 - create_budget - INFO - [API REQUEST] POST https://ncm.services.nconprem-10-53-60-173.ccpnx.com/v1/cg/global/budgets
2026-02-07 08:58:11 - create_budget - INFO - [REQUEST DATA PAYLOAD] {"budgetName": "budget_1_CC_HomePC_Account_14617_ahv_0-251004-124042_key1_dY74l_ahv_0-251004-124042_value1_5_dY74l_377027", "financialYearStartMonth": "12", "resourceGroups": {"costCenters": ["bbd000db-8265-4760-b9e4-f3a92cca96bf"]}, "systemEstimate": true, "budgetAlert": {"configuration": {"monthly": [{"thresholdPercent": 75, "isDisabled": false}], "quarterly": [{"thresholdPercent": 82, "isDisabled": false}], "yearly": [{"thresholdPercent": 94, "isDisabled": false}]}, "recipients": ["sspuser1@systest.nutanix.com"], "isDisabled": false}}
2026-02-07 08:58:11 - create_budget - INFO - [API RESPONSE] POST https://ncm.services.nconprem-10-53-60-173.ccpnx.com/v1/cg/global/budgets
2026-02-07 08:58:11 - create_budget - INFO - [STATUS CODE] 400
2026-02-07 08:58:11 - create_budget - INFO - [TIME TAKEN] 0.2893 seconds (289.29 ms)
2026-02-07 08:58:11 - create_budget - INFO - [RESPONSE CONTENT-TYPE] application/json
2026-02-07 08:58:11 - create_budget - INFO - [RESPONSE PAYLOAD]
{
  "errorCode": 990016,
  "errorMessage": "Budget Already exists for the given session or Budget overlaps with an Expired Budget of same resource group"
}
2026-02-07 08:58:11 - create_budget - ERROR - ✗ Failed to create budget 'budget_1_CC_HomePC_Account_14617_ahv_0-251004-124042_key1_dY74l_ahv_0-251004-124042_value1_5_dY74l_377027': HTTP 400 - {'errorCode': 990016, 'errorMessage': 'Budget Already exists for the given session or Budget overlaps with an Expired Budget of same resource group'}
2026-02-07 08:58:11 - create_budget - INFO - [140/301] Creating BU budget: budget_1_Business_Unit_24
2026-02-07 08:58:11 - create_budget - INFO - [API REQUEST] POST https://ncm.services.nconprem-10-53-60-173.ccpnx.com/v1/cg/global/budgets
2026-02-07 08:58:11 - create_budget - INFO - [REQUEST DATA PAYLOAD] {"budgetName": "budget_1_Business_Unit_24", "financialYearStartMonth": "6", "resourceGroups": {"businessUnit": ["c0383ed1-2b27-4f37-8a31-a99863089b9c"]}, "systemEstimate": true, "budgetAlert": {"configuration": {"monthly": [{"thresholdPercent": 71, "isDisabled": false}], "quarterly": [{"thresholdPercent": 77, "isDisabled": false}], "yearly": [{"thresholdPercent": 90, "isDisabled": false}]}, "recipients": ["sspuser1@systest.nutanix.com"], "isDisabled": false}}
2026-02-07 08:58:11 - create_budget - INFO - [API RESPONSE] POST https://ncm.services.nconprem-10-53-60-173.ccpnx.com/v1/cg/global/budgets
2026-02-07 08:58:11 - create_budget - INFO - [STATUS CODE] 500
2026-02-07 08:58:11 - create_budget - INFO - [TIME TAKEN] 0.3052 seconds (305.20 ms)
2026-02-07 08:58:11 - create_budget - INFO - [RESPONSE CONTENT-TYPE] application/json
2026-02-07 08:58:11 - create_budget - INFO - [RESPONSE PAYLOAD]
{
  "errorCode": 990020,
  "errorMessage": "The system encountered an internal error. If the issue persists, please reach out to our support."
}
2026-02-07 08:58:11 - create_budget - ERROR - ✗ Failed to create budget 'budget_1_Business_Unit_24': HTTP 500 - {'errorCode': 990020, 'errorMessage': 'The system encountered an internal error. If the issue persists, please reach out to our support.'}
2026-02-07 08:58:11 - create_budget - INFO - [141/301] Creating CC budget: budget_1_CC_HomePC_Account_14617_ahv_0-251004-124118_key1_6iKcc_ahv_0-251004-124118_value1_1_6iKcc_377027
2026-02-07 08:58:11 - create_budget - INFO - [API REQUEST] POST https://ncm.services.nconprem-10-53-60-173.ccpnx.com/v1/cg/global/budgets
2026-02-07 08:58:11 - create_budget - INFO - [REQUEST DATA PAYLOAD] {"budgetName": "budget_1_CC_HomePC_Account_14617_ahv_0-251004-124118_key1_6iKcc_ahv_0-251004-124118_value1_1_6iKcc_377027", "financialYearStartMonth": "9", "resourceGroups": {"costCenters": ["62483dfd-b6b7-45a5-ae4d-e5df68906f4e"]}, "systemEstimate": true, "budgetAlert": {"configuration": {"monthly": [{"thresholdPercent": 71, "isDisabled": false}], "quarterly": [{"thresholdPercent": 79, "isDisabled": false}], "yearly": [{"thresholdPercent": 92, "isDisabled": false}]}, "recipients": ["sspuser1@systest.nutanix.com"], "isDisabled": false}}
2026-02-07 08:58:12 - create_budget - INFO - [API RESPONSE] POST https://ncm.services.nconprem-10-53-60-173.ccpnx.com/v1/cg/global/budgets
2026-02-07 08:58:12 - create_budget - INFO - [STATUS CODE] 400
2026-02-07 08:58:12 - create_budget - INFO - [TIME TAKEN] 0.3744 seconds (374.37 ms)
2026-02-07 08:58:12 - create_budget - INFO - [RESPONSE CONTENT-TYPE] application/json
2026-02-07 08:58:12 - create_budget - INFO - [RESPONSE PAYLOAD]
{
  "errorCode": 990016,
  "errorMessage": "Budget Already exists for the given session or Budget overlaps with an Expired Budget of same resource group"
}
2026-02-07 08:58:12 - create_budget - ERROR - ✗ Failed to create budget 'budget_1_CC_HomePC_Account_14617_ahv_0-251004-124118_key1_6iKcc_ahv_0-251004-124118_value1_1_6iKcc_377027': HTTP 400 - {'errorCode': 990016, 'errorMessage': 'Budget Already exists for the given session or Budget overlaps with an Expired Budget of same resource group'}
2026-02-07 08:58:12 - create_budget - INFO - [142/301] Creating CC budget: budget_1_CC_HomePC_Account_14617_ahv_0-251004-124125_key1_aiLCS_ahv_0-251004-124125_value1_1_aiLCS_377027
2026-02-07 08:58:12 - create_budget - INFO - [API REQUEST] POST https://ncm.services.nconprem-10-53-60-173.ccpnx.com/v1/cg/global/budgets
2026-02-07 08:58:12 - create_budget - INFO - [REQUEST DATA PAYLOAD] {"budgetName": "budget_1_CC_HomePC_Account_14617_ahv_0-251004-124125_key1_aiLCS_ahv_0-251004-124125_value1_1_aiLCS_377027", "financialYearStartMonth": "12", "resourceGroups": {"costCenters": ["42ee615c-8ce8-42da-b689-a7d95f24abe3"]}, "systemEstimate": true, "budgetAlert": {"configuration": {"monthly": [{"thresholdPercent": 66, "isDisabled": false}], "quarterly": [{"thresholdPercent": 75, "isDisabled": false}], "yearly": [{"thresholdPercent": 93, "isDisabled": false}]}, "recipients": ["sspuser1@systest.nutanix.com"], "isDisabled": false}}
2026-02-07 08:58:12 - create_budget - INFO - [API RESPONSE] POST https://ncm.services.nconprem-10-53-60-173.ccpnx.com/v1/cg/global/budgets
2026-02-07 08:58:12 - create_budget - INFO - [STATUS CODE] 400
2026-02-07 08:58:12 - create_budget - INFO - [TIME TAKEN] 0.3809 seconds (380.90 ms)
2026-02-07 08:58:12 - create_budget - INFO - [RESPONSE CONTENT-TYPE] application/json
2026-02-07 08:58:12 - create_budget - INFO - [RESPONSE PAYLOAD]
{
  "errorCode": 990016,
  "errorMessage": "Budget Already exists for the given session or Budget overlaps with an Expired Budget of same resource group"
}
2026-02-07 08:58:12 - create_budget - ERROR - ✗ Failed to create budget 'budget_1_CC_HomePC_Account_14617_ahv_0-251004-124125_key1_aiLCS_ahv_0-251004-124125_value1_1_aiLCS_377027': HTTP 400 - {'errorCode': 990016, 'errorMessage': 'Budget Already exists for the given session or Budget overlaps with an Expired Budget of same resource group'}
2026-02-07 08:58:12 - create_budget - INFO - [143/301] Creating CC budget: budget_1_CC_HomePC_Account_14617_ahv_0-251004-124126_key1_JJLYq_ahv_0-251004-124126_value1_3_JJLYq_377027
2026-02-07 08:58:12 - create_budget - INFO - [API REQUEST] POST https://ncm.services.nconprem-10-53-60-173.ccpnx.com/v1/cg/global/budgets
2026-02-07 08:58:12 - create_budget - INFO - [REQUEST DATA PAYLOAD] {"budgetName": "budget_1_CC_HomePC_Account_14617_ahv_0-251004-124126_key1_JJLYq_ahv_0-251004-124126_value1_3_JJLYq_377027", "financialYearStartMonth": "4", "resourceGroups": {"costCenters": ["f04594b1-7bb0-406b-a912-e993bd090865"]}, "systemEstimate": true, "budgetAlert": {"configuration": {"monthly": [{"thresholdPercent": 68, "isDisabled": false}], "quarterly": [{"thresholdPercent": 78, "isDisabled": false}], "yearly": [{"thresholdPercent": 95, "isDisabled": false}]}, "recipients": ["sspuser1@systest.nutanix.com"], "isDisabled": false}}
2026-02-07 08:58:12 - create_budget - INFO - [API RESPONSE] POST https://ncm.services.nconprem-10-53-60-173.ccpnx.com/v1/cg/global/budgets
2026-02-07 08:58:12 - create_budget - INFO - [STATUS CODE] 400
2026-02-07 08:58:12 - create_budget - INFO - [TIME TAKEN] 0.2945 seconds (294.48 ms)
2026-02-07 08:58:12 - create_budget - INFO - [RESPONSE CONTENT-TYPE] application/json
2026-02-07 08:58:12 - create_budget - INFO - [RESPONSE PAYLOAD]
{
  "errorCode": 990016,
  "errorMessage": "Budget Already exists for the given session or Budget overlaps with an Expired Budget of same resource group"
}
2026-02-07 08:58:12 - create_budget - ERROR - ✗ Failed to create budget 'budget_1_CC_HomePC_Account_14617_ahv_0-251004-124126_key1_JJLYq_ahv_0-251004-124126_value1_3_JJLYq_377027': HTTP 400 - {'errorCode': 990016, 'errorMessage': 'Budget Already exists for the given session or Budget overlaps with an Expired Budget of same resource group'}
2026-02-07 08:58:12 - create_budget - INFO - [144/301] Creating CC budget: budget_1_CC_HomePC_Account_14617_ahv_0-251004-124137_key1_4XjvR_ahv_0-251004-124137_value1_1_4XjvR_377027
2026-02-07 08:58:12 - create_budget - INFO - [API REQUEST] POST https://ncm.services.nconprem-10-53-60-173.ccpnx.com/v1/cg/global/budgets
2026-02-07 08:58:12 - create_budget - INFO - [REQUEST DATA PAYLOAD] {"budgetName": "budget_1_CC_HomePC_Account_14617_ahv_0-251004-124137_key1_4XjvR_ahv_0-251004-124137_value1_1_4XjvR_377027", "financialYearStartMonth": "7", "resourceGroups": {"costCenters": ["9ba5f039-97b1-409d-91fa-a41e92ecc41c"]}, "systemEstimate": true, "budgetAlert": {"configuration": {"monthly": [{"thresholdPercent": 68, "isDisabled": false}], "quarterly": [{"thresholdPercent": 78, "isDisabled": false}], "yearly": [{"thresholdPercent": 86, "isDisabled": false}]}, "recipients": ["sspuser1@systest.nutanix.com"], "isDisabled": false}}
2026-02-07 08:58:13 - create_budget - INFO - [API RESPONSE] POST https://ncm.services.nconprem-10-53-60-173.ccpnx.com/v1/cg/global/budgets
2026-02-07 08:58:13 - create_budget - INFO - [STATUS CODE] 400
2026-02-07 08:58:13 - create_budget - INFO - [TIME TAKEN] 0.3692 seconds (369.16 ms)
2026-02-07 08:58:13 - create_budget - INFO - [RESPONSE CONTENT-TYPE] application/json
2026-02-07 08:58:13 - create_budget - INFO - [RESPONSE PAYLOAD]
{
  "errorCode": 990016,
  "errorMessage": "Budget Already exists for the given session or Budget overlaps with an Expired Budget of same resource group"
}
2026-02-07 08:58:13 - create_budget - ERROR - ✗ Failed to create budget 'budget_1_CC_HomePC_Account_14617_ahv_0-251004-124137_key1_4XjvR_ahv_0-251004-124137_value1_1_4XjvR_377027': HTTP 400 - {'errorCode': 990016, 'errorMessage': 'Budget Already exists for the given session or Budget overlaps with an Expired Budget of same resource group'}
2026-02-07 08:58:13 - create_budget - INFO - [145/301] Creating CC budget: budget_1_CC_HomePC_Account_14617_ahv_0-251004-124139_key1_ANBF3_ahv_0-251004-124139_value1_1_ANBF3_377027
2026-02-07 08:58:13 - create_budget - INFO - [API REQUEST] POST https://ncm.services.nconprem-10-53-60-173.ccpnx.com/v1/cg/global/budgets
2026-02-07 08:58:13 - create_budget - INFO - [REQUEST DATA PAYLOAD] {"budgetName": "budget_1_CC_HomePC_Account_14617_ahv_0-251004-124139_key1_ANBF3_ahv_0-251004-124139_value1_1_ANBF3_377027", "financialYearStartMonth": "7", "resourceGroups": {"costCenters": ["b407b978-de4b-42f9-a0d6-a74f9808a8ba"]}, "systemEstimate": true, "budgetAlert": {"configuration": {"monthly": [{"thresholdPercent": 67, "isDisabled": false}], "quarterly": [{"thresholdPercent": 78, "isDisabled": false}], "yearly": [{"thresholdPercent": 85, "isDisabled": false}]}, "recipients": ["sspuser1@systest.nutanix.com"], "isDisabled": false}}
2026-02-07 08:58:13 - create_budget - INFO - [API RESPONSE] POST https://ncm.services.nconprem-10-53-60-173.ccpnx.com/v1/cg/global/budgets
2026-02-07 08:58:13 - create_budget - INFO - [STATUS CODE] 400
2026-02-07 08:58:13 - create_budget - INFO - [TIME TAKEN] 0.3056 seconds (305.58 ms)
2026-02-07 08:58:13 - create_budget - INFO - [RESPONSE CONTENT-TYPE] application/json
2026-02-07 08:58:13 - create_budget - INFO - [RESPONSE PAYLOAD]
{
  "errorCode": 990016,
  "errorMessage": "Budget Already exists for the given session or Budget overlaps with an Expired Budget of same resource group"
}
2026-02-07 08:58:13 - create_budget - ERROR - ✗ Failed to create budget 'budget_1_CC_HomePC_Account_14617_ahv_0-251004-124139_key1_ANBF3_ahv_0-251004-124139_value1_1_ANBF3_377027': HTTP 400 - {'errorCode': 990016, 'errorMessage': 'Budget Already exists for the given session or Budget overlaps with an Expired Budget of same resource group'}
2026-02-07 08:58:13 - create_budget - INFO - [146/301] Creating BU budget: budget_1_Business_Unit_25
2026-02-07 08:58:13 - create_budget - INFO - [API REQUEST] POST https://ncm.services.nconprem-10-53-60-173.ccpnx.com/v1/cg/global/budgets
2026-02-07 08:58:13 - create_budget - INFO - [REQUEST DATA PAYLOAD] {"budgetName": "budget_1_Business_Unit_25", "financialYearStartMonth": "9", "resourceGroups": {"businessUnit": ["c8970f97-e6f0-417f-bdb1-16fafaf79318"]}, "systemEstimate": true, "budgetAlert": {"configuration": {"monthly": [{"thresholdPercent": 71, "isDisabled": false}], "quarterly": [{"thresholdPercent": 83, "isDisabled": false}], "yearly": [{"thresholdPercent": 95, "isDisabled": false}]}, "recipients": ["sspuser1@systest.nutanix.com"], "isDisabled": false}}
2026-02-07 08:58:13 - create_budget - INFO - [API RESPONSE] POST https://ncm.services.nconprem-10-53-60-173.ccpnx.com/v1/cg/global/budgets
2026-02-07 08:58:13 - create_budget - INFO - [STATUS CODE] 500
2026-02-07 08:58:13 - create_budget - INFO - [TIME TAKEN] 0.3625 seconds (362.51 ms)
2026-02-07 08:58:13 - create_budget - INFO - [RESPONSE CONTENT-TYPE] application/json
2026-02-07 08:58:13 - create_budget - INFO - [RESPONSE PAYLOAD]
{
  "errorCode": 990020,
  "errorMessage": "The system encountered an internal error. If the issue persists, please reach out to our support."
}
2026-02-07 08:58:13 - create_budget - ERROR - ✗ Failed to create budget 'budget_1_Business_Unit_25': HTTP 500 - {'errorCode': 990020, 'errorMessage': 'The system encountered an internal error. If the issue persists, please reach out to our support.'}
2026-02-07 08:58:13 - create_budget - INFO - [147/301] Creating CC budget: budget_1_CC_HomePC_Account_193e1_ADGroup_$Default_538825
2026-02-07 08:58:13 - create_budget - INFO - [API REQUEST] POST https://ncm.services.nconprem-10-53-60-173.ccpnx.com/v1/cg/global/budgets
2026-02-07 08:58:13 - create_budget - INFO - [REQUEST DATA PAYLOAD] {"budgetName": "budget_1_CC_HomePC_Account_193e1_ADGroup_$Default_538825", "financialYearStartMonth": "6", "resourceGroups": {"costCenters": ["4cc497c3-c868-47f5-a1f7-5fd3212497ba"]}, "systemEstimate": true, "budgetAlert": {"configuration": {"monthly": [{"thresholdPercent": 70, "isDisabled": false}], "quarterly": [{"thresholdPercent": 76, "isDisabled": false}], "yearly": [{"thresholdPercent": 95, "isDisabled": false}]}, "recipients": ["sspuser1@systest.nutanix.com"], "isDisabled": false}}
2026-02-07 08:58:14 - create_budget - INFO - [API RESPONSE] POST https://ncm.services.nconprem-10-53-60-173.ccpnx.com/v1/cg/global/budgets
2026-02-07 08:58:14 - create_budget - INFO - [STATUS CODE] 400
2026-02-07 08:58:14 - create_budget - INFO - [TIME TAKEN] 0.3698 seconds (369.77 ms)
2026-02-07 08:58:14 - create_budget - INFO - [RESPONSE CONTENT-TYPE] application/json
2026-02-07 08:58:14 - create_budget - INFO - [RESPONSE PAYLOAD]
{
  "errorCode": 990016,
  "errorMessage": "Budget Already exists for the given session or Budget overlaps with an Expired Budget of same resource group"
}
2026-02-07 08:58:14 - create_budget - ERROR - ✗ Failed to create budget 'budget_1_CC_HomePC_Account_193e1_ADGroup_$Default_538825': HTTP 400 - {'errorCode': 990016, 'errorMessage': 'Budget Already exists for the given session or Budget overlaps with an Expired Budget of same resource group'}
2026-02-07 08:58:14 - create_budget - INFO - [148/301] Creating CC budget: budget_1_CC_HomePC_Account_193e1_ahv_0-250930-142555-NameChanged_key1_7nbbX_ahv_0-250930-142555-NameChanged_value1_10_7nbbX_538825
2026-02-07 08:58:14 - create_budget - INFO - [API REQUEST] POST https://ncm.services.nconprem-10-53-60-173.ccpnx.com/v1/cg/global/budgets
2026-02-07 08:58:14 - create_budget - INFO - [REQUEST DATA PAYLOAD] {"budgetName": "budget_1_CC_HomePC_Account_193e1_ahv_0-250930-142555-NameChanged_key1_7nbbX_ahv_0-250930-142555-NameChanged_value1_10_7nbbX_538825", "financialYearStartMonth": "5", "resourceGroups": {"costCenters": ["faf37460-db33-4afa-bc36-d7b13460e78e"]}, "systemEstimate": true, "budgetAlert": {"configuration": {"monthly": [{"thresholdPercent": 72, "isDisabled": false}], "quarterly": [{"thresholdPercent": 82, "isDisabled": false}], "yearly": [{"thresholdPercent": 95, "isDisabled": false}]}, "recipients": ["sspuser1@systest.nutanix.com"], "isDisabled": false}}
2026-02-07 08:58:14 - create_budget - INFO - [API RESPONSE] POST https://ncm.services.nconprem-10-53-60-173.ccpnx.com/v1/cg/global/budgets
2026-02-07 08:58:14 - create_budget - INFO - [STATUS CODE] 400
2026-02-07 08:58:14 - create_budget - INFO - [TIME TAKEN] 0.4629 seconds (462.91 ms)
2026-02-07 08:58:14 - create_budget - INFO - [RESPONSE CONTENT-TYPE] application/json
2026-02-07 08:58:14 - create_budget - INFO - [RESPONSE PAYLOAD]
{
  "errorCode": 990016,
  "errorMessage": "Budget Already exists for the given session or Budget overlaps with an Expired Budget of same resource group"
}
2026-02-07 08:58:14 - create_budget - ERROR - ✗ Failed to create budget 'budget_1_CC_HomePC_Account_193e1_ahv_0-250930-142555-NameChanged_key1_7nbbX_ahv_0-250930-142555-NameChanged_value1_10_7nbbX_538825': HTTP 400 - {'errorCode': 990016, 'errorMessage': 'Budget Already exists for the given session or Budget overlaps with an Expired Budget of same resource group'}
2026-02-07 08:58:14 - create_budget - INFO - [149/301] Creating CC budget: budget_1_CC_HomePC_Account_14617_ahv_0-251004-124155_key1_AFmGW_ahv_0-251004-124155_value1_3_AFmGW_377027
2026-02-07 08:58:14 - create_budget - INFO - [API REQUEST] POST https://ncm.services.nconprem-10-53-60-173.ccpnx.com/v1/cg/global/budgets
2026-02-07 08:58:14 - create_budget - INFO - [REQUEST DATA PAYLOAD] {"budgetName": "budget_1_CC_HomePC_Account_14617_ahv_0-251004-124155_key1_AFmGW_ahv_0-251004-124155_value1_3_AFmGW_377027", "financialYearStartMonth": "10", "resourceGroups": {"costCenters": ["72d2af11-6a41-4208-bb41-aff92f9d864d"]}, "systemEstimate": true, "budgetAlert": {"configuration": {"monthly": [{"thresholdPercent": 75, "isDisabled": false}], "quarterly": [{"thresholdPercent": 85, "isDisabled": false}], "yearly": [{"thresholdPercent": 90, "isDisabled": false}]}, "recipients": ["sspuser1@systest.nutanix.com"], "isDisabled": false}}
2026-02-07 08:58:15 - create_budget - INFO - [API RESPONSE] POST https://ncm.services.nconprem-10-53-60-173.ccpnx.com/v1/cg/global/budgets
2026-02-07 08:58:15 - create_budget - INFO - [STATUS CODE] 400
2026-02-07 08:58:15 - create_budget - INFO - [TIME TAKEN] 0.2893 seconds (289.34 ms)
2026-02-07 08:58:15 - create_budget - INFO - [RESPONSE CONTENT-TYPE] application/json
2026-02-07 08:58:15 - create_budget - INFO - [RESPONSE PAYLOAD]
{
  "errorCode": 990016,
  "errorMessage": "Budget Already exists for the given session or Budget overlaps with an Expired Budget of same resource group"
}
2026-02-07 08:58:15 - create_budget - ERROR - ✗ Failed to create budget 'budget_1_CC_HomePC_Account_14617_ahv_0-251004-124155_key1_AFmGW_ahv_0-251004-124155_value1_3_AFmGW_377027': HTTP 400 - {'errorCode': 990016, 'errorMessage': 'Budget Already exists for the given session or Budget overlaps with an Expired Budget of same resource group'}
2026-02-07 08:58:15 - create_budget - INFO - [150/301] Creating CC budget: budget_1_CC_HomePC_Account_193e1_ahv_0-250930-142555-NameChanged_key1_Dx2Sk_ahv_0-250930-142555-NameChanged_value1_1_Dx2Sk_538825
2026-02-07 08:58:15 - create_budget - INFO - [API REQUEST] POST https://ncm.services.nconprem-10-53-60-173.ccpnx.com/v1/cg/global/budgets
2026-02-07 08:58:15 - create_budget - INFO - [REQUEST DATA PAYLOAD] {"budgetName": "budget_1_CC_HomePC_Account_193e1_ahv_0-250930-142555-NameChanged_key1_Dx2Sk_ahv_0-250930-142555-NameChanged_value1_1_Dx2Sk_538825", "financialYearStartMonth": "8", "resourceGroups": {"costCenters": ["a2c5ad13-d622-4d8b-8abf-602835699a7a"]}, "systemEstimate": true, "budgetAlert": {"configuration": {"monthly": [{"thresholdPercent": 65, "isDisabled": false}], "quarterly": [{"thresholdPercent": 75, "isDisabled": false}], "yearly": [{"thresholdPercent": 89, "isDisabled": false}]}, "recipients": ["sspuser1@systest.nutanix.com"], "isDisabled": false}}
2026-02-07 08:58:15 - create_budget - INFO - [API RESPONSE] POST https://ncm.services.nconprem-10-53-60-173.ccpnx.com/v1/cg/global/budgets
2026-02-07 08:58:15 - create_budget - INFO - [STATUS CODE] 400
2026-02-07 08:58:15 - create_budget - INFO - [TIME TAKEN] 0.3609 seconds (360.86 ms)
2026-02-07 08:58:15 - create_budget - INFO - [RESPONSE CONTENT-TYPE] application/json
2026-02-07 08:58:15 - create_budget - INFO - [RESPONSE PAYLOAD]
{
  "errorCode": 990016,
  "errorMessage": "Budget Already exists for the given session or Budget overlaps with an Expired Budget of same resource group"
}
2026-02-07 08:58:15 - create_budget - ERROR - ✗ Failed to create budget 'budget_1_CC_HomePC_Account_193e1_ahv_0-250930-142555-NameChanged_key1_Dx2Sk_ahv_0-250930-142555-NameChanged_value1_1_Dx2Sk_538825': HTTP 400 - {'errorCode': 990016, 'errorMessage': 'Budget Already exists for the given session or Budget overlaps with an Expired Budget of same resource group'}
2026-02-07 08:58:15 - create_budget - INFO - [151/301] Creating CC budget: budget_1_CC_HomePC_Account_193e1_ahv_0-250930-142555-NameChanged_key1_fo4eW_ahv_0-250930-142555-NameChanged_value1_1_fo4eW_538825
2026-02-07 08:58:15 - create_budget - INFO - [API REQUEST] POST https://ncm.services.nconprem-10-53-60-173.ccpnx.com/v1/cg/global/budgets
2026-02-07 08:58:15 - create_budget - INFO - [REQUEST DATA PAYLOAD] {"budgetName": "budget_1_CC_HomePC_Account_193e1_ahv_0-250930-142555-NameChanged_key1_fo4eW_ahv_0-250930-142555-NameChanged_value1_1_fo4eW_538825", "financialYearStartMonth": "3", "resourceGroups": {"costCenters": ["1c3db20c-328c-4df3-b9ff-42b24422fe2a"]}, "systemEstimate": true, "budgetAlert": {"configuration": {"monthly": [{"thresholdPercent": 68, "isDisabled": false}], "quarterly": [{"thresholdPercent": 82, "isDisabled": false}], "yearly": [{"thresholdPercent": 86, "isDisabled": false}]}, "recipients": ["sspuser1@systest.nutanix.com"], "isDisabled": false}}
2026-02-07 08:58:15 - create_budget - INFO - [API RESPONSE] POST https://ncm.services.nconprem-10-53-60-173.ccpnx.com/v1/cg/global/budgets
2026-02-07 08:58:15 - create_budget - INFO - [STATUS CODE] 400
2026-02-07 08:58:15 - create_budget - INFO - [TIME TAKEN] 0.4093 seconds (409.32 ms)
2026-02-07 08:58:15 - create_budget - INFO - [RESPONSE CONTENT-TYPE] application/json
2026-02-07 08:58:15 - create_budget - INFO - [RESPONSE PAYLOAD]
{
  "errorCode": 990016,
  "errorMessage": "Budget Already exists for the given session or Budget overlaps with an Expired Budget of same resource group"
}
2026-02-07 08:58:15 - create_budget - ERROR - ✗ Failed to create budget 'budget_1_CC_HomePC_Account_193e1_ahv_0-250930-142555-NameChanged_key1_fo4eW_ahv_0-250930-142555-NameChanged_value1_1_fo4eW_538825': HTTP 400 - {'errorCode': 990016, 'errorMessage': 'Budget Already exists for the given session or Budget overlaps with an Expired Budget of same resource group'}
2026-02-07 08:58:15 - create_budget - INFO - [152/301] Creating BU budget: budget_1_Business_Unit_26
2026-02-07 08:58:15 - create_budget - INFO - [API REQUEST] POST https://ncm.services.nconprem-10-53-60-173.ccpnx.com/v1/cg/global/budgets
2026-02-07 08:58:15 - create_budget - INFO - [REQUEST DATA PAYLOAD] {"budgetName": "budget_1_Business_Unit_26", "financialYearStartMonth": "5", "resourceGroups": {"businessUnit": ["4c41dcd5-83ac-43bf-a895-394f4687e8c6"]}, "systemEstimate": true, "budgetAlert": {"configuration": {"monthly": [{"thresholdPercent": 73, "isDisabled": false}], "quarterly": [{"thresholdPercent": 83, "isDisabled": false}], "yearly": [{"thresholdPercent": 85, "isDisabled": false}]}, "recipients": ["sspuser1@systest.nutanix.com"], "isDisabled": false}}
2026-02-07 08:58:16 - create_budget - INFO - [API RESPONSE] POST https://ncm.services.nconprem-10-53-60-173.ccpnx.com/v1/cg/global/budgets
2026-02-07 08:58:16 - create_budget - INFO - [STATUS CODE] 500
2026-02-07 08:58:16 - create_budget - INFO - [TIME TAKEN] 0.3540 seconds (354.02 ms)
2026-02-07 08:58:16 - create_budget - INFO - [RESPONSE CONTENT-TYPE] application/json
2026-02-07 08:58:16 - create_budget - INFO - [RESPONSE PAYLOAD]
{
  "errorCode": 990020,
  "errorMessage": "The system encountered an internal error. If the issue persists, please reach out to our support."
}
2026-02-07 08:58:16 - create_budget - ERROR - ✗ Failed to create budget 'budget_1_Business_Unit_26': HTTP 500 - {'errorCode': 990020, 'errorMessage': 'The system encountered an internal error. If the issue persists, please reach out to our support.'}
2026-02-07 08:58:16 - create_budget - INFO - [153/301] Creating CC budget: budget_1_CC_HomePC_Account_193e1_ahv_0-250930-142555-NameChanged_key1_gTvXL_ahv_0-250930-142555-NameChanged_value1_10_gTvXL_538825
2026-02-07 08:58:16 - create_budget - INFO - [API REQUEST] POST https://ncm.services.nconprem-10-53-60-173.ccpnx.com/v1/cg/global/budgets
2026-02-07 08:58:16 - create_budget - INFO - [REQUEST DATA PAYLOAD] {"budgetName": "budget_1_CC_HomePC_Account_193e1_ahv_0-250930-142555-NameChanged_key1_gTvXL_ahv_0-250930-142555-NameChanged_value1_10_gTvXL_538825", "financialYearStartMonth": "5", "resourceGroups": {"costCenters": ["abf553a0-48b9-4bf1-a027-ac74798716d0"]}, "systemEstimate": true, "budgetAlert": {"configuration": {"monthly": [{"thresholdPercent": 74, "isDisabled": false}], "quarterly": [{"thresholdPercent": 84, "isDisabled": false}], "yearly": [{"thresholdPercent": 92, "isDisabled": false}]}, "recipients": ["sspuser1@systest.nutanix.com"], "isDisabled": false}}
2026-02-07 08:58:16 - create_budget - INFO - [API RESPONSE] POST https://ncm.services.nconprem-10-53-60-173.ccpnx.com/v1/cg/global/budgets
2026-02-07 08:58:16 - create_budget - INFO - [STATUS CODE] 400
2026-02-07 08:58:16 - create_budget - INFO - [TIME TAKEN] 0.4052 seconds (405.20 ms)
2026-02-07 08:58:16 - create_budget - INFO - [RESPONSE CONTENT-TYPE] application/json
2026-02-07 08:58:16 - create_budget - INFO - [RESPONSE PAYLOAD]
{
  "errorCode": 990016,
  "errorMessage": "Budget Already exists for the given session or Budget overlaps with an Expired Budget of same resource group"
}
2026-02-07 08:58:16 - create_budget - ERROR - ✗ Failed to create budget 'budget_1_CC_HomePC_Account_193e1_ahv_0-250930-142555-NameChanged_key1_gTvXL_ahv_0-250930-142555-NameChanged_value1_10_gTvXL_538825': HTTP 400 - {'errorCode': 990016, 'errorMessage': 'Budget Already exists for the given session or Budget overlaps with an Expired Budget of same resource group'}
2026-02-07 08:58:16 - create_budget - INFO - [154/301] Creating CC budget: budget_1_CC_HomePC_Account_193e1_ahv_0-250930-142939_key1_twjx2_ahv_0-250930-142939_value1_1_twjx2_538825
2026-02-07 08:58:16 - create_budget - INFO - [API REQUEST] POST https://ncm.services.nconprem-10-53-60-173.ccpnx.com/v1/cg/global/budgets
2026-02-07 08:58:16 - create_budget - INFO - [REQUEST DATA PAYLOAD] {"budgetName": "budget_1_CC_HomePC_Account_193e1_ahv_0-250930-142939_key1_twjx2_ahv_0-250930-142939_value1_1_twjx2_538825", "financialYearStartMonth": "9", "resourceGroups": {"costCenters": ["54dd4097-df72-49fd-80ee-864882ecec66"]}, "systemEstimate": true, "budgetAlert": {"configuration": {"monthly": [{"thresholdPercent": 71, "isDisabled": false}], "quarterly": [{"thresholdPercent": 82, "isDisabled": false}], "yearly": [{"thresholdPercent": 95, "isDisabled": false}]}, "recipients": ["sspuser1@systest.nutanix.com"], "isDisabled": false}}
2026-02-07 08:58:16 - create_budget - INFO - [API RESPONSE] POST https://ncm.services.nconprem-10-53-60-173.ccpnx.com/v1/cg/global/budgets
2026-02-07 08:58:16 - create_budget - INFO - [STATUS CODE] 400
2026-02-07 08:58:16 - create_budget - INFO - [TIME TAKEN] 0.4087 seconds (408.70 ms)
2026-02-07 08:58:16 - create_budget - INFO - [RESPONSE CONTENT-TYPE] application/json
2026-02-07 08:58:16 - create_budget - INFO - [RESPONSE PAYLOAD]
{
  "errorCode": 990016,
  "errorMessage": "Budget Already exists for the given session or Budget overlaps with an Expired Budget of same resource group"
}
2026-02-07 08:58:16 - create_budget - ERROR - ✗ Failed to create budget 'budget_1_CC_HomePC_Account_193e1_ahv_0-250930-142939_key1_twjx2_ahv_0-250930-142939_value1_1_twjx2_538825': HTTP 400 - {'errorCode': 990016, 'errorMessage': 'Budget Already exists for the given session or Budget overlaps with an Expired Budget of same resource group'}
2026-02-07 08:58:16 - create_budget - INFO - [155/301] Creating CC budget: budget_1_CC_HomePC_Account_193e1_ahv_0-250930-203852_key1_j0ZEM_ahv_0-250930-203852_value1_1_j0ZEM_538825
2026-02-07 08:58:16 - create_budget - INFO - [API REQUEST] POST https://ncm.services.nconprem-10-53-60-173.ccpnx.com/v1/cg/global/budgets
2026-02-07 08:58:16 - create_budget - INFO - [REQUEST DATA PAYLOAD] {"budgetName": "budget_1_CC_HomePC_Account_193e1_ahv_0-250930-203852_key1_j0ZEM_ahv_0-250930-203852_value1_1_j0ZEM_538825", "financialYearStartMonth": "4", "resourceGroups": {"costCenters": ["0513c4f3-6816-4567-90c4-66a5e0ba290d"]}, "systemEstimate": true, "budgetAlert": {"configuration": {"monthly": [{"thresholdPercent": 73, "isDisabled": false}], "quarterly": [{"thresholdPercent": 85, "isDisabled": false}], "yearly": [{"thresholdPercent": 89, "isDisabled": false}]}, "recipients": ["sspuser1@systest.nutanix.com"], "isDisabled": false}}
2026-02-07 08:58:17 - create_budget - INFO - [API RESPONSE] POST https://ncm.services.nconprem-10-53-60-173.ccpnx.com/v1/cg/global/budgets
2026-02-07 08:58:17 - create_budget - INFO - [STATUS CODE] 400
2026-02-07 08:58:17 - create_budget - INFO - [TIME TAKEN] 0.3047 seconds (304.65 ms)
2026-02-07 08:58:17 - create_budget - INFO - [RESPONSE CONTENT-TYPE] application/json
2026-02-07 08:58:17 - create_budget - INFO - [RESPONSE PAYLOAD]
{
  "errorCode": 990016,
  "errorMessage": "Budget Already exists for the given session or Budget overlaps with an Expired Budget of same resource group"
}
2026-02-07 08:58:17 - create_budget - ERROR - ✗ Failed to create budget 'budget_1_CC_HomePC_Account_193e1_ahv_0-250930-203852_key1_j0ZEM_ahv_0-250930-203852_value1_1_j0ZEM_538825': HTTP 400 - {'errorCode': 990016, 'errorMessage': 'Budget Already exists for the given session or Budget overlaps with an Expired Budget of same resource group'}
2026-02-07 08:58:17 - create_budget - INFO - [156/301] Creating CC budget: budget_1_CC_HomePC_Account_193e1_ahv_0-251002-230901_key1_ZMC08_ahv_0-251002-230901_value1_1_ZMC08_538825
2026-02-07 08:58:17 - create_budget - INFO - [API REQUEST] POST https://ncm.services.nconprem-10-53-60-173.ccpnx.com/v1/cg/global/budgets
2026-02-07 08:58:17 - create_budget - INFO - [REQUEST DATA PAYLOAD] {"budgetName": "budget_1_CC_HomePC_Account_193e1_ahv_0-251002-230901_key1_ZMC08_ahv_0-251002-230901_value1_1_ZMC08_538825", "financialYearStartMonth": "4", "resourceGroups": {"costCenters": ["d6400da0-dbeb-438a-936c-ccc26b75c275"]}, "systemEstimate": true, "budgetAlert": {"configuration": {"monthly": [{"thresholdPercent": 69, "isDisabled": false}], "quarterly": [{"thresholdPercent": 75, "isDisabled": false}], "yearly": [{"thresholdPercent": 86, "isDisabled": false}]}, "recipients": ["sspuser1@systest.nutanix.com"], "isDisabled": false}}
2026-02-07 08:58:17 - create_budget - INFO - [API RESPONSE] POST https://ncm.services.nconprem-10-53-60-173.ccpnx.com/v1/cg/global/budgets
2026-02-07 08:58:17 - create_budget - INFO - [STATUS CODE] 400
2026-02-07 08:58:17 - create_budget - INFO - [TIME TAKEN] 0.3726 seconds (372.57 ms)
2026-02-07 08:58:17 - create_budget - INFO - [RESPONSE CONTENT-TYPE] application/json
2026-02-07 08:58:17 - create_budget - INFO - [RESPONSE PAYLOAD]
{
  "errorCode": 990016,
  "errorMessage": "Budget Already exists for the given session or Budget overlaps with an Expired Budget of same resource group"
}
2026-02-07 08:58:17 - create_budget - ERROR - ✗ Failed to create budget 'budget_1_CC_HomePC_Account_193e1_ahv_0-251002-230901_key1_ZMC08_ahv_0-251002-230901_value1_1_ZMC08_538825': HTTP 400 - {'errorCode': 990016, 'errorMessage': 'Budget Already exists for the given session or Budget overlaps with an Expired Budget of same resource group'}
2026-02-07 08:58:17 - create_budget - INFO - [157/301] Creating CC budget: budget_1_CC_HomePC_Account_193e1_ahv_0-251003-055714_key1_zcZmD_ahv_0-251003-055714_value1_1_zcZmD_538825
2026-02-07 08:58:17 - create_budget - INFO - [API REQUEST] POST https://ncm.services.nconprem-10-53-60-173.ccpnx.com/v1/cg/global/budgets
2026-02-07 08:58:17 - create_budget - INFO - [REQUEST DATA PAYLOAD] {"budgetName": "budget_1_CC_HomePC_Account_193e1_ahv_0-251003-055714_key1_zcZmD_ahv_0-251003-055714_value1_1_zcZmD_538825", "financialYearStartMonth": "11", "resourceGroups": {"costCenters": ["87a6d622-1c8e-4d67-a11d-f05578bdba59"]}, "systemEstimate": true, "budgetAlert": {"configuration": {"monthly": [{"thresholdPercent": 66, "isDisabled": false}], "quarterly": [{"thresholdPercent": 81, "isDisabled": false}], "yearly": [{"thresholdPercent": 92, "isDisabled": false}]}, "recipients": ["sspuser1@systest.nutanix.com"], "isDisabled": false}}
2026-02-07 08:58:17 - create_budget - INFO - [API RESPONSE] POST https://ncm.services.nconprem-10-53-60-173.ccpnx.com/v1/cg/global/budgets
2026-02-07 08:58:17 - create_budget - INFO - [STATUS CODE] 400
2026-02-07 08:58:17 - create_budget - INFO - [TIME TAKEN] 0.2736 seconds (273.59 ms)
2026-02-07 08:58:17 - create_budget - INFO - [RESPONSE CONTENT-TYPE] application/json
2026-02-07 08:58:17 - create_budget - INFO - [RESPONSE PAYLOAD]
{
  "errorCode": 990016,
  "errorMessage": "Budget Already exists for the given session or Budget overlaps with an Expired Budget of same resource group"
}
2026-02-07 08:58:17 - create_budget - ERROR - ✗ Failed to create budget 'budget_1_CC_HomePC_Account_193e1_ahv_0-251003-055714_key1_zcZmD_ahv_0-251003-055714_value1_1_zcZmD_538825': HTTP 400 - {'errorCode': 990016, 'errorMessage': 'Budget Already exists for the given session or Budget overlaps with an Expired Budget of same resource group'}
2026-02-07 08:58:17 - create_budget - INFO - [158/301] Creating BU budget: budget_1_Business_Unit_27
2026-02-07 08:58:17 - create_budget - INFO - [API REQUEST] POST https://ncm.services.nconprem-10-53-60-173.ccpnx.com/v1/cg/global/budgets
2026-02-07 08:58:17 - create_budget - INFO - [REQUEST DATA PAYLOAD] {"budgetName": "budget_1_Business_Unit_27", "financialYearStartMonth": "1", "resourceGroups": {"businessUnit": ["45067ad3-7307-4823-9f7a-17ab8ebf71c4"]}, "systemEstimate": true, "budgetAlert": {"configuration": {"monthly": [{"thresholdPercent": 66, "isDisabled": false}], "quarterly": [{"thresholdPercent": 85, "isDisabled": false}], "yearly": [{"thresholdPercent": 89, "isDisabled": false}]}, "recipients": ["sspuser1@systest.nutanix.com"], "isDisabled": false}}
2026-02-07 08:58:18 - create_budget - INFO - [API RESPONSE] POST https://ncm.services.nconprem-10-53-60-173.ccpnx.com/v1/cg/global/budgets
2026-02-07 08:58:18 - create_budget - INFO - [STATUS CODE] 500
2026-02-07 08:58:18 - create_budget - INFO - [TIME TAKEN] 0.2219 seconds (221.89 ms)
2026-02-07 08:58:18 - create_budget - INFO - [RESPONSE CONTENT-TYPE] application/json
2026-02-07 08:58:18 - create_budget - INFO - [RESPONSE PAYLOAD]
{
  "errorCode": 990020,
  "errorMessage": "The system encountered an internal error. If the issue persists, please reach out to our support."
}
2026-02-07 08:58:18 - create_budget - ERROR - ✗ Failed to create budget 'budget_1_Business_Unit_27': HTTP 500 - {'errorCode': 990020, 'errorMessage': 'The system encountered an internal error. If the issue persists, please reach out to our support.'}
2026-02-07 08:58:18 - create_budget - INFO - [159/301] Creating CC budget: budget_1_CC_HomePC_Account_193e1_ahv_0-251004-104419_key1_GA5E4_ahv_0-251004-104419_value1_1_GA5E4_538825
2026-02-07 08:58:18 - create_budget - INFO - [API REQUEST] POST https://ncm.services.nconprem-10-53-60-173.ccpnx.com/v1/cg/global/budgets
2026-02-07 08:58:18 - create_budget - INFO - [REQUEST DATA PAYLOAD] {"budgetName": "budget_1_CC_HomePC_Account_193e1_ahv_0-251004-104419_key1_GA5E4_ahv_0-251004-104419_value1_1_GA5E4_538825", "financialYearStartMonth": "3", "resourceGroups": {"costCenters": ["2d659c60-49b4-49ef-b38e-6cf28da079ac"]}, "systemEstimate": true, "budgetAlert": {"configuration": {"monthly": [{"thresholdPercent": 66, "isDisabled": false}], "quarterly": [{"thresholdPercent": 77, "isDisabled": false}], "yearly": [{"thresholdPercent": 88, "isDisabled": false}]}, "recipients": ["sspuser1@systest.nutanix.com"], "isDisabled": false}}
2026-02-07 08:58:18 - create_budget - INFO - [API RESPONSE] POST https://ncm.services.nconprem-10-53-60-173.ccpnx.com/v1/cg/global/budgets
2026-02-07 08:58:18 - create_budget - INFO - [STATUS CODE] 400
2026-02-07 08:58:18 - create_budget - INFO - [TIME TAKEN] 0.2780 seconds (278.02 ms)
2026-02-07 08:58:18 - create_budget - INFO - [RESPONSE CONTENT-TYPE] application/json
2026-02-07 08:58:18 - create_budget - INFO - [RESPONSE PAYLOAD]
{
  "errorCode": 990016,
  "errorMessage": "Budget Already exists for the given session or Budget overlaps with an Expired Budget of same resource group"
}
2026-02-07 08:58:18 - create_budget - ERROR - ✗ Failed to create budget 'budget_1_CC_HomePC_Account_193e1_ahv_0-251004-104419_key1_GA5E4_ahv_0-251004-104419_value1_1_GA5E4_538825': HTTP 400 - {'errorCode': 990016, 'errorMessage': 'Budget Already exists for the given session or Budget overlaps with an Expired Budget of same resource group'}
2026-02-07 08:58:18 - create_budget - INFO - [160/301] Creating CC budget: budget_1_CC_HomePC_Account_193e1_ahv_0-251004-112445_key1_7Juyt_ahv_0-251004-112445_value1_1_7Juyt_538825
2026-02-07 08:58:18 - create_budget - INFO - [API REQUEST] POST https://ncm.services.nconprem-10-53-60-173.ccpnx.com/v1/cg/global/budgets
2026-02-07 08:58:18 - create_budget - INFO - [REQUEST DATA PAYLOAD] {"budgetName": "budget_1_CC_HomePC_Account_193e1_ahv_0-251004-112445_key1_7Juyt_ahv_0-251004-112445_value1_1_7Juyt_538825", "financialYearStartMonth": "8", "resourceGroups": {"costCenters": ["9035f82f-0514-4e15-b9fd-5e9dd2193207"]}, "systemEstimate": true, "budgetAlert": {"configuration": {"monthly": [{"thresholdPercent": 72, "isDisabled": false}], "quarterly": [{"thresholdPercent": 82, "isDisabled": false}], "yearly": [{"thresholdPercent": 91, "isDisabled": false}]}, "recipients": ["sspuser1@systest.nutanix.com"], "isDisabled": false}}
2026-02-07 08:58:18 - create_budget - INFO - [API RESPONSE] POST https://ncm.services.nconprem-10-53-60-173.ccpnx.com/v1/cg/global/budgets
2026-02-07 08:58:18 - create_budget - INFO - [STATUS CODE] 400
2026-02-07 08:58:18 - create_budget - INFO - [TIME TAKEN] 0.2735 seconds (273.54 ms)
2026-02-07 08:58:18 - create_budget - INFO - [RESPONSE CONTENT-TYPE] application/json
2026-02-07 08:58:18 - create_budget - INFO - [RESPONSE PAYLOAD]
{
  "errorCode": 990016,
  "errorMessage": "Budget Already exists for the given session or Budget overlaps with an Expired Budget of same resource group"
}
2026-02-07 08:58:18 - create_budget - ERROR - ✗ Failed to create budget 'budget_1_CC_HomePC_Account_193e1_ahv_0-251004-112445_key1_7Juyt_ahv_0-251004-112445_value1_1_7Juyt_538825': HTTP 400 - {'errorCode': 990016, 'errorMessage': 'Budget Already exists for the given session or Budget overlaps with an Expired Budget of same resource group'}
2026-02-07 08:58:18 - create_budget - INFO - [161/301] Creating CC budget: budget_1_CC_HomePC_Account_193e1_ahv_0-251004-112454_key1_P1FyH_ahv_0-251004-112454_value1_1_P1FyH_538825
2026-02-07 08:58:18 - create_budget - INFO - [API REQUEST] POST https://ncm.services.nconprem-10-53-60-173.ccpnx.com/v1/cg/global/budgets
2026-02-07 08:58:18 - create_budget - INFO - [REQUEST DATA PAYLOAD] {"budgetName": "budget_1_CC_HomePC_Account_193e1_ahv_0-251004-112454_key1_P1FyH_ahv_0-251004-112454_value1_1_P1FyH_538825", "financialYearStartMonth": "11", "resourceGroups": {"costCenters": ["7ea3a574-7006-45f6-9353-8db093e38df2"]}, "systemEstimate": true, "budgetAlert": {"configuration": {"monthly": [{"thresholdPercent": 69, "isDisabled": false}], "quarterly": [{"thresholdPercent": 80, "isDisabled": false}], "yearly": [{"thresholdPercent": 95, "isDisabled": false}]}, "recipients": ["sspuser1@systest.nutanix.com"], "isDisabled": false}}
2026-02-07 08:58:19 - create_budget - INFO - [API RESPONSE] POST https://ncm.services.nconprem-10-53-60-173.ccpnx.com/v1/cg/global/budgets
2026-02-07 08:58:19 - create_budget - INFO - [STATUS CODE] 400
2026-02-07 08:58:19 - create_budget - INFO - [TIME TAKEN] 0.3148 seconds (314.79 ms)
2026-02-07 08:58:19 - create_budget - INFO - [RESPONSE CONTENT-TYPE] application/json
2026-02-07 08:58:19 - create_budget - INFO - [RESPONSE PAYLOAD]
{
  "errorCode": 990016,
  "errorMessage": "Budget Already exists for the given session or Budget overlaps with an Expired Budget of same resource group"
}
2026-02-07 08:58:19 - create_budget - ERROR - ✗ Failed to create budget 'budget_1_CC_HomePC_Account_193e1_ahv_0-251004-112454_key1_P1FyH_ahv_0-251004-112454_value1_1_P1FyH_538825': HTTP 400 - {'errorCode': 990016, 'errorMessage': 'Budget Already exists for the given session or Budget overlaps with an Expired Budget of same resource group'}
2026-02-07 08:58:19 - create_budget - INFO - [162/301] Creating CC budget: budget_1_CC_HomePC_Account_193e1_ahv_0-251004-112437_key1_w3YcU_ahv_0-251004-112437_value1_1_w3YcU_377027
2026-02-07 08:58:19 - create_budget - INFO - [API REQUEST] POST https://ncm.services.nconprem-10-53-60-173.ccpnx.com/v1/cg/global/budgets
2026-02-07 08:58:19 - create_budget - INFO - [REQUEST DATA PAYLOAD] {"budgetName": "budget_1_CC_HomePC_Account_193e1_ahv_0-251004-112437_key1_w3YcU_ahv_0-251004-112437_value1_1_w3YcU_377027", "financialYearStartMonth": "11", "resourceGroups": {"costCenters": ["c9cce440-edf3-42c7-90b8-92cc1fc93912"]}, "systemEstimate": true, "budgetAlert": {"configuration": {"monthly": [{"thresholdPercent": 70, "isDisabled": false}], "quarterly": [{"thresholdPercent": 82, "isDisabled": false}], "yearly": [{"thresholdPercent": 88, "isDisabled": false}]}, "recipients": ["sspuser1@systest.nutanix.com"], "isDisabled": false}}
2026-02-07 08:58:19 - create_budget - INFO - [API RESPONSE] POST https://ncm.services.nconprem-10-53-60-173.ccpnx.com/v1/cg/global/budgets
2026-02-07 08:58:19 - create_budget - INFO - [STATUS CODE] 400
2026-02-07 08:58:19 - create_budget - INFO - [TIME TAKEN] 0.4507 seconds (450.67 ms)
2026-02-07 08:58:19 - create_budget - INFO - [RESPONSE CONTENT-TYPE] application/json
2026-02-07 08:58:19 - create_budget - INFO - [RESPONSE PAYLOAD]
{
  "errorCode": 990016,
  "errorMessage": "Budget Already exists for the given session or Budget overlaps with an Expired Budget of same resource group"
}
2026-02-07 08:58:19 - create_budget - ERROR - ✗ Failed to create budget 'budget_1_CC_HomePC_Account_193e1_ahv_0-251004-112437_key1_w3YcU_ahv_0-251004-112437_value1_1_w3YcU_377027': HTTP 400 - {'errorCode': 990016, 'errorMessage': 'Budget Already exists for the given session or Budget overlaps with an Expired Budget of same resource group'}
2026-02-07 08:58:19 - create_budget - INFO - [163/301] Creating CC budget: budget_1_CC_HomePC_Account_193e1_ahv_0-251004-112453_key1_LWd5m_ahv_0-251004-112453_value1_1_LWd5m_377027
2026-02-07 08:58:19 - create_budget - INFO - [API REQUEST] POST https://ncm.services.nconprem-10-53-60-173.ccpnx.com/v1/cg/global/budgets
2026-02-07 08:58:19 - create_budget - INFO - [REQUEST DATA PAYLOAD] {"budgetName": "budget_1_CC_HomePC_Account_193e1_ahv_0-251004-112453_key1_LWd5m_ahv_0-251004-112453_value1_1_LWd5m_377027", "financialYearStartMonth": "12", "resourceGroups": {"costCenters": ["6e118a58-7779-47e9-89fe-c4f3b0e53b76"]}, "systemEstimate": true, "budgetAlert": {"configuration": {"monthly": [{"thresholdPercent": 67, "isDisabled": false}], "quarterly": [{"thresholdPercent": 75, "isDisabled": false}], "yearly": [{"thresholdPercent": 85, "isDisabled": false}]}, "recipients": ["sspuser1@systest.nutanix.com"], "isDisabled": false}}
2026-02-07 08:58:19 - create_budget - INFO - [API RESPONSE] POST https://ncm.services.nconprem-10-53-60-173.ccpnx.com/v1/cg/global/budgets
2026-02-07 08:58:19 - create_budget - INFO - [STATUS CODE] 400
2026-02-07 08:58:19 - create_budget - INFO - [TIME TAKEN] 0.2977 seconds (297.66 ms)
2026-02-07 08:58:19 - create_budget - INFO - [RESPONSE CONTENT-TYPE] application/json
2026-02-07 08:58:19 - create_budget - INFO - [RESPONSE PAYLOAD]
{
  "errorCode": 990016,
  "errorMessage": "Budget Already exists for the given session or Budget overlaps with an Expired Budget of same resource group"
}
2026-02-07 08:58:19 - create_budget - ERROR - ✗ Failed to create budget 'budget_1_CC_HomePC_Account_193e1_ahv_0-251004-112453_key1_LWd5m_ahv_0-251004-112453_value1_1_LWd5m_377027': HTTP 400 - {'errorCode': 990016, 'errorMessage': 'Budget Already exists for the given session or Budget overlaps with an Expired Budget of same resource group'}
2026-02-07 08:58:19 - create_budget - INFO - [164/301] Creating BU budget: budget_1_Business_Unit_28
2026-02-07 08:58:19 - create_budget - INFO - [API REQUEST] POST https://ncm.services.nconprem-10-53-60-173.ccpnx.com/v1/cg/global/budgets
2026-02-07 08:58:19 - create_budget - INFO - [REQUEST DATA PAYLOAD] {"budgetName": "budget_1_Business_Unit_28", "financialYearStartMonth": "9", "resourceGroups": {"businessUnit": ["0650922d-6f12-4e8d-9bf1-a3e4da09dd08"]}, "systemEstimate": true, "budgetAlert": {"configuration": {"monthly": [{"thresholdPercent": 67, "isDisabled": false}], "quarterly": [{"thresholdPercent": 77, "isDisabled": false}], "yearly": [{"thresholdPercent": 90, "isDisabled": false}]}, "recipients": ["sspuser1@systest.nutanix.com"], "isDisabled": false}}
2026-02-07 08:58:20 - create_budget - INFO - [API RESPONSE] POST https://ncm.services.nconprem-10-53-60-173.ccpnx.com/v1/cg/global/budgets
2026-02-07 08:58:20 - create_budget - INFO - [STATUS CODE] 500
2026-02-07 08:58:20 - create_budget - INFO - [TIME TAKEN] 0.3611 seconds (361.07 ms)
2026-02-07 08:58:20 - create_budget - INFO - [RESPONSE CONTENT-TYPE] application/json
2026-02-07 08:58:20 - create_budget - INFO - [RESPONSE PAYLOAD]
{
  "errorCode": 990020,
  "errorMessage": "The system encountered an internal error. If the issue persists, please reach out to our support."
}
2026-02-07 08:58:20 - create_budget - ERROR - ✗ Failed to create budget 'budget_1_Business_Unit_28': HTTP 500 - {'errorCode': 990020, 'errorMessage': 'The system encountered an internal error. If the issue persists, please reach out to our support.'}
2026-02-07 08:58:20 - create_budget - INFO - [165/301] Creating CC budget: budget_1_CC_HomePC_Account_193e1_ahv_0-251004-112505_key1_h7zvi_ahv_0-251004-112505_value1_1_h7zvi_538825
2026-02-07 08:58:20 - create_budget - INFO - [API REQUEST] POST https://ncm.services.nconprem-10-53-60-173.ccpnx.com/v1/cg/global/budgets
2026-02-07 08:58:20 - create_budget - INFO - [REQUEST DATA PAYLOAD] {"budgetName": "budget_1_CC_HomePC_Account_193e1_ahv_0-251004-112505_key1_h7zvi_ahv_0-251004-112505_value1_1_h7zvi_538825", "financialYearStartMonth": "2", "resourceGroups": {"costCenters": ["8d52c5da-be74-4f44-9503-6780690ac77a"]}, "systemEstimate": true, "budgetAlert": {"configuration": {"monthly": [{"thresholdPercent": 65, "isDisabled": false}], "quarterly": [{"thresholdPercent": 81, "isDisabled": false}], "yearly": [{"thresholdPercent": 95, "isDisabled": false}]}, "recipients": ["sspuser1@systest.nutanix.com"], "isDisabled": false}}
2026-02-07 08:58:20 - create_budget - INFO - [API RESPONSE] POST https://ncm.services.nconprem-10-53-60-173.ccpnx.com/v1/cg/global/budgets
2026-02-07 08:58:20 - create_budget - INFO - [STATUS CODE] 400
2026-02-07 08:58:20 - create_budget - INFO - [TIME TAKEN] 0.3902 seconds (390.19 ms)
2026-02-07 08:58:20 - create_budget - INFO - [RESPONSE CONTENT-TYPE] application/json
2026-02-07 08:58:20 - create_budget - INFO - [RESPONSE PAYLOAD]
{
  "errorCode": 990016,
  "errorMessage": "Budget Already exists for the given session or Budget overlaps with an Expired Budget of same resource group"
}
2026-02-07 08:58:20 - create_budget - ERROR - ✗ Failed to create budget 'budget_1_CC_HomePC_Account_193e1_ahv_0-251004-112505_key1_h7zvi_ahv_0-251004-112505_value1_1_h7zvi_538825': HTTP 400 - {'errorCode': 990016, 'errorMessage': 'Budget Already exists for the given session or Budget overlaps with an Expired Budget of same resource group'}
2026-02-07 08:58:20 - create_budget - INFO - [166/301] Creating CC budget: budget_1_CC_HomePC_Account_193e1_ahv_0-251004-112507_key1_OXKuE_ahv_0-251004-112507_value1_1_OXKuE_377027
2026-02-07 08:58:20 - create_budget - INFO - [API REQUEST] POST https://ncm.services.nconprem-10-53-60-173.ccpnx.com/v1/cg/global/budgets
2026-02-07 08:58:20 - create_budget - INFO - [REQUEST DATA PAYLOAD] {"budgetName": "budget_1_CC_HomePC_Account_193e1_ahv_0-251004-112507_key1_OXKuE_ahv_0-251004-112507_value1_1_OXKuE_377027", "financialYearStartMonth": "1", "resourceGroups": {"costCenters": ["8d58d53c-8ad6-4164-8cd8-168b1503c4b4"]}, "systemEstimate": true, "budgetAlert": {"configuration": {"monthly": [{"thresholdPercent": 69, "isDisabled": false}], "quarterly": [{"thresholdPercent": 84, "isDisabled": false}], "yearly": [{"thresholdPercent": 93, "isDisabled": false}]}, "recipients": ["sspuser1@systest.nutanix.com"], "isDisabled": false}}
2026-02-07 08:58:20 - create_budget - INFO - [API RESPONSE] POST https://ncm.services.nconprem-10-53-60-173.ccpnx.com/v1/cg/global/budgets
2026-02-07 08:58:20 - create_budget - INFO - [STATUS CODE] 400
2026-02-07 08:58:20 - create_budget - INFO - [TIME TAKEN] 0.2585 seconds (258.47 ms)
2026-02-07 08:58:20 - create_budget - INFO - [RESPONSE CONTENT-TYPE] application/json
2026-02-07 08:58:20 - create_budget - INFO - [RESPONSE PAYLOAD]
{
  "errorCode": 990016,
  "errorMessage": "Budget Already exists for the given session or Budget overlaps with an Expired Budget of same resource group"
}
2026-02-07 08:58:20 - create_budget - ERROR - ✗ Failed to create budget 'budget_1_CC_HomePC_Account_193e1_ahv_0-251004-112507_key1_OXKuE_ahv_0-251004-112507_value1_1_OXKuE_377027': HTTP 400 - {'errorCode': 990016, 'errorMessage': 'Budget Already exists for the given session or Budget overlaps with an Expired Budget of same resource group'}
2026-02-07 08:58:20 - create_budget - INFO - [167/301] Creating BU budget: budget_1_Business_Unit_29
2026-02-07 08:58:20 - create_budget - INFO - [API REQUEST] POST https://ncm.services.nconprem-10-53-60-173.ccpnx.com/v1/cg/global/budgets
2026-02-07 08:58:20 - create_budget - INFO - [REQUEST DATA PAYLOAD] {"budgetName": "budget_1_Business_Unit_29", "financialYearStartMonth": "11", "resourceGroups": {"businessUnit": ["77a1a3df-3a0e-4f86-83f0-016563af155b"]}, "systemEstimate": true, "budgetAlert": {"configuration": {"monthly": [{"thresholdPercent": 74, "isDisabled": false}], "quarterly": [{"thresholdPercent": 78, "isDisabled": false}], "yearly": [{"thresholdPercent": 89, "isDisabled": false}]}, "recipients": ["sspuser1@systest.nutanix.com"], "isDisabled": false}}
2026-02-07 08:58:21 - create_budget - INFO - [API RESPONSE] POST https://ncm.services.nconprem-10-53-60-173.ccpnx.com/v1/cg/global/budgets
2026-02-07 08:58:21 - create_budget - INFO - [STATUS CODE] 500
2026-02-07 08:58:21 - create_budget - INFO - [TIME TAKEN] 0.3036 seconds (303.60 ms)
2026-02-07 08:58:21 - create_budget - INFO - [RESPONSE CONTENT-TYPE] application/json
2026-02-07 08:58:21 - create_budget - INFO - [RESPONSE PAYLOAD]
{
  "errorCode": 990020,
  "errorMessage": "The system encountered an internal error. If the issue persists, please reach out to our support."
}
2026-02-07 08:58:21 - create_budget - ERROR - ✗ Failed to create budget 'budget_1_Business_Unit_29': HTTP 500 - {'errorCode': 990020, 'errorMessage': 'The system encountered an internal error. If the issue persists, please reach out to our support.'}
2026-02-07 08:58:21 - create_budget - INFO - [168/301] Creating BU budget: budget_1_Business_Unit_30
2026-02-07 08:58:21 - create_budget - INFO - [API REQUEST] POST https://ncm.services.nconprem-10-53-60-173.ccpnx.com/v1/cg/global/budgets
2026-02-07 08:58:21 - create_budget - INFO - [REQUEST DATA PAYLOAD] {"budgetName": "budget_1_Business_Unit_30", "financialYearStartMonth": "9", "resourceGroups": {"businessUnit": ["54193aa9-2f4e-4e78-8337-d79b3247c226"]}, "systemEstimate": true, "budgetAlert": {"configuration": {"monthly": [{"thresholdPercent": 74, "isDisabled": false}], "quarterly": [{"thresholdPercent": 84, "isDisabled": false}], "yearly": [{"thresholdPercent": 87, "isDisabled": false}]}, "recipients": ["sspuser1@systest.nutanix.com"], "isDisabled": false}}
2026-02-07 08:58:21 - create_budget - INFO - [API RESPONSE] POST https://ncm.services.nconprem-10-53-60-173.ccpnx.com/v1/cg/global/budgets
2026-02-07 08:58:21 - create_budget - INFO - [STATUS CODE] 500
2026-02-07 08:58:21 - create_budget - INFO - [TIME TAKEN] 0.3349 seconds (334.90 ms)
2026-02-07 08:58:21 - create_budget - INFO - [RESPONSE CONTENT-TYPE] application/json
2026-02-07 08:58:21 - create_budget - INFO - [RESPONSE PAYLOAD]
{
  "errorCode": 990020,
  "errorMessage": "The system encountered an internal error. If the issue persists, please reach out to our support."
}
2026-02-07 08:58:21 - create_budget - ERROR - ✗ Failed to create budget 'budget_1_Business_Unit_30': HTTP 500 - {'errorCode': 990020, 'errorMessage': 'The system encountered an internal error. If the issue persists, please reach out to our support.'}
2026-02-07 08:58:21 - create_budget - INFO - [169/301] Creating BU budget: budget_1_Business_Unit_31
2026-02-07 08:58:21 - create_budget - INFO - [API REQUEST] POST https://ncm.services.nconprem-10-53-60-173.ccpnx.com/v1/cg/global/budgets
2026-02-07 08:58:21 - create_budget - INFO - [REQUEST DATA PAYLOAD] {"budgetName": "budget_1_Business_Unit_31", "financialYearStartMonth": "3", "resourceGroups": {"businessUnit": ["5fcb034b-cfd6-4355-b421-45889db27103"]}, "systemEstimate": true, "budgetAlert": {"configuration": {"monthly": [{"thresholdPercent": 69, "isDisabled": false}], "quarterly": [{"thresholdPercent": 85, "isDisabled": false}], "yearly": [{"thresholdPercent": 91, "isDisabled": false}]}, "recipients": ["sspuser1@systest.nutanix.com"], "isDisabled": false}}
2026-02-07 08:58:21 - create_budget - INFO - [API RESPONSE] POST https://ncm.services.nconprem-10-53-60-173.ccpnx.com/v1/cg/global/budgets
2026-02-07 08:58:21 - create_budget - INFO - [STATUS CODE] 500
2026-02-07 08:58:21 - create_budget - INFO - [TIME TAKEN] 0.3217 seconds (321.69 ms)
2026-02-07 08:58:21 - create_budget - INFO - [RESPONSE CONTENT-TYPE] application/json
2026-02-07 08:58:21 - create_budget - INFO - [RESPONSE PAYLOAD]
{
  "errorCode": 990020,
  "errorMessage": "The system encountered an internal error. If the issue persists, please reach out to our support."
}
2026-02-07 08:58:21 - create_budget - ERROR - ✗ Failed to create budget 'budget_1_Business_Unit_31': HTTP 500 - {'errorCode': 990020, 'errorMessage': 'The system encountered an internal error. If the issue persists, please reach out to our support.'}
2026-02-07 08:58:21 - create_budget - INFO - [170/301] Creating BU budget: budget_1_Business_Unit_32
2026-02-07 08:58:21 - create_budget - INFO - [API REQUEST] POST https://ncm.services.nconprem-10-53-60-173.ccpnx.com/v1/cg/global/budgets
2026-02-07 08:58:21 - create_budget - INFO - [REQUEST DATA PAYLOAD] {"budgetName": "budget_1_Business_Unit_32", "financialYearStartMonth": "9", "resourceGroups": {"businessUnit": ["6d6ec30d-6f2c-4a77-b50c-b81dc2ffccd1"]}, "systemEstimate": true, "budgetAlert": {"configuration": {"monthly": [{"thresholdPercent": 65, "isDisabled": false}], "quarterly": [{"thresholdPercent": 80, "isDisabled": false}], "yearly": [{"thresholdPercent": 86, "isDisabled": false}]}, "recipients": ["sspuser1@systest.nutanix.com"], "isDisabled": false}}
2026-02-07 08:58:22 - create_budget - INFO - [API RESPONSE] POST https://ncm.services.nconprem-10-53-60-173.ccpnx.com/v1/cg/global/budgets
2026-02-07 08:58:22 - create_budget - INFO - [STATUS CODE] 500
2026-02-07 08:58:22 - create_budget - INFO - [TIME TAKEN] 0.2370 seconds (236.96 ms)
2026-02-07 08:58:22 - create_budget - INFO - [RESPONSE CONTENT-TYPE] application/json
2026-02-07 08:58:22 - create_budget - INFO - [RESPONSE PAYLOAD]
{
  "errorCode": 990020,
  "errorMessage": "The system encountered an internal error. If the issue persists, please reach out to our support."
}
2026-02-07 08:58:22 - create_budget - ERROR - ✗ Failed to create budget 'budget_1_Business_Unit_32': HTTP 500 - {'errorCode': 990020, 'errorMessage': 'The system encountered an internal error. If the issue persists, please reach out to our support.'}
2026-02-07 08:58:22 - create_budget - INFO - [171/301] Creating BU budget: budget_1_Business_Unit_33
2026-02-07 08:58:22 - create_budget - INFO - [API REQUEST] POST https://ncm.services.nconprem-10-53-60-173.ccpnx.com/v1/cg/global/budgets
2026-02-07 08:58:22 - create_budget - INFO - [REQUEST DATA PAYLOAD] {"budgetName": "budget_1_Business_Unit_33", "financialYearStartMonth": "9", "resourceGroups": {"businessUnit": ["faf7d8ca-241a-4a62-aaa6-4702d977c478"]}, "systemEstimate": true, "budgetAlert": {"configuration": {"monthly": [{"thresholdPercent": 75, "isDisabled": false}], "quarterly": [{"thresholdPercent": 81, "isDisabled": false}], "yearly": [{"thresholdPercent": 94, "isDisabled": false}]}, "recipients": ["sspuser1@systest.nutanix.com"], "isDisabled": false}}
2026-02-07 08:58:22 - create_budget - INFO - [API RESPONSE] POST https://ncm.services.nconprem-10-53-60-173.ccpnx.com/v1/cg/global/budgets
2026-02-07 08:58:22 - create_budget - INFO - [STATUS CODE] 500
2026-02-07 08:58:22 - create_budget - INFO - [TIME TAKEN] 0.2538 seconds (253.79 ms)
2026-02-07 08:58:22 - create_budget - INFO - [RESPONSE CONTENT-TYPE] application/json
2026-02-07 08:58:22 - create_budget - INFO - [RESPONSE PAYLOAD]
{
  "errorCode": 990020,
  "errorMessage": "The system encountered an internal error. If the issue persists, please reach out to our support."
}
2026-02-07 08:58:22 - create_budget - ERROR - ✗ Failed to create budget 'budget_1_Business_Unit_33': HTTP 500 - {'errorCode': 990020, 'errorMessage': 'The system encountered an internal error. If the issue persists, please reach out to our support.'}
2026-02-07 08:58:22 - create_budget - INFO - [172/301] Creating BU budget: budget_1_Business_Unit_34
2026-02-07 08:58:22 - create_budget - INFO - [API REQUEST] POST https://ncm.services.nconprem-10-53-60-173.ccpnx.com/v1/cg/global/budgets
2026-02-07 08:58:22 - create_budget - INFO - [REQUEST DATA PAYLOAD] {"budgetName": "budget_1_Business_Unit_34", "financialYearStartMonth": "7", "resourceGroups": {"businessUnit": ["2df2ab6c-9622-4554-b5fa-71bd6b8392b9"]}, "systemEstimate": true, "budgetAlert": {"configuration": {"monthly": [{"thresholdPercent": 67, "isDisabled": false}], "quarterly": [{"thresholdPercent": 77, "isDisabled": false}], "yearly": [{"thresholdPercent": 89, "isDisabled": false}]}, "recipients": ["sspuser1@systest.nutanix.com"], "isDisabled": false}}
2026-02-07 08:58:22 - create_budget - INFO - [API RESPONSE] POST https://ncm.services.nconprem-10-53-60-173.ccpnx.com/v1/cg/global/budgets
2026-02-07 08:58:22 - create_budget - INFO - [STATUS CODE] 500
2026-02-07 08:58:22 - create_budget - INFO - [TIME TAKEN] 0.2991 seconds (299.15 ms)
2026-02-07 08:58:22 - create_budget - INFO - [RESPONSE CONTENT-TYPE] application/json
2026-02-07 08:58:22 - create_budget - INFO - [RESPONSE PAYLOAD]
{
  "errorCode": 990020,
  "errorMessage": "The system encountered an internal error. If the issue persists, please reach out to our support."
}
2026-02-07 08:58:22 - create_budget - ERROR - ✗ Failed to create budget 'budget_1_Business_Unit_34': HTTP 500 - {'errorCode': 990020, 'errorMessage': 'The system encountered an internal error. If the issue persists, please reach out to our support.'}
2026-02-07 08:58:22 - create_budget - INFO - [173/301] Creating BU budget: budget_1_Business_Unit_35
2026-02-07 08:58:22 - create_budget - INFO - [API REQUEST] POST https://ncm.services.nconprem-10-53-60-173.ccpnx.com/v1/cg/global/budgets
2026-02-07 08:58:22 - create_budget - INFO - [REQUEST DATA PAYLOAD] {"budgetName": "budget_1_Business_Unit_35", "financialYearStartMonth": "6", "resourceGroups": {"businessUnit": ["8856be99-7d61-4237-bb66-e4342371d02d"]}, "systemEstimate": true, "budgetAlert": {"configuration": {"monthly": [{"thresholdPercent": 71, "isDisabled": false}], "quarterly": [{"thresholdPercent": 78, "isDisabled": false}], "yearly": [{"thresholdPercent": 85, "isDisabled": false}]}, "recipients": ["sspuser1@systest.nutanix.com"], "isDisabled": false}}
2026-02-07 08:58:22 - create_budget - INFO - [API RESPONSE] POST https://ncm.services.nconprem-10-53-60-173.ccpnx.com/v1/cg/global/budgets
2026-02-07 08:58:22 - create_budget - INFO - [STATUS CODE] 500
2026-02-07 08:58:22 - create_budget - INFO - [TIME TAKEN] 0.2496 seconds (249.58 ms)
2026-02-07 08:58:22 - create_budget - INFO - [RESPONSE CONTENT-TYPE] application/json
2026-02-07 08:58:22 - create_budget - INFO - [RESPONSE PAYLOAD]
{
  "errorCode": 990020,
  "errorMessage": "The system encountered an internal error. If the issue persists, please reach out to our support."
}
2026-02-07 08:58:22 - create_budget - ERROR - ✗ Failed to create budget 'budget_1_Business_Unit_35': HTTP 500 - {'errorCode': 990020, 'errorMessage': 'The system encountered an internal error. If the issue persists, please reach out to our support.'}
2026-02-07 08:58:22 - create_budget - INFO - [174/301] Creating BU budget: budget_1_Business_Unit_36
2026-02-07 08:58:22 - create_budget - INFO - [API REQUEST] POST https://ncm.services.nconprem-10-53-60-173.ccpnx.com/v1/cg/global/budgets
2026-02-07 08:58:22 - create_budget - INFO - [REQUEST DATA PAYLOAD] {"budgetName": "budget_1_Business_Unit_36", "financialYearStartMonth": "5", "resourceGroups": {"businessUnit": ["013e5591-4118-451c-9f57-59d80dab7159"]}, "systemEstimate": true, "budgetAlert": {"configuration": {"monthly": [{"thresholdPercent": 65, "isDisabled": false}], "quarterly": [{"thresholdPercent": 75, "isDisabled": false}], "yearly": [{"thresholdPercent": 93, "isDisabled": false}]}, "recipients": ["sspuser1@systest.nutanix.com"], "isDisabled": false}}
2026-02-07 08:58:23 - create_budget - INFO - [API RESPONSE] POST https://ncm.services.nconprem-10-53-60-173.ccpnx.com/v1/cg/global/budgets
2026-02-07 08:58:23 - create_budget - INFO - [STATUS CODE] 500
2026-02-07 08:58:23 - create_budget - INFO - [TIME TAKEN] 0.2830 seconds (282.97 ms)
2026-02-07 08:58:23 - create_budget - INFO - [RESPONSE CONTENT-TYPE] application/json
2026-02-07 08:58:23 - create_budget - INFO - [RESPONSE PAYLOAD]
{
  "errorCode": 990020,
  "errorMessage": "The system encountered an internal error. If the issue persists, please reach out to our support."
}
2026-02-07 08:58:23 - create_budget - ERROR - ✗ Failed to create budget 'budget_1_Business_Unit_36': HTTP 500 - {'errorCode': 990020, 'errorMessage': 'The system encountered an internal error. If the issue persists, please reach out to our support.'}
2026-02-07 08:58:23 - create_budget - INFO - [175/301] Creating BU budget: budget_1_Business_Unit_37
2026-02-07 08:58:23 - create_budget - INFO - [API REQUEST] POST https://ncm.services.nconprem-10-53-60-173.ccpnx.com/v1/cg/global/budgets
2026-02-07 08:58:23 - create_budget - INFO - [REQUEST DATA PAYLOAD] {"budgetName": "budget_1_Business_Unit_37", "financialYearStartMonth": "1", "resourceGroups": {"businessUnit": ["44b9abdd-7488-4433-8740-c2811780d37a"]}, "systemEstimate": true, "budgetAlert": {"configuration": {"monthly": [{"thresholdPercent": 70, "isDisabled": false}], "quarterly": [{"thresholdPercent": 81, "isDisabled": false}], "yearly": [{"thresholdPercent": 92, "isDisabled": false}]}, "recipients": ["sspuser1@systest.nutanix.com"], "isDisabled": false}}
2026-02-07 08:58:23 - create_budget - INFO - [API RESPONSE] POST https://ncm.services.nconprem-10-53-60-173.ccpnx.com/v1/cg/global/budgets
2026-02-07 08:58:23 - create_budget - INFO - [STATUS CODE] 500
2026-02-07 08:58:23 - create_budget - INFO - [TIME TAKEN] 0.2602 seconds (260.22 ms)
2026-02-07 08:58:23 - create_budget - INFO - [RESPONSE CONTENT-TYPE] application/json
2026-02-07 08:58:23 - create_budget - INFO - [RESPONSE PAYLOAD]
{
  "errorCode": 990020,
  "errorMessage": "The system encountered an internal error. If the issue persists, please reach out to our support."
}
2026-02-07 08:58:23 - create_budget - ERROR - ✗ Failed to create budget 'budget_1_Business_Unit_37': HTTP 500 - {'errorCode': 990020, 'errorMessage': 'The system encountered an internal error. If the issue persists, please reach out to our support.'}
2026-02-07 08:58:23 - create_budget - INFO - [176/301] Creating BU budget: budget_1_Business_Unit_38
2026-02-07 08:58:23 - create_budget - INFO - [API REQUEST] POST https://ncm.services.nconprem-10-53-60-173.ccpnx.com/v1/cg/global/budgets
2026-02-07 08:58:23 - create_budget - INFO - [REQUEST DATA PAYLOAD] {"budgetName": "budget_1_Business_Unit_38", "financialYearStartMonth": "3", "resourceGroups": {"businessUnit": ["cacdd797-c315-4d6e-8e2f-00e4fe1247a6"]}, "systemEstimate": true, "budgetAlert": {"configuration": {"monthly": [{"thresholdPercent": 68, "isDisabled": false}], "quarterly": [{"thresholdPercent": 79, "isDisabled": false}], "yearly": [{"thresholdPercent": 88, "isDisabled": false}]}, "recipients": ["sspuser1@systest.nutanix.com"], "isDisabled": false}}
2026-02-07 08:58:23 - create_budget - INFO - [API RESPONSE] POST https://ncm.services.nconprem-10-53-60-173.ccpnx.com/v1/cg/global/budgets
2026-02-07 08:58:23 - create_budget - INFO - [STATUS CODE] 500
2026-02-07 08:58:23 - create_budget - INFO - [TIME TAKEN] 0.3579 seconds (357.88 ms)
2026-02-07 08:58:23 - create_budget - INFO - [RESPONSE CONTENT-TYPE] application/json
2026-02-07 08:58:23 - create_budget - INFO - [RESPONSE PAYLOAD]
{
  "errorCode": 990020,
  "errorMessage": "The system encountered an internal error. If the issue persists, please reach out to our support."
}
2026-02-07 08:58:23 - create_budget - ERROR - ✗ Failed to create budget 'budget_1_Business_Unit_38': HTTP 500 - {'errorCode': 990020, 'errorMessage': 'The system encountered an internal error. If the issue persists, please reach out to our support.'}
2026-02-07 08:58:23 - create_budget - INFO - [177/301] Creating CC budget: budget_1_CC_HomePC_Account_193e1_ahv_0-251004-112524_key1_FxJNZ_ahv_0-251004-112524_value1_10_FxJNZ_538825
2026-02-07 08:58:23 - create_budget - INFO - [API REQUEST] POST https://ncm.services.nconprem-10-53-60-173.ccpnx.com/v1/cg/global/budgets
2026-02-07 08:58:23 - create_budget - INFO - [REQUEST DATA PAYLOAD] {"budgetName": "budget_1_CC_HomePC_Account_193e1_ahv_0-251004-112524_key1_FxJNZ_ahv_0-251004-112524_value1_10_FxJNZ_538825", "financialYearStartMonth": "12", "resourceGroups": {"costCenters": ["97dbeffd-bee9-4a11-83dc-95eb9edc6e21"]}, "systemEstimate": true, "budgetAlert": {"configuration": {"monthly": [{"thresholdPercent": 71, "isDisabled": false}], "quarterly": [{"thresholdPercent": 85, "isDisabled": false}], "yearly": [{"thresholdPercent": 90, "isDisabled": false}]}, "recipients": ["sspuser1@systest.nutanix.com"], "isDisabled": false}}
2026-02-07 08:58:24 - create_budget - INFO - [API RESPONSE] POST https://ncm.services.nconprem-10-53-60-173.ccpnx.com/v1/cg/global/budgets
2026-02-07 08:58:24 - create_budget - INFO - [STATUS CODE] 400
2026-02-07 08:58:24 - create_budget - INFO - [TIME TAKEN] 0.3841 seconds (384.11 ms)
2026-02-07 08:58:24 - create_budget - INFO - [RESPONSE CONTENT-TYPE] application/json
2026-02-07 08:58:24 - create_budget - INFO - [RESPONSE PAYLOAD]
{
  "errorCode": 990016,
  "errorMessage": "Budget Already exists for the given session or Budget overlaps with an Expired Budget of same resource group"
}
2026-02-07 08:58:24 - create_budget - ERROR - ✗ Failed to create budget 'budget_1_CC_HomePC_Account_193e1_ahv_0-251004-112524_key1_FxJNZ_ahv_0-251004-112524_value1_10_FxJNZ_538825': HTTP 400 - {'errorCode': 990016, 'errorMessage': 'Budget Already exists for the given session or Budget overlaps with an Expired Budget of same resource group'}
2026-02-07 08:58:24 - create_budget - INFO - [178/301] Creating CC budget: budget_1_CC_HomePC_Account_193e1_ahv_0-251004-112521_key1_VxDdX_ahv_0-251004-112521_value1_10_VxDdX_538825
2026-02-07 08:58:24 - create_budget - INFO - [API REQUEST] POST https://ncm.services.nconprem-10-53-60-173.ccpnx.com/v1/cg/global/budgets
2026-02-07 08:58:24 - create_budget - INFO - [REQUEST DATA PAYLOAD] {"budgetName": "budget_1_CC_HomePC_Account_193e1_ahv_0-251004-112521_key1_VxDdX_ahv_0-251004-112521_value1_10_VxDdX_538825", "financialYearStartMonth": "3", "resourceGroups": {"costCenters": ["6429f19e-895e-4922-8ac6-7a575578e5b1"]}, "systemEstimate": true, "budgetAlert": {"configuration": {"monthly": [{"thresholdPercent": 75, "isDisabled": false}], "quarterly": [{"thresholdPercent": 80, "isDisabled": false}], "yearly": [{"thresholdPercent": 94, "isDisabled": false}]}, "recipients": ["sspuser1@systest.nutanix.com"], "isDisabled": false}}
2026-02-07 08:58:24 - create_budget - INFO - [API RESPONSE] POST https://ncm.services.nconprem-10-53-60-173.ccpnx.com/v1/cg/global/budgets
2026-02-07 08:58:24 - create_budget - INFO - [STATUS CODE] 400
2026-02-07 08:58:24 - create_budget - INFO - [TIME TAKEN] 0.8722 seconds (872.16 ms)
2026-02-07 08:58:24 - create_budget - INFO - [RESPONSE CONTENT-TYPE] application/json
2026-02-07 08:58:24 - create_budget - INFO - [RESPONSE PAYLOAD]
{
  "errorCode": 990016,
  "errorMessage": "Budget Already exists for the given session or Budget overlaps with an Expired Budget of same resource group"
}
2026-02-07 08:58:24 - create_budget - ERROR - ✗ Failed to create budget 'budget_1_CC_HomePC_Account_193e1_ahv_0-251004-112521_key1_VxDdX_ahv_0-251004-112521_value1_10_VxDdX_538825': HTTP 400 - {'errorCode': 990016, 'errorMessage': 'Budget Already exists for the given session or Budget overlaps with an Expired Budget of same resource group'}
2026-02-07 08:58:24 - create_budget - INFO - [179/301] Creating CC budget: budget_1_CC_HomePC_Account_193e1_ahv_0-251004-112533_key1_GOxLS_ahv_0-251004-112533_value1_10_GOxLS_538825
2026-02-07 08:58:24 - create_budget - INFO - [API REQUEST] POST https://ncm.services.nconprem-10-53-60-173.ccpnx.com/v1/cg/global/budgets
2026-02-07 08:58:24 - create_budget - INFO - [REQUEST DATA PAYLOAD] {"budgetName": "budget_1_CC_HomePC_Account_193e1_ahv_0-251004-112533_key1_GOxLS_ahv_0-251004-112533_value1_10_GOxLS_538825", "financialYearStartMonth": "8", "resourceGroups": {"costCenters": ["ce8d4118-622e-46cd-aa70-a838873adfbc"]}, "systemEstimate": true, "budgetAlert": {"configuration": {"monthly": [{"thresholdPercent": 68, "isDisabled": false}], "quarterly": [{"thresholdPercent": 79, "isDisabled": false}], "yearly": [{"thresholdPercent": 95, "isDisabled": false}]}, "recipients": ["sspuser1@systest.nutanix.com"], "isDisabled": false}}
2026-02-07 08:58:25 - create_budget - INFO - [API RESPONSE] POST https://ncm.services.nconprem-10-53-60-173.ccpnx.com/v1/cg/global/budgets
2026-02-07 08:58:25 - create_budget - INFO - [STATUS CODE] 400
2026-02-07 08:58:25 - create_budget - INFO - [TIME TAKEN] 0.3895 seconds (389.54 ms)
2026-02-07 08:58:25 - create_budget - INFO - [RESPONSE CONTENT-TYPE] application/json
2026-02-07 08:58:25 - create_budget - INFO - [RESPONSE PAYLOAD]
{
  "errorCode": 990016,
  "errorMessage": "Budget Already exists for the given session or Budget overlaps with an Expired Budget of same resource group"
}
2026-02-07 08:58:25 - create_budget - ERROR - ✗ Failed to create budget 'budget_1_CC_HomePC_Account_193e1_ahv_0-251004-112533_key1_GOxLS_ahv_0-251004-112533_value1_10_GOxLS_538825': HTTP 400 - {'errorCode': 990016, 'errorMessage': 'Budget Already exists for the given session or Budget overlaps with an Expired Budget of same resource group'}
2026-02-07 08:58:25 - create_budget - INFO - [180/301] Creating CC budget: budget_1_CC_HomePC_Account_193e1_ahv_0-251004-112538_key1_8T3pf_ahv_0-251004-112538_value1_10_8T3pf_538825
2026-02-07 08:58:25 - create_budget - INFO - [API REQUEST] POST https://ncm.services.nconprem-10-53-60-173.ccpnx.com/v1/cg/global/budgets
2026-02-07 08:58:25 - create_budget - INFO - [REQUEST DATA PAYLOAD] {"budgetName": "budget_1_CC_HomePC_Account_193e1_ahv_0-251004-112538_key1_8T3pf_ahv_0-251004-112538_value1_10_8T3pf_538825", "financialYearStartMonth": "8", "resourceGroups": {"costCenters": ["2f105ca7-ff42-439a-ad10-0aeddea6c27c"]}, "systemEstimate": true, "budgetAlert": {"configuration": {"monthly": [{"thresholdPercent": 66, "isDisabled": false}], "quarterly": [{"thresholdPercent": 82, "isDisabled": false}], "yearly": [{"thresholdPercent": 88, "isDisabled": false}]}, "recipients": ["sspuser1@systest.nutanix.com"], "isDisabled": false}}
2026-02-07 08:58:25 - create_budget - INFO - [API RESPONSE] POST https://ncm.services.nconprem-10-53-60-173.ccpnx.com/v1/cg/global/budgets
2026-02-07 08:58:25 - create_budget - INFO - [STATUS CODE] 400
2026-02-07 08:58:25 - create_budget - INFO - [TIME TAKEN] 0.4566 seconds (456.56 ms)
2026-02-07 08:58:25 - create_budget - INFO - [RESPONSE CONTENT-TYPE] application/json
2026-02-07 08:58:25 - create_budget - INFO - [RESPONSE PAYLOAD]
{
  "errorCode": 990016,
  "errorMessage": "Budget Already exists for the given session or Budget overlaps with an Expired Budget of same resource group"
}
2026-02-07 08:58:25 - create_budget - ERROR - ✗ Failed to create budget 'budget_1_CC_HomePC_Account_193e1_ahv_0-251004-112538_key1_8T3pf_ahv_0-251004-112538_value1_10_8T3pf_538825': HTTP 400 - {'errorCode': 990016, 'errorMessage': 'Budget Already exists for the given session or Budget overlaps with an Expired Budget of same resource group'}
2026-02-07 08:58:25 - create_budget - INFO - [181/301] Creating CC budget: budget_1_CC_HomePC_Account_193e1_ahv_0-251004-112513_key1_hJU4i_ahv_0-251004-112513_value1_1_hJU4i_377027
2026-02-07 08:58:25 - create_budget - INFO - [API REQUEST] POST https://ncm.services.nconprem-10-53-60-173.ccpnx.com/v1/cg/global/budgets
2026-02-07 08:58:25 - create_budget - INFO - [REQUEST DATA PAYLOAD] {"budgetName": "budget_1_CC_HomePC_Account_193e1_ahv_0-251004-112513_key1_hJU4i_ahv_0-251004-112513_value1_1_hJU4i_377027", "financialYearStartMonth": "1", "resourceGroups": {"costCenters": ["9490e679-fae3-41c4-9c15-1fbefc01b7fa"]}, "systemEstimate": true, "budgetAlert": {"configuration": {"monthly": [{"thresholdPercent": 68, "isDisabled": false}], "quarterly": [{"thresholdPercent": 77, "isDisabled": false}], "yearly": [{"thresholdPercent": 88, "isDisabled": false}]}, "recipients": ["sspuser1@systest.nutanix.com"], "isDisabled": false}}
2026-02-07 08:58:26 - create_budget - INFO - [API RESPONSE] POST https://ncm.services.nconprem-10-53-60-173.ccpnx.com/v1/cg/global/budgets
2026-02-07 08:58:26 - create_budget - INFO - [STATUS CODE] 400
2026-02-07 08:58:26 - create_budget - INFO - [TIME TAKEN] 0.4401 seconds (440.06 ms)
2026-02-07 08:58:26 - create_budget - INFO - [RESPONSE CONTENT-TYPE] application/json
2026-02-07 08:58:26 - create_budget - INFO - [RESPONSE PAYLOAD]
{
  "errorCode": 990016,
  "errorMessage": "Budget Already exists for the given session or Budget overlaps with an Expired Budget of same resource group"
}
2026-02-07 08:58:26 - create_budget - ERROR - ✗ Failed to create budget 'budget_1_CC_HomePC_Account_193e1_ahv_0-251004-112513_key1_hJU4i_ahv_0-251004-112513_value1_1_hJU4i_377027': HTTP 400 - {'errorCode': 990016, 'errorMessage': 'Budget Already exists for the given session or Budget overlaps with an Expired Budget of same resource group'}
2026-02-07 08:58:26 - create_budget - INFO - [182/301] Creating BU budget: budget_1_Business_Unit_39
2026-02-07 08:58:26 - create_budget - INFO - [API REQUEST] POST https://ncm.services.nconprem-10-53-60-173.ccpnx.com/v1/cg/global/budgets
2026-02-07 08:58:26 - create_budget - INFO - [REQUEST DATA PAYLOAD] {"budgetName": "budget_1_Business_Unit_39", "financialYearStartMonth": "1", "resourceGroups": {"businessUnit": ["8f35fb21-d95a-42d5-9127-02129c65ec92"]}, "systemEstimate": true, "budgetAlert": {"configuration": {"monthly": [{"thresholdPercent": 72, "isDisabled": false}], "quarterly": [{"thresholdPercent": 82, "isDisabled": false}], "yearly": [{"thresholdPercent": 89, "isDisabled": false}]}, "recipients": ["sspuser1@systest.nutanix.com"], "isDisabled": false}}
2026-02-07 08:58:26 - create_budget - INFO - [API RESPONSE] POST https://ncm.services.nconprem-10-53-60-173.ccpnx.com/v1/cg/global/budgets
2026-02-07 08:58:26 - create_budget - INFO - [STATUS CODE] 500
2026-02-07 08:58:26 - create_budget - INFO - [TIME TAKEN] 0.6425 seconds (642.50 ms)
2026-02-07 08:58:26 - create_budget - INFO - [RESPONSE CONTENT-TYPE] application/json
2026-02-07 08:58:26 - create_budget - INFO - [RESPONSE PAYLOAD]
{
  "errorCode": 990020,
  "errorMessage": "The system encountered an internal error. If the issue persists, please reach out to our support."
}
2026-02-07 08:58:26 - create_budget - ERROR - ✗ Failed to create budget 'budget_1_Business_Unit_39': HTTP 500 - {'errorCode': 990020, 'errorMessage': 'The system encountered an internal error. If the issue persists, please reach out to our support.'}
2026-02-07 08:58:26 - create_budget - INFO - [183/301] Creating CC budget: budget_1_CC_HomePC_Account_193e1_ahv_0-251004-112606_key1_tZ7F6_ahv_0-251004-112606_value1_2_tZ7F6_538825
2026-02-07 08:58:26 - create_budget - INFO - [API REQUEST] POST https://ncm.services.nconprem-10-53-60-173.ccpnx.com/v1/cg/global/budgets
2026-02-07 08:58:26 - create_budget - INFO - [REQUEST DATA PAYLOAD] {"budgetName": "budget_1_CC_HomePC_Account_193e1_ahv_0-251004-112606_key1_tZ7F6_ahv_0-251004-112606_value1_2_tZ7F6_538825", "financialYearStartMonth": "5", "resourceGroups": {"costCenters": ["5b28461a-2a40-4f68-8184-356516611580"]}, "systemEstimate": true, "budgetAlert": {"configuration": {"monthly": [{"thresholdPercent": 67, "isDisabled": false}], "quarterly": [{"thresholdPercent": 85, "isDisabled": false}], "yearly": [{"thresholdPercent": 90, "isDisabled": false}]}, "recipients": ["sspuser1@systest.nutanix.com"], "isDisabled": false}}
2026-02-07 08:58:27 - create_budget - INFO - [API RESPONSE] POST https://ncm.services.nconprem-10-53-60-173.ccpnx.com/v1/cg/global/budgets
2026-02-07 08:58:27 - create_budget - INFO - [STATUS CODE] 400
2026-02-07 08:58:27 - create_budget - INFO - [TIME TAKEN] 0.4571 seconds (457.10 ms)
2026-02-07 08:58:27 - create_budget - INFO - [RESPONSE CONTENT-TYPE] application/json
2026-02-07 08:58:27 - create_budget - INFO - [RESPONSE PAYLOAD]
{
  "errorCode": 990016,
  "errorMessage": "Budget Already exists for the given session or Budget overlaps with an Expired Budget of same resource group"
}
2026-02-07 08:58:27 - create_budget - ERROR - ✗ Failed to create budget 'budget_1_CC_HomePC_Account_193e1_ahv_0-251004-112606_key1_tZ7F6_ahv_0-251004-112606_value1_2_tZ7F6_538825': HTTP 400 - {'errorCode': 990016, 'errorMessage': 'Budget Already exists for the given session or Budget overlaps with an Expired Budget of same resource group'}
2026-02-07 08:58:27 - create_budget - INFO - [184/301] Creating CC budget: budget_1_CC_HomePC_Account_193e1_ahv_0-251004-112558_key1_Rvw5V_ahv_0-251004-112558_value1_1_Rvw5V_538825
2026-02-07 08:58:27 - create_budget - INFO - [API REQUEST] POST https://ncm.services.nconprem-10-53-60-173.ccpnx.com/v1/cg/global/budgets
2026-02-07 08:58:27 - create_budget - INFO - [REQUEST DATA PAYLOAD] {"budgetName": "budget_1_CC_HomePC_Account_193e1_ahv_0-251004-112558_key1_Rvw5V_ahv_0-251004-112558_value1_1_Rvw5V_538825", "financialYearStartMonth": "3", "resourceGroups": {"costCenters": ["eb18f872-db5c-4d62-9bef-0df87c279b0d"]}, "systemEstimate": true, "budgetAlert": {"configuration": {"monthly": [{"thresholdPercent": 71, "isDisabled": false}], "quarterly": [{"thresholdPercent": 75, "isDisabled": false}], "yearly": [{"thresholdPercent": 89, "isDisabled": false}]}, "recipients": ["sspuser1@systest.nutanix.com"], "isDisabled": false}}
2026-02-07 08:58:27 - create_budget - INFO - [API RESPONSE] POST https://ncm.services.nconprem-10-53-60-173.ccpnx.com/v1/cg/global/budgets
2026-02-07 08:58:27 - create_budget - INFO - [STATUS CODE] 400
2026-02-07 08:58:27 - create_budget - INFO - [TIME TAKEN] 0.2896 seconds (289.62 ms)
2026-02-07 08:58:27 - create_budget - INFO - [RESPONSE CONTENT-TYPE] application/json
2026-02-07 08:58:27 - create_budget - INFO - [RESPONSE PAYLOAD]
{
  "errorCode": 990016,
  "errorMessage": "Budget Already exists for the given session or Budget overlaps with an Expired Budget of same resource group"
}
2026-02-07 08:58:27 - create_budget - ERROR - ✗ Failed to create budget 'budget_1_CC_HomePC_Account_193e1_ahv_0-251004-112558_key1_Rvw5V_ahv_0-251004-112558_value1_1_Rvw5V_538825': HTTP 400 - {'errorCode': 990016, 'errorMessage': 'Budget Already exists for the given session or Budget overlaps with an Expired Budget of same resource group'}
2026-02-07 08:58:27 - create_budget - INFO - [185/301] Creating CC budget: budget_1_CC_HomePC_Account_193e1_ahv_0-251004-112557_key1_jW5Pe_ahv_0-251004-112557_value1_10_jW5Pe_538825
2026-02-07 08:58:27 - create_budget - INFO - [API REQUEST] POST https://ncm.services.nconprem-10-53-60-173.ccpnx.com/v1/cg/global/budgets
2026-02-07 08:58:27 - create_budget - INFO - [REQUEST DATA PAYLOAD] {"budgetName": "budget_1_CC_HomePC_Account_193e1_ahv_0-251004-112557_key1_jW5Pe_ahv_0-251004-112557_value1_10_jW5Pe_538825", "financialYearStartMonth": "6", "resourceGroups": {"costCenters": ["7492d786-a14f-4da3-baf3-9d0e96363f43"]}, "systemEstimate": true, "budgetAlert": {"configuration": {"monthly": [{"thresholdPercent": 72, "isDisabled": false}], "quarterly": [{"thresholdPercent": 78, "isDisabled": false}], "yearly": [{"thresholdPercent": 87, "isDisabled": false}]}, "recipients": ["sspuser1@systest.nutanix.com"], "isDisabled": false}}
2026-02-07 08:58:28 - create_budget - INFO - [API RESPONSE] POST https://ncm.services.nconprem-10-53-60-173.ccpnx.com/v1/cg/global/budgets
2026-02-07 08:58:28 - create_budget - INFO - [STATUS CODE] 400
2026-02-07 08:58:28 - create_budget - INFO - [TIME TAKEN] 0.3368 seconds (336.78 ms)
2026-02-07 08:58:28 - create_budget - INFO - [RESPONSE CONTENT-TYPE] application/json
2026-02-07 08:58:28 - create_budget - INFO - [RESPONSE PAYLOAD]
{
  "errorCode": 990016,
  "errorMessage": "Budget Already exists for the given session or Budget overlaps with an Expired Budget of same resource group"
}
2026-02-07 08:58:28 - create_budget - ERROR - ✗ Failed to create budget 'budget_1_CC_HomePC_Account_193e1_ahv_0-251004-112557_key1_jW5Pe_ahv_0-251004-112557_value1_10_jW5Pe_538825': HTTP 400 - {'errorCode': 990016, 'errorMessage': 'Budget Already exists for the given session or Budget overlaps with an Expired Budget of same resource group'}
2026-02-07 08:58:28 - create_budget - INFO - [186/301] Creating CC budget: budget_1_CC_HomePC_Account_193e1_ahv_0-251004-112543_key1_cWNZI_ahv_0-251004-112543_value1_2_cWNZI_538825
2026-02-07 08:58:28 - create_budget - INFO - [API REQUEST] POST https://ncm.services.nconprem-10-53-60-173.ccpnx.com/v1/cg/global/budgets
2026-02-07 08:58:28 - create_budget - INFO - [REQUEST DATA PAYLOAD] {"budgetName": "budget_1_CC_HomePC_Account_193e1_ahv_0-251004-112543_key1_cWNZI_ahv_0-251004-112543_value1_2_cWNZI_538825", "financialYearStartMonth": "8", "resourceGroups": {"costCenters": ["4f818711-2453-4096-9a4f-6749fb152e30"]}, "systemEstimate": true, "budgetAlert": {"configuration": {"monthly": [{"thresholdPercent": 67, "isDisabled": false}], "quarterly": [{"thresholdPercent": 84, "isDisabled": false}], "yearly": [{"thresholdPercent": 95, "isDisabled": false}]}, "recipients": ["sspuser1@systest.nutanix.com"], "isDisabled": false}}
2026-02-07 08:58:28 - create_budget - INFO - [API RESPONSE] POST https://ncm.services.nconprem-10-53-60-173.ccpnx.com/v1/cg/global/budgets
2026-02-07 08:58:28 - create_budget - INFO - [STATUS CODE] 400
2026-02-07 08:58:28 - create_budget - INFO - [TIME TAKEN] 0.3490 seconds (349.04 ms)
2026-02-07 08:58:28 - create_budget - INFO - [RESPONSE CONTENT-TYPE] application/json
2026-02-07 08:58:28 - create_budget - INFO - [RESPONSE PAYLOAD]
{
  "errorCode": 990016,
  "errorMessage": "Budget Already exists for the given session or Budget overlaps with an Expired Budget of same resource group"
}
2026-02-07 08:58:28 - create_budget - ERROR - ✗ Failed to create budget 'budget_1_CC_HomePC_Account_193e1_ahv_0-251004-112543_key1_cWNZI_ahv_0-251004-112543_value1_2_cWNZI_538825': HTTP 400 - {'errorCode': 990016, 'errorMessage': 'Budget Already exists for the given session or Budget overlaps with an Expired Budget of same resource group'}
2026-02-07 08:58:28 - create_budget - INFO - [187/301] Creating CC budget: budget_1_CC_HomePC_Account_193e1_ahv_0-251004-112549_key1_jePTb_ahv_0-251004-112549_value1_4_jePTb_538825
2026-02-07 08:58:28 - create_budget - INFO - [API REQUEST] POST https://ncm.services.nconprem-10-53-60-173.ccpnx.com/v1/cg/global/budgets
2026-02-07 08:58:28 - create_budget - INFO - [REQUEST DATA PAYLOAD] {"budgetName": "budget_1_CC_HomePC_Account_193e1_ahv_0-251004-112549_key1_jePTb_ahv_0-251004-112549_value1_4_jePTb_538825", "financialYearStartMonth": "10", "resourceGroups": {"costCenters": ["a20e42ed-fc87-4927-983f-91986d441493"]}, "systemEstimate": true, "budgetAlert": {"configuration": {"monthly": [{"thresholdPercent": 68, "isDisabled": false}], "quarterly": [{"thresholdPercent": 79, "isDisabled": false}], "yearly": [{"thresholdPercent": 91, "isDisabled": false}]}, "recipients": ["sspuser1@systest.nutanix.com"], "isDisabled": false}}
2026-02-07 08:58:28 - create_budget - INFO - [API RESPONSE] POST https://ncm.services.nconprem-10-53-60-173.ccpnx.com/v1/cg/global/budgets
2026-02-07 08:58:28 - create_budget - INFO - [STATUS CODE] 400
2026-02-07 08:58:28 - create_budget - INFO - [TIME TAKEN] 0.4539 seconds (453.91 ms)
2026-02-07 08:58:28 - create_budget - INFO - [RESPONSE CONTENT-TYPE] application/json
2026-02-07 08:58:28 - create_budget - INFO - [RESPONSE PAYLOAD]
{
  "errorCode": 990016,
  "errorMessage": "Budget Already exists for the given session or Budget overlaps with an Expired Budget of same resource group"
}
2026-02-07 08:58:28 - create_budget - ERROR - ✗ Failed to create budget 'budget_1_CC_HomePC_Account_193e1_ahv_0-251004-112549_key1_jePTb_ahv_0-251004-112549_value1_4_jePTb_538825': HTTP 400 - {'errorCode': 990016, 'errorMessage': 'Budget Already exists for the given session or Budget overlaps with an Expired Budget of same resource group'}
2026-02-07 08:58:28 - create_budget - INFO - [188/301] Creating BU budget: budget_1_Business_Unit_40
2026-02-07 08:58:28 - create_budget - INFO - [API REQUEST] POST https://ncm.services.nconprem-10-53-60-173.ccpnx.com/v1/cg/global/budgets
2026-02-07 08:58:28 - create_budget - INFO - [REQUEST DATA PAYLOAD] {"budgetName": "budget_1_Business_Unit_40", "financialYearStartMonth": "5", "resourceGroups": {"businessUnit": ["b87c7f0e-2609-467d-ac13-bf9a013e056d"]}, "systemEstimate": true, "budgetAlert": {"configuration": {"monthly": [{"thresholdPercent": 75, "isDisabled": false}], "quarterly": [{"thresholdPercent": 77, "isDisabled": false}], "yearly": [{"thresholdPercent": 90, "isDisabled": false}]}, "recipients": ["sspuser1@systest.nutanix.com"], "isDisabled": false}}
2026-02-07 08:58:29 - create_budget - INFO - [API RESPONSE] POST https://ncm.services.nconprem-10-53-60-173.ccpnx.com/v1/cg/global/budgets
2026-02-07 08:58:29 - create_budget - INFO - [STATUS CODE] 500
2026-02-07 08:58:29 - create_budget - INFO - [TIME TAKEN] 0.4407 seconds (440.71 ms)
2026-02-07 08:58:29 - create_budget - INFO - [RESPONSE CONTENT-TYPE] application/json
2026-02-07 08:58:29 - create_budget - INFO - [RESPONSE PAYLOAD]
{
  "errorCode": 990020,
  "errorMessage": "The system encountered an internal error. If the issue persists, please reach out to our support."
}
2026-02-07 08:58:29 - create_budget - ERROR - ✗ Failed to create budget 'budget_1_Business_Unit_40': HTTP 500 - {'errorCode': 990020, 'errorMessage': 'The system encountered an internal error. If the issue persists, please reach out to our support.'}
2026-02-07 08:58:29 - create_budget - INFO - [189/301] Creating CC budget: budget_1_CC_HomePC_Account_193e1_ahv_0-251004-112635_key1_zXZb6_ahv_0-251004-112635_value1_3_zXZb6_538825
2026-02-07 08:58:29 - create_budget - INFO - [API REQUEST] POST https://ncm.services.nconprem-10-53-60-173.ccpnx.com/v1/cg/global/budgets
2026-02-07 08:58:29 - create_budget - INFO - [REQUEST DATA PAYLOAD] {"budgetName": "budget_1_CC_HomePC_Account_193e1_ahv_0-251004-112635_key1_zXZb6_ahv_0-251004-112635_value1_3_zXZb6_538825", "financialYearStartMonth": "8", "resourceGroups": {"costCenters": ["17e00640-0849-4ff2-b95d-8edfeb2c2cda"]}, "systemEstimate": true, "budgetAlert": {"configuration": {"monthly": [{"thresholdPercent": 65, "isDisabled": false}], "quarterly": [{"thresholdPercent": 80, "isDisabled": false}], "yearly": [{"thresholdPercent": 88, "isDisabled": false}]}, "recipients": ["sspuser1@systest.nutanix.com"], "isDisabled": false}}
2026-02-07 08:58:29 - create_budget - INFO - [API RESPONSE] POST https://ncm.services.nconprem-10-53-60-173.ccpnx.com/v1/cg/global/budgets
2026-02-07 08:58:29 - create_budget - INFO - [STATUS CODE] 400
2026-02-07 08:58:29 - create_budget - INFO - [TIME TAKEN] 0.3804 seconds (380.41 ms)
2026-02-07 08:58:29 - create_budget - INFO - [RESPONSE CONTENT-TYPE] application/json
2026-02-07 08:58:29 - create_budget - INFO - [RESPONSE PAYLOAD]
{
  "errorCode": 990016,
  "errorMessage": "Budget Already exists for the given session or Budget overlaps with an Expired Budget of same resource group"
}
2026-02-07 08:58:29 - create_budget - ERROR - ✗ Failed to create budget 'budget_1_CC_HomePC_Account_193e1_ahv_0-251004-112635_key1_zXZb6_ahv_0-251004-112635_value1_3_zXZb6_538825': HTTP 400 - {'errorCode': 990016, 'errorMessage': 'Budget Already exists for the given session or Budget overlaps with an Expired Budget of same resource group'}
2026-02-07 08:58:29 - create_budget - INFO - [190/301] Creating CC budget: budget_1_CC_HomePC_Account_193e1_ahv_0-251004-112615_key1_JyWLu_ahv_0-251004-112615_value1_4_JyWLu_538825
2026-02-07 08:58:29 - create_budget - INFO - [API REQUEST] POST https://ncm.services.nconprem-10-53-60-173.ccpnx.com/v1/cg/global/budgets
2026-02-07 08:58:29 - create_budget - INFO - [REQUEST DATA PAYLOAD] {"budgetName": "budget_1_CC_HomePC_Account_193e1_ahv_0-251004-112615_key1_JyWLu_ahv_0-251004-112615_value1_4_JyWLu_538825", "financialYearStartMonth": "9", "resourceGroups": {"costCenters": ["419d9f61-f8bd-43f7-ab6b-8b4d3f120a42"]}, "systemEstimate": true, "budgetAlert": {"configuration": {"monthly": [{"thresholdPercent": 69, "isDisabled": false}], "quarterly": [{"thresholdPercent": 83, "isDisabled": false}], "yearly": [{"thresholdPercent": 87, "isDisabled": false}]}, "recipients": ["sspuser1@systest.nutanix.com"], "isDisabled": false}}
2026-02-07 08:58:30 - create_budget - INFO - [API RESPONSE] POST https://ncm.services.nconprem-10-53-60-173.ccpnx.com/v1/cg/global/budgets
2026-02-07 08:58:30 - create_budget - INFO - [STATUS CODE] 400
2026-02-07 08:58:30 - create_budget - INFO - [TIME TAKEN] 0.5371 seconds (537.09 ms)
2026-02-07 08:58:30 - create_budget - INFO - [RESPONSE CONTENT-TYPE] application/json
2026-02-07 08:58:30 - create_budget - INFO - [RESPONSE PAYLOAD]
{
  "errorCode": 990016,
  "errorMessage": "Budget Already exists for the given session or Budget overlaps with an Expired Budget of same resource group"
}
2026-02-07 08:58:30 - create_budget - ERROR - ✗ Failed to create budget 'budget_1_CC_HomePC_Account_193e1_ahv_0-251004-112615_key1_JyWLu_ahv_0-251004-112615_value1_4_JyWLu_538825': HTTP 400 - {'errorCode': 990016, 'errorMessage': 'Budget Already exists for the given session or Budget overlaps with an Expired Budget of same resource group'}
2026-02-07 08:58:30 - create_budget - INFO - [191/301] Creating CC budget: budget_1_CC_HomePC_Account_193e1_ahv_0-251004-112618_key1_7aFgy_ahv_0-251004-112618_value1_1_7aFgy_538825
2026-02-07 08:58:30 - create_budget - INFO - [API REQUEST] POST https://ncm.services.nconprem-10-53-60-173.ccpnx.com/v1/cg/global/budgets
2026-02-07 08:58:30 - create_budget - INFO - [REQUEST DATA PAYLOAD] {"budgetName": "budget_1_CC_HomePC_Account_193e1_ahv_0-251004-112618_key1_7aFgy_ahv_0-251004-112618_value1_1_7aFgy_538825", "financialYearStartMonth": "11", "resourceGroups": {"costCenters": ["f5b1419a-dc9d-4e3b-be02-2c0299e9e349"]}, "systemEstimate": true, "budgetAlert": {"configuration": {"monthly": [{"thresholdPercent": 66, "isDisabled": false}], "quarterly": [{"thresholdPercent": 81, "isDisabled": false}], "yearly": [{"thresholdPercent": 95, "isDisabled": false}]}, "recipients": ["sspuser1@systest.nutanix.com"], "isDisabled": false}}
2026-02-07 08:58:30 - create_budget - INFO - [API RESPONSE] POST https://ncm.services.nconprem-10-53-60-173.ccpnx.com/v1/cg/global/budgets
2026-02-07 08:58:30 - create_budget - INFO - [STATUS CODE] 400
2026-02-07 08:58:30 - create_budget - INFO - [TIME TAKEN] 0.4493 seconds (449.31 ms)
2026-02-07 08:58:30 - create_budget - INFO - [RESPONSE CONTENT-TYPE] application/json
2026-02-07 08:58:30 - create_budget - INFO - [RESPONSE PAYLOAD]
{
  "errorCode": 990016,
  "errorMessage": "Budget Already exists for the given session or Budget overlaps with an Expired Budget of same resource group"
}
2026-02-07 08:58:30 - create_budget - ERROR - ✗ Failed to create budget 'budget_1_CC_HomePC_Account_193e1_ahv_0-251004-112618_key1_7aFgy_ahv_0-251004-112618_value1_1_7aFgy_538825': HTTP 400 - {'errorCode': 990016, 'errorMessage': 'Budget Already exists for the given session or Budget overlaps with an Expired Budget of same resource group'}
2026-02-07 08:58:30 - create_budget - INFO - [192/301] Creating CC budget: budget_1_CC_HomePC_Account_193e1_ahv_0-251004-112641_key1_WlNEz_ahv_0-251004-112641_value1_2_WlNEz_538825
2026-02-07 08:58:30 - create_budget - INFO - [API REQUEST] POST https://ncm.services.nconprem-10-53-60-173.ccpnx.com/v1/cg/global/budgets
2026-02-07 08:58:30 - create_budget - INFO - [REQUEST DATA PAYLOAD] {"budgetName": "budget_1_CC_HomePC_Account_193e1_ahv_0-251004-112641_key1_WlNEz_ahv_0-251004-112641_value1_2_WlNEz_538825", "financialYearStartMonth": "9", "resourceGroups": {"costCenters": ["8cf2cb98-5654-4f81-b0d5-beb050b7c900"]}, "systemEstimate": true, "budgetAlert": {"configuration": {"monthly": [{"thresholdPercent": 74, "isDisabled": false}], "quarterly": [{"thresholdPercent": 85, "isDisabled": false}], "yearly": [{"thresholdPercent": 94, "isDisabled": false}]}, "recipients": ["sspuser1@systest.nutanix.com"], "isDisabled": false}}
2026-02-07 08:58:30 - create_budget - INFO - [API RESPONSE] POST https://ncm.services.nconprem-10-53-60-173.ccpnx.com/v1/cg/global/budgets
2026-02-07 08:58:30 - create_budget - INFO - [STATUS CODE] 400
2026-02-07 08:58:30 - create_budget - INFO - [TIME TAKEN] 0.2875 seconds (287.53 ms)
2026-02-07 08:58:30 - create_budget - INFO - [RESPONSE CONTENT-TYPE] application/json
2026-02-07 08:58:30 - create_budget - INFO - [RESPONSE PAYLOAD]
{
  "errorCode": 990016,
  "errorMessage": "Budget Already exists for the given session or Budget overlaps with an Expired Budget of same resource group"
}
2026-02-07 08:58:30 - create_budget - ERROR - ✗ Failed to create budget 'budget_1_CC_HomePC_Account_193e1_ahv_0-251004-112641_key1_WlNEz_ahv_0-251004-112641_value1_2_WlNEz_538825': HTTP 400 - {'errorCode': 990016, 'errorMessage': 'Budget Already exists for the given session or Budget overlaps with an Expired Budget of same resource group'}
2026-02-07 08:58:30 - create_budget - INFO - [193/301] Creating CC budget: budget_1_CC_HomePC_Account_193e1_ahv_0-251004-112632_key1_OWnlM_ahv_0-251004-112632_value1_1_OWnlM_538825
2026-02-07 08:58:30 - create_budget - INFO - [API REQUEST] POST https://ncm.services.nconprem-10-53-60-173.ccpnx.com/v1/cg/global/budgets
2026-02-07 08:58:30 - create_budget - INFO - [REQUEST DATA PAYLOAD] {"budgetName": "budget_1_CC_HomePC_Account_193e1_ahv_0-251004-112632_key1_OWnlM_ahv_0-251004-112632_value1_1_OWnlM_538825", "financialYearStartMonth": "2", "resourceGroups": {"costCenters": ["73ac97ad-1eb1-4a58-b3c0-156575da33eb"]}, "systemEstimate": true, "budgetAlert": {"configuration": {"monthly": [{"thresholdPercent": 75, "isDisabled": false}], "quarterly": [{"thresholdPercent": 77, "isDisabled": false}], "yearly": [{"thresholdPercent": 91, "isDisabled": false}]}, "recipients": ["sspuser1@systest.nutanix.com"], "isDisabled": false}}
2026-02-07 08:58:31 - create_budget - INFO - [API RESPONSE] POST https://ncm.services.nconprem-10-53-60-173.ccpnx.com/v1/cg/global/budgets
2026-02-07 08:58:31 - create_budget - INFO - [STATUS CODE] 400
2026-02-07 08:58:31 - create_budget - INFO - [TIME TAKEN] 0.4155 seconds (415.49 ms)
2026-02-07 08:58:31 - create_budget - INFO - [RESPONSE CONTENT-TYPE] application/json
2026-02-07 08:58:31 - create_budget - INFO - [RESPONSE PAYLOAD]
{
  "errorCode": 990016,
  "errorMessage": "Budget Already exists for the given session or Budget overlaps with an Expired Budget of same resource group"
}
2026-02-07 08:58:31 - create_budget - ERROR - ✗ Failed to create budget 'budget_1_CC_HomePC_Account_193e1_ahv_0-251004-112632_key1_OWnlM_ahv_0-251004-112632_value1_1_OWnlM_538825': HTTP 400 - {'errorCode': 990016, 'errorMessage': 'Budget Already exists for the given session or Budget overlaps with an Expired Budget of same resource group'}
2026-02-07 08:58:31 - create_budget - INFO - [194/301] Creating BU budget: budget_1_Business_Unit_41
2026-02-07 08:58:31 - create_budget - INFO - [API REQUEST] POST https://ncm.services.nconprem-10-53-60-173.ccpnx.com/v1/cg/global/budgets
2026-02-07 08:58:31 - create_budget - INFO - [REQUEST DATA PAYLOAD] {"budgetName": "budget_1_Business_Unit_41", "financialYearStartMonth": "8", "resourceGroups": {"businessUnit": ["d6463738-18d9-4560-a674-0a022d65fe12"]}, "systemEstimate": true, "budgetAlert": {"configuration": {"monthly": [{"thresholdPercent": 69, "isDisabled": false}], "quarterly": [{"thresholdPercent": 79, "isDisabled": false}], "yearly": [{"thresholdPercent": 90, "isDisabled": false}]}, "recipients": ["sspuser1@systest.nutanix.com"], "isDisabled": false}}
2026-02-07 08:58:31 - create_budget - INFO - [API RESPONSE] POST https://ncm.services.nconprem-10-53-60-173.ccpnx.com/v1/cg/global/budgets
2026-02-07 08:58:31 - create_budget - INFO - [STATUS CODE] 500
2026-02-07 08:58:31 - create_budget - INFO - [TIME TAKEN] 0.2973 seconds (297.31 ms)
2026-02-07 08:58:31 - create_budget - INFO - [RESPONSE CONTENT-TYPE] application/json
2026-02-07 08:58:31 - create_budget - INFO - [RESPONSE PAYLOAD]
{
  "errorCode": 990020,
  "errorMessage": "The system encountered an internal error. If the issue persists, please reach out to our support."
}
2026-02-07 08:58:31 - create_budget - ERROR - ✗ Failed to create budget 'budget_1_Business_Unit_41': HTTP 500 - {'errorCode': 990020, 'errorMessage': 'The system encountered an internal error. If the issue persists, please reach out to our support.'}
2026-02-07 08:58:31 - create_budget - INFO - [195/301] Creating CC budget: budget_1_CC_HomePC_Account_193e1_ahv_0-251004-112648_key1_sZQeA_ahv_0-251004-112648_value1_4_sZQeA_377027
2026-02-07 08:58:31 - create_budget - INFO - [API REQUEST] POST https://ncm.services.nconprem-10-53-60-173.ccpnx.com/v1/cg/global/budgets
2026-02-07 08:58:31 - create_budget - INFO - [REQUEST DATA PAYLOAD] {"budgetName": "budget_1_CC_HomePC_Account_193e1_ahv_0-251004-112648_key1_sZQeA_ahv_0-251004-112648_value1_4_sZQeA_377027", "financialYearStartMonth": "2", "resourceGroups": {"costCenters": ["bd0679a6-a60a-4651-8805-34ca8e4fa77e"]}, "systemEstimate": true, "budgetAlert": {"configuration": {"monthly": [{"thresholdPercent": 67, "isDisabled": false}], "quarterly": [{"thresholdPercent": 82, "isDisabled": false}], "yearly": [{"thresholdPercent": 92, "isDisabled": false}]}, "recipients": ["sspuser1@systest.nutanix.com"], "isDisabled": false}}
2026-02-07 08:58:32 - create_budget - INFO - [API RESPONSE] POST https://ncm.services.nconprem-10-53-60-173.ccpnx.com/v1/cg/global/budgets
2026-02-07 08:58:32 - create_budget - INFO - [STATUS CODE] 400
2026-02-07 08:58:32 - create_budget - INFO - [TIME TAKEN] 0.4669 seconds (466.94 ms)
2026-02-07 08:58:32 - create_budget - INFO - [RESPONSE CONTENT-TYPE] application/json
2026-02-07 08:58:32 - create_budget - INFO - [RESPONSE PAYLOAD]
{
  "errorCode": 990016,
  "errorMessage": "Budget Already exists for the given session or Budget overlaps with an Expired Budget of same resource group"
}
2026-02-07 08:58:32 - create_budget - ERROR - ✗ Failed to create budget 'budget_1_CC_HomePC_Account_193e1_ahv_0-251004-112648_key1_sZQeA_ahv_0-251004-112648_value1_4_sZQeA_377027': HTTP 400 - {'errorCode': 990016, 'errorMessage': 'Budget Already exists for the given session or Budget overlaps with an Expired Budget of same resource group'}
2026-02-07 08:58:32 - create_budget - INFO - [196/301] Creating CC budget: budget_1_CC_HomePC_Account_193e1_ahv_0-251004-112659_key1_lFQeM_ahv_0-251004-112659_value1_1_lFQeM_377027
2026-02-07 08:58:32 - create_budget - INFO - [API REQUEST] POST https://ncm.services.nconprem-10-53-60-173.ccpnx.com/v1/cg/global/budgets
2026-02-07 08:58:32 - create_budget - INFO - [REQUEST DATA PAYLOAD] {"budgetName": "budget_1_CC_HomePC_Account_193e1_ahv_0-251004-112659_key1_lFQeM_ahv_0-251004-112659_value1_1_lFQeM_377027", "financialYearStartMonth": "3", "resourceGroups": {"costCenters": ["98fde96b-0a45-40a6-86aa-b74502769c52"]}, "systemEstimate": true, "budgetAlert": {"configuration": {"monthly": [{"thresholdPercent": 68, "isDisabled": false}], "quarterly": [{"thresholdPercent": 83, "isDisabled": false}], "yearly": [{"thresholdPercent": 88, "isDisabled": false}]}, "recipients": ["sspuser1@systest.nutanix.com"], "isDisabled": false}}
2026-02-07 08:58:32 - create_budget - INFO - [API RESPONSE] POST https://ncm.services.nconprem-10-53-60-173.ccpnx.com/v1/cg/global/budgets
2026-02-07 08:58:32 - create_budget - INFO - [STATUS CODE] 400
2026-02-07 08:58:32 - create_budget - INFO - [TIME TAKEN] 0.3593 seconds (359.27 ms)
2026-02-07 08:58:32 - create_budget - INFO - [RESPONSE CONTENT-TYPE] application/json
2026-02-07 08:58:32 - create_budget - INFO - [RESPONSE PAYLOAD]
{
  "errorCode": 990016,
  "errorMessage": "Budget Already exists for the given session or Budget overlaps with an Expired Budget of same resource group"
}
2026-02-07 08:58:32 - create_budget - ERROR - ✗ Failed to create budget 'budget_1_CC_HomePC_Account_193e1_ahv_0-251004-112659_key1_lFQeM_ahv_0-251004-112659_value1_1_lFQeM_377027': HTTP 400 - {'errorCode': 990016, 'errorMessage': 'Budget Already exists for the given session or Budget overlaps with an Expired Budget of same resource group'}
2026-02-07 08:58:32 - create_budget - INFO - [197/301] Creating CC budget: budget_1_CC_HomePC_Account_193e1_ahv_0-251004-112724_key1_uLrxg_ahv_0-251004-112724_value1_1_uLrxg_377027
2026-02-07 08:58:32 - create_budget - INFO - [API REQUEST] POST https://ncm.services.nconprem-10-53-60-173.ccpnx.com/v1/cg/global/budgets
2026-02-07 08:58:32 - create_budget - INFO - [REQUEST DATA PAYLOAD] {"budgetName": "budget_1_CC_HomePC_Account_193e1_ahv_0-251004-112724_key1_uLrxg_ahv_0-251004-112724_value1_1_uLrxg_377027", "financialYearStartMonth": "3", "resourceGroups": {"costCenters": ["bb3913c5-35d6-4ce5-bfa1-279c61a5b34e"]}, "systemEstimate": true, "budgetAlert": {"configuration": {"monthly": [{"thresholdPercent": 71, "isDisabled": false}], "quarterly": [{"thresholdPercent": 76, "isDisabled": false}], "yearly": [{"thresholdPercent": 88, "isDisabled": false}]}, "recipients": ["sspuser1@systest.nutanix.com"], "isDisabled": false}}
2026-02-07 08:58:32 - create_budget - INFO - [API RESPONSE] POST https://ncm.services.nconprem-10-53-60-173.ccpnx.com/v1/cg/global/budgets
2026-02-07 08:58:32 - create_budget - INFO - [STATUS CODE] 400
2026-02-07 08:58:32 - create_budget - INFO - [TIME TAKEN] 0.5151 seconds (515.07 ms)
2026-02-07 08:58:32 - create_budget - INFO - [RESPONSE CONTENT-TYPE] application/json
2026-02-07 08:58:32 - create_budget - INFO - [RESPONSE PAYLOAD]
{
  "errorCode": 990016,
  "errorMessage": "Budget Already exists for the given session or Budget overlaps with an Expired Budget of same resource group"
}
2026-02-07 08:58:32 - create_budget - ERROR - ✗ Failed to create budget 'budget_1_CC_HomePC_Account_193e1_ahv_0-251004-112724_key1_uLrxg_ahv_0-251004-112724_value1_1_uLrxg_377027': HTTP 400 - {'errorCode': 990016, 'errorMessage': 'Budget Already exists for the given session or Budget overlaps with an Expired Budget of same resource group'}
2026-02-07 08:58:32 - create_budget - INFO - [198/301] Creating CC budget: budget_1_CC_HomePC_Account_193e1_ahv_0-251004-112707_key1_24wOh_ahv_0-251004-112707_value1_1_24wOh_377027
2026-02-07 08:58:32 - create_budget - INFO - [API REQUEST] POST https://ncm.services.nconprem-10-53-60-173.ccpnx.com/v1/cg/global/budgets
2026-02-07 08:58:32 - create_budget - INFO - [REQUEST DATA PAYLOAD] {"budgetName": "budget_1_CC_HomePC_Account_193e1_ahv_0-251004-112707_key1_24wOh_ahv_0-251004-112707_value1_1_24wOh_377027", "financialYearStartMonth": "6", "resourceGroups": {"costCenters": ["1d893b78-2935-41a4-944c-669d6e52ce6b"]}, "systemEstimate": true, "budgetAlert": {"configuration": {"monthly": [{"thresholdPercent": 73, "isDisabled": false}], "quarterly": [{"thresholdPercent": 83, "isDisabled": false}], "yearly": [{"thresholdPercent": 87, "isDisabled": false}]}, "recipients": ["sspuser1@systest.nutanix.com"], "isDisabled": false}}
2026-02-07 08:58:33 - create_budget - INFO - [API RESPONSE] POST https://ncm.services.nconprem-10-53-60-173.ccpnx.com/v1/cg/global/budgets
2026-02-07 08:58:33 - create_budget - INFO - [STATUS CODE] 400
2026-02-07 08:58:33 - create_budget - INFO - [TIME TAKEN] 0.7108 seconds (710.76 ms)
2026-02-07 08:58:33 - create_budget - INFO - [RESPONSE CONTENT-TYPE] application/json
2026-02-07 08:58:33 - create_budget - INFO - [RESPONSE PAYLOAD]
{
  "errorCode": 990016,
  "errorMessage": "Budget Already exists for the given session or Budget overlaps with an Expired Budget of same resource group"
}
2026-02-07 08:58:33 - create_budget - ERROR - ✗ Failed to create budget 'budget_1_CC_HomePC_Account_193e1_ahv_0-251004-112707_key1_24wOh_ahv_0-251004-112707_value1_1_24wOh_377027': HTTP 400 - {'errorCode': 990016, 'errorMessage': 'Budget Already exists for the given session or Budget overlaps with an Expired Budget of same resource group'}
2026-02-07 08:58:33 - create_budget - INFO - [199/301] Creating CC budget: budget_1_CC_HomePC_Account_193e1_ahv_0-251004-112716_key1_y9eB9_ahv_0-251004-112716_value1_1_y9eB9_377027
2026-02-07 08:58:33 - create_budget - INFO - [API REQUEST] POST https://ncm.services.nconprem-10-53-60-173.ccpnx.com/v1/cg/global/budgets
2026-02-07 08:58:33 - create_budget - INFO - [REQUEST DATA PAYLOAD] {"budgetName": "budget_1_CC_HomePC_Account_193e1_ahv_0-251004-112716_key1_y9eB9_ahv_0-251004-112716_value1_1_y9eB9_377027", "financialYearStartMonth": "6", "resourceGroups": {"costCenters": ["ba1d30fc-efe9-41b2-a6b1-368fa265888b"]}, "systemEstimate": true, "budgetAlert": {"configuration": {"monthly": [{"thresholdPercent": 75, "isDisabled": false}], "quarterly": [{"thresholdPercent": 81, "isDisabled": false}], "yearly": [{"thresholdPercent": 87, "isDisabled": false}]}, "recipients": ["sspuser1@systest.nutanix.com"], "isDisabled": false}}
2026-02-07 08:58:34 - create_budget - INFO - [API RESPONSE] POST https://ncm.services.nconprem-10-53-60-173.ccpnx.com/v1/cg/global/budgets
2026-02-07 08:58:34 - create_budget - INFO - [STATUS CODE] 400
2026-02-07 08:58:34 - create_budget - INFO - [TIME TAKEN] 0.4039 seconds (403.94 ms)
2026-02-07 08:58:34 - create_budget - INFO - [RESPONSE CONTENT-TYPE] application/json
2026-02-07 08:58:34 - create_budget - INFO - [RESPONSE PAYLOAD]
{
  "errorCode": 990016,
  "errorMessage": "Budget Already exists for the given session or Budget overlaps with an Expired Budget of same resource group"
}
2026-02-07 08:58:34 - create_budget - ERROR - ✗ Failed to create budget 'budget_1_CC_HomePC_Account_193e1_ahv_0-251004-112716_key1_y9eB9_ahv_0-251004-112716_value1_1_y9eB9_377027': HTTP 400 - {'errorCode': 990016, 'errorMessage': 'Budget Already exists for the given session or Budget overlaps with an Expired Budget of same resource group'}
2026-02-07 08:58:34 - create_budget - INFO - [200/301] Creating BU budget: budget_1_Business_Unit_42
2026-02-07 08:58:34 - create_budget - INFO - [API REQUEST] POST https://ncm.services.nconprem-10-53-60-173.ccpnx.com/v1/cg/global/budgets
2026-02-07 08:58:34 - create_budget - INFO - [REQUEST DATA PAYLOAD] {"budgetName": "budget_1_Business_Unit_42", "financialYearStartMonth": "2", "resourceGroups": {"businessUnit": ["0dd41b15-9963-4ec2-96dd-10b0cba1882e"]}, "systemEstimate": true, "budgetAlert": {"configuration": {"monthly": [{"thresholdPercent": 68, "isDisabled": false}], "quarterly": [{"thresholdPercent": 84, "isDisabled": false}], "yearly": [{"thresholdPercent": 94, "isDisabled": false}]}, "recipients": ["sspuser1@systest.nutanix.com"], "isDisabled": false}}
2026-02-07 08:58:34 - create_budget - INFO - [API RESPONSE] POST https://ncm.services.nconprem-10-53-60-173.ccpnx.com/v1/cg/global/budgets
2026-02-07 08:58:34 - create_budget - INFO - [STATUS CODE] 500
2026-02-07 08:58:34 - create_budget - INFO - [TIME TAKEN] 0.3962 seconds (396.23 ms)
2026-02-07 08:58:34 - create_budget - INFO - [RESPONSE CONTENT-TYPE] application/json
2026-02-07 08:58:34 - create_budget - INFO - [RESPONSE PAYLOAD]
{
  "errorCode": 990020,
  "errorMessage": "The system encountered an internal error. If the issue persists, please reach out to our support."
}
2026-02-07 08:58:34 - create_budget - ERROR - ✗ Failed to create budget 'budget_1_Business_Unit_42': HTTP 500 - {'errorCode': 990020, 'errorMessage': 'The system encountered an internal error. If the issue persists, please reach out to our support.'}
2026-02-07 08:58:34 - create_budget - INFO - [201/301] Creating CC budget: budget_1_CC_HomePC_Account_193e1_ahv_0-251004-112748_key1_Eb1rW_ahv_0-251004-112748_value1_1_Eb1rW_377027
2026-02-07 08:58:34 - create_budget - INFO - [API REQUEST] POST https://ncm.services.nconprem-10-53-60-173.ccpnx.com/v1/cg/global/budgets
2026-02-07 08:58:34 - create_budget - INFO - [REQUEST DATA PAYLOAD] {"budgetName": "budget_1_CC_HomePC_Account_193e1_ahv_0-251004-112748_key1_Eb1rW_ahv_0-251004-112748_value1_1_Eb1rW_377027", "financialYearStartMonth": "6", "resourceGroups": {"costCenters": ["20a9a530-001d-462e-b877-debaeabe8652"]}, "systemEstimate": true, "budgetAlert": {"configuration": {"monthly": [{"thresholdPercent": 73, "isDisabled": false}], "quarterly": [{"thresholdPercent": 78, "isDisabled": false}], "yearly": [{"thresholdPercent": 86, "isDisabled": false}]}, "recipients": ["sspuser1@systest.nutanix.com"], "isDisabled": false}}
2026-02-07 08:58:34 - create_budget - INFO - [API RESPONSE] POST https://ncm.services.nconprem-10-53-60-173.ccpnx.com/v1/cg/global/budgets
2026-02-07 08:58:34 - create_budget - INFO - [STATUS CODE] 400
2026-02-07 08:58:34 - create_budget - INFO - [TIME TAKEN] 0.4713 seconds (471.32 ms)
2026-02-07 08:58:34 - create_budget - INFO - [RESPONSE CONTENT-TYPE] application/json
2026-02-07 08:58:34 - create_budget - INFO - [RESPONSE PAYLOAD]
{
  "errorCode": 990016,
  "errorMessage": "Budget Already exists for the given session or Budget overlaps with an Expired Budget of same resource group"
}
2026-02-07 08:58:34 - create_budget - ERROR - ✗ Failed to create budget 'budget_1_CC_HomePC_Account_193e1_ahv_0-251004-112748_key1_Eb1rW_ahv_0-251004-112748_value1_1_Eb1rW_377027': HTTP 400 - {'errorCode': 990016, 'errorMessage': 'Budget Already exists for the given session or Budget overlaps with an Expired Budget of same resource group'}
2026-02-07 08:58:34 - create_budget - INFO - [202/301] Creating CC budget: budget_1_CC_HomePC_Account_193e1_ahv_0-251004-112739_key1_qrZ8z_ahv_0-251004-112739_value1_1_qrZ8z_377027
2026-02-07 08:58:34 - create_budget - INFO - [API REQUEST] POST https://ncm.services.nconprem-10-53-60-173.ccpnx.com/v1/cg/global/budgets
2026-02-07 08:58:34 - create_budget - INFO - [REQUEST DATA PAYLOAD] {"budgetName": "budget_1_CC_HomePC_Account_193e1_ahv_0-251004-112739_key1_qrZ8z_ahv_0-251004-112739_value1_1_qrZ8z_377027", "financialYearStartMonth": "8", "resourceGroups": {"costCenters": ["f29883aa-f1c3-4a18-a94e-e7d09557e24b"]}, "systemEstimate": true, "budgetAlert": {"configuration": {"monthly": [{"thresholdPercent": 74, "isDisabled": false}], "quarterly": [{"thresholdPercent": 84, "isDisabled": false}], "yearly": [{"thresholdPercent": 93, "isDisabled": false}]}, "recipients": ["sspuser1@systest.nutanix.com"], "isDisabled": false}}
2026-02-07 08:58:35 - create_budget - INFO - [API RESPONSE] POST https://ncm.services.nconprem-10-53-60-173.ccpnx.com/v1/cg/global/budgets
2026-02-07 08:58:35 - create_budget - INFO - [STATUS CODE] 400
2026-02-07 08:58:35 - create_budget - INFO - [TIME TAKEN] 0.3670 seconds (366.99 ms)
2026-02-07 08:58:35 - create_budget - INFO - [RESPONSE CONTENT-TYPE] application/json
2026-02-07 08:58:35 - create_budget - INFO - [RESPONSE PAYLOAD]
{
  "errorCode": 990016,
  "errorMessage": "Budget Already exists for the given session or Budget overlaps with an Expired Budget of same resource group"
}
2026-02-07 08:58:35 - create_budget - ERROR - ✗ Failed to create budget 'budget_1_CC_HomePC_Account_193e1_ahv_0-251004-112739_key1_qrZ8z_ahv_0-251004-112739_value1_1_qrZ8z_377027': HTTP 400 - {'errorCode': 990016, 'errorMessage': 'Budget Already exists for the given session or Budget overlaps with an Expired Budget of same resource group'}
2026-02-07 08:58:35 - create_budget - INFO - [203/301] Creating CC budget: budget_1_CC_HomePC_Account_193e1_ahv_0-251004-112725_key1_uXgze_ahv_0-251004-112725_value1_1_uXgze_377027
2026-02-07 08:58:35 - create_budget - INFO - [API REQUEST] POST https://ncm.services.nconprem-10-53-60-173.ccpnx.com/v1/cg/global/budgets
2026-02-07 08:58:35 - create_budget - INFO - [REQUEST DATA PAYLOAD] {"budgetName": "budget_1_CC_HomePC_Account_193e1_ahv_0-251004-112725_key1_uXgze_ahv_0-251004-112725_value1_1_uXgze_377027", "financialYearStartMonth": "12", "resourceGroups": {"costCenters": ["0301b72b-aa28-4810-9ba9-32ac9e9f1dad"]}, "systemEstimate": true, "budgetAlert": {"configuration": {"monthly": [{"thresholdPercent": 68, "isDisabled": false}], "quarterly": [{"thresholdPercent": 85, "isDisabled": false}], "yearly": [{"thresholdPercent": 90, "isDisabled": false}]}, "recipients": ["sspuser1@systest.nutanix.com"], "isDisabled": false}}
2026-02-07 08:58:35 - create_budget - INFO - [API RESPONSE] POST https://ncm.services.nconprem-10-53-60-173.ccpnx.com/v1/cg/global/budgets
2026-02-07 08:58:35 - create_budget - INFO - [STATUS CODE] 400
2026-02-07 08:58:35 - create_budget - INFO - [TIME TAKEN] 0.3608 seconds (360.75 ms)
2026-02-07 08:58:35 - create_budget - INFO - [RESPONSE CONTENT-TYPE] application/json
2026-02-07 08:58:35 - create_budget - INFO - [RESPONSE PAYLOAD]
{
  "errorCode": 990016,
  "errorMessage": "Budget Already exists for the given session or Budget overlaps with an Expired Budget of same resource group"
}
2026-02-07 08:58:35 - create_budget - ERROR - ✗ Failed to create budget 'budget_1_CC_HomePC_Account_193e1_ahv_0-251004-112725_key1_uXgze_ahv_0-251004-112725_value1_1_uXgze_377027': HTTP 400 - {'errorCode': 990016, 'errorMessage': 'Budget Already exists for the given session or Budget overlaps with an Expired Budget of same resource group'}
2026-02-07 08:58:35 - create_budget - INFO - [204/301] Creating CC budget: budget_1_CC_HomePC_Account_193e1_ahv_0-251004-112728_key1_tVkNx_ahv_0-251004-112728_value1_1_tVkNx_377027
2026-02-07 08:58:35 - create_budget - INFO - [API REQUEST] POST https://ncm.services.nconprem-10-53-60-173.ccpnx.com/v1/cg/global/budgets
2026-02-07 08:58:35 - create_budget - INFO - [REQUEST DATA PAYLOAD] {"budgetName": "budget_1_CC_HomePC_Account_193e1_ahv_0-251004-112728_key1_tVkNx_ahv_0-251004-112728_value1_1_tVkNx_377027", "financialYearStartMonth": "2", "resourceGroups": {"costCenters": ["3f73d572-a490-46e4-827b-a3e023963db1"]}, "systemEstimate": true, "budgetAlert": {"configuration": {"monthly": [{"thresholdPercent": 73, "isDisabled": false}], "quarterly": [{"thresholdPercent": 76, "isDisabled": false}], "yearly": [{"thresholdPercent": 92, "isDisabled": false}]}, "recipients": ["sspuser1@systest.nutanix.com"], "isDisabled": false}}
2026-02-07 08:58:36 - create_budget - INFO - [API RESPONSE] POST https://ncm.services.nconprem-10-53-60-173.ccpnx.com/v1/cg/global/budgets
2026-02-07 08:58:36 - create_budget - INFO - [STATUS CODE] 400
2026-02-07 08:58:36 - create_budget - INFO - [TIME TAKEN] 0.3966 seconds (396.62 ms)
2026-02-07 08:58:36 - create_budget - INFO - [RESPONSE CONTENT-TYPE] application/json
2026-02-07 08:58:36 - create_budget - INFO - [RESPONSE PAYLOAD]
{
  "errorCode": 990016,
  "errorMessage": "Budget Already exists for the given session or Budget overlaps with an Expired Budget of same resource group"
}
2026-02-07 08:58:36 - create_budget - ERROR - ✗ Failed to create budget 'budget_1_CC_HomePC_Account_193e1_ahv_0-251004-112728_key1_tVkNx_ahv_0-251004-112728_value1_1_tVkNx_377027': HTTP 400 - {'errorCode': 990016, 'errorMessage': 'Budget Already exists for the given session or Budget overlaps with an Expired Budget of same resource group'}
2026-02-07 08:58:36 - create_budget - INFO - [205/301] Creating CC budget: budget_1_CC_HomePC_Account_193e1_ahv_0-251004-112740_key1_2Y58r_ahv_0-251004-112740_value1_1_2Y58r_377027
2026-02-07 08:58:36 - create_budget - INFO - [API REQUEST] POST https://ncm.services.nconprem-10-53-60-173.ccpnx.com/v1/cg/global/budgets
2026-02-07 08:58:36 - create_budget - INFO - [REQUEST DATA PAYLOAD] {"budgetName": "budget_1_CC_HomePC_Account_193e1_ahv_0-251004-112740_key1_2Y58r_ahv_0-251004-112740_value1_1_2Y58r_377027", "financialYearStartMonth": "1", "resourceGroups": {"costCenters": ["675e3cf5-ec2e-4e24-abd4-ae1824211fcb"]}, "systemEstimate": true, "budgetAlert": {"configuration": {"monthly": [{"thresholdPercent": 66, "isDisabled": false}], "quarterly": [{"thresholdPercent": 84, "isDisabled": false}], "yearly": [{"thresholdPercent": 93, "isDisabled": false}]}, "recipients": ["sspuser1@systest.nutanix.com"], "isDisabled": false}}
2026-02-07 08:58:36 - create_budget - INFO - [API RESPONSE] POST https://ncm.services.nconprem-10-53-60-173.ccpnx.com/v1/cg/global/budgets
2026-02-07 08:58:36 - create_budget - INFO - [STATUS CODE] 400
2026-02-07 08:58:36 - create_budget - INFO - [TIME TAKEN] 0.3099 seconds (309.90 ms)
2026-02-07 08:58:36 - create_budget - INFO - [RESPONSE CONTENT-TYPE] application/json
2026-02-07 08:58:36 - create_budget - INFO - [RESPONSE PAYLOAD]
{
  "errorCode": 990016,
  "errorMessage": "Budget Already exists for the given session or Budget overlaps with an Expired Budget of same resource group"
}
2026-02-07 08:58:36 - create_budget - ERROR - ✗ Failed to create budget 'budget_1_CC_HomePC_Account_193e1_ahv_0-251004-112740_key1_2Y58r_ahv_0-251004-112740_value1_1_2Y58r_377027': HTTP 400 - {'errorCode': 990016, 'errorMessage': 'Budget Already exists for the given session or Budget overlaps with an Expired Budget of same resource group'}
2026-02-07 08:58:36 - create_budget - INFO - [206/301] Creating BU budget: budget_1_Business_Unit_43
2026-02-07 08:58:36 - create_budget - INFO - [API REQUEST] POST https://ncm.services.nconprem-10-53-60-173.ccpnx.com/v1/cg/global/budgets
2026-02-07 08:58:36 - create_budget - INFO - [REQUEST DATA PAYLOAD] {"budgetName": "budget_1_Business_Unit_43", "financialYearStartMonth": "8", "resourceGroups": {"businessUnit": ["fd842b7a-bde6-4d7f-950e-61a2c847f540"]}, "systemEstimate": true, "budgetAlert": {"configuration": {"monthly": [{"thresholdPercent": 67, "isDisabled": false}], "quarterly": [{"thresholdPercent": 75, "isDisabled": false}], "yearly": [{"thresholdPercent": 93, "isDisabled": false}]}, "recipients": ["sspuser1@systest.nutanix.com"], "isDisabled": false}}
2026-02-07 08:58:36 - create_budget - INFO - [API RESPONSE] POST https://ncm.services.nconprem-10-53-60-173.ccpnx.com/v1/cg/global/budgets
2026-02-07 08:58:36 - create_budget - INFO - [STATUS CODE] 500
2026-02-07 08:58:36 - create_budget - INFO - [TIME TAKEN] 0.5180 seconds (518.00 ms)
2026-02-07 08:58:36 - create_budget - INFO - [RESPONSE CONTENT-TYPE] application/json
2026-02-07 08:58:36 - create_budget - INFO - [RESPONSE PAYLOAD]
{
  "errorCode": 990020,
  "errorMessage": "The system encountered an internal error. If the issue persists, please reach out to our support."
}
2026-02-07 08:58:36 - create_budget - ERROR - ✗ Failed to create budget 'budget_1_Business_Unit_43': HTTP 500 - {'errorCode': 990020, 'errorMessage': 'The system encountered an internal error. If the issue persists, please reach out to our support.'}
2026-02-07 08:58:36 - create_budget - INFO - [207/301] Creating CC budget: budget_1_CC_HomePC_Account_193e1_ahv_0-251004-123947_key1_9acxk_ahv_0-251004-123947_value1_1_9acxk_377027
2026-02-07 08:58:36 - create_budget - INFO - [API REQUEST] POST https://ncm.services.nconprem-10-53-60-173.ccpnx.com/v1/cg/global/budgets
2026-02-07 08:58:36 - create_budget - INFO - [REQUEST DATA PAYLOAD] {"budgetName": "budget_1_CC_HomePC_Account_193e1_ahv_0-251004-123947_key1_9acxk_ahv_0-251004-123947_value1_1_9acxk_377027", "financialYearStartMonth": "8", "resourceGroups": {"costCenters": ["1c19a2fa-5ec4-48f4-a539-f6ab9666ade7"]}, "systemEstimate": true, "budgetAlert": {"configuration": {"monthly": [{"thresholdPercent": 68, "isDisabled": false}], "quarterly": [{"thresholdPercent": 76, "isDisabled": false}], "yearly": [{"thresholdPercent": 91, "isDisabled": false}]}, "recipients": ["sspuser1@systest.nutanix.com"], "isDisabled": false}}
2026-02-07 08:58:37 - create_budget - INFO - [API RESPONSE] POST https://ncm.services.nconprem-10-53-60-173.ccpnx.com/v1/cg/global/budgets
2026-02-07 08:58:37 - create_budget - INFO - [STATUS CODE] 400
2026-02-07 08:58:37 - create_budget - INFO - [TIME TAKEN] 0.4145 seconds (414.48 ms)
2026-02-07 08:58:37 - create_budget - INFO - [RESPONSE CONTENT-TYPE] application/json
2026-02-07 08:58:37 - create_budget - INFO - [RESPONSE PAYLOAD]
{
  "errorCode": 990016,
  "errorMessage": "Budget Already exists for the given session or Budget overlaps with an Expired Budget of same resource group"
}
2026-02-07 08:58:37 - create_budget - ERROR - ✗ Failed to create budget 'budget_1_CC_HomePC_Account_193e1_ahv_0-251004-123947_key1_9acxk_ahv_0-251004-123947_value1_1_9acxk_377027': HTTP 400 - {'errorCode': 990016, 'errorMessage': 'Budget Already exists for the given session or Budget overlaps with an Expired Budget of same resource group'}
2026-02-07 08:58:37 - create_budget - INFO - [208/301] Creating CC budget: budget_1_CC_HomePC_Account_193e1_ahv_0-251004-112755_key1_K8h54_ahv_0-251004-112755_value1_1_K8h54_377027
2026-02-07 08:58:37 - create_budget - INFO - [API REQUEST] POST https://ncm.services.nconprem-10-53-60-173.ccpnx.com/v1/cg/global/budgets
2026-02-07 08:58:37 - create_budget - INFO - [REQUEST DATA PAYLOAD] {"budgetName": "budget_1_CC_HomePC_Account_193e1_ahv_0-251004-112755_key1_K8h54_ahv_0-251004-112755_value1_1_K8h54_377027", "financialYearStartMonth": "12", "resourceGroups": {"costCenters": ["0dcf0682-bea0-4623-b198-dadc875d379a"]}, "systemEstimate": true, "budgetAlert": {"configuration": {"monthly": [{"thresholdPercent": 68, "isDisabled": false}], "quarterly": [{"thresholdPercent": 78, "isDisabled": false}], "yearly": [{"thresholdPercent": 94, "isDisabled": false}]}, "recipients": ["sspuser1@systest.nutanix.com"], "isDisabled": false}}
2026-02-07 08:58:37 - create_budget - INFO - [API RESPONSE] POST https://ncm.services.nconprem-10-53-60-173.ccpnx.com/v1/cg/global/budgets
2026-02-07 08:58:37 - create_budget - INFO - [STATUS CODE] 400
2026-02-07 08:58:37 - create_budget - INFO - [TIME TAKEN] 0.2903 seconds (290.31 ms)
2026-02-07 08:58:37 - create_budget - INFO - [RESPONSE CONTENT-TYPE] application/json
2026-02-07 08:58:37 - create_budget - INFO - [RESPONSE PAYLOAD]
{
  "errorCode": 990016,
  "errorMessage": "Budget Already exists for the given session or Budget overlaps with an Expired Budget of same resource group"
}
2026-02-07 08:58:37 - create_budget - ERROR - ✗ Failed to create budget 'budget_1_CC_HomePC_Account_193e1_ahv_0-251004-112755_key1_K8h54_ahv_0-251004-112755_value1_1_K8h54_377027': HTTP 400 - {'errorCode': 990016, 'errorMessage': 'Budget Already exists for the given session or Budget overlaps with an Expired Budget of same resource group'}
2026-02-07 08:58:37 - create_budget - INFO - [209/301] Creating CC budget: budget_1_CC_HomePC_Account_193e1_ahv_0-251004-123942_key1_AMkuF_ahv_0-251004-123942_value1_1_AMkuF_377027
2026-02-07 08:58:37 - create_budget - INFO - [API REQUEST] POST https://ncm.services.nconprem-10-53-60-173.ccpnx.com/v1/cg/global/budgets
2026-02-07 08:58:37 - create_budget - INFO - [REQUEST DATA PAYLOAD] {"budgetName": "budget_1_CC_HomePC_Account_193e1_ahv_0-251004-123942_key1_AMkuF_ahv_0-251004-123942_value1_1_AMkuF_377027", "financialYearStartMonth": "4", "resourceGroups": {"costCenters": ["c5908b23-ead5-4440-8a74-81acf138a69e"]}, "systemEstimate": true, "budgetAlert": {"configuration": {"monthly": [{"thresholdPercent": 75, "isDisabled": false}], "quarterly": [{"thresholdPercent": 77, "isDisabled": false}], "yearly": [{"thresholdPercent": 85, "isDisabled": false}]}, "recipients": ["sspuser1@systest.nutanix.com"], "isDisabled": false}}
2026-02-07 08:58:37 - create_budget - INFO - [API RESPONSE] POST https://ncm.services.nconprem-10-53-60-173.ccpnx.com/v1/cg/global/budgets
2026-02-07 08:58:37 - create_budget - INFO - [STATUS CODE] 400
2026-02-07 08:58:37 - create_budget - INFO - [TIME TAKEN] 0.3331 seconds (333.12 ms)
2026-02-07 08:58:37 - create_budget - INFO - [RESPONSE CONTENT-TYPE] application/json
2026-02-07 08:58:37 - create_budget - INFO - [RESPONSE PAYLOAD]
{
  "errorCode": 990016,
  "errorMessage": "Budget Already exists for the given session or Budget overlaps with an Expired Budget of same resource group"
}
2026-02-07 08:58:37 - create_budget - ERROR - ✗ Failed to create budget 'budget_1_CC_HomePC_Account_193e1_ahv_0-251004-123942_key1_AMkuF_ahv_0-251004-123942_value1_1_AMkuF_377027': HTTP 400 - {'errorCode': 990016, 'errorMessage': 'Budget Already exists for the given session or Budget overlaps with an Expired Budget of same resource group'}
2026-02-07 08:58:37 - create_budget - INFO - [210/301] Creating CC budget: budget_1_CC_HomePC_Account_193e1_ahv_0-251004-123945_key1_9Xc9r_ahv_0-251004-123945_value1_5_9Xc9r_377027
2026-02-07 08:58:37 - create_budget - INFO - [API REQUEST] POST https://ncm.services.nconprem-10-53-60-173.ccpnx.com/v1/cg/global/budgets
2026-02-07 08:58:37 - create_budget - INFO - [REQUEST DATA PAYLOAD] {"budgetName": "budget_1_CC_HomePC_Account_193e1_ahv_0-251004-123945_key1_9Xc9r_ahv_0-251004-123945_value1_5_9Xc9r_377027", "financialYearStartMonth": "1", "resourceGroups": {"costCenters": ["380fe798-c2ba-44c3-8443-6b072127b58a"]}, "systemEstimate": true, "budgetAlert": {"configuration": {"monthly": [{"thresholdPercent": 71, "isDisabled": false}], "quarterly": [{"thresholdPercent": 85, "isDisabled": false}], "yearly": [{"thresholdPercent": 85, "isDisabled": false}]}, "recipients": ["sspuser1@systest.nutanix.com"], "isDisabled": false}}
2026-02-07 08:58:38 - create_budget - INFO - [API RESPONSE] POST https://ncm.services.nconprem-10-53-60-173.ccpnx.com/v1/cg/global/budgets
2026-02-07 08:58:38 - create_budget - INFO - [STATUS CODE] 400
2026-02-07 08:58:38 - create_budget - INFO - [TIME TAKEN] 0.3418 seconds (341.76 ms)
2026-02-07 08:58:38 - create_budget - INFO - [RESPONSE CONTENT-TYPE] application/json
2026-02-07 08:58:38 - create_budget - INFO - [RESPONSE PAYLOAD]
{
  "errorCode": 990016,
  "errorMessage": "Budget Already exists for the given session or Budget overlaps with an Expired Budget of same resource group"
}
2026-02-07 08:58:38 - create_budget - ERROR - ✗ Failed to create budget 'budget_1_CC_HomePC_Account_193e1_ahv_0-251004-123945_key1_9Xc9r_ahv_0-251004-123945_value1_5_9Xc9r_377027': HTTP 400 - {'errorCode': 990016, 'errorMessage': 'Budget Already exists for the given session or Budget overlaps with an Expired Budget of same resource group'}
2026-02-07 08:58:38 - create_budget - INFO - [211/301] Creating CC budget: budget_1_CC_HomePC_Account_193e1_ahv_0-251004-123951_key1_dFzTW_ahv_0-251004-123951_value1_1_dFzTW_377027
2026-02-07 08:58:38 - create_budget - INFO - [API REQUEST] POST https://ncm.services.nconprem-10-53-60-173.ccpnx.com/v1/cg/global/budgets
2026-02-07 08:58:38 - create_budget - INFO - [REQUEST DATA PAYLOAD] {"budgetName": "budget_1_CC_HomePC_Account_193e1_ahv_0-251004-123951_key1_dFzTW_ahv_0-251004-123951_value1_1_dFzTW_377027", "financialYearStartMonth": "7", "resourceGroups": {"costCenters": ["93f540cd-8804-4e93-928a-a48ebf52f7e1"]}, "systemEstimate": true, "budgetAlert": {"configuration": {"monthly": [{"thresholdPercent": 70, "isDisabled": false}], "quarterly": [{"thresholdPercent": 77, "isDisabled": false}], "yearly": [{"thresholdPercent": 87, "isDisabled": false}]}, "recipients": ["sspuser1@systest.nutanix.com"], "isDisabled": false}}
2026-02-07 08:58:38 - create_budget - INFO - [API RESPONSE] POST https://ncm.services.nconprem-10-53-60-173.ccpnx.com/v1/cg/global/budgets
2026-02-07 08:58:38 - create_budget - INFO - [STATUS CODE] 400
2026-02-07 08:58:38 - create_budget - INFO - [TIME TAKEN] 0.3798 seconds (379.82 ms)
2026-02-07 08:58:38 - create_budget - INFO - [RESPONSE CONTENT-TYPE] application/json
2026-02-07 08:58:38 - create_budget - INFO - [RESPONSE PAYLOAD]
{
  "errorCode": 990016,
  "errorMessage": "Budget Already exists for the given session or Budget overlaps with an Expired Budget of same resource group"
}
2026-02-07 08:58:38 - create_budget - ERROR - ✗ Failed to create budget 'budget_1_CC_HomePC_Account_193e1_ahv_0-251004-123951_key1_dFzTW_ahv_0-251004-123951_value1_1_dFzTW_377027': HTTP 400 - {'errorCode': 990016, 'errorMessage': 'Budget Already exists for the given session or Budget overlaps with an Expired Budget of same resource group'}
2026-02-07 08:58:38 - create_budget - INFO - [212/301] Creating BU budget: budget_1_Business_Unit_44
2026-02-07 08:58:38 - create_budget - INFO - [API REQUEST] POST https://ncm.services.nconprem-10-53-60-173.ccpnx.com/v1/cg/global/budgets
2026-02-07 08:58:38 - create_budget - INFO - [REQUEST DATA PAYLOAD] {"budgetName": "budget_1_Business_Unit_44", "financialYearStartMonth": "6", "resourceGroups": {"businessUnit": ["32a430aa-d72d-43a9-97fb-5fe718e16cf5"]}, "systemEstimate": true, "budgetAlert": {"configuration": {"monthly": [{"thresholdPercent": 67, "isDisabled": false}], "quarterly": [{"thresholdPercent": 76, "isDisabled": false}], "yearly": [{"thresholdPercent": 95, "isDisabled": false}]}, "recipients": ["sspuser1@systest.nutanix.com"], "isDisabled": false}}
2026-02-07 08:58:39 - create_budget - INFO - [API RESPONSE] POST https://ncm.services.nconprem-10-53-60-173.ccpnx.com/v1/cg/global/budgets
2026-02-07 08:58:39 - create_budget - INFO - [STATUS CODE] 500
2026-02-07 08:58:39 - create_budget - INFO - [TIME TAKEN] 0.3170 seconds (317.03 ms)
2026-02-07 08:58:39 - create_budget - INFO - [RESPONSE CONTENT-TYPE] application/json
2026-02-07 08:58:39 - create_budget - INFO - [RESPONSE PAYLOAD]
{
  "errorCode": 990020,
  "errorMessage": "The system encountered an internal error. If the issue persists, please reach out to our support."
}
2026-02-07 08:58:39 - create_budget - ERROR - ✗ Failed to create budget 'budget_1_Business_Unit_44': HTTP 500 - {'errorCode': 990020, 'errorMessage': 'The system encountered an internal error. If the issue persists, please reach out to our support.'}
2026-02-07 08:58:39 - create_budget - INFO - [213/301] Creating CC budget: budget_1_CC_HomePC_Account_193e1_ahv_0-251004-124004_key1_Sbu5J_ahv_0-251004-124004_value1_1_Sbu5J_377027
2026-02-07 08:58:39 - create_budget - INFO - [API REQUEST] POST https://ncm.services.nconprem-10-53-60-173.ccpnx.com/v1/cg/global/budgets
2026-02-07 08:58:39 - create_budget - INFO - [REQUEST DATA PAYLOAD] {"budgetName": "budget_1_CC_HomePC_Account_193e1_ahv_0-251004-124004_key1_Sbu5J_ahv_0-251004-124004_value1_1_Sbu5J_377027", "financialYearStartMonth": "5", "resourceGroups": {"costCenters": ["b3241c71-c0fc-481f-9006-b81c10981ab3"]}, "systemEstimate": true, "budgetAlert": {"configuration": {"monthly": [{"thresholdPercent": 69, "isDisabled": false}], "quarterly": [{"thresholdPercent": 79, "isDisabled": false}], "yearly": [{"thresholdPercent": 90, "isDisabled": false}]}, "recipients": ["sspuser1@systest.nutanix.com"], "isDisabled": false}}
2026-02-07 08:58:39 - create_budget - INFO - [API RESPONSE] POST https://ncm.services.nconprem-10-53-60-173.ccpnx.com/v1/cg/global/budgets
2026-02-07 08:58:39 - create_budget - INFO - [STATUS CODE] 400
2026-02-07 08:58:39 - create_budget - INFO - [TIME TAKEN] 0.6393 seconds (639.35 ms)
2026-02-07 08:58:39 - create_budget - INFO - [RESPONSE CONTENT-TYPE] application/json
2026-02-07 08:58:39 - create_budget - INFO - [RESPONSE PAYLOAD]
{
  "errorCode": 990016,
  "errorMessage": "Budget Already exists for the given session or Budget overlaps with an Expired Budget of same resource group"
}
2026-02-07 08:58:39 - create_budget - ERROR - ✗ Failed to create budget 'budget_1_CC_HomePC_Account_193e1_ahv_0-251004-124004_key1_Sbu5J_ahv_0-251004-124004_value1_1_Sbu5J_377027': HTTP 400 - {'errorCode': 990016, 'errorMessage': 'Budget Already exists for the given session or Budget overlaps with an Expired Budget of same resource group'}
2026-02-07 08:58:39 - create_budget - INFO - [214/301] Creating CC budget: budget_1_CC_HomePC_Account_193e1_ahv_0-251004-124037_key1_nOHmh_ahv_0-251004-124037_value1_1_nOHmh_377027
2026-02-07 08:58:39 - create_budget - INFO - [API REQUEST] POST https://ncm.services.nconprem-10-53-60-173.ccpnx.com/v1/cg/global/budgets
2026-02-07 08:58:39 - create_budget - INFO - [REQUEST DATA PAYLOAD] {"budgetName": "budget_1_CC_HomePC_Account_193e1_ahv_0-251004-124037_key1_nOHmh_ahv_0-251004-124037_value1_1_nOHmh_377027", "financialYearStartMonth": "1", "resourceGroups": {"costCenters": ["c0320dc0-c569-4735-aff2-7ef321df36d2"]}, "systemEstimate": true, "budgetAlert": {"configuration": {"monthly": [{"thresholdPercent": 75, "isDisabled": false}], "quarterly": [{"thresholdPercent": 81, "isDisabled": false}], "yearly": [{"thresholdPercent": 94, "isDisabled": false}]}, "recipients": ["sspuser1@systest.nutanix.com"], "isDisabled": false}}
2026-02-07 08:58:39 - create_budget - INFO - [API RESPONSE] POST https://ncm.services.nconprem-10-53-60-173.ccpnx.com/v1/cg/global/budgets
2026-02-07 08:58:39 - create_budget - INFO - [STATUS CODE] 400
2026-02-07 08:58:39 - create_budget - INFO - [TIME TAKEN] 0.2879 seconds (287.91 ms)
2026-02-07 08:58:39 - create_budget - INFO - [RESPONSE CONTENT-TYPE] application/json
2026-02-07 08:58:39 - create_budget - INFO - [RESPONSE PAYLOAD]
{
  "errorCode": 990016,
  "errorMessage": "Budget Already exists for the given session or Budget overlaps with an Expired Budget of same resource group"
}
2026-02-07 08:58:39 - create_budget - ERROR - ✗ Failed to create budget 'budget_1_CC_HomePC_Account_193e1_ahv_0-251004-124037_key1_nOHmh_ahv_0-251004-124037_value1_1_nOHmh_377027': HTTP 400 - {'errorCode': 990016, 'errorMessage': 'Budget Already exists for the given session or Budget overlaps with an Expired Budget of same resource group'}
2026-02-07 08:58:39 - create_budget - INFO - [215/301] Creating CC budget: budget_1_CC_HomePC_Account_193e1_ahv_0-251004-124010_key1_eknPl_ahv_0-251004-124010_value1_1_eknPl_377027
2026-02-07 08:58:39 - create_budget - INFO - [API REQUEST] POST https://ncm.services.nconprem-10-53-60-173.ccpnx.com/v1/cg/global/budgets
2026-02-07 08:58:39 - create_budget - INFO - [REQUEST DATA PAYLOAD] {"budgetName": "budget_1_CC_HomePC_Account_193e1_ahv_0-251004-124010_key1_eknPl_ahv_0-251004-124010_value1_1_eknPl_377027", "financialYearStartMonth": "4", "resourceGroups": {"costCenters": ["337cd4c2-b3b7-40c0-bfea-234d858c7658"]}, "systemEstimate": true, "budgetAlert": {"configuration": {"monthly": [{"thresholdPercent": 69, "isDisabled": false}], "quarterly": [{"thresholdPercent": 82, "isDisabled": false}], "yearly": [{"thresholdPercent": 93, "isDisabled": false}]}, "recipients": ["sspuser1@systest.nutanix.com"], "isDisabled": false}}
2026-02-07 08:58:40 - create_budget - INFO - [API RESPONSE] POST https://ncm.services.nconprem-10-53-60-173.ccpnx.com/v1/cg/global/budgets
2026-02-07 08:58:40 - create_budget - INFO - [STATUS CODE] 400
2026-02-07 08:58:40 - create_budget - INFO - [TIME TAKEN] 0.2697 seconds (269.69 ms)
2026-02-07 08:58:40 - create_budget - INFO - [RESPONSE CONTENT-TYPE] application/json
2026-02-07 08:58:40 - create_budget - INFO - [RESPONSE PAYLOAD]
{
  "errorCode": 990016,
  "errorMessage": "Budget Already exists for the given session or Budget overlaps with an Expired Budget of same resource group"
}
2026-02-07 08:58:40 - create_budget - ERROR - ✗ Failed to create budget 'budget_1_CC_HomePC_Account_193e1_ahv_0-251004-124010_key1_eknPl_ahv_0-251004-124010_value1_1_eknPl_377027': HTTP 400 - {'errorCode': 990016, 'errorMessage': 'Budget Already exists for the given session or Budget overlaps with an Expired Budget of same resource group'}
2026-02-07 08:58:40 - create_budget - INFO - [216/301] Creating CC budget: budget_1_CC_HomePC_Account_193e1_ahv_0-251004-124014_key1_YeKDR_ahv_0-251004-124014_value1_2_YeKDR_377027
2026-02-07 08:58:40 - create_budget - INFO - [API REQUEST] POST https://ncm.services.nconprem-10-53-60-173.ccpnx.com/v1/cg/global/budgets
2026-02-07 08:58:40 - create_budget - INFO - [REQUEST DATA PAYLOAD] {"budgetName": "budget_1_CC_HomePC_Account_193e1_ahv_0-251004-124014_key1_YeKDR_ahv_0-251004-124014_value1_2_YeKDR_377027", "financialYearStartMonth": "4", "resourceGroups": {"costCenters": ["5330e26a-32e3-4df3-ba20-90c365df13c7"]}, "systemEstimate": true, "budgetAlert": {"configuration": {"monthly": [{"thresholdPercent": 73, "isDisabled": false}], "quarterly": [{"thresholdPercent": 78, "isDisabled": false}], "yearly": [{"thresholdPercent": 92, "isDisabled": false}]}, "recipients": ["sspuser1@systest.nutanix.com"], "isDisabled": false}}
2026-02-07 08:58:40 - create_budget - INFO - [API RESPONSE] POST https://ncm.services.nconprem-10-53-60-173.ccpnx.com/v1/cg/global/budgets
2026-02-07 08:58:40 - create_budget - INFO - [STATUS CODE] 400
2026-02-07 08:58:40 - create_budget - INFO - [TIME TAKEN] 0.4053 seconds (405.33 ms)
2026-02-07 08:58:40 - create_budget - INFO - [RESPONSE CONTENT-TYPE] application/json
2026-02-07 08:58:40 - create_budget - INFO - [RESPONSE PAYLOAD]
{
  "errorCode": 990016,
  "errorMessage": "Budget Already exists for the given session or Budget overlaps with an Expired Budget of same resource group"
}
2026-02-07 08:58:40 - create_budget - ERROR - ✗ Failed to create budget 'budget_1_CC_HomePC_Account_193e1_ahv_0-251004-124014_key1_YeKDR_ahv_0-251004-124014_value1_2_YeKDR_377027': HTTP 400 - {'errorCode': 990016, 'errorMessage': 'Budget Already exists for the given session or Budget overlaps with an Expired Budget of same resource group'}
2026-02-07 08:58:40 - create_budget - INFO - [217/301] Creating CC budget: budget_1_CC_HomePC_Account_193e1_ahv_0-251004-124042_key1_dY74l_ahv_0-251004-124042_value1_5_dY74l_377027
2026-02-07 08:58:40 - create_budget - INFO - [API REQUEST] POST https://ncm.services.nconprem-10-53-60-173.ccpnx.com/v1/cg/global/budgets
2026-02-07 08:58:40 - create_budget - INFO - [REQUEST DATA PAYLOAD] {"budgetName": "budget_1_CC_HomePC_Account_193e1_ahv_0-251004-124042_key1_dY74l_ahv_0-251004-124042_value1_5_dY74l_377027", "financialYearStartMonth": "8", "resourceGroups": {"costCenters": ["47aaeed6-0053-4e07-9d0e-f7ec69b6ae8f"]}, "systemEstimate": true, "budgetAlert": {"configuration": {"monthly": [{"thresholdPercent": 67, "isDisabled": false}], "quarterly": [{"thresholdPercent": 81, "isDisabled": false}], "yearly": [{"thresholdPercent": 93, "isDisabled": false}]}, "recipients": ["sspuser1@systest.nutanix.com"], "isDisabled": false}}
2026-02-07 08:58:40 - create_budget - INFO - [API RESPONSE] POST https://ncm.services.nconprem-10-53-60-173.ccpnx.com/v1/cg/global/budgets
2026-02-07 08:58:40 - create_budget - INFO - [STATUS CODE] 400
2026-02-07 08:58:40 - create_budget - INFO - [TIME TAKEN] 0.2731 seconds (273.05 ms)
2026-02-07 08:58:40 - create_budget - INFO - [RESPONSE CONTENT-TYPE] application/json
2026-02-07 08:58:40 - create_budget - INFO - [RESPONSE PAYLOAD]
{
  "errorCode": 990016,
  "errorMessage": "Budget Already exists for the given session or Budget overlaps with an Expired Budget of same resource group"
}
2026-02-07 08:58:40 - create_budget - ERROR - ✗ Failed to create budget 'budget_1_CC_HomePC_Account_193e1_ahv_0-251004-124042_key1_dY74l_ahv_0-251004-124042_value1_5_dY74l_377027': HTTP 400 - {'errorCode': 990016, 'errorMessage': 'Budget Already exists for the given session or Budget overlaps with an Expired Budget of same resource group'}
2026-02-07 08:58:40 - create_budget - INFO - [218/301] Creating BU budget: budget_1_Business_Unit_45
2026-02-07 08:58:40 - create_budget - INFO - [API REQUEST] POST https://ncm.services.nconprem-10-53-60-173.ccpnx.com/v1/cg/global/budgets
2026-02-07 08:58:40 - create_budget - INFO - [REQUEST DATA PAYLOAD] {"budgetName": "budget_1_Business_Unit_45", "financialYearStartMonth": "1", "resourceGroups": {"businessUnit": ["d0838fc2-c274-4f59-8951-c2fdf6376a1f"]}, "systemEstimate": true, "budgetAlert": {"configuration": {"monthly": [{"thresholdPercent": 75, "isDisabled": false}], "quarterly": [{"thresholdPercent": 78, "isDisabled": false}], "yearly": [{"thresholdPercent": 95, "isDisabled": false}]}, "recipients": ["sspuser1@systest.nutanix.com"], "isDisabled": false}}
2026-02-07 08:58:41 - create_budget - INFO - [API RESPONSE] POST https://ncm.services.nconprem-10-53-60-173.ccpnx.com/v1/cg/global/budgets
2026-02-07 08:58:41 - create_budget - INFO - [STATUS CODE] 500
2026-02-07 08:58:41 - create_budget - INFO - [TIME TAKEN] 0.2974 seconds (297.38 ms)
2026-02-07 08:58:41 - create_budget - INFO - [RESPONSE CONTENT-TYPE] application/json
2026-02-07 08:58:41 - create_budget - INFO - [RESPONSE PAYLOAD]
{
  "errorCode": 990020,
  "errorMessage": "The system encountered an internal error. If the issue persists, please reach out to our support."
}
2026-02-07 08:58:41 - create_budget - ERROR - ✗ Failed to create budget 'budget_1_Business_Unit_45': HTTP 500 - {'errorCode': 990020, 'errorMessage': 'The system encountered an internal error. If the issue persists, please reach out to our support.'}
2026-02-07 08:58:41 - create_budget - INFO - [219/301] Creating CC budget: budget_1_CC_HomePC_Account_193e1_ahv_0-251004-124118_key1_6iKcc_ahv_0-251004-124118_value1_1_6iKcc_377027
2026-02-07 08:58:41 - create_budget - INFO - [API REQUEST] POST https://ncm.services.nconprem-10-53-60-173.ccpnx.com/v1/cg/global/budgets
2026-02-07 08:58:41 - create_budget - INFO - [REQUEST DATA PAYLOAD] {"budgetName": "budget_1_CC_HomePC_Account_193e1_ahv_0-251004-124118_key1_6iKcc_ahv_0-251004-124118_value1_1_6iKcc_377027", "financialYearStartMonth": "8", "resourceGroups": {"costCenters": ["49f250f8-e8bc-4d38-97a0-0cfef5a089d7"]}, "systemEstimate": true, "budgetAlert": {"configuration": {"monthly": [{"thresholdPercent": 70, "isDisabled": false}], "quarterly": [{"thresholdPercent": 78, "isDisabled": false}], "yearly": [{"thresholdPercent": 94, "isDisabled": false}]}, "recipients": ["sspuser1@systest.nutanix.com"], "isDisabled": false}}
2026-02-07 08:58:41 - create_budget - INFO - [API RESPONSE] POST https://ncm.services.nconprem-10-53-60-173.ccpnx.com/v1/cg/global/budgets
2026-02-07 08:58:41 - create_budget - INFO - [STATUS CODE] 400
2026-02-07 08:58:41 - create_budget - INFO - [TIME TAKEN] 0.2612 seconds (261.15 ms)
2026-02-07 08:58:41 - create_budget - INFO - [RESPONSE CONTENT-TYPE] application/json
2026-02-07 08:58:41 - create_budget - INFO - [RESPONSE PAYLOAD]
{
  "errorCode": 990016,
  "errorMessage": "Budget Already exists for the given session or Budget overlaps with an Expired Budget of same resource group"
}
2026-02-07 08:58:41 - create_budget - ERROR - ✗ Failed to create budget 'budget_1_CC_HomePC_Account_193e1_ahv_0-251004-124118_key1_6iKcc_ahv_0-251004-124118_value1_1_6iKcc_377027': HTTP 400 - {'errorCode': 990016, 'errorMessage': 'Budget Already exists for the given session or Budget overlaps with an Expired Budget of same resource group'}
2026-02-07 08:58:41 - create_budget - INFO - [220/301] Creating CC budget: budget_1_CC_HomePC_Account_193e1_ahv_0-251004-124045_key1_C6ZAP_ahv_0-251004-124045_value1_1_C6ZAP_377027
2026-02-07 08:58:41 - create_budget - INFO - [API REQUEST] POST https://ncm.services.nconprem-10-53-60-173.ccpnx.com/v1/cg/global/budgets
2026-02-07 08:58:41 - create_budget - INFO - [REQUEST DATA PAYLOAD] {"budgetName": "budget_1_CC_HomePC_Account_193e1_ahv_0-251004-124045_key1_C6ZAP_ahv_0-251004-124045_value1_1_C6ZAP_377027", "financialYearStartMonth": "12", "resourceGroups": {"costCenters": ["defdab01-c7fa-4acc-8a90-00f0ddfbf6f3"]}, "systemEstimate": true, "budgetAlert": {"configuration": {"monthly": [{"thresholdPercent": 71, "isDisabled": false}], "quarterly": [{"thresholdPercent": 83, "isDisabled": false}], "yearly": [{"thresholdPercent": 91, "isDisabled": false}]}, "recipients": ["sspuser1@systest.nutanix.com"], "isDisabled": false}}
2026-02-07 08:58:41 - create_budget - INFO - [API RESPONSE] POST https://ncm.services.nconprem-10-53-60-173.ccpnx.com/v1/cg/global/budgets
2026-02-07 08:58:41 - create_budget - INFO - [STATUS CODE] 400
2026-02-07 08:58:41 - create_budget - INFO - [TIME TAKEN] 0.3357 seconds (335.74 ms)
2026-02-07 08:58:41 - create_budget - INFO - [RESPONSE CONTENT-TYPE] application/json
2026-02-07 08:58:41 - create_budget - INFO - [RESPONSE PAYLOAD]
{
  "errorCode": 990016,
  "errorMessage": "Budget Already exists for the given session or Budget overlaps with an Expired Budget of same resource group"
}
2026-02-07 08:58:41 - create_budget - ERROR - ✗ Failed to create budget 'budget_1_CC_HomePC_Account_193e1_ahv_0-251004-124045_key1_C6ZAP_ahv_0-251004-124045_value1_1_C6ZAP_377027': HTTP 400 - {'errorCode': 990016, 'errorMessage': 'Budget Already exists for the given session or Budget overlaps with an Expired Budget of same resource group'}
2026-02-07 08:58:41 - create_budget - INFO - [221/301] Creating CC budget: budget_1_CC_HomePC_Account_193e1_ahv_0-251004-124102_key1_rru4X_ahv_0-251004-124102_value1_1_rru4X_377027
2026-02-07 08:58:41 - create_budget - INFO - [API REQUEST] POST https://ncm.services.nconprem-10-53-60-173.ccpnx.com/v1/cg/global/budgets
2026-02-07 08:58:41 - create_budget - INFO - [REQUEST DATA PAYLOAD] {"budgetName": "budget_1_CC_HomePC_Account_193e1_ahv_0-251004-124102_key1_rru4X_ahv_0-251004-124102_value1_1_rru4X_377027", "financialYearStartMonth": "4", "resourceGroups": {"costCenters": ["e2f30378-c38e-4dc0-ba24-d104c2fc3143"]}, "systemEstimate": true, "budgetAlert": {"configuration": {"monthly": [{"thresholdPercent": 72, "isDisabled": false}], "quarterly": [{"thresholdPercent": 75, "isDisabled": false}], "yearly": [{"thresholdPercent": 86, "isDisabled": false}]}, "recipients": ["sspuser1@systest.nutanix.com"], "isDisabled": false}}
2026-02-07 08:58:42 - create_budget - INFO - [API RESPONSE] POST https://ncm.services.nconprem-10-53-60-173.ccpnx.com/v1/cg/global/budgets
2026-02-07 08:58:42 - create_budget - INFO - [STATUS CODE] 400
2026-02-07 08:58:42 - create_budget - INFO - [TIME TAKEN] 0.3641 seconds (364.10 ms)
2026-02-07 08:58:42 - create_budget - INFO - [RESPONSE CONTENT-TYPE] application/json
2026-02-07 08:58:42 - create_budget - INFO - [RESPONSE PAYLOAD]
{
  "errorCode": 990016,
  "errorMessage": "Budget Already exists for the given session or Budget overlaps with an Expired Budget of same resource group"
}
2026-02-07 08:58:42 - create_budget - ERROR - ✗ Failed to create budget 'budget_1_CC_HomePC_Account_193e1_ahv_0-251004-124102_key1_rru4X_ahv_0-251004-124102_value1_1_rru4X_377027': HTTP 400 - {'errorCode': 990016, 'errorMessage': 'Budget Already exists for the given session or Budget overlaps with an Expired Budget of same resource group'}
2026-02-07 08:58:42 - create_budget - INFO - [222/301] Creating CC budget: budget_1_CC_HomePC_Account_193e1_ahv_0-251004-124052_key1_cRT67_ahv_0-251004-124052_value1_3_cRT67_377027
2026-02-07 08:58:42 - create_budget - INFO - [API REQUEST] POST https://ncm.services.nconprem-10-53-60-173.ccpnx.com/v1/cg/global/budgets
2026-02-07 08:58:42 - create_budget - INFO - [REQUEST DATA PAYLOAD] {"budgetName": "budget_1_CC_HomePC_Account_193e1_ahv_0-251004-124052_key1_cRT67_ahv_0-251004-124052_value1_3_cRT67_377027", "financialYearStartMonth": "1", "resourceGroups": {"costCenters": ["cbc1d346-00c3-44fb-9fea-36c066bc372c"]}, "systemEstimate": true, "budgetAlert": {"configuration": {"monthly": [{"thresholdPercent": 73, "isDisabled": false}], "quarterly": [{"thresholdPercent": 75, "isDisabled": false}], "yearly": [{"thresholdPercent": 87, "isDisabled": false}]}, "recipients": ["sspuser1@systest.nutanix.com"], "isDisabled": false}}
2026-02-07 08:58:42 - create_budget - INFO - [API RESPONSE] POST https://ncm.services.nconprem-10-53-60-173.ccpnx.com/v1/cg/global/budgets
2026-02-07 08:58:42 - create_budget - INFO - [STATUS CODE] 400
2026-02-07 08:58:42 - create_budget - INFO - [TIME TAKEN] 0.5479 seconds (547.92 ms)
2026-02-07 08:58:42 - create_budget - INFO - [RESPONSE CONTENT-TYPE] application/json
2026-02-07 08:58:42 - create_budget - INFO - [RESPONSE PAYLOAD]
{
  "errorCode": 990016,
  "errorMessage": "Budget Already exists for the given session or Budget overlaps with an Expired Budget of same resource group"
}
2026-02-07 08:58:42 - create_budget - ERROR - ✗ Failed to create budget 'budget_1_CC_HomePC_Account_193e1_ahv_0-251004-124052_key1_cRT67_ahv_0-251004-124052_value1_3_cRT67_377027': HTTP 400 - {'errorCode': 990016, 'errorMessage': 'Budget Already exists for the given session or Budget overlaps with an Expired Budget of same resource group'}
2026-02-07 08:58:42 - create_budget - INFO - [223/301] Creating CC budget: budget_1_CC_HomePC_Account_193e1_ahv_0-251004-124125_key1_aiLCS_ahv_0-251004-124125_value1_1_aiLCS_377027
2026-02-07 08:58:42 - create_budget - INFO - [API REQUEST] POST https://ncm.services.nconprem-10-53-60-173.ccpnx.com/v1/cg/global/budgets
2026-02-07 08:58:42 - create_budget - INFO - [REQUEST DATA PAYLOAD] {"budgetName": "budget_1_CC_HomePC_Account_193e1_ahv_0-251004-124125_key1_aiLCS_ahv_0-251004-124125_value1_1_aiLCS_377027", "financialYearStartMonth": "12", "resourceGroups": {"costCenters": ["6b1a805a-86fe-4b60-ba10-96af36a02385"]}, "systemEstimate": true, "budgetAlert": {"configuration": {"monthly": [{"thresholdPercent": 74, "isDisabled": false}], "quarterly": [{"thresholdPercent": 82, "isDisabled": false}], "yearly": [{"thresholdPercent": 94, "isDisabled": false}]}, "recipients": ["sspuser1@systest.nutanix.com"], "isDisabled": false}}
2026-02-07 08:58:43 - create_budget - INFO - [API RESPONSE] POST https://ncm.services.nconprem-10-53-60-173.ccpnx.com/v1/cg/global/budgets
2026-02-07 08:58:43 - create_budget - INFO - [STATUS CODE] 400
2026-02-07 08:58:43 - create_budget - INFO - [TIME TAKEN] 0.3427 seconds (342.74 ms)
2026-02-07 08:58:43 - create_budget - INFO - [RESPONSE CONTENT-TYPE] application/json
2026-02-07 08:58:43 - create_budget - INFO - [RESPONSE PAYLOAD]
{
  "errorCode": 990016,
  "errorMessage": "Budget Already exists for the given session or Budget overlaps with an Expired Budget of same resource group"
}
2026-02-07 08:58:43 - create_budget - ERROR - ✗ Failed to create budget 'budget_1_CC_HomePC_Account_193e1_ahv_0-251004-124125_key1_aiLCS_ahv_0-251004-124125_value1_1_aiLCS_377027': HTTP 400 - {'errorCode': 990016, 'errorMessage': 'Budget Already exists for the given session or Budget overlaps with an Expired Budget of same resource group'}
2026-02-07 08:58:43 - create_budget - INFO - [224/301] Creating BU budget: budget_1_Business_Unit_46
2026-02-07 08:58:43 - create_budget - INFO - [API REQUEST] POST https://ncm.services.nconprem-10-53-60-173.ccpnx.com/v1/cg/global/budgets
2026-02-07 08:58:43 - create_budget - INFO - [REQUEST DATA PAYLOAD] {"budgetName": "budget_1_Business_Unit_46", "financialYearStartMonth": "6", "resourceGroups": {"businessUnit": ["747c560d-d86a-452a-96ce-b5b6094ecd8c"]}, "systemEstimate": true, "budgetAlert": {"configuration": {"monthly": [{"thresholdPercent": 68, "isDisabled": false}], "quarterly": [{"thresholdPercent": 81, "isDisabled": false}], "yearly": [{"thresholdPercent": 87, "isDisabled": false}]}, "recipients": ["sspuser1@systest.nutanix.com"], "isDisabled": false}}
2026-02-07 08:58:43 - create_budget - INFO - [API RESPONSE] POST https://ncm.services.nconprem-10-53-60-173.ccpnx.com/v1/cg/global/budgets
2026-02-07 08:58:43 - create_budget - INFO - [STATUS CODE] 500
2026-02-07 08:58:43 - create_budget - INFO - [TIME TAKEN] 0.2504 seconds (250.38 ms)
2026-02-07 08:58:43 - create_budget - INFO - [RESPONSE CONTENT-TYPE] application/json
2026-02-07 08:58:43 - create_budget - INFO - [RESPONSE PAYLOAD]
{
  "errorCode": 990020,
  "errorMessage": "The system encountered an internal error. If the issue persists, please reach out to our support."
}
2026-02-07 08:58:43 - create_budget - ERROR - ✗ Failed to create budget 'budget_1_Business_Unit_46': HTTP 500 - {'errorCode': 990020, 'errorMessage': 'The system encountered an internal error. If the issue persists, please reach out to our support.'}
2026-02-07 08:58:43 - create_budget - INFO - [225/301] Creating CC budget: budget_1_CC_HomePC_Account_193e1_ahv_0-251004-124126_key1_JJLYq_ahv_0-251004-124126_value1_3_JJLYq_377027
2026-02-07 08:58:43 - create_budget - INFO - [API REQUEST] POST https://ncm.services.nconprem-10-53-60-173.ccpnx.com/v1/cg/global/budgets
2026-02-07 08:58:43 - create_budget - INFO - [REQUEST DATA PAYLOAD] {"budgetName": "budget_1_CC_HomePC_Account_193e1_ahv_0-251004-124126_key1_JJLYq_ahv_0-251004-124126_value1_3_JJLYq_377027", "financialYearStartMonth": "1", "resourceGroups": {"costCenters": ["9ee04ffe-7ac7-42df-a712-f242bcff411e"]}, "systemEstimate": true, "budgetAlert": {"configuration": {"monthly": [{"thresholdPercent": 70, "isDisabled": false}], "quarterly": [{"thresholdPercent": 80, "isDisabled": false}], "yearly": [{"thresholdPercent": 92, "isDisabled": false}]}, "recipients": ["sspuser1@systest.nutanix.com"], "isDisabled": false}}
2026-02-07 08:58:43 - create_budget - INFO - [API RESPONSE] POST https://ncm.services.nconprem-10-53-60-173.ccpnx.com/v1/cg/global/budgets
2026-02-07 08:58:43 - create_budget - INFO - [STATUS CODE] 400
2026-02-07 08:58:43 - create_budget - INFO - [TIME TAKEN] 0.3768 seconds (376.84 ms)
2026-02-07 08:58:43 - create_budget - INFO - [RESPONSE CONTENT-TYPE] application/json
2026-02-07 08:58:43 - create_budget - INFO - [RESPONSE PAYLOAD]
{
  "errorCode": 990016,
  "errorMessage": "Budget Already exists for the given session or Budget overlaps with an Expired Budget of same resource group"
}
2026-02-07 08:58:43 - create_budget - ERROR - ✗ Failed to create budget 'budget_1_CC_HomePC_Account_193e1_ahv_0-251004-124126_key1_JJLYq_ahv_0-251004-124126_value1_3_JJLYq_377027': HTTP 400 - {'errorCode': 990016, 'errorMessage': 'Budget Already exists for the given session or Budget overlaps with an Expired Budget of same resource group'}
2026-02-07 08:58:43 - create_budget - INFO - [226/301] Creating CC budget: budget_1_CC_HomePC_Account_193e1_ahv_0-251004-124155_key1_AFmGW_ahv_0-251004-124155_value1_3_AFmGW_377027
2026-02-07 08:58:43 - create_budget - INFO - [API REQUEST] POST https://ncm.services.nconprem-10-53-60-173.ccpnx.com/v1/cg/global/budgets
2026-02-07 08:58:43 - create_budget - INFO - [REQUEST DATA PAYLOAD] {"budgetName": "budget_1_CC_HomePC_Account_193e1_ahv_0-251004-124155_key1_AFmGW_ahv_0-251004-124155_value1_3_AFmGW_377027", "financialYearStartMonth": "6", "resourceGroups": {"costCenters": ["6cb6408e-27bd-4322-9f11-b61c68a56e6a"]}, "systemEstimate": true, "budgetAlert": {"configuration": {"monthly": [{"thresholdPercent": 65, "isDisabled": false}], "quarterly": [{"thresholdPercent": 79, "isDisabled": false}], "yearly": [{"thresholdPercent": 89, "isDisabled": false}]}, "recipients": ["sspuser1@systest.nutanix.com"], "isDisabled": false}}
2026-02-07 08:58:44 - create_budget - INFO - [API RESPONSE] POST https://ncm.services.nconprem-10-53-60-173.ccpnx.com/v1/cg/global/budgets
2026-02-07 08:58:44 - create_budget - INFO - [STATUS CODE] 400
2026-02-07 08:58:44 - create_budget - INFO - [TIME TAKEN] 0.3439 seconds (343.87 ms)
2026-02-07 08:58:44 - create_budget - INFO - [RESPONSE CONTENT-TYPE] application/json
2026-02-07 08:58:44 - create_budget - INFO - [RESPONSE PAYLOAD]
{
  "errorCode": 990016,
  "errorMessage": "Budget Already exists for the given session or Budget overlaps with an Expired Budget of same resource group"
}
2026-02-07 08:58:44 - create_budget - ERROR - ✗ Failed to create budget 'budget_1_CC_HomePC_Account_193e1_ahv_0-251004-124155_key1_AFmGW_ahv_0-251004-124155_value1_3_AFmGW_377027': HTTP 400 - {'errorCode': 990016, 'errorMessage': 'Budget Already exists for the given session or Budget overlaps with an Expired Budget of same resource group'}
2026-02-07 08:58:44 - create_budget - INFO - [227/301] Creating CC budget: budget_1_CC_HomePC_Account_193e1_ahv_0-251004-124219_key1_5URFg_ahv_0-251004-124219_value1_1_5URFg_719673
2026-02-07 08:58:44 - create_budget - INFO - [API REQUEST] POST https://ncm.services.nconprem-10-53-60-173.ccpnx.com/v1/cg/global/budgets
2026-02-07 08:58:44 - create_budget - INFO - [REQUEST DATA PAYLOAD] {"budgetName": "budget_1_CC_HomePC_Account_193e1_ahv_0-251004-124219_key1_5URFg_ahv_0-251004-124219_value1_1_5URFg_719673", "financialYearStartMonth": "6", "resourceGroups": {"costCenters": ["7db37723-a250-4ca3-813f-7a443319b63f"]}, "systemEstimate": true, "budgetAlert": {"configuration": {"monthly": [{"thresholdPercent": 65, "isDisabled": false}], "quarterly": [{"thresholdPercent": 85, "isDisabled": false}], "yearly": [{"thresholdPercent": 91, "isDisabled": false}]}, "recipients": ["sspuser1@systest.nutanix.com"], "isDisabled": false}}
2026-02-07 08:58:44 - create_budget - INFO - [API RESPONSE] POST https://ncm.services.nconprem-10-53-60-173.ccpnx.com/v1/cg/global/budgets
2026-02-07 08:58:44 - create_budget - INFO - [STATUS CODE] 200
2026-02-07 08:58:44 - create_budget - INFO - [TIME TAKEN] 0.3250 seconds (324.97 ms)
2026-02-07 08:58:44 - create_budget - INFO - [RESPONSE CONTENT-TYPE] application/json
2026-02-07 08:58:44 - create_budget - INFO - [RESPONSE PAYLOAD]
{
  "budgetId": "ef420f9b-f3f6-42ad-a5c4-f870972da4a3"
}
2026-02-07 08:58:44 - create_budget - INFO - ✓ Created budget: budget_1_CC_HomePC_Account_193e1_ahv_0-251004-124219_key1_5URFg_ahv_0-251004-124219_value1_1_5URFg_719673
2026-02-07 08:58:44 - create_budget - INFO - [228/301] Creating CC budget: budget_1_CC_HomePC_Account_193e1_ahv_0-251004-124137_key1_4XjvR_ahv_0-251004-124137_value1_1_4XjvR_377027
2026-02-07 08:58:44 - create_budget - INFO - [API REQUEST] POST https://ncm.services.nconprem-10-53-60-173.ccpnx.com/v1/cg/global/budgets
2026-02-07 08:58:44 - create_budget - INFO - [REQUEST DATA PAYLOAD] {"budgetName": "budget_1_CC_HomePC_Account_193e1_ahv_0-251004-124137_key1_4XjvR_ahv_0-251004-124137_value1_1_4XjvR_377027", "financialYearStartMonth": "2", "resourceGroups": {"costCenters": ["867319b3-021f-431d-8e12-3042655a9d4e"]}, "systemEstimate": true, "budgetAlert": {"configuration": {"monthly": [{"thresholdPercent": 71, "isDisabled": false}], "quarterly": [{"thresholdPercent": 82, "isDisabled": false}], "yearly": [{"thresholdPercent": 90, "isDisabled": false}]}, "recipients": ["sspuser1@systest.nutanix.com"], "isDisabled": false}}
2026-02-07 08:58:44 - create_budget - INFO - [API RESPONSE] POST https://ncm.services.nconprem-10-53-60-173.ccpnx.com/v1/cg/global/budgets
2026-02-07 08:58:44 - create_budget - INFO - [STATUS CODE] 400
2026-02-07 08:58:44 - create_budget - INFO - [TIME TAKEN] 0.3627 seconds (362.73 ms)
2026-02-07 08:58:44 - create_budget - INFO - [RESPONSE CONTENT-TYPE] application/json
2026-02-07 08:58:44 - create_budget - INFO - [RESPONSE PAYLOAD]
{
  "errorCode": 990016,
  "errorMessage": "Budget Already exists for the given session or Budget overlaps with an Expired Budget of same resource group"
}
2026-02-07 08:58:44 - create_budget - ERROR - ✗ Failed to create budget 'budget_1_CC_HomePC_Account_193e1_ahv_0-251004-124137_key1_4XjvR_ahv_0-251004-124137_value1_1_4XjvR_377027': HTTP 400 - {'errorCode': 990016, 'errorMessage': 'Budget Already exists for the given session or Budget overlaps with an Expired Budget of same resource group'}
2026-02-07 08:58:44 - create_budget - INFO - [229/301] Creating CC budget: budget_1_CC_HomePC_Account_193e1_ahv_0-251004-124139_key1_ANBF3_ahv_0-251004-124139_value1_1_ANBF3_377027
2026-02-07 08:58:44 - create_budget - INFO - [API REQUEST] POST https://ncm.services.nconprem-10-53-60-173.ccpnx.com/v1/cg/global/budgets
2026-02-07 08:58:44 - create_budget - INFO - [REQUEST DATA PAYLOAD] {"budgetName": "budget_1_CC_HomePC_Account_193e1_ahv_0-251004-124139_key1_ANBF3_ahv_0-251004-124139_value1_1_ANBF3_377027", "financialYearStartMonth": "3", "resourceGroups": {"costCenters": ["2769a333-0163-449b-94bd-500b3af38a8a"]}, "systemEstimate": true, "budgetAlert": {"configuration": {"monthly": [{"thresholdPercent": 73, "isDisabled": false}], "quarterly": [{"thresholdPercent": 76, "isDisabled": false}], "yearly": [{"thresholdPercent": 91, "isDisabled": false}]}, "recipients": ["sspuser1@systest.nutanix.com"], "isDisabled": false}}
2026-02-07 08:58:45 - create_budget - INFO - [API RESPONSE] POST https://ncm.services.nconprem-10-53-60-173.ccpnx.com/v1/cg/global/budgets
2026-02-07 08:58:45 - create_budget - INFO - [STATUS CODE] 400
2026-02-07 08:58:45 - create_budget - INFO - [TIME TAKEN] 0.3142 seconds (314.23 ms)
2026-02-07 08:58:45 - create_budget - INFO - [RESPONSE CONTENT-TYPE] application/json
2026-02-07 08:58:45 - create_budget - INFO - [RESPONSE PAYLOAD]
{
  "errorCode": 990016,
  "errorMessage": "Budget Already exists for the given session or Budget overlaps with an Expired Budget of same resource group"
}
2026-02-07 08:58:45 - create_budget - ERROR - ✗ Failed to create budget 'budget_1_CC_HomePC_Account_193e1_ahv_0-251004-124139_key1_ANBF3_ahv_0-251004-124139_value1_1_ANBF3_377027': HTTP 400 - {'errorCode': 990016, 'errorMessage': 'Budget Already exists for the given session or Budget overlaps with an Expired Budget of same resource group'}
2026-02-07 08:58:45 - create_budget - INFO - [230/301] Creating BU budget: budget_1_Business_Unit_47
2026-02-07 08:58:45 - create_budget - INFO - [API REQUEST] POST https://ncm.services.nconprem-10-53-60-173.ccpnx.com/v1/cg/global/budgets
2026-02-07 08:58:45 - create_budget - INFO - [REQUEST DATA PAYLOAD] {"budgetName": "budget_1_Business_Unit_47", "financialYearStartMonth": "9", "resourceGroups": {"businessUnit": ["ef3f915c-f0db-4eb2-999f-aebaf79e69c0"]}, "systemEstimate": true, "budgetAlert": {"configuration": {"monthly": [{"thresholdPercent": 75, "isDisabled": false}], "quarterly": [{"thresholdPercent": 77, "isDisabled": false}], "yearly": [{"thresholdPercent": 85, "isDisabled": false}]}, "recipients": ["sspuser1@systest.nutanix.com"], "isDisabled": false}}
2026-02-07 08:58:45 - create_budget - INFO - [API RESPONSE] POST https://ncm.services.nconprem-10-53-60-173.ccpnx.com/v1/cg/global/budgets
2026-02-07 08:58:45 - create_budget - INFO - [STATUS CODE] 500
2026-02-07 08:58:45 - create_budget - INFO - [TIME TAKEN] 0.3636 seconds (363.58 ms)
2026-02-07 08:58:45 - create_budget - INFO - [RESPONSE CONTENT-TYPE] application/json
2026-02-07 08:58:45 - create_budget - INFO - [RESPONSE PAYLOAD]
{
  "errorCode": 990020,
  "errorMessage": "The system encountered an internal error. If the issue persists, please reach out to our support."
}
2026-02-07 08:58:45 - create_budget - ERROR - ✗ Failed to create budget 'budget_1_Business_Unit_47': HTTP 500 - {'errorCode': 990020, 'errorMessage': 'The system encountered an internal error. If the issue persists, please reach out to our support.'}
2026-02-07 08:58:45 - create_budget - INFO - [231/301] Creating CC budget: budget_1_CC_HomePC_Account_193e1_ahv_0-251004-124223_key1_yW3XL_ahv_0-251004-124223_value1_1_yW3XL_719673
2026-02-07 08:58:45 - create_budget - INFO - [API REQUEST] POST https://ncm.services.nconprem-10-53-60-173.ccpnx.com/v1/cg/global/budgets
2026-02-07 08:58:45 - create_budget - INFO - [REQUEST DATA PAYLOAD] {"budgetName": "budget_1_CC_HomePC_Account_193e1_ahv_0-251004-124223_key1_yW3XL_ahv_0-251004-124223_value1_1_yW3XL_719673", "financialYearStartMonth": "12", "resourceGroups": {"costCenters": ["12ff4600-3c54-46ee-ac09-40590a0f79f9"]}, "systemEstimate": true, "budgetAlert": {"configuration": {"monthly": [{"thresholdPercent": 75, "isDisabled": false}], "quarterly": [{"thresholdPercent": 85, "isDisabled": false}], "yearly": [{"thresholdPercent": 90, "isDisabled": false}]}, "recipients": ["sspuser1@systest.nutanix.com"], "isDisabled": false}}
2026-02-07 08:58:45 - create_budget - INFO - [API RESPONSE] POST https://ncm.services.nconprem-10-53-60-173.ccpnx.com/v1/cg/global/budgets
2026-02-07 08:58:45 - create_budget - INFO - [STATUS CODE] 200
2026-02-07 08:58:45 - create_budget - INFO - [TIME TAKEN] 0.4205 seconds (420.51 ms)
2026-02-07 08:58:45 - create_budget - INFO - [RESPONSE CONTENT-TYPE] application/json
2026-02-07 08:58:45 - create_budget - INFO - [RESPONSE PAYLOAD]
{
  "budgetId": "777219b1-0e75-4742-bbc5-9b599dfd8a72"
}
2026-02-07 08:58:45 - create_budget - INFO - ✓ Created budget: budget_1_CC_HomePC_Account_193e1_ahv_0-251004-124223_key1_yW3XL_ahv_0-251004-124223_value1_1_yW3XL_719673
2026-02-07 08:58:45 - create_budget - INFO - [232/301] Creating CC budget: budget_1_CC_HomePC_Account_193e1_ahv_0-251004-124228_key1_HpnF3_ahv_0-251004-124228_value1_1_HpnF3_719673
2026-02-07 08:58:45 - create_budget - INFO - [API REQUEST] POST https://ncm.services.nconprem-10-53-60-173.ccpnx.com/v1/cg/global/budgets
2026-02-07 08:58:45 - create_budget - INFO - [REQUEST DATA PAYLOAD] {"budgetName": "budget_1_CC_HomePC_Account_193e1_ahv_0-251004-124228_key1_HpnF3_ahv_0-251004-124228_value1_1_HpnF3_719673", "financialYearStartMonth": "2", "resourceGroups": {"costCenters": ["eeada892-4aaf-4614-9aab-6c50f20dc1e0"]}, "systemEstimate": true, "budgetAlert": {"configuration": {"monthly": [{"thresholdPercent": 75, "isDisabled": false}], "quarterly": [{"thresholdPercent": 85, "isDisabled": false}], "yearly": [{"thresholdPercent": 93, "isDisabled": false}]}, "recipients": ["sspuser1@systest.nutanix.com"], "isDisabled": false}}
2026-02-07 08:58:46 - create_budget - INFO - [API RESPONSE] POST https://ncm.services.nconprem-10-53-60-173.ccpnx.com/v1/cg/global/budgets
2026-02-07 08:58:46 - create_budget - INFO - [STATUS CODE] 200
2026-02-07 08:58:46 - create_budget - INFO - [TIME TAKEN] 0.3752 seconds (375.22 ms)
2026-02-07 08:58:46 - create_budget - INFO - [RESPONSE CONTENT-TYPE] application/json
2026-02-07 08:58:46 - create_budget - INFO - [RESPONSE PAYLOAD]
{
  "budgetId": "d1722fd7-4e47-4d59-9d36-547f5cd8f6be"
}
2026-02-07 08:58:46 - create_budget - INFO - ✓ Created budget: budget_1_CC_HomePC_Account_193e1_ahv_0-251004-124228_key1_HpnF3_ahv_0-251004-124228_value1_1_HpnF3_719673
2026-02-07 08:58:46 - create_budget - INFO - [233/301] Creating CC budget: budget_1_CC_HomePC_Account_193e1_ahv_0-251004-124233_key1_XLMXQ_ahv_0-251004-124233_value1_1_XLMXQ_719673
2026-02-07 08:58:46 - create_budget - INFO - [API REQUEST] POST https://ncm.services.nconprem-10-53-60-173.ccpnx.com/v1/cg/global/budgets
2026-02-07 08:58:46 - create_budget - INFO - [REQUEST DATA PAYLOAD] {"budgetName": "budget_1_CC_HomePC_Account_193e1_ahv_0-251004-124233_key1_XLMXQ_ahv_0-251004-124233_value1_1_XLMXQ_719673", "financialYearStartMonth": "11", "resourceGroups": {"costCenters": ["91df8fe3-11bc-4f42-9380-3c23f230c90e"]}, "systemEstimate": true, "budgetAlert": {"configuration": {"monthly": [{"thresholdPercent": 75, "isDisabled": false}], "quarterly": [{"thresholdPercent": 79, "isDisabled": false}], "yearly": [{"thresholdPercent": 93, "isDisabled": false}]}, "recipients": ["sspuser1@systest.nutanix.com"], "isDisabled": false}}
2026-02-07 08:58:46 - create_budget - INFO - [API RESPONSE] POST https://ncm.services.nconprem-10-53-60-173.ccpnx.com/v1/cg/global/budgets
2026-02-07 08:58:46 - create_budget - INFO - [STATUS CODE] 200
2026-02-07 08:58:46 - create_budget - INFO - [TIME TAKEN] 0.3995 seconds (399.45 ms)
2026-02-07 08:58:46 - create_budget - INFO - [RESPONSE CONTENT-TYPE] application/json
2026-02-07 08:58:46 - create_budget - INFO - [RESPONSE PAYLOAD]
{
  "budgetId": "4037e031-7c16-4f3c-a724-23f816ce7303"
}
2026-02-07 08:58:46 - create_budget - INFO - ✓ Created budget: budget_1_CC_HomePC_Account_193e1_ahv_0-251004-124233_key1_XLMXQ_ahv_0-251004-124233_value1_1_XLMXQ_719673
2026-02-07 08:58:46 - create_budget - INFO - [234/301] Creating CC budget: budget_1_CC_HomePC_Account_193e1_ahv_0-251004-124227_key1_Eub8j_ahv_0-251004-124227_value1_1_Eub8j_719673
2026-02-07 08:58:46 - create_budget - INFO - [API REQUEST] POST https://ncm.services.nconprem-10-53-60-173.ccpnx.com/v1/cg/global/budgets
2026-02-07 08:58:46 - create_budget - INFO - [REQUEST DATA PAYLOAD] {"budgetName": "budget_1_CC_HomePC_Account_193e1_ahv_0-251004-124227_key1_Eub8j_ahv_0-251004-124227_value1_1_Eub8j_719673", "financialYearStartMonth": "10", "resourceGroups": {"costCenters": ["73720a2d-28eb-4005-8d6d-fafa4756876b"]}, "systemEstimate": true, "budgetAlert": {"configuration": {"monthly": [{"thresholdPercent": 72, "isDisabled": false}], "quarterly": [{"thresholdPercent": 79, "isDisabled": false}], "yearly": [{"thresholdPercent": 85, "isDisabled": false}]}, "recipients": ["sspuser1@systest.nutanix.com"], "isDisabled": false}}
2026-02-07 08:58:46 - create_budget - INFO - [API RESPONSE] POST https://ncm.services.nconprem-10-53-60-173.ccpnx.com/v1/cg/global/budgets
2026-02-07 08:58:46 - create_budget - INFO - [STATUS CODE] 200
2026-02-07 08:58:46 - create_budget - INFO - [TIME TAKEN] 0.3737 seconds (373.70 ms)
2026-02-07 08:58:46 - create_budget - INFO - [RESPONSE CONTENT-TYPE] application/json
2026-02-07 08:58:46 - create_budget - INFO - [RESPONSE PAYLOAD]
{
  "budgetId": "fc840e69-3be1-4a2b-9445-dd869e113302"
}
2026-02-07 08:58:46 - create_budget - INFO - ✓ Created budget: budget_1_CC_HomePC_Account_193e1_ahv_0-251004-124227_key1_Eub8j_ahv_0-251004-124227_value1_1_Eub8j_719673
2026-02-07 08:58:46 - create_budget - INFO - [235/301] Creating CC budget: budget_1_CC_HomePC_Account_193e1_ahv_0-251004-124236_key1_I78gR_ahv_0-251004-124236_value1_1_I78gR_719673
2026-02-07 08:58:46 - create_budget - INFO - [API REQUEST] POST https://ncm.services.nconprem-10-53-60-173.ccpnx.com/v1/cg/global/budgets
2026-02-07 08:58:46 - create_budget - INFO - [REQUEST DATA PAYLOAD] {"budgetName": "budget_1_CC_HomePC_Account_193e1_ahv_0-251004-124236_key1_I78gR_ahv_0-251004-124236_value1_1_I78gR_719673", "financialYearStartMonth": "3", "resourceGroups": {"costCenters": ["b2dd67a8-24eb-4371-801e-3287817a8751"]}, "systemEstimate": true, "budgetAlert": {"configuration": {"monthly": [{"thresholdPercent": 65, "isDisabled": false}], "quarterly": [{"thresholdPercent": 78, "isDisabled": false}], "yearly": [{"thresholdPercent": 95, "isDisabled": false}]}, "recipients": ["sspuser1@systest.nutanix.com"], "isDisabled": false}}
2026-02-07 08:58:47 - create_budget - INFO - [API RESPONSE] POST https://ncm.services.nconprem-10-53-60-173.ccpnx.com/v1/cg/global/budgets
2026-02-07 08:58:47 - create_budget - INFO - [STATUS CODE] 200
2026-02-07 08:58:47 - create_budget - INFO - [TIME TAKEN] 0.4761 seconds (476.11 ms)
2026-02-07 08:58:47 - create_budget - INFO - [RESPONSE CONTENT-TYPE] application/json
2026-02-07 08:58:47 - create_budget - INFO - [RESPONSE PAYLOAD]
{
  "budgetId": "680aa884-1bb5-427d-b6ac-5c08216bca02"
}
2026-02-07 08:58:47 - create_budget - INFO - ✓ Created budget: budget_1_CC_HomePC_Account_193e1_ahv_0-251004-124236_key1_I78gR_ahv_0-251004-124236_value1_1_I78gR_719673
2026-02-07 08:58:47 - create_budget - INFO - [236/301] Creating BU budget: budget_1_Business_Unit_48
2026-02-07 08:58:47 - create_budget - INFO - [API REQUEST] POST https://ncm.services.nconprem-10-53-60-173.ccpnx.com/v1/cg/global/budgets
2026-02-07 08:58:47 - create_budget - INFO - [REQUEST DATA PAYLOAD] {"budgetName": "budget_1_Business_Unit_48", "financialYearStartMonth": "8", "resourceGroups": {"businessUnit": ["68e1f404-57e0-43cd-b895-e62b2a9692ce"]}, "systemEstimate": true, "budgetAlert": {"configuration": {"monthly": [{"thresholdPercent": 69, "isDisabled": false}], "quarterly": [{"thresholdPercent": 84, "isDisabled": false}], "yearly": [{"thresholdPercent": 95, "isDisabled": false}]}, "recipients": ["sspuser1@systest.nutanix.com"], "isDisabled": false}}
2026-02-07 08:58:47 - create_budget - INFO - [API RESPONSE] POST https://ncm.services.nconprem-10-53-60-173.ccpnx.com/v1/cg/global/budgets
2026-02-07 08:58:47 - create_budget - INFO - [STATUS CODE] 500
2026-02-07 08:58:47 - create_budget - INFO - [TIME TAKEN] 0.4164 seconds (416.42 ms)
2026-02-07 08:58:47 - create_budget - INFO - [RESPONSE CONTENT-TYPE] application/json
2026-02-07 08:58:47 - create_budget - INFO - [RESPONSE PAYLOAD]
{
  "errorCode": 990020,
  "errorMessage": "The system encountered an internal error. If the issue persists, please reach out to our support."
}
2026-02-07 08:58:47 - create_budget - ERROR - ✗ Failed to create budget 'budget_1_Business_Unit_48': HTTP 500 - {'errorCode': 990020, 'errorMessage': 'The system encountered an internal error. If the issue persists, please reach out to our support.'}
2026-02-07 08:58:47 - create_budget - INFO - [237/301] Creating CC budget: budget_1_CC_HomePC_Account_193e1_ahv_0-251004-124245_key1_NBbeb_ahv_0-251004-124245_value1_1_NBbeb_719673
2026-02-07 08:58:47 - create_budget - INFO - [API REQUEST] POST https://ncm.services.nconprem-10-53-60-173.ccpnx.com/v1/cg/global/budgets
2026-02-07 08:58:47 - create_budget - INFO - [REQUEST DATA PAYLOAD] {"budgetName": "budget_1_CC_HomePC_Account_193e1_ahv_0-251004-124245_key1_NBbeb_ahv_0-251004-124245_value1_1_NBbeb_719673", "financialYearStartMonth": "5", "resourceGroups": {"costCenters": ["35e0be0a-58e0-430a-9f41-d89dffd92934"]}, "systemEstimate": true, "budgetAlert": {"configuration": {"monthly": [{"thresholdPercent": 74, "isDisabled": false}], "quarterly": [{"thresholdPercent": 84, "isDisabled": false}], "yearly": [{"thresholdPercent": 86, "isDisabled": false}]}, "recipients": ["sspuser1@systest.nutanix.com"], "isDisabled": false}}
2026-02-07 08:58:48 - create_budget - INFO - [API RESPONSE] POST https://ncm.services.nconprem-10-53-60-173.ccpnx.com/v1/cg/global/budgets
2026-02-07 08:58:48 - create_budget - INFO - [STATUS CODE] 200
2026-02-07 08:58:48 - create_budget - INFO - [TIME TAKEN] 0.4442 seconds (444.18 ms)
2026-02-07 08:58:48 - create_budget - INFO - [RESPONSE CONTENT-TYPE] application/json
2026-02-07 08:58:48 - create_budget - INFO - [RESPONSE PAYLOAD]
{
  "budgetId": "8e560639-c18a-4ea3-9341-2718e477096c"
}
2026-02-07 08:58:48 - create_budget - INFO - ✓ Created budget: budget_1_CC_HomePC_Account_193e1_ahv_0-251004-124245_key1_NBbeb_ahv_0-251004-124245_value1_1_NBbeb_719673
2026-02-07 08:58:48 - create_budget - INFO - [238/301] Creating CC budget: budget_1_CC_HomePC_Account_193e1_ahv_0-251004-124243_key1_4EZS4_ahv_0-251004-124243_value1_1_4EZS4_719673
2026-02-07 08:58:48 - create_budget - INFO - [API REQUEST] POST https://ncm.services.nconprem-10-53-60-173.ccpnx.com/v1/cg/global/budgets
2026-02-07 08:58:48 - create_budget - INFO - [REQUEST DATA PAYLOAD] {"budgetName": "budget_1_CC_HomePC_Account_193e1_ahv_0-251004-124243_key1_4EZS4_ahv_0-251004-124243_value1_1_4EZS4_719673", "financialYearStartMonth": "10", "resourceGroups": {"costCenters": ["8106e63a-c241-43a6-8187-9611107a3bf6"]}, "systemEstimate": true, "budgetAlert": {"configuration": {"monthly": [{"thresholdPercent": 67, "isDisabled": false}], "quarterly": [{"thresholdPercent": 81, "isDisabled": false}], "yearly": [{"thresholdPercent": 89, "isDisabled": false}]}, "recipients": ["sspuser1@systest.nutanix.com"], "isDisabled": false}}
2026-02-07 08:58:48 - create_budget - INFO - [API RESPONSE] POST https://ncm.services.nconprem-10-53-60-173.ccpnx.com/v1/cg/global/budgets
2026-02-07 08:58:48 - create_budget - INFO - [STATUS CODE] 200
2026-02-07 08:58:48 - create_budget - INFO - [TIME TAKEN] 0.3647 seconds (364.74 ms)
2026-02-07 08:58:48 - create_budget - INFO - [RESPONSE CONTENT-TYPE] application/json
2026-02-07 08:58:48 - create_budget - INFO - [RESPONSE PAYLOAD]
{
  "budgetId": "fd0cdf17-8f25-4635-9914-fd16e0a53bd5"
}
2026-02-07 08:58:48 - create_budget - INFO - ✓ Created budget: budget_1_CC_HomePC_Account_193e1_ahv_0-251004-124243_key1_4EZS4_ahv_0-251004-124243_value1_1_4EZS4_719673
2026-02-07 08:58:48 - create_budget - INFO - [239/301] Creating CC budget: budget_1_CC_HomePC_Account_193e1_ahv_0-251004-124246_key1_ue0ZM_ahv_0-251004-124246_value1_1_ue0ZM_719673
2026-02-07 08:58:48 - create_budget - INFO - [API REQUEST] POST https://ncm.services.nconprem-10-53-60-173.ccpnx.com/v1/cg/global/budgets
2026-02-07 08:58:48 - create_budget - INFO - [REQUEST DATA PAYLOAD] {"budgetName": "budget_1_CC_HomePC_Account_193e1_ahv_0-251004-124246_key1_ue0ZM_ahv_0-251004-124246_value1_1_ue0ZM_719673", "financialYearStartMonth": "9", "resourceGroups": {"costCenters": ["e1347eca-6e05-4c32-830f-2de837c65653"]}, "systemEstimate": true, "budgetAlert": {"configuration": {"monthly": [{"thresholdPercent": 71, "isDisabled": false}], "quarterly": [{"thresholdPercent": 76, "isDisabled": false}], "yearly": [{"thresholdPercent": 89, "isDisabled": false}]}, "recipients": ["sspuser1@systest.nutanix.com"], "isDisabled": false}}
2026-02-07 08:58:49 - create_budget - INFO - [API RESPONSE] POST https://ncm.services.nconprem-10-53-60-173.ccpnx.com/v1/cg/global/budgets
2026-02-07 08:58:49 - create_budget - INFO - [STATUS CODE] 200
2026-02-07 08:58:49 - create_budget - INFO - [TIME TAKEN] 0.7128 seconds (712.80 ms)
2026-02-07 08:58:49 - create_budget - INFO - [RESPONSE CONTENT-TYPE] application/json
2026-02-07 08:58:49 - create_budget - INFO - [RESPONSE PAYLOAD]
{
  "budgetId": "13505c48-b527-45c7-9a63-366fb0abc89d"
}
2026-02-07 08:58:49 - create_budget - INFO - ✓ Created budget: budget_1_CC_HomePC_Account_193e1_ahv_0-251004-124246_key1_ue0ZM_ahv_0-251004-124246_value1_1_ue0ZM_719673
2026-02-07 08:58:49 - create_budget - INFO - [240/301] Creating CC budget: budget_1_CC_HomePC_Account_193e1_ahv_0-251004-124247_key1_6FXAy_ahv_0-251004-124247_value1_1_6FXAy_719673
2026-02-07 08:58:49 - create_budget - INFO - [API REQUEST] POST https://ncm.services.nconprem-10-53-60-173.ccpnx.com/v1/cg/global/budgets
2026-02-07 08:58:49 - create_budget - INFO - [REQUEST DATA PAYLOAD] {"budgetName": "budget_1_CC_HomePC_Account_193e1_ahv_0-251004-124247_key1_6FXAy_ahv_0-251004-124247_value1_1_6FXAy_719673", "financialYearStartMonth": "4", "resourceGroups": {"costCenters": ["804c411a-fdd6-45ba-aaae-60b004a19c12"]}, "systemEstimate": true, "budgetAlert": {"configuration": {"monthly": [{"thresholdPercent": 73, "isDisabled": false}], "quarterly": [{"thresholdPercent": 84, "isDisabled": false}], "yearly": [{"thresholdPercent": 85, "isDisabled": false}]}, "recipients": ["sspuser1@systest.nutanix.com"], "isDisabled": false}}
2026-02-07 08:58:49 - create_budget - INFO - [API RESPONSE] POST https://ncm.services.nconprem-10-53-60-173.ccpnx.com/v1/cg/global/budgets
2026-02-07 08:58:49 - create_budget - INFO - [STATUS CODE] 200
2026-02-07 08:58:49 - create_budget - INFO - [TIME TAKEN] 0.3331 seconds (333.10 ms)
2026-02-07 08:58:49 - create_budget - INFO - [RESPONSE CONTENT-TYPE] application/json
2026-02-07 08:58:49 - create_budget - INFO - [RESPONSE PAYLOAD]
{
  "budgetId": "c637fc74-5624-4164-b304-254d6cb251c5"
}
2026-02-07 08:58:49 - create_budget - INFO - ✓ Created budget: budget_1_CC_HomePC_Account_193e1_ahv_0-251004-124247_key1_6FXAy_ahv_0-251004-124247_value1_1_6FXAy_719673
2026-02-07 08:58:49 - create_budget - INFO - [241/301] Creating CC budget: budget_1_CC_HomePC_Account_193e1_ahv_0-251004-124251_key1_DavLI_ahv_0-251004-124251_value1_1_DavLI_719673
2026-02-07 08:58:49 - create_budget - INFO - [API REQUEST] POST https://ncm.services.nconprem-10-53-60-173.ccpnx.com/v1/cg/global/budgets
2026-02-07 08:58:49 - create_budget - INFO - [REQUEST DATA PAYLOAD] {"budgetName": "budget_1_CC_HomePC_Account_193e1_ahv_0-251004-124251_key1_DavLI_ahv_0-251004-124251_value1_1_DavLI_719673", "financialYearStartMonth": "3", "resourceGroups": {"costCenters": ["b9b12162-025d-4ea3-9911-0533aa2aab95"]}, "systemEstimate": true, "budgetAlert": {"configuration": {"monthly": [{"thresholdPercent": 73, "isDisabled": false}], "quarterly": [{"thresholdPercent": 79, "isDisabled": false}], "yearly": [{"thresholdPercent": 90, "isDisabled": false}]}, "recipients": ["sspuser1@systest.nutanix.com"], "isDisabled": false}}
2026-02-07 08:58:50 - create_budget - INFO - [API RESPONSE] POST https://ncm.services.nconprem-10-53-60-173.ccpnx.com/v1/cg/global/budgets
2026-02-07 08:58:50 - create_budget - INFO - [STATUS CODE] 200
2026-02-07 08:58:50 - create_budget - INFO - [TIME TAKEN] 0.3255 seconds (325.52 ms)
2026-02-07 08:58:50 - create_budget - INFO - [RESPONSE CONTENT-TYPE] application/json
2026-02-07 08:58:50 - create_budget - INFO - [RESPONSE PAYLOAD]
{
  "budgetId": "013e83e5-a8a6-4918-b924-58eefad0fbf3"
}
2026-02-07 08:58:50 - create_budget - INFO - ✓ Created budget: budget_1_CC_HomePC_Account_193e1_ahv_0-251004-124251_key1_DavLI_ahv_0-251004-124251_value1_1_DavLI_719673
2026-02-07 08:58:50 - create_budget - INFO - [242/301] Creating BU budget: budget_1_Business_Unit_49
2026-02-07 08:58:50 - create_budget - INFO - [API REQUEST] POST https://ncm.services.nconprem-10-53-60-173.ccpnx.com/v1/cg/global/budgets
2026-02-07 08:58:50 - create_budget - INFO - [REQUEST DATA PAYLOAD] {"budgetName": "budget_1_Business_Unit_49", "financialYearStartMonth": "11", "resourceGroups": {"businessUnit": ["4e0374d5-e490-4780-a7f9-1a04f8ece732"]}, "systemEstimate": true, "budgetAlert": {"configuration": {"monthly": [{"thresholdPercent": 73, "isDisabled": false}], "quarterly": [{"thresholdPercent": 82, "isDisabled": false}], "yearly": [{"thresholdPercent": 88, "isDisabled": false}]}, "recipients": ["sspuser1@systest.nutanix.com"], "isDisabled": false}}
2026-02-07 08:58:50 - create_budget - INFO - [API RESPONSE] POST https://ncm.services.nconprem-10-53-60-173.ccpnx.com/v1/cg/global/budgets
2026-02-07 08:58:50 - create_budget - INFO - [STATUS CODE] 500
2026-02-07 08:58:50 - create_budget - INFO - [TIME TAKEN] 0.2310 seconds (231.00 ms)
2026-02-07 08:58:50 - create_budget - INFO - [RESPONSE CONTENT-TYPE] application/json
2026-02-07 08:58:50 - create_budget - INFO - [RESPONSE PAYLOAD]
{
  "errorCode": 990020,
  "errorMessage": "The system encountered an internal error. If the issue persists, please reach out to our support."
}
2026-02-07 08:58:50 - create_budget - ERROR - ✗ Failed to create budget 'budget_1_Business_Unit_49': HTTP 500 - {'errorCode': 990020, 'errorMessage': 'The system encountered an internal error. If the issue persists, please reach out to our support.'}
2026-02-07 08:58:50 - create_budget - INFO - [243/301] Creating CC budget: budget_1_CC_HomePC_Account_193e1_ahv_0-251004-124252_key1_Jyeqr_ahv_0-251004-124252_value1_1_Jyeqr_719673
2026-02-07 08:58:50 - create_budget - INFO - [API REQUEST] POST https://ncm.services.nconprem-10-53-60-173.ccpnx.com/v1/cg/global/budgets
2026-02-07 08:58:50 - create_budget - INFO - [REQUEST DATA PAYLOAD] {"budgetName": "budget_1_CC_HomePC_Account_193e1_ahv_0-251004-124252_key1_Jyeqr_ahv_0-251004-124252_value1_1_Jyeqr_719673", "financialYearStartMonth": "4", "resourceGroups": {"costCenters": ["955f027b-635c-4c6c-a6e8-441a1193fd44"]}, "systemEstimate": true, "budgetAlert": {"configuration": {"monthly": [{"thresholdPercent": 73, "isDisabled": false}], "quarterly": [{"thresholdPercent": 85, "isDisabled": false}], "yearly": [{"thresholdPercent": 89, "isDisabled": false}]}, "recipients": ["sspuser1@systest.nutanix.com"], "isDisabled": false}}
2026-02-07 08:58:50 - create_budget - INFO - [API RESPONSE] POST https://ncm.services.nconprem-10-53-60-173.ccpnx.com/v1/cg/global/budgets
2026-02-07 08:58:50 - create_budget - INFO - [STATUS CODE] 200
2026-02-07 08:58:50 - create_budget - INFO - [TIME TAKEN] 0.3619 seconds (361.95 ms)
2026-02-07 08:58:50 - create_budget - INFO - [RESPONSE CONTENT-TYPE] application/json
2026-02-07 08:58:50 - create_budget - INFO - [RESPONSE PAYLOAD]
{
  "budgetId": "51ac9260-39d7-45d5-90a0-c9f714fcbfd9"
}
2026-02-07 08:58:50 - create_budget - INFO - ✓ Created budget: budget_1_CC_HomePC_Account_193e1_ahv_0-251004-124252_key1_Jyeqr_ahv_0-251004-124252_value1_1_Jyeqr_719673
2026-02-07 08:58:50 - create_budget - INFO - [244/301] Creating CC budget: budget_1_CC_HomePC_Account_193e1_ahv_0-251004-124253_key1_SNNW4_ahv_0-251004-124253_value1_1_SNNW4_719673
2026-02-07 08:58:50 - create_budget - INFO - [API REQUEST] POST https://ncm.services.nconprem-10-53-60-173.ccpnx.com/v1/cg/global/budgets
2026-02-07 08:58:50 - create_budget - INFO - [REQUEST DATA PAYLOAD] {"budgetName": "budget_1_CC_HomePC_Account_193e1_ahv_0-251004-124253_key1_SNNW4_ahv_0-251004-124253_value1_1_SNNW4_719673", "financialYearStartMonth": "4", "resourceGroups": {"costCenters": ["e53bf6a5-df9d-4cf3-b936-cbb0c13c38f9"]}, "systemEstimate": true, "budgetAlert": {"configuration": {"monthly": [{"thresholdPercent": 75, "isDisabled": false}], "quarterly": [{"thresholdPercent": 77, "isDisabled": false}], "yearly": [{"thresholdPercent": 86, "isDisabled": false}]}, "recipients": ["sspuser1@systest.nutanix.com"], "isDisabled": false}}
2026-02-07 08:58:50 - create_budget - INFO - [API RESPONSE] POST https://ncm.services.nconprem-10-53-60-173.ccpnx.com/v1/cg/global/budgets
2026-02-07 08:58:50 - create_budget - INFO - [STATUS CODE] 200
2026-02-07 08:58:50 - create_budget - INFO - [TIME TAKEN] 0.3223 seconds (322.31 ms)
2026-02-07 08:58:50 - create_budget - INFO - [RESPONSE CONTENT-TYPE] application/json
2026-02-07 08:58:50 - create_budget - INFO - [RESPONSE PAYLOAD]
{
  "budgetId": "1ba59579-1a4d-4b6b-a046-01182bdfc292"
}
2026-02-07 08:58:50 - create_budget - INFO - ✓ Created budget: budget_1_CC_HomePC_Account_193e1_ahv_0-251004-124253_key1_SNNW4_ahv_0-251004-124253_value1_1_SNNW4_719673
2026-02-07 08:58:50 - create_budget - INFO - [245/301] Creating CC budget: budget_1_CC_HomePC_Account_193e1_ahv_0-251004-124255_key1_SONSK_ahv_0-251004-124255_value1_1_SONSK_719673
2026-02-07 08:58:50 - create_budget - INFO - [API REQUEST] POST https://ncm.services.nconprem-10-53-60-173.ccpnx.com/v1/cg/global/budgets
2026-02-07 08:58:50 - create_budget - INFO - [REQUEST DATA PAYLOAD] {"budgetName": "budget_1_CC_HomePC_Account_193e1_ahv_0-251004-124255_key1_SONSK_ahv_0-251004-124255_value1_1_SONSK_719673", "financialYearStartMonth": "2", "resourceGroups": {"costCenters": ["6a527dc2-3961-4bca-b5e9-9c0b9637175d"]}, "systemEstimate": true, "budgetAlert": {"configuration": {"monthly": [{"thresholdPercent": 69, "isDisabled": false}], "quarterly": [{"thresholdPercent": 80, "isDisabled": false}], "yearly": [{"thresholdPercent": 92, "isDisabled": false}]}, "recipients": ["sspuser1@systest.nutanix.com"], "isDisabled": false}}
2026-02-07 08:58:51 - create_budget - INFO - [API RESPONSE] POST https://ncm.services.nconprem-10-53-60-173.ccpnx.com/v1/cg/global/budgets
2026-02-07 08:58:51 - create_budget - INFO - [STATUS CODE] 200
2026-02-07 08:58:51 - create_budget - INFO - [TIME TAKEN] 0.2996 seconds (299.57 ms)
2026-02-07 08:58:51 - create_budget - INFO - [RESPONSE CONTENT-TYPE] application/json
2026-02-07 08:58:51 - create_budget - INFO - [RESPONSE PAYLOAD]
{
  "budgetId": "7817ee23-d7fa-4bd7-90c0-dc988de3a1cf"
}
2026-02-07 08:58:51 - create_budget - INFO - ✓ Created budget: budget_1_CC_HomePC_Account_193e1_ahv_0-251004-124255_key1_SONSK_ahv_0-251004-124255_value1_1_SONSK_719673
2026-02-07 08:58:51 - create_budget - INFO - [246/301] Creating CC budget: budget_1_CC_HomePC_Account_193e1_ahv_0-251004-124254_key1_IFuvz_ahv_0-251004-124254_value1_1_IFuvz_719673
2026-02-07 08:58:51 - create_budget - INFO - [API REQUEST] POST https://ncm.services.nconprem-10-53-60-173.ccpnx.com/v1/cg/global/budgets
2026-02-07 08:58:51 - create_budget - INFO - [REQUEST DATA PAYLOAD] {"budgetName": "budget_1_CC_HomePC_Account_193e1_ahv_0-251004-124254_key1_IFuvz_ahv_0-251004-124254_value1_1_IFuvz_719673", "financialYearStartMonth": "8", "resourceGroups": {"costCenters": ["6c1c673d-ee4e-4df7-97a4-605f5ba82d91"]}, "systemEstimate": true, "budgetAlert": {"configuration": {"monthly": [{"thresholdPercent": 72, "isDisabled": false}], "quarterly": [{"thresholdPercent": 84, "isDisabled": false}], "yearly": [{"thresholdPercent": 93, "isDisabled": false}]}, "recipients": ["sspuser1@systest.nutanix.com"], "isDisabled": false}}
2026-02-07 08:58:51 - create_budget - INFO - [API RESPONSE] POST https://ncm.services.nconprem-10-53-60-173.ccpnx.com/v1/cg/global/budgets
2026-02-07 08:58:51 - create_budget - INFO - [STATUS CODE] 200
2026-02-07 08:58:51 - create_budget - INFO - [TIME TAKEN] 0.4085 seconds (408.45 ms)
2026-02-07 08:58:51 - create_budget - INFO - [RESPONSE CONTENT-TYPE] application/json
2026-02-07 08:58:51 - create_budget - INFO - [RESPONSE PAYLOAD]
{
  "budgetId": "627ee80a-bd67-4e1f-8f09-08ef06cc65f1"
}
2026-02-07 08:58:51 - create_budget - INFO - ✓ Created budget: budget_1_CC_HomePC_Account_193e1_ahv_0-251004-124254_key1_IFuvz_ahv_0-251004-124254_value1_1_IFuvz_719673
2026-02-07 08:58:51 - create_budget - INFO - [247/301] Creating CC budget: budget_1_CC_HomePC_Account_193e1_ahv_0-251004-124254_key1_MIzuP_ahv_0-251004-124254_value1_1_MIzuP_719673
2026-02-07 08:58:51 - create_budget - INFO - [API REQUEST] POST https://ncm.services.nconprem-10-53-60-173.ccpnx.com/v1/cg/global/budgets
2026-02-07 08:58:51 - create_budget - INFO - [REQUEST DATA PAYLOAD] {"budgetName": "budget_1_CC_HomePC_Account_193e1_ahv_0-251004-124254_key1_MIzuP_ahv_0-251004-124254_value1_1_MIzuP_719673", "financialYearStartMonth": "1", "resourceGroups": {"costCenters": ["1946564c-3171-4605-82c4-b87fd4428f12"]}, "systemEstimate": true, "budgetAlert": {"configuration": {"monthly": [{"thresholdPercent": 68, "isDisabled": false}], "quarterly": [{"thresholdPercent": 76, "isDisabled": false}], "yearly": [{"thresholdPercent": 92, "isDisabled": false}]}, "recipients": ["sspuser1@systest.nutanix.com"], "isDisabled": false}}
2026-02-07 08:58:52 - create_budget - INFO - [API RESPONSE] POST https://ncm.services.nconprem-10-53-60-173.ccpnx.com/v1/cg/global/budgets
2026-02-07 08:58:52 - create_budget - INFO - [STATUS CODE] 200
2026-02-07 08:58:52 - create_budget - INFO - [TIME TAKEN] 0.4129 seconds (412.86 ms)
2026-02-07 08:58:52 - create_budget - INFO - [RESPONSE CONTENT-TYPE] application/json
2026-02-07 08:58:52 - create_budget - INFO - [RESPONSE PAYLOAD]
{
  "budgetId": "2089eb81-2910-4b99-80c4-4212929d920e"
}
2026-02-07 08:58:52 - create_budget - INFO - ✓ Created budget: budget_1_CC_HomePC_Account_193e1_ahv_0-251004-124254_key1_MIzuP_ahv_0-251004-124254_value1_1_MIzuP_719673
2026-02-07 08:58:52 - create_budget - INFO - [248/301] Creating BU budget: budget_1_Business_Unit_50
2026-02-07 08:58:52 - create_budget - INFO - [API REQUEST] POST https://ncm.services.nconprem-10-53-60-173.ccpnx.com/v1/cg/global/budgets
2026-02-07 08:58:52 - create_budget - INFO - [REQUEST DATA PAYLOAD] {"budgetName": "budget_1_Business_Unit_50", "financialYearStartMonth": "3", "resourceGroups": {"businessUnit": ["7589dabe-2715-4951-a612-ad3d65ce6bd2"]}, "systemEstimate": true, "budgetAlert": {"configuration": {"monthly": [{"thresholdPercent": 71, "isDisabled": false}], "quarterly": [{"thresholdPercent": 77, "isDisabled": false}], "yearly": [{"thresholdPercent": 87, "isDisabled": false}]}, "recipients": ["sspuser1@systest.nutanix.com"], "isDisabled": false}}
2026-02-07 08:58:52 - create_budget - INFO - [API RESPONSE] POST https://ncm.services.nconprem-10-53-60-173.ccpnx.com/v1/cg/global/budgets
2026-02-07 08:58:52 - create_budget - INFO - [STATUS CODE] 500
2026-02-07 08:58:52 - create_budget - INFO - [TIME TAKEN] 0.2616 seconds (261.62 ms)
2026-02-07 08:58:52 - create_budget - INFO - [RESPONSE CONTENT-TYPE] application/json
2026-02-07 08:58:52 - create_budget - INFO - [RESPONSE PAYLOAD]
{
  "errorCode": 990020,
  "errorMessage": "The system encountered an internal error. If the issue persists, please reach out to our support."
}
2026-02-07 08:58:52 - create_budget - ERROR - ✗ Failed to create budget 'budget_1_Business_Unit_50': HTTP 500 - {'errorCode': 990020, 'errorMessage': 'The system encountered an internal error. If the issue persists, please reach out to our support.'}
2026-02-07 08:58:52 - create_budget - INFO - [249/301] Creating CC budget: budget_1_CC_HomePC_Account_193e1_ahv_0-251006-040738_key1_NbDgQ_ahv_0-251006-040738_value1_1_NbDgQ_719673
2026-02-07 08:58:52 - create_budget - INFO - [API REQUEST] POST https://ncm.services.nconprem-10-53-60-173.ccpnx.com/v1/cg/global/budgets
2026-02-07 08:58:52 - create_budget - INFO - [REQUEST DATA PAYLOAD] {"budgetName": "budget_1_CC_HomePC_Account_193e1_ahv_0-251006-040738_key1_NbDgQ_ahv_0-251006-040738_value1_1_NbDgQ_719673", "financialYearStartMonth": "11", "resourceGroups": {"costCenters": ["f68b043e-3880-4dd3-b749-793192ff2915"]}, "systemEstimate": true, "budgetAlert": {"configuration": {"monthly": [{"thresholdPercent": 67, "isDisabled": false}], "quarterly": [{"thresholdPercent": 77, "isDisabled": false}], "yearly": [{"thresholdPercent": 91, "isDisabled": false}]}, "recipients": ["sspuser1@systest.nutanix.com"], "isDisabled": false}}
2026-02-07 08:58:52 - create_budget - INFO - [API RESPONSE] POST https://ncm.services.nconprem-10-53-60-173.ccpnx.com/v1/cg/global/budgets
2026-02-07 08:58:52 - create_budget - INFO - [STATUS CODE] 200
2026-02-07 08:58:52 - create_budget - INFO - [TIME TAKEN] 0.3316 seconds (331.63 ms)
2026-02-07 08:58:52 - create_budget - INFO - [RESPONSE CONTENT-TYPE] application/json
2026-02-07 08:58:52 - create_budget - INFO - [RESPONSE PAYLOAD]
{
  "budgetId": "122b7906-3c89-4278-b34b-c4579fa7b567"
}
2026-02-07 08:58:52 - create_budget - INFO - ✓ Created budget: budget_1_CC_HomePC_Account_193e1_ahv_0-251006-040738_key1_NbDgQ_ahv_0-251006-040738_value1_1_NbDgQ_719673
2026-02-07 08:58:52 - create_budget - INFO - [250/301] Creating CC budget: budget_1_CC_HomePC_Account_193e1_ahv_0-251004-181835_key1_y0G3x_ahv_0-251004-181835_value1_1_y0G3x_719673
2026-02-07 08:58:52 - create_budget - INFO - [API REQUEST] POST https://ncm.services.nconprem-10-53-60-173.ccpnx.com/v1/cg/global/budgets
2026-02-07 08:58:52 - create_budget - INFO - [REQUEST DATA PAYLOAD] {"budgetName": "budget_1_CC_HomePC_Account_193e1_ahv_0-251004-181835_key1_y0G3x_ahv_0-251004-181835_value1_1_y0G3x_719673", "financialYearStartMonth": "7", "resourceGroups": {"costCenters": ["a3c2b0f1-9056-414a-b2a0-ef24eba129ca"]}, "systemEstimate": true, "budgetAlert": {"configuration": {"monthly": [{"thresholdPercent": 74, "isDisabled": false}], "quarterly": [{"thresholdPercent": 85, "isDisabled": false}], "yearly": [{"thresholdPercent": 95, "isDisabled": false}]}, "recipients": ["sspuser1@systest.nutanix.com"], "isDisabled": false}}
2026-02-07 08:58:52 - create_budget - INFO - [API RESPONSE] POST https://ncm.services.nconprem-10-53-60-173.ccpnx.com/v1/cg/global/budgets
2026-02-07 08:58:52 - create_budget - INFO - [STATUS CODE] 200
2026-02-07 08:58:52 - create_budget - INFO - [TIME TAKEN] 0.2816 seconds (281.61 ms)
2026-02-07 08:58:52 - create_budget - INFO - [RESPONSE CONTENT-TYPE] application/json
2026-02-07 08:58:52 - create_budget - INFO - [RESPONSE PAYLOAD]
{
  "budgetId": "0828f954-949b-4e17-a4f3-27bdff07336d"
}
2026-02-07 08:58:52 - create_budget - INFO - ✓ Created budget: budget_1_CC_HomePC_Account_193e1_ahv_0-251004-181835_key1_y0G3x_ahv_0-251004-181835_value1_1_y0G3x_719673
2026-02-07 08:58:52 - create_budget - INFO - [251/301] Creating CC budget: budget_1_CC_HomePC_Account_193e1_ahv_0-251004-152901_key1_BW6UV_ahv_0-251004-152901_value1_1_BW6UV_719673
2026-02-07 08:58:52 - create_budget - INFO - [API REQUEST] POST https://ncm.services.nconprem-10-53-60-173.ccpnx.com/v1/cg/global/budgets
2026-02-07 08:58:52 - create_budget - INFO - [REQUEST DATA PAYLOAD] {"budgetName": "budget_1_CC_HomePC_Account_193e1_ahv_0-251004-152901_key1_BW6UV_ahv_0-251004-152901_value1_1_BW6UV_719673", "financialYearStartMonth": "5", "resourceGroups": {"costCenters": ["edb105d3-f0a7-4bf0-81bb-440f9252e10f"]}, "systemEstimate": true, "budgetAlert": {"configuration": {"monthly": [{"thresholdPercent": 75, "isDisabled": false}], "quarterly": [{"thresholdPercent": 80, "isDisabled": false}], "yearly": [{"thresholdPercent": 85, "isDisabled": false}]}, "recipients": ["sspuser1@systest.nutanix.com"], "isDisabled": false}}
2026-02-07 08:58:53 - create_budget - INFO - [API RESPONSE] POST https://ncm.services.nconprem-10-53-60-173.ccpnx.com/v1/cg/global/budgets
2026-02-07 08:58:53 - create_budget - INFO - [STATUS CODE] 200
2026-02-07 08:58:53 - create_budget - INFO - [TIME TAKEN] 0.3182 seconds (318.18 ms)
2026-02-07 08:58:53 - create_budget - INFO - [RESPONSE CONTENT-TYPE] application/json
2026-02-07 08:58:53 - create_budget - INFO - [RESPONSE PAYLOAD]
{
  "budgetId": "05be0a63-0072-4e69-a8bf-1af1bf0473b9"
}
2026-02-07 08:58:53 - create_budget - INFO - ✓ Created budget: budget_1_CC_HomePC_Account_193e1_ahv_0-251004-152901_key1_BW6UV_ahv_0-251004-152901_value1_1_BW6UV_719673
2026-02-07 08:58:53 - create_budget - INFO - [252/301] Creating CC budget: budget_1_CC_HomePC_Account_193e1_ahv_0-251004-170608_key1_03wGp_ahv_0-251004-170608_value1_1_03wGp_719673
2026-02-07 08:58:53 - create_budget - INFO - [API REQUEST] POST https://ncm.services.nconprem-10-53-60-173.ccpnx.com/v1/cg/global/budgets
2026-02-07 08:58:53 - create_budget - INFO - [REQUEST DATA PAYLOAD] {"budgetName": "budget_1_CC_HomePC_Account_193e1_ahv_0-251004-170608_key1_03wGp_ahv_0-251004-170608_value1_1_03wGp_719673", "financialYearStartMonth": "3", "resourceGroups": {"costCenters": ["cf2ad53f-c1cd-43a0-824a-fef6409ba892"]}, "systemEstimate": true, "budgetAlert": {"configuration": {"monthly": [{"thresholdPercent": 70, "isDisabled": false}], "quarterly": [{"thresholdPercent": 84, "isDisabled": false}], "yearly": [{"thresholdPercent": 95, "isDisabled": false}]}, "recipients": ["sspuser1@systest.nutanix.com"], "isDisabled": false}}
2026-02-07 08:58:53 - create_budget - INFO - [API RESPONSE] POST https://ncm.services.nconprem-10-53-60-173.ccpnx.com/v1/cg/global/budgets
2026-02-07 08:58:53 - create_budget - INFO - [STATUS CODE] 200
2026-02-07 08:58:53 - create_budget - INFO - [TIME TAKEN] 0.4837 seconds (483.70 ms)
2026-02-07 08:58:53 - create_budget - INFO - [RESPONSE CONTENT-TYPE] application/json
2026-02-07 08:58:53 - create_budget - INFO - [RESPONSE PAYLOAD]
{
  "budgetId": "365d4124-eae9-4853-b5df-cb844e3ccea3"
}
2026-02-07 08:58:53 - create_budget - INFO - ✓ Created budget: budget_1_CC_HomePC_Account_193e1_ahv_0-251004-170608_key1_03wGp_ahv_0-251004-170608_value1_1_03wGp_719673
2026-02-07 08:58:53 - create_budget - INFO - [253/301] Creating CC budget: budget_1_CC_HomePC_Account_193e1_ahv_0-251004-171911_key1_X8pEI_ahv_0-251004-171911_value1_1_X8pEI_719673
2026-02-07 08:58:53 - create_budget - INFO - [API REQUEST] POST https://ncm.services.nconprem-10-53-60-173.ccpnx.com/v1/cg/global/budgets
2026-02-07 08:58:53 - create_budget - INFO - [REQUEST DATA PAYLOAD] {"budgetName": "budget_1_CC_HomePC_Account_193e1_ahv_0-251004-171911_key1_X8pEI_ahv_0-251004-171911_value1_1_X8pEI_719673", "financialYearStartMonth": "10", "resourceGroups": {"costCenters": ["08c2a8e4-38db-49c9-8cd3-93b6c5d8c85c"]}, "systemEstimate": true, "budgetAlert": {"configuration": {"monthly": [{"thresholdPercent": 72, "isDisabled": false}], "quarterly": [{"thresholdPercent": 78, "isDisabled": false}], "yearly": [{"thresholdPercent": 89, "isDisabled": false}]}, "recipients": ["sspuser1@systest.nutanix.com"], "isDisabled": false}}
2026-02-07 08:58:54 - create_budget - INFO - [API RESPONSE] POST https://ncm.services.nconprem-10-53-60-173.ccpnx.com/v1/cg/global/budgets
2026-02-07 08:58:54 - create_budget - INFO - [STATUS CODE] 200
2026-02-07 08:58:54 - create_budget - INFO - [TIME TAKEN] 0.4067 seconds (406.66 ms)
2026-02-07 08:58:54 - create_budget - INFO - [RESPONSE CONTENT-TYPE] application/json
2026-02-07 08:58:54 - create_budget - INFO - [RESPONSE PAYLOAD]
{
  "budgetId": "549f122d-7a69-4024-b7b7-d40edd8ebe6e"
}
2026-02-07 08:58:54 - create_budget - INFO - ✓ Created budget: budget_1_CC_HomePC_Account_193e1_ahv_0-251004-171911_key1_X8pEI_ahv_0-251004-171911_value1_1_X8pEI_719673
2026-02-07 08:58:54 - create_budget - INFO - [254/301] Creating CC budget: budget_1_CC_HomePC_Account_14617_ahv_0-251006-040738_key1_NbDgQ_ahv_0-251006-040738_value1_1_NbDgQ_719673
2026-02-07 08:58:54 - create_budget - INFO - [API REQUEST] POST https://ncm.services.nconprem-10-53-60-173.ccpnx.com/v1/cg/global/budgets
2026-02-07 08:58:54 - create_budget - INFO - [REQUEST DATA PAYLOAD] {"budgetName": "budget_1_CC_HomePC_Account_14617_ahv_0-251006-040738_key1_NbDgQ_ahv_0-251006-040738_value1_1_NbDgQ_719673", "financialYearStartMonth": "8", "resourceGroups": {"costCenters": ["1fee87bf-6be0-473a-bb29-a13a9c9bdd52"]}, "systemEstimate": true, "budgetAlert": {"configuration": {"monthly": [{"thresholdPercent": 74, "isDisabled": false}], "quarterly": [{"thresholdPercent": 77, "isDisabled": false}], "yearly": [{"thresholdPercent": 92, "isDisabled": false}]}, "recipients": ["sspuser1@systest.nutanix.com"], "isDisabled": false}}
2026-02-07 08:58:54 - create_budget - INFO - [API RESPONSE] POST https://ncm.services.nconprem-10-53-60-173.ccpnx.com/v1/cg/global/budgets
2026-02-07 08:58:54 - create_budget - INFO - [STATUS CODE] 200
2026-02-07 08:58:54 - create_budget - INFO - [TIME TAKEN] 0.6797 seconds (679.73 ms)
2026-02-07 08:58:54 - create_budget - INFO - [RESPONSE CONTENT-TYPE] application/json
2026-02-07 08:58:54 - create_budget - INFO - [RESPONSE PAYLOAD]
{
  "budgetId": "f93a826b-6fd1-4866-8b5b-5768f14a4e43"
}
2026-02-07 08:58:54 - create_budget - INFO - ✓ Created budget: budget_1_CC_HomePC_Account_14617_ahv_0-251006-040738_key1_NbDgQ_ahv_0-251006-040738_value1_1_NbDgQ_719673
2026-02-07 08:58:54 - create_budget - INFO - [255/301] Creating CC budget: budget_1_CC_HomePC_Account_0e846_ahv_0-251004-112449_key1_0SglF_ahv_0-251004-112449_value1_1_0SglF_719673
2026-02-07 08:58:54 - create_budget - INFO - [API REQUEST] POST https://ncm.services.nconprem-10-53-60-173.ccpnx.com/v1/cg/global/budgets
2026-02-07 08:58:54 - create_budget - INFO - [REQUEST DATA PAYLOAD] {"budgetName": "budget_1_CC_HomePC_Account_0e846_ahv_0-251004-112449_key1_0SglF_ahv_0-251004-112449_value1_1_0SglF_719673", "financialYearStartMonth": "4", "resourceGroups": {"costCenters": ["c2071be4-f454-4977-9187-2923db664e06"]}, "systemEstimate": true, "budgetAlert": {"configuration": {"monthly": [{"thresholdPercent": 66, "isDisabled": false}], "quarterly": [{"thresholdPercent": 81, "isDisabled": false}], "yearly": [{"thresholdPercent": 93, "isDisabled": false}]}, "recipients": ["sspuser1@systest.nutanix.com"], "isDisabled": false}}
2026-02-07 08:58:55 - create_budget - INFO - [API RESPONSE] POST https://ncm.services.nconprem-10-53-60-173.ccpnx.com/v1/cg/global/budgets
2026-02-07 08:58:55 - create_budget - INFO - [STATUS CODE] 200
2026-02-07 08:58:55 - create_budget - INFO - [TIME TAKEN] 0.2898 seconds (289.83 ms)
2026-02-07 08:58:55 - create_budget - INFO - [RESPONSE CONTENT-TYPE] application/json
2026-02-07 08:58:55 - create_budget - INFO - [RESPONSE PAYLOAD]
{
  "budgetId": "d2b208d6-a163-411f-92f8-0c6613ec3865"
}
2026-02-07 08:58:55 - create_budget - INFO - ✓ Created budget: budget_1_CC_HomePC_Account_0e846_ahv_0-251004-112449_key1_0SglF_ahv_0-251004-112449_value1_1_0SglF_719673
2026-02-07 08:58:55 - create_budget - INFO - [256/301] Creating CC budget: budget_1_CC_HomePC_Account_193e1_ahv_0-251004-112449_key1_0SglF_ahv_0-251004-112449_value1_1_0SglF_719673
2026-02-07 08:58:55 - create_budget - INFO - [API REQUEST] POST https://ncm.services.nconprem-10-53-60-173.ccpnx.com/v1/cg/global/budgets
2026-02-07 08:58:55 - create_budget - INFO - [REQUEST DATA PAYLOAD] {"budgetName": "budget_1_CC_HomePC_Account_193e1_ahv_0-251004-112449_key1_0SglF_ahv_0-251004-112449_value1_1_0SglF_719673", "financialYearStartMonth": "11", "resourceGroups": {"costCenters": ["e999dcbc-182a-41f0-a5c1-8ac4657e383e"]}, "systemEstimate": true, "budgetAlert": {"configuration": {"monthly": [{"thresholdPercent": 74, "isDisabled": false}], "quarterly": [{"thresholdPercent": 82, "isDisabled": false}], "yearly": [{"thresholdPercent": 95, "isDisabled": false}]}, "recipients": ["sspuser1@systest.nutanix.com"], "isDisabled": false}}
2026-02-07 08:58:55 - create_budget - INFO - [API RESPONSE] POST https://ncm.services.nconprem-10-53-60-173.ccpnx.com/v1/cg/global/budgets
2026-02-07 08:58:55 - create_budget - INFO - [STATUS CODE] 200
2026-02-07 08:58:55 - create_budget - INFO - [TIME TAKEN] 0.4158 seconds (415.79 ms)
2026-02-07 08:58:55 - create_budget - INFO - [RESPONSE CONTENT-TYPE] application/json
2026-02-07 08:58:55 - create_budget - INFO - [RESPONSE PAYLOAD]
{
  "budgetId": "69aef2b4-50f7-4a9d-a255-ad1007e8b84f"
}
2026-02-07 08:58:55 - create_budget - INFO - ✓ Created budget: budget_1_CC_HomePC_Account_193e1_ahv_0-251004-112449_key1_0SglF_ahv_0-251004-112449_value1_1_0SglF_719673
2026-02-07 08:58:55 - create_budget - INFO - [257/301] Creating CC budget: budget_1_CC_HomePC_Account_14617_ahv_0-251004-112449_key1_0SglF_ahv_0-251004-112449_value1_1_0SglF_719673
2026-02-07 08:58:55 - create_budget - INFO - [API REQUEST] POST https://ncm.services.nconprem-10-53-60-173.ccpnx.com/v1/cg/global/budgets
2026-02-07 08:58:55 - create_budget - INFO - [REQUEST DATA PAYLOAD] {"budgetName": "budget_1_CC_HomePC_Account_14617_ahv_0-251004-112449_key1_0SglF_ahv_0-251004-112449_value1_1_0SglF_719673", "financialYearStartMonth": "6", "resourceGroups": {"costCenters": ["3c7a082a-5b27-4eee-a0bb-b0ca0ac44c57"]}, "systemEstimate": true, "budgetAlert": {"configuration": {"monthly": [{"thresholdPercent": 71, "isDisabled": false}], "quarterly": [{"thresholdPercent": 80, "isDisabled": false}], "yearly": [{"thresholdPercent": 87, "isDisabled": false}]}, "recipients": ["sspuser1@systest.nutanix.com"], "isDisabled": false}}
2026-02-07 08:58:55 - create_budget - INFO - [API RESPONSE] POST https://ncm.services.nconprem-10-53-60-173.ccpnx.com/v1/cg/global/budgets
2026-02-07 08:58:55 - create_budget - INFO - [STATUS CODE] 200
2026-02-07 08:58:55 - create_budget - INFO - [TIME TAKEN] 0.3081 seconds (308.14 ms)
2026-02-07 08:58:55 - create_budget - INFO - [RESPONSE CONTENT-TYPE] application/json
2026-02-07 08:58:55 - create_budget - INFO - [RESPONSE PAYLOAD]
{
  "budgetId": "db230d24-295a-424e-ba75-a57b29b2a1d4"
}
2026-02-07 08:58:55 - create_budget - INFO - ✓ Created budget: budget_1_CC_HomePC_Account_14617_ahv_0-251004-112449_key1_0SglF_ahv_0-251004-112449_value1_1_0SglF_719673
2026-02-07 08:58:55 - create_budget - INFO - [258/301] Creating CC budget: budget_1_CC_HomePC_Account_0e846_ahv_0-251004-112455_key1_fXIFL_ahv_0-251004-112455_value1_1_fXIFL_719673
2026-02-07 08:58:55 - create_budget - INFO - [API REQUEST] POST https://ncm.services.nconprem-10-53-60-173.ccpnx.com/v1/cg/global/budgets
2026-02-07 08:58:55 - create_budget - INFO - [REQUEST DATA PAYLOAD] {"budgetName": "budget_1_CC_HomePC_Account_0e846_ahv_0-251004-112455_key1_fXIFL_ahv_0-251004-112455_value1_1_fXIFL_719673", "financialYearStartMonth": "2", "resourceGroups": {"costCenters": ["37973e8c-4d87-4549-8d17-d212ed7621c3"]}, "systemEstimate": true, "budgetAlert": {"configuration": {"monthly": [{"thresholdPercent": 74, "isDisabled": false}], "quarterly": [{"thresholdPercent": 76, "isDisabled": false}], "yearly": [{"thresholdPercent": 91, "isDisabled": false}]}, "recipients": ["sspuser1@systest.nutanix.com"], "isDisabled": false}}
2026-02-07 08:58:56 - create_budget - INFO - [API RESPONSE] POST https://ncm.services.nconprem-10-53-60-173.ccpnx.com/v1/cg/global/budgets
2026-02-07 08:58:56 - create_budget - INFO - [STATUS CODE] 200
2026-02-07 08:58:56 - create_budget - INFO - [TIME TAKEN] 0.3184 seconds (318.39 ms)
2026-02-07 08:58:56 - create_budget - INFO - [RESPONSE CONTENT-TYPE] application/json
2026-02-07 08:58:56 - create_budget - INFO - [RESPONSE PAYLOAD]
{
  "budgetId": "d85384dd-40b2-472b-bdcb-47e94fe4c67c"
}
2026-02-07 08:58:56 - create_budget - INFO - ✓ Created budget: budget_1_CC_HomePC_Account_0e846_ahv_0-251004-112455_key1_fXIFL_ahv_0-251004-112455_value1_1_fXIFL_719673
2026-02-07 08:58:56 - create_budget - INFO - [259/301] Creating CC budget: budget_1_CC_HomePC_Account_193e1_ahv_0-251004-112455_key1_fXIFL_ahv_0-251004-112455_value1_1_fXIFL_719673
2026-02-07 08:58:56 - create_budget - INFO - [API REQUEST] POST https://ncm.services.nconprem-10-53-60-173.ccpnx.com/v1/cg/global/budgets
2026-02-07 08:58:56 - create_budget - INFO - [REQUEST DATA PAYLOAD] {"budgetName": "budget_1_CC_HomePC_Account_193e1_ahv_0-251004-112455_key1_fXIFL_ahv_0-251004-112455_value1_1_fXIFL_719673", "financialYearStartMonth": "12", "resourceGroups": {"costCenters": ["8daec602-3104-48ce-87c7-1f43c69e9797"]}, "systemEstimate": true, "budgetAlert": {"configuration": {"monthly": [{"thresholdPercent": 73, "isDisabled": false}], "quarterly": [{"thresholdPercent": 76, "isDisabled": false}], "yearly": [{"thresholdPercent": 91, "isDisabled": false}]}, "recipients": ["sspuser1@systest.nutanix.com"], "isDisabled": false}}
2026-02-07 08:58:56 - create_budget - INFO - [API RESPONSE] POST https://ncm.services.nconprem-10-53-60-173.ccpnx.com/v1/cg/global/budgets
2026-02-07 08:58:56 - create_budget - INFO - [STATUS CODE] 200
2026-02-07 08:58:56 - create_budget - INFO - [TIME TAKEN] 0.3541 seconds (354.09 ms)
2026-02-07 08:58:56 - create_budget - INFO - [RESPONSE CONTENT-TYPE] application/json
2026-02-07 08:58:56 - create_budget - INFO - [RESPONSE PAYLOAD]
{
  "budgetId": "d6c2bcf4-5651-4059-9dad-5120f2d8897c"
}
2026-02-07 08:58:56 - create_budget - INFO - ✓ Created budget: budget_1_CC_HomePC_Account_193e1_ahv_0-251004-112455_key1_fXIFL_ahv_0-251004-112455_value1_1_fXIFL_719673
2026-02-07 08:58:56 - create_budget - INFO - [260/301] Creating CC budget: budget_1_CC_HomePC_Account_14617_ahv_0-251004-112455_key1_fXIFL_ahv_0-251004-112455_value1_1_fXIFL_719673
2026-02-07 08:58:56 - create_budget - INFO - [API REQUEST] POST https://ncm.services.nconprem-10-53-60-173.ccpnx.com/v1/cg/global/budgets
2026-02-07 08:58:56 - create_budget - INFO - [REQUEST DATA PAYLOAD] {"budgetName": "budget_1_CC_HomePC_Account_14617_ahv_0-251004-112455_key1_fXIFL_ahv_0-251004-112455_value1_1_fXIFL_719673", "financialYearStartMonth": "5", "resourceGroups": {"costCenters": ["7901fa59-7779-4fd1-a922-1b885e21ac0b"]}, "systemEstimate": true, "budgetAlert": {"configuration": {"monthly": [{"thresholdPercent": 73, "isDisabled": false}], "quarterly": [{"thresholdPercent": 75, "isDisabled": false}], "yearly": [{"thresholdPercent": 85, "isDisabled": false}]}, "recipients": ["sspuser1@systest.nutanix.com"], "isDisabled": false}}
2026-02-07 08:58:56 - create_budget - INFO - [API RESPONSE] POST https://ncm.services.nconprem-10-53-60-173.ccpnx.com/v1/cg/global/budgets
2026-02-07 08:58:56 - create_budget - INFO - [STATUS CODE] 200
2026-02-07 08:58:56 - create_budget - INFO - [TIME TAKEN] 0.3885 seconds (388.52 ms)
2026-02-07 08:58:56 - create_budget - INFO - [RESPONSE CONTENT-TYPE] application/json
2026-02-07 08:58:56 - create_budget - INFO - [RESPONSE PAYLOAD]
{
  "budgetId": "5a9acbb6-4d9b-4b29-a389-7a51d5bcc61c"
}
2026-02-07 08:58:56 - create_budget - INFO - ✓ Created budget: budget_1_CC_HomePC_Account_14617_ahv_0-251004-112455_key1_fXIFL_ahv_0-251004-112455_value1_1_fXIFL_719673
2026-02-07 08:58:56 - create_budget - INFO - [261/301] Creating CC budget: budget_1_CC_HomePC_Account_0e846_ahv_0-251004-124219_key1_5URFg_ahv_0-251004-124219_value1_1_5URFg_719673
2026-02-07 08:58:56 - create_budget - INFO - [API REQUEST] POST https://ncm.services.nconprem-10-53-60-173.ccpnx.com/v1/cg/global/budgets
2026-02-07 08:58:56 - create_budget - INFO - [REQUEST DATA PAYLOAD] {"budgetName": "budget_1_CC_HomePC_Account_0e846_ahv_0-251004-124219_key1_5URFg_ahv_0-251004-124219_value1_1_5URFg_719673", "financialYearStartMonth": "1", "resourceGroups": {"costCenters": ["fe5d625e-2951-4305-aa2a-b7ecf5a6de04"]}, "systemEstimate": true, "budgetAlert": {"configuration": {"monthly": [{"thresholdPercent": 65, "isDisabled": false}], "quarterly": [{"thresholdPercent": 83, "isDisabled": false}], "yearly": [{"thresholdPercent": 93, "isDisabled": false}]}, "recipients": ["sspuser1@systest.nutanix.com"], "isDisabled": false}}
2026-02-07 08:58:57 - create_budget - INFO - [API RESPONSE] POST https://ncm.services.nconprem-10-53-60-173.ccpnx.com/v1/cg/global/budgets
2026-02-07 08:58:57 - create_budget - INFO - [STATUS CODE] 200
2026-02-07 08:58:57 - create_budget - INFO - [TIME TAKEN] 0.2556 seconds (255.57 ms)
2026-02-07 08:58:57 - create_budget - INFO - [RESPONSE CONTENT-TYPE] application/json
2026-02-07 08:58:57 - create_budget - INFO - [RESPONSE PAYLOAD]
{
  "budgetId": "2f485f93-887c-4f8c-9743-b5b16358f505"
}
2026-02-07 08:58:57 - create_budget - INFO - ✓ Created budget: budget_1_CC_HomePC_Account_0e846_ahv_0-251004-124219_key1_5URFg_ahv_0-251004-124219_value1_1_5URFg_719673
2026-02-07 08:58:57 - create_budget - INFO - [262/301] Creating CC budget: budget_1_CC_HomePC_Account_14617_ahv_0-251004-124219_key1_5URFg_ahv_0-251004-124219_value1_1_5URFg_719673
2026-02-07 08:58:57 - create_budget - INFO - [API REQUEST] POST https://ncm.services.nconprem-10-53-60-173.ccpnx.com/v1/cg/global/budgets
2026-02-07 08:58:57 - create_budget - INFO - [REQUEST DATA PAYLOAD] {"budgetName": "budget_1_CC_HomePC_Account_14617_ahv_0-251004-124219_key1_5URFg_ahv_0-251004-124219_value1_1_5URFg_719673", "financialYearStartMonth": "6", "resourceGroups": {"costCenters": ["e80dda3f-56bc-43c5-ab31-4cbe05b3ce76"]}, "systemEstimate": true, "budgetAlert": {"configuration": {"monthly": [{"thresholdPercent": 69, "isDisabled": false}], "quarterly": [{"thresholdPercent": 84, "isDisabled": false}], "yearly": [{"thresholdPercent": 94, "isDisabled": false}]}, "recipients": ["sspuser1@systest.nutanix.com"], "isDisabled": false}}
2026-02-07 08:58:57 - create_budget - INFO - [API RESPONSE] POST https://ncm.services.nconprem-10-53-60-173.ccpnx.com/v1/cg/global/budgets
2026-02-07 08:58:57 - create_budget - INFO - [STATUS CODE] 200
2026-02-07 08:58:57 - create_budget - INFO - [TIME TAKEN] 0.3707 seconds (370.73 ms)
2026-02-07 08:58:57 - create_budget - INFO - [RESPONSE CONTENT-TYPE] application/json
2026-02-07 08:58:57 - create_budget - INFO - [RESPONSE PAYLOAD]
{
  "budgetId": "ca1df297-e184-424a-afb7-910829b7705c"
}
2026-02-07 08:58:57 - create_budget - INFO - ✓ Created budget: budget_1_CC_HomePC_Account_14617_ahv_0-251004-124219_key1_5URFg_ahv_0-251004-124219_value1_1_5URFg_719673
2026-02-07 08:58:57 - create_budget - INFO - [263/301] Creating CC budget: budget_1_CC_HomePC_Account_0e846_ahv_0-251004-124227_key1_Eub8j_ahv_0-251004-124227_value1_1_Eub8j_719673
2026-02-07 08:58:57 - create_budget - INFO - [API REQUEST] POST https://ncm.services.nconprem-10-53-60-173.ccpnx.com/v1/cg/global/budgets
2026-02-07 08:58:57 - create_budget - INFO - [REQUEST DATA PAYLOAD] {"budgetName": "budget_1_CC_HomePC_Account_0e846_ahv_0-251004-124227_key1_Eub8j_ahv_0-251004-124227_value1_1_Eub8j_719673", "financialYearStartMonth": "2", "resourceGroups": {"costCenters": ["d775b7d0-fd21-453a-9867-ab0182041b9f"]}, "systemEstimate": true, "budgetAlert": {"configuration": {"monthly": [{"thresholdPercent": 68, "isDisabled": false}], "quarterly": [{"thresholdPercent": 83, "isDisabled": false}], "yearly": [{"thresholdPercent": 90, "isDisabled": false}]}, "recipients": ["sspuser1@systest.nutanix.com"], "isDisabled": false}}
2026-02-07 08:58:57 - create_budget - INFO - [API RESPONSE] POST https://ncm.services.nconprem-10-53-60-173.ccpnx.com/v1/cg/global/budgets
2026-02-07 08:58:57 - create_budget - INFO - [STATUS CODE] 200
2026-02-07 08:58:57 - create_budget - INFO - [TIME TAKEN] 0.2749 seconds (274.86 ms)
2026-02-07 08:58:57 - create_budget - INFO - [RESPONSE CONTENT-TYPE] application/json
2026-02-07 08:58:57 - create_budget - INFO - [RESPONSE PAYLOAD]
{
  "budgetId": "6de8a748-5d42-4ffb-b9b6-66e76829f7da"
}
2026-02-07 08:58:57 - create_budget - INFO - ✓ Created budget: budget_1_CC_HomePC_Account_0e846_ahv_0-251004-124227_key1_Eub8j_ahv_0-251004-124227_value1_1_Eub8j_719673
2026-02-07 08:58:57 - create_budget - INFO - [264/301] Creating CC budget: budget_1_CC_HomePC_Account_0e846_ahv_0-251004-124223_key1_yW3XL_ahv_0-251004-124223_value1_1_yW3XL_719673
2026-02-07 08:58:57 - create_budget - INFO - [API REQUEST] POST https://ncm.services.nconprem-10-53-60-173.ccpnx.com/v1/cg/global/budgets
2026-02-07 08:58:57 - create_budget - INFO - [REQUEST DATA PAYLOAD] {"budgetName": "budget_1_CC_HomePC_Account_0e846_ahv_0-251004-124223_key1_yW3XL_ahv_0-251004-124223_value1_1_yW3XL_719673", "financialYearStartMonth": "7", "resourceGroups": {"costCenters": ["758d19ec-8893-4fa7-ac35-ce06a21c0a33"]}, "systemEstimate": true, "budgetAlert": {"configuration": {"monthly": [{"thresholdPercent": 68, "isDisabled": false}], "quarterly": [{"thresholdPercent": 77, "isDisabled": false}], "yearly": [{"thresholdPercent": 86, "isDisabled": false}]}, "recipients": ["sspuser1@systest.nutanix.com"], "isDisabled": false}}
2026-02-07 08:58:58 - create_budget - INFO - [API RESPONSE] POST https://ncm.services.nconprem-10-53-60-173.ccpnx.com/v1/cg/global/budgets
2026-02-07 08:58:58 - create_budget - INFO - [STATUS CODE] 200
2026-02-07 08:58:58 - create_budget - INFO - [TIME TAKEN] 0.3006 seconds (300.64 ms)
2026-02-07 08:58:58 - create_budget - INFO - [RESPONSE CONTENT-TYPE] application/json
2026-02-07 08:58:58 - create_budget - INFO - [RESPONSE PAYLOAD]
{
  "budgetId": "19149991-d4c4-4e2a-bf86-3d4c274e8d29"
}
2026-02-07 08:58:58 - create_budget - INFO - ✓ Created budget: budget_1_CC_HomePC_Account_0e846_ahv_0-251004-124223_key1_yW3XL_ahv_0-251004-124223_value1_1_yW3XL_719673
2026-02-07 08:58:58 - create_budget - INFO - [265/301] Creating CC budget: budget_1_CC_HomePC_Account_14617_ahv_0-251004-124223_key1_yW3XL_ahv_0-251004-124223_value1_1_yW3XL_719673
2026-02-07 08:58:58 - create_budget - INFO - [API REQUEST] POST https://ncm.services.nconprem-10-53-60-173.ccpnx.com/v1/cg/global/budgets
2026-02-07 08:58:58 - create_budget - INFO - [REQUEST DATA PAYLOAD] {"budgetName": "budget_1_CC_HomePC_Account_14617_ahv_0-251004-124223_key1_yW3XL_ahv_0-251004-124223_value1_1_yW3XL_719673", "financialYearStartMonth": "12", "resourceGroups": {"costCenters": ["78fcf694-2053-4365-85ca-9d99221c0255"]}, "systemEstimate": true, "budgetAlert": {"configuration": {"monthly": [{"thresholdPercent": 70, "isDisabled": false}], "quarterly": [{"thresholdPercent": 84, "isDisabled": false}], "yearly": [{"thresholdPercent": 86, "isDisabled": false}]}, "recipients": ["sspuser1@systest.nutanix.com"], "isDisabled": false}}
2026-02-07 08:58:58 - create_budget - INFO - [API RESPONSE] POST https://ncm.services.nconprem-10-53-60-173.ccpnx.com/v1/cg/global/budgets
2026-02-07 08:58:58 - create_budget - INFO - [STATUS CODE] 200
2026-02-07 08:58:58 - create_budget - INFO - [TIME TAKEN] 0.5919 seconds (591.90 ms)
2026-02-07 08:58:58 - create_budget - INFO - [RESPONSE CONTENT-TYPE] application/json
2026-02-07 08:58:58 - create_budget - INFO - [RESPONSE PAYLOAD]
{
  "budgetId": "6b5f1bfc-4dae-46c7-b3e0-acf6fa45dc71"
}
2026-02-07 08:58:58 - create_budget - INFO - ✓ Created budget: budget_1_CC_HomePC_Account_14617_ahv_0-251004-124223_key1_yW3XL_ahv_0-251004-124223_value1_1_yW3XL_719673
2026-02-07 08:58:58 - create_budget - INFO - [266/301] Creating CC budget: budget_1_CC_HomePC_Account_14617_ahv_0-251004-124227_key1_Eub8j_ahv_0-251004-124227_value1_1_Eub8j_719673
2026-02-07 08:58:58 - create_budget - INFO - [API REQUEST] POST https://ncm.services.nconprem-10-53-60-173.ccpnx.com/v1/cg/global/budgets
2026-02-07 08:58:58 - create_budget - INFO - [REQUEST DATA PAYLOAD] {"budgetName": "budget_1_CC_HomePC_Account_14617_ahv_0-251004-124227_key1_Eub8j_ahv_0-251004-124227_value1_1_Eub8j_719673", "financialYearStartMonth": "12", "resourceGroups": {"costCenters": ["7722b444-0230-4222-82cf-939ba7f3463e"]}, "systemEstimate": true, "budgetAlert": {"configuration": {"monthly": [{"thresholdPercent": 69, "isDisabled": false}], "quarterly": [{"thresholdPercent": 76, "isDisabled": false}], "yearly": [{"thresholdPercent": 86, "isDisabled": false}]}, "recipients": ["sspuser1@systest.nutanix.com"], "isDisabled": false}}
2026-02-07 08:58:59 - create_budget - INFO - [API RESPONSE] POST https://ncm.services.nconprem-10-53-60-173.ccpnx.com/v1/cg/global/budgets
2026-02-07 08:58:59 - create_budget - INFO - [STATUS CODE] 200
2026-02-07 08:58:59 - create_budget - INFO - [TIME TAKEN] 0.3435 seconds (343.50 ms)
2026-02-07 08:58:59 - create_budget - INFO - [RESPONSE CONTENT-TYPE] application/json
2026-02-07 08:58:59 - create_budget - INFO - [RESPONSE PAYLOAD]
{
  "budgetId": "2a6e3880-17da-42fa-ba80-c6a20542b7cb"
}
2026-02-07 08:58:59 - create_budget - INFO - ✓ Created budget: budget_1_CC_HomePC_Account_14617_ahv_0-251004-124227_key1_Eub8j_ahv_0-251004-124227_value1_1_Eub8j_719673
2026-02-07 08:58:59 - create_budget - INFO - [267/301] Creating CC budget: budget_1_CC_HomePC_Account_0e846_ahv_0-251004-124228_key1_HpnF3_ahv_0-251004-124228_value1_1_HpnF3_719673
2026-02-07 08:58:59 - create_budget - INFO - [API REQUEST] POST https://ncm.services.nconprem-10-53-60-173.ccpnx.com/v1/cg/global/budgets
2026-02-07 08:58:59 - create_budget - INFO - [REQUEST DATA PAYLOAD] {"budgetName": "budget_1_CC_HomePC_Account_0e846_ahv_0-251004-124228_key1_HpnF3_ahv_0-251004-124228_value1_1_HpnF3_719673", "financialYearStartMonth": "12", "resourceGroups": {"costCenters": ["52b5c4fc-cb4f-44a2-b170-8bc3c7361656"]}, "systemEstimate": true, "budgetAlert": {"configuration": {"monthly": [{"thresholdPercent": 68, "isDisabled": false}], "quarterly": [{"thresholdPercent": 79, "isDisabled": false}], "yearly": [{"thresholdPercent": 93, "isDisabled": false}]}, "recipients": ["sspuser1@systest.nutanix.com"], "isDisabled": false}}
2026-02-07 08:58:59 - create_budget - INFO - [API RESPONSE] POST https://ncm.services.nconprem-10-53-60-173.ccpnx.com/v1/cg/global/budgets
2026-02-07 08:58:59 - create_budget - INFO - [STATUS CODE] 200
2026-02-07 08:58:59 - create_budget - INFO - [TIME TAKEN] 0.3897 seconds (389.73 ms)
2026-02-07 08:58:59 - create_budget - INFO - [RESPONSE CONTENT-TYPE] application/json
2026-02-07 08:58:59 - create_budget - INFO - [RESPONSE PAYLOAD]
{
  "budgetId": "a0ee99e1-09f7-48bf-99db-731177faf4cd"
}
2026-02-07 08:58:59 - create_budget - INFO - ✓ Created budget: budget_1_CC_HomePC_Account_0e846_ahv_0-251004-124228_key1_HpnF3_ahv_0-251004-124228_value1_1_HpnF3_719673
2026-02-07 08:58:59 - create_budget - INFO - [268/301] Creating CC budget: budget_1_CC_HomePC_Account_14617_ahv_0-251004-124228_key1_HpnF3_ahv_0-251004-124228_value1_1_HpnF3_719673
2026-02-07 08:58:59 - create_budget - INFO - [API REQUEST] POST https://ncm.services.nconprem-10-53-60-173.ccpnx.com/v1/cg/global/budgets
2026-02-07 08:58:59 - create_budget - INFO - [REQUEST DATA PAYLOAD] {"budgetName": "budget_1_CC_HomePC_Account_14617_ahv_0-251004-124228_key1_HpnF3_ahv_0-251004-124228_value1_1_HpnF3_719673", "financialYearStartMonth": "5", "resourceGroups": {"costCenters": ["886b5972-ea47-4c53-966c-864fc2928a83"]}, "systemEstimate": true, "budgetAlert": {"configuration": {"monthly": [{"thresholdPercent": 72, "isDisabled": false}], "quarterly": [{"thresholdPercent": 79, "isDisabled": false}], "yearly": [{"thresholdPercent": 89, "isDisabled": false}]}, "recipients": ["sspuser1@systest.nutanix.com"], "isDisabled": false}}
2026-02-07 08:58:59 - create_budget - INFO - [API RESPONSE] POST https://ncm.services.nconprem-10-53-60-173.ccpnx.com/v1/cg/global/budgets
2026-02-07 08:58:59 - create_budget - INFO - [STATUS CODE] 200
2026-02-07 08:58:59 - create_budget - INFO - [TIME TAKEN] 0.3658 seconds (365.83 ms)
2026-02-07 08:58:59 - create_budget - INFO - [RESPONSE CONTENT-TYPE] application/json
2026-02-07 08:58:59 - create_budget - INFO - [RESPONSE PAYLOAD]
{
  "budgetId": "d3daefbc-b4ea-4aac-b133-46cf01eb8e3b"
}
2026-02-07 08:58:59 - create_budget - INFO - ✓ Created budget: budget_1_CC_HomePC_Account_14617_ahv_0-251004-124228_key1_HpnF3_ahv_0-251004-124228_value1_1_HpnF3_719673
2026-02-07 08:58:59 - create_budget - INFO - [269/301] Creating CC budget: budget_1_CC_HomePC_Account_0e846_ahv_0-251004-124233_key1_XLMXQ_ahv_0-251004-124233_value1_1_XLMXQ_719673
2026-02-07 08:58:59 - create_budget - INFO - [API REQUEST] POST https://ncm.services.nconprem-10-53-60-173.ccpnx.com/v1/cg/global/budgets
2026-02-07 08:58:59 - create_budget - INFO - [REQUEST DATA PAYLOAD] {"budgetName": "budget_1_CC_HomePC_Account_0e846_ahv_0-251004-124233_key1_XLMXQ_ahv_0-251004-124233_value1_1_XLMXQ_719673", "financialYearStartMonth": "5", "resourceGroups": {"costCenters": ["7e10d6f8-a95c-4e4c-8f1c-cc377f77d772"]}, "systemEstimate": true, "budgetAlert": {"configuration": {"monthly": [{"thresholdPercent": 72, "isDisabled": false}], "quarterly": [{"thresholdPercent": 80, "isDisabled": false}], "yearly": [{"thresholdPercent": 87, "isDisabled": false}]}, "recipients": ["sspuser1@systest.nutanix.com"], "isDisabled": false}}
2026-02-07 08:59:00 - create_budget - INFO - [API RESPONSE] POST https://ncm.services.nconprem-10-53-60-173.ccpnx.com/v1/cg/global/budgets
2026-02-07 08:59:00 - create_budget - INFO - [STATUS CODE] 200
2026-02-07 08:59:00 - create_budget - INFO - [TIME TAKEN] 0.4035 seconds (403.48 ms)
2026-02-07 08:59:00 - create_budget - INFO - [RESPONSE CONTENT-TYPE] application/json
2026-02-07 08:59:00 - create_budget - INFO - [RESPONSE PAYLOAD]
{
  "budgetId": "87c1996e-f824-4eac-a5de-bf3acd9e1584"
}
2026-02-07 08:59:00 - create_budget - INFO - ✓ Created budget: budget_1_CC_HomePC_Account_0e846_ahv_0-251004-124233_key1_XLMXQ_ahv_0-251004-124233_value1_1_XLMXQ_719673
2026-02-07 08:59:00 - create_budget - INFO - [270/301] Creating CC budget: budget_1_CC_HomePC_Account_14617_ahv_0-251004-124233_key1_XLMXQ_ahv_0-251004-124233_value1_1_XLMXQ_719673
2026-02-07 08:59:00 - create_budget - INFO - [API REQUEST] POST https://ncm.services.nconprem-10-53-60-173.ccpnx.com/v1/cg/global/budgets
2026-02-07 08:59:00 - create_budget - INFO - [REQUEST DATA PAYLOAD] {"budgetName": "budget_1_CC_HomePC_Account_14617_ahv_0-251004-124233_key1_XLMXQ_ahv_0-251004-124233_value1_1_XLMXQ_719673", "financialYearStartMonth": "3", "resourceGroups": {"costCenters": ["688c6425-250e-495e-939f-901b2aecb144"]}, "systemEstimate": true, "budgetAlert": {"configuration": {"monthly": [{"thresholdPercent": 72, "isDisabled": false}], "quarterly": [{"thresholdPercent": 77, "isDisabled": false}], "yearly": [{"thresholdPercent": 89, "isDisabled": false}]}, "recipients": ["sspuser1@systest.nutanix.com"], "isDisabled": false}}
2026-02-07 08:59:00 - create_budget - INFO - [API RESPONSE] POST https://ncm.services.nconprem-10-53-60-173.ccpnx.com/v1/cg/global/budgets
2026-02-07 08:59:00 - create_budget - INFO - [STATUS CODE] 200
2026-02-07 08:59:00 - create_budget - INFO - [TIME TAKEN] 0.3787 seconds (378.75 ms)
2026-02-07 08:59:00 - create_budget - INFO - [RESPONSE CONTENT-TYPE] application/json
2026-02-07 08:59:00 - create_budget - INFO - [RESPONSE PAYLOAD]
{
  "budgetId": "c3dbf13b-1d65-4f58-9f56-0b1d9d153516"
}
2026-02-07 08:59:00 - create_budget - INFO - ✓ Created budget: budget_1_CC_HomePC_Account_14617_ahv_0-251004-124233_key1_XLMXQ_ahv_0-251004-124233_value1_1_XLMXQ_719673
2026-02-07 08:59:00 - create_budget - INFO - [271/301] Creating CC budget: budget_1_CC_HomePC_Account_0e846_ahv_0-251004-124236_key1_I78gR_ahv_0-251004-124236_value1_1_I78gR_719673
2026-02-07 08:59:00 - create_budget - INFO - [API REQUEST] POST https://ncm.services.nconprem-10-53-60-173.ccpnx.com/v1/cg/global/budgets
2026-02-07 08:59:00 - create_budget - INFO - [REQUEST DATA PAYLOAD] {"budgetName": "budget_1_CC_HomePC_Account_0e846_ahv_0-251004-124236_key1_I78gR_ahv_0-251004-124236_value1_1_I78gR_719673", "financialYearStartMonth": "8", "resourceGroups": {"costCenters": ["c2e10a6d-7763-4c22-b733-f40cb0479bbc"]}, "systemEstimate": true, "budgetAlert": {"configuration": {"monthly": [{"thresholdPercent": 73, "isDisabled": false}], "quarterly": [{"thresholdPercent": 85, "isDisabled": false}], "yearly": [{"thresholdPercent": 85, "isDisabled": false}]}, "recipients": ["sspuser1@systest.nutanix.com"], "isDisabled": false}}
2026-02-07 08:59:00 - create_budget - INFO - [API RESPONSE] POST https://ncm.services.nconprem-10-53-60-173.ccpnx.com/v1/cg/global/budgets
2026-02-07 08:59:00 - create_budget - INFO - [STATUS CODE] 200
2026-02-07 08:59:00 - create_budget - INFO - [TIME TAKEN] 0.2835 seconds (283.49 ms)
2026-02-07 08:59:00 - create_budget - INFO - [RESPONSE CONTENT-TYPE] application/json
2026-02-07 08:59:00 - create_budget - INFO - [RESPONSE PAYLOAD]
{
  "budgetId": "82b52eda-739a-44aa-a31b-88a395db0b97"
}
2026-02-07 08:59:00 - create_budget - INFO - ✓ Created budget: budget_1_CC_HomePC_Account_0e846_ahv_0-251004-124236_key1_I78gR_ahv_0-251004-124236_value1_1_I78gR_719673
2026-02-07 08:59:00 - create_budget - INFO - [272/301] Creating CC budget: budget_1_CC_HomePC_Account_14617_ahv_0-251004-124236_key1_I78gR_ahv_0-251004-124236_value1_1_I78gR_719673
2026-02-07 08:59:00 - create_budget - INFO - [API REQUEST] POST https://ncm.services.nconprem-10-53-60-173.ccpnx.com/v1/cg/global/budgets
2026-02-07 08:59:00 - create_budget - INFO - [REQUEST DATA PAYLOAD] {"budgetName": "budget_1_CC_HomePC_Account_14617_ahv_0-251004-124236_key1_I78gR_ahv_0-251004-124236_value1_1_I78gR_719673", "financialYearStartMonth": "2", "resourceGroups": {"costCenters": ["bde049c3-97f0-4e10-8d00-52a420721c84"]}, "systemEstimate": true, "budgetAlert": {"configuration": {"monthly": [{"thresholdPercent": 68, "isDisabled": false}], "quarterly": [{"thresholdPercent": 77, "isDisabled": false}], "yearly": [{"thresholdPercent": 92, "isDisabled": false}]}, "recipients": ["sspuser1@systest.nutanix.com"], "isDisabled": false}}
2026-02-07 08:59:01 - create_budget - INFO - [API RESPONSE] POST https://ncm.services.nconprem-10-53-60-173.ccpnx.com/v1/cg/global/budgets
2026-02-07 08:59:01 - create_budget - INFO - [STATUS CODE] 200
2026-02-07 08:59:01 - create_budget - INFO - [TIME TAKEN] 0.3306 seconds (330.64 ms)
2026-02-07 08:59:01 - create_budget - INFO - [RESPONSE CONTENT-TYPE] application/json
2026-02-07 08:59:01 - create_budget - INFO - [RESPONSE PAYLOAD]
{
  "budgetId": "07b3082f-be9e-4889-bd47-69a52cfce63e"
}
2026-02-07 08:59:01 - create_budget - INFO - ✓ Created budget: budget_1_CC_HomePC_Account_14617_ahv_0-251004-124236_key1_I78gR_ahv_0-251004-124236_value1_1_I78gR_719673
2026-02-07 08:59:01 - create_budget - INFO - [273/301] Creating CC budget: budget_1_CC_HomePC_Account_0e846_ahv_0-251004-124243_key1_4EZS4_ahv_0-251004-124243_value1_1_4EZS4_719673
2026-02-07 08:59:01 - create_budget - INFO - [API REQUEST] POST https://ncm.services.nconprem-10-53-60-173.ccpnx.com/v1/cg/global/budgets
2026-02-07 08:59:01 - create_budget - INFO - [REQUEST DATA PAYLOAD] {"budgetName": "budget_1_CC_HomePC_Account_0e846_ahv_0-251004-124243_key1_4EZS4_ahv_0-251004-124243_value1_1_4EZS4_719673", "financialYearStartMonth": "1", "resourceGroups": {"costCenters": ["14c70d15-b69a-4c9c-a873-c8ae978bd0bf"]}, "systemEstimate": true, "budgetAlert": {"configuration": {"monthly": [{"thresholdPercent": 74, "isDisabled": false}], "quarterly": [{"thresholdPercent": 78, "isDisabled": false}], "yearly": [{"thresholdPercent": 92, "isDisabled": false}]}, "recipients": ["sspuser1@systest.nutanix.com"], "isDisabled": false}}
2026-02-07 08:59:01 - create_budget - INFO - [API RESPONSE] POST https://ncm.services.nconprem-10-53-60-173.ccpnx.com/v1/cg/global/budgets
2026-02-07 08:59:01 - create_budget - INFO - [STATUS CODE] 200
2026-02-07 08:59:01 - create_budget - INFO - [TIME TAKEN] 0.4181 seconds (418.14 ms)
2026-02-07 08:59:01 - create_budget - INFO - [RESPONSE CONTENT-TYPE] application/json
2026-02-07 08:59:01 - create_budget - INFO - [RESPONSE PAYLOAD]
{
  "budgetId": "e9b7f7aa-caf5-49ed-ade6-4af37ff2a326"
}
2026-02-07 08:59:01 - create_budget - INFO - ✓ Created budget: budget_1_CC_HomePC_Account_0e846_ahv_0-251004-124243_key1_4EZS4_ahv_0-251004-124243_value1_1_4EZS4_719673
2026-02-07 08:59:01 - create_budget - INFO - [274/301] Creating CC budget: budget_1_CC_HomePC_Account_14617_ahv_0-251004-124243_key1_4EZS4_ahv_0-251004-124243_value1_1_4EZS4_719673
2026-02-07 08:59:01 - create_budget - INFO - [API REQUEST] POST https://ncm.services.nconprem-10-53-60-173.ccpnx.com/v1/cg/global/budgets
2026-02-07 08:59:01 - create_budget - INFO - [REQUEST DATA PAYLOAD] {"budgetName": "budget_1_CC_HomePC_Account_14617_ahv_0-251004-124243_key1_4EZS4_ahv_0-251004-124243_value1_1_4EZS4_719673", "financialYearStartMonth": "5", "resourceGroups": {"costCenters": ["8678bd48-8a10-4846-8293-ea945bd1bf03"]}, "systemEstimate": true, "budgetAlert": {"configuration": {"monthly": [{"thresholdPercent": 72, "isDisabled": false}], "quarterly": [{"thresholdPercent": 83, "isDisabled": false}], "yearly": [{"thresholdPercent": 88, "isDisabled": false}]}, "recipients": ["sspuser1@systest.nutanix.com"], "isDisabled": false}}
2026-02-07 08:59:02 - create_budget - INFO - [API RESPONSE] POST https://ncm.services.nconprem-10-53-60-173.ccpnx.com/v1/cg/global/budgets
2026-02-07 08:59:02 - create_budget - INFO - [STATUS CODE] 200
2026-02-07 08:59:02 - create_budget - INFO - [TIME TAKEN] 0.6123 seconds (612.29 ms)
2026-02-07 08:59:02 - create_budget - INFO - [RESPONSE CONTENT-TYPE] application/json
2026-02-07 08:59:02 - create_budget - INFO - [RESPONSE PAYLOAD]
{
  "budgetId": "ef4eb177-5693-48c1-9fbc-a8af0f3aaaf3"
}
2026-02-07 08:59:02 - create_budget - INFO - ✓ Created budget: budget_1_CC_HomePC_Account_14617_ahv_0-251004-124243_key1_4EZS4_ahv_0-251004-124243_value1_1_4EZS4_719673
2026-02-07 08:59:02 - create_budget - INFO - [275/301] Creating CC budget: budget_1_CC_HomePC_Account_0e846_ahv_0-251004-124245_key1_NBbeb_ahv_0-251004-124245_value1_1_NBbeb_719673
2026-02-07 08:59:02 - create_budget - INFO - [API REQUEST] POST https://ncm.services.nconprem-10-53-60-173.ccpnx.com/v1/cg/global/budgets
2026-02-07 08:59:02 - create_budget - INFO - [REQUEST DATA PAYLOAD] {"budgetName": "budget_1_CC_HomePC_Account_0e846_ahv_0-251004-124245_key1_NBbeb_ahv_0-251004-124245_value1_1_NBbeb_719673", "financialYearStartMonth": "4", "resourceGroups": {"costCenters": ["1a96981c-d005-4b5c-9084-5bbeceb4e598"]}, "systemEstimate": true, "budgetAlert": {"configuration": {"monthly": [{"thresholdPercent": 66, "isDisabled": false}], "quarterly": [{"thresholdPercent": 78, "isDisabled": false}], "yearly": [{"thresholdPercent": 86, "isDisabled": false}]}, "recipients": ["sspuser1@systest.nutanix.com"], "isDisabled": false}}
2026-02-07 08:59:02 - create_budget - INFO - [API RESPONSE] POST https://ncm.services.nconprem-10-53-60-173.ccpnx.com/v1/cg/global/budgets
2026-02-07 08:59:02 - create_budget - INFO - [STATUS CODE] 200
2026-02-07 08:59:02 - create_budget - INFO - [TIME TAKEN] 0.4718 seconds (471.78 ms)
2026-02-07 08:59:02 - create_budget - INFO - [RESPONSE CONTENT-TYPE] application/json
2026-02-07 08:59:02 - create_budget - INFO - [RESPONSE PAYLOAD]
{
  "budgetId": "76d3842d-6ce7-4705-ac43-609aa64d3783"
}
2026-02-07 08:59:02 - create_budget - INFO - ✓ Created budget: budget_1_CC_HomePC_Account_0e846_ahv_0-251004-124245_key1_NBbeb_ahv_0-251004-124245_value1_1_NBbeb_719673
2026-02-07 08:59:02 - create_budget - INFO - [276/301] Creating CC budget: budget_1_CC_HomePC_Account_14617_ahv_0-251004-124245_key1_NBbeb_ahv_0-251004-124245_value1_1_NBbeb_719673
2026-02-07 08:59:02 - create_budget - INFO - [API REQUEST] POST https://ncm.services.nconprem-10-53-60-173.ccpnx.com/v1/cg/global/budgets
2026-02-07 08:59:02 - create_budget - INFO - [REQUEST DATA PAYLOAD] {"budgetName": "budget_1_CC_HomePC_Account_14617_ahv_0-251004-124245_key1_NBbeb_ahv_0-251004-124245_value1_1_NBbeb_719673", "financialYearStartMonth": "4", "resourceGroups": {"costCenters": ["e280011f-5f6b-43ca-9c33-9c6115522834"]}, "systemEstimate": true, "budgetAlert": {"configuration": {"monthly": [{"thresholdPercent": 67, "isDisabled": false}], "quarterly": [{"thresholdPercent": 84, "isDisabled": false}], "yearly": [{"thresholdPercent": 92, "isDisabled": false}]}, "recipients": ["sspuser1@systest.nutanix.com"], "isDisabled": false}}
2026-02-07 08:59:03 - create_budget - INFO - [API RESPONSE] POST https://ncm.services.nconprem-10-53-60-173.ccpnx.com/v1/cg/global/budgets
2026-02-07 08:59:03 - create_budget - INFO - [STATUS CODE] 200
2026-02-07 08:59:03 - create_budget - INFO - [TIME TAKEN] 0.7366 seconds (736.64 ms)
2026-02-07 08:59:03 - create_budget - INFO - [RESPONSE CONTENT-TYPE] application/json
2026-02-07 08:59:03 - create_budget - INFO - [RESPONSE PAYLOAD]
{
  "budgetId": "def3f9ed-52c2-42b8-8ed0-879878677fa0"
}
2026-02-07 08:59:03 - create_budget - INFO - ✓ Created budget: budget_1_CC_HomePC_Account_14617_ahv_0-251004-124245_key1_NBbeb_ahv_0-251004-124245_value1_1_NBbeb_719673
2026-02-07 08:59:03 - create_budget - INFO - [277/301] Creating CC budget: budget_1_CC_HomePC_Account_0e846_ahv_0-251004-124246_key1_ue0ZM_ahv_0-251004-124246_value1_1_ue0ZM_719673
2026-02-07 08:59:03 - create_budget - INFO - [API REQUEST] POST https://ncm.services.nconprem-10-53-60-173.ccpnx.com/v1/cg/global/budgets
2026-02-07 08:59:03 - create_budget - INFO - [REQUEST DATA PAYLOAD] {"budgetName": "budget_1_CC_HomePC_Account_0e846_ahv_0-251004-124246_key1_ue0ZM_ahv_0-251004-124246_value1_1_ue0ZM_719673", "financialYearStartMonth": "1", "resourceGroups": {"costCenters": ["215f199b-0e5e-4f7a-8947-edebf7bcb739"]}, "systemEstimate": true, "budgetAlert": {"configuration": {"monthly": [{"thresholdPercent": 73, "isDisabled": false}], "quarterly": [{"thresholdPercent": 83, "isDisabled": false}], "yearly": [{"thresholdPercent": 90, "isDisabled": false}]}, "recipients": ["sspuser1@systest.nutanix.com"], "isDisabled": false}}
2026-02-07 08:59:04 - create_budget - INFO - [API RESPONSE] POST https://ncm.services.nconprem-10-53-60-173.ccpnx.com/v1/cg/global/budgets
2026-02-07 08:59:04 - create_budget - INFO - [STATUS CODE] 200
2026-02-07 08:59:04 - create_budget - INFO - [TIME TAKEN] 0.6852 seconds (685.18 ms)
2026-02-07 08:59:04 - create_budget - INFO - [RESPONSE CONTENT-TYPE] application/json
2026-02-07 08:59:04 - create_budget - INFO - [RESPONSE PAYLOAD]
{
  "budgetId": "9704f5f0-22c2-4882-b01d-8f1066f6eeba"
}
2026-02-07 08:59:04 - create_budget - INFO - ✓ Created budget: budget_1_CC_HomePC_Account_0e846_ahv_0-251004-124246_key1_ue0ZM_ahv_0-251004-124246_value1_1_ue0ZM_719673
2026-02-07 08:59:04 - create_budget - INFO - [278/301] Creating CC budget: budget_1_CC_HomePC_Account_14617_ahv_0-251004-124247_key1_6FXAy_ahv_0-251004-124247_value1_1_6FXAy_719673
2026-02-07 08:59:04 - create_budget - INFO - [API REQUEST] POST https://ncm.services.nconprem-10-53-60-173.ccpnx.com/v1/cg/global/budgets
2026-02-07 08:59:04 - create_budget - INFO - [REQUEST DATA PAYLOAD] {"budgetName": "budget_1_CC_HomePC_Account_14617_ahv_0-251004-124247_key1_6FXAy_ahv_0-251004-124247_value1_1_6FXAy_719673", "financialYearStartMonth": "3", "resourceGroups": {"costCenters": ["4e3ed768-b910-47c0-8fc0-ecece240409c"]}, "systemEstimate": true, "budgetAlert": {"configuration": {"monthly": [{"thresholdPercent": 65, "isDisabled": false}], "quarterly": [{"thresholdPercent": 83, "isDisabled": false}], "yearly": [{"thresholdPercent": 88, "isDisabled": false}]}, "recipients": ["sspuser1@systest.nutanix.com"], "isDisabled": false}}
2026-02-07 08:59:04 - create_budget - INFO - [API RESPONSE] POST https://ncm.services.nconprem-10-53-60-173.ccpnx.com/v1/cg/global/budgets
2026-02-07 08:59:04 - create_budget - INFO - [STATUS CODE] 200
2026-02-07 08:59:04 - create_budget - INFO - [TIME TAKEN] 0.4917 seconds (491.71 ms)
2026-02-07 08:59:04 - create_budget - INFO - [RESPONSE CONTENT-TYPE] application/json
2026-02-07 08:59:04 - create_budget - INFO - [RESPONSE PAYLOAD]
{
  "budgetId": "81bca22d-60ae-4dd9-b005-730bbd2eb806"
}
2026-02-07 08:59:04 - create_budget - INFO - ✓ Created budget: budget_1_CC_HomePC_Account_14617_ahv_0-251004-124247_key1_6FXAy_ahv_0-251004-124247_value1_1_6FXAy_719673
2026-02-07 08:59:04 - create_budget - INFO - [279/301] Creating CC budget: budget_1_CC_HomePC_Account_14617_ahv_0-251004-124246_key1_ue0ZM_ahv_0-251004-124246_value1_1_ue0ZM_719673
2026-02-07 08:59:04 - create_budget - INFO - [API REQUEST] POST https://ncm.services.nconprem-10-53-60-173.ccpnx.com/v1/cg/global/budgets
2026-02-07 08:59:04 - create_budget - INFO - [REQUEST DATA PAYLOAD] {"budgetName": "budget_1_CC_HomePC_Account_14617_ahv_0-251004-124246_key1_ue0ZM_ahv_0-251004-124246_value1_1_ue0ZM_719673", "financialYearStartMonth": "1", "resourceGroups": {"costCenters": ["f296901d-2437-4ba9-9f88-4c2f6d922bd9"]}, "systemEstimate": true, "budgetAlert": {"configuration": {"monthly": [{"thresholdPercent": 69, "isDisabled": false}], "quarterly": [{"thresholdPercent": 79, "isDisabled": false}], "yearly": [{"thresholdPercent": 94, "isDisabled": false}]}, "recipients": ["sspuser1@systest.nutanix.com"], "isDisabled": false}}
2026-02-07 08:59:05 - create_budget - INFO - [API RESPONSE] POST https://ncm.services.nconprem-10-53-60-173.ccpnx.com/v1/cg/global/budgets
2026-02-07 08:59:05 - create_budget - INFO - [STATUS CODE] 200
2026-02-07 08:59:05 - create_budget - INFO - [TIME TAKEN] 0.4068 seconds (406.78 ms)
2026-02-07 08:59:05 - create_budget - INFO - [RESPONSE CONTENT-TYPE] application/json
2026-02-07 08:59:05 - create_budget - INFO - [RESPONSE PAYLOAD]
{
  "budgetId": "9193d605-688d-4422-b441-3e9b60944391"
}
2026-02-07 08:59:05 - create_budget - INFO - ✓ Created budget: budget_1_CC_HomePC_Account_14617_ahv_0-251004-124246_key1_ue0ZM_ahv_0-251004-124246_value1_1_ue0ZM_719673
2026-02-07 08:59:05 - create_budget - INFO - [280/301] Creating CC budget: budget_1_CC_HomePC_Account_0e846_ahv_0-251004-124247_key1_6FXAy_ahv_0-251004-124247_value1_1_6FXAy_719673
2026-02-07 08:59:05 - create_budget - INFO - [API REQUEST] POST https://ncm.services.nconprem-10-53-60-173.ccpnx.com/v1/cg/global/budgets
2026-02-07 08:59:05 - create_budget - INFO - [REQUEST DATA PAYLOAD] {"budgetName": "budget_1_CC_HomePC_Account_0e846_ahv_0-251004-124247_key1_6FXAy_ahv_0-251004-124247_value1_1_6FXAy_719673", "financialYearStartMonth": "8", "resourceGroups": {"costCenters": ["784c9965-2aab-4c75-bd6a-c3f26c101ff4"]}, "systemEstimate": true, "budgetAlert": {"configuration": {"monthly": [{"thresholdPercent": 66, "isDisabled": false}], "quarterly": [{"thresholdPercent": 79, "isDisabled": false}], "yearly": [{"thresholdPercent": 88, "isDisabled": false}]}, "recipients": ["sspuser1@systest.nutanix.com"], "isDisabled": false}}
2026-02-07 08:59:05 - create_budget - INFO - [API RESPONSE] POST https://ncm.services.nconprem-10-53-60-173.ccpnx.com/v1/cg/global/budgets
2026-02-07 08:59:05 - create_budget - INFO - [STATUS CODE] 200
2026-02-07 08:59:05 - create_budget - INFO - [TIME TAKEN] 0.5856 seconds (585.59 ms)
2026-02-07 08:59:05 - create_budget - INFO - [RESPONSE CONTENT-TYPE] application/json
2026-02-07 08:59:05 - create_budget - INFO - [RESPONSE PAYLOAD]
{
  "budgetId": "44f01b39-2697-4c1d-8150-777c24f20b81"
}
2026-02-07 08:59:05 - create_budget - INFO - ✓ Created budget: budget_1_CC_HomePC_Account_0e846_ahv_0-251004-124247_key1_6FXAy_ahv_0-251004-124247_value1_1_6FXAy_719673
2026-02-07 08:59:05 - create_budget - INFO - [281/301] Creating CC budget: budget_1_CC_HomePC_Account_0e846_ahv_0-251004-124251_key1_DavLI_ahv_0-251004-124251_value1_1_DavLI_719673
2026-02-07 08:59:05 - create_budget - INFO - [API REQUEST] POST https://ncm.services.nconprem-10-53-60-173.ccpnx.com/v1/cg/global/budgets
2026-02-07 08:59:05 - create_budget - INFO - [REQUEST DATA PAYLOAD] {"budgetName": "budget_1_CC_HomePC_Account_0e846_ahv_0-251004-124251_key1_DavLI_ahv_0-251004-124251_value1_1_DavLI_719673", "financialYearStartMonth": "10", "resourceGroups": {"costCenters": ["03a3b4b0-172d-48d1-83ed-7a1f08733f00"]}, "systemEstimate": true, "budgetAlert": {"configuration": {"monthly": [{"thresholdPercent": 69, "isDisabled": false}], "quarterly": [{"thresholdPercent": 79, "isDisabled": false}], "yearly": [{"thresholdPercent": 94, "isDisabled": false}]}, "recipients": ["sspuser1@systest.nutanix.com"], "isDisabled": false}}
2026-02-07 08:59:06 - create_budget - INFO - [API RESPONSE] POST https://ncm.services.nconprem-10-53-60-173.ccpnx.com/v1/cg/global/budgets
2026-02-07 08:59:06 - create_budget - INFO - [STATUS CODE] 200
2026-02-07 08:59:06 - create_budget - INFO - [TIME TAKEN] 0.8935 seconds (893.54 ms)
2026-02-07 08:59:06 - create_budget - INFO - [RESPONSE CONTENT-TYPE] application/json
2026-02-07 08:59:06 - create_budget - INFO - [RESPONSE PAYLOAD]
{
  "budgetId": "44a26d83-6f13-4637-a0e2-781996e16590"
}
2026-02-07 08:59:06 - create_budget - INFO - ✓ Created budget: budget_1_CC_HomePC_Account_0e846_ahv_0-251004-124251_key1_DavLI_ahv_0-251004-124251_value1_1_DavLI_719673
2026-02-07 08:59:06 - create_budget - INFO - [282/301] Creating CC budget: budget_1_CC_HomePC_Account_0e846_ahv_0-251004-124252_key1_Jyeqr_ahv_0-251004-124252_value1_1_Jyeqr_719673
2026-02-07 08:59:06 - create_budget - INFO - [API REQUEST] POST https://ncm.services.nconprem-10-53-60-173.ccpnx.com/v1/cg/global/budgets
2026-02-07 08:59:06 - create_budget - INFO - [REQUEST DATA PAYLOAD] {"budgetName": "budget_1_CC_HomePC_Account_0e846_ahv_0-251004-124252_key1_Jyeqr_ahv_0-251004-124252_value1_1_Jyeqr_719673", "financialYearStartMonth": "3", "resourceGroups": {"costCenters": ["d38181a3-06cc-4bc3-b7a4-6ad34052da0e"]}, "systemEstimate": true, "budgetAlert": {"configuration": {"monthly": [{"thresholdPercent": 73, "isDisabled": false}], "quarterly": [{"thresholdPercent": 83, "isDisabled": false}], "yearly": [{"thresholdPercent": 86, "isDisabled": false}]}, "recipients": ["sspuser1@systest.nutanix.com"], "isDisabled": false}}
2026-02-07 08:59:07 - create_budget - INFO - [API RESPONSE] POST https://ncm.services.nconprem-10-53-60-173.ccpnx.com/v1/cg/global/budgets
2026-02-07 08:59:07 - create_budget - INFO - [STATUS CODE] 200
2026-02-07 08:59:07 - create_budget - INFO - [TIME TAKEN] 0.6163 seconds (616.30 ms)
2026-02-07 08:59:07 - create_budget - INFO - [RESPONSE CONTENT-TYPE] application/json
2026-02-07 08:59:07 - create_budget - INFO - [RESPONSE PAYLOAD]
{
  "budgetId": "f9f96fb5-88b8-4a9a-a477-d3b8dbed1ebd"
}
2026-02-07 08:59:07 - create_budget - INFO - ✓ Created budget: budget_1_CC_HomePC_Account_0e846_ahv_0-251004-124252_key1_Jyeqr_ahv_0-251004-124252_value1_1_Jyeqr_719673
2026-02-07 08:59:07 - create_budget - INFO - [283/301] Creating CC budget: budget_1_CC_HomePC_Account_14617_ahv_0-251004-124252_key1_Jyeqr_ahv_0-251004-124252_value1_1_Jyeqr_719673
2026-02-07 08:59:07 - create_budget - INFO - [API REQUEST] POST https://ncm.services.nconprem-10-53-60-173.ccpnx.com/v1/cg/global/budgets
2026-02-07 08:59:07 - create_budget - INFO - [REQUEST DATA PAYLOAD] {"budgetName": "budget_1_CC_HomePC_Account_14617_ahv_0-251004-124252_key1_Jyeqr_ahv_0-251004-124252_value1_1_Jyeqr_719673", "financialYearStartMonth": "3", "resourceGroups": {"costCenters": ["3c602cbf-f858-4acb-990c-e34851b373f3"]}, "systemEstimate": true, "budgetAlert": {"configuration": {"monthly": [{"thresholdPercent": 66, "isDisabled": false}], "quarterly": [{"thresholdPercent": 78, "isDisabled": false}], "yearly": [{"thresholdPercent": 86, "isDisabled": false}]}, "recipients": ["sspuser1@systest.nutanix.com"], "isDisabled": false}}
2026-02-07 08:59:07 - create_budget - INFO - [API RESPONSE] POST https://ncm.services.nconprem-10-53-60-173.ccpnx.com/v1/cg/global/budgets
2026-02-07 08:59:07 - create_budget - INFO - [STATUS CODE] 200
2026-02-07 08:59:07 - create_budget - INFO - [TIME TAKEN] 0.3699 seconds (369.89 ms)
2026-02-07 08:59:07 - create_budget - INFO - [RESPONSE CONTENT-TYPE] application/json
2026-02-07 08:59:07 - create_budget - INFO - [RESPONSE PAYLOAD]
{
  "budgetId": "3f74a187-4757-4567-a118-0bf2ac27e325"
}
2026-02-07 08:59:07 - create_budget - INFO - ✓ Created budget: budget_1_CC_HomePC_Account_14617_ahv_0-251004-124252_key1_Jyeqr_ahv_0-251004-124252_value1_1_Jyeqr_719673
2026-02-07 08:59:07 - create_budget - INFO - [284/301] Creating CC budget: budget_1_CC_HomePC_Account_14617_ahv_0-251004-124253_key1_SNNW4_ahv_0-251004-124253_value1_1_SNNW4_719673
2026-02-07 08:59:07 - create_budget - INFO - [API REQUEST] POST https://ncm.services.nconprem-10-53-60-173.ccpnx.com/v1/cg/global/budgets
2026-02-07 08:59:07 - create_budget - INFO - [REQUEST DATA PAYLOAD] {"budgetName": "budget_1_CC_HomePC_Account_14617_ahv_0-251004-124253_key1_SNNW4_ahv_0-251004-124253_value1_1_SNNW4_719673", "financialYearStartMonth": "11", "resourceGroups": {"costCenters": ["f090082a-d414-49e6-860d-eba6c4148617"]}, "systemEstimate": true, "budgetAlert": {"configuration": {"monthly": [{"thresholdPercent": 65, "isDisabled": false}], "quarterly": [{"thresholdPercent": 80, "isDisabled": false}], "yearly": [{"thresholdPercent": 89, "isDisabled": false}]}, "recipients": ["sspuser1@systest.nutanix.com"], "isDisabled": false}}
2026-02-07 08:59:08 - create_budget - INFO - [API RESPONSE] POST https://ncm.services.nconprem-10-53-60-173.ccpnx.com/v1/cg/global/budgets
2026-02-07 08:59:08 - create_budget - INFO - [STATUS CODE] 200
2026-02-07 08:59:08 - create_budget - INFO - [TIME TAKEN] 0.4547 seconds (454.65 ms)
2026-02-07 08:59:08 - create_budget - INFO - [RESPONSE CONTENT-TYPE] application/json
2026-02-07 08:59:08 - create_budget - INFO - [RESPONSE PAYLOAD]
{
  "budgetId": "4a3d4e5c-d1f6-4345-b524-ad3f0bc34143"
}
2026-02-07 08:59:08 - create_budget - INFO - ✓ Created budget: budget_1_CC_HomePC_Account_14617_ahv_0-251004-124253_key1_SNNW4_ahv_0-251004-124253_value1_1_SNNW4_719673
2026-02-07 08:59:08 - create_budget - INFO - [285/301] Creating CC budget: budget_1_CC_HomePC_Account_0e846_ahv_0-251004-124254_key1_IFuvz_ahv_0-251004-124254_value1_1_IFuvz_719673
2026-02-07 08:59:08 - create_budget - INFO - [API REQUEST] POST https://ncm.services.nconprem-10-53-60-173.ccpnx.com/v1/cg/global/budgets
2026-02-07 08:59:08 - create_budget - INFO - [REQUEST DATA PAYLOAD] {"budgetName": "budget_1_CC_HomePC_Account_0e846_ahv_0-251004-124254_key1_IFuvz_ahv_0-251004-124254_value1_1_IFuvz_719673", "financialYearStartMonth": "8", "resourceGroups": {"costCenters": ["8302e179-8960-4119-a2d9-d3b36def8221"]}, "systemEstimate": true, "budgetAlert": {"configuration": {"monthly": [{"thresholdPercent": 73, "isDisabled": false}], "quarterly": [{"thresholdPercent": 77, "isDisabled": false}], "yearly": [{"thresholdPercent": 95, "isDisabled": false}]}, "recipients": ["sspuser1@systest.nutanix.com"], "isDisabled": false}}
2026-02-07 08:59:08 - create_budget - INFO - [API RESPONSE] POST https://ncm.services.nconprem-10-53-60-173.ccpnx.com/v1/cg/global/budgets
2026-02-07 08:59:08 - create_budget - INFO - [STATUS CODE] 200
2026-02-07 08:59:08 - create_budget - INFO - [TIME TAKEN] 0.3314 seconds (331.35 ms)
2026-02-07 08:59:08 - create_budget - INFO - [RESPONSE CONTENT-TYPE] application/json
2026-02-07 08:59:08 - create_budget - INFO - [RESPONSE PAYLOAD]
{
  "budgetId": "e63c5058-5886-433d-b805-ae88e8da3339"
}
2026-02-07 08:59:08 - create_budget - INFO - ✓ Created budget: budget_1_CC_HomePC_Account_0e846_ahv_0-251004-124254_key1_IFuvz_ahv_0-251004-124254_value1_1_IFuvz_719673
2026-02-07 08:59:08 - create_budget - INFO - [286/301] Creating CC budget: budget_1_CC_HomePC_Account_0e846_ahv_0-251004-124255_key1_SONSK_ahv_0-251004-124255_value1_1_SONSK_719673
2026-02-07 08:59:08 - create_budget - INFO - [API REQUEST] POST https://ncm.services.nconprem-10-53-60-173.ccpnx.com/v1/cg/global/budgets
2026-02-07 08:59:08 - create_budget - INFO - [REQUEST DATA PAYLOAD] {"budgetName": "budget_1_CC_HomePC_Account_0e846_ahv_0-251004-124255_key1_SONSK_ahv_0-251004-124255_value1_1_SONSK_719673", "financialYearStartMonth": "3", "resourceGroups": {"costCenters": ["39e3030a-14bc-4043-b458-94fb5617864f"]}, "systemEstimate": true, "budgetAlert": {"configuration": {"monthly": [{"thresholdPercent": 74, "isDisabled": false}], "quarterly": [{"thresholdPercent": 80, "isDisabled": false}], "yearly": [{"thresholdPercent": 94, "isDisabled": false}]}, "recipients": ["sspuser1@systest.nutanix.com"], "isDisabled": false}}
2026-02-07 08:59:08 - create_budget - INFO - [API RESPONSE] POST https://ncm.services.nconprem-10-53-60-173.ccpnx.com/v1/cg/global/budgets
2026-02-07 08:59:08 - create_budget - INFO - [STATUS CODE] 200
2026-02-07 08:59:08 - create_budget - INFO - [TIME TAKEN] 0.4076 seconds (407.64 ms)
2026-02-07 08:59:08 - create_budget - INFO - [RESPONSE CONTENT-TYPE] application/json
2026-02-07 08:59:08 - create_budget - INFO - [RESPONSE PAYLOAD]
{
  "budgetId": "8d94b869-67f0-4d06-bc13-9b84a53faffa"
}
2026-02-07 08:59:08 - create_budget - INFO - ✓ Created budget: budget_1_CC_HomePC_Account_0e846_ahv_0-251004-124255_key1_SONSK_ahv_0-251004-124255_value1_1_SONSK_719673
2026-02-07 08:59:08 - create_budget - INFO - [287/301] Creating CC budget: budget_1_CC_HomePC_Account_14617_ahv_0-251004-124255_key1_SONSK_ahv_0-251004-124255_value1_1_SONSK_719673
2026-02-07 08:59:08 - create_budget - INFO - [API REQUEST] POST https://ncm.services.nconprem-10-53-60-173.ccpnx.com/v1/cg/global/budgets
2026-02-07 08:59:08 - create_budget - INFO - [REQUEST DATA PAYLOAD] {"budgetName": "budget_1_CC_HomePC_Account_14617_ahv_0-251004-124255_key1_SONSK_ahv_0-251004-124255_value1_1_SONSK_719673", "financialYearStartMonth": "6", "resourceGroups": {"costCenters": ["2617458e-7a02-4df8-8687-a789a8533dd5"]}, "systemEstimate": true, "budgetAlert": {"configuration": {"monthly": [{"thresholdPercent": 70, "isDisabled": false}], "quarterly": [{"thresholdPercent": 81, "isDisabled": false}], "yearly": [{"thresholdPercent": 87, "isDisabled": false}]}, "recipients": ["sspuser1@systest.nutanix.com"], "isDisabled": false}}
2026-02-07 08:59:09 - create_budget - INFO - [API RESPONSE] POST https://ncm.services.nconprem-10-53-60-173.ccpnx.com/v1/cg/global/budgets
2026-02-07 08:59:09 - create_budget - INFO - [STATUS CODE] 200
2026-02-07 08:59:09 - create_budget - INFO - [TIME TAKEN] 0.3423 seconds (342.34 ms)
2026-02-07 08:59:09 - create_budget - INFO - [RESPONSE CONTENT-TYPE] application/json
2026-02-07 08:59:09 - create_budget - INFO - [RESPONSE PAYLOAD]
{
  "budgetId": "9ddb7386-ccc1-47bd-b63e-f0be3973a145"
}
2026-02-07 08:59:09 - create_budget - INFO - ✓ Created budget: budget_1_CC_HomePC_Account_14617_ahv_0-251004-124255_key1_SONSK_ahv_0-251004-124255_value1_1_SONSK_719673
2026-02-07 08:59:09 - create_budget - INFO - [288/301] Creating CC budget: budget_1_CC_HomePC_Account_0e846_ahv_0-251004-152901_key1_BW6UV_ahv_0-251004-152901_value1_1_BW6UV_719673
2026-02-07 08:59:09 - create_budget - INFO - [API REQUEST] POST https://ncm.services.nconprem-10-53-60-173.ccpnx.com/v1/cg/global/budgets
2026-02-07 08:59:09 - create_budget - INFO - [REQUEST DATA PAYLOAD] {"budgetName": "budget_1_CC_HomePC_Account_0e846_ahv_0-251004-152901_key1_BW6UV_ahv_0-251004-152901_value1_1_BW6UV_719673", "financialYearStartMonth": "1", "resourceGroups": {"costCenters": ["1b149a34-e310-486e-bf16-e2cfb2c42ee0"]}, "systemEstimate": true, "budgetAlert": {"configuration": {"monthly": [{"thresholdPercent": 66, "isDisabled": false}], "quarterly": [{"thresholdPercent": 79, "isDisabled": false}], "yearly": [{"thresholdPercent": 93, "isDisabled": false}]}, "recipients": ["sspuser1@systest.nutanix.com"], "isDisabled": false}}
2026-02-07 08:59:09 - create_budget - INFO - [API RESPONSE] POST https://ncm.services.nconprem-10-53-60-173.ccpnx.com/v1/cg/global/budgets
2026-02-07 08:59:09 - create_budget - INFO - [STATUS CODE] 200
2026-02-07 08:59:09 - create_budget - INFO - [TIME TAKEN] 0.8613 seconds (861.28 ms)
2026-02-07 08:59:09 - create_budget - INFO - [RESPONSE CONTENT-TYPE] application/json
2026-02-07 08:59:09 - create_budget - INFO - [RESPONSE PAYLOAD]
{
  "budgetId": "214e43c6-c890-40b6-9b7c-eb455471d4b5"
}
2026-02-07 08:59:09 - create_budget - INFO - ✓ Created budget: budget_1_CC_HomePC_Account_0e846_ahv_0-251004-152901_key1_BW6UV_ahv_0-251004-152901_value1_1_BW6UV_719673
2026-02-07 08:59:09 - create_budget - INFO - [289/301] Creating CC budget: budget_1_CC_HomePC_Account_14617_ahv_0-251004-152901_key1_BW6UV_ahv_0-251004-152901_value1_1_BW6UV_719673
2026-02-07 08:59:09 - create_budget - INFO - [API REQUEST] POST https://ncm.services.nconprem-10-53-60-173.ccpnx.com/v1/cg/global/budgets
2026-02-07 08:59:09 - create_budget - INFO - [REQUEST DATA PAYLOAD] {"budgetName": "budget_1_CC_HomePC_Account_14617_ahv_0-251004-152901_key1_BW6UV_ahv_0-251004-152901_value1_1_BW6UV_719673", "financialYearStartMonth": "3", "resourceGroups": {"costCenters": ["cf7565df-34ed-49ed-a577-4280d0e78d1f"]}, "systemEstimate": true, "budgetAlert": {"configuration": {"monthly": [{"thresholdPercent": 69, "isDisabled": false}], "quarterly": [{"thresholdPercent": 82, "isDisabled": false}], "yearly": [{"thresholdPercent": 94, "isDisabled": false}]}, "recipients": ["sspuser1@systest.nutanix.com"], "isDisabled": false}}
2026-02-07 08:59:10 - create_budget - INFO - [API RESPONSE] POST https://ncm.services.nconprem-10-53-60-173.ccpnx.com/v1/cg/global/budgets
2026-02-07 08:59:10 - create_budget - INFO - [STATUS CODE] 200
2026-02-07 08:59:10 - create_budget - INFO - [TIME TAKEN] 0.6118 seconds (611.84 ms)
2026-02-07 08:59:10 - create_budget - INFO - [RESPONSE CONTENT-TYPE] application/json
2026-02-07 08:59:10 - create_budget - INFO - [RESPONSE PAYLOAD]
{
  "budgetId": "b59d73cb-b031-44ad-ac6a-f41f851b4eec"
}
2026-02-07 08:59:10 - create_budget - INFO - ✓ Created budget: budget_1_CC_HomePC_Account_14617_ahv_0-251004-152901_key1_BW6UV_ahv_0-251004-152901_value1_1_BW6UV_719673
2026-02-07 08:59:10 - create_budget - INFO - [290/301] Creating CC budget: budget_1_CC_HomePC_Account_14617_ahv_0-251004-124251_key1_DavLI_ahv_0-251004-124251_value1_1_DavLI_719673
2026-02-07 08:59:10 - create_budget - INFO - [API REQUEST] POST https://ncm.services.nconprem-10-53-60-173.ccpnx.com/v1/cg/global/budgets
2026-02-07 08:59:10 - create_budget - INFO - [REQUEST DATA PAYLOAD] {"budgetName": "budget_1_CC_HomePC_Account_14617_ahv_0-251004-124251_key1_DavLI_ahv_0-251004-124251_value1_1_DavLI_719673", "financialYearStartMonth": "11", "resourceGroups": {"costCenters": ["f2a5edbd-ba35-4079-b147-afe928929adc"]}, "systemEstimate": true, "budgetAlert": {"configuration": {"monthly": [{"thresholdPercent": 66, "isDisabled": false}], "quarterly": [{"thresholdPercent": 77, "isDisabled": false}], "yearly": [{"thresholdPercent": 88, "isDisabled": false}]}, "recipients": ["sspuser1@systest.nutanix.com"], "isDisabled": false}}
2026-02-07 08:59:10 - create_budget - INFO - [API RESPONSE] POST https://ncm.services.nconprem-10-53-60-173.ccpnx.com/v1/cg/global/budgets
2026-02-07 08:59:10 - create_budget - INFO - [STATUS CODE] 200
2026-02-07 08:59:10 - create_budget - INFO - [TIME TAKEN] 0.2892 seconds (289.17 ms)
2026-02-07 08:59:10 - create_budget - INFO - [RESPONSE CONTENT-TYPE] application/json
2026-02-07 08:59:10 - create_budget - INFO - [RESPONSE PAYLOAD]
{
  "budgetId": "b184851b-3a7c-463e-9f7a-53f2f2f78870"
}
2026-02-07 08:59:10 - create_budget - INFO - ✓ Created budget: budget_1_CC_HomePC_Account_14617_ahv_0-251004-124251_key1_DavLI_ahv_0-251004-124251_value1_1_DavLI_719673
2026-02-07 08:59:10 - create_budget - INFO - [291/301] Creating CC budget: budget_1_CC_HomePC_Account_0e846_ahv_0-251004-124253_key1_SNNW4_ahv_0-251004-124253_value1_1_SNNW4_719673
2026-02-07 08:59:10 - create_budget - INFO - [API REQUEST] POST https://ncm.services.nconprem-10-53-60-173.ccpnx.com/v1/cg/global/budgets
2026-02-07 08:59:10 - create_budget - INFO - [REQUEST DATA PAYLOAD] {"budgetName": "budget_1_CC_HomePC_Account_0e846_ahv_0-251004-124253_key1_SNNW4_ahv_0-251004-124253_value1_1_SNNW4_719673", "financialYearStartMonth": "8", "resourceGroups": {"costCenters": ["6530551a-ca89-4813-a995-b5a9132c1456"]}, "systemEstimate": true, "budgetAlert": {"configuration": {"monthly": [{"thresholdPercent": 73, "isDisabled": false}], "quarterly": [{"thresholdPercent": 77, "isDisabled": false}], "yearly": [{"thresholdPercent": 87, "isDisabled": false}]}, "recipients": ["sspuser1@systest.nutanix.com"], "isDisabled": false}}
2026-02-07 08:59:11 - create_budget - INFO - [API RESPONSE] POST https://ncm.services.nconprem-10-53-60-173.ccpnx.com/v1/cg/global/budgets
2026-02-07 08:59:11 - create_budget - INFO - [STATUS CODE] 200
2026-02-07 08:59:11 - create_budget - INFO - [TIME TAKEN] 0.3216 seconds (321.61 ms)
2026-02-07 08:59:11 - create_budget - INFO - [RESPONSE CONTENT-TYPE] application/json
2026-02-07 08:59:11 - create_budget - INFO - [RESPONSE PAYLOAD]
{
  "budgetId": "39049a6c-0274-4ca5-ad15-41f68eb70a1b"
}
2026-02-07 08:59:11 - create_budget - INFO - ✓ Created budget: budget_1_CC_HomePC_Account_0e846_ahv_0-251004-124253_key1_SNNW4_ahv_0-251004-124253_value1_1_SNNW4_719673
2026-02-07 08:59:11 - create_budget - INFO - [292/301] Creating CC budget: budget_1_CC_HomePC_Account_14617_ahv_0-251004-124254_key1_IFuvz_ahv_0-251004-124254_value1_1_IFuvz_719673
2026-02-07 08:59:11 - create_budget - INFO - [API REQUEST] POST https://ncm.services.nconprem-10-53-60-173.ccpnx.com/v1/cg/global/budgets
2026-02-07 08:59:11 - create_budget - INFO - [REQUEST DATA PAYLOAD] {"budgetName": "budget_1_CC_HomePC_Account_14617_ahv_0-251004-124254_key1_IFuvz_ahv_0-251004-124254_value1_1_IFuvz_719673", "financialYearStartMonth": "1", "resourceGroups": {"costCenters": ["93ea3cf3-1ee4-4e29-a7ee-229f402ad906"]}, "systemEstimate": true, "budgetAlert": {"configuration": {"monthly": [{"thresholdPercent": 71, "isDisabled": false}], "quarterly": [{"thresholdPercent": 84, "isDisabled": false}], "yearly": [{"thresholdPercent": 87, "isDisabled": false}]}, "recipients": ["sspuser1@systest.nutanix.com"], "isDisabled": false}}
2026-02-07 08:59:11 - create_budget - INFO - [API RESPONSE] POST https://ncm.services.nconprem-10-53-60-173.ccpnx.com/v1/cg/global/budgets
2026-02-07 08:59:11 - create_budget - INFO - [STATUS CODE] 200
2026-02-07 08:59:11 - create_budget - INFO - [TIME TAKEN] 0.3342 seconds (334.25 ms)
2026-02-07 08:59:11 - create_budget - INFO - [RESPONSE CONTENT-TYPE] application/json
2026-02-07 08:59:11 - create_budget - INFO - [RESPONSE PAYLOAD]
{
  "budgetId": "cad519e5-7a86-4d9c-91cc-078f483cab44"
}
2026-02-07 08:59:11 - create_budget - INFO - ✓ Created budget: budget_1_CC_HomePC_Account_14617_ahv_0-251004-124254_key1_IFuvz_ahv_0-251004-124254_value1_1_IFuvz_719673
2026-02-07 08:59:11 - create_budget - INFO - [293/301] Creating CC budget: budget_1_CC_HomePC_Account_0e846_ahv_0-251004-124254_key1_MIzuP_ahv_0-251004-124254_value1_1_MIzuP_719673
2026-02-07 08:59:11 - create_budget - INFO - [API REQUEST] POST https://ncm.services.nconprem-10-53-60-173.ccpnx.com/v1/cg/global/budgets
2026-02-07 08:59:11 - create_budget - INFO - [REQUEST DATA PAYLOAD] {"budgetName": "budget_1_CC_HomePC_Account_0e846_ahv_0-251004-124254_key1_MIzuP_ahv_0-251004-124254_value1_1_MIzuP_719673", "financialYearStartMonth": "5", "resourceGroups": {"costCenters": ["edfc6213-2079-4f34-aba2-9782ff7bd546"]}, "systemEstimate": true, "budgetAlert": {"configuration": {"monthly": [{"thresholdPercent": 72, "isDisabled": false}], "quarterly": [{"thresholdPercent": 80, "isDisabled": false}], "yearly": [{"thresholdPercent": 91, "isDisabled": false}]}, "recipients": ["sspuser1@systest.nutanix.com"], "isDisabled": false}}
2026-02-07 08:59:11 - create_budget - INFO - [API RESPONSE] POST https://ncm.services.nconprem-10-53-60-173.ccpnx.com/v1/cg/global/budgets
2026-02-07 08:59:11 - create_budget - INFO - [STATUS CODE] 200
2026-02-07 08:59:11 - create_budget - INFO - [TIME TAKEN] 0.4166 seconds (416.65 ms)
2026-02-07 08:59:11 - create_budget - INFO - [RESPONSE CONTENT-TYPE] application/json
2026-02-07 08:59:11 - create_budget - INFO - [RESPONSE PAYLOAD]
{
  "budgetId": "495d3bbe-5272-4f1c-8b7b-4191ea4e5751"
}
2026-02-07 08:59:11 - create_budget - INFO - ✓ Created budget: budget_1_CC_HomePC_Account_0e846_ahv_0-251004-124254_key1_MIzuP_ahv_0-251004-124254_value1_1_MIzuP_719673
2026-02-07 08:59:11 - create_budget - INFO - [294/301] Creating CC budget: budget_1_CC_HomePC_Account_14617_ahv_0-251004-124254_key1_MIzuP_ahv_0-251004-124254_value1_1_MIzuP_719673
2026-02-07 08:59:11 - create_budget - INFO - [API REQUEST] POST https://ncm.services.nconprem-10-53-60-173.ccpnx.com/v1/cg/global/budgets
2026-02-07 08:59:11 - create_budget - INFO - [REQUEST DATA PAYLOAD] {"budgetName": "budget_1_CC_HomePC_Account_14617_ahv_0-251004-124254_key1_MIzuP_ahv_0-251004-124254_value1_1_MIzuP_719673", "financialYearStartMonth": "9", "resourceGroups": {"costCenters": ["1bd6252a-9d72-4fbf-b2cb-7fe49d5d2725"]}, "systemEstimate": true, "budgetAlert": {"configuration": {"monthly": [{"thresholdPercent": 73, "isDisabled": false}], "quarterly": [{"thresholdPercent": 85, "isDisabled": false}], "yearly": [{"thresholdPercent": 85, "isDisabled": false}]}, "recipients": ["sspuser1@systest.nutanix.com"], "isDisabled": false}}
2026-02-07 08:59:12 - create_budget - INFO - [API RESPONSE] POST https://ncm.services.nconprem-10-53-60-173.ccpnx.com/v1/cg/global/budgets
2026-02-07 08:59:12 - create_budget - INFO - [STATUS CODE] 200
2026-02-07 08:59:12 - create_budget - INFO - [TIME TAKEN] 0.3156 seconds (315.63 ms)
2026-02-07 08:59:12 - create_budget - INFO - [RESPONSE CONTENT-TYPE] application/json
2026-02-07 08:59:12 - create_budget - INFO - [RESPONSE PAYLOAD]
{
  "budgetId": "965582fe-4170-4c60-b3be-e699aeb45fdd"
}
2026-02-07 08:59:12 - create_budget - INFO - ✓ Created budget: budget_1_CC_HomePC_Account_14617_ahv_0-251004-124254_key1_MIzuP_ahv_0-251004-124254_value1_1_MIzuP_719673
2026-02-07 08:59:12 - create_budget - INFO - [295/301] Creating CC budget: budget_1_CC_HomePC_Account_0e846_ahv_0-251004-170608_key1_03wGp_ahv_0-251004-170608_value1_1_03wGp_719673
2026-02-07 08:59:12 - create_budget - INFO - [API REQUEST] POST https://ncm.services.nconprem-10-53-60-173.ccpnx.com/v1/cg/global/budgets
2026-02-07 08:59:12 - create_budget - INFO - [REQUEST DATA PAYLOAD] {"budgetName": "budget_1_CC_HomePC_Account_0e846_ahv_0-251004-170608_key1_03wGp_ahv_0-251004-170608_value1_1_03wGp_719673", "financialYearStartMonth": "12", "resourceGroups": {"costCenters": ["65d82411-8cb7-411d-bab0-abf354f1d6b0"]}, "systemEstimate": true, "budgetAlert": {"configuration": {"monthly": [{"thresholdPercent": 75, "isDisabled": false}], "quarterly": [{"thresholdPercent": 84, "isDisabled": false}], "yearly": [{"thresholdPercent": 92, "isDisabled": false}]}, "recipients": ["sspuser1@systest.nutanix.com"], "isDisabled": false}}
2026-02-07 08:59:12 - create_budget - INFO - [API RESPONSE] POST https://ncm.services.nconprem-10-53-60-173.ccpnx.com/v1/cg/global/budgets
2026-02-07 08:59:12 - create_budget - INFO - [STATUS CODE] 200
2026-02-07 08:59:12 - create_budget - INFO - [TIME TAKEN] 0.3871 seconds (387.06 ms)
2026-02-07 08:59:12 - create_budget - INFO - [RESPONSE CONTENT-TYPE] application/json
2026-02-07 08:59:12 - create_budget - INFO - [RESPONSE PAYLOAD]
{
  "budgetId": "dc463439-3c74-4e57-8379-5b9326db7d00"
}
2026-02-07 08:59:12 - create_budget - INFO - ✓ Created budget: budget_1_CC_HomePC_Account_0e846_ahv_0-251004-170608_key1_03wGp_ahv_0-251004-170608_value1_1_03wGp_719673
2026-02-07 08:59:12 - create_budget - INFO - [296/301] Creating CC budget: budget_1_CC_HomePC_Account_14617_ahv_0-251004-170608_key1_03wGp_ahv_0-251004-170608_value1_1_03wGp_719673
2026-02-07 08:59:12 - create_budget - INFO - [API REQUEST] POST https://ncm.services.nconprem-10-53-60-173.ccpnx.com/v1/cg/global/budgets
2026-02-07 08:59:12 - create_budget - INFO - [REQUEST DATA PAYLOAD] {"budgetName": "budget_1_CC_HomePC_Account_14617_ahv_0-251004-170608_key1_03wGp_ahv_0-251004-170608_value1_1_03wGp_719673", "financialYearStartMonth": "4", "resourceGroups": {"costCenters": ["ceec357f-5b5c-4c3a-bcf0-b3f5edc1ef40"]}, "systemEstimate": true, "budgetAlert": {"configuration": {"monthly": [{"thresholdPercent": 68, "isDisabled": false}], "quarterly": [{"thresholdPercent": 83, "isDisabled": false}], "yearly": [{"thresholdPercent": 95, "isDisabled": false}]}, "recipients": ["sspuser1@systest.nutanix.com"], "isDisabled": false}}
2026-02-07 08:59:12 - create_budget - INFO - [API RESPONSE] POST https://ncm.services.nconprem-10-53-60-173.ccpnx.com/v1/cg/global/budgets
2026-02-07 08:59:12 - create_budget - INFO - [STATUS CODE] 200
2026-02-07 08:59:12 - create_budget - INFO - [TIME TAKEN] 0.3113 seconds (311.29 ms)
2026-02-07 08:59:12 - create_budget - INFO - [RESPONSE CONTENT-TYPE] application/json
2026-02-07 08:59:12 - create_budget - INFO - [RESPONSE PAYLOAD]
{
  "budgetId": "901253a5-4ce9-4986-9d16-ac3ecbe529b7"
}
2026-02-07 08:59:12 - create_budget - INFO - ✓ Created budget: budget_1_CC_HomePC_Account_14617_ahv_0-251004-170608_key1_03wGp_ahv_0-251004-170608_value1_1_03wGp_719673
2026-02-07 08:59:12 - create_budget - INFO - [297/301] Creating CC budget: budget_1_CC_HomePC_Account_0e846_ahv_0-251004-171911_key1_X8pEI_ahv_0-251004-171911_value1_1_X8pEI_719673
2026-02-07 08:59:12 - create_budget - INFO - [API REQUEST] POST https://ncm.services.nconprem-10-53-60-173.ccpnx.com/v1/cg/global/budgets
2026-02-07 08:59:12 - create_budget - INFO - [REQUEST DATA PAYLOAD] {"budgetName": "budget_1_CC_HomePC_Account_0e846_ahv_0-251004-171911_key1_X8pEI_ahv_0-251004-171911_value1_1_X8pEI_719673", "financialYearStartMonth": "1", "resourceGroups": {"costCenters": ["e82e14cd-3f1a-43d8-a462-ddbd4e0e25ad"]}, "systemEstimate": true, "budgetAlert": {"configuration": {"monthly": [{"thresholdPercent": 73, "isDisabled": false}], "quarterly": [{"thresholdPercent": 77, "isDisabled": false}], "yearly": [{"thresholdPercent": 85, "isDisabled": false}]}, "recipients": ["sspuser1@systest.nutanix.com"], "isDisabled": false}}
2026-02-07 08:59:13 - create_budget - INFO - [API RESPONSE] POST https://ncm.services.nconprem-10-53-60-173.ccpnx.com/v1/cg/global/budgets
2026-02-07 08:59:13 - create_budget - INFO - [STATUS CODE] 200
2026-02-07 08:59:13 - create_budget - INFO - [TIME TAKEN] 0.3769 seconds (376.93 ms)
2026-02-07 08:59:13 - create_budget - INFO - [RESPONSE CONTENT-TYPE] application/json
2026-02-07 08:59:13 - create_budget - INFO - [RESPONSE PAYLOAD]
{
  "budgetId": "bf4d97b4-94ef-4661-a0e2-e9f6721d71d7"
}
2026-02-07 08:59:13 - create_budget - INFO - ✓ Created budget: budget_1_CC_HomePC_Account_0e846_ahv_0-251004-171911_key1_X8pEI_ahv_0-251004-171911_value1_1_X8pEI_719673
2026-02-07 08:59:13 - create_budget - INFO - [298/301] Creating CC budget: budget_1_CC_HomePC_Account_14617_ahv_0-251004-171911_key1_X8pEI_ahv_0-251004-171911_value1_1_X8pEI_719673
2026-02-07 08:59:13 - create_budget - INFO - [API REQUEST] POST https://ncm.services.nconprem-10-53-60-173.ccpnx.com/v1/cg/global/budgets
2026-02-07 08:59:13 - create_budget - INFO - [REQUEST DATA PAYLOAD] {"budgetName": "budget_1_CC_HomePC_Account_14617_ahv_0-251004-171911_key1_X8pEI_ahv_0-251004-171911_value1_1_X8pEI_719673", "financialYearStartMonth": "3", "resourceGroups": {"costCenters": ["f3f761b6-0d4d-4b88-bb42-fe38e507e4d9"]}, "systemEstimate": true, "budgetAlert": {"configuration": {"monthly": [{"thresholdPercent": 70, "isDisabled": false}], "quarterly": [{"thresholdPercent": 85, "isDisabled": false}], "yearly": [{"thresholdPercent": 90, "isDisabled": false}]}, "recipients": ["sspuser1@systest.nutanix.com"], "isDisabled": false}}
2026-02-07 08:59:13 - create_budget - INFO - [API RESPONSE] POST https://ncm.services.nconprem-10-53-60-173.ccpnx.com/v1/cg/global/budgets
2026-02-07 08:59:13 - create_budget - INFO - [STATUS CODE] 200
2026-02-07 08:59:13 - create_budget - INFO - [TIME TAKEN] 0.5704 seconds (570.39 ms)
2026-02-07 08:59:13 - create_budget - INFO - [RESPONSE CONTENT-TYPE] application/json
2026-02-07 08:59:13 - create_budget - INFO - [RESPONSE PAYLOAD]
{
  "budgetId": "68766f04-8321-499f-9108-7ef5955252e0"
}
2026-02-07 08:59:13 - create_budget - INFO - ✓ Created budget: budget_1_CC_HomePC_Account_14617_ahv_0-251004-171911_key1_X8pEI_ahv_0-251004-171911_value1_1_X8pEI_719673
2026-02-07 08:59:13 - create_budget - INFO - [299/301] Creating CC budget: budget_1_CC_HomePC_Account_0e846_ahv_0-251004-181835_key1_y0G3x_ahv_0-251004-181835_value1_1_y0G3x_719673
2026-02-07 08:59:13 - create_budget - INFO - [API REQUEST] POST https://ncm.services.nconprem-10-53-60-173.ccpnx.com/v1/cg/global/budgets
2026-02-07 08:59:13 - create_budget - INFO - [REQUEST DATA PAYLOAD] {"budgetName": "budget_1_CC_HomePC_Account_0e846_ahv_0-251004-181835_key1_y0G3x_ahv_0-251004-181835_value1_1_y0G3x_719673", "financialYearStartMonth": "11", "resourceGroups": {"costCenters": ["791eb041-83b3-4ca8-a2f7-ca2e2c8d7e75"]}, "systemEstimate": true, "budgetAlert": {"configuration": {"monthly": [{"thresholdPercent": 75, "isDisabled": false}], "quarterly": [{"thresholdPercent": 80, "isDisabled": false}], "yearly": [{"thresholdPercent": 87, "isDisabled": false}]}, "recipients": ["sspuser1@systest.nutanix.com"], "isDisabled": false}}
2026-02-07 08:59:14 - create_budget - INFO - [API RESPONSE] POST https://ncm.services.nconprem-10-53-60-173.ccpnx.com/v1/cg/global/budgets
2026-02-07 08:59:14 - create_budget - INFO - [STATUS CODE] 200
2026-02-07 08:59:14 - create_budget - INFO - [TIME TAKEN] 0.3662 seconds (366.16 ms)
2026-02-07 08:59:14 - create_budget - INFO - [RESPONSE CONTENT-TYPE] application/json
2026-02-07 08:59:14 - create_budget - INFO - [RESPONSE PAYLOAD]
{
  "budgetId": "0057cf13-a723-4cd2-b645-9b4a4a325687"
}
2026-02-07 08:59:14 - create_budget - INFO - ✓ Created budget: budget_1_CC_HomePC_Account_0e846_ahv_0-251004-181835_key1_y0G3x_ahv_0-251004-181835_value1_1_y0G3x_719673
2026-02-07 08:59:14 - create_budget - INFO - [300/301] Creating CC budget: budget_1_CC_HomePC_Account_14617_ahv_0-251004-181835_key1_y0G3x_ahv_0-251004-181835_value1_1_y0G3x_719673
2026-02-07 08:59:14 - create_budget - INFO - [API REQUEST] POST https://ncm.services.nconprem-10-53-60-173.ccpnx.com/v1/cg/global/budgets
2026-02-07 08:59:14 - create_budget - INFO - [REQUEST DATA PAYLOAD] {"budgetName": "budget_1_CC_HomePC_Account_14617_ahv_0-251004-181835_key1_y0G3x_ahv_0-251004-181835_value1_1_y0G3x_719673", "financialYearStartMonth": "8", "resourceGroups": {"costCenters": ["aeacd8f5-c22e-402d-801e-f0e7bb0349d1"]}, "systemEstimate": true, "budgetAlert": {"configuration": {"monthly": [{"thresholdPercent": 72, "isDisabled": false}], "quarterly": [{"thresholdPercent": 77, "isDisabled": false}], "yearly": [{"thresholdPercent": 86, "isDisabled": false}]}, "recipients": ["sspuser1@systest.nutanix.com"], "isDisabled": false}}
2026-02-07 08:59:14 - create_budget - INFO - [API RESPONSE] POST https://ncm.services.nconprem-10-53-60-173.ccpnx.com/v1/cg/global/budgets
2026-02-07 08:59:14 - create_budget - INFO - [STATUS CODE] 200
2026-02-07 08:59:14 - create_budget - INFO - [TIME TAKEN] 0.3886 seconds (388.55 ms)
2026-02-07 08:59:14 - create_budget - INFO - [RESPONSE CONTENT-TYPE] application/json
2026-02-07 08:59:14 - create_budget - INFO - [RESPONSE PAYLOAD]
{
  "budgetId": "d94e7f0b-0714-4465-8134-1ff2d02d22f4"
}
2026-02-07 08:59:14 - create_budget - INFO - ✓ Created budget: budget_1_CC_HomePC_Account_14617_ahv_0-251004-181835_key1_y0G3x_ahv_0-251004-181835_value1_1_y0G3x_719673
2026-02-07 08:59:14 - create_budget - INFO - [301/301] Creating CC budget: budget_1_CC_HomePC_Account_0e846_ahv_0-251006-040738_key1_NbDgQ_ahv_0-251006-040738_value1_1_NbDgQ_719673
2026-02-07 08:59:14 - create_budget - INFO - [API REQUEST] POST https://ncm.services.nconprem-10-53-60-173.ccpnx.com/v1/cg/global/budgets
2026-02-07 08:59:14 - create_budget - INFO - [REQUEST DATA PAYLOAD] {"budgetName": "budget_1_CC_HomePC_Account_0e846_ahv_0-251006-040738_key1_NbDgQ_ahv_0-251006-040738_value1_1_NbDgQ_719673", "financialYearStartMonth": "4", "resourceGroups": {"costCenters": ["e3a16abf-6668-49c3-bd6c-d2f00c39ca9a"]}, "systemEstimate": true, "budgetAlert": {"configuration": {"monthly": [{"thresholdPercent": 67, "isDisabled": false}], "quarterly": [{"thresholdPercent": 81, "isDisabled": false}], "yearly": [{"thresholdPercent": 89, "isDisabled": false}]}, "recipients": ["sspuser1@systest.nutanix.com"], "isDisabled": false}}
2026-02-07 08:59:14 - create_budget - INFO - [API RESPONSE] POST https://ncm.services.nconprem-10-53-60-173.ccpnx.com/v1/cg/global/budgets
2026-02-07 08:59:14 - create_budget - INFO - [STATUS CODE] 200
2026-02-07 08:59:14 - create_budget - INFO - [TIME TAKEN] 0.3036 seconds (303.65 ms)
2026-02-07 08:59:14 - create_budget - INFO - [RESPONSE CONTENT-TYPE] application/json
2026-02-07 08:59:14 - create_budget - INFO - [RESPONSE PAYLOAD]
{
  "budgetId": "465a6a3f-e72b-43b1-bcdc-7e7f7834b594"
}
2026-02-07 08:59:14 - create_budget - INFO - ✓ Created budget: budget_1_CC_HomePC_Account_0e846_ahv_0-251006-040738_key1_NbDgQ_ahv_0-251006-040738_value1_1_NbDgQ_719673
2026-02-07 08:59:14 - create_budget - INFO - 
2026-02-07 08:59:14 - create_budget - INFO - ================================================================================
2026-02-07 08:59:14 - create_budget - INFO - EXECUTION SUMMARY
2026-02-07 08:59:14 - create_budget - INFO - ================================================================================
2026-02-07 08:59:14 - create_budget - INFO -   Business Unit budgets created: 0
2026-02-07 08:59:14 - create_budget - INFO -   Business Unit budgets failed:  51
2026-02-07 08:59:14 - create_budget - INFO -   Cost Center budgets created:   69
2026-02-07 08:59:14 - create_budget - INFO -   Cost Center budgets failed:    181
2026-02-07 08:59:14 - create_budget - INFO - ----------------------------------------
2026-02-07 08:59:14 - create_budget - INFO -   Total budgets created:         69
2026-02-07 08:59:14 - create_budget - INFO -   Total budgets failed:          232
2026-02-07 08:59:14 - create_budget - INFO -   Success rate:                  69/301 (22.9%)
2026-02-07 08:59:14 - create_budget - INFO -   Total execution time:          121.57s (2.03 min)
2026-02-07 08:59:14 - create_budget - INFO - ================================================================================
2026-02-07 08:59:15 - create_budget - INFO - 
2026-02-07 08:59:15 - create_budget - INFO - ================================================================================================================================================================
2026-02-07 08:59:15 - create_budget - INFO - API METRICS CONSOLIDATED REPORT
2026-02-07 08:59:15 - create_budget - INFO - ================================================================================================================================================================
2026-02-07 08:59:15 - create_budget - INFO - Method   | Endpoint                                           |   Count |   Fail |    Min(ms) |    Max(ms) |    P90(ms) |    P95(ms) |    P98(ms)
2026-02-07 08:59:15 - create_budget - INFO - ----------------------------------------------------------------------------------------------------------------------------------------------------------------
2026-02-07 08:59:15 - create_budget - INFO - POST     | /v1/cg/global/budgets                              |     301 |    232 |     221.89 |    1268.61 |     570.39 |     679.73 |     768.95
2026-02-07 08:59:15 - create_budget - INFO - GET      | /v1/cg/global/budgets/listResourceGroups           |       1 |      - |    1075.67 |    1075.67 |    1075.67 |    1075.67 |    1075.67
2026-02-07 08:59:15 - create_budget - INFO - GET      | /v1/cg/users/list                                  |       1 |      - |     387.11 |     387.11 |     387.11 |     387.11 |     387.11
2026-02-07 08:59:15 - create_budget - INFO - ----------------------------------------------------------------------------------------------------------------------------------------------------------------
2026-02-07 08:59:15 - create_budget - INFO - Total API Calls: 303 | Unique Endpoints: 3 | Total Failures (non-200/202): 232 | Exceptions: 0
2026-02-07 08:59:15 - create_budget - INFO - ================================================================================================================================================================
2026-02-07 08:59:15 - create_budget - INFO - 
2026-02-07 08:59:15 - create_budget - INFO - FAILED REQUESTS (non-200/202):
2026-02-07 08:59:15 - create_budget - INFO - ----------------------------------------------------------------------------------------------------
2026-02-07 08:59:15 - create_budget - INFO - Method   | Endpoint                                           |   Failures | Status Codes                  
2026-02-07 08:59:15 - create_budget - INFO - ----------------------------------------------------------------------------------------------------
2026-02-07 08:59:15 - create_budget - INFO - POST     | /v1/cg/global/budgets                              |        232 | 400: 181, 500: 51             
2026-02-07 08:59:15 - create_budget - INFO - ====================================================================================================
2026-02-07 08:59:15 - create_budget - INFO - 
2026-02-07 08:59:15 - create_budget - INFO - STATUS CODE BREAKDOWN:
2026-02-07 08:59:15 - create_budget - INFO - ----------------------------------------------------------------------------------------------------
2026-02-07 08:59:15 - create_budget - INFO - POST   /v1/cg/global/budgets                      | 200: 69, 400: 181, 500: 51
2026-02-07 08:59:15 - create_budget - INFO - GET    /v1/cg/global/budgets/listResourceGroups   | 200: 1
2026-02-07 08:59:15 - create_budget - INFO - GET    /v1/cg/users/list                          | 200: 1
2026-02-07 08:59:15 - create_budget - INFO - ================================================================================================================================================================
