2026-02-03 09:13:10 - create_rate_cards - INFO - ================================================================================
2026-02-03 09:13:10 - create_rate_cards - INFO - Script: create_rate_cards
2026-02-03 09:13:10 - create_rate_cards - INFO - Log file: /home/mohan.as1/mohan_helpers/cost_governnance/logs/create_rate_cards_20260203_091310.log
2026-02-03 09:13:10 - create_rate_cards - INFO - ================================================================================
2026-02-03 09:13:10 - create_rate_cards - INFO - ================================================================================
2026-02-03 09:13:10 - create_rate_cards - INFO - Create Rate Cards Script Started
2026-02-03 09:13:10 - create_rate_cards - INFO - ================================================================================
2026-02-03 09:13:10 - create_rate_cards - INFO - [API REQUEST] POST https://ncm.services.nconprem-10-53-60-173.ccpnx.com/v1/cg/config/rate-cards
2026-02-03 09:13:10 - create_rate_cards - INFO - [REQUEST JSON PAYLOAD]
{
  "rateCards": [
    {
      "rateCardName": "st_testing546453_0",
      "meteringRates": {
        "vm": {
          "vCpu": {
            "unit": "HOUR",
            "rate": 25
          },
          "vRam": {
            "unit": "HOUR",
            "rate": 89
          },
          "vStorage": {
            "unit": "GIB",
            "rate": 53
          },
          "customConfigs": [
            {
              "description": "st_testing546453_0",
              "value": {
                "unit": "DAY",
                "rate": 36
              }
            },
            {
              "description": "st_testing546453_1",
              "value": {
                "unit": "DAY",
                "rate": 79
              }
            },
            {
              "description": "st_testing546453_2",
              "value": {
                "unit": "DAY",
                "rate": 3
              }
            },
            {
              "description": "st_testing546453_3",
              "value": {
                "unit": "DAY",
                "rate": 91
              }
            },
            {
              "description": "st_testing546453_4",
              "value": {
                "unit": "DAY",
                "rate": 79
              }
            }
          ]
        }
      },
      "resources": []
    }
  ]
}
2026-02-03 09:13:11 - create_rate_cards - INFO - [API RESPONSE] POST https://ncm.services.nconprem-10-53-60-173.ccpnx.com/v1/cg/config/rate-cards
2026-02-03 09:13:11 - create_rate_cards - INFO - [STATUS CODE] 200
2026-02-03 09:13:11 - create_rate_cards - INFO - [TIME TAKEN] 0.8926 seconds (892.55 ms)
2026-02-03 09:13:11 - create_rate_cards - INFO - [RESPONSE CONTENT-TYPE] application/json
2026-02-03 09:13:11 - create_rate_cards - INFO - [RESPONSE PAYLOAD]
{
  "ids": [
    "bdcdfc0d-027b-4b72-97ff-9cccc7be0a72"
  ]
}
2026-02-03 09:13:11 - create_rate_cards - INFO - ✓ [1] Created rate card: st_testing546453_0
2026-02-03 09:13:11 - create_rate_cards - INFO - [API REQUEST] POST https://ncm.services.nconprem-10-53-60-173.ccpnx.com/v1/cg/config/rate-cards
2026-02-03 09:13:11 - create_rate_cards - INFO - [REQUEST JSON PAYLOAD]
{
  "rateCards": [
    {
      "rateCardName": "st_testing546453_1",
      "meteringRates": {
        "vm": {
          "vCpu": {
            "unit": "HOUR",
            "rate": 26
          },
          "vRam": {
            "unit": "HOUR",
            "rate": 72
          },
          "vStorage": {
            "unit": "GIB",
            "rate": 65
          },
          "customConfigs": [
            {
              "description": "st_testing546453_0",
              "value": {
                "unit": "DAY",
                "rate": 42
              }
            },
            {
              "description": "st_testing546453_1",
              "value": {
                "unit": "DAY",
                "rate": 59
              }
            },
            {
              "description": "st_testing546453_2",
              "value": {
                "unit": "DAY",
                "rate": 70
              }
            },
            {
              "description": "st_testing546453_3",
              "value": {
                "unit": "DAY",
                "rate": 59
              }
            },
            {
              "description": "st_testing546453_4",
              "value": {
                "unit": "DAY",
                "rate": 95
              }
            }
          ]
        }
      },
      "resources": []
    }
  ]
}
2026-02-03 09:13:11 - create_rate_cards - INFO - [API RESPONSE] POST https://ncm.services.nconprem-10-53-60-173.ccpnx.com/v1/cg/config/rate-cards
2026-02-03 09:13:11 - create_rate_cards - INFO - [STATUS CODE] 200
2026-02-03 09:13:11 - create_rate_cards - INFO - [TIME TAKEN] 0.5793 seconds (579.32 ms)
2026-02-03 09:13:11 - create_rate_cards - INFO - [RESPONSE CONTENT-TYPE] application/json
2026-02-03 09:13:11 - create_rate_cards - INFO - [RESPONSE PAYLOAD]
{
  "ids": [
    "959e7350-1278-437e-8f52-bd8afb0809ee"
  ]
}
2026-02-03 09:13:11 - create_rate_cards - INFO - ✓ [2] Created rate card: st_testing546453_1
2026-02-03 09:13:11 - create_rate_cards - INFO - [API REQUEST] POST https://ncm.services.nconprem-10-53-60-173.ccpnx.com/v1/cg/config/rate-cards
2026-02-03 09:13:11 - create_rate_cards - INFO - [REQUEST JSON PAYLOAD]
{
  "rateCards": [
    {
      "rateCardName": "st_testing546453_2",
      "meteringRates": {
        "vm": {
          "vCpu": {
            "unit": "HOUR",
            "rate": 44
          },
          "vRam": {
            "unit": "HOUR",
            "rate": 89
          },
          "vStorage": {
            "unit": "GIB",
            "rate": 18
          },
          "customConfigs": [
            {
              "description": "st_testing546453_0",
              "value": {
                "unit": "DAY",
                "rate": 8
              }
            },
            {
              "description": "st_testing546453_1",
              "value": {
                "unit": "DAY",
                "rate": 57
              }
            },
            {
              "description": "st_testing546453_2",
              "value": {
                "unit": "DAY",
                "rate": 49
              }
            },
            {
              "description": "st_testing546453_3",
              "value": {
                "unit": "DAY",
                "rate": 71
              }
            },
            {
              "description": "st_testing546453_4",
              "value": {
                "unit": "DAY",
                "rate": 58
              }
            }
          ]
        }
      },
      "resources": []
    }
  ]
}
2026-02-03 09:13:12 - create_rate_cards - INFO - [API RESPONSE] POST https://ncm.services.nconprem-10-53-60-173.ccpnx.com/v1/cg/config/rate-cards
2026-02-03 09:13:12 - create_rate_cards - INFO - [STATUS CODE] 200
2026-02-03 09:13:12 - create_rate_cards - INFO - [TIME TAKEN] 0.5998 seconds (599.81 ms)
2026-02-03 09:13:12 - create_rate_cards - INFO - [RESPONSE CONTENT-TYPE] application/json
2026-02-03 09:13:12 - create_rate_cards - INFO - [RESPONSE PAYLOAD]
{
  "ids": [
    "69ff222d-42e3-4ec8-b07b-d2ec71caf616"
  ]
}
2026-02-03 09:13:12 - create_rate_cards - INFO - ✓ [3] Created rate card: st_testing546453_2
2026-02-03 09:13:12 - create_rate_cards - INFO - [API REQUEST] POST https://ncm.services.nconprem-10-53-60-173.ccpnx.com/v1/cg/config/rate-cards
2026-02-03 09:13:12 - create_rate_cards - INFO - [REQUEST JSON PAYLOAD]
{
  "rateCards": [
    {
      "rateCardName": "st_testing546453_3",
      "meteringRates": {
        "vm": {
          "vCpu": {
            "unit": "HOUR",
            "rate": 9
          },
          "vRam": {
            "unit": "HOUR",
            "rate": 98
          },
          "vStorage": {
            "unit": "GIB",
            "rate": 81
          },
          "customConfigs": [
            {
              "description": "st_testing546453_0",
              "value": {
                "unit": "DAY",
                "rate": 62
              }
            },
            {
              "description": "st_testing546453_1",
              "value": {
                "unit": "DAY",
                "rate": 47
              }
            },
            {
              "description": "st_testing546453_2",
              "value": {
                "unit": "DAY",
                "rate": 1
              }
            },
            {
              "description": "st_testing546453_3",
              "value": {
                "unit": "DAY",
                "rate": 14
              }
            },
            {
              "description": "st_testing546453_4",
              "value": {
                "unit": "DAY",
                "rate": 74
              }
            }
          ]
        }
      },
      "resources": []
    }
  ]
}
2026-02-03 09:13:12 - create_rate_cards - INFO - [API RESPONSE] POST https://ncm.services.nconprem-10-53-60-173.ccpnx.com/v1/cg/config/rate-cards
2026-02-03 09:13:12 - create_rate_cards - INFO - [STATUS CODE] 200
2026-02-03 09:13:12 - create_rate_cards - INFO - [TIME TAKEN] 0.4928 seconds (492.77 ms)
2026-02-03 09:13:12 - create_rate_cards - INFO - [RESPONSE CONTENT-TYPE] application/json
2026-02-03 09:13:12 - create_rate_cards - INFO - [RESPONSE PAYLOAD]
{
  "ids": [
    "c62ac452-415b-477b-b7b3-5cf6fe3893b2"
  ]
}
2026-02-03 09:13:12 - create_rate_cards - INFO - ✓ [4] Created rate card: st_testing546453_3
2026-02-03 09:13:12 - create_rate_cards - INFO - [API REQUEST] POST https://ncm.services.nconprem-10-53-60-173.ccpnx.com/v1/cg/config/rate-cards
2026-02-03 09:13:12 - create_rate_cards - INFO - [REQUEST JSON PAYLOAD]
{
  "rateCards": [
    {
      "rateCardName": "st_testing546453_4",
      "meteringRates": {
        "vm": {
          "vCpu": {
            "unit": "HOUR",
            "rate": 27
          },
          "vRam": {
            "unit": "HOUR",
            "rate": 21
          },
          "vStorage": {
            "unit": "GIB",
            "rate": 68
          },
          "customConfigs": [
            {
              "description": "st_testing546453_0",
              "value": {
                "unit": "DAY",
                "rate": 46
              }
            },
            {
              "description": "st_testing546453_1",
              "value": {
                "unit": "DAY",
                "rate": 95
              }
            },
            {
              "description": "st_testing546453_2",
              "value": {
                "unit": "DAY",
                "rate": 44
              }
            },
            {
              "description": "st_testing546453_3",
              "value": {
                "unit": "DAY",
                "rate": 8
              }
            },
            {
              "description": "st_testing546453_4",
              "value": {
                "unit": "DAY",
                "rate": 80
              }
            }
          ]
        }
      },
      "resources": []
    }
  ]
}
2026-02-03 09:13:13 - create_rate_cards - INFO - [API RESPONSE] POST https://ncm.services.nconprem-10-53-60-173.ccpnx.com/v1/cg/config/rate-cards
2026-02-03 09:13:13 - create_rate_cards - INFO - [STATUS CODE] 200
2026-02-03 09:13:13 - create_rate_cards - INFO - [TIME TAKEN] 0.3232 seconds (323.18 ms)
2026-02-03 09:13:13 - create_rate_cards - INFO - [RESPONSE CONTENT-TYPE] application/json
2026-02-03 09:13:13 - create_rate_cards - INFO - [RESPONSE PAYLOAD]
{
  "ids": [
    "48c2f081-492c-4ce5-b862-2f56cc81dcf9"
  ]
}
2026-02-03 09:13:13 - create_rate_cards - INFO - ✓ [5] Created rate card: st_testing546453_4
2026-02-03 09:13:13 - create_rate_cards - INFO - [API REQUEST] POST https://ncm.services.nconprem-10-53-60-173.ccpnx.com/v1/cg/config/rate-cards
2026-02-03 09:13:13 - create_rate_cards - INFO - [REQUEST JSON PAYLOAD]
{
  "rateCards": [
    {
      "rateCardName": "st_testing546453_5",
      "meteringRates": {
        "vm": {
          "vCpu": {
            "unit": "HOUR",
            "rate": 10
          },
          "vRam": {
            "unit": "HOUR",
            "rate": 13
          },
          "vStorage": {
            "unit": "GIB",
            "rate": 13
          },
          "customConfigs": [
            {
              "description": "st_testing546453_0",
              "value": {
                "unit": "DAY",
                "rate": 7
              }
            },
            {
              "description": "st_testing546453_1",
              "value": {
                "unit": "DAY",
                "rate": 76
              }
            },
            {
              "description": "st_testing546453_2",
              "value": {
                "unit": "DAY",
                "rate": 55
              }
            },
            {
              "description": "st_testing546453_3",
              "value": {
                "unit": "DAY",
                "rate": 15
              }
            },
            {
              "description": "st_testing546453_4",
              "value": {
                "unit": "DAY",
                "rate": 45
              }
            }
          ]
        }
      },
      "resources": []
    }
  ]
}
2026-02-03 09:13:14 - create_rate_cards - INFO - [API RESPONSE] POST https://ncm.services.nconprem-10-53-60-173.ccpnx.com/v1/cg/config/rate-cards
2026-02-03 09:13:14 - create_rate_cards - INFO - [STATUS CODE] 429
2026-02-03 09:13:14 - create_rate_cards - INFO - [TIME TAKEN] 1.7837 seconds (1783.68 ms)
2026-02-03 09:13:14 - create_rate_cards - INFO - [RESPONSE CONTENT-TYPE] application/json
2026-02-03 09:13:14 - create_rate_cards - INFO - [RESPONSE PAYLOAD]
{
  "errorCode": "IM2071",
  "errorMessage": "Request Limit Breached",
  "errorDetails": "",
  "errors": {}
}
2026-02-03 09:13:14 - create_rate_cards - WARNING - Rate limit breached, deleting rate cards...
2026-02-03 09:13:14 - create_rate_cards - INFO - [API REQUEST] POST https://ncm.services.nconprem-10-53-60-173.ccpnx.com/v1/cg/config/rate-cards/actions/get-rate-cards?limit=100&offset=0
2026-02-03 09:13:14 - create_rate_cards - INFO - [REQUEST JSON PAYLOAD]
{
  "filters": []
}
2026-02-03 09:13:15 - create_rate_cards - INFO - [API RESPONSE] POST https://ncm.services.nconprem-10-53-60-173.ccpnx.com/v1/cg/config/rate-cards/actions/get-rate-cards?limit=100&offset=0
2026-02-03 09:13:15 - create_rate_cards - INFO - [STATUS CODE] 200
2026-02-03 09:13:15 - create_rate_cards - INFO - [TIME TAKEN] 0.4463 seconds (446.33 ms)
2026-02-03 09:13:15 - create_rate_cards - INFO - [RESPONSE CONTENT-TYPE] application/json
2026-02-03 09:13:15 - create_rate_cards - INFO - [RESPONSE PAYLOAD]
{
  "totalCount": 100,
  "data": [
    {
      "rateCardId": "bdcdfc0d-027b-4b72-97ff-9cccc7be0a72",
      "rateCardName": "st_testing546453_0",
      "lastModifiedBy": {
        "name": "admin",
        "email": ""
      },
      "lastModifiedAt": 1770109991,
      "createdBy": {
        "name": "admin",
        "email": ""
      },
      "createdAt": 1770109991,
      "meteringRates": {
        "vm": {
          "vRam": {
            "rate": 89,
            "unit": "HOUR"
          },
          "vStorage": {
            "rate": 53,
            "unit": "GIB"
          },
          "vCpu": {
            "rate": 25,
            "unit": "HOUR"
          },
          "customConfigs": [
            {
              "description": "st_testing546453_0",
              "value": {
                "rate": 36,
                "unit": "DAY"
              }
            },
            {
              "description": "st_testing546453_1",
              "value": {
                "rate": 79,
                "unit": "DAY"
              }
            },
            {
              "description": "st_testing546453_2",
              "value": {
                "rate": 3,
                "unit": "DAY"
              }
            },
            {
              "description": "st_testing546453_3",
              "value": {
                "rate": 91,
                "unit": "DAY"
              }
            },
            {
              "description": "st_testing546453_4",
              "value": {
                "rate": 79,
                "unit": "DAY"
              }
            }
          ]
        },
        "vmSnapshot": {
          "vStorage": {
            "rate": 0,
            "unit": "GIB"
          }
        },
        "objects": {
          "vStorage": {
            "rate": 0,
            "unit": "GIB"
          }
        },
        "files": {
          "vStorage": {
            "rate": 0,
            "unit": "GIB"
          }
        }
      },
      "resources": [],
      "is
... (truncated)
2026-02-03 09:13:15 - create_rate_cards - INFO - Deleting rate card: st_testing546453_0
2026-02-03 09:13:15 - create_rate_cards - INFO - [API REQUEST] DELETE https://ncm.services.nconprem-10-53-60-173.ccpnx.com/v1/cg/config/rate-cards?rateCardIds=bdcdfc0d-027b-4b72-97ff-9cccc7be0a72
2026-02-03 09:13:15 - create_rate_cards - INFO - [API RESPONSE] DELETE https://ncm.services.nconprem-10-53-60-173.ccpnx.com/v1/cg/config/rate-cards?rateCardIds=bdcdfc0d-027b-4b72-97ff-9cccc7be0a72
2026-02-03 09:13:15 - create_rate_cards - INFO - [STATUS CODE] 200
2026-02-03 09:13:15 - create_rate_cards - INFO - [TIME TAKEN] 0.3447 seconds (344.71 ms)
2026-02-03 09:13:15 - create_rate_cards - INFO - [RESPONSE CONTENT-TYPE] application/json
2026-02-03 09:13:15 - create_rate_cards - INFO - [RESPONSE PAYLOAD]
{
  "message": "Delete Success"
}
2026-02-03 09:13:15 - create_rate_cards - INFO - ✓ Deleted rate card: st_testing546453_0
2026-02-03 09:13:15 - create_rate_cards - INFO - Deleting rate card: st_testing546453_1
2026-02-03 09:13:15 - create_rate_cards - INFO - [API REQUEST] DELETE https://ncm.services.nconprem-10-53-60-173.ccpnx.com/v1/cg/config/rate-cards?rateCardIds=959e7350-1278-437e-8f52-bd8afb0809ee
2026-02-03 09:13:16 - create_rate_cards - INFO - [API RESPONSE] DELETE https://ncm.services.nconprem-10-53-60-173.ccpnx.com/v1/cg/config/rate-cards?rateCardIds=959e7350-1278-437e-8f52-bd8afb0809ee
2026-02-03 09:13:16 - create_rate_cards - INFO - [STATUS CODE] 200
2026-02-03 09:13:16 - create_rate_cards - INFO - [TIME TAKEN] 0.5779 seconds (577.95 ms)
2026-02-03 09:13:16 - create_rate_cards - INFO - [RESPONSE CONTENT-TYPE] application/json
2026-02-03 09:13:16 - create_rate_cards - INFO - [RESPONSE PAYLOAD]
{
  "message": "Delete Success"
}
2026-02-03 09:13:16 - create_rate_cards - INFO - ✓ Deleted rate card: st_testing546453_1
2026-02-03 09:13:16 - create_rate_cards - INFO - Deleting rate card: st_testing546453_2
2026-02-03 09:13:16 - create_rate_cards - INFO - [API REQUEST] DELETE https://ncm.services.nconprem-10-53-60-173.ccpnx.com/v1/cg/config/rate-cards?rateCardIds=69ff222d-42e3-4ec8-b07b-d2ec71caf616
2026-02-03 09:13:16 - create_rate_cards - INFO - [API RESPONSE] DELETE https://ncm.services.nconprem-10-53-60-173.ccpnx.com/v1/cg/config/rate-cards?rateCardIds=69ff222d-42e3-4ec8-b07b-d2ec71caf616
2026-02-03 09:13:16 - create_rate_cards - INFO - [STATUS CODE] 200
2026-02-03 09:13:16 - create_rate_cards - INFO - [TIME TAKEN] 0.2729 seconds (272.86 ms)
2026-02-03 09:13:16 - create_rate_cards - INFO - [RESPONSE CONTENT-TYPE] application/json
2026-02-03 09:13:16 - create_rate_cards - INFO - [RESPONSE PAYLOAD]
{
  "message": "Delete Success"
}
2026-02-03 09:13:16 - create_rate_cards - INFO - ✓ Deleted rate card: st_testing546453_2
2026-02-03 09:13:16 - create_rate_cards - INFO - Deleting rate card: st_testing546453_3
2026-02-03 09:13:16 - create_rate_cards - INFO - [API REQUEST] DELETE https://ncm.services.nconprem-10-53-60-173.ccpnx.com/v1/cg/config/rate-cards?rateCardIds=c62ac452-415b-477b-b7b3-5cf6fe3893b2
2026-02-03 09:13:16 - create_rate_cards - INFO - [API RESPONSE] DELETE https://ncm.services.nconprem-10-53-60-173.ccpnx.com/v1/cg/config/rate-cards?rateCardIds=c62ac452-415b-477b-b7b3-5cf6fe3893b2
2026-02-03 09:13:16 - create_rate_cards - INFO - [STATUS CODE] 200
2026-02-03 09:13:16 - create_rate_cards - INFO - [TIME TAKEN] 0.2996 seconds (299.64 ms)
2026-02-03 09:13:16 - create_rate_cards - INFO - [RESPONSE CONTENT-TYPE] application/json
2026-02-03 09:13:16 - create_rate_cards - INFO - [RESPONSE PAYLOAD]
{
  "message": "Delete Success"
}
2026-02-03 09:13:16 - create_rate_cards - INFO - ✓ Deleted rate card: st_testing546453_3
2026-02-03 09:13:16 - create_rate_cards - INFO - Deleting rate card: st_testing546453_4
2026-02-03 09:13:16 - create_rate_cards - INFO - [API REQUEST] DELETE https://ncm.services.nconprem-10-53-60-173.ccpnx.com/v1/cg/config/rate-cards?rateCardIds=48c2f081-492c-4ce5-b862-2f56cc81dcf9
2026-02-03 09:13:17 - create_rate_cards - INFO - [API RESPONSE] DELETE https://ncm.services.nconprem-10-53-60-173.ccpnx.com/v1/cg/config/rate-cards?rateCardIds=48c2f081-492c-4ce5-b862-2f56cc81dcf9
2026-02-03 09:13:17 - create_rate_cards - INFO - [STATUS CODE] 200
2026-02-03 09:13:17 - create_rate_cards - INFO - [TIME TAKEN] 0.3192 seconds (319.22 ms)
2026-02-03 09:13:17 - create_rate_cards - INFO - [RESPONSE CONTENT-TYPE] application/json
2026-02-03 09:13:17 - create_rate_cards - INFO - [RESPONSE PAYLOAD]
{
  "message": "Delete Success"
}
2026-02-03 09:13:17 - create_rate_cards - INFO - ✓ Deleted rate card: st_testing546453_4
2026-02-03 09:13:17 - create_rate_cards - INFO - Deleting rate card: st_testing720273_101
2026-02-03 09:13:17 - create_rate_cards - INFO - [API REQUEST] DELETE https://ncm.services.nconprem-10-53-60-173.ccpnx.com/v1/cg/config/rate-cards?rateCardIds=8506052c-d9eb-4e56-adb6-2eb8858caf04
2026-02-03 09:13:17 - create_rate_cards - INFO - [API RESPONSE] DELETE https://ncm.services.nconprem-10-53-60-173.ccpnx.com/v1/cg/config/rate-cards?rateCardIds=8506052c-d9eb-4e56-adb6-2eb8858caf04
2026-02-03 09:13:17 - create_rate_cards - INFO - [STATUS CODE] 200
2026-02-03 09:13:17 - create_rate_cards - INFO - [TIME TAKEN] 0.2759 seconds (275.94 ms)
2026-02-03 09:13:17 - create_rate_cards - INFO - [RESPONSE CONTENT-TYPE] application/json
2026-02-03 09:13:17 - create_rate_cards - INFO - [RESPONSE PAYLOAD]
{
  "message": "Delete Success"
}
2026-02-03 09:13:17 - create_rate_cards - INFO - ✓ Deleted rate card: st_testing720273_101
2026-02-03 09:13:17 - create_rate_cards - INFO - Deleting rate card: st_testing720273_102
2026-02-03 09:13:17 - create_rate_cards - INFO - [API REQUEST] DELETE https://ncm.services.nconprem-10-53-60-173.ccpnx.com/v1/cg/config/rate-cards?rateCardIds=bfba3f34-6f0f-4b85-9ec3-525989417a24
2026-02-03 09:13:17 - create_rate_cards - INFO - [API RESPONSE] DELETE https://ncm.services.nconprem-10-53-60-173.ccpnx.com/v1/cg/config/rate-cards?rateCardIds=bfba3f34-6f0f-4b85-9ec3-525989417a24
2026-02-03 09:13:17 - create_rate_cards - INFO - [STATUS CODE] 200
2026-02-03 09:13:17 - create_rate_cards - INFO - [TIME TAKEN] 0.2240 seconds (224.03 ms)
2026-02-03 09:13:17 - create_rate_cards - INFO - [RESPONSE CONTENT-TYPE] application/json
2026-02-03 09:13:17 - create_rate_cards - INFO - [RESPONSE PAYLOAD]
{
  "message": "Delete Success"
}
2026-02-03 09:13:17 - create_rate_cards - INFO - ✓ Deleted rate card: st_testing720273_102
2026-02-03 09:13:17 - create_rate_cards - INFO - Deleting rate card: st_testing720273_103
2026-02-03 09:13:17 - create_rate_cards - INFO - [API REQUEST] DELETE https://ncm.services.nconprem-10-53-60-173.ccpnx.com/v1/cg/config/rate-cards?rateCardIds=4f7f376c-756d-4a9f-a815-9c7da6da59ab
2026-02-03 09:13:18 - create_rate_cards - INFO - [API RESPONSE] DELETE https://ncm.services.nconprem-10-53-60-173.ccpnx.com/v1/cg/config/rate-cards?rateCardIds=4f7f376c-756d-4a9f-a815-9c7da6da59ab
2026-02-03 09:13:18 - create_rate_cards - INFO - [STATUS CODE] 200
2026-02-03 09:13:18 - create_rate_cards - INFO - [TIME TAKEN] 0.2581 seconds (258.10 ms)
2026-02-03 09:13:18 - create_rate_cards - INFO - [RESPONSE CONTENT-TYPE] application/json
2026-02-03 09:13:18 - create_rate_cards - INFO - [RESPONSE PAYLOAD]
{
  "message": "Delete Success"
}
2026-02-03 09:13:18 - create_rate_cards - INFO - ✓ Deleted rate card: st_testing720273_103
2026-02-03 09:13:18 - create_rate_cards - INFO - Deleting rate card: st_testing720273_104
2026-02-03 09:13:18 - create_rate_cards - INFO - [API REQUEST] DELETE https://ncm.services.nconprem-10-53-60-173.ccpnx.com/v1/cg/config/rate-cards?rateCardIds=47359f73-d5f5-4a56-b33b-8ccec037524b
2026-02-03 09:13:18 - create_rate_cards - INFO - [API RESPONSE] DELETE https://ncm.services.nconprem-10-53-60-173.ccpnx.com/v1/cg/config/rate-cards?rateCardIds=47359f73-d5f5-4a56-b33b-8ccec037524b
2026-02-03 09:13:18 - create_rate_cards - INFO - [STATUS CODE] 200
2026-02-03 09:13:18 - create_rate_cards - INFO - [TIME TAKEN] 0.3156 seconds (315.59 ms)
2026-02-03 09:13:18 - create_rate_cards - INFO - [RESPONSE CONTENT-TYPE] application/json
2026-02-03 09:13:18 - create_rate_cards - INFO - [RESPONSE PAYLOAD]
{
  "message": "Delete Success"
}
2026-02-03 09:13:18 - create_rate_cards - INFO - ✓ Deleted rate card: st_testing720273_104
2026-02-03 09:13:18 - create_rate_cards - INFO - Deleting rate card: st_testing720273_105
2026-02-03 09:13:18 - create_rate_cards - INFO - [API REQUEST] DELETE https://ncm.services.nconprem-10-53-60-173.ccpnx.com/v1/cg/config/rate-cards?rateCardIds=d1af917a-aa9f-4965-b470-b4b6eaac3b8b
2026-02-03 09:13:18 - create_rate_cards - INFO - [API RESPONSE] DELETE https://ncm.services.nconprem-10-53-60-173.ccpnx.com/v1/cg/config/rate-cards?rateCardIds=d1af917a-aa9f-4965-b470-b4b6eaac3b8b
2026-02-03 09:13:18 - create_rate_cards - INFO - [STATUS CODE] 200
2026-02-03 09:13:18 - create_rate_cards - INFO - [TIME TAKEN] 0.2621 seconds (262.08 ms)
2026-02-03 09:13:18 - create_rate_cards - INFO - [RESPONSE CONTENT-TYPE] application/json
2026-02-03 09:13:18 - create_rate_cards - INFO - [RESPONSE PAYLOAD]
{
  "message": "Delete Success"
}
2026-02-03 09:13:18 - create_rate_cards - INFO - ✓ Deleted rate card: st_testing720273_105
2026-02-03 09:13:18 - create_rate_cards - INFO - Deleting rate card: st_testing720273_106
2026-02-03 09:13:18 - create_rate_cards - INFO - [API REQUEST] DELETE https://ncm.services.nconprem-10-53-60-173.ccpnx.com/v1/cg/config/rate-cards?rateCardIds=f444dc7b-fd85-4a78-8fc4-5422836075f9
2026-02-03 09:13:18 - create_rate_cards - INFO - [API RESPONSE] DELETE https://ncm.services.nconprem-10-53-60-173.ccpnx.com/v1/cg/config/rate-cards?rateCardIds=f444dc7b-fd85-4a78-8fc4-5422836075f9
2026-02-03 09:13:18 - create_rate_cards - INFO - [STATUS CODE] 200
2026-02-03 09:13:18 - create_rate_cards - INFO - [TIME TAKEN] 0.2719 seconds (271.90 ms)
2026-02-03 09:13:18 - create_rate_cards - INFO - [RESPONSE CONTENT-TYPE] application/json
2026-02-03 09:13:18 - create_rate_cards - INFO - [RESPONSE PAYLOAD]
{
  "message": "Delete Success"
}
2026-02-03 09:13:18 - create_rate_cards - INFO - ✓ Deleted rate card: st_testing720273_106
2026-02-03 09:13:18 - create_rate_cards - INFO - Deleting rate card: st_testing720273_107
2026-02-03 09:13:18 - create_rate_cards - INFO - [API REQUEST] DELETE https://ncm.services.nconprem-10-53-60-173.ccpnx.com/v1/cg/config/rate-cards?rateCardIds=206ec8a6-53bc-473e-afbc-a6d9215b1d29
2026-02-03 09:13:19 - create_rate_cards - INFO - [API RESPONSE] DELETE https://ncm.services.nconprem-10-53-60-173.ccpnx.com/v1/cg/config/rate-cards?rateCardIds=206ec8a6-53bc-473e-afbc-a6d9215b1d29
2026-02-03 09:13:19 - create_rate_cards - INFO - [STATUS CODE] 200
2026-02-03 09:13:19 - create_rate_cards - INFO - [TIME TAKEN] 0.5459 seconds (545.93 ms)
2026-02-03 09:13:19 - create_rate_cards - INFO - [RESPONSE CONTENT-TYPE] application/json
2026-02-03 09:13:19 - create_rate_cards - INFO - [RESPONSE PAYLOAD]
{
  "message": "Delete Success"
}
2026-02-03 09:13:19 - create_rate_cards - INFO - ✓ Deleted rate card: st_testing720273_107
2026-02-03 09:13:19 - create_rate_cards - INFO - Deleting rate card: st_testing720273_108
2026-02-03 09:13:19 - create_rate_cards - INFO - [API REQUEST] DELETE https://ncm.services.nconprem-10-53-60-173.ccpnx.com/v1/cg/config/rate-cards?rateCardIds=1401fc11-45e9-46d0-983c-110f77c40e13
2026-02-03 09:13:19 - create_rate_cards - INFO - [API RESPONSE] DELETE https://ncm.services.nconprem-10-53-60-173.ccpnx.com/v1/cg/config/rate-cards?rateCardIds=1401fc11-45e9-46d0-983c-110f77c40e13
2026-02-03 09:13:19 - create_rate_cards - INFO - [STATUS CODE] 200
2026-02-03 09:13:19 - create_rate_cards - INFO - [TIME TAKEN] 0.3315 seconds (331.47 ms)
2026-02-03 09:13:19 - create_rate_cards - INFO - [RESPONSE CONTENT-TYPE] application/json
2026-02-03 09:13:19 - create_rate_cards - INFO - [RESPONSE PAYLOAD]
{
  "message": "Delete Success"
}
2026-02-03 09:13:19 - create_rate_cards - INFO - ✓ Deleted rate card: st_testing720273_108
2026-02-03 09:13:19 - create_rate_cards - INFO - Deleting rate card: st_testing720273_109
2026-02-03 09:13:19 - create_rate_cards - INFO - [API REQUEST] DELETE https://ncm.services.nconprem-10-53-60-173.ccpnx.com/v1/cg/config/rate-cards?rateCardIds=e3dde6b8-131c-4c6b-9b1c-c656bc47b58c
2026-02-03 09:13:19 - create_rate_cards - INFO - [API RESPONSE] DELETE https://ncm.services.nconprem-10-53-60-173.ccpnx.com/v1/cg/config/rate-cards?rateCardIds=e3dde6b8-131c-4c6b-9b1c-c656bc47b58c
2026-02-03 09:13:19 - create_rate_cards - INFO - [STATUS CODE] 200
2026-02-03 09:13:19 - create_rate_cards - INFO - [TIME TAKEN] 0.2440 seconds (243.99 ms)
2026-02-03 09:13:19 - create_rate_cards - INFO - [RESPONSE CONTENT-TYPE] application/json
2026-02-03 09:13:19 - create_rate_cards - INFO - [RESPONSE PAYLOAD]
{
  "message": "Delete Success"
}
2026-02-03 09:13:19 - create_rate_cards - INFO - ✓ Deleted rate card: st_testing720273_109
2026-02-03 09:13:19 - create_rate_cards - INFO - Deleting rate card: st_testing720273_110
2026-02-03 09:13:19 - create_rate_cards - INFO - [API REQUEST] DELETE https://ncm.services.nconprem-10-53-60-173.ccpnx.com/v1/cg/config/rate-cards?rateCardIds=6a300153-6532-43fd-a735-18546ecc5a97
2026-02-03 09:13:20 - create_rate_cards - INFO - [API RESPONSE] DELETE https://ncm.services.nconprem-10-53-60-173.ccpnx.com/v1/cg/config/rate-cards?rateCardIds=6a300153-6532-43fd-a735-18546ecc5a97
2026-02-03 09:13:20 - create_rate_cards - INFO - [STATUS CODE] 200
2026-02-03 09:13:20 - create_rate_cards - INFO - [TIME TAKEN] 0.3248 seconds (324.82 ms)
2026-02-03 09:13:20 - create_rate_cards - INFO - [RESPONSE CONTENT-TYPE] application/json
2026-02-03 09:13:20 - create_rate_cards - INFO - [RESPONSE PAYLOAD]
{
  "message": "Delete Success"
}
2026-02-03 09:13:20 - create_rate_cards - INFO - ✓ Deleted rate card: st_testing720273_110
2026-02-03 09:13:20 - create_rate_cards - INFO - Deleting rate card: st_testing720273_111
2026-02-03 09:13:20 - create_rate_cards - INFO - [API REQUEST] DELETE https://ncm.services.nconprem-10-53-60-173.ccpnx.com/v1/cg/config/rate-cards?rateCardIds=0603f210-a7f7-40ea-a323-645b213c9777
2026-02-03 09:13:20 - create_rate_cards - INFO - [API RESPONSE] DELETE https://ncm.services.nconprem-10-53-60-173.ccpnx.com/v1/cg/config/rate-cards?rateCardIds=0603f210-a7f7-40ea-a323-645b213c9777
2026-02-03 09:13:20 - create_rate_cards - INFO - [STATUS CODE] 200
2026-02-03 09:13:20 - create_rate_cards - INFO - [TIME TAKEN] 0.3031 seconds (303.07 ms)
2026-02-03 09:13:20 - create_rate_cards - INFO - [RESPONSE CONTENT-TYPE] application/json
2026-02-03 09:13:20 - create_rate_cards - INFO - [RESPONSE PAYLOAD]
{
  "message": "Delete Success"
}
2026-02-03 09:13:20 - create_rate_cards - INFO - ✓ Deleted rate card: st_testing720273_111
2026-02-03 09:13:20 - create_rate_cards - INFO - Deleting rate card: st_testing720273_112
2026-02-03 09:13:20 - create_rate_cards - INFO - [API REQUEST] DELETE https://ncm.services.nconprem-10-53-60-173.ccpnx.com/v1/cg/config/rate-cards?rateCardIds=7bc0c9cd-c731-4f31-a0be-29e3e0956824
2026-02-03 09:13:20 - create_rate_cards - INFO - [API RESPONSE] DELETE https://ncm.services.nconprem-10-53-60-173.ccpnx.com/v1/cg/config/rate-cards?rateCardIds=7bc0c9cd-c731-4f31-a0be-29e3e0956824
2026-02-03 09:13:20 - create_rate_cards - INFO - [STATUS CODE] 200
2026-02-03 09:13:20 - create_rate_cards - INFO - [TIME TAKEN] 0.3158 seconds (315.76 ms)
2026-02-03 09:13:20 - create_rate_cards - INFO - [RESPONSE CONTENT-TYPE] application/json
2026-02-03 09:13:20 - create_rate_cards - INFO - [RESPONSE PAYLOAD]
{
  "message": "Delete Success"
}
2026-02-03 09:13:20 - create_rate_cards - INFO - ✓ Deleted rate card: st_testing720273_112
2026-02-03 09:13:20 - create_rate_cards - INFO - Deleting rate card: st_testing720273_113
2026-02-03 09:13:20 - create_rate_cards - INFO - [API REQUEST] DELETE https://ncm.services.nconprem-10-53-60-173.ccpnx.com/v1/cg/config/rate-cards?rateCardIds=5bf631d0-33a5-4e14-b074-577b43d360a0
2026-02-03 09:13:21 - create_rate_cards - INFO - [API RESPONSE] DELETE https://ncm.services.nconprem-10-53-60-173.ccpnx.com/v1/cg/config/rate-cards?rateCardIds=5bf631d0-33a5-4e14-b074-577b43d360a0
2026-02-03 09:13:21 - create_rate_cards - INFO - [STATUS CODE] 200
2026-02-03 09:13:21 - create_rate_cards - INFO - [TIME TAKEN] 0.2605 seconds (260.54 ms)
2026-02-03 09:13:21 - create_rate_cards - INFO - [RESPONSE CONTENT-TYPE] application/json
2026-02-03 09:13:21 - create_rate_cards - INFO - [RESPONSE PAYLOAD]
{
  "message": "Delete Success"
}
2026-02-03 09:13:21 - create_rate_cards - INFO - ✓ Deleted rate card: st_testing720273_113
2026-02-03 09:13:21 - create_rate_cards - INFO - Deleting rate card: st_testing720273_114
2026-02-03 09:13:21 - create_rate_cards - INFO - [API REQUEST] DELETE https://ncm.services.nconprem-10-53-60-173.ccpnx.com/v1/cg/config/rate-cards?rateCardIds=30a5e429-b17c-4fd3-9d3b-75a1852effa6
2026-02-03 09:13:21 - create_rate_cards - INFO - [API RESPONSE] DELETE https://ncm.services.nconprem-10-53-60-173.ccpnx.com/v1/cg/config/rate-cards?rateCardIds=30a5e429-b17c-4fd3-9d3b-75a1852effa6
2026-02-03 09:13:21 - create_rate_cards - INFO - [STATUS CODE] 200
2026-02-03 09:13:21 - create_rate_cards - INFO - [TIME TAKEN] 0.3108 seconds (310.84 ms)
2026-02-03 09:13:21 - create_rate_cards - INFO - [RESPONSE CONTENT-TYPE] application/json
2026-02-03 09:13:21 - create_rate_cards - INFO - [RESPONSE PAYLOAD]
{
  "message": "Delete Success"
}
2026-02-03 09:13:21 - create_rate_cards - INFO - ✓ Deleted rate card: st_testing720273_114
2026-02-03 09:13:21 - create_rate_cards - INFO - Deleting rate card: st_testing720273_115
2026-02-03 09:13:21 - create_rate_cards - INFO - [API REQUEST] DELETE https://ncm.services.nconprem-10-53-60-173.ccpnx.com/v1/cg/config/rate-cards?rateCardIds=12d5f6b4-89a7-4a4a-8444-11245f6f8e0f
2026-02-03 09:13:21 - create_rate_cards - INFO - [API RESPONSE] DELETE https://ncm.services.nconprem-10-53-60-173.ccpnx.com/v1/cg/config/rate-cards?rateCardIds=12d5f6b4-89a7-4a4a-8444-11245f6f8e0f
2026-02-03 09:13:21 - create_rate_cards - INFO - [STATUS CODE] 200
2026-02-03 09:13:21 - create_rate_cards - INFO - [TIME TAKEN] 0.3043 seconds (304.29 ms)
2026-02-03 09:13:21 - create_rate_cards - INFO - [RESPONSE CONTENT-TYPE] application/json
2026-02-03 09:13:21 - create_rate_cards - INFO - [RESPONSE PAYLOAD]
{
  "message": "Delete Success"
}
2026-02-03 09:13:21 - create_rate_cards - INFO - ✓ Deleted rate card: st_testing720273_115
2026-02-03 09:13:21 - create_rate_cards - INFO - Deleting rate card: st_testing720273_116
2026-02-03 09:13:21 - create_rate_cards - INFO - [API REQUEST] DELETE https://ncm.services.nconprem-10-53-60-173.ccpnx.com/v1/cg/config/rate-cards?rateCardIds=1453403a-2fb2-401e-9596-5444eafaa83f
2026-02-03 09:13:22 - create_rate_cards - INFO - [API RESPONSE] DELETE https://ncm.services.nconprem-10-53-60-173.ccpnx.com/v1/cg/config/rate-cards?rateCardIds=1453403a-2fb2-401e-9596-5444eafaa83f
2026-02-03 09:13:22 - create_rate_cards - INFO - [STATUS CODE] 200
2026-02-03 09:13:22 - create_rate_cards - INFO - [TIME TAKEN] 0.3033 seconds (303.28 ms)
2026-02-03 09:13:22 - create_rate_cards - INFO - [RESPONSE CONTENT-TYPE] application/json
2026-02-03 09:13:22 - create_rate_cards - INFO - [RESPONSE PAYLOAD]
{
  "message": "Delete Success"
}
2026-02-03 09:13:22 - create_rate_cards - INFO - ✓ Deleted rate card: st_testing720273_116
2026-02-03 09:13:22 - create_rate_cards - INFO - Deleting rate card: st_testing720273_117
2026-02-03 09:13:22 - create_rate_cards - INFO - [API REQUEST] DELETE https://ncm.services.nconprem-10-53-60-173.ccpnx.com/v1/cg/config/rate-cards?rateCardIds=1b1d744e-1d62-4200-a62e-e7162907f624
2026-02-03 09:13:22 - create_rate_cards - INFO - [API RESPONSE] DELETE https://ncm.services.nconprem-10-53-60-173.ccpnx.com/v1/cg/config/rate-cards?rateCardIds=1b1d744e-1d62-4200-a62e-e7162907f624
2026-02-03 09:13:22 - create_rate_cards - INFO - [STATUS CODE] 200
2026-02-03 09:13:22 - create_rate_cards - INFO - [TIME TAKEN] 0.2393 seconds (239.25 ms)
2026-02-03 09:13:22 - create_rate_cards - INFO - [RESPONSE CONTENT-TYPE] application/json
2026-02-03 09:13:22 - create_rate_cards - INFO - [RESPONSE PAYLOAD]
{
  "message": "Delete Success"
}
2026-02-03 09:13:22 - create_rate_cards - INFO - ✓ Deleted rate card: st_testing720273_117
2026-02-03 09:13:22 - create_rate_cards - INFO - Deleting rate card: st_testing720273_118
2026-02-03 09:13:22 - create_rate_cards - INFO - [API REQUEST] DELETE https://ncm.services.nconprem-10-53-60-173.ccpnx.com/v1/cg/config/rate-cards?rateCardIds=ecf44a43-33e7-4d12-843d-43c0aaf0d148
2026-02-03 09:13:22 - create_rate_cards - INFO - [API RESPONSE] DELETE https://ncm.services.nconprem-10-53-60-173.ccpnx.com/v1/cg/config/rate-cards?rateCardIds=ecf44a43-33e7-4d12-843d-43c0aaf0d148
2026-02-03 09:13:22 - create_rate_cards - INFO - [STATUS CODE] 200
2026-02-03 09:13:22 - create_rate_cards - INFO - [TIME TAKEN] 0.3399 seconds (339.92 ms)
2026-02-03 09:13:22 - create_rate_cards - INFO - [RESPONSE CONTENT-TYPE] application/json
2026-02-03 09:13:22 - create_rate_cards - INFO - [RESPONSE PAYLOAD]
{
  "message": "Delete Success"
}
2026-02-03 09:13:22 - create_rate_cards - INFO - ✓ Deleted rate card: st_testing720273_118
2026-02-03 09:13:22 - create_rate_cards - INFO - Deleting rate card: st_testing720273_119
2026-02-03 09:13:22 - create_rate_cards - INFO - [API REQUEST] DELETE https://ncm.services.nconprem-10-53-60-173.ccpnx.com/v1/cg/config/rate-cards?rateCardIds=aeedb2db-b0f5-4ee8-980f-704e1722b32e
2026-02-03 09:13:23 - create_rate_cards - INFO - [API RESPONSE] DELETE https://ncm.services.nconprem-10-53-60-173.ccpnx.com/v1/cg/config/rate-cards?rateCardIds=aeedb2db-b0f5-4ee8-980f-704e1722b32e
2026-02-03 09:13:23 - create_rate_cards - INFO - [STATUS CODE] 200
2026-02-03 09:13:23 - create_rate_cards - INFO - [TIME TAKEN] 0.3156 seconds (315.59 ms)
2026-02-03 09:13:23 - create_rate_cards - INFO - [RESPONSE CONTENT-TYPE] application/json
2026-02-03 09:13:23 - create_rate_cards - INFO - [RESPONSE PAYLOAD]
{
  "message": "Delete Success"
}
2026-02-03 09:13:23 - create_rate_cards - INFO - ✓ Deleted rate card: st_testing720273_119
2026-02-03 09:13:23 - create_rate_cards - INFO - Deleting rate card: st_testing720273_120
2026-02-03 09:13:23 - create_rate_cards - INFO - [API REQUEST] DELETE https://ncm.services.nconprem-10-53-60-173.ccpnx.com/v1/cg/config/rate-cards?rateCardIds=714c1cb4-0db3-488b-ba86-1dacbae62ea8
2026-02-03 09:13:23 - create_rate_cards - INFO - [API RESPONSE] DELETE https://ncm.services.nconprem-10-53-60-173.ccpnx.com/v1/cg/config/rate-cards?rateCardIds=714c1cb4-0db3-488b-ba86-1dacbae62ea8
2026-02-03 09:13:23 - create_rate_cards - INFO - [STATUS CODE] 200
2026-02-03 09:13:23 - create_rate_cards - INFO - [TIME TAKEN] 0.2986 seconds (298.62 ms)
2026-02-03 09:13:23 - create_rate_cards - INFO - [RESPONSE CONTENT-TYPE] application/json
2026-02-03 09:13:23 - create_rate_cards - INFO - [RESPONSE PAYLOAD]
{
  "message": "Delete Success"
}
2026-02-03 09:13:23 - create_rate_cards - INFO - ✓ Deleted rate card: st_testing720273_120
2026-02-03 09:13:23 - create_rate_cards - INFO - Deleting rate card: st_testing720273_121
2026-02-03 09:13:23 - create_rate_cards - INFO - [API REQUEST] DELETE https://ncm.services.nconprem-10-53-60-173.ccpnx.com/v1/cg/config/rate-cards?rateCardIds=f0ca1ab3-0856-499b-ba44-d60616e736d8
2026-02-03 09:13:23 - create_rate_cards - INFO - [API RESPONSE] DELETE https://ncm.services.nconprem-10-53-60-173.ccpnx.com/v1/cg/config/rate-cards?rateCardIds=f0ca1ab3-0856-499b-ba44-d60616e736d8
2026-02-03 09:13:23 - create_rate_cards - INFO - [STATUS CODE] 200
2026-02-03 09:13:23 - create_rate_cards - INFO - [TIME TAKEN] 0.5247 seconds (524.74 ms)
2026-02-03 09:13:23 - create_rate_cards - INFO - [RESPONSE CONTENT-TYPE] application/json
2026-02-03 09:13:23 - create_rate_cards - INFO - [RESPONSE PAYLOAD]
{
  "message": "Delete Success"
}
2026-02-03 09:13:23 - create_rate_cards - INFO - ✓ Deleted rate card: st_testing720273_121
2026-02-03 09:13:23 - create_rate_cards - INFO - Deleting rate card: st_testing720273_122
2026-02-03 09:13:23 - create_rate_cards - INFO - [API REQUEST] DELETE https://ncm.services.nconprem-10-53-60-173.ccpnx.com/v1/cg/config/rate-cards?rateCardIds=a5cbe8be-fa76-4dcd-a171-0acb8d62871d
2026-02-03 09:13:24 - create_rate_cards - INFO - [API RESPONSE] DELETE https://ncm.services.nconprem-10-53-60-173.ccpnx.com/v1/cg/config/rate-cards?rateCardIds=a5cbe8be-fa76-4dcd-a171-0acb8d62871d
2026-02-03 09:13:24 - create_rate_cards - INFO - [STATUS CODE] 200
2026-02-03 09:13:24 - create_rate_cards - INFO - [TIME TAKEN] 0.7409 seconds (740.88 ms)
2026-02-03 09:13:24 - create_rate_cards - INFO - [RESPONSE CONTENT-TYPE] application/json
2026-02-03 09:13:24 - create_rate_cards - INFO - [RESPONSE PAYLOAD]
{
  "message": "Delete Success"
}
2026-02-03 09:13:24 - create_rate_cards - INFO - ✓ Deleted rate card: st_testing720273_122
2026-02-03 09:13:24 - create_rate_cards - INFO - Deleting rate card: st_testing720273_123
2026-02-03 09:13:24 - create_rate_cards - INFO - [API REQUEST] DELETE https://ncm.services.nconprem-10-53-60-173.ccpnx.com/v1/cg/config/rate-cards?rateCardIds=0a42530b-5f9b-4fb4-9247-6beb316e3857
2026-02-03 09:13:25 - create_rate_cards - INFO - [API RESPONSE] DELETE https://ncm.services.nconprem-10-53-60-173.ccpnx.com/v1/cg/config/rate-cards?rateCardIds=0a42530b-5f9b-4fb4-9247-6beb316e3857
2026-02-03 09:13:25 - create_rate_cards - INFO - [STATUS CODE] 200
2026-02-03 09:13:25 - create_rate_cards - INFO - [TIME TAKEN] 0.5011 seconds (501.15 ms)
2026-02-03 09:13:25 - create_rate_cards - INFO - [RESPONSE CONTENT-TYPE] application/json
2026-02-03 09:13:25 - create_rate_cards - INFO - [RESPONSE PAYLOAD]
{
  "message": "Delete Success"
}
2026-02-03 09:13:25 - create_rate_cards - INFO - ✓ Deleted rate card: st_testing720273_123
2026-02-03 09:13:25 - create_rate_cards - INFO - Deleting rate card: st_testing720273_124
2026-02-03 09:13:25 - create_rate_cards - INFO - [API REQUEST] DELETE https://ncm.services.nconprem-10-53-60-173.ccpnx.com/v1/cg/config/rate-cards?rateCardIds=c5602c32-0e15-4050-a374-368fe14d89f6
2026-02-03 09:13:25 - create_rate_cards - INFO - [API RESPONSE] DELETE https://ncm.services.nconprem-10-53-60-173.ccpnx.com/v1/cg/config/rate-cards?rateCardIds=c5602c32-0e15-4050-a374-368fe14d89f6
2026-02-03 09:13:25 - create_rate_cards - INFO - [STATUS CODE] 200
2026-02-03 09:13:25 - create_rate_cards - INFO - [TIME TAKEN] 0.4054 seconds (405.44 ms)
2026-02-03 09:13:25 - create_rate_cards - INFO - [RESPONSE CONTENT-TYPE] application/json
2026-02-03 09:13:25 - create_rate_cards - INFO - [RESPONSE PAYLOAD]
{
  "message": "Delete Success"
}
2026-02-03 09:13:25 - create_rate_cards - INFO - ✓ Deleted rate card: st_testing720273_124
2026-02-03 09:13:25 - create_rate_cards - INFO - Deleting rate card: st_testing720273_125
2026-02-03 09:13:25 - create_rate_cards - INFO - [API REQUEST] DELETE https://ncm.services.nconprem-10-53-60-173.ccpnx.com/v1/cg/config/rate-cards?rateCardIds=6297b55b-cdaf-485b-9636-7614059be00c
2026-02-03 09:13:25 - create_rate_cards - INFO - [API RESPONSE] DELETE https://ncm.services.nconprem-10-53-60-173.ccpnx.com/v1/cg/config/rate-cards?rateCardIds=6297b55b-cdaf-485b-9636-7614059be00c
2026-02-03 09:13:25 - create_rate_cards - INFO - [STATUS CODE] 200
2026-02-03 09:13:25 - create_rate_cards - INFO - [TIME TAKEN] 0.3813 seconds (381.35 ms)
2026-02-03 09:13:25 - create_rate_cards - INFO - [RESPONSE CONTENT-TYPE] application/json
2026-02-03 09:13:25 - create_rate_cards - INFO - [RESPONSE PAYLOAD]
{
  "message": "Delete Success"
}
2026-02-03 09:13:25 - create_rate_cards - INFO - ✓ Deleted rate card: st_testing720273_125
2026-02-03 09:13:25 - create_rate_cards - INFO - Deleting rate card: st_testing720273_126
2026-02-03 09:13:25 - create_rate_cards - INFO - [API REQUEST] DELETE https://ncm.services.nconprem-10-53-60-173.ccpnx.com/v1/cg/config/rate-cards?rateCardIds=8c6edb54-7da1-4473-86e7-0e98f9a20889
2026-02-03 09:13:26 - create_rate_cards - INFO - [API RESPONSE] DELETE https://ncm.services.nconprem-10-53-60-173.ccpnx.com/v1/cg/config/rate-cards?rateCardIds=8c6edb54-7da1-4473-86e7-0e98f9a20889
2026-02-03 09:13:26 - create_rate_cards - INFO - [STATUS CODE] 200
2026-02-03 09:13:26 - create_rate_cards - INFO - [TIME TAKEN] 0.3957 seconds (395.73 ms)
2026-02-03 09:13:26 - create_rate_cards - INFO - [RESPONSE CONTENT-TYPE] application/json
2026-02-03 09:13:26 - create_rate_cards - INFO - [RESPONSE PAYLOAD]
{
  "message": "Delete Success"
}
2026-02-03 09:13:26 - create_rate_cards - INFO - ✓ Deleted rate card: st_testing720273_126
2026-02-03 09:13:26 - create_rate_cards - INFO - Deleting rate card: st_testing720273_127
2026-02-03 09:13:26 - create_rate_cards - INFO - [API REQUEST] DELETE https://ncm.services.nconprem-10-53-60-173.ccpnx.com/v1/cg/config/rate-cards?rateCardIds=c060b45d-72a4-4fa9-a21e-1ba4ab3cb8ff
2026-02-03 09:13:26 - create_rate_cards - INFO - [API RESPONSE] DELETE https://ncm.services.nconprem-10-53-60-173.ccpnx.com/v1/cg/config/rate-cards?rateCardIds=c060b45d-72a4-4fa9-a21e-1ba4ab3cb8ff
2026-02-03 09:13:26 - create_rate_cards - INFO - [STATUS CODE] 200
2026-02-03 09:13:26 - create_rate_cards - INFO - [TIME TAKEN] 0.3590 seconds (359.03 ms)
2026-02-03 09:13:26 - create_rate_cards - INFO - [RESPONSE CONTENT-TYPE] application/json
2026-02-03 09:13:26 - create_rate_cards - INFO - [RESPONSE PAYLOAD]
{
  "message": "Delete Success"
}
2026-02-03 09:13:26 - create_rate_cards - INFO - ✓ Deleted rate card: st_testing720273_127
2026-02-03 09:13:26 - create_rate_cards - INFO - Deleting rate card: st_testing720273_128
2026-02-03 09:13:26 - create_rate_cards - INFO - [API REQUEST] DELETE https://ncm.services.nconprem-10-53-60-173.ccpnx.com/v1/cg/config/rate-cards?rateCardIds=c6e64885-dbcb-4d54-89c6-8148e9ba9dba
2026-02-03 09:13:27 - create_rate_cards - INFO - [API RESPONSE] DELETE https://ncm.services.nconprem-10-53-60-173.ccpnx.com/v1/cg/config/rate-cards?rateCardIds=c6e64885-dbcb-4d54-89c6-8148e9ba9dba
2026-02-03 09:13:27 - create_rate_cards - INFO - [STATUS CODE] 200
2026-02-03 09:13:27 - create_rate_cards - INFO - [TIME TAKEN] 0.5125 seconds (512.49 ms)
2026-02-03 09:13:27 - create_rate_cards - INFO - [RESPONSE CONTENT-TYPE] application/json
2026-02-03 09:13:27 - create_rate_cards - INFO - [RESPONSE PAYLOAD]
{
  "message": "Delete Success"
}
2026-02-03 09:13:27 - create_rate_cards - INFO - ✓ Deleted rate card: st_testing720273_128
2026-02-03 09:13:27 - create_rate_cards - INFO - Deleting rate card: st_testing720273_129
2026-02-03 09:13:27 - create_rate_cards - INFO - [API REQUEST] DELETE https://ncm.services.nconprem-10-53-60-173.ccpnx.com/v1/cg/config/rate-cards?rateCardIds=d7b3ea70-1654-49ca-9b6f-f0e3e0c376a3
2026-02-03 09:13:27 - create_rate_cards - INFO - [API RESPONSE] DELETE https://ncm.services.nconprem-10-53-60-173.ccpnx.com/v1/cg/config/rate-cards?rateCardIds=d7b3ea70-1654-49ca-9b6f-f0e3e0c376a3
2026-02-03 09:13:27 - create_rate_cards - INFO - [STATUS CODE] 200
2026-02-03 09:13:27 - create_rate_cards - INFO - [TIME TAKEN] 0.4026 seconds (402.63 ms)
2026-02-03 09:13:27 - create_rate_cards - INFO - [RESPONSE CONTENT-TYPE] application/json
2026-02-03 09:13:27 - create_rate_cards - INFO - [RESPONSE PAYLOAD]
{
  "message": "Delete Success"
}
2026-02-03 09:13:27 - create_rate_cards - INFO - ✓ Deleted rate card: st_testing720273_129
2026-02-03 09:13:27 - create_rate_cards - INFO - Deleting rate card: st_testing720273_130
2026-02-03 09:13:27 - create_rate_cards - INFO - [API REQUEST] DELETE https://ncm.services.nconprem-10-53-60-173.ccpnx.com/v1/cg/config/rate-cards?rateCardIds=87e09acb-1b23-4eb9-976d-1e0e16fe8493
2026-02-03 09:13:27 - create_rate_cards - INFO - [API RESPONSE] DELETE https://ncm.services.nconprem-10-53-60-173.ccpnx.com/v1/cg/config/rate-cards?rateCardIds=87e09acb-1b23-4eb9-976d-1e0e16fe8493
2026-02-03 09:13:27 - create_rate_cards - INFO - [STATUS CODE] 200
2026-02-03 09:13:27 - create_rate_cards - INFO - [TIME TAKEN] 0.2336 seconds (233.56 ms)
2026-02-03 09:13:27 - create_rate_cards - INFO - [RESPONSE CONTENT-TYPE] application/json
2026-02-03 09:13:27 - create_rate_cards - INFO - [RESPONSE PAYLOAD]
{
  "message": "Delete Success"
}
2026-02-03 09:13:27 - create_rate_cards - INFO - ✓ Deleted rate card: st_testing720273_130
2026-02-03 09:13:27 - create_rate_cards - INFO - Deleting rate card: st_testing720273_131
2026-02-03 09:13:27 - create_rate_cards - INFO - [API REQUEST] DELETE https://ncm.services.nconprem-10-53-60-173.ccpnx.com/v1/cg/config/rate-cards?rateCardIds=98620936-1a5a-447b-a846-c2bbdd19c2c1
2026-02-03 09:13:28 - create_rate_cards - INFO - [API RESPONSE] DELETE https://ncm.services.nconprem-10-53-60-173.ccpnx.com/v1/cg/config/rate-cards?rateCardIds=98620936-1a5a-447b-a846-c2bbdd19c2c1
2026-02-03 09:13:28 - create_rate_cards - INFO - [STATUS CODE] 200
2026-02-03 09:13:28 - create_rate_cards - INFO - [TIME TAKEN] 0.3007 seconds (300.74 ms)
2026-02-03 09:13:28 - create_rate_cards - INFO - [RESPONSE CONTENT-TYPE] application/json
2026-02-03 09:13:28 - create_rate_cards - INFO - [RESPONSE PAYLOAD]
{
  "message": "Delete Success"
}
2026-02-03 09:13:28 - create_rate_cards - INFO - ✓ Deleted rate card: st_testing720273_131
2026-02-03 09:13:28 - create_rate_cards - INFO - Deleting rate card: st_testing720273_132
2026-02-03 09:13:28 - create_rate_cards - INFO - [API REQUEST] DELETE https://ncm.services.nconprem-10-53-60-173.ccpnx.com/v1/cg/config/rate-cards?rateCardIds=6171a766-c8f7-41eb-9741-3946d5b4f2e4
2026-02-03 09:13:28 - create_rate_cards - INFO - [API RESPONSE] DELETE https://ncm.services.nconprem-10-53-60-173.ccpnx.com/v1/cg/config/rate-cards?rateCardIds=6171a766-c8f7-41eb-9741-3946d5b4f2e4
2026-02-03 09:13:28 - create_rate_cards - INFO - [STATUS CODE] 200
2026-02-03 09:13:28 - create_rate_cards - INFO - [TIME TAKEN] 0.3978 seconds (397.79 ms)
2026-02-03 09:13:28 - create_rate_cards - INFO - [RESPONSE CONTENT-TYPE] application/json
2026-02-03 09:13:28 - create_rate_cards - INFO - [RESPONSE PAYLOAD]
{
  "message": "Delete Success"
}
2026-02-03 09:13:28 - create_rate_cards - INFO - ✓ Deleted rate card: st_testing720273_132
2026-02-03 09:13:28 - create_rate_cards - INFO - Deleting rate card: st_testing720273_133
2026-02-03 09:13:28 - create_rate_cards - INFO - [API REQUEST] DELETE https://ncm.services.nconprem-10-53-60-173.ccpnx.com/v1/cg/config/rate-cards?rateCardIds=b33cb333-f651-4d9f-8bb7-05e8339f235e
2026-02-03 09:13:28 - create_rate_cards - INFO - [API RESPONSE] DELETE https://ncm.services.nconprem-10-53-60-173.ccpnx.com/v1/cg/config/rate-cards?rateCardIds=b33cb333-f651-4d9f-8bb7-05e8339f235e
2026-02-03 09:13:28 - create_rate_cards - INFO - [STATUS CODE] 200
2026-02-03 09:13:28 - create_rate_cards - INFO - [TIME TAKEN] 0.3727 seconds (372.68 ms)
2026-02-03 09:13:28 - create_rate_cards - INFO - [RESPONSE CONTENT-TYPE] application/json
2026-02-03 09:13:28 - create_rate_cards - INFO - [RESPONSE PAYLOAD]
{
  "message": "Delete Success"
}
2026-02-03 09:13:28 - create_rate_cards - INFO - ✓ Deleted rate card: st_testing720273_133
2026-02-03 09:13:28 - create_rate_cards - INFO - Deleting rate card: st_testing720273_134
2026-02-03 09:13:28 - create_rate_cards - INFO - [API REQUEST] DELETE https://ncm.services.nconprem-10-53-60-173.ccpnx.com/v1/cg/config/rate-cards?rateCardIds=64b1378b-52c1-48bd-a014-feb73c9aac82
2026-02-03 09:13:29 - create_rate_cards - INFO - [API RESPONSE] DELETE https://ncm.services.nconprem-10-53-60-173.ccpnx.com/v1/cg/config/rate-cards?rateCardIds=64b1378b-52c1-48bd-a014-feb73c9aac82
2026-02-03 09:13:29 - create_rate_cards - INFO - [STATUS CODE] 200
2026-02-03 09:13:29 - create_rate_cards - INFO - [TIME TAKEN] 0.3822 seconds (382.23 ms)
2026-02-03 09:13:29 - create_rate_cards - INFO - [RESPONSE CONTENT-TYPE] application/json
2026-02-03 09:13:29 - create_rate_cards - INFO - [RESPONSE PAYLOAD]
{
  "message": "Delete Success"
}
2026-02-03 09:13:29 - create_rate_cards - INFO - ✓ Deleted rate card: st_testing720273_134
2026-02-03 09:13:29 - create_rate_cards - INFO - Deleting rate card: st_testing720273_135
2026-02-03 09:13:29 - create_rate_cards - INFO - [API REQUEST] DELETE https://ncm.services.nconprem-10-53-60-173.ccpnx.com/v1/cg/config/rate-cards?rateCardIds=9a15a648-123b-4ed3-94da-8b3befb4ff77
2026-02-03 09:13:29 - create_rate_cards - INFO - [API RESPONSE] DELETE https://ncm.services.nconprem-10-53-60-173.ccpnx.com/v1/cg/config/rate-cards?rateCardIds=9a15a648-123b-4ed3-94da-8b3befb4ff77
2026-02-03 09:13:29 - create_rate_cards - INFO - [STATUS CODE] 200
2026-02-03 09:13:29 - create_rate_cards - INFO - [TIME TAKEN] 0.3310 seconds (331.05 ms)
2026-02-03 09:13:29 - create_rate_cards - INFO - [RESPONSE CONTENT-TYPE] application/json
2026-02-03 09:13:29 - create_rate_cards - INFO - [RESPONSE PAYLOAD]
{
  "message": "Delete Success"
}
2026-02-03 09:13:29 - create_rate_cards - INFO - ✓ Deleted rate card: st_testing720273_135
2026-02-03 09:13:29 - create_rate_cards - INFO - Deleting rate card: st_testing720273_136
2026-02-03 09:13:29 - create_rate_cards - INFO - [API REQUEST] DELETE https://ncm.services.nconprem-10-53-60-173.ccpnx.com/v1/cg/config/rate-cards?rateCardIds=389e66db-eb6d-4825-b7d7-a10971836c3e
2026-02-03 09:13:29 - create_rate_cards - INFO - [API RESPONSE] DELETE https://ncm.services.nconprem-10-53-60-173.ccpnx.com/v1/cg/config/rate-cards?rateCardIds=389e66db-eb6d-4825-b7d7-a10971836c3e
2026-02-03 09:13:29 - create_rate_cards - INFO - [STATUS CODE] 200
2026-02-03 09:13:29 - create_rate_cards - INFO - [TIME TAKEN] 0.2875 seconds (287.46 ms)
2026-02-03 09:13:29 - create_rate_cards - INFO - [RESPONSE CONTENT-TYPE] application/json
2026-02-03 09:13:29 - create_rate_cards - INFO - [RESPONSE PAYLOAD]
{
  "message": "Delete Success"
}
2026-02-03 09:13:29 - create_rate_cards - INFO - ✓ Deleted rate card: st_testing720273_136
2026-02-03 09:13:29 - create_rate_cards - INFO - Deleting rate card: st_testing720273_137
2026-02-03 09:13:29 - create_rate_cards - INFO - [API REQUEST] DELETE https://ncm.services.nconprem-10-53-60-173.ccpnx.com/v1/cg/config/rate-cards?rateCardIds=eec52ef8-a580-4c41-b8e1-c685ada26360
2026-02-03 09:13:30 - create_rate_cards - INFO - [API RESPONSE] DELETE https://ncm.services.nconprem-10-53-60-173.ccpnx.com/v1/cg/config/rate-cards?rateCardIds=eec52ef8-a580-4c41-b8e1-c685ada26360
2026-02-03 09:13:30 - create_rate_cards - INFO - [STATUS CODE] 200
2026-02-03 09:13:30 - create_rate_cards - INFO - [TIME TAKEN] 0.3660 seconds (365.98 ms)
2026-02-03 09:13:30 - create_rate_cards - INFO - [RESPONSE CONTENT-TYPE] application/json
2026-02-03 09:13:30 - create_rate_cards - INFO - [RESPONSE PAYLOAD]
{
  "message": "Delete Success"
}
2026-02-03 09:13:30 - create_rate_cards - INFO - ✓ Deleted rate card: st_testing720273_137
2026-02-03 09:13:30 - create_rate_cards - INFO - Deleting rate card: st_testing720273_138
2026-02-03 09:13:30 - create_rate_cards - INFO - [API REQUEST] DELETE https://ncm.services.nconprem-10-53-60-173.ccpnx.com/v1/cg/config/rate-cards?rateCardIds=97d43a5d-93ca-4d39-9da1-5f096437d0e9
2026-02-03 09:13:30 - create_rate_cards - INFO - [API RESPONSE] DELETE https://ncm.services.nconprem-10-53-60-173.ccpnx.com/v1/cg/config/rate-cards?rateCardIds=97d43a5d-93ca-4d39-9da1-5f096437d0e9
2026-02-03 09:13:30 - create_rate_cards - INFO - [STATUS CODE] 200
2026-02-03 09:13:30 - create_rate_cards - INFO - [TIME TAKEN] 0.4973 seconds (497.30 ms)
2026-02-03 09:13:30 - create_rate_cards - INFO - [RESPONSE CONTENT-TYPE] application/json
2026-02-03 09:13:30 - create_rate_cards - INFO - [RESPONSE PAYLOAD]
{
  "message": "Delete Success"
}
2026-02-03 09:13:30 - create_rate_cards - INFO - ✓ Deleted rate card: st_testing720273_138
2026-02-03 09:13:30 - create_rate_cards - INFO - Deleting rate card: st_testing720273_139
2026-02-03 09:13:30 - create_rate_cards - INFO - [API REQUEST] DELETE https://ncm.services.nconprem-10-53-60-173.ccpnx.com/v1/cg/config/rate-cards?rateCardIds=0f127e63-9224-4727-82fd-10129c0e2b5f
2026-02-03 09:13:30 - create_rate_cards - INFO - [API RESPONSE] DELETE https://ncm.services.nconprem-10-53-60-173.ccpnx.com/v1/cg/config/rate-cards?rateCardIds=0f127e63-9224-4727-82fd-10129c0e2b5f
2026-02-03 09:13:30 - create_rate_cards - INFO - [STATUS CODE] 200
2026-02-03 09:13:30 - create_rate_cards - INFO - [TIME TAKEN] 0.2409 seconds (240.89 ms)
2026-02-03 09:13:30 - create_rate_cards - INFO - [RESPONSE CONTENT-TYPE] application/json
2026-02-03 09:13:30 - create_rate_cards - INFO - [RESPONSE PAYLOAD]
{
  "message": "Delete Success"
}
2026-02-03 09:13:30 - create_rate_cards - INFO - ✓ Deleted rate card: st_testing720273_139
2026-02-03 09:13:30 - create_rate_cards - INFO - Deleting rate card: st_testing720273_140
2026-02-03 09:13:30 - create_rate_cards - INFO - [API REQUEST] DELETE https://ncm.services.nconprem-10-53-60-173.ccpnx.com/v1/cg/config/rate-cards?rateCardIds=aee0755d-05e8-4ffa-ac49-1b8a20878815
2026-02-03 09:13:31 - create_rate_cards - INFO - [API RESPONSE] DELETE https://ncm.services.nconprem-10-53-60-173.ccpnx.com/v1/cg/config/rate-cards?rateCardIds=aee0755d-05e8-4ffa-ac49-1b8a20878815
2026-02-03 09:13:31 - create_rate_cards - INFO - [STATUS CODE] 200
2026-02-03 09:13:31 - create_rate_cards - INFO - [TIME TAKEN] 0.4921 seconds (492.10 ms)
2026-02-03 09:13:31 - create_rate_cards - INFO - [RESPONSE CONTENT-TYPE] application/json
2026-02-03 09:13:31 - create_rate_cards - INFO - [RESPONSE PAYLOAD]
{
  "message": "Delete Success"
}
2026-02-03 09:13:31 - create_rate_cards - INFO - ✓ Deleted rate card: st_testing720273_140
2026-02-03 09:13:31 - create_rate_cards - INFO - Deleting rate card: st_testing720273_141
2026-02-03 09:13:31 - create_rate_cards - INFO - [API REQUEST] DELETE https://ncm.services.nconprem-10-53-60-173.ccpnx.com/v1/cg/config/rate-cards?rateCardIds=39853b27-3f79-4e74-bf4a-08d0c7ab545b
2026-02-03 09:13:31 - create_rate_cards - INFO - [API RESPONSE] DELETE https://ncm.services.nconprem-10-53-60-173.ccpnx.com/v1/cg/config/rate-cards?rateCardIds=39853b27-3f79-4e74-bf4a-08d0c7ab545b
2026-02-03 09:13:31 - create_rate_cards - INFO - [STATUS CODE] 200
2026-02-03 09:13:31 - create_rate_cards - INFO - [TIME TAKEN] 0.2879 seconds (287.88 ms)
2026-02-03 09:13:31 - create_rate_cards - INFO - [RESPONSE CONTENT-TYPE] application/json
2026-02-03 09:13:31 - create_rate_cards - INFO - [RESPONSE PAYLOAD]
{
  "message": "Delete Success"
}
2026-02-03 09:13:31 - create_rate_cards - INFO - ✓ Deleted rate card: st_testing720273_141
2026-02-03 09:13:31 - create_rate_cards - INFO - Deleting rate card: st_testing720273_142
2026-02-03 09:13:31 - create_rate_cards - INFO - [API REQUEST] DELETE https://ncm.services.nconprem-10-53-60-173.ccpnx.com/v1/cg/config/rate-cards?rateCardIds=4e5a1a82-6e31-4c06-b30a-9a39b98be490
2026-02-03 09:13:32 - create_rate_cards - INFO - [API RESPONSE] DELETE https://ncm.services.nconprem-10-53-60-173.ccpnx.com/v1/cg/config/rate-cards?rateCardIds=4e5a1a82-6e31-4c06-b30a-9a39b98be490
2026-02-03 09:13:32 - create_rate_cards - INFO - [STATUS CODE] 200
2026-02-03 09:13:32 - create_rate_cards - INFO - [TIME TAKEN] 0.3040 seconds (303.97 ms)
2026-02-03 09:13:32 - create_rate_cards - INFO - [RESPONSE CONTENT-TYPE] application/json
2026-02-03 09:13:32 - create_rate_cards - INFO - [RESPONSE PAYLOAD]
{
  "message": "Delete Success"
}
2026-02-03 09:13:32 - create_rate_cards - INFO - ✓ Deleted rate card: st_testing720273_142
2026-02-03 09:13:32 - create_rate_cards - INFO - Deleting rate card: st_testing720273_143
2026-02-03 09:13:32 - create_rate_cards - INFO - [API REQUEST] DELETE https://ncm.services.nconprem-10-53-60-173.ccpnx.com/v1/cg/config/rate-cards?rateCardIds=59e04440-eb10-4722-9f23-028b5161ae84
2026-02-03 09:13:32 - create_rate_cards - INFO - [API RESPONSE] DELETE https://ncm.services.nconprem-10-53-60-173.ccpnx.com/v1/cg/config/rate-cards?rateCardIds=59e04440-eb10-4722-9f23-028b5161ae84
2026-02-03 09:13:32 - create_rate_cards - INFO - [STATUS CODE] 200
2026-02-03 09:13:32 - create_rate_cards - INFO - [TIME TAKEN] 0.5117 seconds (511.70 ms)
2026-02-03 09:13:32 - create_rate_cards - INFO - [RESPONSE CONTENT-TYPE] application/json
2026-02-03 09:13:32 - create_rate_cards - INFO - [RESPONSE PAYLOAD]
{
  "message": "Delete Success"
}
2026-02-03 09:13:32 - create_rate_cards - INFO - ✓ Deleted rate card: st_testing720273_143
2026-02-03 09:13:32 - create_rate_cards - INFO - Deleting rate card: st_testing720273_144
2026-02-03 09:13:32 - create_rate_cards - INFO - [API REQUEST] DELETE https://ncm.services.nconprem-10-53-60-173.ccpnx.com/v1/cg/config/rate-cards?rateCardIds=3e0ff25a-99b5-4488-ae66-a7a36dcd6db4
2026-02-03 09:13:33 - create_rate_cards - INFO - [API RESPONSE] DELETE https://ncm.services.nconprem-10-53-60-173.ccpnx.com/v1/cg/config/rate-cards?rateCardIds=3e0ff25a-99b5-4488-ae66-a7a36dcd6db4
2026-02-03 09:13:33 - create_rate_cards - INFO - [STATUS CODE] 200
2026-02-03 09:13:33 - create_rate_cards - INFO - [TIME TAKEN] 0.5128 seconds (512.81 ms)
2026-02-03 09:13:33 - create_rate_cards - INFO - [RESPONSE CONTENT-TYPE] application/json
2026-02-03 09:13:33 - create_rate_cards - INFO - [RESPONSE PAYLOAD]
{
  "message": "Delete Success"
}
2026-02-03 09:13:33 - create_rate_cards - INFO - ✓ Deleted rate card: st_testing720273_144
2026-02-03 09:13:33 - create_rate_cards - INFO - Deleting rate card: st_testing720273_145
2026-02-03 09:13:33 - create_rate_cards - INFO - [API REQUEST] DELETE https://ncm.services.nconprem-10-53-60-173.ccpnx.com/v1/cg/config/rate-cards?rateCardIds=93b30340-6dd0-4cbe-88ff-ae4b2bc9d15f
2026-02-03 09:13:33 - create_rate_cards - INFO - [API RESPONSE] DELETE https://ncm.services.nconprem-10-53-60-173.ccpnx.com/v1/cg/config/rate-cards?rateCardIds=93b30340-6dd0-4cbe-88ff-ae4b2bc9d15f
2026-02-03 09:13:33 - create_rate_cards - INFO - [STATUS CODE] 200
2026-02-03 09:13:33 - create_rate_cards - INFO - [TIME TAKEN] 0.5616 seconds (561.60 ms)
2026-02-03 09:13:33 - create_rate_cards - INFO - [RESPONSE CONTENT-TYPE] application/json
2026-02-03 09:13:33 - create_rate_cards - INFO - [RESPONSE PAYLOAD]
{
  "message": "Delete Success"
}
2026-02-03 09:13:33 - create_rate_cards - INFO - ✓ Deleted rate card: st_testing720273_145
2026-02-03 09:13:33 - create_rate_cards - INFO - Deleting rate card: st_testing720273_146
2026-02-03 09:13:33 - create_rate_cards - INFO - [API REQUEST] DELETE https://ncm.services.nconprem-10-53-60-173.ccpnx.com/v1/cg/config/rate-cards?rateCardIds=5a3956c5-fecc-459b-9f84-baee3ae95d0f
2026-02-03 09:13:34 - create_rate_cards - INFO - [API RESPONSE] DELETE https://ncm.services.nconprem-10-53-60-173.ccpnx.com/v1/cg/config/rate-cards?rateCardIds=5a3956c5-fecc-459b-9f84-baee3ae95d0f
2026-02-03 09:13:34 - create_rate_cards - INFO - [STATUS CODE] 200
2026-02-03 09:13:34 - create_rate_cards - INFO - [TIME TAKEN] 0.5198 seconds (519.81 ms)
2026-02-03 09:13:34 - create_rate_cards - INFO - [RESPONSE CONTENT-TYPE] application/json
2026-02-03 09:13:34 - create_rate_cards - INFO - [RESPONSE PAYLOAD]
{
  "message": "Delete Success"
}
2026-02-03 09:13:34 - create_rate_cards - INFO - ✓ Deleted rate card: st_testing720273_146
2026-02-03 09:13:34 - create_rate_cards - INFO - Deleting rate card: st_testing720273_147
2026-02-03 09:13:34 - create_rate_cards - INFO - [API REQUEST] DELETE https://ncm.services.nconprem-10-53-60-173.ccpnx.com/v1/cg/config/rate-cards?rateCardIds=fe8693a3-f04b-4da0-82cd-a5901c1863e0
2026-02-03 09:13:34 - create_rate_cards - INFO - [API RESPONSE] DELETE https://ncm.services.nconprem-10-53-60-173.ccpnx.com/v1/cg/config/rate-cards?rateCardIds=fe8693a3-f04b-4da0-82cd-a5901c1863e0
2026-02-03 09:13:34 - create_rate_cards - INFO - [STATUS CODE] 200
2026-02-03 09:13:34 - create_rate_cards - INFO - [TIME TAKEN] 0.3863 seconds (386.25 ms)
2026-02-03 09:13:34 - create_rate_cards - INFO - [RESPONSE CONTENT-TYPE] application/json
2026-02-03 09:13:34 - create_rate_cards - INFO - [RESPONSE PAYLOAD]
{
  "message": "Delete Success"
}
2026-02-03 09:13:34 - create_rate_cards - INFO - ✓ Deleted rate card: st_testing720273_147
2026-02-03 09:13:34 - create_rate_cards - INFO - Deleting rate card: st_testing720273_148
2026-02-03 09:13:34 - create_rate_cards - INFO - [API REQUEST] DELETE https://ncm.services.nconprem-10-53-60-173.ccpnx.com/v1/cg/config/rate-cards?rateCardIds=3670aa2b-7986-4d8f-b67a-8eead7b5c1b9
2026-02-03 09:13:34 - create_rate_cards - INFO - [API RESPONSE] DELETE https://ncm.services.nconprem-10-53-60-173.ccpnx.com/v1/cg/config/rate-cards?rateCardIds=3670aa2b-7986-4d8f-b67a-8eead7b5c1b9
2026-02-03 09:13:34 - create_rate_cards - INFO - [STATUS CODE] 200
2026-02-03 09:13:34 - create_rate_cards - INFO - [TIME TAKEN] 0.3078 seconds (307.79 ms)
2026-02-03 09:13:34 - create_rate_cards - INFO - [RESPONSE CONTENT-TYPE] application/json
2026-02-03 09:13:34 - create_rate_cards - INFO - [RESPONSE PAYLOAD]
{
  "message": "Delete Success"
}
2026-02-03 09:13:34 - create_rate_cards - INFO - ✓ Deleted rate card: st_testing720273_148
2026-02-03 09:13:34 - create_rate_cards - INFO - Deleting rate card: st_testing720273_149
2026-02-03 09:13:34 - create_rate_cards - INFO - [API REQUEST] DELETE https://ncm.services.nconprem-10-53-60-173.ccpnx.com/v1/cg/config/rate-cards?rateCardIds=63d4631e-c2cc-48fe-af96-4b9e0589abe7
2026-02-03 09:13:35 - create_rate_cards - INFO - [API RESPONSE] DELETE https://ncm.services.nconprem-10-53-60-173.ccpnx.com/v1/cg/config/rate-cards?rateCardIds=63d4631e-c2cc-48fe-af96-4b9e0589abe7
2026-02-03 09:13:35 - create_rate_cards - INFO - [STATUS CODE] 200
2026-02-03 09:13:35 - create_rate_cards - INFO - [TIME TAKEN] 0.4196 seconds (419.58 ms)
2026-02-03 09:13:35 - create_rate_cards - INFO - [RESPONSE CONTENT-TYPE] application/json
2026-02-03 09:13:35 - create_rate_cards - INFO - [RESPONSE PAYLOAD]
{
  "message": "Delete Success"
}
2026-02-03 09:13:35 - create_rate_cards - INFO - ✓ Deleted rate card: st_testing720273_149
2026-02-03 09:13:35 - create_rate_cards - INFO - Deleting rate card: st_testing720273_150
2026-02-03 09:13:35 - create_rate_cards - INFO - [API REQUEST] DELETE https://ncm.services.nconprem-10-53-60-173.ccpnx.com/v1/cg/config/rate-cards?rateCardIds=c700661b-5935-4d11-9a99-9381fd9001a2
2026-02-03 09:13:35 - create_rate_cards - INFO - [API RESPONSE] DELETE https://ncm.services.nconprem-10-53-60-173.ccpnx.com/v1/cg/config/rate-cards?rateCardIds=c700661b-5935-4d11-9a99-9381fd9001a2
2026-02-03 09:13:35 - create_rate_cards - INFO - [STATUS CODE] 200
2026-02-03 09:13:35 - create_rate_cards - INFO - [TIME TAKEN] 0.3639 seconds (363.93 ms)
2026-02-03 09:13:35 - create_rate_cards - INFO - [RESPONSE CONTENT-TYPE] application/json
2026-02-03 09:13:35 - create_rate_cards - INFO - [RESPONSE PAYLOAD]
{
  "message": "Delete Success"
}
2026-02-03 09:13:35 - create_rate_cards - INFO - ✓ Deleted rate card: st_testing720273_150
2026-02-03 09:13:35 - create_rate_cards - INFO - Deleting rate card: st_testing720273_151
2026-02-03 09:13:35 - create_rate_cards - INFO - [API REQUEST] DELETE https://ncm.services.nconprem-10-53-60-173.ccpnx.com/v1/cg/config/rate-cards?rateCardIds=42040bc3-d36d-40c6-9a64-e80a5c34ffe2
2026-02-03 09:13:35 - create_rate_cards - INFO - [API RESPONSE] DELETE https://ncm.services.nconprem-10-53-60-173.ccpnx.com/v1/cg/config/rate-cards?rateCardIds=42040bc3-d36d-40c6-9a64-e80a5c34ffe2
2026-02-03 09:13:35 - create_rate_cards - INFO - [STATUS CODE] 200
2026-02-03 09:13:35 - create_rate_cards - INFO - [TIME TAKEN] 0.1915 seconds (191.52 ms)
2026-02-03 09:13:35 - create_rate_cards - INFO - [RESPONSE CONTENT-TYPE] application/json
2026-02-03 09:13:35 - create_rate_cards - INFO - [RESPONSE PAYLOAD]
{
  "message": "Delete Success"
}
2026-02-03 09:13:35 - create_rate_cards - INFO - ✓ Deleted rate card: st_testing720273_151
2026-02-03 09:13:35 - create_rate_cards - INFO - Deleting rate card: st_testing720273_152
2026-02-03 09:13:35 - create_rate_cards - INFO - [API REQUEST] DELETE https://ncm.services.nconprem-10-53-60-173.ccpnx.com/v1/cg/config/rate-cards?rateCardIds=d7736a5d-0828-4b44-a17b-39467cea30fc
2026-02-03 09:13:36 - create_rate_cards - INFO - [API RESPONSE] DELETE https://ncm.services.nconprem-10-53-60-173.ccpnx.com/v1/cg/config/rate-cards?rateCardIds=d7736a5d-0828-4b44-a17b-39467cea30fc
2026-02-03 09:13:36 - create_rate_cards - INFO - [STATUS CODE] 200
2026-02-03 09:13:36 - create_rate_cards - INFO - [TIME TAKEN] 0.3118 seconds (311.78 ms)
2026-02-03 09:13:36 - create_rate_cards - INFO - [RESPONSE CONTENT-TYPE] application/json
2026-02-03 09:13:36 - create_rate_cards - INFO - [RESPONSE PAYLOAD]
{
  "message": "Delete Success"
}
2026-02-03 09:13:36 - create_rate_cards - INFO - ✓ Deleted rate card: st_testing720273_152
2026-02-03 09:13:36 - create_rate_cards - INFO - Deleting rate card: st_testing720273_153
2026-02-03 09:13:36 - create_rate_cards - INFO - [API REQUEST] DELETE https://ncm.services.nconprem-10-53-60-173.ccpnx.com/v1/cg/config/rate-cards?rateCardIds=fcbd6e28-e56d-4877-a29e-3afc3427aa35
2026-02-03 09:13:36 - create_rate_cards - INFO - [API RESPONSE] DELETE https://ncm.services.nconprem-10-53-60-173.ccpnx.com/v1/cg/config/rate-cards?rateCardIds=fcbd6e28-e56d-4877-a29e-3afc3427aa35
2026-02-03 09:13:36 - create_rate_cards - INFO - [STATUS CODE] 200
2026-02-03 09:13:36 - create_rate_cards - INFO - [TIME TAKEN] 0.4074 seconds (407.36 ms)
2026-02-03 09:13:36 - create_rate_cards - INFO - [RESPONSE CONTENT-TYPE] application/json
2026-02-03 09:13:36 - create_rate_cards - INFO - [RESPONSE PAYLOAD]
{
  "message": "Delete Success"
}
2026-02-03 09:13:36 - create_rate_cards - INFO - ✓ Deleted rate card: st_testing720273_153
2026-02-03 09:13:36 - create_rate_cards - INFO - Deleting rate card: st_testing720273_154
2026-02-03 09:13:36 - create_rate_cards - INFO - [API REQUEST] DELETE https://ncm.services.nconprem-10-53-60-173.ccpnx.com/v1/cg/config/rate-cards?rateCardIds=596e9c4b-5035-430c-8dc8-ccf8de874d91
2026-02-03 09:13:37 - create_rate_cards - INFO - [API RESPONSE] DELETE https://ncm.services.nconprem-10-53-60-173.ccpnx.com/v1/cg/config/rate-cards?rateCardIds=596e9c4b-5035-430c-8dc8-ccf8de874d91
2026-02-03 09:13:37 - create_rate_cards - INFO - [STATUS CODE] 200
2026-02-03 09:13:37 - create_rate_cards - INFO - [TIME TAKEN] 0.4753 seconds (475.32 ms)
2026-02-03 09:13:37 - create_rate_cards - INFO - [RESPONSE CONTENT-TYPE] application/json
2026-02-03 09:13:37 - create_rate_cards - INFO - [RESPONSE PAYLOAD]
{
  "message": "Delete Success"
}
2026-02-03 09:13:37 - create_rate_cards - INFO - ✓ Deleted rate card: st_testing720273_154
2026-02-03 09:13:37 - create_rate_cards - INFO - Deleting rate card: st_testing720273_155
2026-02-03 09:13:37 - create_rate_cards - INFO - [API REQUEST] DELETE https://ncm.services.nconprem-10-53-60-173.ccpnx.com/v1/cg/config/rate-cards?rateCardIds=27b7f872-85eb-4b62-90a5-6dd4044be1d9
2026-02-03 09:13:37 - create_rate_cards - INFO - [API RESPONSE] DELETE https://ncm.services.nconprem-10-53-60-173.ccpnx.com/v1/cg/config/rate-cards?rateCardIds=27b7f872-85eb-4b62-90a5-6dd4044be1d9
2026-02-03 09:13:37 - create_rate_cards - INFO - [STATUS CODE] 200
2026-02-03 09:13:37 - create_rate_cards - INFO - [TIME TAKEN] 0.3090 seconds (308.99 ms)
2026-02-03 09:13:37 - create_rate_cards - INFO - [RESPONSE CONTENT-TYPE] application/json
2026-02-03 09:13:37 - create_rate_cards - INFO - [RESPONSE PAYLOAD]
{
  "message": "Delete Success"
}
2026-02-03 09:13:37 - create_rate_cards - INFO - ✓ Deleted rate card: st_testing720273_155
2026-02-03 09:13:37 - create_rate_cards - INFO - Deleting rate card: st_testing720273_156
2026-02-03 09:13:37 - create_rate_cards - INFO - [API REQUEST] DELETE https://ncm.services.nconprem-10-53-60-173.ccpnx.com/v1/cg/config/rate-cards?rateCardIds=9f53f37d-4f0b-493c-89a1-feb4bcce3118
2026-02-03 09:13:38 - create_rate_cards - INFO - [API RESPONSE] DELETE https://ncm.services.nconprem-10-53-60-173.ccpnx.com/v1/cg/config/rate-cards?rateCardIds=9f53f37d-4f0b-493c-89a1-feb4bcce3118
2026-02-03 09:13:38 - create_rate_cards - INFO - [STATUS CODE] 200
2026-02-03 09:13:38 - create_rate_cards - INFO - [TIME TAKEN] 0.8919 seconds (891.86 ms)
2026-02-03 09:13:38 - create_rate_cards - INFO - [RESPONSE CONTENT-TYPE] application/json
2026-02-03 09:13:38 - create_rate_cards - INFO - [RESPONSE PAYLOAD]
{
  "message": "Delete Success"
}
2026-02-03 09:13:38 - create_rate_cards - INFO - ✓ Deleted rate card: st_testing720273_156
2026-02-03 09:13:38 - create_rate_cards - INFO - Deleting rate card: st_testing720273_157
2026-02-03 09:13:38 - create_rate_cards - INFO - [API REQUEST] DELETE https://ncm.services.nconprem-10-53-60-173.ccpnx.com/v1/cg/config/rate-cards?rateCardIds=79da0f66-b868-4287-86fa-d5bae9585d08
2026-02-03 09:13:38 - create_rate_cards - INFO - [API RESPONSE] DELETE https://ncm.services.nconprem-10-53-60-173.ccpnx.com/v1/cg/config/rate-cards?rateCardIds=79da0f66-b868-4287-86fa-d5bae9585d08
2026-02-03 09:13:38 - create_rate_cards - INFO - [STATUS CODE] 200
2026-02-03 09:13:38 - create_rate_cards - INFO - [TIME TAKEN] 0.5628 seconds (562.81 ms)
2026-02-03 09:13:38 - create_rate_cards - INFO - [RESPONSE CONTENT-TYPE] application/json
2026-02-03 09:13:38 - create_rate_cards - INFO - [RESPONSE PAYLOAD]
{
  "message": "Delete Success"
}
2026-02-03 09:13:38 - create_rate_cards - INFO - ✓ Deleted rate card: st_testing720273_157
2026-02-03 09:13:38 - create_rate_cards - INFO - Deleting rate card: st_testing720273_158
2026-02-03 09:13:38 - create_rate_cards - INFO - [API REQUEST] DELETE https://ncm.services.nconprem-10-53-60-173.ccpnx.com/v1/cg/config/rate-cards?rateCardIds=b1406f8d-79ca-47fe-9294-78c09ebff3d0
2026-02-03 09:13:39 - create_rate_cards - INFO - [API RESPONSE] DELETE https://ncm.services.nconprem-10-53-60-173.ccpnx.com/v1/cg/config/rate-cards?rateCardIds=b1406f8d-79ca-47fe-9294-78c09ebff3d0
2026-02-03 09:13:39 - create_rate_cards - INFO - [STATUS CODE] 200
2026-02-03 09:13:39 - create_rate_cards - INFO - [TIME TAKEN] 0.4504 seconds (450.41 ms)
2026-02-03 09:13:39 - create_rate_cards - INFO - [RESPONSE CONTENT-TYPE] application/json
2026-02-03 09:13:39 - create_rate_cards - INFO - [RESPONSE PAYLOAD]
{
  "message": "Delete Success"
}
2026-02-03 09:13:39 - create_rate_cards - INFO - ✓ Deleted rate card: st_testing720273_158
2026-02-03 09:13:39 - create_rate_cards - INFO - Deleting rate card: st_testing720273_159
2026-02-03 09:13:39 - create_rate_cards - INFO - [API REQUEST] DELETE https://ncm.services.nconprem-10-53-60-173.ccpnx.com/v1/cg/config/rate-cards?rateCardIds=7e67d533-42c5-43e9-9ce9-db0172042012
2026-02-03 09:13:39 - create_rate_cards - INFO - [API RESPONSE] DELETE https://ncm.services.nconprem-10-53-60-173.ccpnx.com/v1/cg/config/rate-cards?rateCardIds=7e67d533-42c5-43e9-9ce9-db0172042012
2026-02-03 09:13:39 - create_rate_cards - INFO - [STATUS CODE] 200
2026-02-03 09:13:39 - create_rate_cards - INFO - [TIME TAKEN] 0.5456 seconds (545.62 ms)
2026-02-03 09:13:39 - create_rate_cards - INFO - [RESPONSE CONTENT-TYPE] application/json
2026-02-03 09:13:39 - create_rate_cards - INFO - [RESPONSE PAYLOAD]
{
  "message": "Delete Success"
}
2026-02-03 09:13:39 - create_rate_cards - INFO - ✓ Deleted rate card: st_testing720273_159
2026-02-03 09:13:39 - create_rate_cards - INFO - Deleting rate card: st_testing720273_160
2026-02-03 09:13:39 - create_rate_cards - INFO - [API REQUEST] DELETE https://ncm.services.nconprem-10-53-60-173.ccpnx.com/v1/cg/config/rate-cards?rateCardIds=97259b47-54a6-429a-a0a5-bd66f9b10f29
2026-02-03 09:13:40 - create_rate_cards - INFO - [API RESPONSE] DELETE https://ncm.services.nconprem-10-53-60-173.ccpnx.com/v1/cg/config/rate-cards?rateCardIds=97259b47-54a6-429a-a0a5-bd66f9b10f29
2026-02-03 09:13:40 - create_rate_cards - INFO - [STATUS CODE] 200
2026-02-03 09:13:40 - create_rate_cards - INFO - [TIME TAKEN] 0.3481 seconds (348.10 ms)
2026-02-03 09:13:40 - create_rate_cards - INFO - [RESPONSE CONTENT-TYPE] application/json
2026-02-03 09:13:40 - create_rate_cards - INFO - [RESPONSE PAYLOAD]
{
  "message": "Delete Success"
}
2026-02-03 09:13:40 - create_rate_cards - INFO - ✓ Deleted rate card: st_testing720273_160
2026-02-03 09:13:40 - create_rate_cards - INFO - Deleting rate card: st_testing720273_161
2026-02-03 09:13:40 - create_rate_cards - INFO - [API REQUEST] DELETE https://ncm.services.nconprem-10-53-60-173.ccpnx.com/v1/cg/config/rate-cards?rateCardIds=b0674218-3729-48ba-b7a5-29cd694c3e0d
2026-02-03 09:13:40 - create_rate_cards - INFO - [API RESPONSE] DELETE https://ncm.services.nconprem-10-53-60-173.ccpnx.com/v1/cg/config/rate-cards?rateCardIds=b0674218-3729-48ba-b7a5-29cd694c3e0d
2026-02-03 09:13:40 - create_rate_cards - INFO - [STATUS CODE] 200
2026-02-03 09:13:40 - create_rate_cards - INFO - [TIME TAKEN] 0.3782 seconds (378.16 ms)
2026-02-03 09:13:40 - create_rate_cards - INFO - [RESPONSE CONTENT-TYPE] application/json
2026-02-03 09:13:40 - create_rate_cards - INFO - [RESPONSE PAYLOAD]
{
  "message": "Delete Success"
}
2026-02-03 09:13:40 - create_rate_cards - INFO - ✓ Deleted rate card: st_testing720273_161
2026-02-03 09:13:40 - create_rate_cards - INFO - Deleting rate card: st_testing720273_162
2026-02-03 09:13:40 - create_rate_cards - INFO - [API REQUEST] DELETE https://ncm.services.nconprem-10-53-60-173.ccpnx.com/v1/cg/config/rate-cards?rateCardIds=437acd54-82ca-4341-9e95-6e351760adac
2026-02-03 09:13:41 - create_rate_cards - INFO - [API RESPONSE] DELETE https://ncm.services.nconprem-10-53-60-173.ccpnx.com/v1/cg/config/rate-cards?rateCardIds=437acd54-82ca-4341-9e95-6e351760adac
2026-02-03 09:13:41 - create_rate_cards - INFO - [STATUS CODE] 200
2026-02-03 09:13:41 - create_rate_cards - INFO - [TIME TAKEN] 0.4274 seconds (427.40 ms)
2026-02-03 09:13:41 - create_rate_cards - INFO - [RESPONSE CONTENT-TYPE] application/json
2026-02-03 09:13:41 - create_rate_cards - INFO - [RESPONSE PAYLOAD]
{
  "message": "Delete Success"
}
2026-02-03 09:13:41 - create_rate_cards - INFO - ✓ Deleted rate card: st_testing720273_162
2026-02-03 09:13:41 - create_rate_cards - INFO - Deleting rate card: st_testing720273_163
2026-02-03 09:13:41 - create_rate_cards - INFO - [API REQUEST] DELETE https://ncm.services.nconprem-10-53-60-173.ccpnx.com/v1/cg/config/rate-cards?rateCardIds=146eb341-32c4-446d-acb5-2ae261bcb5d8
2026-02-03 09:13:41 - create_rate_cards - INFO - [API RESPONSE] DELETE https://ncm.services.nconprem-10-53-60-173.ccpnx.com/v1/cg/config/rate-cards?rateCardIds=146eb341-32c4-446d-acb5-2ae261bcb5d8
2026-02-03 09:13:41 - create_rate_cards - INFO - [STATUS CODE] 200
2026-02-03 09:13:41 - create_rate_cards - INFO - [TIME TAKEN] 0.4710 seconds (470.99 ms)
2026-02-03 09:13:41 - create_rate_cards - INFO - [RESPONSE CONTENT-TYPE] application/json
2026-02-03 09:13:41 - create_rate_cards - INFO - [RESPONSE PAYLOAD]
{
  "message": "Delete Success"
}
2026-02-03 09:13:41 - create_rate_cards - INFO - ✓ Deleted rate card: st_testing720273_163
2026-02-03 09:13:41 - create_rate_cards - INFO - Deleting rate card: st_testing720273_164
2026-02-03 09:13:41 - create_rate_cards - INFO - [API REQUEST] DELETE https://ncm.services.nconprem-10-53-60-173.ccpnx.com/v1/cg/config/rate-cards?rateCardIds=e66a7694-022c-430f-9edd-0f2116087e5a
2026-02-03 09:13:41 - create_rate_cards - INFO - [API RESPONSE] DELETE https://ncm.services.nconprem-10-53-60-173.ccpnx.com/v1/cg/config/rate-cards?rateCardIds=e66a7694-022c-430f-9edd-0f2116087e5a
2026-02-03 09:13:41 - create_rate_cards - INFO - [STATUS CODE] 200
2026-02-03 09:13:41 - create_rate_cards - INFO - [TIME TAKEN] 0.3914 seconds (391.39 ms)
2026-02-03 09:13:41 - create_rate_cards - INFO - [RESPONSE CONTENT-TYPE] application/json
2026-02-03 09:13:41 - create_rate_cards - INFO - [RESPONSE PAYLOAD]
{
  "message": "Delete Success"
}
2026-02-03 09:13:41 - create_rate_cards - INFO - ✓ Deleted rate card: st_testing720273_164
2026-02-03 09:13:41 - create_rate_cards - INFO - Deleting rate card: st_testing720273_165
2026-02-03 09:13:41 - create_rate_cards - INFO - [API REQUEST] DELETE https://ncm.services.nconprem-10-53-60-173.ccpnx.com/v1/cg/config/rate-cards?rateCardIds=c3d1484d-4923-4820-834e-b9f543ba8e79
2026-02-03 09:13:42 - create_rate_cards - INFO - [API RESPONSE] DELETE https://ncm.services.nconprem-10-53-60-173.ccpnx.com/v1/cg/config/rate-cards?rateCardIds=c3d1484d-4923-4820-834e-b9f543ba8e79
2026-02-03 09:13:42 - create_rate_cards - INFO - [STATUS CODE] 200
2026-02-03 09:13:42 - create_rate_cards - INFO - [TIME TAKEN] 0.1967 seconds (196.75 ms)
2026-02-03 09:13:42 - create_rate_cards - INFO - [RESPONSE CONTENT-TYPE] application/json
2026-02-03 09:13:42 - create_rate_cards - INFO - [RESPONSE PAYLOAD]
{
  "message": "Delete Success"
}
2026-02-03 09:13:42 - create_rate_cards - INFO - ✓ Deleted rate card: st_testing720273_165
2026-02-03 09:13:42 - create_rate_cards - INFO - Deleting rate card: st_testing720273_166
2026-02-03 09:13:42 - create_rate_cards - INFO - [API REQUEST] DELETE https://ncm.services.nconprem-10-53-60-173.ccpnx.com/v1/cg/config/rate-cards?rateCardIds=e01f3734-bf60-46d5-b79f-2dde75937394
2026-02-03 09:13:42 - create_rate_cards - INFO - [API RESPONSE] DELETE https://ncm.services.nconprem-10-53-60-173.ccpnx.com/v1/cg/config/rate-cards?rateCardIds=e01f3734-bf60-46d5-b79f-2dde75937394
2026-02-03 09:13:42 - create_rate_cards - INFO - [STATUS CODE] 200
2026-02-03 09:13:42 - create_rate_cards - INFO - [TIME TAKEN] 0.3282 seconds (328.20 ms)
2026-02-03 09:13:42 - create_rate_cards - INFO - [RESPONSE CONTENT-TYPE] application/json
2026-02-03 09:13:42 - create_rate_cards - INFO - [RESPONSE PAYLOAD]
{
  "message": "Delete Success"
}
2026-02-03 09:13:42 - create_rate_cards - INFO - ✓ Deleted rate card: st_testing720273_166
2026-02-03 09:13:42 - create_rate_cards - INFO - Deleting rate card: st_testing720273_167
2026-02-03 09:13:42 - create_rate_cards - INFO - [API REQUEST] DELETE https://ncm.services.nconprem-10-53-60-173.ccpnx.com/v1/cg/config/rate-cards?rateCardIds=c2d63849-b6ec-4ae0-af36-bc832b5befb9
2026-02-03 09:13:42 - create_rate_cards - INFO - [API RESPONSE] DELETE https://ncm.services.nconprem-10-53-60-173.ccpnx.com/v1/cg/config/rate-cards?rateCardIds=c2d63849-b6ec-4ae0-af36-bc832b5befb9
2026-02-03 09:13:42 - create_rate_cards - INFO - [STATUS CODE] 200
2026-02-03 09:13:42 - create_rate_cards - INFO - [TIME TAKEN] 0.3090 seconds (309.00 ms)
2026-02-03 09:13:42 - create_rate_cards - INFO - [RESPONSE CONTENT-TYPE] application/json
2026-02-03 09:13:42 - create_rate_cards - INFO - [RESPONSE PAYLOAD]
{
  "message": "Delete Success"
}
2026-02-03 09:13:42 - create_rate_cards - INFO - ✓ Deleted rate card: st_testing720273_167
2026-02-03 09:13:42 - create_rate_cards - INFO - Deleting rate card: st_testing720273_168
2026-02-03 09:13:42 - create_rate_cards - INFO - [API REQUEST] DELETE https://ncm.services.nconprem-10-53-60-173.ccpnx.com/v1/cg/config/rate-cards?rateCardIds=17b41cf5-6c33-466c-b989-190255e87c15
2026-02-03 09:13:43 - create_rate_cards - INFO - [API RESPONSE] DELETE https://ncm.services.nconprem-10-53-60-173.ccpnx.com/v1/cg/config/rate-cards?rateCardIds=17b41cf5-6c33-466c-b989-190255e87c15
2026-02-03 09:13:43 - create_rate_cards - INFO - [STATUS CODE] 200
2026-02-03 09:13:43 - create_rate_cards - INFO - [TIME TAKEN] 0.4637 seconds (463.74 ms)
2026-02-03 09:13:43 - create_rate_cards - INFO - [RESPONSE CONTENT-TYPE] application/json
2026-02-03 09:13:43 - create_rate_cards - INFO - [RESPONSE PAYLOAD]
{
  "message": "Delete Success"
}
2026-02-03 09:13:43 - create_rate_cards - INFO - ✓ Deleted rate card: st_testing720273_168
2026-02-03 09:13:43 - create_rate_cards - INFO - Deleting rate card: st_testing720273_169
2026-02-03 09:13:43 - create_rate_cards - INFO - [API REQUEST] DELETE https://ncm.services.nconprem-10-53-60-173.ccpnx.com/v1/cg/config/rate-cards?rateCardIds=e76cffec-f89f-4a20-8b7c-b7332a625813
2026-02-03 09:13:43 - create_rate_cards - INFO - [API RESPONSE] DELETE https://ncm.services.nconprem-10-53-60-173.ccpnx.com/v1/cg/config/rate-cards?rateCardIds=e76cffec-f89f-4a20-8b7c-b7332a625813
2026-02-03 09:13:43 - create_rate_cards - INFO - [STATUS CODE] 200
2026-02-03 09:13:43 - create_rate_cards - INFO - [TIME TAKEN] 0.7264 seconds (726.36 ms)
2026-02-03 09:13:43 - create_rate_cards - INFO - [RESPONSE CONTENT-TYPE] application/json
2026-02-03 09:13:43 - create_rate_cards - INFO - [RESPONSE PAYLOAD]
{
  "message": "Delete Success"
}
2026-02-03 09:13:43 - create_rate_cards - INFO - ✓ Deleted rate card: st_testing720273_169
2026-02-03 09:13:43 - create_rate_cards - INFO - Deleting rate card: st_testing720273_170
2026-02-03 09:13:43 - create_rate_cards - INFO - [API REQUEST] DELETE https://ncm.services.nconprem-10-53-60-173.ccpnx.com/v1/cg/config/rate-cards?rateCardIds=94a318a6-143f-4402-81fe-68859769e039
2026-02-03 09:13:44 - create_rate_cards - INFO - [API RESPONSE] DELETE https://ncm.services.nconprem-10-53-60-173.ccpnx.com/v1/cg/config/rate-cards?rateCardIds=94a318a6-143f-4402-81fe-68859769e039
2026-02-03 09:13:44 - create_rate_cards - INFO - [STATUS CODE] 200
2026-02-03 09:13:44 - create_rate_cards - INFO - [TIME TAKEN] 0.3905 seconds (390.50 ms)
2026-02-03 09:13:44 - create_rate_cards - INFO - [RESPONSE CONTENT-TYPE] application/json
2026-02-03 09:13:44 - create_rate_cards - INFO - [RESPONSE PAYLOAD]
{
  "message": "Delete Success"
}
2026-02-03 09:13:44 - create_rate_cards - INFO - ✓ Deleted rate card: st_testing720273_170
2026-02-03 09:13:44 - create_rate_cards - INFO - Deleting rate card: st_testing720273_171
2026-02-03 09:13:44 - create_rate_cards - INFO - [API REQUEST] DELETE https://ncm.services.nconprem-10-53-60-173.ccpnx.com/v1/cg/config/rate-cards?rateCardIds=a8ad6f2c-d3da-4b4b-9c1b-00dac61ad1ab
2026-02-03 09:13:44 - create_rate_cards - INFO - [API RESPONSE] DELETE https://ncm.services.nconprem-10-53-60-173.ccpnx.com/v1/cg/config/rate-cards?rateCardIds=a8ad6f2c-d3da-4b4b-9c1b-00dac61ad1ab
2026-02-03 09:13:44 - create_rate_cards - INFO - [STATUS CODE] 200
2026-02-03 09:13:44 - create_rate_cards - INFO - [TIME TAKEN] 0.2857 seconds (285.66 ms)
2026-02-03 09:13:44 - create_rate_cards - INFO - [RESPONSE CONTENT-TYPE] application/json
2026-02-03 09:13:44 - create_rate_cards - INFO - [RESPONSE PAYLOAD]
{
  "message": "Delete Success"
}
2026-02-03 09:13:44 - create_rate_cards - INFO - ✓ Deleted rate card: st_testing720273_171
2026-02-03 09:13:44 - create_rate_cards - INFO - Deleting rate card: st_testing720273_172
2026-02-03 09:13:44 - create_rate_cards - INFO - [API REQUEST] DELETE https://ncm.services.nconprem-10-53-60-173.ccpnx.com/v1/cg/config/rate-cards?rateCardIds=d40fbb82-034d-4bda-a73e-ab81f20b9224
2026-02-03 09:13:44 - create_rate_cards - INFO - [API RESPONSE] DELETE https://ncm.services.nconprem-10-53-60-173.ccpnx.com/v1/cg/config/rate-cards?rateCardIds=d40fbb82-034d-4bda-a73e-ab81f20b9224
2026-02-03 09:13:44 - create_rate_cards - INFO - [STATUS CODE] 200
2026-02-03 09:13:44 - create_rate_cards - INFO - [TIME TAKEN] 0.3108 seconds (310.84 ms)
2026-02-03 09:13:44 - create_rate_cards - INFO - [RESPONSE CONTENT-TYPE] application/json
2026-02-03 09:13:44 - create_rate_cards - INFO - [RESPONSE PAYLOAD]
{
  "message": "Delete Success"
}
2026-02-03 09:13:44 - create_rate_cards - INFO - ✓ Deleted rate card: st_testing720273_172
2026-02-03 09:13:44 - create_rate_cards - INFO - Deleting rate card: st_testing720273_173
2026-02-03 09:13:44 - create_rate_cards - INFO - [API REQUEST] DELETE https://ncm.services.nconprem-10-53-60-173.ccpnx.com/v1/cg/config/rate-cards?rateCardIds=aab3a064-5de7-43ca-9aee-e1f1e1bda182
2026-02-03 09:13:45 - create_rate_cards - INFO - [API RESPONSE] DELETE https://ncm.services.nconprem-10-53-60-173.ccpnx.com/v1/cg/config/rate-cards?rateCardIds=aab3a064-5de7-43ca-9aee-e1f1e1bda182
2026-02-03 09:13:45 - create_rate_cards - INFO - [STATUS CODE] 200
2026-02-03 09:13:45 - create_rate_cards - INFO - [TIME TAKEN] 0.2969 seconds (296.88 ms)
2026-02-03 09:13:45 - create_rate_cards - INFO - [RESPONSE CONTENT-TYPE] application/json
2026-02-03 09:13:45 - create_rate_cards - INFO - [RESPONSE PAYLOAD]
{
  "message": "Delete Success"
}
2026-02-03 09:13:45 - create_rate_cards - INFO - ✓ Deleted rate card: st_testing720273_173
2026-02-03 09:13:45 - create_rate_cards - INFO - Deleting rate card: st_testing720273_174
2026-02-03 09:13:45 - create_rate_cards - INFO - [API REQUEST] DELETE https://ncm.services.nconprem-10-53-60-173.ccpnx.com/v1/cg/config/rate-cards?rateCardIds=afc71908-4ba0-47de-b8e0-a670d081466e
2026-02-03 09:13:45 - create_rate_cards - INFO - [API RESPONSE] DELETE https://ncm.services.nconprem-10-53-60-173.ccpnx.com/v1/cg/config/rate-cards?rateCardIds=afc71908-4ba0-47de-b8e0-a670d081466e
2026-02-03 09:13:45 - create_rate_cards - INFO - [STATUS CODE] 200
2026-02-03 09:13:45 - create_rate_cards - INFO - [TIME TAKEN] 0.3529 seconds (352.88 ms)
2026-02-03 09:13:45 - create_rate_cards - INFO - [RESPONSE CONTENT-TYPE] application/json
2026-02-03 09:13:45 - create_rate_cards - INFO - [RESPONSE PAYLOAD]
{
  "message": "Delete Success"
}
2026-02-03 09:13:45 - create_rate_cards - INFO - ✓ Deleted rate card: st_testing720273_174
2026-02-03 09:13:45 - create_rate_cards - INFO - Deleting rate card: st_testing720273_175
2026-02-03 09:13:45 - create_rate_cards - INFO - [API REQUEST] DELETE https://ncm.services.nconprem-10-53-60-173.ccpnx.com/v1/cg/config/rate-cards?rateCardIds=2b89b410-18db-4a8b-9858-96a79573a847
2026-02-03 09:13:45 - create_rate_cards - INFO - [API RESPONSE] DELETE https://ncm.services.nconprem-10-53-60-173.ccpnx.com/v1/cg/config/rate-cards?rateCardIds=2b89b410-18db-4a8b-9858-96a79573a847
2026-02-03 09:13:45 - create_rate_cards - INFO - [STATUS CODE] 200
2026-02-03 09:13:45 - create_rate_cards - INFO - [TIME TAKEN] 0.2088 seconds (208.82 ms)
2026-02-03 09:13:45 - create_rate_cards - INFO - [RESPONSE CONTENT-TYPE] application/json
2026-02-03 09:13:45 - create_rate_cards - INFO - [RESPONSE PAYLOAD]
{
  "message": "Delete Success"
}
2026-02-03 09:13:45 - create_rate_cards - INFO - ✓ Deleted rate card: st_testing720273_175
2026-02-03 09:13:45 - create_rate_cards - INFO - Deleting rate card: st_testing720273_176
2026-02-03 09:13:45 - create_rate_cards - INFO - [API REQUEST] DELETE https://ncm.services.nconprem-10-53-60-173.ccpnx.com/v1/cg/config/rate-cards?rateCardIds=86fdae1d-a5ee-44eb-b37d-37a189c57d33
2026-02-03 09:13:45 - create_rate_cards - INFO - [API RESPONSE] DELETE https://ncm.services.nconprem-10-53-60-173.ccpnx.com/v1/cg/config/rate-cards?rateCardIds=86fdae1d-a5ee-44eb-b37d-37a189c57d33
2026-02-03 09:13:45 - create_rate_cards - INFO - [STATUS CODE] 200
2026-02-03 09:13:45 - create_rate_cards - INFO - [TIME TAKEN] 0.2234 seconds (223.40 ms)
2026-02-03 09:13:45 - create_rate_cards - INFO - [RESPONSE CONTENT-TYPE] application/json
2026-02-03 09:13:45 - create_rate_cards - INFO - [RESPONSE PAYLOAD]
{
  "message": "Delete Success"
}
2026-02-03 09:13:45 - create_rate_cards - INFO - ✓ Deleted rate card: st_testing720273_176
2026-02-03 09:13:45 - create_rate_cards - INFO - Deleting rate card: st_testing720273_177
2026-02-03 09:13:45 - create_rate_cards - INFO - [API REQUEST] DELETE https://ncm.services.nconprem-10-53-60-173.ccpnx.com/v1/cg/config/rate-cards?rateCardIds=fab831fc-078f-4281-b9ad-9deffaf42b63
2026-02-03 09:13:46 - create_rate_cards - INFO - [API RESPONSE] DELETE https://ncm.services.nconprem-10-53-60-173.ccpnx.com/v1/cg/config/rate-cards?rateCardIds=fab831fc-078f-4281-b9ad-9deffaf42b63
2026-02-03 09:13:46 - create_rate_cards - INFO - [STATUS CODE] 200
2026-02-03 09:13:46 - create_rate_cards - INFO - [TIME TAKEN] 0.2935 seconds (293.53 ms)
2026-02-03 09:13:46 - create_rate_cards - INFO - [RESPONSE CONTENT-TYPE] application/json
2026-02-03 09:13:46 - create_rate_cards - INFO - [RESPONSE PAYLOAD]
{
  "message": "Delete Success"
}
2026-02-03 09:13:46 - create_rate_cards - INFO - ✓ Deleted rate card: st_testing720273_177
2026-02-03 09:13:46 - create_rate_cards - INFO - Deleting rate card: st_testing720273_178
2026-02-03 09:13:46 - create_rate_cards - INFO - [API REQUEST] DELETE https://ncm.services.nconprem-10-53-60-173.ccpnx.com/v1/cg/config/rate-cards?rateCardIds=32ebd818-953c-4704-a413-69dab485284b
2026-02-03 09:13:46 - create_rate_cards - INFO - [API RESPONSE] DELETE https://ncm.services.nconprem-10-53-60-173.ccpnx.com/v1/cg/config/rate-cards?rateCardIds=32ebd818-953c-4704-a413-69dab485284b
2026-02-03 09:13:46 - create_rate_cards - INFO - [STATUS CODE] 200
2026-02-03 09:13:46 - create_rate_cards - INFO - [TIME TAKEN] 0.3093 seconds (309.33 ms)
2026-02-03 09:13:46 - create_rate_cards - INFO - [RESPONSE CONTENT-TYPE] application/json
2026-02-03 09:13:46 - create_rate_cards - INFO - [RESPONSE PAYLOAD]
{
  "message": "Delete Success"
}
2026-02-03 09:13:46 - create_rate_cards - INFO - ✓ Deleted rate card: st_testing720273_178
2026-02-03 09:13:46 - create_rate_cards - INFO - Deleting rate card: st_testing720273_179
2026-02-03 09:13:46 - create_rate_cards - INFO - [API REQUEST] DELETE https://ncm.services.nconprem-10-53-60-173.ccpnx.com/v1/cg/config/rate-cards?rateCardIds=2e7fb817-b724-4eda-a23f-a5d6f2293c78
2026-02-03 09:13:47 - create_rate_cards - INFO - [API RESPONSE] DELETE https://ncm.services.nconprem-10-53-60-173.ccpnx.com/v1/cg/config/rate-cards?rateCardIds=2e7fb817-b724-4eda-a23f-a5d6f2293c78
2026-02-03 09:13:47 - create_rate_cards - INFO - [STATUS CODE] 200
2026-02-03 09:13:47 - create_rate_cards - INFO - [TIME TAKEN] 0.4756 seconds (475.56 ms)
2026-02-03 09:13:47 - create_rate_cards - INFO - [RESPONSE CONTENT-TYPE] application/json
2026-02-03 09:13:47 - create_rate_cards - INFO - [RESPONSE PAYLOAD]
{
  "message": "Delete Success"
}
2026-02-03 09:13:47 - create_rate_cards - INFO - ✓ Deleted rate card: st_testing720273_179
2026-02-03 09:13:47 - create_rate_cards - INFO - Deleting rate card: st_testing720273_180
2026-02-03 09:13:47 - create_rate_cards - INFO - [API REQUEST] DELETE https://ncm.services.nconprem-10-53-60-173.ccpnx.com/v1/cg/config/rate-cards?rateCardIds=c9268b5d-4cff-40e1-a1a8-73b79567c210
2026-02-03 09:13:47 - create_rate_cards - INFO - [API RESPONSE] DELETE https://ncm.services.nconprem-10-53-60-173.ccpnx.com/v1/cg/config/rate-cards?rateCardIds=c9268b5d-4cff-40e1-a1a8-73b79567c210
2026-02-03 09:13:47 - create_rate_cards - INFO - [STATUS CODE] 200
2026-02-03 09:13:47 - create_rate_cards - INFO - [TIME TAKEN] 0.1952 seconds (195.25 ms)
2026-02-03 09:13:47 - create_rate_cards - INFO - [RESPONSE CONTENT-TYPE] application/json
2026-02-03 09:13:47 - create_rate_cards - INFO - [RESPONSE PAYLOAD]
{
  "message": "Delete Success"
}
2026-02-03 09:13:47 - create_rate_cards - INFO - ✓ Deleted rate card: st_testing720273_180
2026-02-03 09:13:47 - create_rate_cards - INFO - Deleting rate card: st_testing720273_181
2026-02-03 09:13:47 - create_rate_cards - INFO - [API REQUEST] DELETE https://ncm.services.nconprem-10-53-60-173.ccpnx.com/v1/cg/config/rate-cards?rateCardIds=44a3f38e-50af-4f59-aa6f-8fa1f8b29bf9
2026-02-03 09:13:47 - create_rate_cards - INFO - [API RESPONSE] DELETE https://ncm.services.nconprem-10-53-60-173.ccpnx.com/v1/cg/config/rate-cards?rateCardIds=44a3f38e-50af-4f59-aa6f-8fa1f8b29bf9
2026-02-03 09:13:47 - create_rate_cards - INFO - [STATUS CODE] 200
2026-02-03 09:13:47 - create_rate_cards - INFO - [TIME TAKEN] 0.5253 seconds (525.31 ms)
2026-02-03 09:13:47 - create_rate_cards - INFO - [RESPONSE CONTENT-TYPE] application/json
2026-02-03 09:13:47 - create_rate_cards - INFO - [RESPONSE PAYLOAD]
{
  "message": "Delete Success"
}
2026-02-03 09:13:47 - create_rate_cards - INFO - ✓ Deleted rate card: st_testing720273_181
2026-02-03 09:13:47 - create_rate_cards - INFO - Deleting rate card: st_testing720273_182
2026-02-03 09:13:47 - create_rate_cards - INFO - [API REQUEST] DELETE https://ncm.services.nconprem-10-53-60-173.ccpnx.com/v1/cg/config/rate-cards?rateCardIds=b1c984ec-e524-42ba-9494-45836f5d96a5
2026-02-03 09:13:48 - create_rate_cards - INFO - [API RESPONSE] DELETE https://ncm.services.nconprem-10-53-60-173.ccpnx.com/v1/cg/config/rate-cards?rateCardIds=b1c984ec-e524-42ba-9494-45836f5d96a5
2026-02-03 09:13:48 - create_rate_cards - INFO - [STATUS CODE] 200
2026-02-03 09:13:48 - create_rate_cards - INFO - [TIME TAKEN] 0.3682 seconds (368.18 ms)
2026-02-03 09:13:48 - create_rate_cards - INFO - [RESPONSE CONTENT-TYPE] application/json
2026-02-03 09:13:48 - create_rate_cards - INFO - [RESPONSE PAYLOAD]
{
  "message": "Delete Success"
}
2026-02-03 09:13:48 - create_rate_cards - INFO - ✓ Deleted rate card: st_testing720273_182
2026-02-03 09:13:48 - create_rate_cards - INFO - Deleting rate card: st_testing720273_183
2026-02-03 09:13:48 - create_rate_cards - INFO - [API REQUEST] DELETE https://ncm.services.nconprem-10-53-60-173.ccpnx.com/v1/cg/config/rate-cards?rateCardIds=be0e9fb5-82c4-4aa2-85e0-1b272408057e
2026-02-03 09:13:48 - create_rate_cards - INFO - [API RESPONSE] DELETE https://ncm.services.nconprem-10-53-60-173.ccpnx.com/v1/cg/config/rate-cards?rateCardIds=be0e9fb5-82c4-4aa2-85e0-1b272408057e
2026-02-03 09:13:48 - create_rate_cards - INFO - [STATUS CODE] 200
2026-02-03 09:13:48 - create_rate_cards - INFO - [TIME TAKEN] 0.1735 seconds (173.54 ms)
2026-02-03 09:13:48 - create_rate_cards - INFO - [RESPONSE CONTENT-TYPE] application/json
2026-02-03 09:13:48 - create_rate_cards - INFO - [RESPONSE PAYLOAD]
{
  "message": "Delete Success"
}
2026-02-03 09:13:48 - create_rate_cards - INFO - ✓ Deleted rate card: st_testing720273_183
2026-02-03 09:13:48 - create_rate_cards - INFO - Deleting rate card: st_testing720273_184
2026-02-03 09:13:48 - create_rate_cards - INFO - [API REQUEST] DELETE https://ncm.services.nconprem-10-53-60-173.ccpnx.com/v1/cg/config/rate-cards?rateCardIds=e2b91745-defe-4c58-8805-3617b3d6d508
2026-02-03 09:13:48 - create_rate_cards - INFO - [API RESPONSE] DELETE https://ncm.services.nconprem-10-53-60-173.ccpnx.com/v1/cg/config/rate-cards?rateCardIds=e2b91745-defe-4c58-8805-3617b3d6d508
2026-02-03 09:13:48 - create_rate_cards - INFO - [STATUS CODE] 200
2026-02-03 09:13:48 - create_rate_cards - INFO - [TIME TAKEN] 0.2482 seconds (248.18 ms)
2026-02-03 09:13:48 - create_rate_cards - INFO - [RESPONSE CONTENT-TYPE] application/json
2026-02-03 09:13:48 - create_rate_cards - INFO - [RESPONSE PAYLOAD]
{
  "message": "Delete Success"
}
2026-02-03 09:13:48 - create_rate_cards - INFO - ✓ Deleted rate card: st_testing720273_184
2026-02-03 09:13:48 - create_rate_cards - INFO - Deleting rate card: st_testing720273_185
2026-02-03 09:13:48 - create_rate_cards - INFO - [API REQUEST] DELETE https://ncm.services.nconprem-10-53-60-173.ccpnx.com/v1/cg/config/rate-cards?rateCardIds=27a91c0f-f1fe-4b53-a590-fa441b85661c
2026-02-03 09:13:48 - create_rate_cards - INFO - [API RESPONSE] DELETE https://ncm.services.nconprem-10-53-60-173.ccpnx.com/v1/cg/config/rate-cards?rateCardIds=27a91c0f-f1fe-4b53-a590-fa441b85661c
2026-02-03 09:13:48 - create_rate_cards - INFO - [STATUS CODE] 200
2026-02-03 09:13:48 - create_rate_cards - INFO - [TIME TAKEN] 0.3667 seconds (366.68 ms)
2026-02-03 09:13:48 - create_rate_cards - INFO - [RESPONSE CONTENT-TYPE] application/json
2026-02-03 09:13:48 - create_rate_cards - INFO - [RESPONSE PAYLOAD]
{
  "message": "Delete Success"
}
2026-02-03 09:13:48 - create_rate_cards - INFO - ✓ Deleted rate card: st_testing720273_185
2026-02-03 09:13:48 - create_rate_cards - INFO - Deleting rate card: st_testing720273_186
2026-02-03 09:13:48 - create_rate_cards - INFO - [API REQUEST] DELETE https://ncm.services.nconprem-10-53-60-173.ccpnx.com/v1/cg/config/rate-cards?rateCardIds=4ec5a122-229f-4487-82fe-a64d39906418
2026-02-03 09:13:49 - create_rate_cards - INFO - [API RESPONSE] DELETE https://ncm.services.nconprem-10-53-60-173.ccpnx.com/v1/cg/config/rate-cards?rateCardIds=4ec5a122-229f-4487-82fe-a64d39906418
2026-02-03 09:13:49 - create_rate_cards - INFO - [STATUS CODE] 200
2026-02-03 09:13:49 - create_rate_cards - INFO - [TIME TAKEN] 0.5055 seconds (505.50 ms)
2026-02-03 09:13:49 - create_rate_cards - INFO - [RESPONSE CONTENT-TYPE] application/json
2026-02-03 09:13:49 - create_rate_cards - INFO - [RESPONSE PAYLOAD]
{
  "message": "Delete Success"
}
2026-02-03 09:13:49 - create_rate_cards - INFO - ✓ Deleted rate card: st_testing720273_186
2026-02-03 09:13:49 - create_rate_cards - INFO - Deleting rate card: st_testing720273_187
2026-02-03 09:13:49 - create_rate_cards - INFO - [API REQUEST] DELETE https://ncm.services.nconprem-10-53-60-173.ccpnx.com/v1/cg/config/rate-cards?rateCardIds=f44390d8-fd26-49cc-8789-275368fba99b
2026-02-03 09:13:49 - create_rate_cards - INFO - [API RESPONSE] DELETE https://ncm.services.nconprem-10-53-60-173.ccpnx.com/v1/cg/config/rate-cards?rateCardIds=f44390d8-fd26-49cc-8789-275368fba99b
2026-02-03 09:13:49 - create_rate_cards - INFO - [STATUS CODE] 200
2026-02-03 09:13:49 - create_rate_cards - INFO - [TIME TAKEN] 0.4101 seconds (410.14 ms)
2026-02-03 09:13:49 - create_rate_cards - INFO - [RESPONSE CONTENT-TYPE] application/json
2026-02-03 09:13:49 - create_rate_cards - INFO - [RESPONSE PAYLOAD]
{
  "message": "Delete Success"
}
2026-02-03 09:13:49 - create_rate_cards - INFO - ✓ Deleted rate card: st_testing720273_187
2026-02-03 09:13:49 - create_rate_cards - INFO - Deleting rate card: st_testing720273_188
2026-02-03 09:13:49 - create_rate_cards - INFO - [API REQUEST] DELETE https://ncm.services.nconprem-10-53-60-173.ccpnx.com/v1/cg/config/rate-cards?rateCardIds=b12143bd-85b3-4985-ad12-973ac26b38d8
2026-02-03 09:13:50 - create_rate_cards - INFO - [API RESPONSE] DELETE https://ncm.services.nconprem-10-53-60-173.ccpnx.com/v1/cg/config/rate-cards?rateCardIds=b12143bd-85b3-4985-ad12-973ac26b38d8
2026-02-03 09:13:50 - create_rate_cards - INFO - [STATUS CODE] 200
2026-02-03 09:13:50 - create_rate_cards - INFO - [TIME TAKEN] 0.2782 seconds (278.18 ms)
2026-02-03 09:13:50 - create_rate_cards - INFO - [RESPONSE CONTENT-TYPE] application/json
2026-02-03 09:13:50 - create_rate_cards - INFO - [RESPONSE PAYLOAD]
{
  "message": "Delete Success"
}
2026-02-03 09:13:50 - create_rate_cards - INFO - ✓ Deleted rate card: st_testing720273_188
2026-02-03 09:13:50 - create_rate_cards - INFO - Deleting rate card: st_testing720273_189
2026-02-03 09:13:50 - create_rate_cards - INFO - [API REQUEST] DELETE https://ncm.services.nconprem-10-53-60-173.ccpnx.com/v1/cg/config/rate-cards?rateCardIds=c60a8d8e-c8d2-46a6-8655-02f16e8f37cf
2026-02-03 09:13:50 - create_rate_cards - INFO - [API RESPONSE] DELETE https://ncm.services.nconprem-10-53-60-173.ccpnx.com/v1/cg/config/rate-cards?rateCardIds=c60a8d8e-c8d2-46a6-8655-02f16e8f37cf
2026-02-03 09:13:50 - create_rate_cards - INFO - [STATUS CODE] 200
2026-02-03 09:13:50 - create_rate_cards - INFO - [TIME TAKEN] 0.2151 seconds (215.06 ms)
2026-02-03 09:13:50 - create_rate_cards - INFO - [RESPONSE CONTENT-TYPE] application/json
2026-02-03 09:13:50 - create_rate_cards - INFO - [RESPONSE PAYLOAD]
{
  "message": "Delete Success"
}
2026-02-03 09:13:50 - create_rate_cards - INFO - ✓ Deleted rate card: st_testing720273_189
2026-02-03 09:13:50 - create_rate_cards - INFO - Deleting rate card: st_testing720273_190
2026-02-03 09:13:50 - create_rate_cards - INFO - [API REQUEST] DELETE https://ncm.services.nconprem-10-53-60-173.ccpnx.com/v1/cg/config/rate-cards?rateCardIds=ad38123a-a45d-4d7a-a2f9-dc0e4cd1f0c0
2026-02-03 09:13:50 - create_rate_cards - INFO - [API RESPONSE] DELETE https://ncm.services.nconprem-10-53-60-173.ccpnx.com/v1/cg/config/rate-cards?rateCardIds=ad38123a-a45d-4d7a-a2f9-dc0e4cd1f0c0
2026-02-03 09:13:50 - create_rate_cards - INFO - [STATUS CODE] 200
2026-02-03 09:13:50 - create_rate_cards - INFO - [TIME TAKEN] 0.2907 seconds (290.67 ms)
2026-02-03 09:13:50 - create_rate_cards - INFO - [RESPONSE CONTENT-TYPE] application/json
2026-02-03 09:13:50 - create_rate_cards - INFO - [RESPONSE PAYLOAD]
{
  "message": "Delete Success"
}
2026-02-03 09:13:50 - create_rate_cards - INFO - ✓ Deleted rate card: st_testing720273_190
2026-02-03 09:13:50 - create_rate_cards - INFO - Deleting rate card: st_testing720273_191
2026-02-03 09:13:50 - create_rate_cards - INFO - [API REQUEST] DELETE https://ncm.services.nconprem-10-53-60-173.ccpnx.com/v1/cg/config/rate-cards?rateCardIds=cc122b5a-e54c-4c00-b9d8-81b9313da003
2026-02-03 09:13:50 - create_rate_cards - INFO - [API RESPONSE] DELETE https://ncm.services.nconprem-10-53-60-173.ccpnx.com/v1/cg/config/rate-cards?rateCardIds=cc122b5a-e54c-4c00-b9d8-81b9313da003
2026-02-03 09:13:50 - create_rate_cards - INFO - [STATUS CODE] 200
2026-02-03 09:13:50 - create_rate_cards - INFO - [TIME TAKEN] 0.2257 seconds (225.75 ms)
2026-02-03 09:13:50 - create_rate_cards - INFO - [RESPONSE CONTENT-TYPE] application/json
2026-02-03 09:13:50 - create_rate_cards - INFO - [RESPONSE PAYLOAD]
{
  "message": "Delete Success"
}
2026-02-03 09:13:50 - create_rate_cards - INFO - ✓ Deleted rate card: st_testing720273_191
2026-02-03 09:13:50 - create_rate_cards - INFO - Deleting rate card: st_testing720273_192
2026-02-03 09:13:50 - create_rate_cards - INFO - [API REQUEST] DELETE https://ncm.services.nconprem-10-53-60-173.ccpnx.com/v1/cg/config/rate-cards?rateCardIds=c5b0a882-2440-4ff6-a627-f8b17cc33af9
2026-02-03 09:13:51 - create_rate_cards - INFO - [API RESPONSE] DELETE https://ncm.services.nconprem-10-53-60-173.ccpnx.com/v1/cg/config/rate-cards?rateCardIds=c5b0a882-2440-4ff6-a627-f8b17cc33af9
2026-02-03 09:13:51 - create_rate_cards - INFO - [STATUS CODE] 200
2026-02-03 09:13:51 - create_rate_cards - INFO - [TIME TAKEN] 0.3321 seconds (332.07 ms)
2026-02-03 09:13:51 - create_rate_cards - INFO - [RESPONSE CONTENT-TYPE] application/json
2026-02-03 09:13:51 - create_rate_cards - INFO - [RESPONSE PAYLOAD]
{
  "message": "Delete Success"
}
2026-02-03 09:13:51 - create_rate_cards - INFO - ✓ Deleted rate card: st_testing720273_192
2026-02-03 09:13:51 - create_rate_cards - INFO - Deleting rate card: st_testing720273_193
2026-02-03 09:13:51 - create_rate_cards - INFO - [API REQUEST] DELETE https://ncm.services.nconprem-10-53-60-173.ccpnx.com/v1/cg/config/rate-cards?rateCardIds=ec42118e-27c7-41ed-b0c4-927d25f02531
2026-02-03 09:13:51 - create_rate_cards - INFO - [API RESPONSE] DELETE https://ncm.services.nconprem-10-53-60-173.ccpnx.com/v1/cg/config/rate-cards?rateCardIds=ec42118e-27c7-41ed-b0c4-927d25f02531
2026-02-03 09:13:51 - create_rate_cards - INFO - [STATUS CODE] 200
2026-02-03 09:13:51 - create_rate_cards - INFO - [TIME TAKEN] 0.4440 seconds (443.95 ms)
2026-02-03 09:13:51 - create_rate_cards - INFO - [RESPONSE CONTENT-TYPE] application/json
2026-02-03 09:13:51 - create_rate_cards - INFO - [RESPONSE PAYLOAD]
{
  "message": "Delete Success"
}
2026-02-03 09:13:51 - create_rate_cards - INFO - ✓ Deleted rate card: st_testing720273_193
2026-02-03 09:13:51 - create_rate_cards - INFO - Deleting rate card: st_testing720273_194
2026-02-03 09:13:51 - create_rate_cards - INFO - [API REQUEST] DELETE https://ncm.services.nconprem-10-53-60-173.ccpnx.com/v1/cg/config/rate-cards?rateCardIds=9c18cf44-9957-466c-b92c-142570389468
2026-02-03 09:13:51 - create_rate_cards - INFO - [API RESPONSE] DELETE https://ncm.services.nconprem-10-53-60-173.ccpnx.com/v1/cg/config/rate-cards?rateCardIds=9c18cf44-9957-466c-b92c-142570389468
2026-02-03 09:13:51 - create_rate_cards - INFO - [STATUS CODE] 200
2026-02-03 09:13:51 - create_rate_cards - INFO - [TIME TAKEN] 0.2137 seconds (213.74 ms)
2026-02-03 09:13:51 - create_rate_cards - INFO - [RESPONSE CONTENT-TYPE] application/json
2026-02-03 09:13:51 - create_rate_cards - INFO - [RESPONSE PAYLOAD]
{
  "message": "Delete Success"
}
2026-02-03 09:13:51 - create_rate_cards - INFO - ✓ Deleted rate card: st_testing720273_194
2026-02-03 09:13:51 - create_rate_cards - INFO - Deleting rate card: st_testing720273_195
2026-02-03 09:13:51 - create_rate_cards - INFO - [API REQUEST] DELETE https://ncm.services.nconprem-10-53-60-173.ccpnx.com/v1/cg/config/rate-cards?rateCardIds=25024466-be02-4532-bb88-957cb5575e59
2026-02-03 09:13:52 - create_rate_cards - INFO - [API RESPONSE] DELETE https://ncm.services.nconprem-10-53-60-173.ccpnx.com/v1/cg/config/rate-cards?rateCardIds=25024466-be02-4532-bb88-957cb5575e59
2026-02-03 09:13:52 - create_rate_cards - INFO - [STATUS CODE] 200
2026-02-03 09:13:52 - create_rate_cards - INFO - [TIME TAKEN] 0.2789 seconds (278.92 ms)
2026-02-03 09:13:52 - create_rate_cards - INFO - [RESPONSE CONTENT-TYPE] application/json
2026-02-03 09:13:52 - create_rate_cards - INFO - [RESPONSE PAYLOAD]
{
  "message": "Delete Success"
}
2026-02-03 09:13:52 - create_rate_cards - INFO - ✓ Deleted rate card: st_testing720273_195
2026-02-03 09:13:52 - create_rate_cards - INFO - [API REQUEST] POST https://ncm.services.nconprem-10-53-60-173.ccpnx.com/v1/cg/config/rate-cards
2026-02-03 09:13:52 - create_rate_cards - INFO - [REQUEST JSON PAYLOAD]
{
  "rateCards": [
    {
      "rateCardName": "st_testing546453_6",
      "meteringRates": {
        "vm": {
          "vCpu": {
            "unit": "HOUR",
            "rate": 93
          },
          "vRam": {
            "unit": "HOUR",
            "rate": 42
          },
          "vStorage": {
            "unit": "GIB",
            "rate": 85
          },
          "customConfigs": [
            {
              "description": "st_testing546453_0",
              "value": {
                "unit": "DAY",
                "rate": 63
              }
            },
            {
              "description": "st_testing546453_1",
              "value": {
                "unit": "DAY",
                "rate": 4
              }
            },
            {
              "description": "st_testing546453_2",
              "value": {
                "unit": "DAY",
                "rate": 28
              }
            },
            {
              "description": "st_testing546453_3",
              "value": {
                "unit": "DAY",
                "rate": 35
              }
            },
            {
              "description": "st_testing546453_4",
              "value": {
                "unit": "DAY",
                "rate": 45
              }
            }
          ]
        }
      },
      "resources": []
    }
  ]
}
2026-02-03 09:13:52 - create_rate_cards - INFO - [API RESPONSE] POST https://ncm.services.nconprem-10-53-60-173.ccpnx.com/v1/cg/config/rate-cards
2026-02-03 09:13:52 - create_rate_cards - INFO - [STATUS CODE] 200
2026-02-03 09:13:52 - create_rate_cards - INFO - [TIME TAKEN] 0.3123 seconds (312.32 ms)
2026-02-03 09:13:52 - create_rate_cards - INFO - [RESPONSE CONTENT-TYPE] application/json
2026-02-03 09:13:52 - create_rate_cards - INFO - [RESPONSE PAYLOAD]
{
  "ids": [
    "eb9f9b26-f71a-4f37-b06c-779c0fc4f41a"
  ]
}
2026-02-03 09:13:52 - create_rate_cards - INFO - ✓ [6] Created rate card: st_testing546453_6
2026-02-03 09:13:52 - create_rate_cards - INFO - [API REQUEST] POST https://ncm.services.nconprem-10-53-60-173.ccpnx.com/v1/cg/config/rate-cards
2026-02-03 09:13:52 - create_rate_cards - INFO - [REQUEST JSON PAYLOAD]
{
  "rateCards": [
    {
      "rateCardName": "st_testing546453_7",
      "meteringRates": {
        "vm": {
          "vCpu": {
            "unit": "HOUR",
            "rate": 9
          },
          "vRam": {
            "unit": "HOUR",
            "rate": 5
          },
          "vStorage": {
            "unit": "GIB",
            "rate": 36
          },
          "customConfigs": [
            {
              "description": "st_testing546453_0",
              "value": {
                "unit": "DAY",
                "rate": 21
              }
            },
            {
              "description": "st_testing546453_1",
              "value": {
                "unit": "DAY",
                "rate": 20
              }
            },
            {
              "description": "st_testing546453_2",
              "value": {
                "unit": "DAY",
                "rate": 50
              }
            },
            {
              "description": "st_testing546453_3",
              "value": {
                "unit": "DAY",
                "rate": 11
              }
            },
            {
              "description": "st_testing546453_4",
              "value": {
                "unit": "DAY",
                "rate": 25
              }
            }
          ]
        }
      },
      "resources": []
    }
  ]
}
2026-02-03 09:13:52 - create_rate_cards - INFO - [API RESPONSE] POST https://ncm.services.nconprem-10-53-60-173.ccpnx.com/v1/cg/config/rate-cards
2026-02-03 09:13:52 - create_rate_cards - INFO - [STATUS CODE] 200
2026-02-03 09:13:52 - create_rate_cards - INFO - [TIME TAKEN] 0.2418 seconds (241.83 ms)
2026-02-03 09:13:52 - create_rate_cards - INFO - [RESPONSE CONTENT-TYPE] application/json
2026-02-03 09:13:52 - create_rate_cards - INFO - [RESPONSE PAYLOAD]
{
  "ids": [
    "18ef07a1-9baa-40ae-8023-9893b53d2317"
  ]
}
2026-02-03 09:13:52 - create_rate_cards - INFO - ✓ [7] Created rate card: st_testing546453_7
2026-02-03 09:13:52 - create_rate_cards - INFO - [API REQUEST] POST https://ncm.services.nconprem-10-53-60-173.ccpnx.com/v1/cg/config/rate-cards
2026-02-03 09:13:52 - create_rate_cards - INFO - [REQUEST JSON PAYLOAD]
{
  "rateCards": [
    {
      "rateCardName": "st_testing546453_8",
      "meteringRates": {
        "vm": {
          "vCpu": {
            "unit": "HOUR",
            "rate": 16
          },
          "vRam": {
            "unit": "HOUR",
            "rate": 42
          },
          "vStorage": {
            "unit": "GIB",
            "rate": 40
          },
          "customConfigs": [
            {
              "description": "st_testing546453_0",
              "value": {
                "unit": "DAY",
                "rate": 52
              }
            },
            {
              "description": "st_testing546453_1",
              "value": {
                "unit": "DAY",
                "rate": 34
              }
            },
            {
              "description": "st_testing546453_2",
              "value": {
                "unit": "DAY",
                "rate": 100
              }
            },
            {
              "description": "st_testing546453_3",
              "value": {
                "unit": "DAY",
                "rate": 39
              }
            },
            {
              "description": "st_testing546453_4",
              "value": {
                "unit": "DAY",
                "rate": 96
              }
            }
          ]
        }
      },
      "resources": []
    }
  ]
}
2026-02-03 09:13:53 - create_rate_cards - INFO - [API RESPONSE] POST https://ncm.services.nconprem-10-53-60-173.ccpnx.com/v1/cg/config/rate-cards
2026-02-03 09:13:53 - create_rate_cards - INFO - [STATUS CODE] 200
2026-02-03 09:13:53 - create_rate_cards - INFO - [TIME TAKEN] 0.3031 seconds (303.05 ms)
2026-02-03 09:13:53 - create_rate_cards - INFO - [RESPONSE CONTENT-TYPE] application/json
2026-02-03 09:13:53 - create_rate_cards - INFO - [RESPONSE PAYLOAD]
{
  "ids": [
    "2d2e6b76-1f31-4e23-be10-df4e9e4c7b42"
  ]
}
2026-02-03 09:13:53 - create_rate_cards - INFO - ✓ [8] Created rate card: st_testing546453_8
2026-02-03 09:13:53 - create_rate_cards - INFO - [API REQUEST] POST https://ncm.services.nconprem-10-53-60-173.ccpnx.com/v1/cg/config/rate-cards
2026-02-03 09:13:53 - create_rate_cards - INFO - [REQUEST JSON PAYLOAD]
{
  "rateCards": [
    {
      "rateCardName": "st_testing546453_9",
      "meteringRates": {
        "vm": {
          "vCpu": {
            "unit": "HOUR",
            "rate": 19
          },
          "vRam": {
            "unit": "HOUR",
            "rate": 24
          },
          "vStorage": {
            "unit": "GIB",
            "rate": 15
          },
          "customConfigs": [
            {
              "description": "st_testing546453_0",
              "value": {
                "unit": "DAY",
                "rate": 90
              }
            },
            {
              "description": "st_testing546453_1",
              "value": {
                "unit": "DAY",
                "rate": 21
              }
            },
            {
              "description": "st_testing546453_2",
              "value": {
                "unit": "DAY",
                "rate": 26
              }
            },
            {
              "description": "st_testing546453_3",
              "value": {
                "unit": "DAY",
                "rate": 71
              }
            },
            {
              "description": "st_testing546453_4",
              "value": {
                "unit": "DAY",
                "rate": 22
              }
            }
          ]
        }
      },
      "resources": []
    }
  ]
}
2026-02-03 09:13:53 - create_rate_cards - INFO - [API RESPONSE] POST https://ncm.services.nconprem-10-53-60-173.ccpnx.com/v1/cg/config/rate-cards
2026-02-03 09:13:53 - create_rate_cards - INFO - [STATUS CODE] 200
2026-02-03 09:13:53 - create_rate_cards - INFO - [TIME TAKEN] 0.2429 seconds (242.86 ms)
2026-02-03 09:13:53 - create_rate_cards - INFO - [RESPONSE CONTENT-TYPE] application/json
2026-02-03 09:13:53 - create_rate_cards - INFO - [RESPONSE PAYLOAD]
{
  "ids": [
    "d725ee9c-7852-4dc6-a56e-facc2d82b718"
  ]
}
2026-02-03 09:13:53 - create_rate_cards - INFO - ✓ [9] Created rate card: st_testing546453_9
2026-02-03 09:13:53 - create_rate_cards - INFO - [API REQUEST] POST https://ncm.services.nconprem-10-53-60-173.ccpnx.com/v1/cg/config/rate-cards
2026-02-03 09:13:53 - create_rate_cards - INFO - [REQUEST JSON PAYLOAD]
{
  "rateCards": [
    {
      "rateCardName": "st_testing546453_10",
      "meteringRates": {
        "vm": {
          "vCpu": {
            "unit": "HOUR",
            "rate": 49
          },
          "vRam": {
            "unit": "HOUR",
            "rate": 70
          },
          "vStorage": {
            "unit": "GIB",
            "rate": 95
          },
          "customConfigs": [
            {
              "description": "st_testing546453_0",
              "value": {
                "unit": "DAY",
                "rate": 99
              }
            },
            {
              "description": "st_testing546453_1",
              "value": {
                "unit": "DAY",
                "rate": 84
              }
            },
            {
              "description": "st_testing546453_2",
              "value": {
                "unit": "DAY",
                "rate": 17
              }
            },
            {
              "description": "st_testing546453_3",
              "value": {
                "unit": "DAY",
                "rate": 37
              }
            },
            {
              "description": "st_testing546453_4",
              "value": {
                "unit": "DAY",
                "rate": 24
              }
            }
          ]
        }
      },
      "resources": []
    }
  ]
}
2026-02-03 09:13:53 - create_rate_cards - INFO - [API RESPONSE] POST https://ncm.services.nconprem-10-53-60-173.ccpnx.com/v1/cg/config/rate-cards
2026-02-03 09:13:53 - create_rate_cards - INFO - [STATUS CODE] 200
2026-02-03 09:13:53 - create_rate_cards - INFO - [TIME TAKEN] 0.2980 seconds (298.05 ms)
2026-02-03 09:13:53 - create_rate_cards - INFO - [RESPONSE CONTENT-TYPE] application/json
2026-02-03 09:13:53 - create_rate_cards - INFO - [RESPONSE PAYLOAD]
{
  "ids": [
    "0bce47f9-3455-4015-879b-868a4d8a070b"
  ]
}
2026-02-03 09:13:53 - create_rate_cards - INFO - ✓ [10] Created rate card: st_testing546453_10
2026-02-03 09:13:53 - create_rate_cards - INFO - [API REQUEST] POST https://ncm.services.nconprem-10-53-60-173.ccpnx.com/v1/cg/config/rate-cards
2026-02-03 09:13:53 - create_rate_cards - INFO - [REQUEST JSON PAYLOAD]
{
  "rateCards": [
    {
      "rateCardName": "st_testing546453_11",
      "meteringRates": {
        "vm": {
          "vCpu": {
            "unit": "HOUR",
            "rate": 62
          },
          "vRam": {
            "unit": "HOUR",
            "rate": 66
          },
          "vStorage": {
            "unit": "GIB",
            "rate": 4
          },
          "customConfigs": [
            {
              "description": "st_testing546453_0",
              "value": {
                "unit": "DAY",
                "rate": 84
              }
            },
            {
              "description": "st_testing546453_1",
              "value": {
                "unit": "DAY",
                "rate": 34
              }
            },
            {
              "description": "st_testing546453_2",
              "value": {
                "unit": "DAY",
                "rate": 56
              }
            },
            {
              "description": "st_testing546453_3",
              "value": {
                "unit": "DAY",
                "rate": 30
              }
            },
            {
              "description": "st_testing546453_4",
              "value": {
                "unit": "DAY",
                "rate": 93
              }
            }
          ]
        }
      },
      "resources": []
    }
  ]
}
2026-02-03 09:13:54 - create_rate_cards - INFO - [API RESPONSE] POST https://ncm.services.nconprem-10-53-60-173.ccpnx.com/v1/cg/config/rate-cards
2026-02-03 09:13:54 - create_rate_cards - INFO - [STATUS CODE] 200
2026-02-03 09:13:54 - create_rate_cards - INFO - [TIME TAKEN] 0.6593 seconds (659.31 ms)
2026-02-03 09:13:54 - create_rate_cards - INFO - [RESPONSE CONTENT-TYPE] application/json
2026-02-03 09:13:54 - create_rate_cards - INFO - [RESPONSE PAYLOAD]
{
  "ids": [
    "d2605117-2da7-4a8d-b856-8e3201b94ebe"
  ]
}
2026-02-03 09:13:54 - create_rate_cards - INFO - ✓ [11] Created rate card: st_testing546453_11
2026-02-03 09:13:54 - create_rate_cards - INFO - [API REQUEST] POST https://ncm.services.nconprem-10-53-60-173.ccpnx.com/v1/cg/config/rate-cards
2026-02-03 09:13:54 - create_rate_cards - INFO - [REQUEST JSON PAYLOAD]
{
  "rateCards": [
    {
      "rateCardName": "st_testing546453_12",
      "meteringRates": {
        "vm": {
          "vCpu": {
            "unit": "HOUR",
            "rate": 58
          },
          "vRam": {
            "unit": "HOUR",
            "rate": 51
          },
          "vStorage": {
            "unit": "GIB",
            "rate": 48
          },
          "customConfigs": [
            {
              "description": "st_testing546453_0",
              "value": {
                "unit": "DAY",
                "rate": 30
              }
            },
            {
              "description": "st_testing546453_1",
              "value": {
                "unit": "DAY",
                "rate": 8
              }
            },
            {
              "description": "st_testing546453_2",
              "value": {
                "unit": "DAY",
                "rate": 92
              }
            },
            {
              "description": "st_testing546453_3",
              "value": {
                "unit": "DAY",
                "rate": 17
              }
            },
            {
              "description": "st_testing546453_4",
              "value": {
                "unit": "DAY",
                "rate": 68
              }
            }
          ]
        }
      },
      "resources": []
    }
  ]
}
2026-02-03 09:13:54 - create_rate_cards - INFO - [API RESPONSE] POST https://ncm.services.nconprem-10-53-60-173.ccpnx.com/v1/cg/config/rate-cards
2026-02-03 09:13:54 - create_rate_cards - INFO - [STATUS CODE] 200
2026-02-03 09:13:54 - create_rate_cards - INFO - [TIME TAKEN] 0.4648 seconds (464.84 ms)
2026-02-03 09:13:54 - create_rate_cards - INFO - [RESPONSE CONTENT-TYPE] application/json
2026-02-03 09:13:54 - create_rate_cards - INFO - [RESPONSE PAYLOAD]
{
  "ids": [
    "66fbab09-630b-413f-9d71-0f2750cce955"
  ]
}
2026-02-03 09:13:54 - create_rate_cards - INFO - ✓ [12] Created rate card: st_testing546453_12
2026-02-03 09:13:54 - create_rate_cards - INFO - [API REQUEST] POST https://ncm.services.nconprem-10-53-60-173.ccpnx.com/v1/cg/config/rate-cards
2026-02-03 09:13:54 - create_rate_cards - INFO - [REQUEST JSON PAYLOAD]
{
  "rateCards": [
    {
      "rateCardName": "st_testing546453_13",
      "meteringRates": {
        "vm": {
          "vCpu": {
            "unit": "HOUR",
            "rate": 63
          },
          "vRam": {
            "unit": "HOUR",
            "rate": 51
          },
          "vStorage": {
            "unit": "GIB",
            "rate": 64
          },
          "customConfigs": [
            {
              "description": "st_testing546453_0",
              "value": {
                "unit": "DAY",
                "rate": 44
              }
            },
            {
              "description": "st_testing546453_1",
              "value": {
                "unit": "DAY",
                "rate": 2
              }
            },
            {
              "description": "st_testing546453_2",
              "value": {
                "unit": "DAY",
                "rate": 36
              }
            },
            {
              "description": "st_testing546453_3",
              "value": {
                "unit": "DAY",
                "rate": 91
              }
            },
            {
              "description": "st_testing546453_4",
              "value": {
                "unit": "DAY",
                "rate": 32
              }
            }
          ]
        }
      },
      "resources": []
    }
  ]
}
2026-02-03 09:13:55 - create_rate_cards - INFO - [API RESPONSE] POST https://ncm.services.nconprem-10-53-60-173.ccpnx.com/v1/cg/config/rate-cards
2026-02-03 09:13:55 - create_rate_cards - INFO - [STATUS CODE] 200
2026-02-03 09:13:55 - create_rate_cards - INFO - [TIME TAKEN] 0.4745 seconds (474.50 ms)
2026-02-03 09:13:55 - create_rate_cards - INFO - [RESPONSE CONTENT-TYPE] application/json
2026-02-03 09:13:55 - create_rate_cards - INFO - [RESPONSE PAYLOAD]
{
  "ids": [
    "73d25eae-05b4-444c-9a83-43fc2ce48648"
  ]
}
2026-02-03 09:13:55 - create_rate_cards - INFO - ✓ [13] Created rate card: st_testing546453_13
2026-02-03 09:13:55 - create_rate_cards - INFO - [API REQUEST] POST https://ncm.services.nconprem-10-53-60-173.ccpnx.com/v1/cg/config/rate-cards
2026-02-03 09:13:55 - create_rate_cards - INFO - [REQUEST JSON PAYLOAD]
{
  "rateCards": [
    {
      "rateCardName": "st_testing546453_14",
      "meteringRates": {
        "vm": {
          "vCpu": {
            "unit": "HOUR",
            "rate": 53
          },
          "vRam": {
            "unit": "HOUR",
            "rate": 54
          },
          "vStorage": {
            "unit": "GIB",
            "rate": 38
          },
          "customConfigs": [
            {
              "description": "st_testing546453_0",
              "value": {
                "unit": "DAY",
                "rate": 87
              }
            },
            {
              "description": "st_testing546453_1",
              "value": {
                "unit": "DAY",
                "rate": 5
              }
            },
            {
              "description": "st_testing546453_2",
              "value": {
                "unit": "DAY",
                "rate": 90
              }
            },
            {
              "description": "st_testing546453_3",
              "value": {
                "unit": "DAY",
                "rate": 84
              }
            },
            {
              "description": "st_testing546453_4",
              "value": {
                "unit": "DAY",
                "rate": 84
              }
            }
          ]
        }
      },
      "resources": []
    }
  ]
}
2026-02-03 09:13:55 - create_rate_cards - INFO - [API RESPONSE] POST https://ncm.services.nconprem-10-53-60-173.ccpnx.com/v1/cg/config/rate-cards
2026-02-03 09:13:55 - create_rate_cards - INFO - [STATUS CODE] 200
2026-02-03 09:13:55 - create_rate_cards - INFO - [TIME TAKEN] 0.3250 seconds (325.01 ms)
2026-02-03 09:13:55 - create_rate_cards - INFO - [RESPONSE CONTENT-TYPE] application/json
2026-02-03 09:13:55 - create_rate_cards - INFO - [RESPONSE PAYLOAD]
{
  "ids": [
    "9a939a7b-e636-43af-8677-e9178e1ff275"
  ]
}
2026-02-03 09:13:55 - create_rate_cards - INFO - ✓ [14] Created rate card: st_testing546453_14
2026-02-03 09:13:55 - create_rate_cards - INFO - [API REQUEST] POST https://ncm.services.nconprem-10-53-60-173.ccpnx.com/v1/cg/config/rate-cards
2026-02-03 09:13:55 - create_rate_cards - INFO - [REQUEST JSON PAYLOAD]
{
  "rateCards": [
    {
      "rateCardName": "st_testing546453_15",
      "meteringRates": {
        "vm": {
          "vCpu": {
            "unit": "HOUR",
            "rate": 94
          },
          "vRam": {
            "unit": "HOUR",
            "rate": 29
          },
          "vStorage": {
            "unit": "GIB",
            "rate": 75
          },
          "customConfigs": [
            {
              "description": "st_testing546453_0",
              "value": {
                "unit": "DAY",
                "rate": 11
              }
            },
            {
              "description": "st_testing546453_1",
              "value": {
                "unit": "DAY",
                "rate": 28
              }
            },
            {
              "description": "st_testing546453_2",
              "value": {
                "unit": "DAY",
                "rate": 19
              }
            },
            {
              "description": "st_testing546453_3",
              "value": {
                "unit": "DAY",
                "rate": 17
              }
            },
            {
              "description": "st_testing546453_4",
              "value": {
                "unit": "DAY",
                "rate": 9
              }
            }
          ]
        }
      },
      "resources": []
    }
  ]
}
2026-02-03 09:13:55 - create_rate_cards - INFO - [API RESPONSE] POST https://ncm.services.nconprem-10-53-60-173.ccpnx.com/v1/cg/config/rate-cards
2026-02-03 09:13:55 - create_rate_cards - INFO - [STATUS CODE] 200
2026-02-03 09:13:55 - create_rate_cards - INFO - [TIME TAKEN] 0.3931 seconds (393.09 ms)
2026-02-03 09:13:55 - create_rate_cards - INFO - [RESPONSE CONTENT-TYPE] application/json
2026-02-03 09:13:55 - create_rate_cards - INFO - [RESPONSE PAYLOAD]
{
  "ids": [
    "f7499d79-ead6-4751-a21d-c00186c2a1d0"
  ]
}
2026-02-03 09:13:55 - create_rate_cards - INFO - ✓ [15] Created rate card: st_testing546453_15
2026-02-03 09:13:55 - create_rate_cards - INFO - [API REQUEST] POST https://ncm.services.nconprem-10-53-60-173.ccpnx.com/v1/cg/config/rate-cards
2026-02-03 09:13:55 - create_rate_cards - INFO - [REQUEST JSON PAYLOAD]
{
  "rateCards": [
    {
      "rateCardName": "st_testing546453_16",
      "meteringRates": {
        "vm": {
          "vCpu": {
            "unit": "HOUR",
            "rate": 81
          },
          "vRam": {
            "unit": "HOUR",
            "rate": 9
          },
          "vStorage": {
            "unit": "GIB",
            "rate": 68
          },
          "customConfigs": [
            {
              "description": "st_testing546453_0",
              "value": {
                "unit": "DAY",
                "rate": 93
              }
            },
            {
              "description": "st_testing546453_1",
              "value": {
                "unit": "DAY",
                "rate": 9
              }
            },
            {
              "description": "st_testing546453_2",
              "value": {
                "unit": "DAY",
                "rate": 82
              }
            },
            {
              "description": "st_testing546453_3",
              "value": {
                "unit": "DAY",
                "rate": 16
              }
            },
            {
              "description": "st_testing546453_4",
              "value": {
                "unit": "DAY",
                "rate": 27
              }
            }
          ]
        }
      },
      "resources": []
    }
  ]
}
2026-02-03 09:13:56 - create_rate_cards - INFO - [API RESPONSE] POST https://ncm.services.nconprem-10-53-60-173.ccpnx.com/v1/cg/config/rate-cards
2026-02-03 09:13:56 - create_rate_cards - INFO - [STATUS CODE] 200
2026-02-03 09:13:56 - create_rate_cards - INFO - [TIME TAKEN] 0.4326 seconds (432.63 ms)
2026-02-03 09:13:56 - create_rate_cards - INFO - [RESPONSE CONTENT-TYPE] application/json
2026-02-03 09:13:56 - create_rate_cards - INFO - [RESPONSE PAYLOAD]
{
  "ids": [
    "69d654de-7094-47db-bb20-eca704119384"
  ]
}
2026-02-03 09:13:56 - create_rate_cards - INFO - ✓ [16] Created rate card: st_testing546453_16
2026-02-03 09:13:56 - create_rate_cards - INFO - [API REQUEST] POST https://ncm.services.nconprem-10-53-60-173.ccpnx.com/v1/cg/config/rate-cards
2026-02-03 09:13:56 - create_rate_cards - INFO - [REQUEST JSON PAYLOAD]
{
  "rateCards": [
    {
      "rateCardName": "st_testing546453_17",
      "meteringRates": {
        "vm": {
          "vCpu": {
            "unit": "HOUR",
            "rate": 58
          },
          "vRam": {
            "unit": "HOUR",
            "rate": 3
          },
          "vStorage": {
            "unit": "GIB",
            "rate": 88
          },
          "customConfigs": [
            {
              "description": "st_testing546453_0",
              "value": {
                "unit": "DAY",
                "rate": 86
              }
            },
            {
              "description": "st_testing546453_1",
              "value": {
                "unit": "DAY",
                "rate": 17
              }
            },
            {
              "description": "st_testing546453_2",
              "value": {
                "unit": "DAY",
                "rate": 31
              }
            },
            {
              "description": "st_testing546453_3",
              "value": {
                "unit": "DAY",
                "rate": 40
              }
            },
            {
              "description": "st_testing546453_4",
              "value": {
                "unit": "DAY",
                "rate": 5
              }
            }
          ]
        }
      },
      "resources": []
    }
  ]
}
2026-02-03 09:13:56 - create_rate_cards - INFO - [API RESPONSE] POST https://ncm.services.nconprem-10-53-60-173.ccpnx.com/v1/cg/config/rate-cards
2026-02-03 09:13:56 - create_rate_cards - INFO - [STATUS CODE] 200
2026-02-03 09:13:56 - create_rate_cards - INFO - [TIME TAKEN] 0.2776 seconds (277.57 ms)
2026-02-03 09:13:56 - create_rate_cards - INFO - [RESPONSE CONTENT-TYPE] application/json
2026-02-03 09:13:56 - create_rate_cards - INFO - [RESPONSE PAYLOAD]
{
  "ids": [
    "8e7409e7-9dad-46ff-b7e2-f7d80c8fd4f5"
  ]
}
2026-02-03 09:13:56 - create_rate_cards - INFO - ✓ [17] Created rate card: st_testing546453_17
2026-02-03 09:13:56 - create_rate_cards - INFO - [API REQUEST] POST https://ncm.services.nconprem-10-53-60-173.ccpnx.com/v1/cg/config/rate-cards
2026-02-03 09:13:56 - create_rate_cards - INFO - [REQUEST JSON PAYLOAD]
{
  "rateCards": [
    {
      "rateCardName": "st_testing546453_18",
      "meteringRates": {
        "vm": {
          "vCpu": {
            "unit": "HOUR",
            "rate": 74
          },
          "vRam": {
            "unit": "HOUR",
            "rate": 20
          },
          "vStorage": {
            "unit": "GIB",
            "rate": 40
          },
          "customConfigs": [
            {
              "description": "st_testing546453_0",
              "value": {
                "unit": "DAY",
                "rate": 63
              }
            },
            {
              "description": "st_testing546453_1",
              "value": {
                "unit": "DAY",
                "rate": 46
              }
            },
            {
              "description": "st_testing546453_2",
              "value": {
                "unit": "DAY",
                "rate": 94
              }
            },
            {
              "description": "st_testing546453_3",
              "value": {
                "unit": "DAY",
                "rate": 30
              }
            },
            {
              "description": "st_testing546453_4",
              "value": {
                "unit": "DAY",
                "rate": 49
              }
            }
          ]
        }
      },
      "resources": []
    }
  ]
}
2026-02-03 09:13:57 - create_rate_cards - INFO - [API RESPONSE] POST https://ncm.services.nconprem-10-53-60-173.ccpnx.com/v1/cg/config/rate-cards
2026-02-03 09:13:57 - create_rate_cards - INFO - [STATUS CODE] 200
2026-02-03 09:13:57 - create_rate_cards - INFO - [TIME TAKEN] 0.4298 seconds (429.83 ms)
2026-02-03 09:13:57 - create_rate_cards - INFO - [RESPONSE CONTENT-TYPE] application/json
2026-02-03 09:13:57 - create_rate_cards - INFO - [RESPONSE PAYLOAD]
{
  "ids": [
    "c8fdbd51-c29c-4b1c-ae28-b5baf27f5237"
  ]
}
2026-02-03 09:13:57 - create_rate_cards - INFO - ✓ [18] Created rate card: st_testing546453_18
2026-02-03 09:13:57 - create_rate_cards - INFO - [API REQUEST] POST https://ncm.services.nconprem-10-53-60-173.ccpnx.com/v1/cg/config/rate-cards
2026-02-03 09:13:57 - create_rate_cards - INFO - [REQUEST JSON PAYLOAD]
{
  "rateCards": [
    {
      "rateCardName": "st_testing546453_19",
      "meteringRates": {
        "vm": {
          "vCpu": {
            "unit": "HOUR",
            "rate": 15
          },
          "vRam": {
            "unit": "HOUR",
            "rate": 9
          },
          "vStorage": {
            "unit": "GIB",
            "rate": 48
          },
          "customConfigs": [
            {
              "description": "st_testing546453_0",
              "value": {
                "unit": "DAY",
                "rate": 75
              }
            },
            {
              "description": "st_testing546453_1",
              "value": {
                "unit": "DAY",
                "rate": 66
              }
            },
            {
              "description": "st_testing546453_2",
              "value": {
                "unit": "DAY",
                "rate": 52
              }
            },
            {
              "description": "st_testing546453_3",
              "value": {
                "unit": "DAY",
                "rate": 85
              }
            },
            {
              "description": "st_testing546453_4",
              "value": {
                "unit": "DAY",
                "rate": 97
              }
            }
          ]
        }
      },
      "resources": []
    }
  ]
}
2026-02-03 09:13:57 - create_rate_cards - INFO - [API RESPONSE] POST https://ncm.services.nconprem-10-53-60-173.ccpnx.com/v1/cg/config/rate-cards
2026-02-03 09:13:57 - create_rate_cards - INFO - [STATUS CODE] 200
2026-02-03 09:13:57 - create_rate_cards - INFO - [TIME TAKEN] 0.3868 seconds (386.78 ms)
2026-02-03 09:13:57 - create_rate_cards - INFO - [RESPONSE CONTENT-TYPE] application/json
2026-02-03 09:13:57 - create_rate_cards - INFO - [RESPONSE PAYLOAD]
{
  "ids": [
    "65697457-ff35-46a0-82ad-e04e2e653699"
  ]
}
2026-02-03 09:13:57 - create_rate_cards - INFO - ✓ [19] Created rate card: st_testing546453_19
2026-02-03 09:13:57 - create_rate_cards - INFO - [API REQUEST] POST https://ncm.services.nconprem-10-53-60-173.ccpnx.com/v1/cg/config/rate-cards
2026-02-03 09:13:57 - create_rate_cards - INFO - [REQUEST JSON PAYLOAD]
{
  "rateCards": [
    {
      "rateCardName": "st_testing546453_20",
      "meteringRates": {
        "vm": {
          "vCpu": {
            "unit": "HOUR",
            "rate": 7
          },
          "vRam": {
            "unit": "HOUR",
            "rate": 20
          },
          "vStorage": {
            "unit": "GIB",
            "rate": 83
          },
          "customConfigs": [
            {
              "description": "st_testing546453_0",
              "value": {
                "unit": "DAY",
                "rate": 87
              }
            },
            {
              "description": "st_testing546453_1",
              "value": {
                "unit": "DAY",
                "rate": 47
              }
            },
            {
              "description": "st_testing546453_2",
              "value": {
                "unit": "DAY",
                "rate": 25
              }
            },
            {
              "description": "st_testing546453_3",
              "value": {
                "unit": "DAY",
                "rate": 91
              }
            },
            {
              "description": "st_testing546453_4",
              "value": {
                "unit": "DAY",
                "rate": 42
              }
            }
          ]
        }
      },
      "resources": []
    }
  ]
}
2026-02-03 09:13:57 - create_rate_cards - INFO - [API RESPONSE] POST https://ncm.services.nconprem-10-53-60-173.ccpnx.com/v1/cg/config/rate-cards
2026-02-03 09:13:57 - create_rate_cards - INFO - [STATUS CODE] 200
2026-02-03 09:13:57 - create_rate_cards - INFO - [TIME TAKEN] 0.2774 seconds (277.38 ms)
2026-02-03 09:13:57 - create_rate_cards - INFO - [RESPONSE CONTENT-TYPE] application/json
2026-02-03 09:13:57 - create_rate_cards - INFO - [RESPONSE PAYLOAD]
{
  "ids": [
    "d650c222-4598-4b0d-a9fa-289065bfecda"
  ]
}
2026-02-03 09:13:57 - create_rate_cards - INFO - ✓ [20] Created rate card: st_testing546453_20
2026-02-03 09:13:57 - create_rate_cards - INFO - [API REQUEST] POST https://ncm.services.nconprem-10-53-60-173.ccpnx.com/v1/cg/config/rate-cards
2026-02-03 09:13:57 - create_rate_cards - INFO - [REQUEST JSON PAYLOAD]
{
  "rateCards": [
    {
      "rateCardName": "st_testing546453_21",
      "meteringRates": {
        "vm": {
          "vCpu": {
            "unit": "HOUR",
            "rate": 79
          },
          "vRam": {
            "unit": "HOUR",
            "rate": 38
          },
          "vStorage": {
            "unit": "GIB",
            "rate": 26
          },
          "customConfigs": [
            {
              "description": "st_testing546453_0",
              "value": {
                "unit": "DAY",
                "rate": 12
              }
            },
            {
              "description": "st_testing546453_1",
              "value": {
                "unit": "DAY",
                "rate": 58
              }
            },
            {
              "description": "st_testing546453_2",
              "value": {
                "unit": "DAY",
                "rate": 44
              }
            },
            {
              "description": "st_testing546453_3",
              "value": {
                "unit": "DAY",
                "rate": 69
              }
            },
            {
              "description": "st_testing546453_4",
              "value": {
                "unit": "DAY",
                "rate": 44
              }
            }
          ]
        }
      },
      "resources": []
    }
  ]
}
2026-02-03 09:13:58 - create_rate_cards - INFO - [API RESPONSE] POST https://ncm.services.nconprem-10-53-60-173.ccpnx.com/v1/cg/config/rate-cards
2026-02-03 09:13:58 - create_rate_cards - INFO - [STATUS CODE] 200
2026-02-03 09:13:58 - create_rate_cards - INFO - [TIME TAKEN] 0.3517 seconds (351.74 ms)
2026-02-03 09:13:58 - create_rate_cards - INFO - [RESPONSE CONTENT-TYPE] application/json
2026-02-03 09:13:58 - create_rate_cards - INFO - [RESPONSE PAYLOAD]
{
  "ids": [
    "74623764-c169-4ce1-b658-c2921a8c97aa"
  ]
}
2026-02-03 09:13:58 - create_rate_cards - INFO - ✓ [21] Created rate card: st_testing546453_21
2026-02-03 09:13:58 - create_rate_cards - INFO - [API REQUEST] POST https://ncm.services.nconprem-10-53-60-173.ccpnx.com/v1/cg/config/rate-cards
2026-02-03 09:13:58 - create_rate_cards - INFO - [REQUEST JSON PAYLOAD]
{
  "rateCards": [
    {
      "rateCardName": "st_testing546453_22",
      "meteringRates": {
        "vm": {
          "vCpu": {
            "unit": "HOUR",
            "rate": 36
          },
          "vRam": {
            "unit": "HOUR",
            "rate": 69
          },
          "vStorage": {
            "unit": "GIB",
            "rate": 67
          },
          "customConfigs": [
            {
              "description": "st_testing546453_0",
              "value": {
                "unit": "DAY",
                "rate": 63
              }
            },
            {
              "description": "st_testing546453_1",
              "value": {
                "unit": "DAY",
                "rate": 53
              }
            },
            {
              "description": "st_testing546453_2",
              "value": {
                "unit": "DAY",
                "rate": 49
              }
            },
            {
              "description": "st_testing546453_3",
              "value": {
                "unit": "DAY",
                "rate": 58
              }
            },
            {
              "description": "st_testing546453_4",
              "value": {
                "unit": "DAY",
                "rate": 49
              }
            }
          ]
        }
      },
      "resources": []
    }
  ]
}
2026-02-03 09:13:58 - create_rate_cards - INFO - [API RESPONSE] POST https://ncm.services.nconprem-10-53-60-173.ccpnx.com/v1/cg/config/rate-cards
2026-02-03 09:13:58 - create_rate_cards - INFO - [STATUS CODE] 200
2026-02-03 09:13:58 - create_rate_cards - INFO - [TIME TAKEN] 0.2643 seconds (264.35 ms)
2026-02-03 09:13:58 - create_rate_cards - INFO - [RESPONSE CONTENT-TYPE] application/json
2026-02-03 09:13:58 - create_rate_cards - INFO - [RESPONSE PAYLOAD]
{
  "ids": [
    "5c24d099-a616-4634-8b21-4fc53c84bd76"
  ]
}
2026-02-03 09:13:58 - create_rate_cards - INFO - ✓ [22] Created rate card: st_testing546453_22
2026-02-03 09:13:58 - create_rate_cards - INFO - [API REQUEST] POST https://ncm.services.nconprem-10-53-60-173.ccpnx.com/v1/cg/config/rate-cards
2026-02-03 09:13:58 - create_rate_cards - INFO - [REQUEST JSON PAYLOAD]
{
  "rateCards": [
    {
      "rateCardName": "st_testing546453_23",
      "meteringRates": {
        "vm": {
          "vCpu": {
            "unit": "HOUR",
            "rate": 62
          },
          "vRam": {
            "unit": "HOUR",
            "rate": 20
          },
          "vStorage": {
            "unit": "GIB",
            "rate": 20
          },
          "customConfigs": [
            {
              "description": "st_testing546453_0",
              "value": {
                "unit": "DAY",
                "rate": 30
              }
            },
            {
              "description": "st_testing546453_1",
              "value": {
                "unit": "DAY",
                "rate": 89
              }
            },
            {
              "description": "st_testing546453_2",
              "value": {
                "unit": "DAY",
                "rate": 13
              }
            },
            {
              "description": "st_testing546453_3",
              "value": {
                "unit": "DAY",
                "rate": 17
              }
            },
            {
              "description": "st_testing546453_4",
              "value": {
                "unit": "DAY",
                "rate": 3
              }
            }
          ]
        }
      },
      "resources": []
    }
  ]
}
2026-02-03 09:13:58 - create_rate_cards - INFO - [API RESPONSE] POST https://ncm.services.nconprem-10-53-60-173.ccpnx.com/v1/cg/config/rate-cards
2026-02-03 09:13:58 - create_rate_cards - INFO - [STATUS CODE] 200
2026-02-03 09:13:58 - create_rate_cards - INFO - [TIME TAKEN] 0.3721 seconds (372.06 ms)
2026-02-03 09:13:58 - create_rate_cards - INFO - [RESPONSE CONTENT-TYPE] application/json
2026-02-03 09:13:58 - create_rate_cards - INFO - [RESPONSE PAYLOAD]
{
  "ids": [
    "25ae4425-4356-46d0-a9d8-c269ddf920a9"
  ]
}
2026-02-03 09:13:58 - create_rate_cards - INFO - ✓ [23] Created rate card: st_testing546453_23
2026-02-03 09:13:58 - create_rate_cards - INFO - [API REQUEST] POST https://ncm.services.nconprem-10-53-60-173.ccpnx.com/v1/cg/config/rate-cards
2026-02-03 09:13:58 - create_rate_cards - INFO - [REQUEST JSON PAYLOAD]
{
  "rateCards": [
    {
      "rateCardName": "st_testing546453_24",
      "meteringRates": {
        "vm": {
          "vCpu": {
            "unit": "HOUR",
            "rate": 10
          },
          "vRam": {
            "unit": "HOUR",
            "rate": 5
          },
          "vStorage": {
            "unit": "GIB",
            "rate": 19
          },
          "customConfigs": [
            {
              "description": "st_testing546453_0",
              "value": {
                "unit": "DAY",
                "rate": 17
              }
            },
            {
              "description": "st_testing546453_1",
              "value": {
                "unit": "DAY",
                "rate": 6
              }
            },
            {
              "description": "st_testing546453_2",
              "value": {
                "unit": "DAY",
                "rate": 37
              }
            },
            {
              "description": "st_testing546453_3",
              "value": {
                "unit": "DAY",
                "rate": 87
              }
            },
            {
              "description": "st_testing546453_4",
              "value": {
                "unit": "DAY",
                "rate": 22
              }
            }
          ]
        }
      },
      "resources": []
    }
  ]
}
2026-02-03 09:13:59 - create_rate_cards - INFO - [API RESPONSE] POST https://ncm.services.nconprem-10-53-60-173.ccpnx.com/v1/cg/config/rate-cards
2026-02-03 09:13:59 - create_rate_cards - INFO - [STATUS CODE] 200
2026-02-03 09:13:59 - create_rate_cards - INFO - [TIME TAKEN] 0.4649 seconds (464.95 ms)
2026-02-03 09:13:59 - create_rate_cards - INFO - [RESPONSE CONTENT-TYPE] application/json
2026-02-03 09:13:59 - create_rate_cards - INFO - [RESPONSE PAYLOAD]
{
  "ids": [
    "2fe35f85-0b1d-4d80-a19e-79c4bafede1f"
  ]
}
2026-02-03 09:13:59 - create_rate_cards - INFO - ✓ [24] Created rate card: st_testing546453_24
2026-02-03 09:13:59 - create_rate_cards - INFO - [API REQUEST] POST https://ncm.services.nconprem-10-53-60-173.ccpnx.com/v1/cg/config/rate-cards
2026-02-03 09:13:59 - create_rate_cards - INFO - [REQUEST JSON PAYLOAD]
{
  "rateCards": [
    {
      "rateCardName": "st_testing546453_25",
      "meteringRates": {
        "vm": {
          "vCpu": {
            "unit": "HOUR",
            "rate": 19
          },
          "vRam": {
            "unit": "HOUR",
            "rate": 80
          },
          "vStorage": {
            "unit": "GIB",
            "rate": 67
          },
          "customConfigs": [
            {
              "description": "st_testing546453_0",
              "value": {
                "unit": "DAY",
                "rate": 55
              }
            },
            {
              "description": "st_testing546453_1",
              "value": {
                "unit": "DAY",
                "rate": 14
              }
            },
            {
              "description": "st_testing546453_2",
              "value": {
                "unit": "DAY",
                "rate": 85
              }
            },
            {
              "description": "st_testing546453_3",
              "value": {
                "unit": "DAY",
                "rate": 78
              }
            },
            {
              "description": "st_testing546453_4",
              "value": {
                "unit": "DAY",
                "rate": 98
              }
            }
          ]
        }
      },
      "resources": []
    }
  ]
}
2026-02-03 09:13:59 - create_rate_cards - INFO - [API RESPONSE] POST https://ncm.services.nconprem-10-53-60-173.ccpnx.com/v1/cg/config/rate-cards
2026-02-03 09:13:59 - create_rate_cards - INFO - [STATUS CODE] 200
2026-02-03 09:13:59 - create_rate_cards - INFO - [TIME TAKEN] 0.5715 seconds (571.49 ms)
2026-02-03 09:13:59 - create_rate_cards - INFO - [RESPONSE CONTENT-TYPE] application/json
2026-02-03 09:13:59 - create_rate_cards - INFO - [RESPONSE PAYLOAD]
{
  "ids": [
    "0ddb13ea-6db0-494d-91c9-5309a2dbef6b"
  ]
}
2026-02-03 09:13:59 - create_rate_cards - INFO - ✓ [25] Created rate card: st_testing546453_25
2026-02-03 09:13:59 - create_rate_cards - INFO - [API REQUEST] POST https://ncm.services.nconprem-10-53-60-173.ccpnx.com/v1/cg/config/rate-cards
2026-02-03 09:13:59 - create_rate_cards - INFO - [REQUEST JSON PAYLOAD]
{
  "rateCards": [
    {
      "rateCardName": "st_testing546453_26",
      "meteringRates": {
        "vm": {
          "vCpu": {
            "unit": "HOUR",
            "rate": 72
          },
          "vRam": {
            "unit": "HOUR",
            "rate": 5
          },
          "vStorage": {
            "unit": "GIB",
            "rate": 14
          },
          "customConfigs": [
            {
              "description": "st_testing546453_0",
              "value": {
                "unit": "DAY",
                "rate": 97
              }
            },
            {
              "description": "st_testing546453_1",
              "value": {
                "unit": "DAY",
                "rate": 92
              }
            },
            {
              "description": "st_testing546453_2",
              "value": {
                "unit": "DAY",
                "rate": 27
              }
            },
            {
              "description": "st_testing546453_3",
              "value": {
                "unit": "DAY",
                "rate": 13
              }
            },
            {
              "description": "st_testing546453_4",
              "value": {
                "unit": "DAY",
                "rate": 70
              }
            }
          ]
        }
      },
      "resources": []
    }
  ]
}
2026-02-03 09:14:00 - create_rate_cards - INFO - [API RESPONSE] POST https://ncm.services.nconprem-10-53-60-173.ccpnx.com/v1/cg/config/rate-cards
2026-02-03 09:14:00 - create_rate_cards - INFO - [STATUS CODE] 200
2026-02-03 09:14:00 - create_rate_cards - INFO - [TIME TAKEN] 0.3362 seconds (336.23 ms)
2026-02-03 09:14:00 - create_rate_cards - INFO - [RESPONSE CONTENT-TYPE] application/json
2026-02-03 09:14:00 - create_rate_cards - INFO - [RESPONSE PAYLOAD]
{
  "ids": [
    "b17dd3b4-088b-4f2c-a7b5-45651d1469df"
  ]
}
2026-02-03 09:14:00 - create_rate_cards - INFO - ✓ [26] Created rate card: st_testing546453_26
2026-02-03 09:14:00 - create_rate_cards - INFO - [API REQUEST] POST https://ncm.services.nconprem-10-53-60-173.ccpnx.com/v1/cg/config/rate-cards
2026-02-03 09:14:00 - create_rate_cards - INFO - [REQUEST JSON PAYLOAD]
{
  "rateCards": [
    {
      "rateCardName": "st_testing546453_27",
      "meteringRates": {
        "vm": {
          "vCpu": {
            "unit": "HOUR",
            "rate": 34
          },
          "vRam": {
            "unit": "HOUR",
            "rate": 40
          },
          "vStorage": {
            "unit": "GIB",
            "rate": 75
          },
          "customConfigs": [
            {
              "description": "st_testing546453_0",
              "value": {
                "unit": "DAY",
                "rate": 40
              }
            },
            {
              "description": "st_testing546453_1",
              "value": {
                "unit": "DAY",
                "rate": 13
              }
            },
            {
              "description": "st_testing546453_2",
              "value": {
                "unit": "DAY",
                "rate": 72
              }
            },
            {
              "description": "st_testing546453_3",
              "value": {
                "unit": "DAY",
                "rate": 71
              }
            },
            {
              "description": "st_testing546453_4",
              "value": {
                "unit": "DAY",
                "rate": 49
              }
            }
          ]
        }
      },
      "resources": []
    }
  ]
}
2026-02-03 09:14:00 - create_rate_cards - INFO - [API RESPONSE] POST https://ncm.services.nconprem-10-53-60-173.ccpnx.com/v1/cg/config/rate-cards
2026-02-03 09:14:00 - create_rate_cards - INFO - [STATUS CODE] 200
2026-02-03 09:14:00 - create_rate_cards - INFO - [TIME TAKEN] 0.2792 seconds (279.23 ms)
2026-02-03 09:14:00 - create_rate_cards - INFO - [RESPONSE CONTENT-TYPE] application/json
2026-02-03 09:14:00 - create_rate_cards - INFO - [RESPONSE PAYLOAD]
{
  "ids": [
    "efc28180-ddd1-4f6c-b2b6-f667a0202dcc"
  ]
}
2026-02-03 09:14:00 - create_rate_cards - INFO - ✓ [27] Created rate card: st_testing546453_27
2026-02-03 09:14:00 - create_rate_cards - INFO - [API REQUEST] POST https://ncm.services.nconprem-10-53-60-173.ccpnx.com/v1/cg/config/rate-cards
2026-02-03 09:14:00 - create_rate_cards - INFO - [REQUEST JSON PAYLOAD]
{
  "rateCards": [
    {
      "rateCardName": "st_testing546453_28",
      "meteringRates": {
        "vm": {
          "vCpu": {
            "unit": "HOUR",
            "rate": 28
          },
          "vRam": {
            "unit": "HOUR",
            "rate": 84
          },
          "vStorage": {
            "unit": "GIB",
            "rate": 42
          },
          "customConfigs": [
            {
              "description": "st_testing546453_0",
              "value": {
                "unit": "DAY",
                "rate": 50
              }
            },
            {
              "description": "st_testing546453_1",
              "value": {
                "unit": "DAY",
                "rate": 89
              }
            },
            {
              "description": "st_testing546453_2",
              "value": {
                "unit": "DAY",
                "rate": 33
              }
            },
            {
              "description": "st_testing546453_3",
              "value": {
                "unit": "DAY",
                "rate": 48
              }
            },
            {
              "description": "st_testing546453_4",
              "value": {
                "unit": "DAY",
                "rate": 6
              }
            }
          ]
        }
      },
      "resources": []
    }
  ]
}
2026-02-03 09:14:00 - create_rate_cards - INFO - [API RESPONSE] POST https://ncm.services.nconprem-10-53-60-173.ccpnx.com/v1/cg/config/rate-cards
2026-02-03 09:14:00 - create_rate_cards - INFO - [STATUS CODE] 200
2026-02-03 09:14:00 - create_rate_cards - INFO - [TIME TAKEN] 0.2784 seconds (278.41 ms)
2026-02-03 09:14:00 - create_rate_cards - INFO - [RESPONSE CONTENT-TYPE] application/json
2026-02-03 09:14:00 - create_rate_cards - INFO - [RESPONSE PAYLOAD]
{
  "ids": [
    "d972989c-9fc1-4b39-b324-ecb6f124ff17"
  ]
}
2026-02-03 09:14:00 - create_rate_cards - INFO - ✓ [28] Created rate card: st_testing546453_28
2026-02-03 09:14:00 - create_rate_cards - INFO - [API REQUEST] POST https://ncm.services.nconprem-10-53-60-173.ccpnx.com/v1/cg/config/rate-cards
2026-02-03 09:14:00 - create_rate_cards - INFO - [REQUEST JSON PAYLOAD]
{
  "rateCards": [
    {
      "rateCardName": "st_testing546453_29",
      "meteringRates": {
        "vm": {
          "vCpu": {
            "unit": "HOUR",
            "rate": 97
          },
          "vRam": {
            "unit": "HOUR",
            "rate": 19
          },
          "vStorage": {
            "unit": "GIB",
            "rate": 19
          },
          "customConfigs": [
            {
              "description": "st_testing546453_0",
              "value": {
                "unit": "DAY",
                "rate": 64
              }
            },
            {
              "description": "st_testing546453_1",
              "value": {
                "unit": "DAY",
                "rate": 80
              }
            },
            {
              "description": "st_testing546453_2",
              "value": {
                "unit": "DAY",
                "rate": 58
              }
            },
            {
              "description": "st_testing546453_3",
              "value": {
                "unit": "DAY",
                "rate": 2
              }
            },
            {
              "description": "st_testing546453_4",
              "value": {
                "unit": "DAY",
                "rate": 81
              }
            }
          ]
        }
      },
      "resources": []
    }
  ]
}
2026-02-03 09:14:01 - create_rate_cards - INFO - [API RESPONSE] POST https://ncm.services.nconprem-10-53-60-173.ccpnx.com/v1/cg/config/rate-cards
2026-02-03 09:14:01 - create_rate_cards - INFO - [STATUS CODE] 200
2026-02-03 09:14:01 - create_rate_cards - INFO - [TIME TAKEN] 0.3528 seconds (352.82 ms)
2026-02-03 09:14:01 - create_rate_cards - INFO - [RESPONSE CONTENT-TYPE] application/json
2026-02-03 09:14:01 - create_rate_cards - INFO - [RESPONSE PAYLOAD]
{
  "ids": [
    "d09a5fce-5201-400d-815c-8bcce394c4f6"
  ]
}
2026-02-03 09:14:01 - create_rate_cards - INFO - ✓ [29] Created rate card: st_testing546453_29
2026-02-03 09:14:01 - create_rate_cards - INFO - [API REQUEST] POST https://ncm.services.nconprem-10-53-60-173.ccpnx.com/v1/cg/config/rate-cards
2026-02-03 09:14:01 - create_rate_cards - INFO - [REQUEST JSON PAYLOAD]
{
  "rateCards": [
    {
      "rateCardName": "st_testing546453_30",
      "meteringRates": {
        "vm": {
          "vCpu": {
            "unit": "HOUR",
            "rate": 42
          },
          "vRam": {
            "unit": "HOUR",
            "rate": 30
          },
          "vStorage": {
            "unit": "GIB",
            "rate": 86
          },
          "customConfigs": [
            {
              "description": "st_testing546453_0",
              "value": {
                "unit": "DAY",
                "rate": 48
              }
            },
            {
              "description": "st_testing546453_1",
              "value": {
                "unit": "DAY",
                "rate": 2
              }
            },
            {
              "description": "st_testing546453_2",
              "value": {
                "unit": "DAY",
                "rate": 7
              }
            },
            {
              "description": "st_testing546453_3",
              "value": {
                "unit": "DAY",
                "rate": 69
              }
            },
            {
              "description": "st_testing546453_4",
              "value": {
                "unit": "DAY",
                "rate": 2
              }
            }
          ]
        }
      },
      "resources": []
    }
  ]
}
2026-02-03 09:14:01 - create_rate_cards - INFO - [API RESPONSE] POST https://ncm.services.nconprem-10-53-60-173.ccpnx.com/v1/cg/config/rate-cards
2026-02-03 09:14:01 - create_rate_cards - INFO - [STATUS CODE] 200
2026-02-03 09:14:01 - create_rate_cards - INFO - [TIME TAKEN] 0.2796 seconds (279.63 ms)
2026-02-03 09:14:01 - create_rate_cards - INFO - [RESPONSE CONTENT-TYPE] application/json
2026-02-03 09:14:01 - create_rate_cards - INFO - [RESPONSE PAYLOAD]
{
  "ids": [
    "bdca5425-9693-4871-958f-c75800b9282a"
  ]
}
2026-02-03 09:14:01 - create_rate_cards - INFO - ✓ [30] Created rate card: st_testing546453_30
2026-02-03 09:14:01 - create_rate_cards - INFO - [API REQUEST] POST https://ncm.services.nconprem-10-53-60-173.ccpnx.com/v1/cg/config/rate-cards
2026-02-03 09:14:01 - create_rate_cards - INFO - [REQUEST JSON PAYLOAD]
{
  "rateCards": [
    {
      "rateCardName": "st_testing546453_31",
      "meteringRates": {
        "vm": {
          "vCpu": {
            "unit": "HOUR",
            "rate": 13
          },
          "vRam": {
            "unit": "HOUR",
            "rate": 20
          },
          "vStorage": {
            "unit": "GIB",
            "rate": 47
          },
          "customConfigs": [
            {
              "description": "st_testing546453_0",
              "value": {
                "unit": "DAY",
                "rate": 85
              }
            },
            {
              "description": "st_testing546453_1",
              "value": {
                "unit": "DAY",
                "rate": 99
              }
            },
            {
              "description": "st_testing546453_2",
              "value": {
                "unit": "DAY",
                "rate": 1
              }
            },
            {
              "description": "st_testing546453_3",
              "value": {
                "unit": "DAY",
                "rate": 88
              }
            },
            {
              "description": "st_testing546453_4",
              "value": {
                "unit": "DAY",
                "rate": 33
              }
            }
          ]
        }
      },
      "resources": []
    }
  ]
}
2026-02-03 09:14:01 - create_rate_cards - INFO - [API RESPONSE] POST https://ncm.services.nconprem-10-53-60-173.ccpnx.com/v1/cg/config/rate-cards
2026-02-03 09:14:01 - create_rate_cards - INFO - [STATUS CODE] 200
2026-02-03 09:14:01 - create_rate_cards - INFO - [TIME TAKEN] 0.3416 seconds (341.59 ms)
2026-02-03 09:14:01 - create_rate_cards - INFO - [RESPONSE CONTENT-TYPE] application/json
2026-02-03 09:14:01 - create_rate_cards - INFO - [RESPONSE PAYLOAD]
{
  "ids": [
    "c89e64f4-81a4-4d3d-8f16-6ea2656ba59c"
  ]
}
2026-02-03 09:14:01 - create_rate_cards - INFO - ✓ [31] Created rate card: st_testing546453_31
2026-02-03 09:14:01 - create_rate_cards - INFO - [API REQUEST] POST https://ncm.services.nconprem-10-53-60-173.ccpnx.com/v1/cg/config/rate-cards
2026-02-03 09:14:01 - create_rate_cards - INFO - [REQUEST JSON PAYLOAD]
{
  "rateCards": [
    {
      "rateCardName": "st_testing546453_32",
      "meteringRates": {
        "vm": {
          "vCpu": {
            "unit": "HOUR",
            "rate": 7
          },
          "vRam": {
            "unit": "HOUR",
            "rate": 25
          },
          "vStorage": {
            "unit": "GIB",
            "rate": 81
          },
          "customConfigs": [
            {
              "description": "st_testing546453_0",
              "value": {
                "unit": "DAY",
                "rate": 72
              }
            },
            {
              "description": "st_testing546453_1",
              "value": {
                "unit": "DAY",
                "rate": 2
              }
            },
            {
              "description": "st_testing546453_2",
              "value": {
                "unit": "DAY",
                "rate": 52
              }
            },
            {
              "description": "st_testing546453_3",
              "value": {
                "unit": "DAY",
                "rate": 77
              }
            },
            {
              "description": "st_testing546453_4",
              "value": {
                "unit": "DAY",
                "rate": 63
              }
            }
          ]
        }
      },
      "resources": []
    }
  ]
}
2026-02-03 09:14:02 - create_rate_cards - INFO - [API RESPONSE] POST https://ncm.services.nconprem-10-53-60-173.ccpnx.com/v1/cg/config/rate-cards
2026-02-03 09:14:02 - create_rate_cards - INFO - [STATUS CODE] 200
2026-02-03 09:14:02 - create_rate_cards - INFO - [TIME TAKEN] 0.6799 seconds (679.94 ms)
2026-02-03 09:14:02 - create_rate_cards - INFO - [RESPONSE CONTENT-TYPE] application/json
2026-02-03 09:14:02 - create_rate_cards - INFO - [RESPONSE PAYLOAD]
{
  "ids": [
    "369d53c5-6ad9-4639-b25f-d4c265aaef80"
  ]
}
2026-02-03 09:14:02 - create_rate_cards - INFO - ✓ [32] Created rate card: st_testing546453_32
2026-02-03 09:14:02 - create_rate_cards - INFO - [API REQUEST] POST https://ncm.services.nconprem-10-53-60-173.ccpnx.com/v1/cg/config/rate-cards
2026-02-03 09:14:02 - create_rate_cards - INFO - [REQUEST JSON PAYLOAD]
{
  "rateCards": [
    {
      "rateCardName": "st_testing546453_33",
      "meteringRates": {
        "vm": {
          "vCpu": {
            "unit": "HOUR",
            "rate": 13
          },
          "vRam": {
            "unit": "HOUR",
            "rate": 53
          },
          "vStorage": {
            "unit": "GIB",
            "rate": 25
          },
          "customConfigs": [
            {
              "description": "st_testing546453_0",
              "value": {
                "unit": "DAY",
                "rate": 71
              }
            },
            {
              "description": "st_testing546453_1",
              "value": {
                "unit": "DAY",
                "rate": 68
              }
            },
            {
              "description": "st_testing546453_2",
              "value": {
                "unit": "DAY",
                "rate": 23
              }
            },
            {
              "description": "st_testing546453_3",
              "value": {
                "unit": "DAY",
                "rate": 46
              }
            },
            {
              "description": "st_testing546453_4",
              "value": {
                "unit": "DAY",
                "rate": 16
              }
            }
          ]
        }
      },
      "resources": []
    }
  ]
}
2026-02-03 09:14:02 - create_rate_cards - INFO - [API RESPONSE] POST https://ncm.services.nconprem-10-53-60-173.ccpnx.com/v1/cg/config/rate-cards
2026-02-03 09:14:02 - create_rate_cards - INFO - [STATUS CODE] 200
2026-02-03 09:14:02 - create_rate_cards - INFO - [TIME TAKEN] 0.4853 seconds (485.30 ms)
2026-02-03 09:14:02 - create_rate_cards - INFO - [RESPONSE CONTENT-TYPE] application/json
2026-02-03 09:14:02 - create_rate_cards - INFO - [RESPONSE PAYLOAD]
{
  "ids": [
    "4e61dd30-d7e5-4b2f-8f65-32713fd52070"
  ]
}
2026-02-03 09:14:02 - create_rate_cards - INFO - ✓ [33] Created rate card: st_testing546453_33
2026-02-03 09:14:02 - create_rate_cards - INFO - [API REQUEST] POST https://ncm.services.nconprem-10-53-60-173.ccpnx.com/v1/cg/config/rate-cards
2026-02-03 09:14:02 - create_rate_cards - INFO - [REQUEST JSON PAYLOAD]
{
  "rateCards": [
    {
      "rateCardName": "st_testing546453_34",
      "meteringRates": {
        "vm": {
          "vCpu": {
            "unit": "HOUR",
            "rate": 62
          },
          "vRam": {
            "unit": "HOUR",
            "rate": 78
          },
          "vStorage": {
            "unit": "GIB",
            "rate": 90
          },
          "customConfigs": [
            {
              "description": "st_testing546453_0",
              "value": {
                "unit": "DAY",
                "rate": 91
              }
            },
            {
              "description": "st_testing546453_1",
              "value": {
                "unit": "DAY",
                "rate": 3
              }
            },
            {
              "description": "st_testing546453_2",
              "value": {
                "unit": "DAY",
                "rate": 89
              }
            },
            {
              "description": "st_testing546453_3",
              "value": {
                "unit": "DAY",
                "rate": 28
              }
            },
            {
              "description": "st_testing546453_4",
              "value": {
                "unit": "DAY",
                "rate": 1
              }
            }
          ]
        }
      },
      "resources": []
    }
  ]
}
2026-02-03 09:14:03 - create_rate_cards - INFO - [API RESPONSE] POST https://ncm.services.nconprem-10-53-60-173.ccpnx.com/v1/cg/config/rate-cards
2026-02-03 09:14:03 - create_rate_cards - INFO - [STATUS CODE] 200
2026-02-03 09:14:03 - create_rate_cards - INFO - [TIME TAKEN] 0.5103 seconds (510.27 ms)
2026-02-03 09:14:03 - create_rate_cards - INFO - [RESPONSE CONTENT-TYPE] application/json
2026-02-03 09:14:03 - create_rate_cards - INFO - [RESPONSE PAYLOAD]
{
  "ids": [
    "4a7b8923-4c68-49e0-82c4-7eb930075e8b"
  ]
}
2026-02-03 09:14:03 - create_rate_cards - INFO - ✓ [34] Created rate card: st_testing546453_34
2026-02-03 09:14:03 - create_rate_cards - INFO - [API REQUEST] POST https://ncm.services.nconprem-10-53-60-173.ccpnx.com/v1/cg/config/rate-cards
2026-02-03 09:14:03 - create_rate_cards - INFO - [REQUEST JSON PAYLOAD]
{
  "rateCards": [
    {
      "rateCardName": "st_testing546453_35",
      "meteringRates": {
        "vm": {
          "vCpu": {
            "unit": "HOUR",
            "rate": 32
          },
          "vRam": {
            "unit": "HOUR",
            "rate": 17
          },
          "vStorage": {
            "unit": "GIB",
            "rate": 89
          },
          "customConfigs": [
            {
              "description": "st_testing546453_0",
              "value": {
                "unit": "DAY",
                "rate": 4
              }
            },
            {
              "description": "st_testing546453_1",
              "value": {
                "unit": "DAY",
                "rate": 66
              }
            },
            {
              "description": "st_testing546453_2",
              "value": {
                "unit": "DAY",
                "rate": 57
              }
            },
            {
              "description": "st_testing546453_3",
              "value": {
                "unit": "DAY",
                "rate": 12
              }
            },
            {
              "description": "st_testing546453_4",
              "value": {
                "unit": "DAY",
                "rate": 81
              }
            }
          ]
        }
      },
      "resources": []
    }
  ]
}
2026-02-03 09:14:04 - create_rate_cards - INFO - [API RESPONSE] POST https://ncm.services.nconprem-10-53-60-173.ccpnx.com/v1/cg/config/rate-cards
2026-02-03 09:14:04 - create_rate_cards - INFO - [STATUS CODE] 200
2026-02-03 09:14:04 - create_rate_cards - INFO - [TIME TAKEN] 0.9139 seconds (913.90 ms)
2026-02-03 09:14:04 - create_rate_cards - INFO - [RESPONSE CONTENT-TYPE] application/json
2026-02-03 09:14:04 - create_rate_cards - INFO - [RESPONSE PAYLOAD]
{
  "ids": [
    "304c6dab-04d3-4ff7-b0a8-e391b507e926"
  ]
}
2026-02-03 09:14:04 - create_rate_cards - INFO - ✓ [35] Created rate card: st_testing546453_35
2026-02-03 09:14:04 - create_rate_cards - INFO - [API REQUEST] POST https://ncm.services.nconprem-10-53-60-173.ccpnx.com/v1/cg/config/rate-cards
2026-02-03 09:14:04 - create_rate_cards - INFO - [REQUEST JSON PAYLOAD]
{
  "rateCards": [
    {
      "rateCardName": "st_testing546453_36",
      "meteringRates": {
        "vm": {
          "vCpu": {
            "unit": "HOUR",
            "rate": 2
          },
          "vRam": {
            "unit": "HOUR",
            "rate": 17
          },
          "vStorage": {
            "unit": "GIB",
            "rate": 48
          },
          "customConfigs": [
            {
              "description": "st_testing546453_0",
              "value": {
                "unit": "DAY",
                "rate": 65
              }
            },
            {
              "description": "st_testing546453_1",
              "value": {
                "unit": "DAY",
                "rate": 51
              }
            },
            {
              "description": "st_testing546453_2",
              "value": {
                "unit": "DAY",
                "rate": 44
              }
            },
            {
              "description": "st_testing546453_3",
              "value": {
                "unit": "DAY",
                "rate": 58
              }
            },
            {
              "description": "st_testing546453_4",
              "value": {
                "unit": "DAY",
                "rate": 24
              }
            }
          ]
        }
      },
      "resources": []
    }
  ]
}
2026-02-03 09:14:04 - create_rate_cards - INFO - [API RESPONSE] POST https://ncm.services.nconprem-10-53-60-173.ccpnx.com/v1/cg/config/rate-cards
2026-02-03 09:14:04 - create_rate_cards - INFO - [STATUS CODE] 200
2026-02-03 09:14:04 - create_rate_cards - INFO - [TIME TAKEN] 0.6072 seconds (607.20 ms)
2026-02-03 09:14:04 - create_rate_cards - INFO - [RESPONSE CONTENT-TYPE] application/json
2026-02-03 09:14:04 - create_rate_cards - INFO - [RESPONSE PAYLOAD]
{
  "ids": [
    "380775b7-2305-46f9-bf3a-ff3a1152751c"
  ]
}
2026-02-03 09:14:04 - create_rate_cards - INFO - ✓ [36] Created rate card: st_testing546453_36
2026-02-03 09:14:04 - create_rate_cards - INFO - [API REQUEST] POST https://ncm.services.nconprem-10-53-60-173.ccpnx.com/v1/cg/config/rate-cards
2026-02-03 09:14:04 - create_rate_cards - INFO - [REQUEST JSON PAYLOAD]
{
  "rateCards": [
    {
      "rateCardName": "st_testing546453_37",
      "meteringRates": {
        "vm": {
          "vCpu": {
            "unit": "HOUR",
            "rate": 66
          },
          "vRam": {
            "unit": "HOUR",
            "rate": 70
          },
          "vStorage": {
            "unit": "GIB",
            "rate": 19
          },
          "customConfigs": [
            {
              "description": "st_testing546453_0",
              "value": {
                "unit": "DAY",
                "rate": 30
              }
            },
            {
              "description": "st_testing546453_1",
              "value": {
                "unit": "DAY",
                "rate": 90
              }
            },
            {
              "description": "st_testing546453_2",
              "value": {
                "unit": "DAY",
                "rate": 21
              }
            },
            {
              "description": "st_testing546453_3",
              "value": {
                "unit": "DAY",
                "rate": 15
              }
            },
            {
              "description": "st_testing546453_4",
              "value": {
                "unit": "DAY",
                "rate": 66
              }
            }
          ]
        }
      },
      "resources": []
    }
  ]
}
2026-02-03 09:14:05 - create_rate_cards - INFO - [API RESPONSE] POST https://ncm.services.nconprem-10-53-60-173.ccpnx.com/v1/cg/config/rate-cards
2026-02-03 09:14:05 - create_rate_cards - INFO - [STATUS CODE] 200
2026-02-03 09:14:05 - create_rate_cards - INFO - [TIME TAKEN] 0.6116 seconds (611.55 ms)
2026-02-03 09:14:05 - create_rate_cards - INFO - [RESPONSE CONTENT-TYPE] application/json
2026-02-03 09:14:05 - create_rate_cards - INFO - [RESPONSE PAYLOAD]
{
  "ids": [
    "31d4f2db-f3c8-4108-a6c3-810c99dc091d"
  ]
}
2026-02-03 09:14:05 - create_rate_cards - INFO - ✓ [37] Created rate card: st_testing546453_37
2026-02-03 09:14:05 - create_rate_cards - INFO - [API REQUEST] POST https://ncm.services.nconprem-10-53-60-173.ccpnx.com/v1/cg/config/rate-cards
2026-02-03 09:14:05 - create_rate_cards - INFO - [REQUEST JSON PAYLOAD]
{
  "rateCards": [
    {
      "rateCardName": "st_testing546453_38",
      "meteringRates": {
        "vm": {
          "vCpu": {
            "unit": "HOUR",
            "rate": 5
          },
          "vRam": {
            "unit": "HOUR",
            "rate": 75
          },
          "vStorage": {
            "unit": "GIB",
            "rate": 40
          },
          "customConfigs": [
            {
              "description": "st_testing546453_0",
              "value": {
                "unit": "DAY",
                "rate": 16
              }
            },
            {
              "description": "st_testing546453_1",
              "value": {
                "unit": "DAY",
                "rate": 16
              }
            },
            {
              "description": "st_testing546453_2",
              "value": {
                "unit": "DAY",
                "rate": 11
              }
            },
            {
              "description": "st_testing546453_3",
              "value": {
                "unit": "DAY",
                "rate": 64
              }
            },
            {
              "description": "st_testing546453_4",
              "value": {
                "unit": "DAY",
                "rate": 9
              }
            }
          ]
        }
      },
      "resources": []
    }
  ]
}
2026-02-03 09:14:05 - create_rate_cards - INFO - [API RESPONSE] POST https://ncm.services.nconprem-10-53-60-173.ccpnx.com/v1/cg/config/rate-cards
2026-02-03 09:14:05 - create_rate_cards - INFO - [STATUS CODE] 200
2026-02-03 09:14:05 - create_rate_cards - INFO - [TIME TAKEN] 0.5342 seconds (534.19 ms)
2026-02-03 09:14:05 - create_rate_cards - INFO - [RESPONSE CONTENT-TYPE] application/json
2026-02-03 09:14:05 - create_rate_cards - INFO - [RESPONSE PAYLOAD]
{
  "ids": [
    "ee332d98-d20d-4cd1-9a95-946ca2bc57d3"
  ]
}
2026-02-03 09:14:05 - create_rate_cards - INFO - ✓ [38] Created rate card: st_testing546453_38
2026-02-03 09:14:05 - create_rate_cards - INFO - [API REQUEST] POST https://ncm.services.nconprem-10-53-60-173.ccpnx.com/v1/cg/config/rate-cards
2026-02-03 09:14:05 - create_rate_cards - INFO - [REQUEST JSON PAYLOAD]
{
  "rateCards": [
    {
      "rateCardName": "st_testing546453_39",
      "meteringRates": {
        "vm": {
          "vCpu": {
            "unit": "HOUR",
            "rate": 51
          },
          "vRam": {
            "unit": "HOUR",
            "rate": 36
          },
          "vStorage": {
            "unit": "GIB",
            "rate": 42
          },
          "customConfigs": [
            {
              "description": "st_testing546453_0",
              "value": {
                "unit": "DAY",
                "rate": 2
              }
            },
            {
              "description": "st_testing546453_1",
              "value": {
                "unit": "DAY",
                "rate": 9
              }
            },
            {
              "description": "st_testing546453_2",
              "value": {
                "unit": "DAY",
                "rate": 9
              }
            },
            {
              "description": "st_testing546453_3",
              "value": {
                "unit": "DAY",
                "rate": 41
              }
            },
            {
              "description": "st_testing546453_4",
              "value": {
                "unit": "DAY",
                "rate": 15
              }
            }
          ]
        }
      },
      "resources": []
    }
  ]
}
2026-02-03 09:14:06 - create_rate_cards - INFO - [API RESPONSE] POST https://ncm.services.nconprem-10-53-60-173.ccpnx.com/v1/cg/config/rate-cards
2026-02-03 09:14:06 - create_rate_cards - INFO - [STATUS CODE] 200
2026-02-03 09:14:06 - create_rate_cards - INFO - [TIME TAKEN] 0.4821 seconds (482.11 ms)
2026-02-03 09:14:06 - create_rate_cards - INFO - [RESPONSE CONTENT-TYPE] application/json
2026-02-03 09:14:06 - create_rate_cards - INFO - [RESPONSE PAYLOAD]
{
  "ids": [
    "72a8b9c6-88b9-46c5-90e1-1c7d30531dcf"
  ]
}
2026-02-03 09:14:06 - create_rate_cards - INFO - ✓ [39] Created rate card: st_testing546453_39
2026-02-03 09:14:06 - create_rate_cards - INFO - [API REQUEST] POST https://ncm.services.nconprem-10-53-60-173.ccpnx.com/v1/cg/config/rate-cards
2026-02-03 09:14:06 - create_rate_cards - INFO - [REQUEST JSON PAYLOAD]
{
  "rateCards": [
    {
      "rateCardName": "st_testing546453_40",
      "meteringRates": {
        "vm": {
          "vCpu": {
            "unit": "HOUR",
            "rate": 46
          },
          "vRam": {
            "unit": "HOUR",
            "rate": 82
          },
          "vStorage": {
            "unit": "GIB",
            "rate": 63
          },
          "customConfigs": [
            {
              "description": "st_testing546453_0",
              "value": {
                "unit": "DAY",
                "rate": 4
              }
            },
            {
              "description": "st_testing546453_1",
              "value": {
                "unit": "DAY",
                "rate": 10
              }
            },
            {
              "description": "st_testing546453_2",
              "value": {
                "unit": "DAY",
                "rate": 83
              }
            },
            {
              "description": "st_testing546453_3",
              "value": {
                "unit": "DAY",
                "rate": 61
              }
            },
            {
              "description": "st_testing546453_4",
              "value": {
                "unit": "DAY",
                "rate": 40
              }
            }
          ]
        }
      },
      "resources": []
    }
  ]
}
2026-02-03 09:14:07 - create_rate_cards - INFO - [API RESPONSE] POST https://ncm.services.nconprem-10-53-60-173.ccpnx.com/v1/cg/config/rate-cards
2026-02-03 09:14:07 - create_rate_cards - INFO - [STATUS CODE] 200
2026-02-03 09:14:07 - create_rate_cards - INFO - [TIME TAKEN] 0.5966 seconds (596.63 ms)
2026-02-03 09:14:07 - create_rate_cards - INFO - [RESPONSE CONTENT-TYPE] application/json
2026-02-03 09:14:07 - create_rate_cards - INFO - [RESPONSE PAYLOAD]
{
  "ids": [
    "b36f8488-99ea-474c-b053-6cccde5e8da5"
  ]
}
2026-02-03 09:14:07 - create_rate_cards - INFO - ✓ [40] Created rate card: st_testing546453_40
2026-02-03 09:14:07 - create_rate_cards - INFO - [API REQUEST] POST https://ncm.services.nconprem-10-53-60-173.ccpnx.com/v1/cg/config/rate-cards
2026-02-03 09:14:07 - create_rate_cards - INFO - [REQUEST JSON PAYLOAD]
{
  "rateCards": [
    {
      "rateCardName": "st_testing546453_41",
      "meteringRates": {
        "vm": {
          "vCpu": {
            "unit": "HOUR",
            "rate": 73
          },
          "vRam": {
            "unit": "HOUR",
            "rate": 15
          },
          "vStorage": {
            "unit": "GIB",
            "rate": 43
          },
          "customConfigs": [
            {
              "description": "st_testing546453_0",
              "value": {
                "unit": "DAY",
                "rate": 44
              }
            },
            {
              "description": "st_testing546453_1",
              "value": {
                "unit": "DAY",
                "rate": 82
              }
            },
            {
              "description": "st_testing546453_2",
              "value": {
                "unit": "DAY",
                "rate": 20
              }
            },
            {
              "description": "st_testing546453_3",
              "value": {
                "unit": "DAY",
                "rate": 77
              }
            },
            {
              "description": "st_testing546453_4",
              "value": {
                "unit": "DAY",
                "rate": 23
              }
            }
          ]
        }
      },
      "resources": []
    }
  ]
}
2026-02-03 09:14:07 - create_rate_cards - INFO - [API RESPONSE] POST https://ncm.services.nconprem-10-53-60-173.ccpnx.com/v1/cg/config/rate-cards
2026-02-03 09:14:07 - create_rate_cards - INFO - [STATUS CODE] 200
2026-02-03 09:14:07 - create_rate_cards - INFO - [TIME TAKEN] 0.5217 seconds (521.72 ms)
2026-02-03 09:14:07 - create_rate_cards - INFO - [RESPONSE CONTENT-TYPE] application/json
2026-02-03 09:14:07 - create_rate_cards - INFO - [RESPONSE PAYLOAD]
{
  "ids": [
    "96bcf839-4366-479a-8d24-50cce677ad08"
  ]
}
2026-02-03 09:14:07 - create_rate_cards - INFO - ✓ [41] Created rate card: st_testing546453_41
2026-02-03 09:14:07 - create_rate_cards - INFO - [API REQUEST] POST https://ncm.services.nconprem-10-53-60-173.ccpnx.com/v1/cg/config/rate-cards
2026-02-03 09:14:07 - create_rate_cards - INFO - [REQUEST JSON PAYLOAD]
{
  "rateCards": [
    {
      "rateCardName": "st_testing546453_42",
      "meteringRates": {
        "vm": {
          "vCpu": {
            "unit": "HOUR",
            "rate": 42
          },
          "vRam": {
            "unit": "HOUR",
            "rate": 84
          },
          "vStorage": {
            "unit": "GIB",
            "rate": 52
          },
          "customConfigs": [
            {
              "description": "st_testing546453_0",
              "value": {
                "unit": "DAY",
                "rate": 49
              }
            },
            {
              "description": "st_testing546453_1",
              "value": {
                "unit": "DAY",
                "rate": 54
              }
            },
            {
              "description": "st_testing546453_2",
              "value": {
                "unit": "DAY",
                "rate": 28
              }
            },
            {
              "description": "st_testing546453_3",
              "value": {
                "unit": "DAY",
                "rate": 72
              }
            },
            {
              "description": "st_testing546453_4",
              "value": {
                "unit": "DAY",
                "rate": 83
              }
            }
          ]
        }
      },
      "resources": []
    }
  ]
}
2026-02-03 09:14:07 - create_rate_cards - INFO - [API RESPONSE] POST https://ncm.services.nconprem-10-53-60-173.ccpnx.com/v1/cg/config/rate-cards
2026-02-03 09:14:07 - create_rate_cards - INFO - [STATUS CODE] 200
2026-02-03 09:14:07 - create_rate_cards - INFO - [TIME TAKEN] 0.2822 seconds (282.22 ms)
2026-02-03 09:14:07 - create_rate_cards - INFO - [RESPONSE CONTENT-TYPE] application/json
2026-02-03 09:14:07 - create_rate_cards - INFO - [RESPONSE PAYLOAD]
{
  "ids": [
    "83a1b60a-b18c-4b29-9166-536560075d18"
  ]
}
2026-02-03 09:14:07 - create_rate_cards - INFO - ✓ [42] Created rate card: st_testing546453_42
2026-02-03 09:14:07 - create_rate_cards - INFO - [API REQUEST] POST https://ncm.services.nconprem-10-53-60-173.ccpnx.com/v1/cg/config/rate-cards
2026-02-03 09:14:07 - create_rate_cards - INFO - [REQUEST JSON PAYLOAD]
{
  "rateCards": [
    {
      "rateCardName": "st_testing546453_43",
      "meteringRates": {
        "vm": {
          "vCpu": {
            "unit": "HOUR",
            "rate": 99
          },
          "vRam": {
            "unit": "HOUR",
            "rate": 47
          },
          "vStorage": {
            "unit": "GIB",
            "rate": 49
          },
          "customConfigs": [
            {
              "description": "st_testing546453_0",
              "value": {
                "unit": "DAY",
                "rate": 30
              }
            },
            {
              "description": "st_testing546453_1",
              "value": {
                "unit": "DAY",
                "rate": 84
              }
            },
            {
              "description": "st_testing546453_2",
              "value": {
                "unit": "DAY",
                "rate": 78
              }
            },
            {
              "description": "st_testing546453_3",
              "value": {
                "unit": "DAY",
                "rate": 20
              }
            },
            {
              "description": "st_testing546453_4",
              "value": {
                "unit": "DAY",
                "rate": 40
              }
            }
          ]
        }
      },
      "resources": []
    }
  ]
}
2026-02-03 09:14:08 - create_rate_cards - INFO - [API RESPONSE] POST https://ncm.services.nconprem-10-53-60-173.ccpnx.com/v1/cg/config/rate-cards
2026-02-03 09:14:08 - create_rate_cards - INFO - [STATUS CODE] 200
2026-02-03 09:14:08 - create_rate_cards - INFO - [TIME TAKEN] 0.2601 seconds (260.08 ms)
2026-02-03 09:14:08 - create_rate_cards - INFO - [RESPONSE CONTENT-TYPE] application/json
2026-02-03 09:14:08 - create_rate_cards - INFO - [RESPONSE PAYLOAD]
{
  "ids": [
    "13038776-6ff5-4d0f-bb43-55fe96dd2ae4"
  ]
}
2026-02-03 09:14:08 - create_rate_cards - INFO - ✓ [43] Created rate card: st_testing546453_43
2026-02-03 09:14:08 - create_rate_cards - INFO - [API REQUEST] POST https://ncm.services.nconprem-10-53-60-173.ccpnx.com/v1/cg/config/rate-cards
2026-02-03 09:14:08 - create_rate_cards - INFO - [REQUEST JSON PAYLOAD]
{
  "rateCards": [
    {
      "rateCardName": "st_testing546453_44",
      "meteringRates": {
        "vm": {
          "vCpu": {
            "unit": "HOUR",
            "rate": 51
          },
          "vRam": {
            "unit": "HOUR",
            "rate": 60
          },
          "vStorage": {
            "unit": "GIB",
            "rate": 95
          },
          "customConfigs": [
            {
              "description": "st_testing546453_0",
              "value": {
                "unit": "DAY",
                "rate": 13
              }
            },
            {
              "description": "st_testing546453_1",
              "value": {
                "unit": "DAY",
                "rate": 62
              }
            },
            {
              "description": "st_testing546453_2",
              "value": {
                "unit": "DAY",
                "rate": 19
              }
            },
            {
              "description": "st_testing546453_3",
              "value": {
                "unit": "DAY",
                "rate": 87
              }
            },
            {
              "description": "st_testing546453_4",
              "value": {
                "unit": "DAY",
                "rate": 36
              }
            }
          ]
        }
      },
      "resources": []
    }
  ]
}
2026-02-03 09:14:08 - create_rate_cards - INFO - [API RESPONSE] POST https://ncm.services.nconprem-10-53-60-173.ccpnx.com/v1/cg/config/rate-cards
2026-02-03 09:14:08 - create_rate_cards - INFO - [STATUS CODE] 200
2026-02-03 09:14:08 - create_rate_cards - INFO - [TIME TAKEN] 0.2787 seconds (278.70 ms)
2026-02-03 09:14:08 - create_rate_cards - INFO - [RESPONSE CONTENT-TYPE] application/json
2026-02-03 09:14:08 - create_rate_cards - INFO - [RESPONSE PAYLOAD]
{
  "ids": [
    "47ad23e6-8c8b-4e09-8d3a-1442d6e48ebc"
  ]
}
2026-02-03 09:14:08 - create_rate_cards - INFO - ✓ [44] Created rate card: st_testing546453_44
2026-02-03 09:14:08 - create_rate_cards - INFO - [API REQUEST] POST https://ncm.services.nconprem-10-53-60-173.ccpnx.com/v1/cg/config/rate-cards
2026-02-03 09:14:08 - create_rate_cards - INFO - [REQUEST JSON PAYLOAD]
{
  "rateCards": [
    {
      "rateCardName": "st_testing546453_45",
      "meteringRates": {
        "vm": {
          "vCpu": {
            "unit": "HOUR",
            "rate": 98
          },
          "vRam": {
            "unit": "HOUR",
            "rate": 3
          },
          "vStorage": {
            "unit": "GIB",
            "rate": 37
          },
          "customConfigs": [
            {
              "description": "st_testing546453_0",
              "value": {
                "unit": "DAY",
                "rate": 29
              }
            },
            {
              "description": "st_testing546453_1",
              "value": {
                "unit": "DAY",
                "rate": 75
              }
            },
            {
              "description": "st_testing546453_2",
              "value": {
                "unit": "DAY",
                "rate": 71
              }
            },
            {
              "description": "st_testing546453_3",
              "value": {
                "unit": "DAY",
                "rate": 46
              }
            },
            {
              "description": "st_testing546453_4",
              "value": {
                "unit": "DAY",
                "rate": 66
              }
            }
          ]
        }
      },
      "resources": []
    }
  ]
}
2026-02-03 09:14:08 - create_rate_cards - INFO - [API RESPONSE] POST https://ncm.services.nconprem-10-53-60-173.ccpnx.com/v1/cg/config/rate-cards
2026-02-03 09:14:08 - create_rate_cards - INFO - [STATUS CODE] 200
2026-02-03 09:14:08 - create_rate_cards - INFO - [TIME TAKEN] 0.3403 seconds (340.29 ms)
2026-02-03 09:14:08 - create_rate_cards - INFO - [RESPONSE CONTENT-TYPE] application/json
2026-02-03 09:14:08 - create_rate_cards - INFO - [RESPONSE PAYLOAD]
{
  "ids": [
    "f3861fc0-5623-43b6-ad1e-adf43b6df4e6"
  ]
}
2026-02-03 09:14:08 - create_rate_cards - INFO - ✓ [45] Created rate card: st_testing546453_45
2026-02-03 09:14:08 - create_rate_cards - INFO - [API REQUEST] POST https://ncm.services.nconprem-10-53-60-173.ccpnx.com/v1/cg/config/rate-cards
2026-02-03 09:14:08 - create_rate_cards - INFO - [REQUEST JSON PAYLOAD]
{
  "rateCards": [
    {
      "rateCardName": "st_testing546453_46",
      "meteringRates": {
        "vm": {
          "vCpu": {
            "unit": "HOUR",
            "rate": 42
          },
          "vRam": {
            "unit": "HOUR",
            "rate": 49
          },
          "vStorage": {
            "unit": "GIB",
            "rate": 31
          },
          "customConfigs": [
            {
              "description": "st_testing546453_0",
              "value": {
                "unit": "DAY",
                "rate": 94
              }
            },
            {
              "description": "st_testing546453_1",
              "value": {
                "unit": "DAY",
                "rate": 12
              }
            },
            {
              "description": "st_testing546453_2",
              "value": {
                "unit": "DAY",
                "rate": 58
              }
            },
            {
              "description": "st_testing546453_3",
              "value": {
                "unit": "DAY",
                "rate": 91
              }
            },
            {
              "description": "st_testing546453_4",
              "value": {
                "unit": "DAY",
                "rate": 27
              }
            }
          ]
        }
      },
      "resources": []
    }
  ]
}
2026-02-03 09:14:09 - create_rate_cards - INFO - [API RESPONSE] POST https://ncm.services.nconprem-10-53-60-173.ccpnx.com/v1/cg/config/rate-cards
2026-02-03 09:14:09 - create_rate_cards - INFO - [STATUS CODE] 200
2026-02-03 09:14:09 - create_rate_cards - INFO - [TIME TAKEN] 0.3200 seconds (320.00 ms)
2026-02-03 09:14:09 - create_rate_cards - INFO - [RESPONSE CONTENT-TYPE] application/json
2026-02-03 09:14:09 - create_rate_cards - INFO - [RESPONSE PAYLOAD]
{
  "ids": [
    "d3032d7c-f092-4a33-9b36-722099905504"
  ]
}
2026-02-03 09:14:09 - create_rate_cards - INFO - ✓ [46] Created rate card: st_testing546453_46
2026-02-03 09:14:09 - create_rate_cards - INFO - [API REQUEST] POST https://ncm.services.nconprem-10-53-60-173.ccpnx.com/v1/cg/config/rate-cards
2026-02-03 09:14:09 - create_rate_cards - INFO - [REQUEST JSON PAYLOAD]
{
  "rateCards": [
    {
      "rateCardName": "st_testing546453_47",
      "meteringRates": {
        "vm": {
          "vCpu": {
            "unit": "HOUR",
            "rate": 74
          },
          "vRam": {
            "unit": "HOUR",
            "rate": 88
          },
          "vStorage": {
            "unit": "GIB",
            "rate": 12
          },
          "customConfigs": [
            {
              "description": "st_testing546453_0",
              "value": {
                "unit": "DAY",
                "rate": 60
              }
            },
            {
              "description": "st_testing546453_1",
              "value": {
                "unit": "DAY",
                "rate": 7
              }
            },
            {
              "description": "st_testing546453_2",
              "value": {
                "unit": "DAY",
                "rate": 56
              }
            },
            {
              "description": "st_testing546453_3",
              "value": {
                "unit": "DAY",
                "rate": 56
              }
            },
            {
              "description": "st_testing546453_4",
              "value": {
                "unit": "DAY",
                "rate": 30
              }
            }
          ]
        }
      },
      "resources": []
    }
  ]
}
2026-02-03 09:14:09 - create_rate_cards - INFO - [API RESPONSE] POST https://ncm.services.nconprem-10-53-60-173.ccpnx.com/v1/cg/config/rate-cards
2026-02-03 09:14:09 - create_rate_cards - INFO - [STATUS CODE] 200
2026-02-03 09:14:09 - create_rate_cards - INFO - [TIME TAKEN] 0.5876 seconds (587.61 ms)
2026-02-03 09:14:09 - create_rate_cards - INFO - [RESPONSE CONTENT-TYPE] application/json
2026-02-03 09:14:09 - create_rate_cards - INFO - [RESPONSE PAYLOAD]
{
  "ids": [
    "a7acde5e-67f4-44f6-af2e-541f4d8acc0d"
  ]
}
2026-02-03 09:14:09 - create_rate_cards - INFO - ✓ [47] Created rate card: st_testing546453_47
2026-02-03 09:14:09 - create_rate_cards - INFO - [API REQUEST] POST https://ncm.services.nconprem-10-53-60-173.ccpnx.com/v1/cg/config/rate-cards
2026-02-03 09:14:09 - create_rate_cards - INFO - [REQUEST JSON PAYLOAD]
{
  "rateCards": [
    {
      "rateCardName": "st_testing546453_48",
      "meteringRates": {
        "vm": {
          "vCpu": {
            "unit": "HOUR",
            "rate": 79
          },
          "vRam": {
            "unit": "HOUR",
            "rate": 38
          },
          "vStorage": {
            "unit": "GIB",
            "rate": 21
          },
          "customConfigs": [
            {
              "description": "st_testing546453_0",
              "value": {
                "unit": "DAY",
                "rate": 12
              }
            },
            {
              "description": "st_testing546453_1",
              "value": {
                "unit": "DAY",
                "rate": 88
              }
            },
            {
              "description": "st_testing546453_2",
              "value": {
                "unit": "DAY",
                "rate": 32
              }
            },
            {
              "description": "st_testing546453_3",
              "value": {
                "unit": "DAY",
                "rate": 36
              }
            },
            {
              "description": "st_testing546453_4",
              "value": {
                "unit": "DAY",
                "rate": 19
              }
            }
          ]
        }
      },
      "resources": []
    }
  ]
}
2026-02-03 09:14:09 - create_rate_cards - INFO - [API RESPONSE] POST https://ncm.services.nconprem-10-53-60-173.ccpnx.com/v1/cg/config/rate-cards
2026-02-03 09:14:09 - create_rate_cards - INFO - [STATUS CODE] 200
2026-02-03 09:14:09 - create_rate_cards - INFO - [TIME TAKEN] 0.2658 seconds (265.79 ms)
2026-02-03 09:14:09 - create_rate_cards - INFO - [RESPONSE CONTENT-TYPE] application/json
2026-02-03 09:14:09 - create_rate_cards - INFO - [RESPONSE PAYLOAD]
{
  "ids": [
    "6650ef1b-6e75-4951-ab42-2dfd3c774141"
  ]
}
2026-02-03 09:14:09 - create_rate_cards - INFO - ✓ [48] Created rate card: st_testing546453_48
2026-02-03 09:14:09 - create_rate_cards - INFO - [API REQUEST] POST https://ncm.services.nconprem-10-53-60-173.ccpnx.com/v1/cg/config/rate-cards
2026-02-03 09:14:09 - create_rate_cards - INFO - [REQUEST JSON PAYLOAD]
{
  "rateCards": [
    {
      "rateCardName": "st_testing546453_49",
      "meteringRates": {
        "vm": {
          "vCpu": {
            "unit": "HOUR",
            "rate": 46
          },
          "vRam": {
            "unit": "HOUR",
            "rate": 29
          },
          "vStorage": {
            "unit": "GIB",
            "rate": 8
          },
          "customConfigs": [
            {
              "description": "st_testing546453_0",
              "value": {
                "unit": "DAY",
                "rate": 4
              }
            },
            {
              "description": "st_testing546453_1",
              "value": {
                "unit": "DAY",
                "rate": 25
              }
            },
            {
              "description": "st_testing546453_2",
              "value": {
                "unit": "DAY",
                "rate": 51
              }
            },
            {
              "description": "st_testing546453_3",
              "value": {
                "unit": "DAY",
                "rate": 93
              }
            },
            {
              "description": "st_testing546453_4",
              "value": {
                "unit": "DAY",
                "rate": 65
              }
            }
          ]
        }
      },
      "resources": []
    }
  ]
}
2026-02-03 09:14:10 - create_rate_cards - INFO - [API RESPONSE] POST https://ncm.services.nconprem-10-53-60-173.ccpnx.com/v1/cg/config/rate-cards
2026-02-03 09:14:10 - create_rate_cards - INFO - [STATUS CODE] 200
2026-02-03 09:14:10 - create_rate_cards - INFO - [TIME TAKEN] 0.3943 seconds (394.29 ms)
2026-02-03 09:14:10 - create_rate_cards - INFO - [RESPONSE CONTENT-TYPE] application/json
2026-02-03 09:14:10 - create_rate_cards - INFO - [RESPONSE PAYLOAD]
{
  "ids": [
    "00adf5eb-e66b-406b-b190-9888a02d2d67"
  ]
}
2026-02-03 09:14:10 - create_rate_cards - INFO - ✓ [49] Created rate card: st_testing546453_49
2026-02-03 09:14:10 - create_rate_cards - INFO - [API REQUEST] POST https://ncm.services.nconprem-10-53-60-173.ccpnx.com/v1/cg/config/rate-cards
2026-02-03 09:14:10 - create_rate_cards - INFO - [REQUEST JSON PAYLOAD]
{
  "rateCards": [
    {
      "rateCardName": "st_testing546453_50",
      "meteringRates": {
        "vm": {
          "vCpu": {
            "unit": "HOUR",
            "rate": 67
          },
          "vRam": {
            "unit": "HOUR",
            "rate": 79
          },
          "vStorage": {
            "unit": "GIB",
            "rate": 3
          },
          "customConfigs": [
            {
              "description": "st_testing546453_0",
              "value": {
                "unit": "DAY",
                "rate": 78
              }
            },
            {
              "description": "st_testing546453_1",
              "value": {
                "unit": "DAY",
                "rate": 31
              }
            },
            {
              "description": "st_testing546453_2",
              "value": {
                "unit": "DAY",
                "rate": 54
              }
            },
            {
              "description": "st_testing546453_3",
              "value": {
                "unit": "DAY",
                "rate": 44
              }
            },
            {
              "description": "st_testing546453_4",
              "value": {
                "unit": "DAY",
                "rate": 45
              }
            }
          ]
        }
      },
      "resources": []
    }
  ]
}
2026-02-03 09:14:10 - create_rate_cards - INFO - [API RESPONSE] POST https://ncm.services.nconprem-10-53-60-173.ccpnx.com/v1/cg/config/rate-cards
2026-02-03 09:14:10 - create_rate_cards - INFO - [STATUS CODE] 200
2026-02-03 09:14:10 - create_rate_cards - INFO - [TIME TAKEN] 0.2713 seconds (271.29 ms)
2026-02-03 09:14:10 - create_rate_cards - INFO - [RESPONSE CONTENT-TYPE] application/json
2026-02-03 09:14:10 - create_rate_cards - INFO - [RESPONSE PAYLOAD]
{
  "ids": [
    "def1c21c-4e2d-4e73-8737-3ddde0c54e5a"
  ]
}
2026-02-03 09:14:10 - create_rate_cards - INFO - ✓ [50] Created rate card: st_testing546453_50
2026-02-03 09:14:10 - create_rate_cards - INFO - [API REQUEST] POST https://ncm.services.nconprem-10-53-60-173.ccpnx.com/v1/cg/config/rate-cards
2026-02-03 09:14:10 - create_rate_cards - INFO - [REQUEST JSON PAYLOAD]
{
  "rateCards": [
    {
      "rateCardName": "st_testing546453_51",
      "meteringRates": {
        "vm": {
          "vCpu": {
            "unit": "HOUR",
            "rate": 82
          },
          "vRam": {
            "unit": "HOUR",
            "rate": 8
          },
          "vStorage": {
            "unit": "GIB",
            "rate": 11
          },
          "customConfigs": [
            {
              "description": "st_testing546453_0",
              "value": {
                "unit": "DAY",
                "rate": 79
              }
            },
            {
              "description": "st_testing546453_1",
              "value": {
                "unit": "DAY",
                "rate": 25
              }
            },
            {
              "description": "st_testing546453_2",
              "value": {
                "unit": "DAY",
                "rate": 20
              }
            },
            {
              "description": "st_testing546453_3",
              "value": {
                "unit": "DAY",
                "rate": 48
              }
            },
            {
              "description": "st_testing546453_4",
              "value": {
                "unit": "DAY",
                "rate": 81
              }
            }
          ]
        }
      },
      "resources": []
    }
  ]
}
2026-02-03 09:14:11 - create_rate_cards - INFO - [API RESPONSE] POST https://ncm.services.nconprem-10-53-60-173.ccpnx.com/v1/cg/config/rate-cards
2026-02-03 09:14:11 - create_rate_cards - INFO - [STATUS CODE] 200
2026-02-03 09:14:11 - create_rate_cards - INFO - [TIME TAKEN] 0.4082 seconds (408.18 ms)
2026-02-03 09:14:11 - create_rate_cards - INFO - [RESPONSE CONTENT-TYPE] application/json
2026-02-03 09:14:11 - create_rate_cards - INFO - [RESPONSE PAYLOAD]
{
  "ids": [
    "26df19c6-3033-4c0f-98c1-6f6dd038dc9a"
  ]
}
2026-02-03 09:14:11 - create_rate_cards - INFO - ✓ [51] Created rate card: st_testing546453_51
2026-02-03 09:14:11 - create_rate_cards - INFO - [API REQUEST] POST https://ncm.services.nconprem-10-53-60-173.ccpnx.com/v1/cg/config/rate-cards
2026-02-03 09:14:11 - create_rate_cards - INFO - [REQUEST JSON PAYLOAD]
{
  "rateCards": [
    {
      "rateCardName": "st_testing546453_52",
      "meteringRates": {
        "vm": {
          "vCpu": {
            "unit": "HOUR",
            "rate": 13
          },
          "vRam": {
            "unit": "HOUR",
            "rate": 15
          },
          "vStorage": {
            "unit": "GIB",
            "rate": 28
          },
          "customConfigs": [
            {
              "description": "st_testing546453_0",
              "value": {
                "unit": "DAY",
                "rate": 29
              }
            },
            {
              "description": "st_testing546453_1",
              "value": {
                "unit": "DAY",
                "rate": 54
              }
            },
            {
              "description": "st_testing546453_2",
              "value": {
                "unit": "DAY",
                "rate": 72
              }
            },
            {
              "description": "st_testing546453_3",
              "value": {
                "unit": "DAY",
                "rate": 65
              }
            },
            {
              "description": "st_testing546453_4",
              "value": {
                "unit": "DAY",
                "rate": 71
              }
            }
          ]
        }
      },
      "resources": []
    }
  ]
}
2026-02-03 09:14:11 - create_rate_cards - INFO - [API RESPONSE] POST https://ncm.services.nconprem-10-53-60-173.ccpnx.com/v1/cg/config/rate-cards
2026-02-03 09:14:11 - create_rate_cards - INFO - [STATUS CODE] 200
2026-02-03 09:14:11 - create_rate_cards - INFO - [TIME TAKEN] 0.4452 seconds (445.21 ms)
2026-02-03 09:14:11 - create_rate_cards - INFO - [RESPONSE CONTENT-TYPE] application/json
2026-02-03 09:14:11 - create_rate_cards - INFO - [RESPONSE PAYLOAD]
{
  "ids": [
    "ef3c765f-c2ed-4743-944c-6af2c80db859"
  ]
}
2026-02-03 09:14:11 - create_rate_cards - INFO - ✓ [52] Created rate card: st_testing546453_52
2026-02-03 09:14:11 - create_rate_cards - INFO - [API REQUEST] POST https://ncm.services.nconprem-10-53-60-173.ccpnx.com/v1/cg/config/rate-cards
2026-02-03 09:14:11 - create_rate_cards - INFO - [REQUEST JSON PAYLOAD]
{
  "rateCards": [
    {
      "rateCardName": "st_testing546453_53",
      "meteringRates": {
        "vm": {
          "vCpu": {
            "unit": "HOUR",
            "rate": 60
          },
          "vRam": {
            "unit": "HOUR",
            "rate": 63
          },
          "vStorage": {
            "unit": "GIB",
            "rate": 7
          },
          "customConfigs": [
            {
              "description": "st_testing546453_0",
              "value": {
                "unit": "DAY",
                "rate": 16
              }
            },
            {
              "description": "st_testing546453_1",
              "value": {
                "unit": "DAY",
                "rate": 43
              }
            },
            {
              "description": "st_testing546453_2",
              "value": {
                "unit": "DAY",
                "rate": 96
              }
            },
            {
              "description": "st_testing546453_3",
              "value": {
                "unit": "DAY",
                "rate": 98
              }
            },
            {
              "description": "st_testing546453_4",
              "value": {
                "unit": "DAY",
                "rate": 15
              }
            }
          ]
        }
      },
      "resources": []
    }
  ]
}
2026-02-03 09:14:11 - create_rate_cards - INFO - [API RESPONSE] POST https://ncm.services.nconprem-10-53-60-173.ccpnx.com/v1/cg/config/rate-cards
2026-02-03 09:14:11 - create_rate_cards - INFO - [STATUS CODE] 200
2026-02-03 09:14:11 - create_rate_cards - INFO - [TIME TAKEN] 0.3268 seconds (326.78 ms)
2026-02-03 09:14:11 - create_rate_cards - INFO - [RESPONSE CONTENT-TYPE] application/json
2026-02-03 09:14:11 - create_rate_cards - INFO - [RESPONSE PAYLOAD]
{
  "ids": [
    "ea582c72-d682-4d21-adc5-fa4bebb43a9a"
  ]
}
2026-02-03 09:14:11 - create_rate_cards - INFO - ✓ [53] Created rate card: st_testing546453_53
2026-02-03 09:14:11 - create_rate_cards - INFO - [API REQUEST] POST https://ncm.services.nconprem-10-53-60-173.ccpnx.com/v1/cg/config/rate-cards
2026-02-03 09:14:11 - create_rate_cards - INFO - [REQUEST JSON PAYLOAD]
{
  "rateCards": [
    {
      "rateCardName": "st_testing546453_54",
      "meteringRates": {
        "vm": {
          "vCpu": {
            "unit": "HOUR",
            "rate": 93
          },
          "vRam": {
            "unit": "HOUR",
            "rate": 17
          },
          "vStorage": {
            "unit": "GIB",
            "rate": 27
          },
          "customConfigs": [
            {
              "description": "st_testing546453_0",
              "value": {
                "unit": "DAY",
                "rate": 3
              }
            },
            {
              "description": "st_testing546453_1",
              "value": {
                "unit": "DAY",
                "rate": 62
              }
            },
            {
              "description": "st_testing546453_2",
              "value": {
                "unit": "DAY",
                "rate": 29
              }
            },
            {
              "description": "st_testing546453_3",
              "value": {
                "unit": "DAY",
                "rate": 46
              }
            },
            {
              "description": "st_testing546453_4",
              "value": {
                "unit": "DAY",
                "rate": 79
              }
            }
          ]
        }
      },
      "resources": []
    }
  ]
}
2026-02-03 09:14:12 - create_rate_cards - INFO - [API RESPONSE] POST https://ncm.services.nconprem-10-53-60-173.ccpnx.com/v1/cg/config/rate-cards
2026-02-03 09:14:12 - create_rate_cards - INFO - [STATUS CODE] 200
2026-02-03 09:14:12 - create_rate_cards - INFO - [TIME TAKEN] 0.3017 seconds (301.68 ms)
2026-02-03 09:14:12 - create_rate_cards - INFO - [RESPONSE CONTENT-TYPE] application/json
2026-02-03 09:14:12 - create_rate_cards - INFO - [RESPONSE PAYLOAD]
{
  "ids": [
    "8375f260-7029-4a9f-bd0c-55aec595db55"
  ]
}
2026-02-03 09:14:12 - create_rate_cards - INFO - ✓ [54] Created rate card: st_testing546453_54
2026-02-03 09:14:12 - create_rate_cards - INFO - [API REQUEST] POST https://ncm.services.nconprem-10-53-60-173.ccpnx.com/v1/cg/config/rate-cards
2026-02-03 09:14:12 - create_rate_cards - INFO - [REQUEST JSON PAYLOAD]
{
  "rateCards": [
    {
      "rateCardName": "st_testing546453_55",
      "meteringRates": {
        "vm": {
          "vCpu": {
            "unit": "HOUR",
            "rate": 60
          },
          "vRam": {
            "unit": "HOUR",
            "rate": 14
          },
          "vStorage": {
            "unit": "GIB",
            "rate": 51
          },
          "customConfigs": [
            {
              "description": "st_testing546453_0",
              "value": {
                "unit": "DAY",
                "rate": 42
              }
            },
            {
              "description": "st_testing546453_1",
              "value": {
                "unit": "DAY",
                "rate": 21
              }
            },
            {
              "description": "st_testing546453_2",
              "value": {
                "unit": "DAY",
                "rate": 95
              }
            },
            {
              "description": "st_testing546453_3",
              "value": {
                "unit": "DAY",
                "rate": 48
              }
            },
            {
              "description": "st_testing546453_4",
              "value": {
                "unit": "DAY",
                "rate": 96
              }
            }
          ]
        }
      },
      "resources": []
    }
  ]
}
2026-02-03 09:14:12 - create_rate_cards - INFO - [API RESPONSE] POST https://ncm.services.nconprem-10-53-60-173.ccpnx.com/v1/cg/config/rate-cards
2026-02-03 09:14:12 - create_rate_cards - INFO - [STATUS CODE] 200
2026-02-03 09:14:12 - create_rate_cards - INFO - [TIME TAKEN] 0.3226 seconds (322.59 ms)
2026-02-03 09:14:12 - create_rate_cards - INFO - [RESPONSE CONTENT-TYPE] application/json
2026-02-03 09:14:12 - create_rate_cards - INFO - [RESPONSE PAYLOAD]
{
  "ids": [
    "6290cb44-d21b-4e68-8c1f-8ab88e382fdc"
  ]
}
2026-02-03 09:14:12 - create_rate_cards - INFO - ✓ [55] Created rate card: st_testing546453_55
2026-02-03 09:14:12 - create_rate_cards - INFO - [API REQUEST] POST https://ncm.services.nconprem-10-53-60-173.ccpnx.com/v1/cg/config/rate-cards
2026-02-03 09:14:12 - create_rate_cards - INFO - [REQUEST JSON PAYLOAD]
{
  "rateCards": [
    {
      "rateCardName": "st_testing546453_56",
      "meteringRates": {
        "vm": {
          "vCpu": {
            "unit": "HOUR",
            "rate": 2
          },
          "vRam": {
            "unit": "HOUR",
            "rate": 28
          },
          "vStorage": {
            "unit": "GIB",
            "rate": 87
          },
          "customConfigs": [
            {
              "description": "st_testing546453_0",
              "value": {
                "unit": "DAY",
                "rate": 100
              }
            },
            {
              "description": "st_testing546453_1",
              "value": {
                "unit": "DAY",
                "rate": 97
              }
            },
            {
              "description": "st_testing546453_2",
              "value": {
                "unit": "DAY",
                "rate": 39
              }
            },
            {
              "description": "st_testing546453_3",
              "value": {
                "unit": "DAY",
                "rate": 19
              }
            },
            {
              "description": "st_testing546453_4",
              "value": {
                "unit": "DAY",
                "rate": 81
              }
            }
          ]
        }
      },
      "resources": []
    }
  ]
}
2026-02-03 09:14:12 - create_rate_cards - INFO - [API RESPONSE] POST https://ncm.services.nconprem-10-53-60-173.ccpnx.com/v1/cg/config/rate-cards
2026-02-03 09:14:12 - create_rate_cards - INFO - [STATUS CODE] 200
2026-02-03 09:14:12 - create_rate_cards - INFO - [TIME TAKEN] 0.2871 seconds (287.15 ms)
2026-02-03 09:14:12 - create_rate_cards - INFO - [RESPONSE CONTENT-TYPE] application/json
2026-02-03 09:14:12 - create_rate_cards - INFO - [RESPONSE PAYLOAD]
{
  "ids": [
    "19a98f1e-7397-4a90-a11d-b02c180d0fb8"
  ]
}
2026-02-03 09:14:12 - create_rate_cards - INFO - ✓ [56] Created rate card: st_testing546453_56
2026-02-03 09:14:12 - create_rate_cards - INFO - [API REQUEST] POST https://ncm.services.nconprem-10-53-60-173.ccpnx.com/v1/cg/config/rate-cards
2026-02-03 09:14:12 - create_rate_cards - INFO - [REQUEST JSON PAYLOAD]
{
  "rateCards": [
    {
      "rateCardName": "st_testing546453_57",
      "meteringRates": {
        "vm": {
          "vCpu": {
            "unit": "HOUR",
            "rate": 60
          },
          "vRam": {
            "unit": "HOUR",
            "rate": 14
          },
          "vStorage": {
            "unit": "GIB",
            "rate": 33
          },
          "customConfigs": [
            {
              "description": "st_testing546453_0",
              "value": {
                "unit": "DAY",
                "rate": 78
              }
            },
            {
              "description": "st_testing546453_1",
              "value": {
                "unit": "DAY",
                "rate": 100
              }
            },
            {
              "description": "st_testing546453_2",
              "value": {
                "unit": "DAY",
                "rate": 16
              }
            },
            {
              "description": "st_testing546453_3",
              "value": {
                "unit": "DAY",
                "rate": 100
              }
            },
            {
              "description": "st_testing546453_4",
              "value": {
                "unit": "DAY",
                "rate": 61
              }
            }
          ]
        }
      },
      "resources": []
    }
  ]
}
2026-02-03 09:14:13 - create_rate_cards - INFO - [API RESPONSE] POST https://ncm.services.nconprem-10-53-60-173.ccpnx.com/v1/cg/config/rate-cards
2026-02-03 09:14:13 - create_rate_cards - INFO - [STATUS CODE] 200
2026-02-03 09:14:13 - create_rate_cards - INFO - [TIME TAKEN] 0.3402 seconds (340.19 ms)
2026-02-03 09:14:13 - create_rate_cards - INFO - [RESPONSE CONTENT-TYPE] application/json
2026-02-03 09:14:13 - create_rate_cards - INFO - [RESPONSE PAYLOAD]
{
  "ids": [
    "657afafe-7701-40eb-a1f9-455073b168c0"
  ]
}
2026-02-03 09:14:13 - create_rate_cards - INFO - ✓ [57] Created rate card: st_testing546453_57
2026-02-03 09:14:13 - create_rate_cards - INFO - [API REQUEST] POST https://ncm.services.nconprem-10-53-60-173.ccpnx.com/v1/cg/config/rate-cards
2026-02-03 09:14:13 - create_rate_cards - INFO - [REQUEST JSON PAYLOAD]
{
  "rateCards": [
    {
      "rateCardName": "st_testing546453_58",
      "meteringRates": {
        "vm": {
          "vCpu": {
            "unit": "HOUR",
            "rate": 43
          },
          "vRam": {
            "unit": "HOUR",
            "rate": 38
          },
          "vStorage": {
            "unit": "GIB",
            "rate": 94
          },
          "customConfigs": [
            {
              "description": "st_testing546453_0",
              "value": {
                "unit": "DAY",
                "rate": 79
              }
            },
            {
              "description": "st_testing546453_1",
              "value": {
                "unit": "DAY",
                "rate": 16
              }
            },
            {
              "description": "st_testing546453_2",
              "value": {
                "unit": "DAY",
                "rate": 13
              }
            },
            {
              "description": "st_testing546453_3",
              "value": {
                "unit": "DAY",
                "rate": 8
              }
            },
            {
              "description": "st_testing546453_4",
              "value": {
                "unit": "DAY",
                "rate": 51
              }
            }
          ]
        }
      },
      "resources": []
    }
  ]
}
2026-02-03 09:14:13 - create_rate_cards - INFO - [API RESPONSE] POST https://ncm.services.nconprem-10-53-60-173.ccpnx.com/v1/cg/config/rate-cards
2026-02-03 09:14:13 - create_rate_cards - INFO - [STATUS CODE] 200
2026-02-03 09:14:13 - create_rate_cards - INFO - [TIME TAKEN] 0.2661 seconds (266.14 ms)
2026-02-03 09:14:13 - create_rate_cards - INFO - [RESPONSE CONTENT-TYPE] application/json
2026-02-03 09:14:13 - create_rate_cards - INFO - [RESPONSE PAYLOAD]
{
  "ids": [
    "bb1c07b2-a322-49ba-ac4d-087766832e69"
  ]
}
2026-02-03 09:14:13 - create_rate_cards - INFO - ✓ [58] Created rate card: st_testing546453_58
2026-02-03 09:14:13 - create_rate_cards - INFO - [API REQUEST] POST https://ncm.services.nconprem-10-53-60-173.ccpnx.com/v1/cg/config/rate-cards
2026-02-03 09:14:13 - create_rate_cards - INFO - [REQUEST JSON PAYLOAD]
{
  "rateCards": [
    {
      "rateCardName": "st_testing546453_59",
      "meteringRates": {
        "vm": {
          "vCpu": {
            "unit": "HOUR",
            "rate": 74
          },
          "vRam": {
            "unit": "HOUR",
            "rate": 21
          },
          "vStorage": {
            "unit": "GIB",
            "rate": 16
          },
          "customConfigs": [
            {
              "description": "st_testing546453_0",
              "value": {
                "unit": "DAY",
                "rate": 64
              }
            },
            {
              "description": "st_testing546453_1",
              "value": {
                "unit": "DAY",
                "rate": 8
              }
            },
            {
              "description": "st_testing546453_2",
              "value": {
                "unit": "DAY",
                "rate": 25
              }
            },
            {
              "description": "st_testing546453_3",
              "value": {
                "unit": "DAY",
                "rate": 63
              }
            },
            {
              "description": "st_testing546453_4",
              "value": {
                "unit": "DAY",
                "rate": 15
              }
            }
          ]
        }
      },
      "resources": []
    }
  ]
}
2026-02-03 09:14:13 - create_rate_cards - INFO - [API RESPONSE] POST https://ncm.services.nconprem-10-53-60-173.ccpnx.com/v1/cg/config/rate-cards
2026-02-03 09:14:13 - create_rate_cards - INFO - [STATUS CODE] 200
2026-02-03 09:14:13 - create_rate_cards - INFO - [TIME TAKEN] 0.2842 seconds (284.19 ms)
2026-02-03 09:14:13 - create_rate_cards - INFO - [RESPONSE CONTENT-TYPE] application/json
2026-02-03 09:14:13 - create_rate_cards - INFO - [RESPONSE PAYLOAD]
{
  "ids": [
    "f8aa13ca-5dde-4c01-a574-85ee9e9985de"
  ]
}
2026-02-03 09:14:13 - create_rate_cards - INFO - ✓ [59] Created rate card: st_testing546453_59
2026-02-03 09:14:13 - create_rate_cards - INFO - [API REQUEST] POST https://ncm.services.nconprem-10-53-60-173.ccpnx.com/v1/cg/config/rate-cards
2026-02-03 09:14:13 - create_rate_cards - INFO - [REQUEST JSON PAYLOAD]
{
  "rateCards": [
    {
      "rateCardName": "st_testing546453_60",
      "meteringRates": {
        "vm": {
          "vCpu": {
            "unit": "HOUR",
            "rate": 18
          },
          "vRam": {
            "unit": "HOUR",
            "rate": 63
          },
          "vStorage": {
            "unit": "GIB",
            "rate": 64
          },
          "customConfigs": [
            {
              "description": "st_testing546453_0",
              "value": {
                "unit": "DAY",
                "rate": 79
              }
            },
            {
              "description": "st_testing546453_1",
              "value": {
                "unit": "DAY",
                "rate": 12
              }
            },
            {
              "description": "st_testing546453_2",
              "value": {
                "unit": "DAY",
                "rate": 13
              }
            },
            {
              "description": "st_testing546453_3",
              "value": {
                "unit": "DAY",
                "rate": 72
              }
            },
            {
              "description": "st_testing546453_4",
              "value": {
                "unit": "DAY",
                "rate": 46
              }
            }
          ]
        }
      },
      "resources": []
    }
  ]
}
2026-02-03 09:14:13 - create_rate_cards - INFO - [API RESPONSE] POST https://ncm.services.nconprem-10-53-60-173.ccpnx.com/v1/cg/config/rate-cards
2026-02-03 09:14:13 - create_rate_cards - INFO - [STATUS CODE] 200
2026-02-03 09:14:13 - create_rate_cards - INFO - [TIME TAKEN] 0.3668 seconds (366.79 ms)
2026-02-03 09:14:13 - create_rate_cards - INFO - [RESPONSE CONTENT-TYPE] application/json
2026-02-03 09:14:13 - create_rate_cards - INFO - [RESPONSE PAYLOAD]
{
  "ids": [
    "f3959c70-ffdb-43e7-b51d-e0526e122757"
  ]
}
2026-02-03 09:14:13 - create_rate_cards - INFO - ✓ [60] Created rate card: st_testing546453_60
2026-02-03 09:14:13 - create_rate_cards - INFO - [API REQUEST] POST https://ncm.services.nconprem-10-53-60-173.ccpnx.com/v1/cg/config/rate-cards
2026-02-03 09:14:13 - create_rate_cards - INFO - [REQUEST JSON PAYLOAD]
{
  "rateCards": [
    {
      "rateCardName": "st_testing546453_61",
      "meteringRates": {
        "vm": {
          "vCpu": {
            "unit": "HOUR",
            "rate": 98
          },
          "vRam": {
            "unit": "HOUR",
            "rate": 17
          },
          "vStorage": {
            "unit": "GIB",
            "rate": 43
          },
          "customConfigs": [
            {
              "description": "st_testing546453_0",
              "value": {
                "unit": "DAY",
                "rate": 62
              }
            },
            {
              "description": "st_testing546453_1",
              "value": {
                "unit": "DAY",
                "rate": 80
              }
            },
            {
              "description": "st_testing546453_2",
              "value": {
                "unit": "DAY",
                "rate": 58
              }
            },
            {
              "description": "st_testing546453_3",
              "value": {
                "unit": "DAY",
                "rate": 16
              }
            },
            {
              "description": "st_testing546453_4",
              "value": {
                "unit": "DAY",
                "rate": 43
              }
            }
          ]
        }
      },
      "resources": []
    }
  ]
}
2026-02-03 09:14:14 - create_rate_cards - INFO - [API RESPONSE] POST https://ncm.services.nconprem-10-53-60-173.ccpnx.com/v1/cg/config/rate-cards
2026-02-03 09:14:14 - create_rate_cards - INFO - [STATUS CODE] 200
2026-02-03 09:14:14 - create_rate_cards - INFO - [TIME TAKEN] 0.4202 seconds (420.23 ms)
2026-02-03 09:14:14 - create_rate_cards - INFO - [RESPONSE CONTENT-TYPE] application/json
2026-02-03 09:14:14 - create_rate_cards - INFO - [RESPONSE PAYLOAD]
{
  "ids": [
    "71279260-23a1-416e-8f66-de896e4553a1"
  ]
}
2026-02-03 09:14:14 - create_rate_cards - INFO - ✓ [61] Created rate card: st_testing546453_61
2026-02-03 09:14:14 - create_rate_cards - INFO - [API REQUEST] POST https://ncm.services.nconprem-10-53-60-173.ccpnx.com/v1/cg/config/rate-cards
2026-02-03 09:14:14 - create_rate_cards - INFO - [REQUEST JSON PAYLOAD]
{
  "rateCards": [
    {
      "rateCardName": "st_testing546453_62",
      "meteringRates": {
        "vm": {
          "vCpu": {
            "unit": "HOUR",
            "rate": 15
          },
          "vRam": {
            "unit": "HOUR",
            "rate": 66
          },
          "vStorage": {
            "unit": "GIB",
            "rate": 16
          },
          "customConfigs": [
            {
              "description": "st_testing546453_0",
              "value": {
                "unit": "DAY",
                "rate": 55
              }
            },
            {
              "description": "st_testing546453_1",
              "value": {
                "unit": "DAY",
                "rate": 38
              }
            },
            {
              "description": "st_testing546453_2",
              "value": {
                "unit": "DAY",
                "rate": 6
              }
            },
            {
              "description": "st_testing546453_3",
              "value": {
                "unit": "DAY",
                "rate": 12
              }
            },
            {
              "description": "st_testing546453_4",
              "value": {
                "unit": "DAY",
                "rate": 4
              }
            }
          ]
        }
      },
      "resources": []
    }
  ]
}
2026-02-03 09:14:14 - create_rate_cards - INFO - [API RESPONSE] POST https://ncm.services.nconprem-10-53-60-173.ccpnx.com/v1/cg/config/rate-cards
2026-02-03 09:14:14 - create_rate_cards - INFO - [STATUS CODE] 200
2026-02-03 09:14:14 - create_rate_cards - INFO - [TIME TAKEN] 0.3255 seconds (325.48 ms)
2026-02-03 09:14:14 - create_rate_cards - INFO - [RESPONSE CONTENT-TYPE] application/json
2026-02-03 09:14:14 - create_rate_cards - INFO - [RESPONSE PAYLOAD]
{
  "ids": [
    "ef1351c6-b1da-43c3-90d9-60824dd7f468"
  ]
}
2026-02-03 09:14:14 - create_rate_cards - INFO - ✓ [62] Created rate card: st_testing546453_62
2026-02-03 09:14:14 - create_rate_cards - INFO - [API REQUEST] POST https://ncm.services.nconprem-10-53-60-173.ccpnx.com/v1/cg/config/rate-cards
2026-02-03 09:14:14 - create_rate_cards - INFO - [REQUEST JSON PAYLOAD]
{
  "rateCards": [
    {
      "rateCardName": "st_testing546453_63",
      "meteringRates": {
        "vm": {
          "vCpu": {
            "unit": "HOUR",
            "rate": 40
          },
          "vRam": {
            "unit": "HOUR",
            "rate": 37
          },
          "vStorage": {
            "unit": "GIB",
            "rate": 20
          },
          "customConfigs": [
            {
              "description": "st_testing546453_0",
              "value": {
                "unit": "DAY",
                "rate": 45
              }
            },
            {
              "description": "st_testing546453_1",
              "value": {
                "unit": "DAY",
                "rate": 65
              }
            },
            {
              "description": "st_testing546453_2",
              "value": {
                "unit": "DAY",
                "rate": 5
              }
            },
            {
              "description": "st_testing546453_3",
              "value": {
                "unit": "DAY",
                "rate": 41
              }
            },
            {
              "description": "st_testing546453_4",
              "value": {
                "unit": "DAY",
                "rate": 60
              }
            }
          ]
        }
      },
      "resources": []
    }
  ]
}
2026-02-03 09:14:15 - create_rate_cards - INFO - [API RESPONSE] POST https://ncm.services.nconprem-10-53-60-173.ccpnx.com/v1/cg/config/rate-cards
2026-02-03 09:14:15 - create_rate_cards - INFO - [STATUS CODE] 200
2026-02-03 09:14:15 - create_rate_cards - INFO - [TIME TAKEN] 0.4176 seconds (417.65 ms)
2026-02-03 09:14:15 - create_rate_cards - INFO - [RESPONSE CONTENT-TYPE] application/json
2026-02-03 09:14:15 - create_rate_cards - INFO - [RESPONSE PAYLOAD]
{
  "ids": [
    "ec88bebe-3590-48a8-9a06-510aefea2654"
  ]
}
2026-02-03 09:14:15 - create_rate_cards - INFO - ✓ [63] Created rate card: st_testing546453_63
2026-02-03 09:14:15 - create_rate_cards - INFO - [API REQUEST] POST https://ncm.services.nconprem-10-53-60-173.ccpnx.com/v1/cg/config/rate-cards
2026-02-03 09:14:15 - create_rate_cards - INFO - [REQUEST JSON PAYLOAD]
{
  "rateCards": [
    {
      "rateCardName": "st_testing546453_64",
      "meteringRates": {
        "vm": {
          "vCpu": {
            "unit": "HOUR",
            "rate": 20
          },
          "vRam": {
            "unit": "HOUR",
            "rate": 83
          },
          "vStorage": {
            "unit": "GIB",
            "rate": 61
          },
          "customConfigs": [
            {
              "description": "st_testing546453_0",
              "value": {
                "unit": "DAY",
                "rate": 13
              }
            },
            {
              "description": "st_testing546453_1",
              "value": {
                "unit": "DAY",
                "rate": 61
              }
            },
            {
              "description": "st_testing546453_2",
              "value": {
                "unit": "DAY",
                "rate": 69
              }
            },
            {
              "description": "st_testing546453_3",
              "value": {
                "unit": "DAY",
                "rate": 49
              }
            },
            {
              "description": "st_testing546453_4",
              "value": {
                "unit": "DAY",
                "rate": 42
              }
            }
          ]
        }
      },
      "resources": []
    }
  ]
}
2026-02-03 09:14:15 - create_rate_cards - INFO - [API RESPONSE] POST https://ncm.services.nconprem-10-53-60-173.ccpnx.com/v1/cg/config/rate-cards
2026-02-03 09:14:15 - create_rate_cards - INFO - [STATUS CODE] 200
2026-02-03 09:14:15 - create_rate_cards - INFO - [TIME TAKEN] 0.4274 seconds (427.36 ms)
2026-02-03 09:14:15 - create_rate_cards - INFO - [RESPONSE CONTENT-TYPE] application/json
2026-02-03 09:14:15 - create_rate_cards - INFO - [RESPONSE PAYLOAD]
{
  "ids": [
    "dddec751-35b3-4667-9335-216d5a883535"
  ]
}
2026-02-03 09:14:15 - create_rate_cards - INFO - ✓ [64] Created rate card: st_testing546453_64
2026-02-03 09:14:15 - create_rate_cards - INFO - [API REQUEST] POST https://ncm.services.nconprem-10-53-60-173.ccpnx.com/v1/cg/config/rate-cards
2026-02-03 09:14:15 - create_rate_cards - INFO - [REQUEST JSON PAYLOAD]
{
  "rateCards": [
    {
      "rateCardName": "st_testing546453_65",
      "meteringRates": {
        "vm": {
          "vCpu": {
            "unit": "HOUR",
            "rate": 54
          },
          "vRam": {
            "unit": "HOUR",
            "rate": 2
          },
          "vStorage": {
            "unit": "GIB",
            "rate": 95
          },
          "customConfigs": [
            {
              "description": "st_testing546453_0",
              "value": {
                "unit": "DAY",
                "rate": 89
              }
            },
            {
              "description": "st_testing546453_1",
              "value": {
                "unit": "DAY",
                "rate": 53
              }
            },
            {
              "description": "st_testing546453_2",
              "value": {
                "unit": "DAY",
                "rate": 76
              }
            },
            {
              "description": "st_testing546453_3",
              "value": {
                "unit": "DAY",
                "rate": 29
              }
            },
            {
              "description": "st_testing546453_4",
              "value": {
                "unit": "DAY",
                "rate": 7
              }
            }
          ]
        }
      },
      "resources": []
    }
  ]
}
2026-02-03 09:14:15 - create_rate_cards - INFO - [API RESPONSE] POST https://ncm.services.nconprem-10-53-60-173.ccpnx.com/v1/cg/config/rate-cards
2026-02-03 09:14:15 - create_rate_cards - INFO - [STATUS CODE] 200
2026-02-03 09:14:15 - create_rate_cards - INFO - [TIME TAKEN] 0.4057 seconds (405.65 ms)
2026-02-03 09:14:15 - create_rate_cards - INFO - [RESPONSE CONTENT-TYPE] application/json
2026-02-03 09:14:15 - create_rate_cards - INFO - [RESPONSE PAYLOAD]
{
  "ids": [
    "78d70181-2dca-4b0b-b86d-d4a13a009198"
  ]
}
2026-02-03 09:14:15 - create_rate_cards - INFO - ✓ [65] Created rate card: st_testing546453_65
2026-02-03 09:14:15 - create_rate_cards - INFO - [API REQUEST] POST https://ncm.services.nconprem-10-53-60-173.ccpnx.com/v1/cg/config/rate-cards
2026-02-03 09:14:15 - create_rate_cards - INFO - [REQUEST JSON PAYLOAD]
{
  "rateCards": [
    {
      "rateCardName": "st_testing546453_66",
      "meteringRates": {
        "vm": {
          "vCpu": {
            "unit": "HOUR",
            "rate": 61
          },
          "vRam": {
            "unit": "HOUR",
            "rate": 95
          },
          "vStorage": {
            "unit": "GIB",
            "rate": 3
          },
          "customConfigs": [
            {
              "description": "st_testing546453_0",
              "value": {
                "unit": "DAY",
                "rate": 40
              }
            },
            {
              "description": "st_testing546453_1",
              "value": {
                "unit": "DAY",
                "rate": 30
              }
            },
            {
              "description": "st_testing546453_2",
              "value": {
                "unit": "DAY",
                "rate": 50
              }
            },
            {
              "description": "st_testing546453_3",
              "value": {
                "unit": "DAY",
                "rate": 29
              }
            },
            {
              "description": "st_testing546453_4",
              "value": {
                "unit": "DAY",
                "rate": 57
              }
            }
          ]
        }
      },
      "resources": []
    }
  ]
}
2026-02-03 09:14:16 - create_rate_cards - INFO - [API RESPONSE] POST https://ncm.services.nconprem-10-53-60-173.ccpnx.com/v1/cg/config/rate-cards
2026-02-03 09:14:16 - create_rate_cards - INFO - [STATUS CODE] 200
2026-02-03 09:14:16 - create_rate_cards - INFO - [TIME TAKEN] 0.3700 seconds (370.01 ms)
2026-02-03 09:14:16 - create_rate_cards - INFO - [RESPONSE CONTENT-TYPE] application/json
2026-02-03 09:14:16 - create_rate_cards - INFO - [RESPONSE PAYLOAD]
{
  "ids": [
    "bbf2ee4e-6841-4369-ba51-f54af5a5c5b2"
  ]
}
2026-02-03 09:14:16 - create_rate_cards - INFO - ✓ [66] Created rate card: st_testing546453_66
2026-02-03 09:14:16 - create_rate_cards - INFO - [API REQUEST] POST https://ncm.services.nconprem-10-53-60-173.ccpnx.com/v1/cg/config/rate-cards
2026-02-03 09:14:16 - create_rate_cards - INFO - [REQUEST JSON PAYLOAD]
{
  "rateCards": [
    {
      "rateCardName": "st_testing546453_67",
      "meteringRates": {
        "vm": {
          "vCpu": {
            "unit": "HOUR",
            "rate": 20
          },
          "vRam": {
            "unit": "HOUR",
            "rate": 59
          },
          "vStorage": {
            "unit": "GIB",
            "rate": 95
          },
          "customConfigs": [
            {
              "description": "st_testing546453_0",
              "value": {
                "unit": "DAY",
                "rate": 66
              }
            },
            {
              "description": "st_testing546453_1",
              "value": {
                "unit": "DAY",
                "rate": 39
              }
            },
            {
              "description": "st_testing546453_2",
              "value": {
                "unit": "DAY",
                "rate": 76
              }
            },
            {
              "description": "st_testing546453_3",
              "value": {
                "unit": "DAY",
                "rate": 48
              }
            },
            {
              "description": "st_testing546453_4",
              "value": {
                "unit": "DAY",
                "rate": 79
              }
            }
          ]
        }
      },
      "resources": []
    }
  ]
}
2026-02-03 09:14:16 - create_rate_cards - INFO - [API RESPONSE] POST https://ncm.services.nconprem-10-53-60-173.ccpnx.com/v1/cg/config/rate-cards
2026-02-03 09:14:16 - create_rate_cards - INFO - [STATUS CODE] 200
2026-02-03 09:14:16 - create_rate_cards - INFO - [TIME TAKEN] 0.3344 seconds (334.40 ms)
2026-02-03 09:14:16 - create_rate_cards - INFO - [RESPONSE CONTENT-TYPE] application/json
2026-02-03 09:14:16 - create_rate_cards - INFO - [RESPONSE PAYLOAD]
{
  "ids": [
    "48f8bbcd-90cc-421b-84d2-aaae2d22ed19"
  ]
}
2026-02-03 09:14:16 - create_rate_cards - INFO - ✓ [67] Created rate card: st_testing546453_67
2026-02-03 09:14:16 - create_rate_cards - INFO - [API REQUEST] POST https://ncm.services.nconprem-10-53-60-173.ccpnx.com/v1/cg/config/rate-cards
2026-02-03 09:14:16 - create_rate_cards - INFO - [REQUEST JSON PAYLOAD]
{
  "rateCards": [
    {
      "rateCardName": "st_testing546453_68",
      "meteringRates": {
        "vm": {
          "vCpu": {
            "unit": "HOUR",
            "rate": 17
          },
          "vRam": {
            "unit": "HOUR",
            "rate": 59
          },
          "vStorage": {
            "unit": "GIB",
            "rate": 16
          },
          "customConfigs": [
            {
              "description": "st_testing546453_0",
              "value": {
                "unit": "DAY",
                "rate": 78
              }
            },
            {
              "description": "st_testing546453_1",
              "value": {
                "unit": "DAY",
                "rate": 50
              }
            },
            {
              "description": "st_testing546453_2",
              "value": {
                "unit": "DAY",
                "rate": 15
              }
            },
            {
              "description": "st_testing546453_3",
              "value": {
                "unit": "DAY",
                "rate": 19
              }
            },
            {
              "description": "st_testing546453_4",
              "value": {
                "unit": "DAY",
                "rate": 31
              }
            }
          ]
        }
      },
      "resources": []
    }
  ]
}
2026-02-03 09:14:17 - create_rate_cards - INFO - [API RESPONSE] POST https://ncm.services.nconprem-10-53-60-173.ccpnx.com/v1/cg/config/rate-cards
2026-02-03 09:14:17 - create_rate_cards - INFO - [STATUS CODE] 200
2026-02-03 09:14:17 - create_rate_cards - INFO - [TIME TAKEN] 0.6052 seconds (605.21 ms)
2026-02-03 09:14:17 - create_rate_cards - INFO - [RESPONSE CONTENT-TYPE] application/json
2026-02-03 09:14:17 - create_rate_cards - INFO - [RESPONSE PAYLOAD]
{
  "ids": [
    "a4ceac8a-24e5-4107-bd04-eb4ee1a107c3"
  ]
}
2026-02-03 09:14:17 - create_rate_cards - INFO - ✓ [68] Created rate card: st_testing546453_68
2026-02-03 09:14:17 - create_rate_cards - INFO - [API REQUEST] POST https://ncm.services.nconprem-10-53-60-173.ccpnx.com/v1/cg/config/rate-cards
2026-02-03 09:14:17 - create_rate_cards - INFO - [REQUEST JSON PAYLOAD]
{
  "rateCards": [
    {
      "rateCardName": "st_testing546453_69",
      "meteringRates": {
        "vm": {
          "vCpu": {
            "unit": "HOUR",
            "rate": 1
          },
          "vRam": {
            "unit": "HOUR",
            "rate": 17
          },
          "vStorage": {
            "unit": "GIB",
            "rate": 41
          },
          "customConfigs": [
            {
              "description": "st_testing546453_0",
              "value": {
                "unit": "DAY",
                "rate": 2
              }
            },
            {
              "description": "st_testing546453_1",
              "value": {
                "unit": "DAY",
                "rate": 38
              }
            },
            {
              "description": "st_testing546453_2",
              "value": {
                "unit": "DAY",
                "rate": 51
              }
            },
            {
              "description": "st_testing546453_3",
              "value": {
                "unit": "DAY",
                "rate": 41
              }
            },
            {
              "description": "st_testing546453_4",
              "value": {
                "unit": "DAY",
                "rate": 32
              }
            }
          ]
        }
      },
      "resources": []
    }
  ]
}
2026-02-03 09:14:17 - create_rate_cards - INFO - [API RESPONSE] POST https://ncm.services.nconprem-10-53-60-173.ccpnx.com/v1/cg/config/rate-cards
2026-02-03 09:14:17 - create_rate_cards - INFO - [STATUS CODE] 200
2026-02-03 09:14:17 - create_rate_cards - INFO - [TIME TAKEN] 0.3060 seconds (305.95 ms)
2026-02-03 09:14:17 - create_rate_cards - INFO - [RESPONSE CONTENT-TYPE] application/json
2026-02-03 09:14:17 - create_rate_cards - INFO - [RESPONSE PAYLOAD]
{
  "ids": [
    "a202e2bc-9865-4a08-8432-dea02facc579"
  ]
}
2026-02-03 09:14:17 - create_rate_cards - INFO - ✓ [69] Created rate card: st_testing546453_69
2026-02-03 09:14:17 - create_rate_cards - INFO - [API REQUEST] POST https://ncm.services.nconprem-10-53-60-173.ccpnx.com/v1/cg/config/rate-cards
2026-02-03 09:14:17 - create_rate_cards - INFO - [REQUEST JSON PAYLOAD]
{
  "rateCards": [
    {
      "rateCardName": "st_testing546453_70",
      "meteringRates": {
        "vm": {
          "vCpu": {
            "unit": "HOUR",
            "rate": 38
          },
          "vRam": {
            "unit": "HOUR",
            "rate": 36
          },
          "vStorage": {
            "unit": "GIB",
            "rate": 83
          },
          "customConfigs": [
            {
              "description": "st_testing546453_0",
              "value": {
                "unit": "DAY",
                "rate": 86
              }
            },
            {
              "description": "st_testing546453_1",
              "value": {
                "unit": "DAY",
                "rate": 60
              }
            },
            {
              "description": "st_testing546453_2",
              "value": {
                "unit": "DAY",
                "rate": 27
              }
            },
            {
              "description": "st_testing546453_3",
              "value": {
                "unit": "DAY",
                "rate": 99
              }
            },
            {
              "description": "st_testing546453_4",
              "value": {
                "unit": "DAY",
                "rate": 94
              }
            }
          ]
        }
      },
      "resources": []
    }
  ]
}
2026-02-03 09:14:17 - create_rate_cards - INFO - [API RESPONSE] POST https://ncm.services.nconprem-10-53-60-173.ccpnx.com/v1/cg/config/rate-cards
2026-02-03 09:14:17 - create_rate_cards - INFO - [STATUS CODE] 200
2026-02-03 09:14:17 - create_rate_cards - INFO - [TIME TAKEN] 0.3012 seconds (301.19 ms)
2026-02-03 09:14:17 - create_rate_cards - INFO - [RESPONSE CONTENT-TYPE] application/json
2026-02-03 09:14:17 - create_rate_cards - INFO - [RESPONSE PAYLOAD]
{
  "ids": [
    "67bda6fc-21f7-43ff-a32b-7cef22cb7f1f"
  ]
}
2026-02-03 09:14:17 - create_rate_cards - INFO - ✓ [70] Created rate card: st_testing546453_70
2026-02-03 09:14:17 - create_rate_cards - INFO - [API REQUEST] POST https://ncm.services.nconprem-10-53-60-173.ccpnx.com/v1/cg/config/rate-cards
2026-02-03 09:14:17 - create_rate_cards - INFO - [REQUEST JSON PAYLOAD]
{
  "rateCards": [
    {
      "rateCardName": "st_testing546453_71",
      "meteringRates": {
        "vm": {
          "vCpu": {
            "unit": "HOUR",
            "rate": 71
          },
          "vRam": {
            "unit": "HOUR",
            "rate": 50
          },
          "vStorage": {
            "unit": "GIB",
            "rate": 16
          },
          "customConfigs": [
            {
              "description": "st_testing546453_0",
              "value": {
                "unit": "DAY",
                "rate": 68
              }
            },
            {
              "description": "st_testing546453_1",
              "value": {
                "unit": "DAY",
                "rate": 88
              }
            },
            {
              "description": "st_testing546453_2",
              "value": {
                "unit": "DAY",
                "rate": 35
              }
            },
            {
              "description": "st_testing546453_3",
              "value": {
                "unit": "DAY",
                "rate": 50
              }
            },
            {
              "description": "st_testing546453_4",
              "value": {
                "unit": "DAY",
                "rate": 5
              }
            }
          ]
        }
      },
      "resources": []
    }
  ]
}
2026-02-03 09:14:18 - create_rate_cards - INFO - [API RESPONSE] POST https://ncm.services.nconprem-10-53-60-173.ccpnx.com/v1/cg/config/rate-cards
2026-02-03 09:14:18 - create_rate_cards - INFO - [STATUS CODE] 200
2026-02-03 09:14:18 - create_rate_cards - INFO - [TIME TAKEN] 0.2965 seconds (296.54 ms)
2026-02-03 09:14:18 - create_rate_cards - INFO - [RESPONSE CONTENT-TYPE] application/json
2026-02-03 09:14:18 - create_rate_cards - INFO - [RESPONSE PAYLOAD]
{
  "ids": [
    "be96041f-b2b5-4fd0-85f2-bdc9456b61ab"
  ]
}
2026-02-03 09:14:18 - create_rate_cards - INFO - ✓ [71] Created rate card: st_testing546453_71
2026-02-03 09:14:18 - create_rate_cards - INFO - [API REQUEST] POST https://ncm.services.nconprem-10-53-60-173.ccpnx.com/v1/cg/config/rate-cards
2026-02-03 09:14:18 - create_rate_cards - INFO - [REQUEST JSON PAYLOAD]
{
  "rateCards": [
    {
      "rateCardName": "st_testing546453_72",
      "meteringRates": {
        "vm": {
          "vCpu": {
            "unit": "HOUR",
            "rate": 98
          },
          "vRam": {
            "unit": "HOUR",
            "rate": 100
          },
          "vStorage": {
            "unit": "GIB",
            "rate": 23
          },
          "customConfigs": [
            {
              "description": "st_testing546453_0",
              "value": {
                "unit": "DAY",
                "rate": 47
              }
            },
            {
              "description": "st_testing546453_1",
              "value": {
                "unit": "DAY",
                "rate": 92
              }
            },
            {
              "description": "st_testing546453_2",
              "value": {
                "unit": "DAY",
                "rate": 74
              }
            },
            {
              "description": "st_testing546453_3",
              "value": {
                "unit": "DAY",
                "rate": 67
              }
            },
            {
              "description": "st_testing546453_4",
              "value": {
                "unit": "DAY",
                "rate": 52
              }
            }
          ]
        }
      },
      "resources": []
    }
  ]
}
2026-02-03 09:14:18 - create_rate_cards - INFO - [API RESPONSE] POST https://ncm.services.nconprem-10-53-60-173.ccpnx.com/v1/cg/config/rate-cards
2026-02-03 09:14:18 - create_rate_cards - INFO - [STATUS CODE] 200
2026-02-03 09:14:18 - create_rate_cards - INFO - [TIME TAKEN] 0.3531 seconds (353.11 ms)
2026-02-03 09:14:18 - create_rate_cards - INFO - [RESPONSE CONTENT-TYPE] application/json
2026-02-03 09:14:18 - create_rate_cards - INFO - [RESPONSE PAYLOAD]
{
  "ids": [
    "2caf57fe-253d-4ccf-a0e5-1945002bb60e"
  ]
}
2026-02-03 09:14:18 - create_rate_cards - INFO - ✓ [72] Created rate card: st_testing546453_72
2026-02-03 09:14:18 - create_rate_cards - INFO - [API REQUEST] POST https://ncm.services.nconprem-10-53-60-173.ccpnx.com/v1/cg/config/rate-cards
2026-02-03 09:14:18 - create_rate_cards - INFO - [REQUEST JSON PAYLOAD]
{
  "rateCards": [
    {
      "rateCardName": "st_testing546453_73",
      "meteringRates": {
        "vm": {
          "vCpu": {
            "unit": "HOUR",
            "rate": 36
          },
          "vRam": {
            "unit": "HOUR",
            "rate": 14
          },
          "vStorage": {
            "unit": "GIB",
            "rate": 69
          },
          "customConfigs": [
            {
              "description": "st_testing546453_0",
              "value": {
                "unit": "DAY",
                "rate": 4
              }
            },
            {
              "description": "st_testing546453_1",
              "value": {
                "unit": "DAY",
                "rate": 56
              }
            },
            {
              "description": "st_testing546453_2",
              "value": {
                "unit": "DAY",
                "rate": 76
              }
            },
            {
              "description": "st_testing546453_3",
              "value": {
                "unit": "DAY",
                "rate": 97
              }
            },
            {
              "description": "st_testing546453_4",
              "value": {
                "unit": "DAY",
                "rate": 1
              }
            }
          ]
        }
      },
      "resources": []
    }
  ]
}
2026-02-03 09:14:18 - create_rate_cards - INFO - [API RESPONSE] POST https://ncm.services.nconprem-10-53-60-173.ccpnx.com/v1/cg/config/rate-cards
2026-02-03 09:14:18 - create_rate_cards - INFO - [STATUS CODE] 200
2026-02-03 09:14:18 - create_rate_cards - INFO - [TIME TAKEN] 0.3504 seconds (350.42 ms)
2026-02-03 09:14:18 - create_rate_cards - INFO - [RESPONSE CONTENT-TYPE] application/json
2026-02-03 09:14:18 - create_rate_cards - INFO - [RESPONSE PAYLOAD]
{
  "ids": [
    "dc86e507-d4dc-44c4-bf1f-8aa84228d22d"
  ]
}
2026-02-03 09:14:18 - create_rate_cards - INFO - ✓ [73] Created rate card: st_testing546453_73
2026-02-03 09:14:18 - create_rate_cards - INFO - [API REQUEST] POST https://ncm.services.nconprem-10-53-60-173.ccpnx.com/v1/cg/config/rate-cards
2026-02-03 09:14:18 - create_rate_cards - INFO - [REQUEST JSON PAYLOAD]
{
  "rateCards": [
    {
      "rateCardName": "st_testing546453_74",
      "meteringRates": {
        "vm": {
          "vCpu": {
            "unit": "HOUR",
            "rate": 63
          },
          "vRam": {
            "unit": "HOUR",
            "rate": 50
          },
          "vStorage": {
            "unit": "GIB",
            "rate": 86
          },
          "customConfigs": [
            {
              "description": "st_testing546453_0",
              "value": {
                "unit": "DAY",
                "rate": 48
              }
            },
            {
              "description": "st_testing546453_1",
              "value": {
                "unit": "DAY",
                "rate": 64
              }
            },
            {
              "description": "st_testing546453_2",
              "value": {
                "unit": "DAY",
                "rate": 96
              }
            },
            {
              "description": "st_testing546453_3",
              "value": {
                "unit": "DAY",
                "rate": 40
              }
            },
            {
              "description": "st_testing546453_4",
              "value": {
                "unit": "DAY",
                "rate": 9
              }
            }
          ]
        }
      },
      "resources": []
    }
  ]
}
2026-02-03 09:14:19 - create_rate_cards - INFO - [API RESPONSE] POST https://ncm.services.nconprem-10-53-60-173.ccpnx.com/v1/cg/config/rate-cards
2026-02-03 09:14:19 - create_rate_cards - INFO - [STATUS CODE] 200
2026-02-03 09:14:19 - create_rate_cards - INFO - [TIME TAKEN] 0.6928 seconds (692.81 ms)
2026-02-03 09:14:19 - create_rate_cards - INFO - [RESPONSE CONTENT-TYPE] application/json
2026-02-03 09:14:19 - create_rate_cards - INFO - [RESPONSE PAYLOAD]
{
  "ids": [
    "2677866f-8322-4e5d-bcc4-3a5c4743a25c"
  ]
}
2026-02-03 09:14:19 - create_rate_cards - INFO - ✓ [74] Created rate card: st_testing546453_74
2026-02-03 09:14:19 - create_rate_cards - INFO - [API REQUEST] POST https://ncm.services.nconprem-10-53-60-173.ccpnx.com/v1/cg/config/rate-cards
2026-02-03 09:14:19 - create_rate_cards - INFO - [REQUEST JSON PAYLOAD]
{
  "rateCards": [
    {
      "rateCardName": "st_testing546453_75",
      "meteringRates": {
        "vm": {
          "vCpu": {
            "unit": "HOUR",
            "rate": 59
          },
          "vRam": {
            "unit": "HOUR",
            "rate": 36
          },
          "vStorage": {
            "unit": "GIB",
            "rate": 22
          },
          "customConfigs": [
            {
              "description": "st_testing546453_0",
              "value": {
                "unit": "DAY",
                "rate": 31
              }
            },
            {
              "description": "st_testing546453_1",
              "value": {
                "unit": "DAY",
                "rate": 5
              }
            },
            {
              "description": "st_testing546453_2",
              "value": {
                "unit": "DAY",
                "rate": 5
              }
            },
            {
              "description": "st_testing546453_3",
              "value": {
                "unit": "DAY",
                "rate": 43
              }
            },
            {
              "description": "st_testing546453_4",
              "value": {
                "unit": "DAY",
                "rate": 70
              }
            }
          ]
        }
      },
      "resources": []
    }
  ]
}
2026-02-03 09:14:19 - create_rate_cards - INFO - [API RESPONSE] POST https://ncm.services.nconprem-10-53-60-173.ccpnx.com/v1/cg/config/rate-cards
2026-02-03 09:14:19 - create_rate_cards - INFO - [STATUS CODE] 200
2026-02-03 09:14:19 - create_rate_cards - INFO - [TIME TAKEN] 0.2968 seconds (296.77 ms)
2026-02-03 09:14:19 - create_rate_cards - INFO - [RESPONSE CONTENT-TYPE] application/json
2026-02-03 09:14:19 - create_rate_cards - INFO - [RESPONSE PAYLOAD]
{
  "ids": [
    "11f365b3-6691-4195-a776-9b4024ecb350"
  ]
}
2026-02-03 09:14:19 - create_rate_cards - INFO - ✓ [75] Created rate card: st_testing546453_75
2026-02-03 09:14:19 - create_rate_cards - INFO - [API REQUEST] POST https://ncm.services.nconprem-10-53-60-173.ccpnx.com/v1/cg/config/rate-cards
2026-02-03 09:14:19 - create_rate_cards - INFO - [REQUEST JSON PAYLOAD]
{
  "rateCards": [
    {
      "rateCardName": "st_testing546453_76",
      "meteringRates": {
        "vm": {
          "vCpu": {
            "unit": "HOUR",
            "rate": 33
          },
          "vRam": {
            "unit": "HOUR",
            "rate": 45
          },
          "vStorage": {
            "unit": "GIB",
            "rate": 88
          },
          "customConfigs": [
            {
              "description": "st_testing546453_0",
              "value": {
                "unit": "DAY",
                "rate": 76
              }
            },
            {
              "description": "st_testing546453_1",
              "value": {
                "unit": "DAY",
                "rate": 89
              }
            },
            {
              "description": "st_testing546453_2",
              "value": {
                "unit": "DAY",
                "rate": 36
              }
            },
            {
              "description": "st_testing546453_3",
              "value": {
                "unit": "DAY",
                "rate": 46
              }
            },
            {
              "description": "st_testing546453_4",
              "value": {
                "unit": "DAY",
                "rate": 73
              }
            }
          ]
        }
      },
      "resources": []
    }
  ]
}
2026-02-03 09:14:20 - create_rate_cards - INFO - [API RESPONSE] POST https://ncm.services.nconprem-10-53-60-173.ccpnx.com/v1/cg/config/rate-cards
2026-02-03 09:14:20 - create_rate_cards - INFO - [STATUS CODE] 200
2026-02-03 09:14:20 - create_rate_cards - INFO - [TIME TAKEN] 0.3164 seconds (316.37 ms)
2026-02-03 09:14:20 - create_rate_cards - INFO - [RESPONSE CONTENT-TYPE] application/json
2026-02-03 09:14:20 - create_rate_cards - INFO - [RESPONSE PAYLOAD]
{
  "ids": [
    "7c3fdcfa-6c24-44ac-aab3-da3a018987f2"
  ]
}
2026-02-03 09:14:20 - create_rate_cards - INFO - ✓ [76] Created rate card: st_testing546453_76
2026-02-03 09:14:20 - create_rate_cards - INFO - [API REQUEST] POST https://ncm.services.nconprem-10-53-60-173.ccpnx.com/v1/cg/config/rate-cards
2026-02-03 09:14:20 - create_rate_cards - INFO - [REQUEST JSON PAYLOAD]
{
  "rateCards": [
    {
      "rateCardName": "st_testing546453_77",
      "meteringRates": {
        "vm": {
          "vCpu": {
            "unit": "HOUR",
            "rate": 82
          },
          "vRam": {
            "unit": "HOUR",
            "rate": 39
          },
          "vStorage": {
            "unit": "GIB",
            "rate": 16
          },
          "customConfigs": [
            {
              "description": "st_testing546453_0",
              "value": {
                "unit": "DAY",
                "rate": 3
              }
            },
            {
              "description": "st_testing546453_1",
              "value": {
                "unit": "DAY",
                "rate": 9
              }
            },
            {
              "description": "st_testing546453_2",
              "value": {
                "unit": "DAY",
                "rate": 51
              }
            },
            {
              "description": "st_testing546453_3",
              "value": {
                "unit": "DAY",
                "rate": 7
              }
            },
            {
              "description": "st_testing546453_4",
              "value": {
                "unit": "DAY",
                "rate": 69
              }
            }
          ]
        }
      },
      "resources": []
    }
  ]
}
2026-02-03 09:14:20 - create_rate_cards - INFO - [API RESPONSE] POST https://ncm.services.nconprem-10-53-60-173.ccpnx.com/v1/cg/config/rate-cards
2026-02-03 09:14:20 - create_rate_cards - INFO - [STATUS CODE] 200
2026-02-03 09:14:20 - create_rate_cards - INFO - [TIME TAKEN] 0.3575 seconds (357.53 ms)
2026-02-03 09:14:20 - create_rate_cards - INFO - [RESPONSE CONTENT-TYPE] application/json
2026-02-03 09:14:20 - create_rate_cards - INFO - [RESPONSE PAYLOAD]
{
  "ids": [
    "6870cd08-d35c-49bf-9a81-6588ca81b518"
  ]
}
2026-02-03 09:14:20 - create_rate_cards - INFO - ✓ [77] Created rate card: st_testing546453_77
2026-02-03 09:14:20 - create_rate_cards - INFO - [API REQUEST] POST https://ncm.services.nconprem-10-53-60-173.ccpnx.com/v1/cg/config/rate-cards
2026-02-03 09:14:20 - create_rate_cards - INFO - [REQUEST JSON PAYLOAD]
{
  "rateCards": [
    {
      "rateCardName": "st_testing546453_78",
      "meteringRates": {
        "vm": {
          "vCpu": {
            "unit": "HOUR",
            "rate": 10
          },
          "vRam": {
            "unit": "HOUR",
            "rate": 86
          },
          "vStorage": {
            "unit": "GIB",
            "rate": 73
          },
          "customConfigs": [
            {
              "description": "st_testing546453_0",
              "value": {
                "unit": "DAY",
                "rate": 33
              }
            },
            {
              "description": "st_testing546453_1",
              "value": {
                "unit": "DAY",
                "rate": 18
              }
            },
            {
              "description": "st_testing546453_2",
              "value": {
                "unit": "DAY",
                "rate": 56
              }
            },
            {
              "description": "st_testing546453_3",
              "value": {
                "unit": "DAY",
                "rate": 79
              }
            },
            {
              "description": "st_testing546453_4",
              "value": {
                "unit": "DAY",
                "rate": 82
              }
            }
          ]
        }
      },
      "resources": []
    }
  ]
}
2026-02-03 09:14:20 - create_rate_cards - INFO - [API RESPONSE] POST https://ncm.services.nconprem-10-53-60-173.ccpnx.com/v1/cg/config/rate-cards
2026-02-03 09:14:20 - create_rate_cards - INFO - [STATUS CODE] 200
2026-02-03 09:14:20 - create_rate_cards - INFO - [TIME TAKEN] 0.3235 seconds (323.51 ms)
2026-02-03 09:14:20 - create_rate_cards - INFO - [RESPONSE CONTENT-TYPE] application/json
2026-02-03 09:14:20 - create_rate_cards - INFO - [RESPONSE PAYLOAD]
{
  "ids": [
    "2bb253a1-01f4-49d8-902f-8adacdca2ff4"
  ]
}
2026-02-03 09:14:20 - create_rate_cards - INFO - ✓ [78] Created rate card: st_testing546453_78
2026-02-03 09:14:20 - create_rate_cards - INFO - [API REQUEST] POST https://ncm.services.nconprem-10-53-60-173.ccpnx.com/v1/cg/config/rate-cards
2026-02-03 09:14:20 - create_rate_cards - INFO - [REQUEST JSON PAYLOAD]
{
  "rateCards": [
    {
      "rateCardName": "st_testing546453_79",
      "meteringRates": {
        "vm": {
          "vCpu": {
            "unit": "HOUR",
            "rate": 67
          },
          "vRam": {
            "unit": "HOUR",
            "rate": 50
          },
          "vStorage": {
            "unit": "GIB",
            "rate": 88
          },
          "customConfigs": [
            {
              "description": "st_testing546453_0",
              "value": {
                "unit": "DAY",
                "rate": 88
              }
            },
            {
              "description": "st_testing546453_1",
              "value": {
                "unit": "DAY",
                "rate": 67
              }
            },
            {
              "description": "st_testing546453_2",
              "value": {
                "unit": "DAY",
                "rate": 69
              }
            },
            {
              "description": "st_testing546453_3",
              "value": {
                "unit": "DAY",
                "rate": 37
              }
            },
            {
              "description": "st_testing546453_4",
              "value": {
                "unit": "DAY",
                "rate": 14
              }
            }
          ]
        }
      },
      "resources": []
    }
  ]
}
2026-02-03 09:14:21 - create_rate_cards - INFO - [API RESPONSE] POST https://ncm.services.nconprem-10-53-60-173.ccpnx.com/v1/cg/config/rate-cards
2026-02-03 09:14:21 - create_rate_cards - INFO - [STATUS CODE] 200
2026-02-03 09:14:21 - create_rate_cards - INFO - [TIME TAKEN] 0.3405 seconds (340.54 ms)
2026-02-03 09:14:21 - create_rate_cards - INFO - [RESPONSE CONTENT-TYPE] application/json
2026-02-03 09:14:21 - create_rate_cards - INFO - [RESPONSE PAYLOAD]
{
  "ids": [
    "425e1b93-4744-4119-b941-cb426770c5ba"
  ]
}
2026-02-03 09:14:21 - create_rate_cards - INFO - ✓ [79] Created rate card: st_testing546453_79
2026-02-03 09:14:21 - create_rate_cards - INFO - [API REQUEST] POST https://ncm.services.nconprem-10-53-60-173.ccpnx.com/v1/cg/config/rate-cards
2026-02-03 09:14:21 - create_rate_cards - INFO - [REQUEST JSON PAYLOAD]
{
  "rateCards": [
    {
      "rateCardName": "st_testing546453_80",
      "meteringRates": {
        "vm": {
          "vCpu": {
            "unit": "HOUR",
            "rate": 76
          },
          "vRam": {
            "unit": "HOUR",
            "rate": 50
          },
          "vStorage": {
            "unit": "GIB",
            "rate": 67
          },
          "customConfigs": [
            {
              "description": "st_testing546453_0",
              "value": {
                "unit": "DAY",
                "rate": 49
              }
            },
            {
              "description": "st_testing546453_1",
              "value": {
                "unit": "DAY",
                "rate": 27
              }
            },
            {
              "description": "st_testing546453_2",
              "value": {
                "unit": "DAY",
                "rate": 81
              }
            },
            {
              "description": "st_testing546453_3",
              "value": {
                "unit": "DAY",
                "rate": 21
              }
            },
            {
              "description": "st_testing546453_4",
              "value": {
                "unit": "DAY",
                "rate": 59
              }
            }
          ]
        }
      },
      "resources": []
    }
  ]
}
2026-02-03 09:14:21 - create_rate_cards - INFO - [API RESPONSE] POST https://ncm.services.nconprem-10-53-60-173.ccpnx.com/v1/cg/config/rate-cards
2026-02-03 09:14:21 - create_rate_cards - INFO - [STATUS CODE] 200
2026-02-03 09:14:21 - create_rate_cards - INFO - [TIME TAKEN] 0.4014 seconds (401.43 ms)
2026-02-03 09:14:21 - create_rate_cards - INFO - [RESPONSE CONTENT-TYPE] application/json
2026-02-03 09:14:21 - create_rate_cards - INFO - [RESPONSE PAYLOAD]
{
  "ids": [
    "144ac074-cd68-4aa9-b0f0-1c2431a388e3"
  ]
}
2026-02-03 09:14:21 - create_rate_cards - INFO - ✓ [80] Created rate card: st_testing546453_80
2026-02-03 09:14:21 - create_rate_cards - INFO - [API REQUEST] POST https://ncm.services.nconprem-10-53-60-173.ccpnx.com/v1/cg/config/rate-cards
2026-02-03 09:14:21 - create_rate_cards - INFO - [REQUEST JSON PAYLOAD]
{
  "rateCards": [
    {
      "rateCardName": "st_testing546453_81",
      "meteringRates": {
        "vm": {
          "vCpu": {
            "unit": "HOUR",
            "rate": 16
          },
          "vRam": {
            "unit": "HOUR",
            "rate": 73
          },
          "vStorage": {
            "unit": "GIB",
            "rate": 68
          },
          "customConfigs": [
            {
              "description": "st_testing546453_0",
              "value": {
                "unit": "DAY",
                "rate": 5
              }
            },
            {
              "description": "st_testing546453_1",
              "value": {
                "unit": "DAY",
                "rate": 50
              }
            },
            {
              "description": "st_testing546453_2",
              "value": {
                "unit": "DAY",
                "rate": 85
              }
            },
            {
              "description": "st_testing546453_3",
              "value": {
                "unit": "DAY",
                "rate": 87
              }
            },
            {
              "description": "st_testing546453_4",
              "value": {
                "unit": "DAY",
                "rate": 24
              }
            }
          ]
        }
      },
      "resources": []
    }
  ]
}
2026-02-03 09:14:22 - create_rate_cards - INFO - [API RESPONSE] POST https://ncm.services.nconprem-10-53-60-173.ccpnx.com/v1/cg/config/rate-cards
2026-02-03 09:14:22 - create_rate_cards - INFO - [STATUS CODE] 200
2026-02-03 09:14:22 - create_rate_cards - INFO - [TIME TAKEN] 0.3630 seconds (363.01 ms)
2026-02-03 09:14:22 - create_rate_cards - INFO - [RESPONSE CONTENT-TYPE] application/json
2026-02-03 09:14:22 - create_rate_cards - INFO - [RESPONSE PAYLOAD]
{
  "ids": [
    "63d8e724-6c8d-4962-94dc-eae2113ce5e5"
  ]
}
2026-02-03 09:14:22 - create_rate_cards - INFO - ✓ [81] Created rate card: st_testing546453_81
2026-02-03 09:14:22 - create_rate_cards - INFO - [API REQUEST] POST https://ncm.services.nconprem-10-53-60-173.ccpnx.com/v1/cg/config/rate-cards
2026-02-03 09:14:22 - create_rate_cards - INFO - [REQUEST JSON PAYLOAD]
{
  "rateCards": [
    {
      "rateCardName": "st_testing546453_82",
      "meteringRates": {
        "vm": {
          "vCpu": {
            "unit": "HOUR",
            "rate": 19
          },
          "vRam": {
            "unit": "HOUR",
            "rate": 28
          },
          "vStorage": {
            "unit": "GIB",
            "rate": 4
          },
          "customConfigs": [
            {
              "description": "st_testing546453_0",
              "value": {
                "unit": "DAY",
                "rate": 79
              }
            },
            {
              "description": "st_testing546453_1",
              "value": {
                "unit": "DAY",
                "rate": 97
              }
            },
            {
              "description": "st_testing546453_2",
              "value": {
                "unit": "DAY",
                "rate": 85
              }
            },
            {
              "description": "st_testing546453_3",
              "value": {
                "unit": "DAY",
                "rate": 51
              }
            },
            {
              "description": "st_testing546453_4",
              "value": {
                "unit": "DAY",
                "rate": 52
              }
            }
          ]
        }
      },
      "resources": []
    }
  ]
}
2026-02-03 09:14:22 - create_rate_cards - INFO - [API RESPONSE] POST https://ncm.services.nconprem-10-53-60-173.ccpnx.com/v1/cg/config/rate-cards
2026-02-03 09:14:22 - create_rate_cards - INFO - [STATUS CODE] 200
2026-02-03 09:14:22 - create_rate_cards - INFO - [TIME TAKEN] 0.2527 seconds (252.70 ms)
2026-02-03 09:14:22 - create_rate_cards - INFO - [RESPONSE CONTENT-TYPE] application/json
2026-02-03 09:14:22 - create_rate_cards - INFO - [RESPONSE PAYLOAD]
{
  "ids": [
    "1514c57c-ad3e-49fc-874f-ca30e2b988cd"
  ]
}
2026-02-03 09:14:22 - create_rate_cards - INFO - ✓ [82] Created rate card: st_testing546453_82
2026-02-03 09:14:22 - create_rate_cards - INFO - [API REQUEST] POST https://ncm.services.nconprem-10-53-60-173.ccpnx.com/v1/cg/config/rate-cards
2026-02-03 09:14:22 - create_rate_cards - INFO - [REQUEST JSON PAYLOAD]
{
  "rateCards": [
    {
      "rateCardName": "st_testing546453_83",
      "meteringRates": {
        "vm": {
          "vCpu": {
            "unit": "HOUR",
            "rate": 29
          },
          "vRam": {
            "unit": "HOUR",
            "rate": 100
          },
          "vStorage": {
            "unit": "GIB",
            "rate": 61
          },
          "customConfigs": [
            {
              "description": "st_testing546453_0",
              "value": {
                "unit": "DAY",
                "rate": 68
              }
            },
            {
              "description": "st_testing546453_1",
              "value": {
                "unit": "DAY",
                "rate": 99
              }
            },
            {
              "description": "st_testing546453_2",
              "value": {
                "unit": "DAY",
                "rate": 74
              }
            },
            {
              "description": "st_testing546453_3",
              "value": {
                "unit": "DAY",
                "rate": 27
              }
            },
            {
              "description": "st_testing546453_4",
              "value": {
                "unit": "DAY",
                "rate": 82
              }
            }
          ]
        }
      },
      "resources": []
    }
  ]
}
2026-02-03 09:14:22 - create_rate_cards - INFO - [API RESPONSE] POST https://ncm.services.nconprem-10-53-60-173.ccpnx.com/v1/cg/config/rate-cards
2026-02-03 09:14:22 - create_rate_cards - INFO - [STATUS CODE] 200
2026-02-03 09:14:22 - create_rate_cards - INFO - [TIME TAKEN] 0.3632 seconds (363.23 ms)
2026-02-03 09:14:22 - create_rate_cards - INFO - [RESPONSE CONTENT-TYPE] application/json
2026-02-03 09:14:22 - create_rate_cards - INFO - [RESPONSE PAYLOAD]
{
  "ids": [
    "53f7ae0b-d9b1-4e7e-bf32-ec22213addd2"
  ]
}
2026-02-03 09:14:22 - create_rate_cards - INFO - ✓ [83] Created rate card: st_testing546453_83
2026-02-03 09:14:22 - create_rate_cards - INFO - [API REQUEST] POST https://ncm.services.nconprem-10-53-60-173.ccpnx.com/v1/cg/config/rate-cards
2026-02-03 09:14:22 - create_rate_cards - INFO - [REQUEST JSON PAYLOAD]
{
  "rateCards": [
    {
      "rateCardName": "st_testing546453_84",
      "meteringRates": {
        "vm": {
          "vCpu": {
            "unit": "HOUR",
            "rate": 27
          },
          "vRam": {
            "unit": "HOUR",
            "rate": 30
          },
          "vStorage": {
            "unit": "GIB",
            "rate": 33
          },
          "customConfigs": [
            {
              "description": "st_testing546453_0",
              "value": {
                "unit": "DAY",
                "rate": 54
              }
            },
            {
              "description": "st_testing546453_1",
              "value": {
                "unit": "DAY",
                "rate": 61
              }
            },
            {
              "description": "st_testing546453_2",
              "value": {
                "unit": "DAY",
                "rate": 13
              }
            },
            {
              "description": "st_testing546453_3",
              "value": {
                "unit": "DAY",
                "rate": 21
              }
            },
            {
              "description": "st_testing546453_4",
              "value": {
                "unit": "DAY",
                "rate": 8
              }
            }
          ]
        }
      },
      "resources": []
    }
  ]
}
2026-02-03 09:14:22 - create_rate_cards - INFO - [API RESPONSE] POST https://ncm.services.nconprem-10-53-60-173.ccpnx.com/v1/cg/config/rate-cards
2026-02-03 09:14:22 - create_rate_cards - INFO - [STATUS CODE] 200
2026-02-03 09:14:22 - create_rate_cards - INFO - [TIME TAKEN] 0.3320 seconds (331.98 ms)
2026-02-03 09:14:22 - create_rate_cards - INFO - [RESPONSE CONTENT-TYPE] application/json
2026-02-03 09:14:22 - create_rate_cards - INFO - [RESPONSE PAYLOAD]
{
  "ids": [
    "4e794ce1-6677-483e-a05c-abebcec1df48"
  ]
}
2026-02-03 09:14:22 - create_rate_cards - INFO - ✓ [84] Created rate card: st_testing546453_84
2026-02-03 09:14:22 - create_rate_cards - INFO - [API REQUEST] POST https://ncm.services.nconprem-10-53-60-173.ccpnx.com/v1/cg/config/rate-cards
2026-02-03 09:14:22 - create_rate_cards - INFO - [REQUEST JSON PAYLOAD]
{
  "rateCards": [
    {
      "rateCardName": "st_testing546453_85",
      "meteringRates": {
        "vm": {
          "vCpu": {
            "unit": "HOUR",
            "rate": 27
          },
          "vRam": {
            "unit": "HOUR",
            "rate": 89
          },
          "vStorage": {
            "unit": "GIB",
            "rate": 16
          },
          "customConfigs": [
            {
              "description": "st_testing546453_0",
              "value": {
                "unit": "DAY",
                "rate": 19
              }
            },
            {
              "description": "st_testing546453_1",
              "value": {
                "unit": "DAY",
                "rate": 56
              }
            },
            {
              "description": "st_testing546453_2",
              "value": {
                "unit": "DAY",
                "rate": 18
              }
            },
            {
              "description": "st_testing546453_3",
              "value": {
                "unit": "DAY",
                "rate": 77
              }
            },
            {
              "description": "st_testing546453_4",
              "value": {
                "unit": "DAY",
                "rate": 73
              }
            }
          ]
        }
      },
      "resources": []
    }
  ]
}
2026-02-03 09:14:23 - create_rate_cards - INFO - [API RESPONSE] POST https://ncm.services.nconprem-10-53-60-173.ccpnx.com/v1/cg/config/rate-cards
2026-02-03 09:14:23 - create_rate_cards - INFO - [STATUS CODE] 200
2026-02-03 09:14:23 - create_rate_cards - INFO - [TIME TAKEN] 0.3075 seconds (307.45 ms)
2026-02-03 09:14:23 - create_rate_cards - INFO - [RESPONSE CONTENT-TYPE] application/json
2026-02-03 09:14:23 - create_rate_cards - INFO - [RESPONSE PAYLOAD]
{
  "ids": [
    "2a4b57d5-4bd7-4f4f-9b41-6f360ae33ef3"
  ]
}
2026-02-03 09:14:23 - create_rate_cards - INFO - ✓ [85] Created rate card: st_testing546453_85
2026-02-03 09:14:23 - create_rate_cards - INFO - [API REQUEST] POST https://ncm.services.nconprem-10-53-60-173.ccpnx.com/v1/cg/config/rate-cards
2026-02-03 09:14:23 - create_rate_cards - INFO - [REQUEST JSON PAYLOAD]
{
  "rateCards": [
    {
      "rateCardName": "st_testing546453_86",
      "meteringRates": {
        "vm": {
          "vCpu": {
            "unit": "HOUR",
            "rate": 18
          },
          "vRam": {
            "unit": "HOUR",
            "rate": 6
          },
          "vStorage": {
            "unit": "GIB",
            "rate": 40
          },
          "customConfigs": [
            {
              "description": "st_testing546453_0",
              "value": {
                "unit": "DAY",
                "rate": 94
              }
            },
            {
              "description": "st_testing546453_1",
              "value": {
                "unit": "DAY",
                "rate": 61
              }
            },
            {
              "description": "st_testing546453_2",
              "value": {
                "unit": "DAY",
                "rate": 47
              }
            },
            {
              "description": "st_testing546453_3",
              "value": {
                "unit": "DAY",
                "rate": 45
              }
            },
            {
              "description": "st_testing546453_4",
              "value": {
                "unit": "DAY",
                "rate": 37
              }
            }
          ]
        }
      },
      "resources": []
    }
  ]
}
2026-02-03 09:14:23 - create_rate_cards - INFO - [API RESPONSE] POST https://ncm.services.nconprem-10-53-60-173.ccpnx.com/v1/cg/config/rate-cards
2026-02-03 09:14:23 - create_rate_cards - INFO - [STATUS CODE] 200
2026-02-03 09:14:23 - create_rate_cards - INFO - [TIME TAKEN] 0.3264 seconds (326.36 ms)
2026-02-03 09:14:23 - create_rate_cards - INFO - [RESPONSE CONTENT-TYPE] application/json
2026-02-03 09:14:23 - create_rate_cards - INFO - [RESPONSE PAYLOAD]
{
  "ids": [
    "e60a0249-4929-44c7-81ba-c31843e6e418"
  ]
}
2026-02-03 09:14:23 - create_rate_cards - INFO - ✓ [86] Created rate card: st_testing546453_86
2026-02-03 09:14:23 - create_rate_cards - INFO - [API REQUEST] POST https://ncm.services.nconprem-10-53-60-173.ccpnx.com/v1/cg/config/rate-cards
2026-02-03 09:14:23 - create_rate_cards - INFO - [REQUEST JSON PAYLOAD]
{
  "rateCards": [
    {
      "rateCardName": "st_testing546453_87",
      "meteringRates": {
        "vm": {
          "vCpu": {
            "unit": "HOUR",
            "rate": 85
          },
          "vRam": {
            "unit": "HOUR",
            "rate": 42
          },
          "vStorage": {
            "unit": "GIB",
            "rate": 66
          },
          "customConfigs": [
            {
              "description": "st_testing546453_0",
              "value": {
                "unit": "DAY",
                "rate": 40
              }
            },
            {
              "description": "st_testing546453_1",
              "value": {
                "unit": "DAY",
                "rate": 27
              }
            },
            {
              "description": "st_testing546453_2",
              "value": {
                "unit": "DAY",
                "rate": 33
              }
            },
            {
              "description": "st_testing546453_3",
              "value": {
                "unit": "DAY",
                "rate": 88
              }
            },
            {
              "description": "st_testing546453_4",
              "value": {
                "unit": "DAY",
                "rate": 25
              }
            }
          ]
        }
      },
      "resources": []
    }
  ]
}
2026-02-03 09:14:23 - create_rate_cards - INFO - [API RESPONSE] POST https://ncm.services.nconprem-10-53-60-173.ccpnx.com/v1/cg/config/rate-cards
2026-02-03 09:14:23 - create_rate_cards - INFO - [STATUS CODE] 200
2026-02-03 09:14:23 - create_rate_cards - INFO - [TIME TAKEN] 0.3321 seconds (332.11 ms)
2026-02-03 09:14:23 - create_rate_cards - INFO - [RESPONSE CONTENT-TYPE] application/json
2026-02-03 09:14:23 - create_rate_cards - INFO - [RESPONSE PAYLOAD]
{
  "ids": [
    "1ed94cb5-d942-4eb4-bbfd-44c08d062318"
  ]
}
2026-02-03 09:14:23 - create_rate_cards - INFO - ✓ [87] Created rate card: st_testing546453_87
2026-02-03 09:14:23 - create_rate_cards - INFO - [API REQUEST] POST https://ncm.services.nconprem-10-53-60-173.ccpnx.com/v1/cg/config/rate-cards
2026-02-03 09:14:23 - create_rate_cards - INFO - [REQUEST JSON PAYLOAD]
{
  "rateCards": [
    {
      "rateCardName": "st_testing546453_88",
      "meteringRates": {
        "vm": {
          "vCpu": {
            "unit": "HOUR",
            "rate": 13
          },
          "vRam": {
            "unit": "HOUR",
            "rate": 42
          },
          "vStorage": {
            "unit": "GIB",
            "rate": 60
          },
          "customConfigs": [
            {
              "description": "st_testing546453_0",
              "value": {
                "unit": "DAY",
                "rate": 99
              }
            },
            {
              "description": "st_testing546453_1",
              "value": {
                "unit": "DAY",
                "rate": 39
              }
            },
            {
              "description": "st_testing546453_2",
              "value": {
                "unit": "DAY",
                "rate": 87
              }
            },
            {
              "description": "st_testing546453_3",
              "value": {
                "unit": "DAY",
                "rate": 37
              }
            },
            {
              "description": "st_testing546453_4",
              "value": {
                "unit": "DAY",
                "rate": 12
              }
            }
          ]
        }
      },
      "resources": []
    }
  ]
}
2026-02-03 09:14:24 - create_rate_cards - INFO - [API RESPONSE] POST https://ncm.services.nconprem-10-53-60-173.ccpnx.com/v1/cg/config/rate-cards
2026-02-03 09:14:24 - create_rate_cards - INFO - [STATUS CODE] 200
2026-02-03 09:14:24 - create_rate_cards - INFO - [TIME TAKEN] 0.4052 seconds (405.19 ms)
2026-02-03 09:14:24 - create_rate_cards - INFO - [RESPONSE CONTENT-TYPE] application/json
2026-02-03 09:14:24 - create_rate_cards - INFO - [RESPONSE PAYLOAD]
{
  "ids": [
    "340c8f86-eddb-4f01-bd38-c782afa27019"
  ]
}
2026-02-03 09:14:24 - create_rate_cards - INFO - ✓ [88] Created rate card: st_testing546453_88
2026-02-03 09:14:24 - create_rate_cards - INFO - [API REQUEST] POST https://ncm.services.nconprem-10-53-60-173.ccpnx.com/v1/cg/config/rate-cards
2026-02-03 09:14:24 - create_rate_cards - INFO - [REQUEST JSON PAYLOAD]
{
  "rateCards": [
    {
      "rateCardName": "st_testing546453_89",
      "meteringRates": {
        "vm": {
          "vCpu": {
            "unit": "HOUR",
            "rate": 30
          },
          "vRam": {
            "unit": "HOUR",
            "rate": 6
          },
          "vStorage": {
            "unit": "GIB",
            "rate": 67
          },
          "customConfigs": [
            {
              "description": "st_testing546453_0",
              "value": {
                "unit": "DAY",
                "rate": 91
              }
            },
            {
              "description": "st_testing546453_1",
              "value": {
                "unit": "DAY",
                "rate": 1
              }
            },
            {
              "description": "st_testing546453_2",
              "value": {
                "unit": "DAY",
                "rate": 33
              }
            },
            {
              "description": "st_testing546453_3",
              "value": {
                "unit": "DAY",
                "rate": 99
              }
            },
            {
              "description": "st_testing546453_4",
              "value": {
                "unit": "DAY",
                "rate": 77
              }
            }
          ]
        }
      },
      "resources": []
    }
  ]
}
2026-02-03 09:14:24 - create_rate_cards - INFO - [API RESPONSE] POST https://ncm.services.nconprem-10-53-60-173.ccpnx.com/v1/cg/config/rate-cards
2026-02-03 09:14:24 - create_rate_cards - INFO - [STATUS CODE] 200
2026-02-03 09:14:24 - create_rate_cards - INFO - [TIME TAKEN] 0.4423 seconds (442.31 ms)
2026-02-03 09:14:24 - create_rate_cards - INFO - [RESPONSE CONTENT-TYPE] application/json
2026-02-03 09:14:24 - create_rate_cards - INFO - [RESPONSE PAYLOAD]
{
  "ids": [
    "75e52d55-90ac-457f-ab84-e25ce2033fc3"
  ]
}
2026-02-03 09:14:24 - create_rate_cards - INFO - ✓ [89] Created rate card: st_testing546453_89
2026-02-03 09:14:24 - create_rate_cards - INFO - [API REQUEST] POST https://ncm.services.nconprem-10-53-60-173.ccpnx.com/v1/cg/config/rate-cards
2026-02-03 09:14:24 - create_rate_cards - INFO - [REQUEST JSON PAYLOAD]
{
  "rateCards": [
    {
      "rateCardName": "st_testing546453_90",
      "meteringRates": {
        "vm": {
          "vCpu": {
            "unit": "HOUR",
            "rate": 63
          },
          "vRam": {
            "unit": "HOUR",
            "rate": 27
          },
          "vStorage": {
            "unit": "GIB",
            "rate": 91
          },
          "customConfigs": [
            {
              "description": "st_testing546453_0",
              "value": {
                "unit": "DAY",
                "rate": 87
              }
            },
            {
              "description": "st_testing546453_1",
              "value": {
                "unit": "DAY",
                "rate": 4
              }
            },
            {
              "description": "st_testing546453_2",
              "value": {
                "unit": "DAY",
                "rate": 67
              }
            },
            {
              "description": "st_testing546453_3",
              "value": {
                "unit": "DAY",
                "rate": 38
              }
            },
            {
              "description": "st_testing546453_4",
              "value": {
                "unit": "DAY",
                "rate": 42
              }
            }
          ]
        }
      },
      "resources": []
    }
  ]
}
2026-02-03 09:14:25 - create_rate_cards - INFO - [API RESPONSE] POST https://ncm.services.nconprem-10-53-60-173.ccpnx.com/v1/cg/config/rate-cards
2026-02-03 09:14:25 - create_rate_cards - INFO - [STATUS CODE] 200
2026-02-03 09:14:25 - create_rate_cards - INFO - [TIME TAKEN] 0.3447 seconds (344.74 ms)
2026-02-03 09:14:25 - create_rate_cards - INFO - [RESPONSE CONTENT-TYPE] application/json
2026-02-03 09:14:25 - create_rate_cards - INFO - [RESPONSE PAYLOAD]
{
  "ids": [
    "d44f1a2b-b101-4003-be80-8620caa1cbe1"
  ]
}
2026-02-03 09:14:25 - create_rate_cards - INFO - ✓ [90] Created rate card: st_testing546453_90
2026-02-03 09:14:25 - create_rate_cards - INFO - [API REQUEST] POST https://ncm.services.nconprem-10-53-60-173.ccpnx.com/v1/cg/config/rate-cards
2026-02-03 09:14:25 - create_rate_cards - INFO - [REQUEST JSON PAYLOAD]
{
  "rateCards": [
    {
      "rateCardName": "st_testing546453_91",
      "meteringRates": {
        "vm": {
          "vCpu": {
            "unit": "HOUR",
            "rate": 52
          },
          "vRam": {
            "unit": "HOUR",
            "rate": 39
          },
          "vStorage": {
            "unit": "GIB",
            "rate": 7
          },
          "customConfigs": [
            {
              "description": "st_testing546453_0",
              "value": {
                "unit": "DAY",
                "rate": 66
              }
            },
            {
              "description": "st_testing546453_1",
              "value": {
                "unit": "DAY",
                "rate": 61
              }
            },
            {
              "description": "st_testing546453_2",
              "value": {
                "unit": "DAY",
                "rate": 48
              }
            },
            {
              "description": "st_testing546453_3",
              "value": {
                "unit": "DAY",
                "rate": 70
              }
            },
            {
              "description": "st_testing546453_4",
              "value": {
                "unit": "DAY",
                "rate": 40
              }
            }
          ]
        }
      },
      "resources": []
    }
  ]
}
2026-02-03 09:14:25 - create_rate_cards - INFO - [API RESPONSE] POST https://ncm.services.nconprem-10-53-60-173.ccpnx.com/v1/cg/config/rate-cards
2026-02-03 09:14:25 - create_rate_cards - INFO - [STATUS CODE] 200
2026-02-03 09:14:25 - create_rate_cards - INFO - [TIME TAKEN] 0.5454 seconds (545.40 ms)
2026-02-03 09:14:25 - create_rate_cards - INFO - [RESPONSE CONTENT-TYPE] application/json
2026-02-03 09:14:25 - create_rate_cards - INFO - [RESPONSE PAYLOAD]
{
  "ids": [
    "24e6d36f-68d1-431d-a45a-a37159431aaa"
  ]
}
2026-02-03 09:14:25 - create_rate_cards - INFO - ✓ [91] Created rate card: st_testing546453_91
2026-02-03 09:14:25 - create_rate_cards - INFO - [API REQUEST] POST https://ncm.services.nconprem-10-53-60-173.ccpnx.com/v1/cg/config/rate-cards
2026-02-03 09:14:25 - create_rate_cards - INFO - [REQUEST JSON PAYLOAD]
{
  "rateCards": [
    {
      "rateCardName": "st_testing546453_92",
      "meteringRates": {
        "vm": {
          "vCpu": {
            "unit": "HOUR",
            "rate": 41
          },
          "vRam": {
            "unit": "HOUR",
            "rate": 87
          },
          "vStorage": {
            "unit": "GIB",
            "rate": 40
          },
          "customConfigs": [
            {
              "description": "st_testing546453_0",
              "value": {
                "unit": "DAY",
                "rate": 46
              }
            },
            {
              "description": "st_testing546453_1",
              "value": {
                "unit": "DAY",
                "rate": 35
              }
            },
            {
              "description": "st_testing546453_2",
              "value": {
                "unit": "DAY",
                "rate": 10
              }
            },
            {
              "description": "st_testing546453_3",
              "value": {
                "unit": "DAY",
                "rate": 34
              }
            },
            {
              "description": "st_testing546453_4",
              "value": {
                "unit": "DAY",
                "rate": 10
              }
            }
          ]
        }
      },
      "resources": []
    }
  ]
}
2026-02-03 09:14:26 - create_rate_cards - INFO - [API RESPONSE] POST https://ncm.services.nconprem-10-53-60-173.ccpnx.com/v1/cg/config/rate-cards
2026-02-03 09:14:26 - create_rate_cards - INFO - [STATUS CODE] 200
2026-02-03 09:14:26 - create_rate_cards - INFO - [TIME TAKEN] 0.4757 seconds (475.66 ms)
2026-02-03 09:14:26 - create_rate_cards - INFO - [RESPONSE CONTENT-TYPE] application/json
2026-02-03 09:14:26 - create_rate_cards - INFO - [RESPONSE PAYLOAD]
{
  "ids": [
    "f47d0a11-0cf2-4aff-97ed-a5706d3dd770"
  ]
}
2026-02-03 09:14:26 - create_rate_cards - INFO - ✓ [92] Created rate card: st_testing546453_92
2026-02-03 09:14:26 - create_rate_cards - INFO - [API REQUEST] POST https://ncm.services.nconprem-10-53-60-173.ccpnx.com/v1/cg/config/rate-cards
2026-02-03 09:14:26 - create_rate_cards - INFO - [REQUEST JSON PAYLOAD]
{
  "rateCards": [
    {
      "rateCardName": "st_testing546453_93",
      "meteringRates": {
        "vm": {
          "vCpu": {
            "unit": "HOUR",
            "rate": 59
          },
          "vRam": {
            "unit": "HOUR",
            "rate": 23
          },
          "vStorage": {
            "unit": "GIB",
            "rate": 15
          },
          "customConfigs": [
            {
              "description": "st_testing546453_0",
              "value": {
                "unit": "DAY",
                "rate": 6
              }
            },
            {
              "description": "st_testing546453_1",
              "value": {
                "unit": "DAY",
                "rate": 46
              }
            },
            {
              "description": "st_testing546453_2",
              "value": {
                "unit": "DAY",
                "rate": 48
              }
            },
            {
              "description": "st_testing546453_3",
              "value": {
                "unit": "DAY",
                "rate": 76
              }
            },
            {
              "description": "st_testing546453_4",
              "value": {
                "unit": "DAY",
                "rate": 28
              }
            }
          ]
        }
      },
      "resources": []
    }
  ]
}
2026-02-03 09:14:26 - create_rate_cards - INFO - [API RESPONSE] POST https://ncm.services.nconprem-10-53-60-173.ccpnx.com/v1/cg/config/rate-cards
2026-02-03 09:14:26 - create_rate_cards - INFO - [STATUS CODE] 200
2026-02-03 09:14:26 - create_rate_cards - INFO - [TIME TAKEN] 0.4939 seconds (493.94 ms)
2026-02-03 09:14:26 - create_rate_cards - INFO - [RESPONSE CONTENT-TYPE] application/json
2026-02-03 09:14:26 - create_rate_cards - INFO - [RESPONSE PAYLOAD]
{
  "ids": [
    "796ed44b-94bd-413f-881f-9d72cd9a8275"
  ]
}
2026-02-03 09:14:26 - create_rate_cards - INFO - ✓ [93] Created rate card: st_testing546453_93
2026-02-03 09:14:26 - create_rate_cards - INFO - [API REQUEST] POST https://ncm.services.nconprem-10-53-60-173.ccpnx.com/v1/cg/config/rate-cards
2026-02-03 09:14:26 - create_rate_cards - INFO - [REQUEST JSON PAYLOAD]
{
  "rateCards": [
    {
      "rateCardName": "st_testing546453_94",
      "meteringRates": {
        "vm": {
          "vCpu": {
            "unit": "HOUR",
            "rate": 54
          },
          "vRam": {
            "unit": "HOUR",
            "rate": 94
          },
          "vStorage": {
            "unit": "GIB",
            "rate": 32
          },
          "customConfigs": [
            {
              "description": "st_testing546453_0",
              "value": {
                "unit": "DAY",
                "rate": 8
              }
            },
            {
              "description": "st_testing546453_1",
              "value": {
                "unit": "DAY",
                "rate": 37
              }
            },
            {
              "description": "st_testing546453_2",
              "value": {
                "unit": "DAY",
                "rate": 53
              }
            },
            {
              "description": "st_testing546453_3",
              "value": {
                "unit": "DAY",
                "rate": 6
              }
            },
            {
              "description": "st_testing546453_4",
              "value": {
                "unit": "DAY",
                "rate": 80
              }
            }
          ]
        }
      },
      "resources": []
    }
  ]
}
2026-02-03 09:14:27 - create_rate_cards - INFO - [API RESPONSE] POST https://ncm.services.nconprem-10-53-60-173.ccpnx.com/v1/cg/config/rate-cards
2026-02-03 09:14:27 - create_rate_cards - INFO - [STATUS CODE] 200
2026-02-03 09:14:27 - create_rate_cards - INFO - [TIME TAKEN] 0.6738 seconds (673.75 ms)
2026-02-03 09:14:27 - create_rate_cards - INFO - [RESPONSE CONTENT-TYPE] application/json
2026-02-03 09:14:27 - create_rate_cards - INFO - [RESPONSE PAYLOAD]
{
  "ids": [
    "4d6ea688-63bd-4890-a89c-f12543e92b67"
  ]
}
2026-02-03 09:14:27 - create_rate_cards - INFO - ✓ [94] Created rate card: st_testing546453_94
2026-02-03 09:14:27 - create_rate_cards - INFO - [API REQUEST] POST https://ncm.services.nconprem-10-53-60-173.ccpnx.com/v1/cg/config/rate-cards
2026-02-03 09:14:27 - create_rate_cards - INFO - [REQUEST JSON PAYLOAD]
{
  "rateCards": [
    {
      "rateCardName": "st_testing546453_95",
      "meteringRates": {
        "vm": {
          "vCpu": {
            "unit": "HOUR",
            "rate": 30
          },
          "vRam": {
            "unit": "HOUR",
            "rate": 57
          },
          "vStorage": {
            "unit": "GIB",
            "rate": 72
          },
          "customConfigs": [
            {
              "description": "st_testing546453_0",
              "value": {
                "unit": "DAY",
                "rate": 10
              }
            },
            {
              "description": "st_testing546453_1",
              "value": {
                "unit": "DAY",
                "rate": 84
              }
            },
            {
              "description": "st_testing546453_2",
              "value": {
                "unit": "DAY",
                "rate": 100
              }
            },
            {
              "description": "st_testing546453_3",
              "value": {
                "unit": "DAY",
                "rate": 49
              }
            },
            {
              "description": "st_testing546453_4",
              "value": {
                "unit": "DAY",
                "rate": 9
              }
            }
          ]
        }
      },
      "resources": []
    }
  ]
}
2026-02-03 09:14:27 - create_rate_cards - INFO - [API RESPONSE] POST https://ncm.services.nconprem-10-53-60-173.ccpnx.com/v1/cg/config/rate-cards
2026-02-03 09:14:27 - create_rate_cards - INFO - [STATUS CODE] 200
2026-02-03 09:14:27 - create_rate_cards - INFO - [TIME TAKEN] 0.3852 seconds (385.16 ms)
2026-02-03 09:14:27 - create_rate_cards - INFO - [RESPONSE CONTENT-TYPE] application/json
2026-02-03 09:14:27 - create_rate_cards - INFO - [RESPONSE PAYLOAD]
{
  "ids": [
    "eb3cb1d1-68d0-42bc-a50e-4a69d4222bf8"
  ]
}
2026-02-03 09:14:27 - create_rate_cards - INFO - ✓ [95] Created rate card: st_testing546453_95
2026-02-03 09:14:27 - create_rate_cards - INFO - [API REQUEST] POST https://ncm.services.nconprem-10-53-60-173.ccpnx.com/v1/cg/config/rate-cards
2026-02-03 09:14:27 - create_rate_cards - INFO - [REQUEST JSON PAYLOAD]
{
  "rateCards": [
    {
      "rateCardName": "st_testing546453_96",
      "meteringRates": {
        "vm": {
          "vCpu": {
            "unit": "HOUR",
            "rate": 69
          },
          "vRam": {
            "unit": "HOUR",
            "rate": 43
          },
          "vStorage": {
            "unit": "GIB",
            "rate": 79
          },
          "customConfigs": [
            {
              "description": "st_testing546453_0",
              "value": {
                "unit": "DAY",
                "rate": 34
              }
            },
            {
              "description": "st_testing546453_1",
              "value": {
                "unit": "DAY",
                "rate": 22
              }
            },
            {
              "description": "st_testing546453_2",
              "value": {
                "unit": "DAY",
                "rate": 99
              }
            },
            {
              "description": "st_testing546453_3",
              "value": {
                "unit": "DAY",
                "rate": 73
              }
            },
            {
              "description": "st_testing546453_4",
              "value": {
                "unit": "DAY",
                "rate": 4
              }
            }
          ]
        }
      },
      "resources": []
    }
  ]
}
2026-02-03 09:14:28 - create_rate_cards - INFO - [API RESPONSE] POST https://ncm.services.nconprem-10-53-60-173.ccpnx.com/v1/cg/config/rate-cards
2026-02-03 09:14:28 - create_rate_cards - INFO - [STATUS CODE] 200
2026-02-03 09:14:28 - create_rate_cards - INFO - [TIME TAKEN] 0.3373 seconds (337.28 ms)
2026-02-03 09:14:28 - create_rate_cards - INFO - [RESPONSE CONTENT-TYPE] application/json
2026-02-03 09:14:28 - create_rate_cards - INFO - [RESPONSE PAYLOAD]
{
  "ids": [
    "d40d24a2-515c-4749-9ea6-6c614ed02c5d"
  ]
}
2026-02-03 09:14:28 - create_rate_cards - INFO - ✓ [96] Created rate card: st_testing546453_96
2026-02-03 09:14:28 - create_rate_cards - INFO - [API REQUEST] POST https://ncm.services.nconprem-10-53-60-173.ccpnx.com/v1/cg/config/rate-cards
2026-02-03 09:14:28 - create_rate_cards - INFO - [REQUEST JSON PAYLOAD]
{
  "rateCards": [
    {
      "rateCardName": "st_testing546453_97",
      "meteringRates": {
        "vm": {
          "vCpu": {
            "unit": "HOUR",
            "rate": 25
          },
          "vRam": {
            "unit": "HOUR",
            "rate": 7
          },
          "vStorage": {
            "unit": "GIB",
            "rate": 75
          },
          "customConfigs": [
            {
              "description": "st_testing546453_0",
              "value": {
                "unit": "DAY",
                "rate": 32
              }
            },
            {
              "description": "st_testing546453_1",
              "value": {
                "unit": "DAY",
                "rate": 13
              }
            },
            {
              "description": "st_testing546453_2",
              "value": {
                "unit": "DAY",
                "rate": 40
              }
            },
            {
              "description": "st_testing546453_3",
              "value": {
                "unit": "DAY",
                "rate": 57
              }
            },
            {
              "description": "st_testing546453_4",
              "value": {
                "unit": "DAY",
                "rate": 14
              }
            }
          ]
        }
      },
      "resources": []
    }
  ]
}
2026-02-03 09:14:28 - create_rate_cards - INFO - [API RESPONSE] POST https://ncm.services.nconprem-10-53-60-173.ccpnx.com/v1/cg/config/rate-cards
2026-02-03 09:14:28 - create_rate_cards - INFO - [STATUS CODE] 200
2026-02-03 09:14:28 - create_rate_cards - INFO - [TIME TAKEN] 0.4677 seconds (467.67 ms)
2026-02-03 09:14:28 - create_rate_cards - INFO - [RESPONSE CONTENT-TYPE] application/json
2026-02-03 09:14:28 - create_rate_cards - INFO - [RESPONSE PAYLOAD]
{
  "ids": [
    "0de970ba-9d69-4415-bc44-8e1528e67a31"
  ]
}
2026-02-03 09:14:28 - create_rate_cards - INFO - ✓ [97] Created rate card: st_testing546453_97
2026-02-03 09:14:28 - create_rate_cards - INFO - [API REQUEST] POST https://ncm.services.nconprem-10-53-60-173.ccpnx.com/v1/cg/config/rate-cards
2026-02-03 09:14:28 - create_rate_cards - INFO - [REQUEST JSON PAYLOAD]
{
  "rateCards": [
    {
      "rateCardName": "st_testing546453_98",
      "meteringRates": {
        "vm": {
          "vCpu": {
            "unit": "HOUR",
            "rate": 12
          },
          "vRam": {
            "unit": "HOUR",
            "rate": 73
          },
          "vStorage": {
            "unit": "GIB",
            "rate": 36
          },
          "customConfigs": [
            {
              "description": "st_testing546453_0",
              "value": {
                "unit": "DAY",
                "rate": 87
              }
            },
            {
              "description": "st_testing546453_1",
              "value": {
                "unit": "DAY",
                "rate": 97
              }
            },
            {
              "description": "st_testing546453_2",
              "value": {
                "unit": "DAY",
                "rate": 4
              }
            },
            {
              "description": "st_testing546453_3",
              "value": {
                "unit": "DAY",
                "rate": 61
              }
            },
            {
              "description": "st_testing546453_4",
              "value": {
                "unit": "DAY",
                "rate": 71
              }
            }
          ]
        }
      },
      "resources": []
    }
  ]
}
2026-02-03 09:14:28 - create_rate_cards - INFO - [API RESPONSE] POST https://ncm.services.nconprem-10-53-60-173.ccpnx.com/v1/cg/config/rate-cards
2026-02-03 09:14:28 - create_rate_cards - INFO - [STATUS CODE] 200
2026-02-03 09:14:28 - create_rate_cards - INFO - [TIME TAKEN] 0.2920 seconds (291.99 ms)
2026-02-03 09:14:28 - create_rate_cards - INFO - [RESPONSE CONTENT-TYPE] application/json
2026-02-03 09:14:28 - create_rate_cards - INFO - [RESPONSE PAYLOAD]
{
  "ids": [
    "77191db2-4c04-4107-afd5-d17645f1be34"
  ]
}
2026-02-03 09:14:28 - create_rate_cards - INFO - ✓ [98] Created rate card: st_testing546453_98
2026-02-03 09:14:28 - create_rate_cards - INFO - [API REQUEST] POST https://ncm.services.nconprem-10-53-60-173.ccpnx.com/v1/cg/config/rate-cards
2026-02-03 09:14:28 - create_rate_cards - INFO - [REQUEST JSON PAYLOAD]
{
  "rateCards": [
    {
      "rateCardName": "st_testing546453_99",
      "meteringRates": {
        "vm": {
          "vCpu": {
            "unit": "HOUR",
            "rate": 64
          },
          "vRam": {
            "unit": "HOUR",
            "rate": 91
          },
          "vStorage": {
            "unit": "GIB",
            "rate": 3
          },
          "customConfigs": [
            {
              "description": "st_testing546453_0",
              "value": {
                "unit": "DAY",
                "rate": 80
              }
            },
            {
              "description": "st_testing546453_1",
              "value": {
                "unit": "DAY",
                "rate": 85
              }
            },
            {
              "description": "st_testing546453_2",
              "value": {
                "unit": "DAY",
                "rate": 30
              }
            },
            {
              "description": "st_testing546453_3",
              "value": {
                "unit": "DAY",
                "rate": 28
              }
            },
            {
              "description": "st_testing546453_4",
              "value": {
                "unit": "DAY",
                "rate": 69
              }
            }
          ]
        }
      },
      "resources": []
    }
  ]
}
2026-02-03 09:14:29 - create_rate_cards - INFO - [API RESPONSE] POST https://ncm.services.nconprem-10-53-60-173.ccpnx.com/v1/cg/config/rate-cards
2026-02-03 09:14:29 - create_rate_cards - INFO - [STATUS CODE] 200
2026-02-03 09:14:29 - create_rate_cards - INFO - [TIME TAKEN] 0.5521 seconds (552.12 ms)
2026-02-03 09:14:29 - create_rate_cards - INFO - [RESPONSE CONTENT-TYPE] application/json
2026-02-03 09:14:29 - create_rate_cards - INFO - [RESPONSE PAYLOAD]
{
  "ids": [
    "0e85a5d9-24a9-4918-b4ef-929e0d607b3d"
  ]
}
2026-02-03 09:14:29 - create_rate_cards - INFO - ✓ [99] Created rate card: st_testing546453_99
2026-02-03 09:14:29 - create_rate_cards - INFO - [API REQUEST] POST https://ncm.services.nconprem-10-53-60-173.ccpnx.com/v1/cg/config/rate-cards
2026-02-03 09:14:29 - create_rate_cards - INFO - [REQUEST JSON PAYLOAD]
{
  "rateCards": [
    {
      "rateCardName": "st_testing546453_100",
      "meteringRates": {
        "vm": {
          "vCpu": {
            "unit": "HOUR",
            "rate": 6
          },
          "vRam": {
            "unit": "HOUR",
            "rate": 65
          },
          "vStorage": {
            "unit": "GIB",
            "rate": 73
          },
          "customConfigs": [
            {
              "description": "st_testing546453_0",
              "value": {
                "unit": "DAY",
                "rate": 73
              }
            },
            {
              "description": "st_testing546453_1",
              "value": {
                "unit": "DAY",
                "rate": 94
              }
            },
            {
              "description": "st_testing546453_2",
              "value": {
                "unit": "DAY",
                "rate": 56
              }
            },
            {
              "description": "st_testing546453_3",
              "value": {
                "unit": "DAY",
                "rate": 20
              }
            },
            {
              "description": "st_testing546453_4",
              "value": {
                "unit": "DAY",
                "rate": 40
              }
            }
          ]
        }
      },
      "resources": []
    }
  ]
}
2026-02-03 09:14:29 - create_rate_cards - INFO - [API RESPONSE] POST https://ncm.services.nconprem-10-53-60-173.ccpnx.com/v1/cg/config/rate-cards
2026-02-03 09:14:29 - create_rate_cards - INFO - [STATUS CODE] 200
2026-02-03 09:14:29 - create_rate_cards - INFO - [TIME TAKEN] 0.3947 seconds (394.68 ms)
2026-02-03 09:14:29 - create_rate_cards - INFO - [RESPONSE CONTENT-TYPE] application/json
2026-02-03 09:14:29 - create_rate_cards - INFO - [RESPONSE PAYLOAD]
{
  "ids": [
    "c6076446-c290-47f7-b736-b733405e0925"
  ]
}
2026-02-03 09:14:29 - create_rate_cards - INFO - ✓ [100] Created rate card: st_testing546453_100
2026-02-03 09:14:29 - create_rate_cards - INFO - [API REQUEST] POST https://ncm.services.nconprem-10-53-60-173.ccpnx.com/v1/cg/config/rate-cards
2026-02-03 09:14:29 - create_rate_cards - INFO - [REQUEST JSON PAYLOAD]
{
  "rateCards": [
    {
      "rateCardName": "st_testing546453_101",
      "meteringRates": {
        "vm": {
          "vCpu": {
            "unit": "HOUR",
            "rate": 53
          },
          "vRam": {
            "unit": "HOUR",
            "rate": 75
          },
          "vStorage": {
            "unit": "GIB",
            "rate": 47
          },
          "customConfigs": [
            {
              "description": "st_testing546453_0",
              "value": {
                "unit": "DAY",
                "rate": 81
              }
            },
            {
              "description": "st_testing546453_1",
              "value": {
                "unit": "DAY",
                "rate": 98
              }
            },
            {
              "description": "st_testing546453_2",
              "value": {
                "unit": "DAY",
                "rate": 47
              }
            },
            {
              "description": "st_testing546453_3",
              "value": {
                "unit": "DAY",
                "rate": 81
              }
            },
            {
              "description": "st_testing546453_4",
              "value": {
                "unit": "DAY",
                "rate": 97
              }
            }
          ]
        }
      },
      "resources": []
    }
  ]
}
2026-02-03 09:14:30 - create_rate_cards - INFO - [API RESPONSE] POST https://ncm.services.nconprem-10-53-60-173.ccpnx.com/v1/cg/config/rate-cards
2026-02-03 09:14:30 - create_rate_cards - INFO - [STATUS CODE] 200
2026-02-03 09:14:30 - create_rate_cards - INFO - [TIME TAKEN] 0.4184 seconds (418.37 ms)
2026-02-03 09:14:30 - create_rate_cards - INFO - [RESPONSE CONTENT-TYPE] application/json
2026-02-03 09:14:30 - create_rate_cards - INFO - [RESPONSE PAYLOAD]
{
  "ids": [
    "2df60223-0ba8-4e18-9b7f-cd83e759dcf3"
  ]
}
2026-02-03 09:14:30 - create_rate_cards - INFO - ✓ [101] Created rate card: st_testing546453_101
2026-02-03 09:14:30 - create_rate_cards - INFO - [API REQUEST] POST https://ncm.services.nconprem-10-53-60-173.ccpnx.com/v1/cg/config/rate-cards
2026-02-03 09:14:30 - create_rate_cards - INFO - [REQUEST JSON PAYLOAD]
{
  "rateCards": [
    {
      "rateCardName": "st_testing546453_102",
      "meteringRates": {
        "vm": {
          "vCpu": {
            "unit": "HOUR",
            "rate": 80
          },
          "vRam": {
            "unit": "HOUR",
            "rate": 70
          },
          "vStorage": {
            "unit": "GIB",
            "rate": 90
          },
          "customConfigs": [
            {
              "description": "st_testing546453_0",
              "value": {
                "unit": "DAY",
                "rate": 64
              }
            },
            {
              "description": "st_testing546453_1",
              "value": {
                "unit": "DAY",
                "rate": 37
              }
            },
            {
              "description": "st_testing546453_2",
              "value": {
                "unit": "DAY",
                "rate": 6
              }
            },
            {
              "description": "st_testing546453_3",
              "value": {
                "unit": "DAY",
                "rate": 43
              }
            },
            {
              "description": "st_testing546453_4",
              "value": {
                "unit": "DAY",
                "rate": 55
              }
            }
          ]
        }
      },
      "resources": []
    }
  ]
}
2026-02-03 09:14:30 - create_rate_cards - INFO - [API RESPONSE] POST https://ncm.services.nconprem-10-53-60-173.ccpnx.com/v1/cg/config/rate-cards
2026-02-03 09:14:30 - create_rate_cards - INFO - [STATUS CODE] 200
2026-02-03 09:14:30 - create_rate_cards - INFO - [TIME TAKEN] 0.4151 seconds (415.06 ms)
2026-02-03 09:14:30 - create_rate_cards - INFO - [RESPONSE CONTENT-TYPE] application/json
2026-02-03 09:14:30 - create_rate_cards - INFO - [RESPONSE PAYLOAD]
{
  "ids": [
    "d0bec6b8-f192-441b-aeac-de834d6bd5a1"
  ]
}
2026-02-03 09:14:30 - create_rate_cards - INFO - ✓ [102] Created rate card: st_testing546453_102
2026-02-03 09:14:30 - create_rate_cards - INFO - [API REQUEST] POST https://ncm.services.nconprem-10-53-60-173.ccpnx.com/v1/cg/config/rate-cards
2026-02-03 09:14:30 - create_rate_cards - INFO - [REQUEST JSON PAYLOAD]
{
  "rateCards": [
    {
      "rateCardName": "st_testing546453_103",
      "meteringRates": {
        "vm": {
          "vCpu": {
            "unit": "HOUR",
            "rate": 37
          },
          "vRam": {
            "unit": "HOUR",
            "rate": 62
          },
          "vStorage": {
            "unit": "GIB",
            "rate": 64
          },
          "customConfigs": [
            {
              "description": "st_testing546453_0",
              "value": {
                "unit": "DAY",
                "rate": 4
              }
            },
            {
              "description": "st_testing546453_1",
              "value": {
                "unit": "DAY",
                "rate": 29
              }
            },
            {
              "description": "st_testing546453_2",
              "value": {
                "unit": "DAY",
                "rate": 50
              }
            },
            {
              "description": "st_testing546453_3",
              "value": {
                "unit": "DAY",
                "rate": 75
              }
            },
            {
              "description": "st_testing546453_4",
              "value": {
                "unit": "DAY",
                "rate": 46
              }
            }
          ]
        }
      },
      "resources": []
    }
  ]
}
2026-02-03 09:14:31 - create_rate_cards - INFO - [API RESPONSE] POST https://ncm.services.nconprem-10-53-60-173.ccpnx.com/v1/cg/config/rate-cards
2026-02-03 09:14:31 - create_rate_cards - INFO - [STATUS CODE] 200
2026-02-03 09:14:31 - create_rate_cards - INFO - [TIME TAKEN] 0.4789 seconds (478.90 ms)
2026-02-03 09:14:31 - create_rate_cards - INFO - [RESPONSE CONTENT-TYPE] application/json
2026-02-03 09:14:31 - create_rate_cards - INFO - [RESPONSE PAYLOAD]
{
  "ids": [
    "79b83f10-fea6-4186-870f-6f69ea8095cc"
  ]
}
2026-02-03 09:14:31 - create_rate_cards - INFO - ✓ [103] Created rate card: st_testing546453_103
2026-02-03 09:14:31 - create_rate_cards - INFO - [API REQUEST] POST https://ncm.services.nconprem-10-53-60-173.ccpnx.com/v1/cg/config/rate-cards
2026-02-03 09:14:31 - create_rate_cards - INFO - [REQUEST JSON PAYLOAD]
{
  "rateCards": [
    {
      "rateCardName": "st_testing546453_104",
      "meteringRates": {
        "vm": {
          "vCpu": {
            "unit": "HOUR",
            "rate": 10
          },
          "vRam": {
            "unit": "HOUR",
            "rate": 14
          },
          "vStorage": {
            "unit": "GIB",
            "rate": 80
          },
          "customConfigs": [
            {
              "description": "st_testing546453_0",
              "value": {
                "unit": "DAY",
                "rate": 12
              }
            },
            {
              "description": "st_testing546453_1",
              "value": {
                "unit": "DAY",
                "rate": 90
              }
            },
            {
              "description": "st_testing546453_2",
              "value": {
                "unit": "DAY",
                "rate": 13
              }
            },
            {
              "description": "st_testing546453_3",
              "value": {
                "unit": "DAY",
                "rate": 70
              }
            },
            {
              "description": "st_testing546453_4",
              "value": {
                "unit": "DAY",
                "rate": 44
              }
            }
          ]
        }
      },
      "resources": []
    }
  ]
}
2026-02-03 09:14:31 - create_rate_cards - INFO - [API RESPONSE] POST https://ncm.services.nconprem-10-53-60-173.ccpnx.com/v1/cg/config/rate-cards
2026-02-03 09:14:31 - create_rate_cards - INFO - [STATUS CODE] 200
2026-02-03 09:14:31 - create_rate_cards - INFO - [TIME TAKEN] 0.3753 seconds (375.35 ms)
2026-02-03 09:14:31 - create_rate_cards - INFO - [RESPONSE CONTENT-TYPE] application/json
2026-02-03 09:14:31 - create_rate_cards - INFO - [RESPONSE PAYLOAD]
{
  "ids": [
    "b5315e41-86c9-47ce-aeb1-af96dc99cdd3"
  ]
}
2026-02-03 09:14:31 - create_rate_cards - INFO - ✓ [104] Created rate card: st_testing546453_104
2026-02-03 09:14:31 - create_rate_cards - INFO - [API REQUEST] POST https://ncm.services.nconprem-10-53-60-173.ccpnx.com/v1/cg/config/rate-cards
2026-02-03 09:14:31 - create_rate_cards - INFO - [REQUEST JSON PAYLOAD]
{
  "rateCards": [
    {
      "rateCardName": "st_testing546453_105",
      "meteringRates": {
        "vm": {
          "vCpu": {
            "unit": "HOUR",
            "rate": 77
          },
          "vRam": {
            "unit": "HOUR",
            "rate": 43
          },
          "vStorage": {
            "unit": "GIB",
            "rate": 92
          },
          "customConfigs": [
            {
              "description": "st_testing546453_0",
              "value": {
                "unit": "DAY",
                "rate": 39
              }
            },
            {
              "description": "st_testing546453_1",
              "value": {
                "unit": "DAY",
                "rate": 27
              }
            },
            {
              "description": "st_testing546453_2",
              "value": {
                "unit": "DAY",
                "rate": 56
              }
            },
            {
              "description": "st_testing546453_3",
              "value": {
                "unit": "DAY",
                "rate": 52
              }
            },
            {
              "description": "st_testing546453_4",
              "value": {
                "unit": "DAY",
                "rate": 12
              }
            }
          ]
        }
      },
      "resources": []
    }
  ]
}
2026-02-03 09:14:31 - create_rate_cards - INFO - [API RESPONSE] POST https://ncm.services.nconprem-10-53-60-173.ccpnx.com/v1/cg/config/rate-cards
2026-02-03 09:14:31 - create_rate_cards - INFO - [STATUS CODE] 200
2026-02-03 09:14:31 - create_rate_cards - INFO - [TIME TAKEN] 0.4037 seconds (403.67 ms)
2026-02-03 09:14:31 - create_rate_cards - INFO - [RESPONSE CONTENT-TYPE] application/json
2026-02-03 09:14:31 - create_rate_cards - INFO - [RESPONSE PAYLOAD]
{
  "ids": [
    "39bd8fc9-7d1c-44bf-bd0b-2152052eed8b"
  ]
}
2026-02-03 09:14:31 - create_rate_cards - INFO - ✓ [105] Created rate card: st_testing546453_105
2026-02-03 09:14:31 - create_rate_cards - INFO - [API REQUEST] POST https://ncm.services.nconprem-10-53-60-173.ccpnx.com/v1/cg/config/rate-cards
2026-02-03 09:14:31 - create_rate_cards - INFO - [REQUEST JSON PAYLOAD]
{
  "rateCards": [
    {
      "rateCardName": "st_testing546453_106",
      "meteringRates": {
        "vm": {
          "vCpu": {
            "unit": "HOUR",
            "rate": 10
          },
          "vRam": {
            "unit": "HOUR",
            "rate": 30
          },
          "vStorage": {
            "unit": "GIB",
            "rate": 88
          },
          "customConfigs": [
            {
              "description": "st_testing546453_0",
              "value": {
                "unit": "DAY",
                "rate": 43
              }
            },
            {
              "description": "st_testing546453_1",
              "value": {
                "unit": "DAY",
                "rate": 71
              }
            },
            {
              "description": "st_testing546453_2",
              "value": {
                "unit": "DAY",
                "rate": 36
              }
            },
            {
              "description": "st_testing546453_3",
              "value": {
                "unit": "DAY",
                "rate": 68
              }
            },
            {
              "description": "st_testing546453_4",
              "value": {
                "unit": "DAY",
                "rate": 76
              }
            }
          ]
        }
      },
      "resources": []
    }
  ]
}
2026-02-03 09:14:32 - create_rate_cards - INFO - [API RESPONSE] POST https://ncm.services.nconprem-10-53-60-173.ccpnx.com/v1/cg/config/rate-cards
2026-02-03 09:14:32 - create_rate_cards - INFO - [STATUS CODE] 429
2026-02-03 09:14:32 - create_rate_cards - INFO - [TIME TAKEN] 0.4750 seconds (474.97 ms)
2026-02-03 09:14:32 - create_rate_cards - INFO - [RESPONSE CONTENT-TYPE] application/json
2026-02-03 09:14:32 - create_rate_cards - INFO - [RESPONSE PAYLOAD]
{
  "errorCode": "IM2071",
  "errorMessage": "Request Limit Breached",
  "errorDetails": "",
  "errors": {}
}
2026-02-03 09:14:32 - create_rate_cards - WARNING - Rate limit breached, deleting rate cards...
2026-02-03 09:14:32 - create_rate_cards - INFO - [API REQUEST] POST https://ncm.services.nconprem-10-53-60-173.ccpnx.com/v1/cg/config/rate-cards/actions/get-rate-cards?limit=100&offset=0
2026-02-03 09:14:32 - create_rate_cards - INFO - [REQUEST JSON PAYLOAD]
{
  "filters": []
}
2026-02-03 09:14:32 - create_rate_cards - INFO - [API RESPONSE] POST https://ncm.services.nconprem-10-53-60-173.ccpnx.com/v1/cg/config/rate-cards/actions/get-rate-cards?limit=100&offset=0
2026-02-03 09:14:32 - create_rate_cards - INFO - [STATUS CODE] 200
2026-02-03 09:14:32 - create_rate_cards - INFO - [TIME TAKEN] 0.3140 seconds (313.96 ms)
2026-02-03 09:14:32 - create_rate_cards - INFO - [RESPONSE CONTENT-TYPE] application/json
2026-02-03 09:14:32 - create_rate_cards - INFO - [RESPONSE PAYLOAD]
{
  "totalCount": 100,
  "data": [
    {
      "rateCardId": "0bce47f9-3455-4015-879b-868a4d8a070b",
      "rateCardName": "st_testing546453_10",
      "lastModifiedBy": {
        "name": "admin",
        "email": ""
      },
      "lastModifiedAt": 1770110033,
      "createdBy": {
        "name": "admin",
        "email": ""
      },
      "createdAt": 1770110033,
      "meteringRates": {
        "vm": {
          "vRam": {
            "rate": 70,
            "unit": "HOUR"
          },
          "vStorage": {
            "rate": 95,
            "unit": "GIB"
          },
          "vCpu": {
            "rate": 49,
            "unit": "HOUR"
          },
          "customConfigs": [
            {
              "description": "st_testing546453_0",
              "value": {
                "rate": 99,
                "unit": "DAY"
              }
            },
            {
              "description": "st_testing546453_1",
              "value": {
                "rate": 84,
                "unit": "DAY"
              }
            },
            {
              "description": "st_testing546453_2",
              "value": {
                "rate": 17,
                "unit": "DAY"
              }
            },
            {
              "description": "st_testing546453_3",
              "value": {
                "rate": 37,
                "unit": "DAY"
              }
            },
            {
              "description": "st_testing546453_4",
              "value": {
                "rate": 24,
                "unit": "DAY"
              }
            }
          ]
        },
        "vmSnapshot": {
          "vStorage": {
            "rate": 0,
            "unit": "GIB"
          }
        },
        "objects": {
          "vStorage": {
            "rate": 0,
            "unit": "GIB"
          }
        },
        "files": {
          "vStorage": {
            "rate": 0,
            "unit": "GIB"
          }
        }
      },
      "resources": [],
      "
... (truncated)
2026-02-03 09:14:32 - create_rate_cards - INFO - Deleting rate card: st_testing546453_10
2026-02-03 09:14:32 - create_rate_cards - INFO - [API REQUEST] DELETE https://ncm.services.nconprem-10-53-60-173.ccpnx.com/v1/cg/config/rate-cards?rateCardIds=0bce47f9-3455-4015-879b-868a4d8a070b
2026-02-03 09:14:33 - create_rate_cards - INFO - [API RESPONSE] DELETE https://ncm.services.nconprem-10-53-60-173.ccpnx.com/v1/cg/config/rate-cards?rateCardIds=0bce47f9-3455-4015-879b-868a4d8a070b
2026-02-03 09:14:33 - create_rate_cards - INFO - [STATUS CODE] 200
2026-02-03 09:14:33 - create_rate_cards - INFO - [TIME TAKEN] 0.3227 seconds (322.69 ms)
2026-02-03 09:14:33 - create_rate_cards - INFO - [RESPONSE CONTENT-TYPE] application/json
2026-02-03 09:14:33 - create_rate_cards - INFO - [RESPONSE PAYLOAD]
{
  "message": "Delete Success"
}
2026-02-03 09:14:33 - create_rate_cards - INFO - ✓ Deleted rate card: st_testing546453_10
2026-02-03 09:14:33 - create_rate_cards - INFO - Deleting rate card: st_testing546453_100
2026-02-03 09:14:33 - create_rate_cards - INFO - [API REQUEST] DELETE https://ncm.services.nconprem-10-53-60-173.ccpnx.com/v1/cg/config/rate-cards?rateCardIds=c6076446-c290-47f7-b736-b733405e0925
2026-02-03 09:14:33 - create_rate_cards - INFO - [API RESPONSE] DELETE https://ncm.services.nconprem-10-53-60-173.ccpnx.com/v1/cg/config/rate-cards?rateCardIds=c6076446-c290-47f7-b736-b733405e0925
2026-02-03 09:14:33 - create_rate_cards - INFO - [STATUS CODE] 200
2026-02-03 09:14:33 - create_rate_cards - INFO - [TIME TAKEN] 0.2719 seconds (271.87 ms)
2026-02-03 09:14:33 - create_rate_cards - INFO - [RESPONSE CONTENT-TYPE] application/json
2026-02-03 09:14:33 - create_rate_cards - INFO - [RESPONSE PAYLOAD]
{
  "message": "Delete Success"
}
2026-02-03 09:14:33 - create_rate_cards - INFO - ✓ Deleted rate card: st_testing546453_100
2026-02-03 09:14:33 - create_rate_cards - INFO - Deleting rate card: st_testing546453_101
2026-02-03 09:14:33 - create_rate_cards - INFO - [API REQUEST] DELETE https://ncm.services.nconprem-10-53-60-173.ccpnx.com/v1/cg/config/rate-cards?rateCardIds=2df60223-0ba8-4e18-9b7f-cd83e759dcf3
2026-02-03 09:14:34 - create_rate_cards - INFO - [API RESPONSE] DELETE https://ncm.services.nconprem-10-53-60-173.ccpnx.com/v1/cg/config/rate-cards?rateCardIds=2df60223-0ba8-4e18-9b7f-cd83e759dcf3
2026-02-03 09:14:34 - create_rate_cards - INFO - [STATUS CODE] 200
2026-02-03 09:14:34 - create_rate_cards - INFO - [TIME TAKEN] 0.7408 seconds (740.81 ms)
2026-02-03 09:14:34 - create_rate_cards - INFO - [RESPONSE CONTENT-TYPE] application/json
2026-02-03 09:14:34 - create_rate_cards - INFO - [RESPONSE PAYLOAD]
{
  "message": "Delete Success"
}
2026-02-03 09:14:34 - create_rate_cards - INFO - ✓ Deleted rate card: st_testing546453_101
2026-02-03 09:14:34 - create_rate_cards - INFO - Deleting rate card: st_testing546453_102
2026-02-03 09:14:34 - create_rate_cards - INFO - [API REQUEST] DELETE https://ncm.services.nconprem-10-53-60-173.ccpnx.com/v1/cg/config/rate-cards?rateCardIds=d0bec6b8-f192-441b-aeac-de834d6bd5a1
2026-02-03 09:14:34 - create_rate_cards - INFO - [API RESPONSE] DELETE https://ncm.services.nconprem-10-53-60-173.ccpnx.com/v1/cg/config/rate-cards?rateCardIds=d0bec6b8-f192-441b-aeac-de834d6bd5a1
2026-02-03 09:14:34 - create_rate_cards - INFO - [STATUS CODE] 200
2026-02-03 09:14:34 - create_rate_cards - INFO - [TIME TAKEN] 0.4686 seconds (468.59 ms)
2026-02-03 09:14:34 - create_rate_cards - INFO - [RESPONSE CONTENT-TYPE] application/json
2026-02-03 09:14:34 - create_rate_cards - INFO - [RESPONSE PAYLOAD]
{
  "message": "Delete Success"
}
2026-02-03 09:14:34 - create_rate_cards - INFO - ✓ Deleted rate card: st_testing546453_102
2026-02-03 09:14:34 - create_rate_cards - INFO - Deleting rate card: st_testing546453_103
2026-02-03 09:14:34 - create_rate_cards - INFO - [API REQUEST] DELETE https://ncm.services.nconprem-10-53-60-173.ccpnx.com/v1/cg/config/rate-cards?rateCardIds=79b83f10-fea6-4186-870f-6f69ea8095cc
2026-02-03 09:14:34 - create_rate_cards - INFO - [API RESPONSE] DELETE https://ncm.services.nconprem-10-53-60-173.ccpnx.com/v1/cg/config/rate-cards?rateCardIds=79b83f10-fea6-4186-870f-6f69ea8095cc
2026-02-03 09:14:34 - create_rate_cards - INFO - [STATUS CODE] 200
2026-02-03 09:14:34 - create_rate_cards - INFO - [TIME TAKEN] 0.3026 seconds (302.55 ms)
2026-02-03 09:14:34 - create_rate_cards - INFO - [RESPONSE CONTENT-TYPE] application/json
2026-02-03 09:14:34 - create_rate_cards - INFO - [RESPONSE PAYLOAD]
{
  "message": "Delete Success"
}
2026-02-03 09:14:34 - create_rate_cards - INFO - ✓ Deleted rate card: st_testing546453_103
2026-02-03 09:14:34 - create_rate_cards - INFO - Deleting rate card: st_testing546453_104
2026-02-03 09:14:34 - create_rate_cards - INFO - [API REQUEST] DELETE https://ncm.services.nconprem-10-53-60-173.ccpnx.com/v1/cg/config/rate-cards?rateCardIds=b5315e41-86c9-47ce-aeb1-af96dc99cdd3
2026-02-03 09:14:35 - create_rate_cards - INFO - [API RESPONSE] DELETE https://ncm.services.nconprem-10-53-60-173.ccpnx.com/v1/cg/config/rate-cards?rateCardIds=b5315e41-86c9-47ce-aeb1-af96dc99cdd3
2026-02-03 09:14:35 - create_rate_cards - INFO - [STATUS CODE] 200
2026-02-03 09:14:35 - create_rate_cards - INFO - [TIME TAKEN] 0.2638 seconds (263.84 ms)
2026-02-03 09:14:35 - create_rate_cards - INFO - [RESPONSE CONTENT-TYPE] application/json
2026-02-03 09:14:35 - create_rate_cards - INFO - [RESPONSE PAYLOAD]
{
  "message": "Delete Success"
}
2026-02-03 09:14:35 - create_rate_cards - INFO - ✓ Deleted rate card: st_testing546453_104
2026-02-03 09:14:35 - create_rate_cards - INFO - Deleting rate card: st_testing546453_105
2026-02-03 09:14:35 - create_rate_cards - INFO - [API REQUEST] DELETE https://ncm.services.nconprem-10-53-60-173.ccpnx.com/v1/cg/config/rate-cards?rateCardIds=39bd8fc9-7d1c-44bf-bd0b-2152052eed8b
2026-02-03 09:14:35 - create_rate_cards - INFO - [API RESPONSE] DELETE https://ncm.services.nconprem-10-53-60-173.ccpnx.com/v1/cg/config/rate-cards?rateCardIds=39bd8fc9-7d1c-44bf-bd0b-2152052eed8b
2026-02-03 09:14:35 - create_rate_cards - INFO - [STATUS CODE] 200
2026-02-03 09:14:35 - create_rate_cards - INFO - [TIME TAKEN] 0.3174 seconds (317.35 ms)
2026-02-03 09:14:35 - create_rate_cards - INFO - [RESPONSE CONTENT-TYPE] application/json
2026-02-03 09:14:35 - create_rate_cards - INFO - [RESPONSE PAYLOAD]
{
  "message": "Delete Success"
}
2026-02-03 09:14:35 - create_rate_cards - INFO - ✓ Deleted rate card: st_testing546453_105
2026-02-03 09:14:35 - create_rate_cards - INFO - Deleting rate card: st_testing546453_11
2026-02-03 09:14:35 - create_rate_cards - INFO - [API REQUEST] DELETE https://ncm.services.nconprem-10-53-60-173.ccpnx.com/v1/cg/config/rate-cards?rateCardIds=d2605117-2da7-4a8d-b856-8e3201b94ebe
2026-02-03 09:14:35 - create_rate_cards - INFO - [API RESPONSE] DELETE https://ncm.services.nconprem-10-53-60-173.ccpnx.com/v1/cg/config/rate-cards?rateCardIds=d2605117-2da7-4a8d-b856-8e3201b94ebe
2026-02-03 09:14:35 - create_rate_cards - INFO - [STATUS CODE] 200
2026-02-03 09:14:35 - create_rate_cards - INFO - [TIME TAKEN] 0.2589 seconds (258.86 ms)
2026-02-03 09:14:35 - create_rate_cards - INFO - [RESPONSE CONTENT-TYPE] application/json
2026-02-03 09:14:35 - create_rate_cards - INFO - [RESPONSE PAYLOAD]
{
  "message": "Delete Success"
}
2026-02-03 09:14:35 - create_rate_cards - INFO - ✓ Deleted rate card: st_testing546453_11
2026-02-03 09:14:35 - create_rate_cards - INFO - Deleting rate card: st_testing546453_12
2026-02-03 09:14:35 - create_rate_cards - INFO - [API REQUEST] DELETE https://ncm.services.nconprem-10-53-60-173.ccpnx.com/v1/cg/config/rate-cards?rateCardIds=66fbab09-630b-413f-9d71-0f2750cce955
2026-02-03 09:14:35 - create_rate_cards - INFO - [API RESPONSE] DELETE https://ncm.services.nconprem-10-53-60-173.ccpnx.com/v1/cg/config/rate-cards?rateCardIds=66fbab09-630b-413f-9d71-0f2750cce955
2026-02-03 09:14:35 - create_rate_cards - INFO - [STATUS CODE] 200
2026-02-03 09:14:35 - create_rate_cards - INFO - [TIME TAKEN] 0.2226 seconds (222.59 ms)
2026-02-03 09:14:35 - create_rate_cards - INFO - [RESPONSE CONTENT-TYPE] application/json
2026-02-03 09:14:35 - create_rate_cards - INFO - [RESPONSE PAYLOAD]
{
  "message": "Delete Success"
}
2026-02-03 09:14:35 - create_rate_cards - INFO - ✓ Deleted rate card: st_testing546453_12
2026-02-03 09:14:35 - create_rate_cards - INFO - Deleting rate card: st_testing546453_13
2026-02-03 09:14:35 - create_rate_cards - INFO - [API REQUEST] DELETE https://ncm.services.nconprem-10-53-60-173.ccpnx.com/v1/cg/config/rate-cards?rateCardIds=73d25eae-05b4-444c-9a83-43fc2ce48648
2026-02-03 09:14:36 - create_rate_cards - INFO - [API RESPONSE] DELETE https://ncm.services.nconprem-10-53-60-173.ccpnx.com/v1/cg/config/rate-cards?rateCardIds=73d25eae-05b4-444c-9a83-43fc2ce48648
2026-02-03 09:14:36 - create_rate_cards - INFO - [STATUS CODE] 200
2026-02-03 09:14:36 - create_rate_cards - INFO - [TIME TAKEN] 0.2987 seconds (298.72 ms)
2026-02-03 09:14:36 - create_rate_cards - INFO - [RESPONSE CONTENT-TYPE] application/json
2026-02-03 09:14:36 - create_rate_cards - INFO - [RESPONSE PAYLOAD]
{
  "message": "Delete Success"
}
2026-02-03 09:14:36 - create_rate_cards - INFO - ✓ Deleted rate card: st_testing546453_13
2026-02-03 09:14:36 - create_rate_cards - INFO - Deleting rate card: st_testing546453_14
2026-02-03 09:14:36 - create_rate_cards - INFO - [API REQUEST] DELETE https://ncm.services.nconprem-10-53-60-173.ccpnx.com/v1/cg/config/rate-cards?rateCardIds=9a939a7b-e636-43af-8677-e9178e1ff275
2026-02-03 09:14:36 - create_rate_cards - INFO - [API RESPONSE] DELETE https://ncm.services.nconprem-10-53-60-173.ccpnx.com/v1/cg/config/rate-cards?rateCardIds=9a939a7b-e636-43af-8677-e9178e1ff275
2026-02-03 09:14:36 - create_rate_cards - INFO - [STATUS CODE] 200
2026-02-03 09:14:36 - create_rate_cards - INFO - [TIME TAKEN] 0.3044 seconds (304.45 ms)
2026-02-03 09:14:36 - create_rate_cards - INFO - [RESPONSE CONTENT-TYPE] application/json
2026-02-03 09:14:36 - create_rate_cards - INFO - [RESPONSE PAYLOAD]
{
  "message": "Delete Success"
}
2026-02-03 09:14:36 - create_rate_cards - INFO - ✓ Deleted rate card: st_testing546453_14
2026-02-03 09:14:36 - create_rate_cards - INFO - Deleting rate card: st_testing546453_15
2026-02-03 09:14:36 - create_rate_cards - INFO - [API REQUEST] DELETE https://ncm.services.nconprem-10-53-60-173.ccpnx.com/v1/cg/config/rate-cards?rateCardIds=f7499d79-ead6-4751-a21d-c00186c2a1d0
2026-02-03 09:14:36 - create_rate_cards - INFO - [API RESPONSE] DELETE https://ncm.services.nconprem-10-53-60-173.ccpnx.com/v1/cg/config/rate-cards?rateCardIds=f7499d79-ead6-4751-a21d-c00186c2a1d0
2026-02-03 09:14:36 - create_rate_cards - INFO - [STATUS CODE] 200
2026-02-03 09:14:36 - create_rate_cards - INFO - [TIME TAKEN] 0.2621 seconds (262.08 ms)
2026-02-03 09:14:36 - create_rate_cards - INFO - [RESPONSE CONTENT-TYPE] application/json
2026-02-03 09:14:36 - create_rate_cards - INFO - [RESPONSE PAYLOAD]
{
  "message": "Delete Success"
}
2026-02-03 09:14:36 - create_rate_cards - INFO - ✓ Deleted rate card: st_testing546453_15
2026-02-03 09:14:36 - create_rate_cards - INFO - Deleting rate card: st_testing546453_16
2026-02-03 09:14:36 - create_rate_cards - INFO - [API REQUEST] DELETE https://ncm.services.nconprem-10-53-60-173.ccpnx.com/v1/cg/config/rate-cards?rateCardIds=69d654de-7094-47db-bb20-eca704119384
2026-02-03 09:14:37 - create_rate_cards - INFO - [API RESPONSE] DELETE https://ncm.services.nconprem-10-53-60-173.ccpnx.com/v1/cg/config/rate-cards?rateCardIds=69d654de-7094-47db-bb20-eca704119384
2026-02-03 09:14:37 - create_rate_cards - INFO - [STATUS CODE] 200
2026-02-03 09:14:37 - create_rate_cards - INFO - [TIME TAKEN] 0.3918 seconds (391.83 ms)
2026-02-03 09:14:37 - create_rate_cards - INFO - [RESPONSE CONTENT-TYPE] application/json
2026-02-03 09:14:37 - create_rate_cards - INFO - [RESPONSE PAYLOAD]
{
  "message": "Delete Success"
}
2026-02-03 09:14:37 - create_rate_cards - INFO - ✓ Deleted rate card: st_testing546453_16
2026-02-03 09:14:37 - create_rate_cards - INFO - Deleting rate card: st_testing546453_17
2026-02-03 09:14:37 - create_rate_cards - INFO - [API REQUEST] DELETE https://ncm.services.nconprem-10-53-60-173.ccpnx.com/v1/cg/config/rate-cards?rateCardIds=8e7409e7-9dad-46ff-b7e2-f7d80c8fd4f5
2026-02-03 09:14:37 - create_rate_cards - INFO - [API RESPONSE] DELETE https://ncm.services.nconprem-10-53-60-173.ccpnx.com/v1/cg/config/rate-cards?rateCardIds=8e7409e7-9dad-46ff-b7e2-f7d80c8fd4f5
2026-02-03 09:14:37 - create_rate_cards - INFO - [STATUS CODE] 200
2026-02-03 09:14:37 - create_rate_cards - INFO - [TIME TAKEN] 0.2280 seconds (227.98 ms)
2026-02-03 09:14:37 - create_rate_cards - INFO - [RESPONSE CONTENT-TYPE] application/json
2026-02-03 09:14:37 - create_rate_cards - INFO - [RESPONSE PAYLOAD]
{
  "message": "Delete Success"
}
2026-02-03 09:14:37 - create_rate_cards - INFO - ✓ Deleted rate card: st_testing546453_17
2026-02-03 09:14:37 - create_rate_cards - INFO - Deleting rate card: st_testing546453_18
2026-02-03 09:14:37 - create_rate_cards - INFO - [API REQUEST] DELETE https://ncm.services.nconprem-10-53-60-173.ccpnx.com/v1/cg/config/rate-cards?rateCardIds=c8fdbd51-c29c-4b1c-ae28-b5baf27f5237
2026-02-03 09:14:37 - create_rate_cards - INFO - [API RESPONSE] DELETE https://ncm.services.nconprem-10-53-60-173.ccpnx.com/v1/cg/config/rate-cards?rateCardIds=c8fdbd51-c29c-4b1c-ae28-b5baf27f5237
2026-02-03 09:14:37 - create_rate_cards - INFO - [STATUS CODE] 200
2026-02-03 09:14:37 - create_rate_cards - INFO - [TIME TAKEN] 0.2792 seconds (279.22 ms)
2026-02-03 09:14:37 - create_rate_cards - INFO - [RESPONSE CONTENT-TYPE] application/json
2026-02-03 09:14:37 - create_rate_cards - INFO - [RESPONSE PAYLOAD]
{
  "message": "Delete Success"
}
2026-02-03 09:14:37 - create_rate_cards - INFO - ✓ Deleted rate card: st_testing546453_18
2026-02-03 09:14:37 - create_rate_cards - INFO - Deleting rate card: st_testing546453_19
2026-02-03 09:14:37 - create_rate_cards - INFO - [API REQUEST] DELETE https://ncm.services.nconprem-10-53-60-173.ccpnx.com/v1/cg/config/rate-cards?rateCardIds=65697457-ff35-46a0-82ad-e04e2e653699
2026-02-03 09:14:37 - create_rate_cards - INFO - [API RESPONSE] DELETE https://ncm.services.nconprem-10-53-60-173.ccpnx.com/v1/cg/config/rate-cards?rateCardIds=65697457-ff35-46a0-82ad-e04e2e653699
2026-02-03 09:14:37 - create_rate_cards - INFO - [STATUS CODE] 200
2026-02-03 09:14:37 - create_rate_cards - INFO - [TIME TAKEN] 0.2456 seconds (245.62 ms)
2026-02-03 09:14:37 - create_rate_cards - INFO - [RESPONSE CONTENT-TYPE] application/json
2026-02-03 09:14:37 - create_rate_cards - INFO - [RESPONSE PAYLOAD]
{
  "message": "Delete Success"
}
2026-02-03 09:14:37 - create_rate_cards - INFO - ✓ Deleted rate card: st_testing546453_19
2026-02-03 09:14:37 - create_rate_cards - INFO - Deleting rate card: st_testing546453_20
2026-02-03 09:14:37 - create_rate_cards - INFO - [API REQUEST] DELETE https://ncm.services.nconprem-10-53-60-173.ccpnx.com/v1/cg/config/rate-cards?rateCardIds=d650c222-4598-4b0d-a9fa-289065bfecda
2026-02-03 09:14:38 - create_rate_cards - INFO - [API RESPONSE] DELETE https://ncm.services.nconprem-10-53-60-173.ccpnx.com/v1/cg/config/rate-cards?rateCardIds=d650c222-4598-4b0d-a9fa-289065bfecda
2026-02-03 09:14:38 - create_rate_cards - INFO - [STATUS CODE] 200
2026-02-03 09:14:38 - create_rate_cards - INFO - [TIME TAKEN] 0.2678 seconds (267.78 ms)
2026-02-03 09:14:38 - create_rate_cards - INFO - [RESPONSE CONTENT-TYPE] application/json
2026-02-03 09:14:38 - create_rate_cards - INFO - [RESPONSE PAYLOAD]
{
  "message": "Delete Success"
}
2026-02-03 09:14:38 - create_rate_cards - INFO - ✓ Deleted rate card: st_testing546453_20
2026-02-03 09:14:38 - create_rate_cards - INFO - Deleting rate card: st_testing546453_21
2026-02-03 09:14:38 - create_rate_cards - INFO - [API REQUEST] DELETE https://ncm.services.nconprem-10-53-60-173.ccpnx.com/v1/cg/config/rate-cards?rateCardIds=74623764-c169-4ce1-b658-c2921a8c97aa
2026-02-03 09:14:38 - create_rate_cards - INFO - [API RESPONSE] DELETE https://ncm.services.nconprem-10-53-60-173.ccpnx.com/v1/cg/config/rate-cards?rateCardIds=74623764-c169-4ce1-b658-c2921a8c97aa
2026-02-03 09:14:38 - create_rate_cards - INFO - [STATUS CODE] 200
2026-02-03 09:14:38 - create_rate_cards - INFO - [TIME TAKEN] 0.3188 seconds (318.84 ms)
2026-02-03 09:14:38 - create_rate_cards - INFO - [RESPONSE CONTENT-TYPE] application/json
2026-02-03 09:14:38 - create_rate_cards - INFO - [RESPONSE PAYLOAD]
{
  "message": "Delete Success"
}
2026-02-03 09:14:38 - create_rate_cards - INFO - ✓ Deleted rate card: st_testing546453_21
2026-02-03 09:14:38 - create_rate_cards - INFO - Deleting rate card: st_testing546453_22
2026-02-03 09:14:38 - create_rate_cards - INFO - [API REQUEST] DELETE https://ncm.services.nconprem-10-53-60-173.ccpnx.com/v1/cg/config/rate-cards?rateCardIds=5c24d099-a616-4634-8b21-4fc53c84bd76
2026-02-03 09:14:38 - create_rate_cards - INFO - [API RESPONSE] DELETE https://ncm.services.nconprem-10-53-60-173.ccpnx.com/v1/cg/config/rate-cards?rateCardIds=5c24d099-a616-4634-8b21-4fc53c84bd76
2026-02-03 09:14:38 - create_rate_cards - INFO - [STATUS CODE] 200
2026-02-03 09:14:38 - create_rate_cards - INFO - [TIME TAKEN] 0.2418 seconds (241.79 ms)
2026-02-03 09:14:38 - create_rate_cards - INFO - [RESPONSE CONTENT-TYPE] application/json
2026-02-03 09:14:38 - create_rate_cards - INFO - [RESPONSE PAYLOAD]
{
  "message": "Delete Success"
}
2026-02-03 09:14:38 - create_rate_cards - INFO - ✓ Deleted rate card: st_testing546453_22
2026-02-03 09:14:38 - create_rate_cards - INFO - Deleting rate card: st_testing546453_23
2026-02-03 09:14:38 - create_rate_cards - INFO - [API REQUEST] DELETE https://ncm.services.nconprem-10-53-60-173.ccpnx.com/v1/cg/config/rate-cards?rateCardIds=25ae4425-4356-46d0-a9d8-c269ddf920a9
2026-02-03 09:14:38 - create_rate_cards - INFO - [API RESPONSE] DELETE https://ncm.services.nconprem-10-53-60-173.ccpnx.com/v1/cg/config/rate-cards?rateCardIds=25ae4425-4356-46d0-a9d8-c269ddf920a9
2026-02-03 09:14:38 - create_rate_cards - INFO - [STATUS CODE] 200
2026-02-03 09:14:38 - create_rate_cards - INFO - [TIME TAKEN] 0.1861 seconds (186.09 ms)
2026-02-03 09:14:38 - create_rate_cards - INFO - [RESPONSE CONTENT-TYPE] application/json
2026-02-03 09:14:38 - create_rate_cards - INFO - [RESPONSE PAYLOAD]
{
  "message": "Delete Success"
}
2026-02-03 09:14:38 - create_rate_cards - INFO - ✓ Deleted rate card: st_testing546453_23
2026-02-03 09:14:38 - create_rate_cards - INFO - Deleting rate card: st_testing546453_24
2026-02-03 09:14:38 - create_rate_cards - INFO - [API REQUEST] DELETE https://ncm.services.nconprem-10-53-60-173.ccpnx.com/v1/cg/config/rate-cards?rateCardIds=2fe35f85-0b1d-4d80-a19e-79c4bafede1f
2026-02-03 09:14:39 - create_rate_cards - INFO - [API RESPONSE] DELETE https://ncm.services.nconprem-10-53-60-173.ccpnx.com/v1/cg/config/rate-cards?rateCardIds=2fe35f85-0b1d-4d80-a19e-79c4bafede1f
2026-02-03 09:14:39 - create_rate_cards - INFO - [STATUS CODE] 200
2026-02-03 09:14:39 - create_rate_cards - INFO - [TIME TAKEN] 0.2398 seconds (239.79 ms)
2026-02-03 09:14:39 - create_rate_cards - INFO - [RESPONSE CONTENT-TYPE] application/json
2026-02-03 09:14:39 - create_rate_cards - INFO - [RESPONSE PAYLOAD]
{
  "message": "Delete Success"
}
2026-02-03 09:14:39 - create_rate_cards - INFO - ✓ Deleted rate card: st_testing546453_24
2026-02-03 09:14:39 - create_rate_cards - INFO - Deleting rate card: st_testing546453_25
2026-02-03 09:14:39 - create_rate_cards - INFO - [API REQUEST] DELETE https://ncm.services.nconprem-10-53-60-173.ccpnx.com/v1/cg/config/rate-cards?rateCardIds=0ddb13ea-6db0-494d-91c9-5309a2dbef6b
2026-02-03 09:14:39 - create_rate_cards - INFO - [API RESPONSE] DELETE https://ncm.services.nconprem-10-53-60-173.ccpnx.com/v1/cg/config/rate-cards?rateCardIds=0ddb13ea-6db0-494d-91c9-5309a2dbef6b
2026-02-03 09:14:39 - create_rate_cards - INFO - [STATUS CODE] 200
2026-02-03 09:14:39 - create_rate_cards - INFO - [TIME TAKEN] 0.3877 seconds (387.72 ms)
2026-02-03 09:14:39 - create_rate_cards - INFO - [RESPONSE CONTENT-TYPE] application/json
2026-02-03 09:14:39 - create_rate_cards - INFO - [RESPONSE PAYLOAD]
{
  "message": "Delete Success"
}
2026-02-03 09:14:39 - create_rate_cards - INFO - ✓ Deleted rate card: st_testing546453_25
2026-02-03 09:14:39 - create_rate_cards - INFO - Deleting rate card: st_testing546453_26
2026-02-03 09:14:39 - create_rate_cards - INFO - [API REQUEST] DELETE https://ncm.services.nconprem-10-53-60-173.ccpnx.com/v1/cg/config/rate-cards?rateCardIds=b17dd3b4-088b-4f2c-a7b5-45651d1469df
2026-02-03 09:14:39 - create_rate_cards - INFO - [API RESPONSE] DELETE https://ncm.services.nconprem-10-53-60-173.ccpnx.com/v1/cg/config/rate-cards?rateCardIds=b17dd3b4-088b-4f2c-a7b5-45651d1469df
2026-02-03 09:14:39 - create_rate_cards - INFO - [STATUS CODE] 200
2026-02-03 09:14:39 - create_rate_cards - INFO - [TIME TAKEN] 0.1660 seconds (166.00 ms)
2026-02-03 09:14:39 - create_rate_cards - INFO - [RESPONSE CONTENT-TYPE] application/json
2026-02-03 09:14:39 - create_rate_cards - INFO - [RESPONSE PAYLOAD]
{
  "message": "Delete Success"
}
2026-02-03 09:14:39 - create_rate_cards - INFO - ✓ Deleted rate card: st_testing546453_26
2026-02-03 09:14:39 - create_rate_cards - INFO - Deleting rate card: st_testing546453_27
2026-02-03 09:14:39 - create_rate_cards - INFO - [API REQUEST] DELETE https://ncm.services.nconprem-10-53-60-173.ccpnx.com/v1/cg/config/rate-cards?rateCardIds=efc28180-ddd1-4f6c-b2b6-f667a0202dcc
2026-02-03 09:14:39 - create_rate_cards - INFO - [API RESPONSE] DELETE https://ncm.services.nconprem-10-53-60-173.ccpnx.com/v1/cg/config/rate-cards?rateCardIds=efc28180-ddd1-4f6c-b2b6-f667a0202dcc
2026-02-03 09:14:39 - create_rate_cards - INFO - [STATUS CODE] 200
2026-02-03 09:14:39 - create_rate_cards - INFO - [TIME TAKEN] 0.2309 seconds (230.89 ms)
2026-02-03 09:14:39 - create_rate_cards - INFO - [RESPONSE CONTENT-TYPE] application/json
2026-02-03 09:14:39 - create_rate_cards - INFO - [RESPONSE PAYLOAD]
{
  "message": "Delete Success"
}
2026-02-03 09:14:39 - create_rate_cards - INFO - ✓ Deleted rate card: st_testing546453_27
2026-02-03 09:14:39 - create_rate_cards - INFO - Deleting rate card: st_testing546453_28
2026-02-03 09:14:39 - create_rate_cards - INFO - [API REQUEST] DELETE https://ncm.services.nconprem-10-53-60-173.ccpnx.com/v1/cg/config/rate-cards?rateCardIds=d972989c-9fc1-4b39-b324-ecb6f124ff17
2026-02-03 09:14:40 - create_rate_cards - INFO - [API RESPONSE] DELETE https://ncm.services.nconprem-10-53-60-173.ccpnx.com/v1/cg/config/rate-cards?rateCardIds=d972989c-9fc1-4b39-b324-ecb6f124ff17
2026-02-03 09:14:40 - create_rate_cards - INFO - [STATUS CODE] 200
2026-02-03 09:14:40 - create_rate_cards - INFO - [TIME TAKEN] 0.1881 seconds (188.10 ms)
2026-02-03 09:14:40 - create_rate_cards - INFO - [RESPONSE CONTENT-TYPE] application/json
2026-02-03 09:14:40 - create_rate_cards - INFO - [RESPONSE PAYLOAD]
{
  "message": "Delete Success"
}
2026-02-03 09:14:40 - create_rate_cards - INFO - ✓ Deleted rate card: st_testing546453_28
2026-02-03 09:14:40 - create_rate_cards - INFO - Deleting rate card: st_testing546453_29
2026-02-03 09:14:40 - create_rate_cards - INFO - [API REQUEST] DELETE https://ncm.services.nconprem-10-53-60-173.ccpnx.com/v1/cg/config/rate-cards?rateCardIds=d09a5fce-5201-400d-815c-8bcce394c4f6
2026-02-03 09:14:40 - create_rate_cards - INFO - [API RESPONSE] DELETE https://ncm.services.nconprem-10-53-60-173.ccpnx.com/v1/cg/config/rate-cards?rateCardIds=d09a5fce-5201-400d-815c-8bcce394c4f6
2026-02-03 09:14:40 - create_rate_cards - INFO - [STATUS CODE] 200
2026-02-03 09:14:40 - create_rate_cards - INFO - [TIME TAKEN] 0.2506 seconds (250.64 ms)
2026-02-03 09:14:40 - create_rate_cards - INFO - [RESPONSE CONTENT-TYPE] application/json
2026-02-03 09:14:40 - create_rate_cards - INFO - [RESPONSE PAYLOAD]
{
  "message": "Delete Success"
}
2026-02-03 09:14:40 - create_rate_cards - INFO - ✓ Deleted rate card: st_testing546453_29
2026-02-03 09:14:40 - create_rate_cards - INFO - Deleting rate card: st_testing546453_30
2026-02-03 09:14:40 - create_rate_cards - INFO - [API REQUEST] DELETE https://ncm.services.nconprem-10-53-60-173.ccpnx.com/v1/cg/config/rate-cards?rateCardIds=bdca5425-9693-4871-958f-c75800b9282a
2026-02-03 09:14:40 - create_rate_cards - INFO - [API RESPONSE] DELETE https://ncm.services.nconprem-10-53-60-173.ccpnx.com/v1/cg/config/rate-cards?rateCardIds=bdca5425-9693-4871-958f-c75800b9282a
2026-02-03 09:14:40 - create_rate_cards - INFO - [STATUS CODE] 200
2026-02-03 09:14:40 - create_rate_cards - INFO - [TIME TAKEN] 0.2787 seconds (278.74 ms)
2026-02-03 09:14:40 - create_rate_cards - INFO - [RESPONSE CONTENT-TYPE] application/json
2026-02-03 09:14:40 - create_rate_cards - INFO - [RESPONSE PAYLOAD]
{
  "message": "Delete Success"
}
2026-02-03 09:14:40 - create_rate_cards - INFO - ✓ Deleted rate card: st_testing546453_30
2026-02-03 09:14:40 - create_rate_cards - INFO - Deleting rate card: st_testing546453_31
2026-02-03 09:14:40 - create_rate_cards - INFO - [API REQUEST] DELETE https://ncm.services.nconprem-10-53-60-173.ccpnx.com/v1/cg/config/rate-cards?rateCardIds=c89e64f4-81a4-4d3d-8f16-6ea2656ba59c
2026-02-03 09:14:40 - create_rate_cards - INFO - [API RESPONSE] DELETE https://ncm.services.nconprem-10-53-60-173.ccpnx.com/v1/cg/config/rate-cards?rateCardIds=c89e64f4-81a4-4d3d-8f16-6ea2656ba59c
2026-02-03 09:14:40 - create_rate_cards - INFO - [STATUS CODE] 200
2026-02-03 09:14:40 - create_rate_cards - INFO - [TIME TAKEN] 0.2311 seconds (231.11 ms)
2026-02-03 09:14:40 - create_rate_cards - INFO - [RESPONSE CONTENT-TYPE] application/json
2026-02-03 09:14:40 - create_rate_cards - INFO - [RESPONSE PAYLOAD]
{
  "message": "Delete Success"
}
2026-02-03 09:14:40 - create_rate_cards - INFO - ✓ Deleted rate card: st_testing546453_31
2026-02-03 09:14:40 - create_rate_cards - INFO - Deleting rate card: st_testing546453_32
2026-02-03 09:14:40 - create_rate_cards - INFO - [API REQUEST] DELETE https://ncm.services.nconprem-10-53-60-173.ccpnx.com/v1/cg/config/rate-cards?rateCardIds=369d53c5-6ad9-4639-b25f-d4c265aaef80
2026-02-03 09:14:41 - create_rate_cards - INFO - [API RESPONSE] DELETE https://ncm.services.nconprem-10-53-60-173.ccpnx.com/v1/cg/config/rate-cards?rateCardIds=369d53c5-6ad9-4639-b25f-d4c265aaef80
2026-02-03 09:14:41 - create_rate_cards - INFO - [STATUS CODE] 200
2026-02-03 09:14:41 - create_rate_cards - INFO - [TIME TAKEN] 0.2487 seconds (248.70 ms)
2026-02-03 09:14:41 - create_rate_cards - INFO - [RESPONSE CONTENT-TYPE] application/json
2026-02-03 09:14:41 - create_rate_cards - INFO - [RESPONSE PAYLOAD]
{
  "message": "Delete Success"
}
2026-02-03 09:14:41 - create_rate_cards - INFO - ✓ Deleted rate card: st_testing546453_32
2026-02-03 09:14:41 - create_rate_cards - INFO - Deleting rate card: st_testing546453_33
2026-02-03 09:14:41 - create_rate_cards - INFO - [API REQUEST] DELETE https://ncm.services.nconprem-10-53-60-173.ccpnx.com/v1/cg/config/rate-cards?rateCardIds=4e61dd30-d7e5-4b2f-8f65-32713fd52070
2026-02-03 09:14:41 - create_rate_cards - INFO - [API RESPONSE] DELETE https://ncm.services.nconprem-10-53-60-173.ccpnx.com/v1/cg/config/rate-cards?rateCardIds=4e61dd30-d7e5-4b2f-8f65-32713fd52070
2026-02-03 09:14:41 - create_rate_cards - INFO - [STATUS CODE] 200
2026-02-03 09:14:41 - create_rate_cards - INFO - [TIME TAKEN] 0.2503 seconds (250.31 ms)
2026-02-03 09:14:41 - create_rate_cards - INFO - [RESPONSE CONTENT-TYPE] application/json
2026-02-03 09:14:41 - create_rate_cards - INFO - [RESPONSE PAYLOAD]
{
  "message": "Delete Success"
}
2026-02-03 09:14:41 - create_rate_cards - INFO - ✓ Deleted rate card: st_testing546453_33
2026-02-03 09:14:41 - create_rate_cards - INFO - Deleting rate card: st_testing546453_34
2026-02-03 09:14:41 - create_rate_cards - INFO - [API REQUEST] DELETE https://ncm.services.nconprem-10-53-60-173.ccpnx.com/v1/cg/config/rate-cards?rateCardIds=4a7b8923-4c68-49e0-82c4-7eb930075e8b
2026-02-03 09:14:41 - create_rate_cards - INFO - [API RESPONSE] DELETE https://ncm.services.nconprem-10-53-60-173.ccpnx.com/v1/cg/config/rate-cards?rateCardIds=4a7b8923-4c68-49e0-82c4-7eb930075e8b
2026-02-03 09:14:41 - create_rate_cards - INFO - [STATUS CODE] 200
2026-02-03 09:14:41 - create_rate_cards - INFO - [TIME TAKEN] 0.2495 seconds (249.49 ms)
2026-02-03 09:14:41 - create_rate_cards - INFO - [RESPONSE CONTENT-TYPE] application/json
2026-02-03 09:14:41 - create_rate_cards - INFO - [RESPONSE PAYLOAD]
{
  "message": "Delete Success"
}
2026-02-03 09:14:41 - create_rate_cards - INFO - ✓ Deleted rate card: st_testing546453_34
2026-02-03 09:14:41 - create_rate_cards - INFO - Deleting rate card: st_testing546453_35
2026-02-03 09:14:41 - create_rate_cards - INFO - [API REQUEST] DELETE https://ncm.services.nconprem-10-53-60-173.ccpnx.com/v1/cg/config/rate-cards?rateCardIds=304c6dab-04d3-4ff7-b0a8-e391b507e926
2026-02-03 09:14:41 - create_rate_cards - INFO - [API RESPONSE] DELETE https://ncm.services.nconprem-10-53-60-173.ccpnx.com/v1/cg/config/rate-cards?rateCardIds=304c6dab-04d3-4ff7-b0a8-e391b507e926
2026-02-03 09:14:41 - create_rate_cards - INFO - [STATUS CODE] 200
2026-02-03 09:14:41 - create_rate_cards - INFO - [TIME TAKEN] 0.1800 seconds (179.96 ms)
2026-02-03 09:14:41 - create_rate_cards - INFO - [RESPONSE CONTENT-TYPE] application/json
2026-02-03 09:14:41 - create_rate_cards - INFO - [RESPONSE PAYLOAD]
{
  "message": "Delete Success"
}
2026-02-03 09:14:41 - create_rate_cards - INFO - ✓ Deleted rate card: st_testing546453_35
2026-02-03 09:14:41 - create_rate_cards - INFO - Deleting rate card: st_testing546453_36
2026-02-03 09:14:41 - create_rate_cards - INFO - [API REQUEST] DELETE https://ncm.services.nconprem-10-53-60-173.ccpnx.com/v1/cg/config/rate-cards?rateCardIds=380775b7-2305-46f9-bf3a-ff3a1152751c
2026-02-03 09:14:42 - create_rate_cards - INFO - [API RESPONSE] DELETE https://ncm.services.nconprem-10-53-60-173.ccpnx.com/v1/cg/config/rate-cards?rateCardIds=380775b7-2305-46f9-bf3a-ff3a1152751c
2026-02-03 09:14:42 - create_rate_cards - INFO - [STATUS CODE] 200
2026-02-03 09:14:42 - create_rate_cards - INFO - [TIME TAKEN] 0.1909 seconds (190.88 ms)
2026-02-03 09:14:42 - create_rate_cards - INFO - [RESPONSE CONTENT-TYPE] application/json
2026-02-03 09:14:42 - create_rate_cards - INFO - [RESPONSE PAYLOAD]
{
  "message": "Delete Success"
}
2026-02-03 09:14:42 - create_rate_cards - INFO - ✓ Deleted rate card: st_testing546453_36
2026-02-03 09:14:42 - create_rate_cards - INFO - Deleting rate card: st_testing546453_37
2026-02-03 09:14:42 - create_rate_cards - INFO - [API REQUEST] DELETE https://ncm.services.nconprem-10-53-60-173.ccpnx.com/v1/cg/config/rate-cards?rateCardIds=31d4f2db-f3c8-4108-a6c3-810c99dc091d
2026-02-03 09:14:42 - create_rate_cards - INFO - [API RESPONSE] DELETE https://ncm.services.nconprem-10-53-60-173.ccpnx.com/v1/cg/config/rate-cards?rateCardIds=31d4f2db-f3c8-4108-a6c3-810c99dc091d
2026-02-03 09:14:42 - create_rate_cards - INFO - [STATUS CODE] 200
2026-02-03 09:14:42 - create_rate_cards - INFO - [TIME TAKEN] 0.2070 seconds (206.96 ms)
2026-02-03 09:14:42 - create_rate_cards - INFO - [RESPONSE CONTENT-TYPE] application/json
2026-02-03 09:14:42 - create_rate_cards - INFO - [RESPONSE PAYLOAD]
{
  "message": "Delete Success"
}
2026-02-03 09:14:42 - create_rate_cards - INFO - ✓ Deleted rate card: st_testing546453_37
2026-02-03 09:14:42 - create_rate_cards - INFO - Deleting rate card: st_testing546453_38
2026-02-03 09:14:42 - create_rate_cards - INFO - [API REQUEST] DELETE https://ncm.services.nconprem-10-53-60-173.ccpnx.com/v1/cg/config/rate-cards?rateCardIds=ee332d98-d20d-4cd1-9a95-946ca2bc57d3
2026-02-03 09:14:42 - create_rate_cards - INFO - [API RESPONSE] DELETE https://ncm.services.nconprem-10-53-60-173.ccpnx.com/v1/cg/config/rate-cards?rateCardIds=ee332d98-d20d-4cd1-9a95-946ca2bc57d3
2026-02-03 09:14:42 - create_rate_cards - INFO - [STATUS CODE] 200
2026-02-03 09:14:42 - create_rate_cards - INFO - [TIME TAKEN] 0.3137 seconds (313.70 ms)
2026-02-03 09:14:42 - create_rate_cards - INFO - [RESPONSE CONTENT-TYPE] application/json
2026-02-03 09:14:42 - create_rate_cards - INFO - [RESPONSE PAYLOAD]
{
  "message": "Delete Success"
}
2026-02-03 09:14:42 - create_rate_cards - INFO - ✓ Deleted rate card: st_testing546453_38
2026-02-03 09:14:42 - create_rate_cards - INFO - Deleting rate card: st_testing546453_39
2026-02-03 09:14:42 - create_rate_cards - INFO - [API REQUEST] DELETE https://ncm.services.nconprem-10-53-60-173.ccpnx.com/v1/cg/config/rate-cards?rateCardIds=72a8b9c6-88b9-46c5-90e1-1c7d30531dcf
2026-02-03 09:14:43 - create_rate_cards - INFO - [API RESPONSE] DELETE https://ncm.services.nconprem-10-53-60-173.ccpnx.com/v1/cg/config/rate-cards?rateCardIds=72a8b9c6-88b9-46c5-90e1-1c7d30531dcf
2026-02-03 09:14:43 - create_rate_cards - INFO - [STATUS CODE] 200
2026-02-03 09:14:43 - create_rate_cards - INFO - [TIME TAKEN] 0.4826 seconds (482.61 ms)
2026-02-03 09:14:43 - create_rate_cards - INFO - [RESPONSE CONTENT-TYPE] application/json
2026-02-03 09:14:43 - create_rate_cards - INFO - [RESPONSE PAYLOAD]
{
  "message": "Delete Success"
}
2026-02-03 09:14:43 - create_rate_cards - INFO - ✓ Deleted rate card: st_testing546453_39
2026-02-03 09:14:43 - create_rate_cards - INFO - Deleting rate card: st_testing546453_40
2026-02-03 09:14:43 - create_rate_cards - INFO - [API REQUEST] DELETE https://ncm.services.nconprem-10-53-60-173.ccpnx.com/v1/cg/config/rate-cards?rateCardIds=b36f8488-99ea-474c-b053-6cccde5e8da5
2026-02-03 09:14:43 - create_rate_cards - INFO - [API RESPONSE] DELETE https://ncm.services.nconprem-10-53-60-173.ccpnx.com/v1/cg/config/rate-cards?rateCardIds=b36f8488-99ea-474c-b053-6cccde5e8da5
2026-02-03 09:14:43 - create_rate_cards - INFO - [STATUS CODE] 200
2026-02-03 09:14:43 - create_rate_cards - INFO - [TIME TAKEN] 0.3615 seconds (361.50 ms)
2026-02-03 09:14:43 - create_rate_cards - INFO - [RESPONSE CONTENT-TYPE] application/json
2026-02-03 09:14:43 - create_rate_cards - INFO - [RESPONSE PAYLOAD]
{
  "message": "Delete Success"
}
2026-02-03 09:14:43 - create_rate_cards - INFO - ✓ Deleted rate card: st_testing546453_40
2026-02-03 09:14:43 - create_rate_cards - INFO - Deleting rate card: st_testing546453_41
2026-02-03 09:14:43 - create_rate_cards - INFO - [API REQUEST] DELETE https://ncm.services.nconprem-10-53-60-173.ccpnx.com/v1/cg/config/rate-cards?rateCardIds=96bcf839-4366-479a-8d24-50cce677ad08
2026-02-03 09:14:43 - create_rate_cards - INFO - [API RESPONSE] DELETE https://ncm.services.nconprem-10-53-60-173.ccpnx.com/v1/cg/config/rate-cards?rateCardIds=96bcf839-4366-479a-8d24-50cce677ad08
2026-02-03 09:14:43 - create_rate_cards - INFO - [STATUS CODE] 200
2026-02-03 09:14:43 - create_rate_cards - INFO - [TIME TAKEN] 0.2543 seconds (254.28 ms)
2026-02-03 09:14:43 - create_rate_cards - INFO - [RESPONSE CONTENT-TYPE] application/json
2026-02-03 09:14:43 - create_rate_cards - INFO - [RESPONSE PAYLOAD]
{
  "message": "Delete Success"
}
2026-02-03 09:14:43 - create_rate_cards - INFO - ✓ Deleted rate card: st_testing546453_41
2026-02-03 09:14:43 - create_rate_cards - INFO - Deleting rate card: st_testing546453_42
2026-02-03 09:14:43 - create_rate_cards - INFO - [API REQUEST] DELETE https://ncm.services.nconprem-10-53-60-173.ccpnx.com/v1/cg/config/rate-cards?rateCardIds=83a1b60a-b18c-4b29-9166-536560075d18
2026-02-03 09:14:43 - create_rate_cards - INFO - [API RESPONSE] DELETE https://ncm.services.nconprem-10-53-60-173.ccpnx.com/v1/cg/config/rate-cards?rateCardIds=83a1b60a-b18c-4b29-9166-536560075d18
2026-02-03 09:14:43 - create_rate_cards - INFO - [STATUS CODE] 200
2026-02-03 09:14:43 - create_rate_cards - INFO - [TIME TAKEN] 0.2840 seconds (283.97 ms)
2026-02-03 09:14:43 - create_rate_cards - INFO - [RESPONSE CONTENT-TYPE] application/json
2026-02-03 09:14:43 - create_rate_cards - INFO - [RESPONSE PAYLOAD]
{
  "message": "Delete Success"
}
2026-02-03 09:14:43 - create_rate_cards - INFO - ✓ Deleted rate card: st_testing546453_42
2026-02-03 09:14:43 - create_rate_cards - INFO - Deleting rate card: st_testing546453_43
2026-02-03 09:14:43 - create_rate_cards - INFO - [API REQUEST] DELETE https://ncm.services.nconprem-10-53-60-173.ccpnx.com/v1/cg/config/rate-cards?rateCardIds=13038776-6ff5-4d0f-bb43-55fe96dd2ae4
2026-02-03 09:14:44 - create_rate_cards - INFO - [API RESPONSE] DELETE https://ncm.services.nconprem-10-53-60-173.ccpnx.com/v1/cg/config/rate-cards?rateCardIds=13038776-6ff5-4d0f-bb43-55fe96dd2ae4
2026-02-03 09:14:44 - create_rate_cards - INFO - [STATUS CODE] 200
2026-02-03 09:14:44 - create_rate_cards - INFO - [TIME TAKEN] 0.1997 seconds (199.70 ms)
2026-02-03 09:14:44 - create_rate_cards - INFO - [RESPONSE CONTENT-TYPE] application/json
2026-02-03 09:14:44 - create_rate_cards - INFO - [RESPONSE PAYLOAD]
{
  "message": "Delete Success"
}
2026-02-03 09:14:44 - create_rate_cards - INFO - ✓ Deleted rate card: st_testing546453_43
2026-02-03 09:14:44 - create_rate_cards - INFO - Deleting rate card: st_testing546453_44
2026-02-03 09:14:44 - create_rate_cards - INFO - [API REQUEST] DELETE https://ncm.services.nconprem-10-53-60-173.ccpnx.com/v1/cg/config/rate-cards?rateCardIds=47ad23e6-8c8b-4e09-8d3a-1442d6e48ebc
2026-02-03 09:14:44 - create_rate_cards - INFO - [API RESPONSE] DELETE https://ncm.services.nconprem-10-53-60-173.ccpnx.com/v1/cg/config/rate-cards?rateCardIds=47ad23e6-8c8b-4e09-8d3a-1442d6e48ebc
2026-02-03 09:14:44 - create_rate_cards - INFO - [STATUS CODE] 200
2026-02-03 09:14:44 - create_rate_cards - INFO - [TIME TAKEN] 0.1912 seconds (191.22 ms)
2026-02-03 09:14:44 - create_rate_cards - INFO - [RESPONSE CONTENT-TYPE] application/json
2026-02-03 09:14:44 - create_rate_cards - INFO - [RESPONSE PAYLOAD]
{
  "message": "Delete Success"
}
2026-02-03 09:14:44 - create_rate_cards - INFO - ✓ Deleted rate card: st_testing546453_44
2026-02-03 09:14:44 - create_rate_cards - INFO - Deleting rate card: st_testing546453_45
2026-02-03 09:14:44 - create_rate_cards - INFO - [API REQUEST] DELETE https://ncm.services.nconprem-10-53-60-173.ccpnx.com/v1/cg/config/rate-cards?rateCardIds=f3861fc0-5623-43b6-ad1e-adf43b6df4e6
2026-02-03 09:14:44 - create_rate_cards - INFO - [API RESPONSE] DELETE https://ncm.services.nconprem-10-53-60-173.ccpnx.com/v1/cg/config/rate-cards?rateCardIds=f3861fc0-5623-43b6-ad1e-adf43b6df4e6
2026-02-03 09:14:44 - create_rate_cards - INFO - [STATUS CODE] 200
2026-02-03 09:14:44 - create_rate_cards - INFO - [TIME TAKEN] 0.2850 seconds (284.98 ms)
2026-02-03 09:14:44 - create_rate_cards - INFO - [RESPONSE CONTENT-TYPE] application/json
2026-02-03 09:14:44 - create_rate_cards - INFO - [RESPONSE PAYLOAD]
{
  "message": "Delete Success"
}
2026-02-03 09:14:44 - create_rate_cards - INFO - ✓ Deleted rate card: st_testing546453_45
2026-02-03 09:14:44 - create_rate_cards - INFO - Deleting rate card: st_testing546453_46
2026-02-03 09:14:44 - create_rate_cards - INFO - [API REQUEST] DELETE https://ncm.services.nconprem-10-53-60-173.ccpnx.com/v1/cg/config/rate-cards?rateCardIds=d3032d7c-f092-4a33-9b36-722099905504
2026-02-03 09:14:44 - create_rate_cards - INFO - [API RESPONSE] DELETE https://ncm.services.nconprem-10-53-60-173.ccpnx.com/v1/cg/config/rate-cards?rateCardIds=d3032d7c-f092-4a33-9b36-722099905504
2026-02-03 09:14:44 - create_rate_cards - INFO - [STATUS CODE] 200
2026-02-03 09:14:44 - create_rate_cards - INFO - [TIME TAKEN] 0.2077 seconds (207.71 ms)
2026-02-03 09:14:44 - create_rate_cards - INFO - [RESPONSE CONTENT-TYPE] application/json
2026-02-03 09:14:44 - create_rate_cards - INFO - [RESPONSE PAYLOAD]
{
  "message": "Delete Success"
}
2026-02-03 09:14:44 - create_rate_cards - INFO - ✓ Deleted rate card: st_testing546453_46
2026-02-03 09:14:44 - create_rate_cards - INFO - Deleting rate card: st_testing546453_47
2026-02-03 09:14:44 - create_rate_cards - INFO - [API REQUEST] DELETE https://ncm.services.nconprem-10-53-60-173.ccpnx.com/v1/cg/config/rate-cards?rateCardIds=a7acde5e-67f4-44f6-af2e-541f4d8acc0d
2026-02-03 09:14:45 - create_rate_cards - INFO - [API RESPONSE] DELETE https://ncm.services.nconprem-10-53-60-173.ccpnx.com/v1/cg/config/rate-cards?rateCardIds=a7acde5e-67f4-44f6-af2e-541f4d8acc0d
2026-02-03 09:14:45 - create_rate_cards - INFO - [STATUS CODE] 200
2026-02-03 09:14:45 - create_rate_cards - INFO - [TIME TAKEN] 0.1885 seconds (188.51 ms)
2026-02-03 09:14:45 - create_rate_cards - INFO - [RESPONSE CONTENT-TYPE] application/json
2026-02-03 09:14:45 - create_rate_cards - INFO - [RESPONSE PAYLOAD]
{
  "message": "Delete Success"
}
2026-02-03 09:14:45 - create_rate_cards - INFO - ✓ Deleted rate card: st_testing546453_47
2026-02-03 09:14:45 - create_rate_cards - INFO - Deleting rate card: st_testing546453_48
2026-02-03 09:14:45 - create_rate_cards - INFO - [API REQUEST] DELETE https://ncm.services.nconprem-10-53-60-173.ccpnx.com/v1/cg/config/rate-cards?rateCardIds=6650ef1b-6e75-4951-ab42-2dfd3c774141
2026-02-03 09:14:45 - create_rate_cards - INFO - [API RESPONSE] DELETE https://ncm.services.nconprem-10-53-60-173.ccpnx.com/v1/cg/config/rate-cards?rateCardIds=6650ef1b-6e75-4951-ab42-2dfd3c774141
2026-02-03 09:14:45 - create_rate_cards - INFO - [STATUS CODE] 200
2026-02-03 09:14:45 - create_rate_cards - INFO - [TIME TAKEN] 0.2649 seconds (264.90 ms)
2026-02-03 09:14:45 - create_rate_cards - INFO - [RESPONSE CONTENT-TYPE] application/json
2026-02-03 09:14:45 - create_rate_cards - INFO - [RESPONSE PAYLOAD]
{
  "message": "Delete Success"
}
2026-02-03 09:14:45 - create_rate_cards - INFO - ✓ Deleted rate card: st_testing546453_48
2026-02-03 09:14:45 - create_rate_cards - INFO - Deleting rate card: st_testing546453_49
2026-02-03 09:14:45 - create_rate_cards - INFO - [API REQUEST] DELETE https://ncm.services.nconprem-10-53-60-173.ccpnx.com/v1/cg/config/rate-cards?rateCardIds=00adf5eb-e66b-406b-b190-9888a02d2d67
2026-02-03 09:14:45 - create_rate_cards - INFO - [API RESPONSE] DELETE https://ncm.services.nconprem-10-53-60-173.ccpnx.com/v1/cg/config/rate-cards?rateCardIds=00adf5eb-e66b-406b-b190-9888a02d2d67
2026-02-03 09:14:45 - create_rate_cards - INFO - [STATUS CODE] 200
2026-02-03 09:14:45 - create_rate_cards - INFO - [TIME TAKEN] 0.2579 seconds (257.91 ms)
2026-02-03 09:14:45 - create_rate_cards - INFO - [RESPONSE CONTENT-TYPE] application/json
2026-02-03 09:14:45 - create_rate_cards - INFO - [RESPONSE PAYLOAD]
{
  "message": "Delete Success"
}
2026-02-03 09:14:45 - create_rate_cards - INFO - ✓ Deleted rate card: st_testing546453_49
2026-02-03 09:14:45 - create_rate_cards - INFO - Deleting rate card: st_testing546453_50
2026-02-03 09:14:45 - create_rate_cards - INFO - [API REQUEST] DELETE https://ncm.services.nconprem-10-53-60-173.ccpnx.com/v1/cg/config/rate-cards?rateCardIds=def1c21c-4e2d-4e73-8737-3ddde0c54e5a
2026-02-03 09:14:45 - create_rate_cards - INFO - [API RESPONSE] DELETE https://ncm.services.nconprem-10-53-60-173.ccpnx.com/v1/cg/config/rate-cards?rateCardIds=def1c21c-4e2d-4e73-8737-3ddde0c54e5a
2026-02-03 09:14:45 - create_rate_cards - INFO - [STATUS CODE] 200
2026-02-03 09:14:45 - create_rate_cards - INFO - [TIME TAKEN] 0.2804 seconds (280.38 ms)
2026-02-03 09:14:45 - create_rate_cards - INFO - [RESPONSE CONTENT-TYPE] application/json
2026-02-03 09:14:45 - create_rate_cards - INFO - [RESPONSE PAYLOAD]
{
  "message": "Delete Success"
}
2026-02-03 09:14:45 - create_rate_cards - INFO - ✓ Deleted rate card: st_testing546453_50
2026-02-03 09:14:45 - create_rate_cards - INFO - Deleting rate card: st_testing546453_51
2026-02-03 09:14:45 - create_rate_cards - INFO - [API REQUEST] DELETE https://ncm.services.nconprem-10-53-60-173.ccpnx.com/v1/cg/config/rate-cards?rateCardIds=26df19c6-3033-4c0f-98c1-6f6dd038dc9a
2026-02-03 09:14:46 - create_rate_cards - INFO - [API RESPONSE] DELETE https://ncm.services.nconprem-10-53-60-173.ccpnx.com/v1/cg/config/rate-cards?rateCardIds=26df19c6-3033-4c0f-98c1-6f6dd038dc9a
2026-02-03 09:14:46 - create_rate_cards - INFO - [STATUS CODE] 200
2026-02-03 09:14:46 - create_rate_cards - INFO - [TIME TAKEN] 0.2044 seconds (204.37 ms)
2026-02-03 09:14:46 - create_rate_cards - INFO - [RESPONSE CONTENT-TYPE] application/json
2026-02-03 09:14:46 - create_rate_cards - INFO - [RESPONSE PAYLOAD]
{
  "message": "Delete Success"
}
2026-02-03 09:14:46 - create_rate_cards - INFO - ✓ Deleted rate card: st_testing546453_51
2026-02-03 09:14:46 - create_rate_cards - INFO - Deleting rate card: st_testing546453_52
2026-02-03 09:14:46 - create_rate_cards - INFO - [API REQUEST] DELETE https://ncm.services.nconprem-10-53-60-173.ccpnx.com/v1/cg/config/rate-cards?rateCardIds=ef3c765f-c2ed-4743-944c-6af2c80db859
2026-02-03 09:14:46 - create_rate_cards - INFO - [API RESPONSE] DELETE https://ncm.services.nconprem-10-53-60-173.ccpnx.com/v1/cg/config/rate-cards?rateCardIds=ef3c765f-c2ed-4743-944c-6af2c80db859
2026-02-03 09:14:46 - create_rate_cards - INFO - [STATUS CODE] 200
2026-02-03 09:14:46 - create_rate_cards - INFO - [TIME TAKEN] 0.2705 seconds (270.47 ms)
2026-02-03 09:14:46 - create_rate_cards - INFO - [RESPONSE CONTENT-TYPE] application/json
2026-02-03 09:14:46 - create_rate_cards - INFO - [RESPONSE PAYLOAD]
{
  "message": "Delete Success"
}
2026-02-03 09:14:46 - create_rate_cards - INFO - ✓ Deleted rate card: st_testing546453_52
2026-02-03 09:14:46 - create_rate_cards - INFO - Deleting rate card: st_testing546453_53
2026-02-03 09:14:46 - create_rate_cards - INFO - [API REQUEST] DELETE https://ncm.services.nconprem-10-53-60-173.ccpnx.com/v1/cg/config/rate-cards?rateCardIds=ea582c72-d682-4d21-adc5-fa4bebb43a9a
2026-02-03 09:14:46 - create_rate_cards - INFO - [API RESPONSE] DELETE https://ncm.services.nconprem-10-53-60-173.ccpnx.com/v1/cg/config/rate-cards?rateCardIds=ea582c72-d682-4d21-adc5-fa4bebb43a9a
2026-02-03 09:14:46 - create_rate_cards - INFO - [STATUS CODE] 200
2026-02-03 09:14:46 - create_rate_cards - INFO - [TIME TAKEN] 0.2452 seconds (245.17 ms)
2026-02-03 09:14:46 - create_rate_cards - INFO - [RESPONSE CONTENT-TYPE] application/json
2026-02-03 09:14:46 - create_rate_cards - INFO - [RESPONSE PAYLOAD]
{
  "message": "Delete Success"
}
2026-02-03 09:14:46 - create_rate_cards - INFO - ✓ Deleted rate card: st_testing546453_53
2026-02-03 09:14:46 - create_rate_cards - INFO - Deleting rate card: st_testing546453_54
2026-02-03 09:14:46 - create_rate_cards - INFO - [API REQUEST] DELETE https://ncm.services.nconprem-10-53-60-173.ccpnx.com/v1/cg/config/rate-cards?rateCardIds=8375f260-7029-4a9f-bd0c-55aec595db55
2026-02-03 09:14:46 - create_rate_cards - INFO - [API RESPONSE] DELETE https://ncm.services.nconprem-10-53-60-173.ccpnx.com/v1/cg/config/rate-cards?rateCardIds=8375f260-7029-4a9f-bd0c-55aec595db55
2026-02-03 09:14:46 - create_rate_cards - INFO - [STATUS CODE] 200
2026-02-03 09:14:46 - create_rate_cards - INFO - [TIME TAKEN] 0.3651 seconds (365.10 ms)
2026-02-03 09:14:46 - create_rate_cards - INFO - [RESPONSE CONTENT-TYPE] application/json
2026-02-03 09:14:46 - create_rate_cards - INFO - [RESPONSE PAYLOAD]
{
  "message": "Delete Success"
}
2026-02-03 09:14:46 - create_rate_cards - INFO - ✓ Deleted rate card: st_testing546453_54
2026-02-03 09:14:46 - create_rate_cards - INFO - Deleting rate card: st_testing546453_55
2026-02-03 09:14:46 - create_rate_cards - INFO - [API REQUEST] DELETE https://ncm.services.nconprem-10-53-60-173.ccpnx.com/v1/cg/config/rate-cards?rateCardIds=6290cb44-d21b-4e68-8c1f-8ab88e382fdc
2026-02-03 09:14:47 - create_rate_cards - INFO - [API RESPONSE] DELETE https://ncm.services.nconprem-10-53-60-173.ccpnx.com/v1/cg/config/rate-cards?rateCardIds=6290cb44-d21b-4e68-8c1f-8ab88e382fdc
2026-02-03 09:14:47 - create_rate_cards - INFO - [STATUS CODE] 200
2026-02-03 09:14:47 - create_rate_cards - INFO - [TIME TAKEN] 0.3151 seconds (315.09 ms)
2026-02-03 09:14:47 - create_rate_cards - INFO - [RESPONSE CONTENT-TYPE] application/json
2026-02-03 09:14:47 - create_rate_cards - INFO - [RESPONSE PAYLOAD]
{
  "message": "Delete Success"
}
2026-02-03 09:14:47 - create_rate_cards - INFO - ✓ Deleted rate card: st_testing546453_55
2026-02-03 09:14:47 - create_rate_cards - INFO - Deleting rate card: st_testing546453_56
2026-02-03 09:14:47 - create_rate_cards - INFO - [API REQUEST] DELETE https://ncm.services.nconprem-10-53-60-173.ccpnx.com/v1/cg/config/rate-cards?rateCardIds=19a98f1e-7397-4a90-a11d-b02c180d0fb8
2026-02-03 09:14:47 - create_rate_cards - INFO - [API RESPONSE] DELETE https://ncm.services.nconprem-10-53-60-173.ccpnx.com/v1/cg/config/rate-cards?rateCardIds=19a98f1e-7397-4a90-a11d-b02c180d0fb8
2026-02-03 09:14:47 - create_rate_cards - INFO - [STATUS CODE] 200
2026-02-03 09:14:47 - create_rate_cards - INFO - [TIME TAKEN] 0.3063 seconds (306.25 ms)
2026-02-03 09:14:47 - create_rate_cards - INFO - [RESPONSE CONTENT-TYPE] application/json
2026-02-03 09:14:47 - create_rate_cards - INFO - [RESPONSE PAYLOAD]
{
  "message": "Delete Success"
}
2026-02-03 09:14:47 - create_rate_cards - INFO - ✓ Deleted rate card: st_testing546453_56
2026-02-03 09:14:47 - create_rate_cards - INFO - Deleting rate card: st_testing546453_57
2026-02-03 09:14:47 - create_rate_cards - INFO - [API REQUEST] DELETE https://ncm.services.nconprem-10-53-60-173.ccpnx.com/v1/cg/config/rate-cards?rateCardIds=657afafe-7701-40eb-a1f9-455073b168c0
2026-02-03 09:14:47 - create_rate_cards - INFO - [API RESPONSE] DELETE https://ncm.services.nconprem-10-53-60-173.ccpnx.com/v1/cg/config/rate-cards?rateCardIds=657afafe-7701-40eb-a1f9-455073b168c0
2026-02-03 09:14:47 - create_rate_cards - INFO - [STATUS CODE] 200
2026-02-03 09:14:47 - create_rate_cards - INFO - [TIME TAKEN] 0.3413 seconds (341.33 ms)
2026-02-03 09:14:47 - create_rate_cards - INFO - [RESPONSE CONTENT-TYPE] application/json
2026-02-03 09:14:47 - create_rate_cards - INFO - [RESPONSE PAYLOAD]
{
  "message": "Delete Success"
}
2026-02-03 09:14:47 - create_rate_cards - INFO - ✓ Deleted rate card: st_testing546453_57
2026-02-03 09:14:47 - create_rate_cards - INFO - Deleting rate card: st_testing546453_58
2026-02-03 09:14:47 - create_rate_cards - INFO - [API REQUEST] DELETE https://ncm.services.nconprem-10-53-60-173.ccpnx.com/v1/cg/config/rate-cards?rateCardIds=bb1c07b2-a322-49ba-ac4d-087766832e69
2026-02-03 09:14:48 - create_rate_cards - INFO - [API RESPONSE] DELETE https://ncm.services.nconprem-10-53-60-173.ccpnx.com/v1/cg/config/rate-cards?rateCardIds=bb1c07b2-a322-49ba-ac4d-087766832e69
2026-02-03 09:14:48 - create_rate_cards - INFO - [STATUS CODE] 200
2026-02-03 09:14:48 - create_rate_cards - INFO - [TIME TAKEN] 0.2871 seconds (287.14 ms)
2026-02-03 09:14:48 - create_rate_cards - INFO - [RESPONSE CONTENT-TYPE] application/json
2026-02-03 09:14:48 - create_rate_cards - INFO - [RESPONSE PAYLOAD]
{
  "message": "Delete Success"
}
2026-02-03 09:14:48 - create_rate_cards - INFO - ✓ Deleted rate card: st_testing546453_58
2026-02-03 09:14:48 - create_rate_cards - INFO - Deleting rate card: st_testing546453_59
2026-02-03 09:14:48 - create_rate_cards - INFO - [API REQUEST] DELETE https://ncm.services.nconprem-10-53-60-173.ccpnx.com/v1/cg/config/rate-cards?rateCardIds=f8aa13ca-5dde-4c01-a574-85ee9e9985de
2026-02-03 09:14:48 - create_rate_cards - INFO - [API RESPONSE] DELETE https://ncm.services.nconprem-10-53-60-173.ccpnx.com/v1/cg/config/rate-cards?rateCardIds=f8aa13ca-5dde-4c01-a574-85ee9e9985de
2026-02-03 09:14:48 - create_rate_cards - INFO - [STATUS CODE] 200
2026-02-03 09:14:48 - create_rate_cards - INFO - [TIME TAKEN] 0.3451 seconds (345.06 ms)
2026-02-03 09:14:48 - create_rate_cards - INFO - [RESPONSE CONTENT-TYPE] application/json
2026-02-03 09:14:48 - create_rate_cards - INFO - [RESPONSE PAYLOAD]
{
  "message": "Delete Success"
}
2026-02-03 09:14:48 - create_rate_cards - INFO - ✓ Deleted rate card: st_testing546453_59
2026-02-03 09:14:48 - create_rate_cards - INFO - Deleting rate card: st_testing546453_6
2026-02-03 09:14:48 - create_rate_cards - INFO - [API REQUEST] DELETE https://ncm.services.nconprem-10-53-60-173.ccpnx.com/v1/cg/config/rate-cards?rateCardIds=eb9f9b26-f71a-4f37-b06c-779c0fc4f41a
2026-02-03 09:14:48 - create_rate_cards - INFO - [API RESPONSE] DELETE https://ncm.services.nconprem-10-53-60-173.ccpnx.com/v1/cg/config/rate-cards?rateCardIds=eb9f9b26-f71a-4f37-b06c-779c0fc4f41a
2026-02-03 09:14:48 - create_rate_cards - INFO - [STATUS CODE] 200
2026-02-03 09:14:48 - create_rate_cards - INFO - [TIME TAKEN] 0.3509 seconds (350.92 ms)
2026-02-03 09:14:48 - create_rate_cards - INFO - [RESPONSE CONTENT-TYPE] application/json
2026-02-03 09:14:48 - create_rate_cards - INFO - [RESPONSE PAYLOAD]
{
  "message": "Delete Success"
}
2026-02-03 09:14:48 - create_rate_cards - INFO - ✓ Deleted rate card: st_testing546453_6
2026-02-03 09:14:48 - create_rate_cards - INFO - Deleting rate card: st_testing546453_60
2026-02-03 09:14:48 - create_rate_cards - INFO - [API REQUEST] DELETE https://ncm.services.nconprem-10-53-60-173.ccpnx.com/v1/cg/config/rate-cards?rateCardIds=f3959c70-ffdb-43e7-b51d-e0526e122757
2026-02-03 09:14:49 - create_rate_cards - INFO - [API RESPONSE] DELETE https://ncm.services.nconprem-10-53-60-173.ccpnx.com/v1/cg/config/rate-cards?rateCardIds=f3959c70-ffdb-43e7-b51d-e0526e122757
2026-02-03 09:14:49 - create_rate_cards - INFO - [STATUS CODE] 200
2026-02-03 09:14:49 - create_rate_cards - INFO - [TIME TAKEN] 0.4791 seconds (479.05 ms)
2026-02-03 09:14:49 - create_rate_cards - INFO - [RESPONSE CONTENT-TYPE] application/json
2026-02-03 09:14:49 - create_rate_cards - INFO - [RESPONSE PAYLOAD]
{
  "message": "Delete Success"
}
2026-02-03 09:14:49 - create_rate_cards - INFO - ✓ Deleted rate card: st_testing546453_60
2026-02-03 09:14:49 - create_rate_cards - INFO - Deleting rate card: st_testing546453_61
2026-02-03 09:14:49 - create_rate_cards - INFO - [API REQUEST] DELETE https://ncm.services.nconprem-10-53-60-173.ccpnx.com/v1/cg/config/rate-cards?rateCardIds=71279260-23a1-416e-8f66-de896e4553a1
2026-02-03 09:14:49 - create_rate_cards - INFO - [API RESPONSE] DELETE https://ncm.services.nconprem-10-53-60-173.ccpnx.com/v1/cg/config/rate-cards?rateCardIds=71279260-23a1-416e-8f66-de896e4553a1
2026-02-03 09:14:49 - create_rate_cards - INFO - [STATUS CODE] 200
2026-02-03 09:14:49 - create_rate_cards - INFO - [TIME TAKEN] 0.2868 seconds (286.75 ms)
2026-02-03 09:14:49 - create_rate_cards - INFO - [RESPONSE CONTENT-TYPE] application/json
2026-02-03 09:14:49 - create_rate_cards - INFO - [RESPONSE PAYLOAD]
{
  "message": "Delete Success"
}
2026-02-03 09:14:49 - create_rate_cards - INFO - ✓ Deleted rate card: st_testing546453_61
2026-02-03 09:14:49 - create_rate_cards - INFO - Deleting rate card: st_testing546453_62
2026-02-03 09:14:49 - create_rate_cards - INFO - [API REQUEST] DELETE https://ncm.services.nconprem-10-53-60-173.ccpnx.com/v1/cg/config/rate-cards?rateCardIds=ef1351c6-b1da-43c3-90d9-60824dd7f468
2026-02-03 09:14:49 - create_rate_cards - INFO - [API RESPONSE] DELETE https://ncm.services.nconprem-10-53-60-173.ccpnx.com/v1/cg/config/rate-cards?rateCardIds=ef1351c6-b1da-43c3-90d9-60824dd7f468
2026-02-03 09:14:49 - create_rate_cards - INFO - [STATUS CODE] 200
2026-02-03 09:14:49 - create_rate_cards - INFO - [TIME TAKEN] 0.2715 seconds (271.54 ms)
2026-02-03 09:14:49 - create_rate_cards - INFO - [RESPONSE CONTENT-TYPE] application/json
2026-02-03 09:14:49 - create_rate_cards - INFO - [RESPONSE PAYLOAD]
{
  "message": "Delete Success"
}
2026-02-03 09:14:49 - create_rate_cards - INFO - ✓ Deleted rate card: st_testing546453_62
2026-02-03 09:14:49 - create_rate_cards - INFO - Deleting rate card: st_testing546453_63
2026-02-03 09:14:49 - create_rate_cards - INFO - [API REQUEST] DELETE https://ncm.services.nconprem-10-53-60-173.ccpnx.com/v1/cg/config/rate-cards?rateCardIds=ec88bebe-3590-48a8-9a06-510aefea2654
2026-02-03 09:14:50 - create_rate_cards - INFO - [API RESPONSE] DELETE https://ncm.services.nconprem-10-53-60-173.ccpnx.com/v1/cg/config/rate-cards?rateCardIds=ec88bebe-3590-48a8-9a06-510aefea2654
2026-02-03 09:14:50 - create_rate_cards - INFO - [STATUS CODE] 200
2026-02-03 09:14:50 - create_rate_cards - INFO - [TIME TAKEN] 0.3427 seconds (342.66 ms)
2026-02-03 09:14:50 - create_rate_cards - INFO - [RESPONSE CONTENT-TYPE] application/json
2026-02-03 09:14:50 - create_rate_cards - INFO - [RESPONSE PAYLOAD]
{
  "message": "Delete Success"
}
2026-02-03 09:14:50 - create_rate_cards - INFO - ✓ Deleted rate card: st_testing546453_63
2026-02-03 09:14:50 - create_rate_cards - INFO - Deleting rate card: st_testing546453_64
2026-02-03 09:14:50 - create_rate_cards - INFO - [API REQUEST] DELETE https://ncm.services.nconprem-10-53-60-173.ccpnx.com/v1/cg/config/rate-cards?rateCardIds=dddec751-35b3-4667-9335-216d5a883535
2026-02-03 09:14:50 - create_rate_cards - INFO - [API RESPONSE] DELETE https://ncm.services.nconprem-10-53-60-173.ccpnx.com/v1/cg/config/rate-cards?rateCardIds=dddec751-35b3-4667-9335-216d5a883535
2026-02-03 09:14:50 - create_rate_cards - INFO - [STATUS CODE] 200
2026-02-03 09:14:50 - create_rate_cards - INFO - [TIME TAKEN] 0.3242 seconds (324.22 ms)
2026-02-03 09:14:50 - create_rate_cards - INFO - [RESPONSE CONTENT-TYPE] application/json
2026-02-03 09:14:50 - create_rate_cards - INFO - [RESPONSE PAYLOAD]
{
  "message": "Delete Success"
}
2026-02-03 09:14:50 - create_rate_cards - INFO - ✓ Deleted rate card: st_testing546453_64
2026-02-03 09:14:50 - create_rate_cards - INFO - Deleting rate card: st_testing546453_65
2026-02-03 09:14:50 - create_rate_cards - INFO - [API REQUEST] DELETE https://ncm.services.nconprem-10-53-60-173.ccpnx.com/v1/cg/config/rate-cards?rateCardIds=78d70181-2dca-4b0b-b86d-d4a13a009198
2026-02-03 09:14:51 - create_rate_cards - INFO - [API RESPONSE] DELETE https://ncm.services.nconprem-10-53-60-173.ccpnx.com/v1/cg/config/rate-cards?rateCardIds=78d70181-2dca-4b0b-b86d-d4a13a009198
2026-02-03 09:14:51 - create_rate_cards - INFO - [STATUS CODE] 200
2026-02-03 09:14:51 - create_rate_cards - INFO - [TIME TAKEN] 0.4395 seconds (439.54 ms)
2026-02-03 09:14:51 - create_rate_cards - INFO - [RESPONSE CONTENT-TYPE] application/json
2026-02-03 09:14:51 - create_rate_cards - INFO - [RESPONSE PAYLOAD]
{
  "message": "Delete Success"
}
2026-02-03 09:14:51 - create_rate_cards - INFO - ✓ Deleted rate card: st_testing546453_65
2026-02-03 09:14:51 - create_rate_cards - INFO - Deleting rate card: st_testing546453_66
2026-02-03 09:14:51 - create_rate_cards - INFO - [API REQUEST] DELETE https://ncm.services.nconprem-10-53-60-173.ccpnx.com/v1/cg/config/rate-cards?rateCardIds=bbf2ee4e-6841-4369-ba51-f54af5a5c5b2
2026-02-03 09:14:51 - create_rate_cards - INFO - [API RESPONSE] DELETE https://ncm.services.nconprem-10-53-60-173.ccpnx.com/v1/cg/config/rate-cards?rateCardIds=bbf2ee4e-6841-4369-ba51-f54af5a5c5b2
2026-02-03 09:14:51 - create_rate_cards - INFO - [STATUS CODE] 200
2026-02-03 09:14:51 - create_rate_cards - INFO - [TIME TAKEN] 0.6261 seconds (626.07 ms)
2026-02-03 09:14:51 - create_rate_cards - INFO - [RESPONSE CONTENT-TYPE] application/json
2026-02-03 09:14:51 - create_rate_cards - INFO - [RESPONSE PAYLOAD]
{
  "message": "Delete Success"
}
2026-02-03 09:14:51 - create_rate_cards - INFO - ✓ Deleted rate card: st_testing546453_66
2026-02-03 09:14:51 - create_rate_cards - INFO - Deleting rate card: st_testing546453_67
2026-02-03 09:14:51 - create_rate_cards - INFO - [API REQUEST] DELETE https://ncm.services.nconprem-10-53-60-173.ccpnx.com/v1/cg/config/rate-cards?rateCardIds=48f8bbcd-90cc-421b-84d2-aaae2d22ed19
2026-02-03 09:14:51 - create_rate_cards - INFO - [API RESPONSE] DELETE https://ncm.services.nconprem-10-53-60-173.ccpnx.com/v1/cg/config/rate-cards?rateCardIds=48f8bbcd-90cc-421b-84d2-aaae2d22ed19
2026-02-03 09:14:51 - create_rate_cards - INFO - [STATUS CODE] 200
2026-02-03 09:14:51 - create_rate_cards - INFO - [TIME TAKEN] 0.2440 seconds (244.02 ms)
2026-02-03 09:14:51 - create_rate_cards - INFO - [RESPONSE CONTENT-TYPE] application/json
2026-02-03 09:14:51 - create_rate_cards - INFO - [RESPONSE PAYLOAD]
{
  "message": "Delete Success"
}
2026-02-03 09:14:51 - create_rate_cards - INFO - ✓ Deleted rate card: st_testing546453_67
2026-02-03 09:14:51 - create_rate_cards - INFO - Deleting rate card: st_testing546453_68
2026-02-03 09:14:51 - create_rate_cards - INFO - [API REQUEST] DELETE https://ncm.services.nconprem-10-53-60-173.ccpnx.com/v1/cg/config/rate-cards?rateCardIds=a4ceac8a-24e5-4107-bd04-eb4ee1a107c3
2026-02-03 09:14:52 - create_rate_cards - INFO - [API RESPONSE] DELETE https://ncm.services.nconprem-10-53-60-173.ccpnx.com/v1/cg/config/rate-cards?rateCardIds=a4ceac8a-24e5-4107-bd04-eb4ee1a107c3
2026-02-03 09:14:52 - create_rate_cards - INFO - [STATUS CODE] 200
2026-02-03 09:14:52 - create_rate_cards - INFO - [TIME TAKEN] 0.3074 seconds (307.37 ms)
2026-02-03 09:14:52 - create_rate_cards - INFO - [RESPONSE CONTENT-TYPE] application/json
2026-02-03 09:14:52 - create_rate_cards - INFO - [RESPONSE PAYLOAD]
{
  "message": "Delete Success"
}
2026-02-03 09:14:52 - create_rate_cards - INFO - ✓ Deleted rate card: st_testing546453_68
2026-02-03 09:14:52 - create_rate_cards - INFO - Deleting rate card: st_testing546453_69
2026-02-03 09:14:52 - create_rate_cards - INFO - [API REQUEST] DELETE https://ncm.services.nconprem-10-53-60-173.ccpnx.com/v1/cg/config/rate-cards?rateCardIds=a202e2bc-9865-4a08-8432-dea02facc579
2026-02-03 09:14:52 - create_rate_cards - INFO - [API RESPONSE] DELETE https://ncm.services.nconprem-10-53-60-173.ccpnx.com/v1/cg/config/rate-cards?rateCardIds=a202e2bc-9865-4a08-8432-dea02facc579
2026-02-03 09:14:52 - create_rate_cards - INFO - [STATUS CODE] 200
2026-02-03 09:14:52 - create_rate_cards - INFO - [TIME TAKEN] 0.2440 seconds (243.98 ms)
2026-02-03 09:14:52 - create_rate_cards - INFO - [RESPONSE CONTENT-TYPE] application/json
2026-02-03 09:14:52 - create_rate_cards - INFO - [RESPONSE PAYLOAD]
{
  "message": "Delete Success"
}
2026-02-03 09:14:52 - create_rate_cards - INFO - ✓ Deleted rate card: st_testing546453_69
2026-02-03 09:14:52 - create_rate_cards - INFO - Deleting rate card: st_testing546453_7
2026-02-03 09:14:52 - create_rate_cards - INFO - [API REQUEST] DELETE https://ncm.services.nconprem-10-53-60-173.ccpnx.com/v1/cg/config/rate-cards?rateCardIds=18ef07a1-9baa-40ae-8023-9893b53d2317
2026-02-03 09:14:52 - create_rate_cards - INFO - [API RESPONSE] DELETE https://ncm.services.nconprem-10-53-60-173.ccpnx.com/v1/cg/config/rate-cards?rateCardIds=18ef07a1-9baa-40ae-8023-9893b53d2317
2026-02-03 09:14:52 - create_rate_cards - INFO - [STATUS CODE] 200
2026-02-03 09:14:52 - create_rate_cards - INFO - [TIME TAKEN] 0.3414 seconds (341.39 ms)
2026-02-03 09:14:52 - create_rate_cards - INFO - [RESPONSE CONTENT-TYPE] application/json
2026-02-03 09:14:52 - create_rate_cards - INFO - [RESPONSE PAYLOAD]
{
  "message": "Delete Success"
}
2026-02-03 09:14:52 - create_rate_cards - INFO - ✓ Deleted rate card: st_testing546453_7
2026-02-03 09:14:52 - create_rate_cards - INFO - Deleting rate card: st_testing546453_70
2026-02-03 09:14:52 - create_rate_cards - INFO - [API REQUEST] DELETE https://ncm.services.nconprem-10-53-60-173.ccpnx.com/v1/cg/config/rate-cards?rateCardIds=67bda6fc-21f7-43ff-a32b-7cef22cb7f1f
2026-02-03 09:14:53 - create_rate_cards - INFO - [API RESPONSE] DELETE https://ncm.services.nconprem-10-53-60-173.ccpnx.com/v1/cg/config/rate-cards?rateCardIds=67bda6fc-21f7-43ff-a32b-7cef22cb7f1f
2026-02-03 09:14:53 - create_rate_cards - INFO - [STATUS CODE] 200
2026-02-03 09:14:53 - create_rate_cards - INFO - [TIME TAKEN] 0.4446 seconds (444.56 ms)
2026-02-03 09:14:53 - create_rate_cards - INFO - [RESPONSE CONTENT-TYPE] application/json
2026-02-03 09:14:53 - create_rate_cards - INFO - [RESPONSE PAYLOAD]
{
  "message": "Delete Success"
}
2026-02-03 09:14:53 - create_rate_cards - INFO - ✓ Deleted rate card: st_testing546453_70
2026-02-03 09:14:53 - create_rate_cards - INFO - Deleting rate card: st_testing546453_71
2026-02-03 09:14:53 - create_rate_cards - INFO - [API REQUEST] DELETE https://ncm.services.nconprem-10-53-60-173.ccpnx.com/v1/cg/config/rate-cards?rateCardIds=be96041f-b2b5-4fd0-85f2-bdc9456b61ab
2026-02-03 09:14:53 - create_rate_cards - INFO - [API RESPONSE] DELETE https://ncm.services.nconprem-10-53-60-173.ccpnx.com/v1/cg/config/rate-cards?rateCardIds=be96041f-b2b5-4fd0-85f2-bdc9456b61ab
2026-02-03 09:14:53 - create_rate_cards - INFO - [STATUS CODE] 200
2026-02-03 09:14:53 - create_rate_cards - INFO - [TIME TAKEN] 0.2827 seconds (282.75 ms)
2026-02-03 09:14:53 - create_rate_cards - INFO - [RESPONSE CONTENT-TYPE] application/json
2026-02-03 09:14:53 - create_rate_cards - INFO - [RESPONSE PAYLOAD]
{
  "message": "Delete Success"
}
2026-02-03 09:14:53 - create_rate_cards - INFO - ✓ Deleted rate card: st_testing546453_71
2026-02-03 09:14:53 - create_rate_cards - INFO - Deleting rate card: st_testing546453_72
2026-02-03 09:14:53 - create_rate_cards - INFO - [API REQUEST] DELETE https://ncm.services.nconprem-10-53-60-173.ccpnx.com/v1/cg/config/rate-cards?rateCardIds=2caf57fe-253d-4ccf-a0e5-1945002bb60e
2026-02-03 09:14:53 - create_rate_cards - INFO - [API RESPONSE] DELETE https://ncm.services.nconprem-10-53-60-173.ccpnx.com/v1/cg/config/rate-cards?rateCardIds=2caf57fe-253d-4ccf-a0e5-1945002bb60e
2026-02-03 09:14:53 - create_rate_cards - INFO - [STATUS CODE] 200
2026-02-03 09:14:53 - create_rate_cards - INFO - [TIME TAKEN] 0.2913 seconds (291.30 ms)
2026-02-03 09:14:53 - create_rate_cards - INFO - [RESPONSE CONTENT-TYPE] application/json
2026-02-03 09:14:53 - create_rate_cards - INFO - [RESPONSE PAYLOAD]
{
  "message": "Delete Success"
}
2026-02-03 09:14:53 - create_rate_cards - INFO - ✓ Deleted rate card: st_testing546453_72
2026-02-03 09:14:53 - create_rate_cards - INFO - Deleting rate card: st_testing546453_73
2026-02-03 09:14:53 - create_rate_cards - INFO - [API REQUEST] DELETE https://ncm.services.nconprem-10-53-60-173.ccpnx.com/v1/cg/config/rate-cards?rateCardIds=dc86e507-d4dc-44c4-bf1f-8aa84228d22d
2026-02-03 09:14:54 - create_rate_cards - INFO - [API RESPONSE] DELETE https://ncm.services.nconprem-10-53-60-173.ccpnx.com/v1/cg/config/rate-cards?rateCardIds=dc86e507-d4dc-44c4-bf1f-8aa84228d22d
2026-02-03 09:14:54 - create_rate_cards - INFO - [STATUS CODE] 200
2026-02-03 09:14:54 - create_rate_cards - INFO - [TIME TAKEN] 0.3383 seconds (338.29 ms)
2026-02-03 09:14:54 - create_rate_cards - INFO - [RESPONSE CONTENT-TYPE] application/json
2026-02-03 09:14:54 - create_rate_cards - INFO - [RESPONSE PAYLOAD]
{
  "message": "Delete Success"
}
2026-02-03 09:14:54 - create_rate_cards - INFO - ✓ Deleted rate card: st_testing546453_73
2026-02-03 09:14:54 - create_rate_cards - INFO - Deleting rate card: st_testing546453_74
2026-02-03 09:14:54 - create_rate_cards - INFO - [API REQUEST] DELETE https://ncm.services.nconprem-10-53-60-173.ccpnx.com/v1/cg/config/rate-cards?rateCardIds=2677866f-8322-4e5d-bcc4-3a5c4743a25c
2026-02-03 09:14:54 - create_rate_cards - INFO - [API RESPONSE] DELETE https://ncm.services.nconprem-10-53-60-173.ccpnx.com/v1/cg/config/rate-cards?rateCardIds=2677866f-8322-4e5d-bcc4-3a5c4743a25c
2026-02-03 09:14:54 - create_rate_cards - INFO - [STATUS CODE] 200
2026-02-03 09:14:54 - create_rate_cards - INFO - [TIME TAKEN] 0.3979 seconds (397.87 ms)
2026-02-03 09:14:54 - create_rate_cards - INFO - [RESPONSE CONTENT-TYPE] application/json
2026-02-03 09:14:54 - create_rate_cards - INFO - [RESPONSE PAYLOAD]
{
  "message": "Delete Success"
}
2026-02-03 09:14:54 - create_rate_cards - INFO - ✓ Deleted rate card: st_testing546453_74
2026-02-03 09:14:54 - create_rate_cards - INFO - Deleting rate card: st_testing546453_75
2026-02-03 09:14:54 - create_rate_cards - INFO - [API REQUEST] DELETE https://ncm.services.nconprem-10-53-60-173.ccpnx.com/v1/cg/config/rate-cards?rateCardIds=11f365b3-6691-4195-a776-9b4024ecb350
2026-02-03 09:14:54 - create_rate_cards - INFO - [API RESPONSE] DELETE https://ncm.services.nconprem-10-53-60-173.ccpnx.com/v1/cg/config/rate-cards?rateCardIds=11f365b3-6691-4195-a776-9b4024ecb350
2026-02-03 09:14:54 - create_rate_cards - INFO - [STATUS CODE] 200
2026-02-03 09:14:54 - create_rate_cards - INFO - [TIME TAKEN] 0.3442 seconds (344.17 ms)
2026-02-03 09:14:54 - create_rate_cards - INFO - [RESPONSE CONTENT-TYPE] application/json
2026-02-03 09:14:54 - create_rate_cards - INFO - [RESPONSE PAYLOAD]
{
  "message": "Delete Success"
}
2026-02-03 09:14:54 - create_rate_cards - INFO - ✓ Deleted rate card: st_testing546453_75
2026-02-03 09:14:54 - create_rate_cards - INFO - Deleting rate card: st_testing546453_76
2026-02-03 09:14:54 - create_rate_cards - INFO - [API REQUEST] DELETE https://ncm.services.nconprem-10-53-60-173.ccpnx.com/v1/cg/config/rate-cards?rateCardIds=7c3fdcfa-6c24-44ac-aab3-da3a018987f2
2026-02-03 09:14:55 - create_rate_cards - INFO - [API RESPONSE] DELETE https://ncm.services.nconprem-10-53-60-173.ccpnx.com/v1/cg/config/rate-cards?rateCardIds=7c3fdcfa-6c24-44ac-aab3-da3a018987f2
2026-02-03 09:14:55 - create_rate_cards - INFO - [STATUS CODE] 200
2026-02-03 09:14:55 - create_rate_cards - INFO - [TIME TAKEN] 0.2321 seconds (232.10 ms)
2026-02-03 09:14:55 - create_rate_cards - INFO - [RESPONSE CONTENT-TYPE] application/json
2026-02-03 09:14:55 - create_rate_cards - INFO - [RESPONSE PAYLOAD]
{
  "message": "Delete Success"
}
2026-02-03 09:14:55 - create_rate_cards - INFO - ✓ Deleted rate card: st_testing546453_76
2026-02-03 09:14:55 - create_rate_cards - INFO - Deleting rate card: st_testing546453_77
2026-02-03 09:14:55 - create_rate_cards - INFO - [API REQUEST] DELETE https://ncm.services.nconprem-10-53-60-173.ccpnx.com/v1/cg/config/rate-cards?rateCardIds=6870cd08-d35c-49bf-9a81-6588ca81b518
2026-02-03 09:14:55 - create_rate_cards - INFO - [API RESPONSE] DELETE https://ncm.services.nconprem-10-53-60-173.ccpnx.com/v1/cg/config/rate-cards?rateCardIds=6870cd08-d35c-49bf-9a81-6588ca81b518
2026-02-03 09:14:55 - create_rate_cards - INFO - [STATUS CODE] 200
2026-02-03 09:14:55 - create_rate_cards - INFO - [TIME TAKEN] 0.2888 seconds (288.82 ms)
2026-02-03 09:14:55 - create_rate_cards - INFO - [RESPONSE CONTENT-TYPE] application/json
2026-02-03 09:14:55 - create_rate_cards - INFO - [RESPONSE PAYLOAD]
{
  "message": "Delete Success"
}
2026-02-03 09:14:55 - create_rate_cards - INFO - ✓ Deleted rate card: st_testing546453_77
2026-02-03 09:14:55 - create_rate_cards - INFO - Deleting rate card: st_testing546453_78
2026-02-03 09:14:55 - create_rate_cards - INFO - [API REQUEST] DELETE https://ncm.services.nconprem-10-53-60-173.ccpnx.com/v1/cg/config/rate-cards?rateCardIds=2bb253a1-01f4-49d8-902f-8adacdca2ff4
2026-02-03 09:14:55 - create_rate_cards - INFO - [API RESPONSE] DELETE https://ncm.services.nconprem-10-53-60-173.ccpnx.com/v1/cg/config/rate-cards?rateCardIds=2bb253a1-01f4-49d8-902f-8adacdca2ff4
2026-02-03 09:14:55 - create_rate_cards - INFO - [STATUS CODE] 200
2026-02-03 09:14:55 - create_rate_cards - INFO - [TIME TAKEN] 0.3188 seconds (318.85 ms)
2026-02-03 09:14:55 - create_rate_cards - INFO - [RESPONSE CONTENT-TYPE] application/json
2026-02-03 09:14:55 - create_rate_cards - INFO - [RESPONSE PAYLOAD]
{
  "message": "Delete Success"
}
2026-02-03 09:14:55 - create_rate_cards - INFO - ✓ Deleted rate card: st_testing546453_78
2026-02-03 09:14:55 - create_rate_cards - INFO - Deleting rate card: st_testing546453_79
2026-02-03 09:14:55 - create_rate_cards - INFO - [API REQUEST] DELETE https://ncm.services.nconprem-10-53-60-173.ccpnx.com/v1/cg/config/rate-cards?rateCardIds=425e1b93-4744-4119-b941-cb426770c5ba
2026-02-03 09:14:56 - create_rate_cards - INFO - [API RESPONSE] DELETE https://ncm.services.nconprem-10-53-60-173.ccpnx.com/v1/cg/config/rate-cards?rateCardIds=425e1b93-4744-4119-b941-cb426770c5ba
2026-02-03 09:14:56 - create_rate_cards - INFO - [STATUS CODE] 200
2026-02-03 09:14:56 - create_rate_cards - INFO - [TIME TAKEN] 0.3542 seconds (354.21 ms)
2026-02-03 09:14:56 - create_rate_cards - INFO - [RESPONSE CONTENT-TYPE] application/json
2026-02-03 09:14:56 - create_rate_cards - INFO - [RESPONSE PAYLOAD]
{
  "message": "Delete Success"
}
2026-02-03 09:14:56 - create_rate_cards - INFO - ✓ Deleted rate card: st_testing546453_79
2026-02-03 09:14:56 - create_rate_cards - INFO - Deleting rate card: st_testing546453_8
2026-02-03 09:14:56 - create_rate_cards - INFO - [API REQUEST] DELETE https://ncm.services.nconprem-10-53-60-173.ccpnx.com/v1/cg/config/rate-cards?rateCardIds=2d2e6b76-1f31-4e23-be10-df4e9e4c7b42
2026-02-03 09:14:56 - create_rate_cards - INFO - [API RESPONSE] DELETE https://ncm.services.nconprem-10-53-60-173.ccpnx.com/v1/cg/config/rate-cards?rateCardIds=2d2e6b76-1f31-4e23-be10-df4e9e4c7b42
2026-02-03 09:14:56 - create_rate_cards - INFO - [STATUS CODE] 200
2026-02-03 09:14:56 - create_rate_cards - INFO - [TIME TAKEN] 0.4437 seconds (443.66 ms)
2026-02-03 09:14:56 - create_rate_cards - INFO - [RESPONSE CONTENT-TYPE] application/json
2026-02-03 09:14:56 - create_rate_cards - INFO - [RESPONSE PAYLOAD]
{
  "message": "Delete Success"
}
2026-02-03 09:14:56 - create_rate_cards - INFO - ✓ Deleted rate card: st_testing546453_8
2026-02-03 09:14:56 - create_rate_cards - INFO - Deleting rate card: st_testing546453_80
2026-02-03 09:14:56 - create_rate_cards - INFO - [API REQUEST] DELETE https://ncm.services.nconprem-10-53-60-173.ccpnx.com/v1/cg/config/rate-cards?rateCardIds=144ac074-cd68-4aa9-b0f0-1c2431a388e3
2026-02-03 09:14:57 - create_rate_cards - INFO - [API RESPONSE] DELETE https://ncm.services.nconprem-10-53-60-173.ccpnx.com/v1/cg/config/rate-cards?rateCardIds=144ac074-cd68-4aa9-b0f0-1c2431a388e3
2026-02-03 09:14:57 - create_rate_cards - INFO - [STATUS CODE] 200
2026-02-03 09:14:57 - create_rate_cards - INFO - [TIME TAKEN] 0.4325 seconds (432.52 ms)
2026-02-03 09:14:57 - create_rate_cards - INFO - [RESPONSE CONTENT-TYPE] application/json
2026-02-03 09:14:57 - create_rate_cards - INFO - [RESPONSE PAYLOAD]
{
  "message": "Delete Success"
}
2026-02-03 09:14:57 - create_rate_cards - INFO - ✓ Deleted rate card: st_testing546453_80
2026-02-03 09:14:57 - create_rate_cards - INFO - Deleting rate card: st_testing546453_81
2026-02-03 09:14:57 - create_rate_cards - INFO - [API REQUEST] DELETE https://ncm.services.nconprem-10-53-60-173.ccpnx.com/v1/cg/config/rate-cards?rateCardIds=63d8e724-6c8d-4962-94dc-eae2113ce5e5
2026-02-03 09:14:57 - create_rate_cards - INFO - [API RESPONSE] DELETE https://ncm.services.nconprem-10-53-60-173.ccpnx.com/v1/cg/config/rate-cards?rateCardIds=63d8e724-6c8d-4962-94dc-eae2113ce5e5
2026-02-03 09:14:57 - create_rate_cards - INFO - [STATUS CODE] 200
2026-02-03 09:14:57 - create_rate_cards - INFO - [TIME TAKEN] 0.2999 seconds (299.89 ms)
2026-02-03 09:14:57 - create_rate_cards - INFO - [RESPONSE CONTENT-TYPE] application/json
2026-02-03 09:14:57 - create_rate_cards - INFO - [RESPONSE PAYLOAD]
{
  "message": "Delete Success"
}
2026-02-03 09:14:57 - create_rate_cards - INFO - ✓ Deleted rate card: st_testing546453_81
2026-02-03 09:14:57 - create_rate_cards - INFO - Deleting rate card: st_testing546453_82
2026-02-03 09:14:57 - create_rate_cards - INFO - [API REQUEST] DELETE https://ncm.services.nconprem-10-53-60-173.ccpnx.com/v1/cg/config/rate-cards?rateCardIds=1514c57c-ad3e-49fc-874f-ca30e2b988cd
2026-02-03 09:14:57 - create_rate_cards - INFO - [API RESPONSE] DELETE https://ncm.services.nconprem-10-53-60-173.ccpnx.com/v1/cg/config/rate-cards?rateCardIds=1514c57c-ad3e-49fc-874f-ca30e2b988cd
2026-02-03 09:14:57 - create_rate_cards - INFO - [STATUS CODE] 200
2026-02-03 09:14:57 - create_rate_cards - INFO - [TIME TAKEN] 0.2351 seconds (235.12 ms)
2026-02-03 09:14:57 - create_rate_cards - INFO - [RESPONSE CONTENT-TYPE] application/json
2026-02-03 09:14:57 - create_rate_cards - INFO - [RESPONSE PAYLOAD]
{
  "message": "Delete Success"
}
2026-02-03 09:14:57 - create_rate_cards - INFO - ✓ Deleted rate card: st_testing546453_82
2026-02-03 09:14:57 - create_rate_cards - INFO - Deleting rate card: st_testing546453_83
2026-02-03 09:14:57 - create_rate_cards - INFO - [API REQUEST] DELETE https://ncm.services.nconprem-10-53-60-173.ccpnx.com/v1/cg/config/rate-cards?rateCardIds=53f7ae0b-d9b1-4e7e-bf32-ec22213addd2
2026-02-03 09:14:57 - create_rate_cards - INFO - [API RESPONSE] DELETE https://ncm.services.nconprem-10-53-60-173.ccpnx.com/v1/cg/config/rate-cards?rateCardIds=53f7ae0b-d9b1-4e7e-bf32-ec22213addd2
2026-02-03 09:14:57 - create_rate_cards - INFO - [STATUS CODE] 200
2026-02-03 09:14:57 - create_rate_cards - INFO - [TIME TAKEN] 0.1964 seconds (196.39 ms)
2026-02-03 09:14:57 - create_rate_cards - INFO - [RESPONSE CONTENT-TYPE] application/json
2026-02-03 09:14:57 - create_rate_cards - INFO - [RESPONSE PAYLOAD]
{
  "message": "Delete Success"
}
2026-02-03 09:14:57 - create_rate_cards - INFO - ✓ Deleted rate card: st_testing546453_83
2026-02-03 09:14:57 - create_rate_cards - INFO - Deleting rate card: st_testing546453_84
2026-02-03 09:14:57 - create_rate_cards - INFO - [API REQUEST] DELETE https://ncm.services.nconprem-10-53-60-173.ccpnx.com/v1/cg/config/rate-cards?rateCardIds=4e794ce1-6677-483e-a05c-abebcec1df48
2026-02-03 09:14:58 - create_rate_cards - INFO - [API RESPONSE] DELETE https://ncm.services.nconprem-10-53-60-173.ccpnx.com/v1/cg/config/rate-cards?rateCardIds=4e794ce1-6677-483e-a05c-abebcec1df48
2026-02-03 09:14:58 - create_rate_cards - INFO - [STATUS CODE] 200
2026-02-03 09:14:58 - create_rate_cards - INFO - [TIME TAKEN] 0.2887 seconds (288.68 ms)
2026-02-03 09:14:58 - create_rate_cards - INFO - [RESPONSE CONTENT-TYPE] application/json
2026-02-03 09:14:58 - create_rate_cards - INFO - [RESPONSE PAYLOAD]
{
  "message": "Delete Success"
}
2026-02-03 09:14:58 - create_rate_cards - INFO - ✓ Deleted rate card: st_testing546453_84
2026-02-03 09:14:58 - create_rate_cards - INFO - Deleting rate card: st_testing546453_85
2026-02-03 09:14:58 - create_rate_cards - INFO - [API REQUEST] DELETE https://ncm.services.nconprem-10-53-60-173.ccpnx.com/v1/cg/config/rate-cards?rateCardIds=2a4b57d5-4bd7-4f4f-9b41-6f360ae33ef3
2026-02-03 09:14:58 - create_rate_cards - INFO - [API RESPONSE] DELETE https://ncm.services.nconprem-10-53-60-173.ccpnx.com/v1/cg/config/rate-cards?rateCardIds=2a4b57d5-4bd7-4f4f-9b41-6f360ae33ef3
2026-02-03 09:14:58 - create_rate_cards - INFO - [STATUS CODE] 200
2026-02-03 09:14:58 - create_rate_cards - INFO - [TIME TAKEN] 0.2278 seconds (227.81 ms)
2026-02-03 09:14:58 - create_rate_cards - INFO - [RESPONSE CONTENT-TYPE] application/json
2026-02-03 09:14:58 - create_rate_cards - INFO - [RESPONSE PAYLOAD]
{
  "message": "Delete Success"
}
2026-02-03 09:14:58 - create_rate_cards - INFO - ✓ Deleted rate card: st_testing546453_85
2026-02-03 09:14:58 - create_rate_cards - INFO - Deleting rate card: st_testing546453_86
2026-02-03 09:14:58 - create_rate_cards - INFO - [API REQUEST] DELETE https://ncm.services.nconprem-10-53-60-173.ccpnx.com/v1/cg/config/rate-cards?rateCardIds=e60a0249-4929-44c7-81ba-c31843e6e418
2026-02-03 09:14:58 - create_rate_cards - INFO - [API RESPONSE] DELETE https://ncm.services.nconprem-10-53-60-173.ccpnx.com/v1/cg/config/rate-cards?rateCardIds=e60a0249-4929-44c7-81ba-c31843e6e418
2026-02-03 09:14:58 - create_rate_cards - INFO - [STATUS CODE] 200
2026-02-03 09:14:58 - create_rate_cards - INFO - [TIME TAKEN] 0.3090 seconds (309.01 ms)
2026-02-03 09:14:58 - create_rate_cards - INFO - [RESPONSE CONTENT-TYPE] application/json
2026-02-03 09:14:58 - create_rate_cards - INFO - [RESPONSE PAYLOAD]
{
  "message": "Delete Success"
}
2026-02-03 09:14:58 - create_rate_cards - INFO - ✓ Deleted rate card: st_testing546453_86
2026-02-03 09:14:58 - create_rate_cards - INFO - Deleting rate card: st_testing546453_87
2026-02-03 09:14:58 - create_rate_cards - INFO - [API REQUEST] DELETE https://ncm.services.nconprem-10-53-60-173.ccpnx.com/v1/cg/config/rate-cards?rateCardIds=1ed94cb5-d942-4eb4-bbfd-44c08d062318
2026-02-03 09:14:58 - create_rate_cards - INFO - [API RESPONSE] DELETE https://ncm.services.nconprem-10-53-60-173.ccpnx.com/v1/cg/config/rate-cards?rateCardIds=1ed94cb5-d942-4eb4-bbfd-44c08d062318
2026-02-03 09:14:58 - create_rate_cards - INFO - [STATUS CODE] 200
2026-02-03 09:14:58 - create_rate_cards - INFO - [TIME TAKEN] 0.2565 seconds (256.48 ms)
2026-02-03 09:14:58 - create_rate_cards - INFO - [RESPONSE CONTENT-TYPE] application/json
2026-02-03 09:14:58 - create_rate_cards - INFO - [RESPONSE PAYLOAD]
{
  "message": "Delete Success"
}
2026-02-03 09:14:58 - create_rate_cards - INFO - ✓ Deleted rate card: st_testing546453_87
2026-02-03 09:14:58 - create_rate_cards - INFO - Deleting rate card: st_testing546453_88
2026-02-03 09:14:58 - create_rate_cards - INFO - [API REQUEST] DELETE https://ncm.services.nconprem-10-53-60-173.ccpnx.com/v1/cg/config/rate-cards?rateCardIds=340c8f86-eddb-4f01-bd38-c782afa27019
2026-02-03 09:14:59 - create_rate_cards - INFO - [API RESPONSE] DELETE https://ncm.services.nconprem-10-53-60-173.ccpnx.com/v1/cg/config/rate-cards?rateCardIds=340c8f86-eddb-4f01-bd38-c782afa27019
2026-02-03 09:14:59 - create_rate_cards - INFO - [STATUS CODE] 200
2026-02-03 09:14:59 - create_rate_cards - INFO - [TIME TAKEN] 0.3196 seconds (319.61 ms)
2026-02-03 09:14:59 - create_rate_cards - INFO - [RESPONSE CONTENT-TYPE] application/json
2026-02-03 09:14:59 - create_rate_cards - INFO - [RESPONSE PAYLOAD]
{
  "message": "Delete Success"
}
2026-02-03 09:14:59 - create_rate_cards - INFO - ✓ Deleted rate card: st_testing546453_88
2026-02-03 09:14:59 - create_rate_cards - INFO - Deleting rate card: st_testing546453_89
2026-02-03 09:14:59 - create_rate_cards - INFO - [API REQUEST] DELETE https://ncm.services.nconprem-10-53-60-173.ccpnx.com/v1/cg/config/rate-cards?rateCardIds=75e52d55-90ac-457f-ab84-e25ce2033fc3
2026-02-03 09:14:59 - create_rate_cards - INFO - [API RESPONSE] DELETE https://ncm.services.nconprem-10-53-60-173.ccpnx.com/v1/cg/config/rate-cards?rateCardIds=75e52d55-90ac-457f-ab84-e25ce2033fc3
2026-02-03 09:14:59 - create_rate_cards - INFO - [STATUS CODE] 200
2026-02-03 09:14:59 - create_rate_cards - INFO - [TIME TAKEN] 0.4407 seconds (440.67 ms)
2026-02-03 09:14:59 - create_rate_cards - INFO - [RESPONSE CONTENT-TYPE] application/json
2026-02-03 09:14:59 - create_rate_cards - INFO - [RESPONSE PAYLOAD]
{
  "message": "Delete Success"
}
2026-02-03 09:14:59 - create_rate_cards - INFO - ✓ Deleted rate card: st_testing546453_89
2026-02-03 09:14:59 - create_rate_cards - INFO - Deleting rate card: st_testing546453_9
2026-02-03 09:14:59 - create_rate_cards - INFO - [API REQUEST] DELETE https://ncm.services.nconprem-10-53-60-173.ccpnx.com/v1/cg/config/rate-cards?rateCardIds=d725ee9c-7852-4dc6-a56e-facc2d82b718
2026-02-03 09:14:59 - create_rate_cards - INFO - [API RESPONSE] DELETE https://ncm.services.nconprem-10-53-60-173.ccpnx.com/v1/cg/config/rate-cards?rateCardIds=d725ee9c-7852-4dc6-a56e-facc2d82b718
2026-02-03 09:14:59 - create_rate_cards - INFO - [STATUS CODE] 200
2026-02-03 09:14:59 - create_rate_cards - INFO - [TIME TAKEN] 0.2304 seconds (230.43 ms)
2026-02-03 09:14:59 - create_rate_cards - INFO - [RESPONSE CONTENT-TYPE] application/json
2026-02-03 09:14:59 - create_rate_cards - INFO - [RESPONSE PAYLOAD]
{
  "message": "Delete Success"
}
2026-02-03 09:14:59 - create_rate_cards - INFO - ✓ Deleted rate card: st_testing546453_9
2026-02-03 09:14:59 - create_rate_cards - INFO - Deleting rate card: st_testing546453_90
2026-02-03 09:14:59 - create_rate_cards - INFO - [API REQUEST] DELETE https://ncm.services.nconprem-10-53-60-173.ccpnx.com/v1/cg/config/rate-cards?rateCardIds=d44f1a2b-b101-4003-be80-8620caa1cbe1
2026-02-03 09:15:00 - create_rate_cards - INFO - [API RESPONSE] DELETE https://ncm.services.nconprem-10-53-60-173.ccpnx.com/v1/cg/config/rate-cards?rateCardIds=d44f1a2b-b101-4003-be80-8620caa1cbe1
2026-02-03 09:15:00 - create_rate_cards - INFO - [STATUS CODE] 200
2026-02-03 09:15:00 - create_rate_cards - INFO - [TIME TAKEN] 0.2610 seconds (260.97 ms)
2026-02-03 09:15:00 - create_rate_cards - INFO - [RESPONSE CONTENT-TYPE] application/json
2026-02-03 09:15:00 - create_rate_cards - INFO - [RESPONSE PAYLOAD]
{
  "message": "Delete Success"
}
2026-02-03 09:15:00 - create_rate_cards - INFO - ✓ Deleted rate card: st_testing546453_90
2026-02-03 09:15:00 - create_rate_cards - INFO - Deleting rate card: st_testing546453_91
2026-02-03 09:15:00 - create_rate_cards - INFO - [API REQUEST] DELETE https://ncm.services.nconprem-10-53-60-173.ccpnx.com/v1/cg/config/rate-cards?rateCardIds=24e6d36f-68d1-431d-a45a-a37159431aaa
2026-02-03 09:15:00 - create_rate_cards - INFO - [API RESPONSE] DELETE https://ncm.services.nconprem-10-53-60-173.ccpnx.com/v1/cg/config/rate-cards?rateCardIds=24e6d36f-68d1-431d-a45a-a37159431aaa
2026-02-03 09:15:00 - create_rate_cards - INFO - [STATUS CODE] 200
2026-02-03 09:15:00 - create_rate_cards - INFO - [TIME TAKEN] 0.4622 seconds (462.25 ms)
2026-02-03 09:15:00 - create_rate_cards - INFO - [RESPONSE CONTENT-TYPE] application/json
2026-02-03 09:15:00 - create_rate_cards - INFO - [RESPONSE PAYLOAD]
{
  "message": "Delete Success"
}
2026-02-03 09:15:00 - create_rate_cards - INFO - ✓ Deleted rate card: st_testing546453_91
2026-02-03 09:15:00 - create_rate_cards - INFO - Deleting rate card: st_testing546453_92
2026-02-03 09:15:00 - create_rate_cards - INFO - [API REQUEST] DELETE https://ncm.services.nconprem-10-53-60-173.ccpnx.com/v1/cg/config/rate-cards?rateCardIds=f47d0a11-0cf2-4aff-97ed-a5706d3dd770
2026-02-03 09:15:00 - create_rate_cards - INFO - [API RESPONSE] DELETE https://ncm.services.nconprem-10-53-60-173.ccpnx.com/v1/cg/config/rate-cards?rateCardIds=f47d0a11-0cf2-4aff-97ed-a5706d3dd770
2026-02-03 09:15:00 - create_rate_cards - INFO - [STATUS CODE] 200
2026-02-03 09:15:00 - create_rate_cards - INFO - [TIME TAKEN] 0.3166 seconds (316.56 ms)
2026-02-03 09:15:00 - create_rate_cards - INFO - [RESPONSE CONTENT-TYPE] application/json
2026-02-03 09:15:00 - create_rate_cards - INFO - [RESPONSE PAYLOAD]
{
  "message": "Delete Success"
}
2026-02-03 09:15:00 - create_rate_cards - INFO - ✓ Deleted rate card: st_testing546453_92
2026-02-03 09:15:00 - create_rate_cards - INFO - Deleting rate card: st_testing546453_93
2026-02-03 09:15:00 - create_rate_cards - INFO - [API REQUEST] DELETE https://ncm.services.nconprem-10-53-60-173.ccpnx.com/v1/cg/config/rate-cards?rateCardIds=796ed44b-94bd-413f-881f-9d72cd9a8275
2026-02-03 09:15:01 - create_rate_cards - INFO - [API RESPONSE] DELETE https://ncm.services.nconprem-10-53-60-173.ccpnx.com/v1/cg/config/rate-cards?rateCardIds=796ed44b-94bd-413f-881f-9d72cd9a8275
2026-02-03 09:15:01 - create_rate_cards - INFO - [STATUS CODE] 200
2026-02-03 09:15:01 - create_rate_cards - INFO - [TIME TAKEN] 0.4201 seconds (420.07 ms)
2026-02-03 09:15:01 - create_rate_cards - INFO - [RESPONSE CONTENT-TYPE] application/json
2026-02-03 09:15:01 - create_rate_cards - INFO - [RESPONSE PAYLOAD]
{
  "message": "Delete Success"
}
2026-02-03 09:15:01 - create_rate_cards - INFO - ✓ Deleted rate card: st_testing546453_93
2026-02-03 09:15:01 - create_rate_cards - INFO - Deleting rate card: st_testing546453_94
2026-02-03 09:15:01 - create_rate_cards - INFO - [API REQUEST] DELETE https://ncm.services.nconprem-10-53-60-173.ccpnx.com/v1/cg/config/rate-cards?rateCardIds=4d6ea688-63bd-4890-a89c-f12543e92b67
2026-02-03 09:15:01 - create_rate_cards - INFO - [API RESPONSE] DELETE https://ncm.services.nconprem-10-53-60-173.ccpnx.com/v1/cg/config/rate-cards?rateCardIds=4d6ea688-63bd-4890-a89c-f12543e92b67
2026-02-03 09:15:01 - create_rate_cards - INFO - [STATUS CODE] 200
2026-02-03 09:15:01 - create_rate_cards - INFO - [TIME TAKEN] 0.3075 seconds (307.53 ms)
2026-02-03 09:15:01 - create_rate_cards - INFO - [RESPONSE CONTENT-TYPE] application/json
2026-02-03 09:15:01 - create_rate_cards - INFO - [RESPONSE PAYLOAD]
{
  "message": "Delete Success"
}
2026-02-03 09:15:01 - create_rate_cards - INFO - ✓ Deleted rate card: st_testing546453_94
2026-02-03 09:15:01 - create_rate_cards - INFO - Deleting rate card: st_testing546453_95
2026-02-03 09:15:01 - create_rate_cards - INFO - [API REQUEST] DELETE https://ncm.services.nconprem-10-53-60-173.ccpnx.com/v1/cg/config/rate-cards?rateCardIds=eb3cb1d1-68d0-42bc-a50e-4a69d4222bf8
2026-02-03 09:15:02 - create_rate_cards - INFO - [API RESPONSE] DELETE https://ncm.services.nconprem-10-53-60-173.ccpnx.com/v1/cg/config/rate-cards?rateCardIds=eb3cb1d1-68d0-42bc-a50e-4a69d4222bf8
2026-02-03 09:15:02 - create_rate_cards - INFO - [STATUS CODE] 200
2026-02-03 09:15:02 - create_rate_cards - INFO - [TIME TAKEN] 0.5130 seconds (513.02 ms)
2026-02-03 09:15:02 - create_rate_cards - INFO - [RESPONSE CONTENT-TYPE] application/json
2026-02-03 09:15:02 - create_rate_cards - INFO - [RESPONSE PAYLOAD]
{
  "message": "Delete Success"
}
2026-02-03 09:15:02 - create_rate_cards - INFO - ✓ Deleted rate card: st_testing546453_95
2026-02-03 09:15:02 - create_rate_cards - INFO - Deleting rate card: st_testing546453_96
2026-02-03 09:15:02 - create_rate_cards - INFO - [API REQUEST] DELETE https://ncm.services.nconprem-10-53-60-173.ccpnx.com/v1/cg/config/rate-cards?rateCardIds=d40d24a2-515c-4749-9ea6-6c614ed02c5d
2026-02-03 09:15:02 - create_rate_cards - INFO - [API RESPONSE] DELETE https://ncm.services.nconprem-10-53-60-173.ccpnx.com/v1/cg/config/rate-cards?rateCardIds=d40d24a2-515c-4749-9ea6-6c614ed02c5d
2026-02-03 09:15:02 - create_rate_cards - INFO - [STATUS CODE] 200
2026-02-03 09:15:02 - create_rate_cards - INFO - [TIME TAKEN] 0.6719 seconds (671.94 ms)
2026-02-03 09:15:02 - create_rate_cards - INFO - [RESPONSE CONTENT-TYPE] application/json
2026-02-03 09:15:02 - create_rate_cards - INFO - [RESPONSE PAYLOAD]
{
  "message": "Delete Success"
}
2026-02-03 09:15:02 - create_rate_cards - INFO - ✓ Deleted rate card: st_testing546453_96
2026-02-03 09:15:02 - create_rate_cards - INFO - Deleting rate card: st_testing546453_97
2026-02-03 09:15:02 - create_rate_cards - INFO - [API REQUEST] DELETE https://ncm.services.nconprem-10-53-60-173.ccpnx.com/v1/cg/config/rate-cards?rateCardIds=0de970ba-9d69-4415-bc44-8e1528e67a31
2026-02-03 09:15:03 - create_rate_cards - INFO - [API RESPONSE] DELETE https://ncm.services.nconprem-10-53-60-173.ccpnx.com/v1/cg/config/rate-cards?rateCardIds=0de970ba-9d69-4415-bc44-8e1528e67a31
2026-02-03 09:15:03 - create_rate_cards - INFO - [STATUS CODE] 200
2026-02-03 09:15:03 - create_rate_cards - INFO - [TIME TAKEN] 0.5458 seconds (545.82 ms)
2026-02-03 09:15:03 - create_rate_cards - INFO - [RESPONSE CONTENT-TYPE] application/json
2026-02-03 09:15:03 - create_rate_cards - INFO - [RESPONSE PAYLOAD]
{
  "message": "Delete Success"
}
2026-02-03 09:15:03 - create_rate_cards - INFO - ✓ Deleted rate card: st_testing546453_97
2026-02-03 09:15:03 - create_rate_cards - INFO - Deleting rate card: st_testing546453_98
2026-02-03 09:15:03 - create_rate_cards - INFO - [API REQUEST] DELETE https://ncm.services.nconprem-10-53-60-173.ccpnx.com/v1/cg/config/rate-cards?rateCardIds=77191db2-4c04-4107-afd5-d17645f1be34
2026-02-03 09:15:04 - create_rate_cards - INFO - [API RESPONSE] DELETE https://ncm.services.nconprem-10-53-60-173.ccpnx.com/v1/cg/config/rate-cards?rateCardIds=77191db2-4c04-4107-afd5-d17645f1be34
2026-02-03 09:15:04 - create_rate_cards - INFO - [STATUS CODE] 200
2026-02-03 09:15:04 - create_rate_cards - INFO - [TIME TAKEN] 0.6159 seconds (615.90 ms)
2026-02-03 09:15:04 - create_rate_cards - INFO - [RESPONSE CONTENT-TYPE] application/json
2026-02-03 09:15:04 - create_rate_cards - INFO - [RESPONSE PAYLOAD]
{
  "message": "Delete Success"
}
2026-02-03 09:15:04 - create_rate_cards - INFO - ✓ Deleted rate card: st_testing546453_98
2026-02-03 09:15:04 - create_rate_cards - INFO - Deleting rate card: st_testing546453_99
2026-02-03 09:15:04 - create_rate_cards - INFO - [API REQUEST] DELETE https://ncm.services.nconprem-10-53-60-173.ccpnx.com/v1/cg/config/rate-cards?rateCardIds=0e85a5d9-24a9-4918-b4ef-929e0d607b3d
2026-02-03 09:15:04 - create_rate_cards - INFO - [API RESPONSE] DELETE https://ncm.services.nconprem-10-53-60-173.ccpnx.com/v1/cg/config/rate-cards?rateCardIds=0e85a5d9-24a9-4918-b4ef-929e0d607b3d
2026-02-03 09:15:04 - create_rate_cards - INFO - [STATUS CODE] 200
2026-02-03 09:15:04 - create_rate_cards - INFO - [TIME TAKEN] 0.5288 seconds (528.78 ms)
2026-02-03 09:15:04 - create_rate_cards - INFO - [RESPONSE CONTENT-TYPE] application/json
2026-02-03 09:15:04 - create_rate_cards - INFO - [RESPONSE PAYLOAD]
{
  "message": "Delete Success"
}
2026-02-03 09:15:04 - create_rate_cards - INFO - ✓ Deleted rate card: st_testing546453_99
2026-02-03 09:15:04 - create_rate_cards - INFO - [API REQUEST] POST https://ncm.services.nconprem-10-53-60-173.ccpnx.com/v1/cg/config/rate-cards
2026-02-03 09:15:04 - create_rate_cards - INFO - [REQUEST JSON PAYLOAD]
{
  "rateCards": [
    {
      "rateCardName": "st_testing546453_107",
      "meteringRates": {
        "vm": {
          "vCpu": {
            "unit": "HOUR",
            "rate": 65
          },
          "vRam": {
            "unit": "HOUR",
            "rate": 50
          },
          "vStorage": {
            "unit": "GIB",
            "rate": 16
          },
          "customConfigs": [
            {
              "description": "st_testing546453_0",
              "value": {
                "unit": "DAY",
                "rate": 30
              }
            },
            {
              "description": "st_testing546453_1",
              "value": {
                "unit": "DAY",
                "rate": 6
              }
            },
            {
              "description": "st_testing546453_2",
              "value": {
                "unit": "DAY",
                "rate": 94
              }
            },
            {
              "description": "st_testing546453_3",
              "value": {
                "unit": "DAY",
                "rate": 57
              }
            },
            {
              "description": "st_testing546453_4",
              "value": {
                "unit": "DAY",
                "rate": 93
              }
            }
          ]
        }
      },
      "resources": []
    }
  ]
}
2026-02-03 09:15:04 - create_rate_cards - INFO - [API RESPONSE] POST https://ncm.services.nconprem-10-53-60-173.ccpnx.com/v1/cg/config/rate-cards
2026-02-03 09:15:04 - create_rate_cards - INFO - [STATUS CODE] 200
2026-02-03 09:15:04 - create_rate_cards - INFO - [TIME TAKEN] 0.4501 seconds (450.07 ms)
2026-02-03 09:15:04 - create_rate_cards - INFO - [RESPONSE CONTENT-TYPE] application/json
2026-02-03 09:15:04 - create_rate_cards - INFO - [RESPONSE PAYLOAD]
{
  "ids": [
    "5d5f8cf3-351a-4941-98a3-13bedda890e5"
  ]
}
2026-02-03 09:15:04 - create_rate_cards - INFO - ✓ [106] Created rate card: st_testing546453_107
2026-02-03 09:15:04 - create_rate_cards - INFO - [API REQUEST] POST https://ncm.services.nconprem-10-53-60-173.ccpnx.com/v1/cg/config/rate-cards
2026-02-03 09:15:04 - create_rate_cards - INFO - [REQUEST JSON PAYLOAD]
{
  "rateCards": [
    {
      "rateCardName": "st_testing546453_108",
      "meteringRates": {
        "vm": {
          "vCpu": {
            "unit": "HOUR",
            "rate": 43
          },
          "vRam": {
            "unit": "HOUR",
            "rate": 53
          },
          "vStorage": {
            "unit": "GIB",
            "rate": 29
          },
          "customConfigs": [
            {
              "description": "st_testing546453_0",
              "value": {
                "unit": "DAY",
                "rate": 80
              }
            },
            {
              "description": "st_testing546453_1",
              "value": {
                "unit": "DAY",
                "rate": 47
              }
            },
            {
              "description": "st_testing546453_2",
              "value": {
                "unit": "DAY",
                "rate": 20
              }
            },
            {
              "description": "st_testing546453_3",
              "value": {
                "unit": "DAY",
                "rate": 9
              }
            },
            {
              "description": "st_testing546453_4",
              "value": {
                "unit": "DAY",
                "rate": 97
              }
            }
          ]
        }
      },
      "resources": []
    }
  ]
}
2026-02-03 09:15:05 - create_rate_cards - INFO - [API RESPONSE] POST https://ncm.services.nconprem-10-53-60-173.ccpnx.com/v1/cg/config/rate-cards
2026-02-03 09:15:05 - create_rate_cards - INFO - [STATUS CODE] 200
2026-02-03 09:15:05 - create_rate_cards - INFO - [TIME TAKEN] 0.3459 seconds (345.89 ms)
2026-02-03 09:15:05 - create_rate_cards - INFO - [RESPONSE CONTENT-TYPE] application/json
2026-02-03 09:15:05 - create_rate_cards - INFO - [RESPONSE PAYLOAD]
{
  "ids": [
    "53d88a20-5cb0-44e7-a6bc-d763ba7fa3fd"
  ]
}
2026-02-03 09:15:05 - create_rate_cards - INFO - ✓ [107] Created rate card: st_testing546453_108
2026-02-03 09:15:05 - create_rate_cards - INFO - [API REQUEST] POST https://ncm.services.nconprem-10-53-60-173.ccpnx.com/v1/cg/config/rate-cards
2026-02-03 09:15:05 - create_rate_cards - INFO - [REQUEST JSON PAYLOAD]
{
  "rateCards": [
    {
      "rateCardName": "st_testing546453_109",
      "meteringRates": {
        "vm": {
          "vCpu": {
            "unit": "HOUR",
            "rate": 18
          },
          "vRam": {
            "unit": "HOUR",
            "rate": 58
          },
          "vStorage": {
            "unit": "GIB",
            "rate": 72
          },
          "customConfigs": [
            {
              "description": "st_testing546453_0",
              "value": {
                "unit": "DAY",
                "rate": 20
              }
            },
            {
              "description": "st_testing546453_1",
              "value": {
                "unit": "DAY",
                "rate": 66
              }
            },
            {
              "description": "st_testing546453_2",
              "value": {
                "unit": "DAY",
                "rate": 36
              }
            },
            {
              "description": "st_testing546453_3",
              "value": {
                "unit": "DAY",
                "rate": 33
              }
            },
            {
              "description": "st_testing546453_4",
              "value": {
                "unit": "DAY",
                "rate": 38
              }
            }
          ]
        }
      },
      "resources": []
    }
  ]
}
2026-02-03 09:15:05 - create_rate_cards - INFO - [API RESPONSE] POST https://ncm.services.nconprem-10-53-60-173.ccpnx.com/v1/cg/config/rate-cards
2026-02-03 09:15:05 - create_rate_cards - INFO - [STATUS CODE] 200
2026-02-03 09:15:05 - create_rate_cards - INFO - [TIME TAKEN] 0.2618 seconds (261.79 ms)
2026-02-03 09:15:05 - create_rate_cards - INFO - [RESPONSE CONTENT-TYPE] application/json
2026-02-03 09:15:05 - create_rate_cards - INFO - [RESPONSE PAYLOAD]
{
  "ids": [
    "62a20544-17d9-4f7e-a0a2-29d210d24913"
  ]
}
2026-02-03 09:15:05 - create_rate_cards - INFO - ✓ [108] Created rate card: st_testing546453_109
2026-02-03 09:15:05 - create_rate_cards - INFO - [API REQUEST] POST https://ncm.services.nconprem-10-53-60-173.ccpnx.com/v1/cg/config/rate-cards
2026-02-03 09:15:05 - create_rate_cards - INFO - [REQUEST JSON PAYLOAD]
{
  "rateCards": [
    {
      "rateCardName": "st_testing546453_110",
      "meteringRates": {
        "vm": {
          "vCpu": {
            "unit": "HOUR",
            "rate": 45
          },
          "vRam": {
            "unit": "HOUR",
            "rate": 50
          },
          "vStorage": {
            "unit": "GIB",
            "rate": 8
          },
          "customConfigs": [
            {
              "description": "st_testing546453_0",
              "value": {
                "unit": "DAY",
                "rate": 95
              }
            },
            {
              "description": "st_testing546453_1",
              "value": {
                "unit": "DAY",
                "rate": 54
              }
            },
            {
              "description": "st_testing546453_2",
              "value": {
                "unit": "DAY",
                "rate": 20
              }
            },
            {
              "description": "st_testing546453_3",
              "value": {
                "unit": "DAY",
                "rate": 72
              }
            },
            {
              "description": "st_testing546453_4",
              "value": {
                "unit": "DAY",
                "rate": 8
              }
            }
          ]
        }
      },
      "resources": []
    }
  ]
}
2026-02-03 09:15:05 - create_rate_cards - INFO - [API RESPONSE] POST https://ncm.services.nconprem-10-53-60-173.ccpnx.com/v1/cg/config/rate-cards
2026-02-03 09:15:05 - create_rate_cards - INFO - [STATUS CODE] 200
2026-02-03 09:15:05 - create_rate_cards - INFO - [TIME TAKEN] 0.3326 seconds (332.55 ms)
2026-02-03 09:15:05 - create_rate_cards - INFO - [RESPONSE CONTENT-TYPE] application/json
2026-02-03 09:15:05 - create_rate_cards - INFO - [RESPONSE PAYLOAD]
{
  "ids": [
    "9b8a0d86-62b6-4eda-b324-8876f55b6069"
  ]
}
2026-02-03 09:15:05 - create_rate_cards - INFO - ✓ [109] Created rate card: st_testing546453_110
2026-02-03 09:15:05 - create_rate_cards - INFO - [API REQUEST] POST https://ncm.services.nconprem-10-53-60-173.ccpnx.com/v1/cg/config/rate-cards
2026-02-03 09:15:05 - create_rate_cards - INFO - [REQUEST JSON PAYLOAD]
{
  "rateCards": [
    {
      "rateCardName": "st_testing546453_111",
      "meteringRates": {
        "vm": {
          "vCpu": {
            "unit": "HOUR",
            "rate": 10
          },
          "vRam": {
            "unit": "HOUR",
            "rate": 86
          },
          "vStorage": {
            "unit": "GIB",
            "rate": 85
          },
          "customConfigs": [
            {
              "description": "st_testing546453_0",
              "value": {
                "unit": "DAY",
                "rate": 28
              }
            },
            {
              "description": "st_testing546453_1",
              "value": {
                "unit": "DAY",
                "rate": 53
              }
            },
            {
              "description": "st_testing546453_2",
              "value": {
                "unit": "DAY",
                "rate": 39
              }
            },
            {
              "description": "st_testing546453_3",
              "value": {
                "unit": "DAY",
                "rate": 76
              }
            },
            {
              "description": "st_testing546453_4",
              "value": {
                "unit": "DAY",
                "rate": 83
              }
            }
          ]
        }
      },
      "resources": []
    }
  ]
}
2026-02-03 09:15:06 - create_rate_cards - INFO - [API RESPONSE] POST https://ncm.services.nconprem-10-53-60-173.ccpnx.com/v1/cg/config/rate-cards
2026-02-03 09:15:06 - create_rate_cards - INFO - [STATUS CODE] 200
2026-02-03 09:15:06 - create_rate_cards - INFO - [TIME TAKEN] 0.3672 seconds (367.16 ms)
2026-02-03 09:15:06 - create_rate_cards - INFO - [RESPONSE CONTENT-TYPE] application/json
2026-02-03 09:15:06 - create_rate_cards - INFO - [RESPONSE PAYLOAD]
{
  "ids": [
    "ca302fbf-4590-4ce5-9ce2-9e5aea5c5e78"
  ]
}
2026-02-03 09:15:06 - create_rate_cards - INFO - ✓ [110] Created rate card: st_testing546453_111
2026-02-03 09:15:06 - create_rate_cards - INFO - [API REQUEST] POST https://ncm.services.nconprem-10-53-60-173.ccpnx.com/v1/cg/config/rate-cards
2026-02-03 09:15:06 - create_rate_cards - INFO - [REQUEST JSON PAYLOAD]
{
  "rateCards": [
    {
      "rateCardName": "st_testing546453_112",
      "meteringRates": {
        "vm": {
          "vCpu": {
            "unit": "HOUR",
            "rate": 42
          },
          "vRam": {
            "unit": "HOUR",
            "rate": 84
          },
          "vStorage": {
            "unit": "GIB",
            "rate": 8
          },
          "customConfigs": [
            {
              "description": "st_testing546453_0",
              "value": {
                "unit": "DAY",
                "rate": 50
              }
            },
            {
              "description": "st_testing546453_1",
              "value": {
                "unit": "DAY",
                "rate": 13
              }
            },
            {
              "description": "st_testing546453_2",
              "value": {
                "unit": "DAY",
                "rate": 84
              }
            },
            {
              "description": "st_testing546453_3",
              "value": {
                "unit": "DAY",
                "rate": 91
              }
            },
            {
              "description": "st_testing546453_4",
              "value": {
                "unit": "DAY",
                "rate": 53
              }
            }
          ]
        }
      },
      "resources": []
    }
  ]
}
2026-02-03 09:15:06 - create_rate_cards - INFO - [API RESPONSE] POST https://ncm.services.nconprem-10-53-60-173.ccpnx.com/v1/cg/config/rate-cards
2026-02-03 09:15:06 - create_rate_cards - INFO - [STATUS CODE] 200
2026-02-03 09:15:06 - create_rate_cards - INFO - [TIME TAKEN] 0.3620 seconds (362.01 ms)
2026-02-03 09:15:06 - create_rate_cards - INFO - [RESPONSE CONTENT-TYPE] application/json
2026-02-03 09:15:06 - create_rate_cards - INFO - [RESPONSE PAYLOAD]
{
  "ids": [
    "0e92f403-d895-4806-9ee5-99780e3a3e92"
  ]
}
2026-02-03 09:15:06 - create_rate_cards - INFO - ✓ [111] Created rate card: st_testing546453_112
2026-02-03 09:15:06 - create_rate_cards - INFO - [API REQUEST] POST https://ncm.services.nconprem-10-53-60-173.ccpnx.com/v1/cg/config/rate-cards
2026-02-03 09:15:06 - create_rate_cards - INFO - [REQUEST JSON PAYLOAD]
{
  "rateCards": [
    {
      "rateCardName": "st_testing546453_113",
      "meteringRates": {
        "vm": {
          "vCpu": {
            "unit": "HOUR",
            "rate": 62
          },
          "vRam": {
            "unit": "HOUR",
            "rate": 6
          },
          "vStorage": {
            "unit": "GIB",
            "rate": 26
          },
          "customConfigs": [
            {
              "description": "st_testing546453_0",
              "value": {
                "unit": "DAY",
                "rate": 19
              }
            },
            {
              "description": "st_testing546453_1",
              "value": {
                "unit": "DAY",
                "rate": 50
              }
            },
            {
              "description": "st_testing546453_2",
              "value": {
                "unit": "DAY",
                "rate": 59
              }
            },
            {
              "description": "st_testing546453_3",
              "value": {
                "unit": "DAY",
                "rate": 12
              }
            },
            {
              "description": "st_testing546453_4",
              "value": {
                "unit": "DAY",
                "rate": 54
              }
            }
          ]
        }
      },
      "resources": []
    }
  ]
}
2026-02-03 09:15:07 - create_rate_cards - INFO - [API RESPONSE] POST https://ncm.services.nconprem-10-53-60-173.ccpnx.com/v1/cg/config/rate-cards
2026-02-03 09:15:07 - create_rate_cards - INFO - [STATUS CODE] 200
2026-02-03 09:15:07 - create_rate_cards - INFO - [TIME TAKEN] 0.4033 seconds (403.27 ms)
2026-02-03 09:15:07 - create_rate_cards - INFO - [RESPONSE CONTENT-TYPE] application/json
2026-02-03 09:15:07 - create_rate_cards - INFO - [RESPONSE PAYLOAD]
{
  "ids": [
    "d5a8d383-1e2a-46fe-83e4-250a6f04801c"
  ]
}
2026-02-03 09:15:07 - create_rate_cards - INFO - ✓ [112] Created rate card: st_testing546453_113
2026-02-03 09:15:07 - create_rate_cards - INFO - [API REQUEST] POST https://ncm.services.nconprem-10-53-60-173.ccpnx.com/v1/cg/config/rate-cards
2026-02-03 09:15:07 - create_rate_cards - INFO - [REQUEST JSON PAYLOAD]
{
  "rateCards": [
    {
      "rateCardName": "st_testing546453_114",
      "meteringRates": {
        "vm": {
          "vCpu": {
            "unit": "HOUR",
            "rate": 65
          },
          "vRam": {
            "unit": "HOUR",
            "rate": 3
          },
          "vStorage": {
            "unit": "GIB",
            "rate": 64
          },
          "customConfigs": [
            {
              "description": "st_testing546453_0",
              "value": {
                "unit": "DAY",
                "rate": 36
              }
            },
            {
              "description": "st_testing546453_1",
              "value": {
                "unit": "DAY",
                "rate": 40
              }
            },
            {
              "description": "st_testing546453_2",
              "value": {
                "unit": "DAY",
                "rate": 79
              }
            },
            {
              "description": "st_testing546453_3",
              "value": {
                "unit": "DAY",
                "rate": 59
              }
            },
            {
              "description": "st_testing546453_4",
              "value": {
                "unit": "DAY",
                "rate": 99
              }
            }
          ]
        }
      },
      "resources": []
    }
  ]
}
2026-02-03 09:15:07 - create_rate_cards - INFO - [API RESPONSE] POST https://ncm.services.nconprem-10-53-60-173.ccpnx.com/v1/cg/config/rate-cards
2026-02-03 09:15:07 - create_rate_cards - INFO - [STATUS CODE] 200
2026-02-03 09:15:07 - create_rate_cards - INFO - [TIME TAKEN] 0.3010 seconds (300.95 ms)
2026-02-03 09:15:07 - create_rate_cards - INFO - [RESPONSE CONTENT-TYPE] application/json
2026-02-03 09:15:07 - create_rate_cards - INFO - [RESPONSE PAYLOAD]
{
  "ids": [
    "39055aab-ba08-46f3-a9c2-0abc5492b200"
  ]
}
2026-02-03 09:15:07 - create_rate_cards - INFO - ✓ [113] Created rate card: st_testing546453_114
2026-02-03 09:15:07 - create_rate_cards - INFO - [API REQUEST] POST https://ncm.services.nconprem-10-53-60-173.ccpnx.com/v1/cg/config/rate-cards
2026-02-03 09:15:07 - create_rate_cards - INFO - [REQUEST JSON PAYLOAD]
{
  "rateCards": [
    {
      "rateCardName": "st_testing546453_115",
      "meteringRates": {
        "vm": {
          "vCpu": {
            "unit": "HOUR",
            "rate": 89
          },
          "vRam": {
            "unit": "HOUR",
            "rate": 8
          },
          "vStorage": {
            "unit": "GIB",
            "rate": 67
          },
          "customConfigs": [
            {
              "description": "st_testing546453_0",
              "value": {
                "unit": "DAY",
                "rate": 21
              }
            },
            {
              "description": "st_testing546453_1",
              "value": {
                "unit": "DAY",
                "rate": 37
              }
            },
            {
              "description": "st_testing546453_2",
              "value": {
                "unit": "DAY",
                "rate": 74
              }
            },
            {
              "description": "st_testing546453_3",
              "value": {
                "unit": "DAY",
                "rate": 37
              }
            },
            {
              "description": "st_testing546453_4",
              "value": {
                "unit": "DAY",
                "rate": 25
              }
            }
          ]
        }
      },
      "resources": []
    }
  ]
}
2026-02-03 09:15:07 - create_rate_cards - INFO - [API RESPONSE] POST https://ncm.services.nconprem-10-53-60-173.ccpnx.com/v1/cg/config/rate-cards
2026-02-03 09:15:07 - create_rate_cards - INFO - [STATUS CODE] 200
2026-02-03 09:15:07 - create_rate_cards - INFO - [TIME TAKEN] 0.3349 seconds (334.88 ms)
2026-02-03 09:15:07 - create_rate_cards - INFO - [RESPONSE CONTENT-TYPE] application/json
2026-02-03 09:15:07 - create_rate_cards - INFO - [RESPONSE PAYLOAD]
{
  "ids": [
    "e5ea3c03-0b82-434b-949f-76f7f0e96a9c"
  ]
}
2026-02-03 09:15:07 - create_rate_cards - INFO - ✓ [114] Created rate card: st_testing546453_115
2026-02-03 09:15:07 - create_rate_cards - INFO - [API REQUEST] POST https://ncm.services.nconprem-10-53-60-173.ccpnx.com/v1/cg/config/rate-cards
2026-02-03 09:15:07 - create_rate_cards - INFO - [REQUEST JSON PAYLOAD]
{
  "rateCards": [
    {
      "rateCardName": "st_testing546453_116",
      "meteringRates": {
        "vm": {
          "vCpu": {
            "unit": "HOUR",
            "rate": 21
          },
          "vRam": {
            "unit": "HOUR",
            "rate": 97
          },
          "vStorage": {
            "unit": "GIB",
            "rate": 4
          },
          "customConfigs": [
            {
              "description": "st_testing546453_0",
              "value": {
                "unit": "DAY",
                "rate": 14
              }
            },
            {
              "description": "st_testing546453_1",
              "value": {
                "unit": "DAY",
                "rate": 91
              }
            },
            {
              "description": "st_testing546453_2",
              "value": {
                "unit": "DAY",
                "rate": 8
              }
            },
            {
              "description": "st_testing546453_3",
              "value": {
                "unit": "DAY",
                "rate": 50
              }
            },
            {
              "description": "st_testing546453_4",
              "value": {
                "unit": "DAY",
                "rate": 92
              }
            }
          ]
        }
      },
      "resources": []
    }
  ]
}
2026-02-03 09:15:08 - create_rate_cards - INFO - [API RESPONSE] POST https://ncm.services.nconprem-10-53-60-173.ccpnx.com/v1/cg/config/rate-cards
2026-02-03 09:15:08 - create_rate_cards - INFO - [STATUS CODE] 200
2026-02-03 09:15:08 - create_rate_cards - INFO - [TIME TAKEN] 0.3462 seconds (346.21 ms)
2026-02-03 09:15:08 - create_rate_cards - INFO - [RESPONSE CONTENT-TYPE] application/json
2026-02-03 09:15:08 - create_rate_cards - INFO - [RESPONSE PAYLOAD]
{
  "ids": [
    "05d47eca-17c8-407f-bb22-70178357a375"
  ]
}
2026-02-03 09:15:08 - create_rate_cards - INFO - ✓ [115] Created rate card: st_testing546453_116
2026-02-03 09:15:08 - create_rate_cards - INFO - [API REQUEST] POST https://ncm.services.nconprem-10-53-60-173.ccpnx.com/v1/cg/config/rate-cards
2026-02-03 09:15:08 - create_rate_cards - INFO - [REQUEST JSON PAYLOAD]
{
  "rateCards": [
    {
      "rateCardName": "st_testing546453_117",
      "meteringRates": {
        "vm": {
          "vCpu": {
            "unit": "HOUR",
            "rate": 32
          },
          "vRam": {
            "unit": "HOUR",
            "rate": 66
          },
          "vStorage": {
            "unit": "GIB",
            "rate": 61
          },
          "customConfigs": [
            {
              "description": "st_testing546453_0",
              "value": {
                "unit": "DAY",
                "rate": 23
              }
            },
            {
              "description": "st_testing546453_1",
              "value": {
                "unit": "DAY",
                "rate": 4
              }
            },
            {
              "description": "st_testing546453_2",
              "value": {
                "unit": "DAY",
                "rate": 74
              }
            },
            {
              "description": "st_testing546453_3",
              "value": {
                "unit": "DAY",
                "rate": 79
              }
            },
            {
              "description": "st_testing546453_4",
              "value": {
                "unit": "DAY",
                "rate": 62
              }
            }
          ]
        }
      },
      "resources": []
    }
  ]
}
2026-02-03 09:15:08 - create_rate_cards - INFO - [API RESPONSE] POST https://ncm.services.nconprem-10-53-60-173.ccpnx.com/v1/cg/config/rate-cards
2026-02-03 09:15:08 - create_rate_cards - INFO - [STATUS CODE] 200
2026-02-03 09:15:08 - create_rate_cards - INFO - [TIME TAKEN] 0.2449 seconds (244.91 ms)
2026-02-03 09:15:08 - create_rate_cards - INFO - [RESPONSE CONTENT-TYPE] application/json
2026-02-03 09:15:08 - create_rate_cards - INFO - [RESPONSE PAYLOAD]
{
  "ids": [
    "99bb8774-6548-49c3-85e9-1475a269e8ed"
  ]
}
2026-02-03 09:15:08 - create_rate_cards - INFO - ✓ [116] Created rate card: st_testing546453_117
2026-02-03 09:15:08 - create_rate_cards - INFO - [API REQUEST] POST https://ncm.services.nconprem-10-53-60-173.ccpnx.com/v1/cg/config/rate-cards
2026-02-03 09:15:08 - create_rate_cards - INFO - [REQUEST JSON PAYLOAD]
{
  "rateCards": [
    {
      "rateCardName": "st_testing546453_118",
      "meteringRates": {
        "vm": {
          "vCpu": {
            "unit": "HOUR",
            "rate": 31
          },
          "vRam": {
            "unit": "HOUR",
            "rate": 93
          },
          "vStorage": {
            "unit": "GIB",
            "rate": 59
          },
          "customConfigs": [
            {
              "description": "st_testing546453_0",
              "value": {
                "unit": "DAY",
                "rate": 33
              }
            },
            {
              "description": "st_testing546453_1",
              "value": {
                "unit": "DAY",
                "rate": 73
              }
            },
            {
              "description": "st_testing546453_2",
              "value": {
                "unit": "DAY",
                "rate": 77
              }
            },
            {
              "description": "st_testing546453_3",
              "value": {
                "unit": "DAY",
                "rate": 23
              }
            },
            {
              "description": "st_testing546453_4",
              "value": {
                "unit": "DAY",
                "rate": 70
              }
            }
          ]
        }
      },
      "resources": []
    }
  ]
}
2026-02-03 09:15:08 - create_rate_cards - INFO - [API RESPONSE] POST https://ncm.services.nconprem-10-53-60-173.ccpnx.com/v1/cg/config/rate-cards
2026-02-03 09:15:08 - create_rate_cards - INFO - [STATUS CODE] 200
2026-02-03 09:15:08 - create_rate_cards - INFO - [TIME TAKEN] 0.3437 seconds (343.65 ms)
2026-02-03 09:15:08 - create_rate_cards - INFO - [RESPONSE CONTENT-TYPE] application/json
2026-02-03 09:15:08 - create_rate_cards - INFO - [RESPONSE PAYLOAD]
{
  "ids": [
    "50eba571-f647-46eb-a019-f93f71e53591"
  ]
}
2026-02-03 09:15:08 - create_rate_cards - INFO - ✓ [117] Created rate card: st_testing546453_118
2026-02-03 09:15:08 - create_rate_cards - INFO - [API REQUEST] POST https://ncm.services.nconprem-10-53-60-173.ccpnx.com/v1/cg/config/rate-cards
2026-02-03 09:15:08 - create_rate_cards - INFO - [REQUEST JSON PAYLOAD]
{
  "rateCards": [
    {
      "rateCardName": "st_testing546453_119",
      "meteringRates": {
        "vm": {
          "vCpu": {
            "unit": "HOUR",
            "rate": 60
          },
          "vRam": {
            "unit": "HOUR",
            "rate": 12
          },
          "vStorage": {
            "unit": "GIB",
            "rate": 56
          },
          "customConfigs": [
            {
              "description": "st_testing546453_0",
              "value": {
                "unit": "DAY",
                "rate": 15
              }
            },
            {
              "description": "st_testing546453_1",
              "value": {
                "unit": "DAY",
                "rate": 55
              }
            },
            {
              "description": "st_testing546453_2",
              "value": {
                "unit": "DAY",
                "rate": 79
              }
            },
            {
              "description": "st_testing546453_3",
              "value": {
                "unit": "DAY",
                "rate": 38
              }
            },
            {
              "description": "st_testing546453_4",
              "value": {
                "unit": "DAY",
                "rate": 64
              }
            }
          ]
        }
      },
      "resources": []
    }
  ]
}
2026-02-03 09:15:08 - create_rate_cards - INFO - [API RESPONSE] POST https://ncm.services.nconprem-10-53-60-173.ccpnx.com/v1/cg/config/rate-cards
2026-02-03 09:15:08 - create_rate_cards - INFO - [STATUS CODE] 200
2026-02-03 09:15:08 - create_rate_cards - INFO - [TIME TAKEN] 0.2266 seconds (226.65 ms)
2026-02-03 09:15:08 - create_rate_cards - INFO - [RESPONSE CONTENT-TYPE] application/json
2026-02-03 09:15:08 - create_rate_cards - INFO - [RESPONSE PAYLOAD]
{
  "ids": [
    "2f2f0992-f232-4e1e-be0e-2dabdeeac1d6"
  ]
}
2026-02-03 09:15:08 - create_rate_cards - INFO - ✓ [118] Created rate card: st_testing546453_119
2026-02-03 09:15:08 - create_rate_cards - INFO - [API REQUEST] POST https://ncm.services.nconprem-10-53-60-173.ccpnx.com/v1/cg/config/rate-cards
2026-02-03 09:15:08 - create_rate_cards - INFO - [REQUEST JSON PAYLOAD]
{
  "rateCards": [
    {
      "rateCardName": "st_testing546453_120",
      "meteringRates": {
        "vm": {
          "vCpu": {
            "unit": "HOUR",
            "rate": 57
          },
          "vRam": {
            "unit": "HOUR",
            "rate": 97
          },
          "vStorage": {
            "unit": "GIB",
            "rate": 37
          },
          "customConfigs": [
            {
              "description": "st_testing546453_0",
              "value": {
                "unit": "DAY",
                "rate": 54
              }
            },
            {
              "description": "st_testing546453_1",
              "value": {
                "unit": "DAY",
                "rate": 8
              }
            },
            {
              "description": "st_testing546453_2",
              "value": {
                "unit": "DAY",
                "rate": 60
              }
            },
            {
              "description": "st_testing546453_3",
              "value": {
                "unit": "DAY",
                "rate": 79
              }
            },
            {
              "description": "st_testing546453_4",
              "value": {
                "unit": "DAY",
                "rate": 76
              }
            }
          ]
        }
      },
      "resources": []
    }
  ]
}
2026-02-03 09:15:09 - create_rate_cards - INFO - [API RESPONSE] POST https://ncm.services.nconprem-10-53-60-173.ccpnx.com/v1/cg/config/rate-cards
2026-02-03 09:15:09 - create_rate_cards - INFO - [STATUS CODE] 200
2026-02-03 09:15:09 - create_rate_cards - INFO - [TIME TAKEN] 0.2979 seconds (297.90 ms)
2026-02-03 09:15:09 - create_rate_cards - INFO - [RESPONSE CONTENT-TYPE] application/json
2026-02-03 09:15:09 - create_rate_cards - INFO - [RESPONSE PAYLOAD]
{
  "ids": [
    "d9736d25-fe01-4b7b-8d31-0075ba93eed3"
  ]
}
2026-02-03 09:15:09 - create_rate_cards - INFO - ✓ [119] Created rate card: st_testing546453_120
2026-02-03 09:15:09 - create_rate_cards - INFO - [API REQUEST] POST https://ncm.services.nconprem-10-53-60-173.ccpnx.com/v1/cg/config/rate-cards
2026-02-03 09:15:09 - create_rate_cards - INFO - [REQUEST JSON PAYLOAD]
{
  "rateCards": [
    {
      "rateCardName": "st_testing546453_121",
      "meteringRates": {
        "vm": {
          "vCpu": {
            "unit": "HOUR",
            "rate": 44
          },
          "vRam": {
            "unit": "HOUR",
            "rate": 16
          },
          "vStorage": {
            "unit": "GIB",
            "rate": 45
          },
          "customConfigs": [
            {
              "description": "st_testing546453_0",
              "value": {
                "unit": "DAY",
                "rate": 25
              }
            },
            {
              "description": "st_testing546453_1",
              "value": {
                "unit": "DAY",
                "rate": 52
              }
            },
            {
              "description": "st_testing546453_2",
              "value": {
                "unit": "DAY",
                "rate": 49
              }
            },
            {
              "description": "st_testing546453_3",
              "value": {
                "unit": "DAY",
                "rate": 89
              }
            },
            {
              "description": "st_testing546453_4",
              "value": {
                "unit": "DAY",
                "rate": 34
              }
            }
          ]
        }
      },
      "resources": []
    }
  ]
}
2026-02-03 09:15:09 - create_rate_cards - INFO - [API RESPONSE] POST https://ncm.services.nconprem-10-53-60-173.ccpnx.com/v1/cg/config/rate-cards
2026-02-03 09:15:09 - create_rate_cards - INFO - [STATUS CODE] 200
2026-02-03 09:15:09 - create_rate_cards - INFO - [TIME TAKEN] 0.5108 seconds (510.81 ms)
2026-02-03 09:15:09 - create_rate_cards - INFO - [RESPONSE CONTENT-TYPE] application/json
2026-02-03 09:15:09 - create_rate_cards - INFO - [RESPONSE PAYLOAD]
{
  "ids": [
    "af74b24d-2874-4362-b2ba-5a8d5c1d9ba1"
  ]
}
2026-02-03 09:15:09 - create_rate_cards - INFO - ✓ [120] Created rate card: st_testing546453_121
2026-02-03 09:15:09 - create_rate_cards - INFO - [API REQUEST] POST https://ncm.services.nconprem-10-53-60-173.ccpnx.com/v1/cg/config/rate-cards
2026-02-03 09:15:09 - create_rate_cards - INFO - [REQUEST JSON PAYLOAD]
{
  "rateCards": [
    {
      "rateCardName": "st_testing546453_122",
      "meteringRates": {
        "vm": {
          "vCpu": {
            "unit": "HOUR",
            "rate": 96
          },
          "vRam": {
            "unit": "HOUR",
            "rate": 84
          },
          "vStorage": {
            "unit": "GIB",
            "rate": 51
          },
          "customConfigs": [
            {
              "description": "st_testing546453_0",
              "value": {
                "unit": "DAY",
                "rate": 61
              }
            },
            {
              "description": "st_testing546453_1",
              "value": {
                "unit": "DAY",
                "rate": 76
              }
            },
            {
              "description": "st_testing546453_2",
              "value": {
                "unit": "DAY",
                "rate": 21
              }
            },
            {
              "description": "st_testing546453_3",
              "value": {
                "unit": "DAY",
                "rate": 50
              }
            },
            {
              "description": "st_testing546453_4",
              "value": {
                "unit": "DAY",
                "rate": 57
              }
            }
          ]
        }
      },
      "resources": []
    }
  ]
}
2026-02-03 09:15:10 - create_rate_cards - INFO - [API RESPONSE] POST https://ncm.services.nconprem-10-53-60-173.ccpnx.com/v1/cg/config/rate-cards
2026-02-03 09:15:10 - create_rate_cards - INFO - [STATUS CODE] 200
2026-02-03 09:15:10 - create_rate_cards - INFO - [TIME TAKEN] 0.3139 seconds (313.93 ms)
2026-02-03 09:15:10 - create_rate_cards - INFO - [RESPONSE CONTENT-TYPE] application/json
2026-02-03 09:15:10 - create_rate_cards - INFO - [RESPONSE PAYLOAD]
{
  "ids": [
    "fa1fa4ba-8fa9-4f6b-a129-a39b30b05966"
  ]
}
2026-02-03 09:15:10 - create_rate_cards - INFO - ✓ [121] Created rate card: st_testing546453_122
2026-02-03 09:15:10 - create_rate_cards - INFO - [API REQUEST] POST https://ncm.services.nconprem-10-53-60-173.ccpnx.com/v1/cg/config/rate-cards
2026-02-03 09:15:10 - create_rate_cards - INFO - [REQUEST JSON PAYLOAD]
{
  "rateCards": [
    {
      "rateCardName": "st_testing546453_123",
      "meteringRates": {
        "vm": {
          "vCpu": {
            "unit": "HOUR",
            "rate": 3
          },
          "vRam": {
            "unit": "HOUR",
            "rate": 4
          },
          "vStorage": {
            "unit": "GIB",
            "rate": 84
          },
          "customConfigs": [
            {
              "description": "st_testing546453_0",
              "value": {
                "unit": "DAY",
                "rate": 31
              }
            },
            {
              "description": "st_testing546453_1",
              "value": {
                "unit": "DAY",
                "rate": 36
              }
            },
            {
              "description": "st_testing546453_2",
              "value": {
                "unit": "DAY",
                "rate": 89
              }
            },
            {
              "description": "st_testing546453_3",
              "value": {
                "unit": "DAY",
                "rate": 58
              }
            },
            {
              "description": "st_testing546453_4",
              "value": {
                "unit": "DAY",
                "rate": 78
              }
            }
          ]
        }
      },
      "resources": []
    }
  ]
}
2026-02-03 09:15:10 - create_rate_cards - INFO - [API RESPONSE] POST https://ncm.services.nconprem-10-53-60-173.ccpnx.com/v1/cg/config/rate-cards
2026-02-03 09:15:10 - create_rate_cards - INFO - [STATUS CODE] 200
2026-02-03 09:15:10 - create_rate_cards - INFO - [TIME TAKEN] 0.2531 seconds (253.15 ms)
2026-02-03 09:15:10 - create_rate_cards - INFO - [RESPONSE CONTENT-TYPE] application/json
2026-02-03 09:15:10 - create_rate_cards - INFO - [RESPONSE PAYLOAD]
{
  "ids": [
    "c1bd7c3c-eb8b-4570-b86d-e7eea9548731"
  ]
}
2026-02-03 09:15:10 - create_rate_cards - INFO - ✓ [122] Created rate card: st_testing546453_123
2026-02-03 09:15:10 - create_rate_cards - INFO - [API REQUEST] POST https://ncm.services.nconprem-10-53-60-173.ccpnx.com/v1/cg/config/rate-cards
2026-02-03 09:15:10 - create_rate_cards - INFO - [REQUEST JSON PAYLOAD]
{
  "rateCards": [
    {
      "rateCardName": "st_testing546453_124",
      "meteringRates": {
        "vm": {
          "vCpu": {
            "unit": "HOUR",
            "rate": 87
          },
          "vRam": {
            "unit": "HOUR",
            "rate": 50
          },
          "vStorage": {
            "unit": "GIB",
            "rate": 98
          },
          "customConfigs": [
            {
              "description": "st_testing546453_0",
              "value": {
                "unit": "DAY",
                "rate": 23
              }
            },
            {
              "description": "st_testing546453_1",
              "value": {
                "unit": "DAY",
                "rate": 41
              }
            },
            {
              "description": "st_testing546453_2",
              "value": {
                "unit": "DAY",
                "rate": 35
              }
            },
            {
              "description": "st_testing546453_3",
              "value": {
                "unit": "DAY",
                "rate": 38
              }
            },
            {
              "description": "st_testing546453_4",
              "value": {
                "unit": "DAY",
                "rate": 47
              }
            }
          ]
        }
      },
      "resources": []
    }
  ]
}
2026-02-03 09:15:10 - create_rate_cards - INFO - [API RESPONSE] POST https://ncm.services.nconprem-10-53-60-173.ccpnx.com/v1/cg/config/rate-cards
2026-02-03 09:15:10 - create_rate_cards - INFO - [STATUS CODE] 200
2026-02-03 09:15:10 - create_rate_cards - INFO - [TIME TAKEN] 0.4075 seconds (407.51 ms)
2026-02-03 09:15:10 - create_rate_cards - INFO - [RESPONSE CONTENT-TYPE] application/json
2026-02-03 09:15:10 - create_rate_cards - INFO - [RESPONSE PAYLOAD]
{
  "ids": [
    "3c8aecc4-de34-49a2-9bf2-bc6346d38cd9"
  ]
}
2026-02-03 09:15:10 - create_rate_cards - INFO - ✓ [123] Created rate card: st_testing546453_124
2026-02-03 09:15:10 - create_rate_cards - INFO - [API REQUEST] POST https://ncm.services.nconprem-10-53-60-173.ccpnx.com/v1/cg/config/rate-cards
2026-02-03 09:15:10 - create_rate_cards - INFO - [REQUEST JSON PAYLOAD]
{
  "rateCards": [
    {
      "rateCardName": "st_testing546453_125",
      "meteringRates": {
        "vm": {
          "vCpu": {
            "unit": "HOUR",
            "rate": 92
          },
          "vRam": {
            "unit": "HOUR",
            "rate": 70
          },
          "vStorage": {
            "unit": "GIB",
            "rate": 72
          },
          "customConfigs": [
            {
              "description": "st_testing546453_0",
              "value": {
                "unit": "DAY",
                "rate": 98
              }
            },
            {
              "description": "st_testing546453_1",
              "value": {
                "unit": "DAY",
                "rate": 90
              }
            },
            {
              "description": "st_testing546453_2",
              "value": {
                "unit": "DAY",
                "rate": 74
              }
            },
            {
              "description": "st_testing546453_3",
              "value": {
                "unit": "DAY",
                "rate": 20
              }
            },
            {
              "description": "st_testing546453_4",
              "value": {
                "unit": "DAY",
                "rate": 80
              }
            }
          ]
        }
      },
      "resources": []
    }
  ]
}
2026-02-03 09:15:10 - create_rate_cards - INFO - [API RESPONSE] POST https://ncm.services.nconprem-10-53-60-173.ccpnx.com/v1/cg/config/rate-cards
2026-02-03 09:15:10 - create_rate_cards - INFO - [STATUS CODE] 200
2026-02-03 09:15:10 - create_rate_cards - INFO - [TIME TAKEN] 0.2424 seconds (242.35 ms)
2026-02-03 09:15:10 - create_rate_cards - INFO - [RESPONSE CONTENT-TYPE] application/json
2026-02-03 09:15:10 - create_rate_cards - INFO - [RESPONSE PAYLOAD]
{
  "ids": [
    "a50c9333-46fb-4dd7-b3aa-8098e5f5611e"
  ]
}
2026-02-03 09:15:10 - create_rate_cards - INFO - ✓ [124] Created rate card: st_testing546453_125
2026-02-03 09:15:10 - create_rate_cards - INFO - [API REQUEST] POST https://ncm.services.nconprem-10-53-60-173.ccpnx.com/v1/cg/config/rate-cards
2026-02-03 09:15:10 - create_rate_cards - INFO - [REQUEST JSON PAYLOAD]
{
  "rateCards": [
    {
      "rateCardName": "st_testing546453_126",
      "meteringRates": {
        "vm": {
          "vCpu": {
            "unit": "HOUR",
            "rate": 60
          },
          "vRam": {
            "unit": "HOUR",
            "rate": 55
          },
          "vStorage": {
            "unit": "GIB",
            "rate": 32
          },
          "customConfigs": [
            {
              "description": "st_testing546453_0",
              "value": {
                "unit": "DAY",
                "rate": 91
              }
            },
            {
              "description": "st_testing546453_1",
              "value": {
                "unit": "DAY",
                "rate": 36
              }
            },
            {
              "description": "st_testing546453_2",
              "value": {
                "unit": "DAY",
                "rate": 46
              }
            },
            {
              "description": "st_testing546453_3",
              "value": {
                "unit": "DAY",
                "rate": 41
              }
            },
            {
              "description": "st_testing546453_4",
              "value": {
                "unit": "DAY",
                "rate": 36
              }
            }
          ]
        }
      },
      "resources": []
    }
  ]
}
2026-02-03 09:15:11 - create_rate_cards - INFO - [API RESPONSE] POST https://ncm.services.nconprem-10-53-60-173.ccpnx.com/v1/cg/config/rate-cards
2026-02-03 09:15:11 - create_rate_cards - INFO - [STATUS CODE] 200
2026-02-03 09:15:11 - create_rate_cards - INFO - [TIME TAKEN] 0.3487 seconds (348.67 ms)
2026-02-03 09:15:11 - create_rate_cards - INFO - [RESPONSE CONTENT-TYPE] application/json
2026-02-03 09:15:11 - create_rate_cards - INFO - [RESPONSE PAYLOAD]
{
  "ids": [
    "36097c66-65b9-4c4b-b363-9d9e66abb65e"
  ]
}
2026-02-03 09:15:11 - create_rate_cards - INFO - ✓ [125] Created rate card: st_testing546453_126
2026-02-03 09:15:11 - create_rate_cards - INFO - [API REQUEST] POST https://ncm.services.nconprem-10-53-60-173.ccpnx.com/v1/cg/config/rate-cards
2026-02-03 09:15:11 - create_rate_cards - INFO - [REQUEST JSON PAYLOAD]
{
  "rateCards": [
    {
      "rateCardName": "st_testing546453_127",
      "meteringRates": {
        "vm": {
          "vCpu": {
            "unit": "HOUR",
            "rate": 76
          },
          "vRam": {
            "unit": "HOUR",
            "rate": 51
          },
          "vStorage": {
            "unit": "GIB",
            "rate": 56
          },
          "customConfigs": [
            {
              "description": "st_testing546453_0",
              "value": {
                "unit": "DAY",
                "rate": 34
              }
            },
            {
              "description": "st_testing546453_1",
              "value": {
                "unit": "DAY",
                "rate": 8
              }
            },
            {
              "description": "st_testing546453_2",
              "value": {
                "unit": "DAY",
                "rate": 5
              }
            },
            {
              "description": "st_testing546453_3",
              "value": {
                "unit": "DAY",
                "rate": 78
              }
            },
            {
              "description": "st_testing546453_4",
              "value": {
                "unit": "DAY",
                "rate": 14
              }
            }
          ]
        }
      },
      "resources": []
    }
  ]
}
2026-02-03 09:15:11 - create_rate_cards - INFO - [API RESPONSE] POST https://ncm.services.nconprem-10-53-60-173.ccpnx.com/v1/cg/config/rate-cards
2026-02-03 09:15:11 - create_rate_cards - INFO - [STATUS CODE] 200
2026-02-03 09:15:11 - create_rate_cards - INFO - [TIME TAKEN] 0.3015 seconds (301.51 ms)
2026-02-03 09:15:11 - create_rate_cards - INFO - [RESPONSE CONTENT-TYPE] application/json
2026-02-03 09:15:11 - create_rate_cards - INFO - [RESPONSE PAYLOAD]
{
  "ids": [
    "29cd4aa0-f6bb-4ce4-98fb-1df47d226761"
  ]
}
2026-02-03 09:15:11 - create_rate_cards - INFO - ✓ [126] Created rate card: st_testing546453_127
2026-02-03 09:15:11 - create_rate_cards - INFO - [API REQUEST] POST https://ncm.services.nconprem-10-53-60-173.ccpnx.com/v1/cg/config/rate-cards
2026-02-03 09:15:11 - create_rate_cards - INFO - [REQUEST JSON PAYLOAD]
{
  "rateCards": [
    {
      "rateCardName": "st_testing546453_128",
      "meteringRates": {
        "vm": {
          "vCpu": {
            "unit": "HOUR",
            "rate": 81
          },
          "vRam": {
            "unit": "HOUR",
            "rate": 84
          },
          "vStorage": {
            "unit": "GIB",
            "rate": 76
          },
          "customConfigs": [
            {
              "description": "st_testing546453_0",
              "value": {
                "unit": "DAY",
                "rate": 23
              }
            },
            {
              "description": "st_testing546453_1",
              "value": {
                "unit": "DAY",
                "rate": 12
              }
            },
            {
              "description": "st_testing546453_2",
              "value": {
                "unit": "DAY",
                "rate": 21
              }
            },
            {
              "description": "st_testing546453_3",
              "value": {
                "unit": "DAY",
                "rate": 19
              }
            },
            {
              "description": "st_testing546453_4",
              "value": {
                "unit": "DAY",
                "rate": 94
              }
            }
          ]
        }
      },
      "resources": []
    }
  ]
}
2026-02-03 09:15:11 - create_rate_cards - INFO - [API RESPONSE] POST https://ncm.services.nconprem-10-53-60-173.ccpnx.com/v1/cg/config/rate-cards
2026-02-03 09:15:31 - create_rate_cards - INFO - [STATUS CODE] 200
2026-02-03 09:15:31 - create_rate_cards - INFO - [TIME TAKEN] 0.2897 seconds (289.67 ms)
2026-02-03 09:15:31 - create_rate_cards - INFO - [RESPONSE CONTENT-TYPE] application/json
2026-02-03 09:15:31 - create_rate_cards - INFO - [RESPONSE PAYLOAD]
{
  "ids": [
    "91d634c1-09ec-48ef-95a9-965267f3bde5"
  ]
}
2026-02-03 09:15:31 - create_rate_cards - INFO - ✓ [127] Created rate card: st_testing546453_128
2026-02-03 09:15:31 - create_rate_cards - INFO - [API REQUEST] POST https://ncm.services.nconprem-10-53-60-173.ccpnx.com/v1/cg/config/rate-cards
2026-02-03 09:15:31 - create_rate_cards - INFO - [REQUEST JSON PAYLOAD]
{
  "rateCards": [
    {
      "rateCardName": "st_testing546453_129",
      "meteringRates": {
        "vm": {
          "vCpu": {
            "unit": "HOUR",
            "rate": 19
          },
          "vRam": {
            "unit": "HOUR",
            "rate": 44
          },
          "vStorage": {
            "unit": "GIB",
            "rate": 70
          },
          "customConfigs": [
            {
              "description": "st_testing546453_0",
              "value": {
                "unit": "DAY",
                "rate": 52
              }
            },
            {
              "description": "st_testing546453_1",
              "value": {
                "unit": "DAY",
                "rate": 68
              }
            },
            {
              "description": "st_testing546453_2",
              "value": {
                "unit": "DAY",
                "rate": 56
              }
            },
            {
              "description": "st_testing546453_3",
              "value": {
                "unit": "DAY",
                "rate": 30
              }
            },
            {
              "description": "st_testing546453_4",
              "value": {
                "unit": "DAY",
                "rate": 31
              }
            }
          ]
        }
      },
      "resources": []
    }
  ]
}
2026-02-03 09:15:31 - create_rate_cards - INFO - [API RESPONSE] POST https://ncm.services.nconprem-10-53-60-173.ccpnx.com/v1/cg/config/rate-cards
2026-02-03 09:15:31 - create_rate_cards - INFO - [STATUS CODE] 200
2026-02-03 09:15:31 - create_rate_cards - INFO - [TIME TAKEN] 0.4751 seconds (475.13 ms)
2026-02-03 09:15:31 - create_rate_cards - INFO - [RESPONSE CONTENT-TYPE] application/json
2026-02-03 09:15:31 - create_rate_cards - INFO - [RESPONSE PAYLOAD]
{
  "ids": [
    "5e09c14d-5ca5-46fb-a8fe-c4f8c4486c99"
  ]
}
2026-02-03 09:15:31 - create_rate_cards - INFO - ✓ [128] Created rate card: st_testing546453_129
2026-02-03 09:15:31 - create_rate_cards - INFO - [API REQUEST] POST https://ncm.services.nconprem-10-53-60-173.ccpnx.com/v1/cg/config/rate-cards
2026-02-03 09:15:31 - create_rate_cards - INFO - [REQUEST JSON PAYLOAD]
{
  "rateCards": [
    {
      "rateCardName": "st_testing546453_130",
      "meteringRates": {
        "vm": {
          "vCpu": {
            "unit": "HOUR",
            "rate": 78
          },
          "vRam": {
            "unit": "HOUR",
            "rate": 17
          },
          "vStorage": {
            "unit": "GIB",
            "rate": 52
          },
          "customConfigs": [
            {
              "description": "st_testing546453_0",
              "value": {
                "unit": "DAY",
                "rate": 5
              }
            },
            {
              "description": "st_testing546453_1",
              "value": {
                "unit": "DAY",
                "rate": 67
              }
            },
            {
              "description": "st_testing546453_2",
              "value": {
                "unit": "DAY",
                "rate": 80
              }
            },
            {
              "description": "st_testing546453_3",
              "value": {
                "unit": "DAY",
                "rate": 95
              }
            },
            {
              "description": "st_testing546453_4",
              "value": {
                "unit": "DAY",
                "rate": 56
              }
            }
          ]
        }
      },
      "resources": []
    }
  ]
}
2026-02-03 09:15:31 - create_rate_cards - INFO - [API RESPONSE] POST https://ncm.services.nconprem-10-53-60-173.ccpnx.com/v1/cg/config/rate-cards
2026-02-03 09:15:31 - create_rate_cards - INFO - [STATUS CODE] 200
2026-02-03 09:15:31 - create_rate_cards - INFO - [TIME TAKEN] 0.4070 seconds (407.02 ms)
2026-02-03 09:15:31 - create_rate_cards - INFO - [RESPONSE CONTENT-TYPE] application/json
2026-02-03 09:15:31 - create_rate_cards - INFO - [RESPONSE PAYLOAD]
{
  "ids": [
    "791fc3ce-7721-4de2-9110-74b86fe8c9b9"
  ]
}
2026-02-03 09:15:31 - create_rate_cards - INFO - ✓ [129] Created rate card: st_testing546453_130
2026-02-03 09:15:31 - create_rate_cards - INFO - [API REQUEST] POST https://ncm.services.nconprem-10-53-60-173.ccpnx.com/v1/cg/config/rate-cards
2026-02-03 09:15:31 - create_rate_cards - INFO - [REQUEST JSON PAYLOAD]
{
  "rateCards": [
    {
      "rateCardName": "st_testing546453_131",
      "meteringRates": {
        "vm": {
          "vCpu": {
            "unit": "HOUR",
            "rate": 97
          },
          "vRam": {
            "unit": "HOUR",
            "rate": 90
          },
          "vStorage": {
            "unit": "GIB",
            "rate": 84
          },
          "customConfigs": [
            {
              "description": "st_testing546453_0",
              "value": {
                "unit": "DAY",
                "rate": 30
              }
            },
            {
              "description": "st_testing546453_1",
              "value": {
                "unit": "DAY",
                "rate": 14
              }
            },
            {
              "description": "st_testing546453_2",
              "value": {
                "unit": "DAY",
                "rate": 100
              }
            },
            {
              "description": "st_testing546453_3",
              "value": {
                "unit": "DAY",
                "rate": 72
              }
            },
            {
              "description": "st_testing546453_4",
              "value": {
                "unit": "DAY",
                "rate": 92
              }
            }
          ]
        }
      },
      "resources": []
    }
  ]
}
2026-02-03 09:15:32 - create_rate_cards - INFO - [API RESPONSE] POST https://ncm.services.nconprem-10-53-60-173.ccpnx.com/v1/cg/config/rate-cards
2026-02-03 09:15:32 - create_rate_cards - INFO - [STATUS CODE] 200
2026-02-03 09:15:32 - create_rate_cards - INFO - [TIME TAKEN] 0.2851 seconds (285.13 ms)
2026-02-03 09:15:32 - create_rate_cards - INFO - [RESPONSE CONTENT-TYPE] application/json
2026-02-03 09:15:32 - create_rate_cards - INFO - [RESPONSE PAYLOAD]
{
  "ids": [
    "beca842b-e427-4d02-8292-5147b0d1c7af"
  ]
}
2026-02-03 09:15:32 - create_rate_cards - INFO - ✓ [130] Created rate card: st_testing546453_131
2026-02-03 09:15:32 - create_rate_cards - INFO - [API REQUEST] POST https://ncm.services.nconprem-10-53-60-173.ccpnx.com/v1/cg/config/rate-cards
2026-02-03 09:15:32 - create_rate_cards - INFO - [REQUEST JSON PAYLOAD]
{
  "rateCards": [
    {
      "rateCardName": "st_testing546453_132",
      "meteringRates": {
        "vm": {
          "vCpu": {
            "unit": "HOUR",
            "rate": 15
          },
          "vRam": {
            "unit": "HOUR",
            "rate": 42
          },
          "vStorage": {
            "unit": "GIB",
            "rate": 8
          },
          "customConfigs": [
            {
              "description": "st_testing546453_0",
              "value": {
                "unit": "DAY",
                "rate": 90
              }
            },
            {
              "description": "st_testing546453_1",
              "value": {
                "unit": "DAY",
                "rate": 38
              }
            },
            {
              "description": "st_testing546453_2",
              "value": {
                "unit": "DAY",
                "rate": 7
              }
            },
            {
              "description": "st_testing546453_3",
              "value": {
                "unit": "DAY",
                "rate": 90
              }
            },
            {
              "description": "st_testing546453_4",
              "value": {
                "unit": "DAY",
                "rate": 62
              }
            }
          ]
        }
      },
      "resources": []
    }
  ]
}
2026-02-03 09:15:32 - create_rate_cards - INFO - [API RESPONSE] POST https://ncm.services.nconprem-10-53-60-173.ccpnx.com/v1/cg/config/rate-cards
2026-02-03 09:15:32 - create_rate_cards - INFO - [STATUS CODE] 200
2026-02-03 09:15:32 - create_rate_cards - INFO - [TIME TAKEN] 0.6364 seconds (636.40 ms)
2026-02-03 09:15:32 - create_rate_cards - INFO - [RESPONSE CONTENT-TYPE] application/json
2026-02-03 09:15:32 - create_rate_cards - INFO - [RESPONSE PAYLOAD]
{
  "ids": [
    "673c67ec-19a9-4475-9d9b-8c3dfc9fc7d2"
  ]
}
2026-02-03 09:15:32 - create_rate_cards - INFO - ✓ [131] Created rate card: st_testing546453_132
2026-02-03 09:15:32 - create_rate_cards - INFO - [API REQUEST] POST https://ncm.services.nconprem-10-53-60-173.ccpnx.com/v1/cg/config/rate-cards
2026-02-03 09:15:32 - create_rate_cards - INFO - [REQUEST JSON PAYLOAD]
{
  "rateCards": [
    {
      "rateCardName": "st_testing546453_133",
      "meteringRates": {
        "vm": {
          "vCpu": {
            "unit": "HOUR",
            "rate": 89
          },
          "vRam": {
            "unit": "HOUR",
            "rate": 20
          },
          "vStorage": {
            "unit": "GIB",
            "rate": 60
          },
          "customConfigs": [
            {
              "description": "st_testing546453_0",
              "value": {
                "unit": "DAY",
                "rate": 52
              }
            },
            {
              "description": "st_testing546453_1",
              "value": {
                "unit": "DAY",
                "rate": 60
              }
            },
            {
              "description": "st_testing546453_2",
              "value": {
                "unit": "DAY",
                "rate": 20
              }
            },
            {
              "description": "st_testing546453_3",
              "value": {
                "unit": "DAY",
                "rate": 81
              }
            },
            {
              "description": "st_testing546453_4",
              "value": {
                "unit": "DAY",
                "rate": 86
              }
            }
          ]
        }
      },
      "resources": []
    }
  ]
}
2026-02-03 09:15:33 - create_rate_cards - INFO - [API RESPONSE] POST https://ncm.services.nconprem-10-53-60-173.ccpnx.com/v1/cg/config/rate-cards
2026-02-03 09:15:33 - create_rate_cards - INFO - [STATUS CODE] 200
2026-02-03 09:15:33 - create_rate_cards - INFO - [TIME TAKEN] 0.3006 seconds (300.56 ms)
2026-02-03 09:15:33 - create_rate_cards - INFO - [RESPONSE CONTENT-TYPE] application/json
2026-02-03 09:15:33 - create_rate_cards - INFO - [RESPONSE PAYLOAD]
{
  "ids": [
    "9df14f32-a13d-4cef-b226-a0933b3afee6"
  ]
}
2026-02-03 09:15:33 - create_rate_cards - INFO - ✓ [132] Created rate card: st_testing546453_133
2026-02-03 09:15:33 - create_rate_cards - INFO - [API REQUEST] POST https://ncm.services.nconprem-10-53-60-173.ccpnx.com/v1/cg/config/rate-cards
2026-02-03 09:15:33 - create_rate_cards - INFO - [REQUEST JSON PAYLOAD]
{
  "rateCards": [
    {
      "rateCardName": "st_testing546453_134",
      "meteringRates": {
        "vm": {
          "vCpu": {
            "unit": "HOUR",
            "rate": 39
          },
          "vRam": {
            "unit": "HOUR",
            "rate": 88
          },
          "vStorage": {
            "unit": "GIB",
            "rate": 71
          },
          "customConfigs": [
            {
              "description": "st_testing546453_0",
              "value": {
                "unit": "DAY",
                "rate": 21
              }
            },
            {
              "description": "st_testing546453_1",
              "value": {
                "unit": "DAY",
                "rate": 68
              }
            },
            {
              "description": "st_testing546453_2",
              "value": {
                "unit": "DAY",
                "rate": 76
              }
            },
            {
              "description": "st_testing546453_3",
              "value": {
                "unit": "DAY",
                "rate": 98
              }
            },
            {
              "description": "st_testing546453_4",
              "value": {
                "unit": "DAY",
                "rate": 36
              }
            }
          ]
        }
      },
      "resources": []
    }
  ]
}
2026-02-03 09:15:33 - create_rate_cards - INFO - [API RESPONSE] POST https://ncm.services.nconprem-10-53-60-173.ccpnx.com/v1/cg/config/rate-cards
2026-02-03 09:15:33 - create_rate_cards - INFO - [STATUS CODE] 200
2026-02-03 09:15:33 - create_rate_cards - INFO - [TIME TAKEN] 0.3056 seconds (305.58 ms)
2026-02-03 09:15:33 - create_rate_cards - INFO - [RESPONSE CONTENT-TYPE] application/json
2026-02-03 09:15:33 - create_rate_cards - INFO - [RESPONSE PAYLOAD]
{
  "ids": [
    "84b603c8-48e6-4b5a-924c-624b480e8acd"
  ]
}
2026-02-03 09:15:33 - create_rate_cards - INFO - ✓ [133] Created rate card: st_testing546453_134
2026-02-03 09:15:33 - create_rate_cards - INFO - [API REQUEST] POST https://ncm.services.nconprem-10-53-60-173.ccpnx.com/v1/cg/config/rate-cards
2026-02-03 09:15:33 - create_rate_cards - INFO - [REQUEST JSON PAYLOAD]
{
  "rateCards": [
    {
      "rateCardName": "st_testing546453_135",
      "meteringRates": {
        "vm": {
          "vCpu": {
            "unit": "HOUR",
            "rate": 97
          },
          "vRam": {
            "unit": "HOUR",
            "rate": 93
          },
          "vStorage": {
            "unit": "GIB",
            "rate": 38
          },
          "customConfigs": [
            {
              "description": "st_testing546453_0",
              "value": {
                "unit": "DAY",
                "rate": 79
              }
            },
            {
              "description": "st_testing546453_1",
              "value": {
                "unit": "DAY",
                "rate": 73
              }
            },
            {
              "description": "st_testing546453_2",
              "value": {
                "unit": "DAY",
                "rate": 33
              }
            },
            {
              "description": "st_testing546453_3",
              "value": {
                "unit": "DAY",
                "rate": 73
              }
            },
            {
              "description": "st_testing546453_4",
              "value": {
                "unit": "DAY",
                "rate": 65
              }
            }
          ]
        }
      },
      "resources": []
    }
  ]
}
2026-02-03 09:15:34 - create_rate_cards - INFO - [API RESPONSE] POST https://ncm.services.nconprem-10-53-60-173.ccpnx.com/v1/cg/config/rate-cards
2026-02-03 09:15:34 - create_rate_cards - INFO - [STATUS CODE] 200
2026-02-03 09:15:34 - create_rate_cards - INFO - [TIME TAKEN] 0.6061 seconds (606.11 ms)
2026-02-03 09:15:34 - create_rate_cards - INFO - [RESPONSE CONTENT-TYPE] application/json
2026-02-03 09:15:34 - create_rate_cards - INFO - [RESPONSE PAYLOAD]
{
  "ids": [
    "0c8b32ce-6726-40b7-a38b-6956f6808f89"
  ]
}
2026-02-03 09:15:34 - create_rate_cards - INFO - ✓ [134] Created rate card: st_testing546453_135
2026-02-03 09:15:34 - create_rate_cards - INFO - [API REQUEST] POST https://ncm.services.nconprem-10-53-60-173.ccpnx.com/v1/cg/config/rate-cards
2026-02-03 09:15:34 - create_rate_cards - INFO - [REQUEST JSON PAYLOAD]
{
  "rateCards": [
    {
      "rateCardName": "st_testing546453_136",
      "meteringRates": {
        "vm": {
          "vCpu": {
            "unit": "HOUR",
            "rate": 85
          },
          "vRam": {
            "unit": "HOUR",
            "rate": 89
          },
          "vStorage": {
            "unit": "GIB",
            "rate": 23
          },
          "customConfigs": [
            {
              "description": "st_testing546453_0",
              "value": {
                "unit": "DAY",
                "rate": 82
              }
            },
            {
              "description": "st_testing546453_1",
              "value": {
                "unit": "DAY",
                "rate": 32
              }
            },
            {
              "description": "st_testing546453_2",
              "value": {
                "unit": "DAY",
                "rate": 51
              }
            },
            {
              "description": "st_testing546453_3",
              "value": {
                "unit": "DAY",
                "rate": 74
              }
            },
            {
              "description": "st_testing546453_4",
              "value": {
                "unit": "DAY",
                "rate": 56
              }
            }
          ]
        }
      },
      "resources": []
    }
  ]
}
2026-02-03 09:15:34 - create_rate_cards - INFO - [API RESPONSE] POST https://ncm.services.nconprem-10-53-60-173.ccpnx.com/v1/cg/config/rate-cards
2026-02-03 09:15:34 - create_rate_cards - INFO - [STATUS CODE] 200
2026-02-03 09:15:34 - create_rate_cards - INFO - [TIME TAKEN] 0.5910 seconds (590.99 ms)
2026-02-03 09:15:34 - create_rate_cards - INFO - [RESPONSE CONTENT-TYPE] application/json
2026-02-03 09:15:34 - create_rate_cards - INFO - [RESPONSE PAYLOAD]
{
  "ids": [
    "a0caccb9-d57a-4ded-ad96-6726d99c18da"
  ]
}
2026-02-03 09:15:34 - create_rate_cards - INFO - ✓ [135] Created rate card: st_testing546453_136
2026-02-03 09:15:34 - create_rate_cards - INFO - [API REQUEST] POST https://ncm.services.nconprem-10-53-60-173.ccpnx.com/v1/cg/config/rate-cards
2026-02-03 09:15:34 - create_rate_cards - INFO - [REQUEST JSON PAYLOAD]
{
  "rateCards": [
    {
      "rateCardName": "st_testing546453_137",
      "meteringRates": {
        "vm": {
          "vCpu": {
            "unit": "HOUR",
            "rate": 46
          },
          "vRam": {
            "unit": "HOUR",
            "rate": 36
          },
          "vStorage": {
            "unit": "GIB",
            "rate": 17
          },
          "customConfigs": [
            {
              "description": "st_testing546453_0",
              "value": {
                "unit": "DAY",
                "rate": 54
              }
            },
            {
              "description": "st_testing546453_1",
              "value": {
                "unit": "DAY",
                "rate": 27
              }
            },
            {
              "description": "st_testing546453_2",
              "value": {
                "unit": "DAY",
                "rate": 43
              }
            },
            {
              "description": "st_testing546453_3",
              "value": {
                "unit": "DAY",
                "rate": 12
              }
            },
            {
              "description": "st_testing546453_4",
              "value": {
                "unit": "DAY",
                "rate": 83
              }
            }
          ]
        }
      },
      "resources": []
    }
  ]
}
2026-02-03 09:15:35 - create_rate_cards - INFO - [API RESPONSE] POST https://ncm.services.nconprem-10-53-60-173.ccpnx.com/v1/cg/config/rate-cards
2026-02-03 09:15:35 - create_rate_cards - INFO - [STATUS CODE] 200
2026-02-03 09:15:35 - create_rate_cards - INFO - [TIME TAKEN] 0.3638 seconds (363.76 ms)
2026-02-03 09:15:35 - create_rate_cards - INFO - [RESPONSE CONTENT-TYPE] application/json
2026-02-03 09:15:35 - create_rate_cards - INFO - [RESPONSE PAYLOAD]
{
  "ids": [
    "ce3d77d9-a7ed-4d65-8b47-8777e86a71fe"
  ]
}
2026-02-03 09:15:35 - create_rate_cards - INFO - ✓ [136] Created rate card: st_testing546453_137
2026-02-03 09:15:35 - create_rate_cards - INFO - [API REQUEST] POST https://ncm.services.nconprem-10-53-60-173.ccpnx.com/v1/cg/config/rate-cards
2026-02-03 09:15:35 - create_rate_cards - INFO - [REQUEST JSON PAYLOAD]
{
  "rateCards": [
    {
      "rateCardName": "st_testing546453_138",
      "meteringRates": {
        "vm": {
          "vCpu": {
            "unit": "HOUR",
            "rate": 61
          },
          "vRam": {
            "unit": "HOUR",
            "rate": 15
          },
          "vStorage": {
            "unit": "GIB",
            "rate": 9
          },
          "customConfigs": [
            {
              "description": "st_testing546453_0",
              "value": {
                "unit": "DAY",
                "rate": 16
              }
            },
            {
              "description": "st_testing546453_1",
              "value": {
                "unit": "DAY",
                "rate": 65
              }
            },
            {
              "description": "st_testing546453_2",
              "value": {
                "unit": "DAY",
                "rate": 37
              }
            },
            {
              "description": "st_testing546453_3",
              "value": {
                "unit": "DAY",
                "rate": 95
              }
            },
            {
              "description": "st_testing546453_4",
              "value": {
                "unit": "DAY",
                "rate": 99
              }
            }
          ]
        }
      },
      "resources": []
    }
  ]
}
2026-02-03 09:15:35 - create_rate_cards - INFO - [API RESPONSE] POST https://ncm.services.nconprem-10-53-60-173.ccpnx.com/v1/cg/config/rate-cards
2026-02-03 09:15:35 - create_rate_cards - INFO - [STATUS CODE] 200
2026-02-03 09:15:35 - create_rate_cards - INFO - [TIME TAKEN] 0.3893 seconds (389.32 ms)
2026-02-03 09:15:35 - create_rate_cards - INFO - [RESPONSE CONTENT-TYPE] application/json
2026-02-03 09:15:35 - create_rate_cards - INFO - [RESPONSE PAYLOAD]
{
  "ids": [
    "9fd08ce1-83b5-4f81-b5b7-97e2a64994b1"
  ]
}
2026-02-03 09:15:35 - create_rate_cards - INFO - ✓ [137] Created rate card: st_testing546453_138
2026-02-03 09:15:35 - create_rate_cards - INFO - [API REQUEST] POST https://ncm.services.nconprem-10-53-60-173.ccpnx.com/v1/cg/config/rate-cards
2026-02-03 09:15:35 - create_rate_cards - INFO - [REQUEST JSON PAYLOAD]
{
  "rateCards": [
    {
      "rateCardName": "st_testing546453_139",
      "meteringRates": {
        "vm": {
          "vCpu": {
            "unit": "HOUR",
            "rate": 38
          },
          "vRam": {
            "unit": "HOUR",
            "rate": 8
          },
          "vStorage": {
            "unit": "GIB",
            "rate": 14
          },
          "customConfigs": [
            {
              "description": "st_testing546453_0",
              "value": {
                "unit": "DAY",
                "rate": 90
              }
            },
            {
              "description": "st_testing546453_1",
              "value": {
                "unit": "DAY",
                "rate": 10
              }
            },
            {
              "description": "st_testing546453_2",
              "value": {
                "unit": "DAY",
                "rate": 26
              }
            },
            {
              "description": "st_testing546453_3",
              "value": {
                "unit": "DAY",
                "rate": 72
              }
            },
            {
              "description": "st_testing546453_4",
              "value": {
                "unit": "DAY",
                "rate": 72
              }
            }
          ]
        }
      },
      "resources": []
    }
  ]
}
2026-02-03 09:15:35 - create_rate_cards - INFO - [API RESPONSE] POST https://ncm.services.nconprem-10-53-60-173.ccpnx.com/v1/cg/config/rate-cards
2026-02-03 09:15:35 - create_rate_cards - INFO - [STATUS CODE] 200
2026-02-03 09:15:35 - create_rate_cards - INFO - [TIME TAKEN] 0.3776 seconds (377.56 ms)
2026-02-03 09:15:35 - create_rate_cards - INFO - [RESPONSE CONTENT-TYPE] application/json
2026-02-03 09:15:35 - create_rate_cards - INFO - [RESPONSE PAYLOAD]
{
  "ids": [
    "6a551da6-cd25-4a63-bfa8-178edc66fe32"
  ]
}
2026-02-03 09:15:35 - create_rate_cards - INFO - ✓ [138] Created rate card: st_testing546453_139
2026-02-03 09:15:35 - create_rate_cards - INFO - [API REQUEST] POST https://ncm.services.nconprem-10-53-60-173.ccpnx.com/v1/cg/config/rate-cards
2026-02-03 09:15:35 - create_rate_cards - INFO - [REQUEST JSON PAYLOAD]
{
  "rateCards": [
    {
      "rateCardName": "st_testing546453_140",
      "meteringRates": {
        "vm": {
          "vCpu": {
            "unit": "HOUR",
            "rate": 16
          },
          "vRam": {
            "unit": "HOUR",
            "rate": 15
          },
          "vStorage": {
            "unit": "GIB",
            "rate": 97
          },
          "customConfigs": [
            {
              "description": "st_testing546453_0",
              "value": {
                "unit": "DAY",
                "rate": 88
              }
            },
            {
              "description": "st_testing546453_1",
              "value": {
                "unit": "DAY",
                "rate": 29
              }
            },
            {
              "description": "st_testing546453_2",
              "value": {
                "unit": "DAY",
                "rate": 77
              }
            },
            {
              "description": "st_testing546453_3",
              "value": {
                "unit": "DAY",
                "rate": 14
              }
            },
            {
              "description": "st_testing546453_4",
              "value": {
                "unit": "DAY",
                "rate": 52
              }
            }
          ]
        }
      },
      "resources": []
    }
  ]
}
2026-02-03 09:15:36 - create_rate_cards - INFO - [API RESPONSE] POST https://ncm.services.nconprem-10-53-60-173.ccpnx.com/v1/cg/config/rate-cards
2026-02-03 09:15:36 - create_rate_cards - INFO - [STATUS CODE] 200
2026-02-03 09:15:36 - create_rate_cards - INFO - [TIME TAKEN] 0.5271 seconds (527.09 ms)
2026-02-03 09:15:36 - create_rate_cards - INFO - [RESPONSE CONTENT-TYPE] application/json
2026-02-03 09:15:36 - create_rate_cards - INFO - [RESPONSE PAYLOAD]
{
  "ids": [
    "24558e6f-5b5c-4548-860b-c22541b11e2c"
  ]
}
2026-02-03 09:15:36 - create_rate_cards - INFO - ✓ [139] Created rate card: st_testing546453_140
2026-02-03 09:15:36 - create_rate_cards - INFO - [API REQUEST] POST https://ncm.services.nconprem-10-53-60-173.ccpnx.com/v1/cg/config/rate-cards
2026-02-03 09:15:36 - create_rate_cards - INFO - [REQUEST JSON PAYLOAD]
{
  "rateCards": [
    {
      "rateCardName": "st_testing546453_141",
      "meteringRates": {
        "vm": {
          "vCpu": {
            "unit": "HOUR",
            "rate": 33
          },
          "vRam": {
            "unit": "HOUR",
            "rate": 67
          },
          "vStorage": {
            "unit": "GIB",
            "rate": 77
          },
          "customConfigs": [
            {
              "description": "st_testing546453_0",
              "value": {
                "unit": "DAY",
                "rate": 12
              }
            },
            {
              "description": "st_testing546453_1",
              "value": {
                "unit": "DAY",
                "rate": 31
              }
            },
            {
              "description": "st_testing546453_2",
              "value": {
                "unit": "DAY",
                "rate": 63
              }
            },
            {
              "description": "st_testing546453_3",
              "value": {
                "unit": "DAY",
                "rate": 85
              }
            },
            {
              "description": "st_testing546453_4",
              "value": {
                "unit": "DAY",
                "rate": 94
              }
            }
          ]
        }
      },
      "resources": []
    }
  ]
}
2026-02-03 09:15:36 - create_rate_cards - INFO - [API RESPONSE] POST https://ncm.services.nconprem-10-53-60-173.ccpnx.com/v1/cg/config/rate-cards
2026-02-03 09:15:36 - create_rate_cards - INFO - [STATUS CODE] 200
2026-02-03 09:15:36 - create_rate_cards - INFO - [TIME TAKEN] 0.3250 seconds (324.97 ms)
2026-02-03 09:15:36 - create_rate_cards - INFO - [RESPONSE CONTENT-TYPE] application/json
2026-02-03 09:15:36 - create_rate_cards - INFO - [RESPONSE PAYLOAD]
{
  "ids": [
    "e5e42ee0-40af-4f78-96e4-a0c91663df17"
  ]
}
2026-02-03 09:15:36 - create_rate_cards - INFO - ✓ [140] Created rate card: st_testing546453_141
2026-02-03 09:15:36 - create_rate_cards - INFO - [API REQUEST] POST https://ncm.services.nconprem-10-53-60-173.ccpnx.com/v1/cg/config/rate-cards
2026-02-03 09:15:36 - create_rate_cards - INFO - [REQUEST JSON PAYLOAD]
{
  "rateCards": [
    {
      "rateCardName": "st_testing546453_142",
      "meteringRates": {
        "vm": {
          "vCpu": {
            "unit": "HOUR",
            "rate": 31
          },
          "vRam": {
            "unit": "HOUR",
            "rate": 1
          },
          "vStorage": {
            "unit": "GIB",
            "rate": 74
          },
          "customConfigs": [
            {
              "description": "st_testing546453_0",
              "value": {
                "unit": "DAY",
                "rate": 59
              }
            },
            {
              "description": "st_testing546453_1",
              "value": {
                "unit": "DAY",
                "rate": 56
              }
            },
            {
              "description": "st_testing546453_2",
              "value": {
                "unit": "DAY",
                "rate": 50
              }
            },
            {
              "description": "st_testing546453_3",
              "value": {
                "unit": "DAY",
                "rate": 61
              }
            },
            {
              "description": "st_testing546453_4",
              "value": {
                "unit": "DAY",
                "rate": 75
              }
            }
          ]
        }
      },
      "resources": []
    }
  ]
}
2026-02-03 09:15:37 - create_rate_cards - INFO - [API RESPONSE] POST https://ncm.services.nconprem-10-53-60-173.ccpnx.com/v1/cg/config/rate-cards
2026-02-03 09:15:37 - create_rate_cards - INFO - [STATUS CODE] 200
2026-02-03 09:15:37 - create_rate_cards - INFO - [TIME TAKEN] 0.5351 seconds (535.12 ms)
2026-02-03 09:15:37 - create_rate_cards - INFO - [RESPONSE CONTENT-TYPE] application/json
2026-02-03 09:15:37 - create_rate_cards - INFO - [RESPONSE PAYLOAD]
{
  "ids": [
    "5a8f170c-914d-42aa-98a2-84824d59240c"
  ]
}
2026-02-03 09:15:37 - create_rate_cards - INFO - ✓ [141] Created rate card: st_testing546453_142
2026-02-03 09:15:37 - create_rate_cards - INFO - [API REQUEST] POST https://ncm.services.nconprem-10-53-60-173.ccpnx.com/v1/cg/config/rate-cards
2026-02-03 09:15:37 - create_rate_cards - INFO - [REQUEST JSON PAYLOAD]
{
  "rateCards": [
    {
      "rateCardName": "st_testing546453_143",
      "meteringRates": {
        "vm": {
          "vCpu": {
            "unit": "HOUR",
            "rate": 95
          },
          "vRam": {
            "unit": "HOUR",
            "rate": 11
          },
          "vStorage": {
            "unit": "GIB",
            "rate": 92
          },
          "customConfigs": [
            {
              "description": "st_testing546453_0",
              "value": {
                "unit": "DAY",
                "rate": 3
              }
            },
            {
              "description": "st_testing546453_1",
              "value": {
                "unit": "DAY",
                "rate": 49
              }
            },
            {
              "description": "st_testing546453_2",
              "value": {
                "unit": "DAY",
                "rate": 95
              }
            },
            {
              "description": "st_testing546453_3",
              "value": {
                "unit": "DAY",
                "rate": 80
              }
            },
            {
              "description": "st_testing546453_4",
              "value": {
                "unit": "DAY",
                "rate": 18
              }
            }
          ]
        }
      },
      "resources": []
    }
  ]
}
2026-02-03 09:15:37 - create_rate_cards - INFO - [API RESPONSE] POST https://ncm.services.nconprem-10-53-60-173.ccpnx.com/v1/cg/config/rate-cards
2026-02-03 09:15:37 - create_rate_cards - INFO - [STATUS CODE] 200
2026-02-03 09:15:37 - create_rate_cards - INFO - [TIME TAKEN] 0.2745 seconds (274.46 ms)
2026-02-03 09:15:37 - create_rate_cards - INFO - [RESPONSE CONTENT-TYPE] application/json
2026-02-03 09:15:37 - create_rate_cards - INFO - [RESPONSE PAYLOAD]
{
  "ids": [
    "7b11c1ed-9936-4f9d-9a95-0f458a574a0b"
  ]
}
2026-02-03 09:15:37 - create_rate_cards - INFO - ✓ [142] Created rate card: st_testing546453_143
2026-02-03 09:15:37 - create_rate_cards - INFO - [API REQUEST] POST https://ncm.services.nconprem-10-53-60-173.ccpnx.com/v1/cg/config/rate-cards
2026-02-03 09:15:37 - create_rate_cards - INFO - [REQUEST JSON PAYLOAD]
{
  "rateCards": [
    {
      "rateCardName": "st_testing546453_144",
      "meteringRates": {
        "vm": {
          "vCpu": {
            "unit": "HOUR",
            "rate": 93
          },
          "vRam": {
            "unit": "HOUR",
            "rate": 94
          },
          "vStorage": {
            "unit": "GIB",
            "rate": 96
          },
          "customConfigs": [
            {
              "description": "st_testing546453_0",
              "value": {
                "unit": "DAY",
                "rate": 7
              }
            },
            {
              "description": "st_testing546453_1",
              "value": {
                "unit": "DAY",
                "rate": 43
              }
            },
            {
              "description": "st_testing546453_2",
              "value": {
                "unit": "DAY",
                "rate": 98
              }
            },
            {
              "description": "st_testing546453_3",
              "value": {
                "unit": "DAY",
                "rate": 34
              }
            },
            {
              "description": "st_testing546453_4",
              "value": {
                "unit": "DAY",
                "rate": 40
              }
            }
          ]
        }
      },
      "resources": []
    }
  ]
}
2026-02-03 09:15:37 - create_rate_cards - INFO - [API RESPONSE] POST https://ncm.services.nconprem-10-53-60-173.ccpnx.com/v1/cg/config/rate-cards
2026-02-03 09:15:37 - create_rate_cards - INFO - [STATUS CODE] 200
2026-02-03 09:15:37 - create_rate_cards - INFO - [TIME TAKEN] 0.2665 seconds (266.46 ms)
2026-02-03 09:15:37 - create_rate_cards - INFO - [RESPONSE CONTENT-TYPE] application/json
2026-02-03 09:15:37 - create_rate_cards - INFO - [RESPONSE PAYLOAD]
{
  "ids": [
    "178bdc55-b854-42cf-a27a-27072d0566fd"
  ]
}
2026-02-03 09:15:37 - create_rate_cards - INFO - ✓ [143] Created rate card: st_testing546453_144
2026-02-03 09:15:37 - create_rate_cards - INFO - [API REQUEST] POST https://ncm.services.nconprem-10-53-60-173.ccpnx.com/v1/cg/config/rate-cards
2026-02-03 09:15:37 - create_rate_cards - INFO - [REQUEST JSON PAYLOAD]
{
  "rateCards": [
    {
      "rateCardName": "st_testing546453_145",
      "meteringRates": {
        "vm": {
          "vCpu": {
            "unit": "HOUR",
            "rate": 100
          },
          "vRam": {
            "unit": "HOUR",
            "rate": 63
          },
          "vStorage": {
            "unit": "GIB",
            "rate": 64
          },
          "customConfigs": [
            {
              "description": "st_testing546453_0",
              "value": {
                "unit": "DAY",
                "rate": 23
              }
            },
            {
              "description": "st_testing546453_1",
              "value": {
                "unit": "DAY",
                "rate": 53
              }
            },
            {
              "description": "st_testing546453_2",
              "value": {
                "unit": "DAY",
                "rate": 77
              }
            },
            {
              "description": "st_testing546453_3",
              "value": {
                "unit": "DAY",
                "rate": 50
              }
            },
            {
              "description": "st_testing546453_4",
              "value": {
                "unit": "DAY",
                "rate": 15
              }
            }
          ]
        }
      },
      "resources": []
    }
  ]
}
2026-02-03 09:15:38 - create_rate_cards - INFO - [API RESPONSE] POST https://ncm.services.nconprem-10-53-60-173.ccpnx.com/v1/cg/config/rate-cards
2026-02-03 09:15:38 - create_rate_cards - INFO - [STATUS CODE] 200
2026-02-03 09:15:38 - create_rate_cards - INFO - [TIME TAKEN] 0.2723 seconds (272.30 ms)
2026-02-03 09:15:38 - create_rate_cards - INFO - [RESPONSE CONTENT-TYPE] application/json
2026-02-03 09:15:38 - create_rate_cards - INFO - [RESPONSE PAYLOAD]
{
  "ids": [
    "31de9a52-92c3-4242-9ef2-b7986f929525"
  ]
}
2026-02-03 09:15:38 - create_rate_cards - INFO - ✓ [144] Created rate card: st_testing546453_145
2026-02-03 09:15:38 - create_rate_cards - INFO - [API REQUEST] POST https://ncm.services.nconprem-10-53-60-173.ccpnx.com/v1/cg/config/rate-cards
2026-02-03 09:15:38 - create_rate_cards - INFO - [REQUEST JSON PAYLOAD]
{
  "rateCards": [
    {
      "rateCardName": "st_testing546453_146",
      "meteringRates": {
        "vm": {
          "vCpu": {
            "unit": "HOUR",
            "rate": 18
          },
          "vRam": {
            "unit": "HOUR",
            "rate": 77
          },
          "vStorage": {
            "unit": "GIB",
            "rate": 79
          },
          "customConfigs": [
            {
              "description": "st_testing546453_0",
              "value": {
                "unit": "DAY",
                "rate": 58
              }
            },
            {
              "description": "st_testing546453_1",
              "value": {
                "unit": "DAY",
                "rate": 98
              }
            },
            {
              "description": "st_testing546453_2",
              "value": {
                "unit": "DAY",
                "rate": 2
              }
            },
            {
              "description": "st_testing546453_3",
              "value": {
                "unit": "DAY",
                "rate": 75
              }
            },
            {
              "description": "st_testing546453_4",
              "value": {
                "unit": "DAY",
                "rate": 42
              }
            }
          ]
        }
      },
      "resources": []
    }
  ]
}
2026-02-03 09:15:38 - create_rate_cards - INFO - [API RESPONSE] POST https://ncm.services.nconprem-10-53-60-173.ccpnx.com/v1/cg/config/rate-cards
2026-02-03 09:15:38 - create_rate_cards - INFO - [STATUS CODE] 200
2026-02-03 09:15:38 - create_rate_cards - INFO - [TIME TAKEN] 0.4280 seconds (427.99 ms)
2026-02-03 09:15:38 - create_rate_cards - INFO - [RESPONSE CONTENT-TYPE] application/json
2026-02-03 09:15:38 - create_rate_cards - INFO - [RESPONSE PAYLOAD]
{
  "ids": [
    "c698ab8f-68e5-4f44-8fdb-a67d0c5ef67b"
  ]
}
2026-02-03 09:15:38 - create_rate_cards - INFO - ✓ [145] Created rate card: st_testing546453_146
2026-02-03 09:15:38 - create_rate_cards - INFO - [API REQUEST] POST https://ncm.services.nconprem-10-53-60-173.ccpnx.com/v1/cg/config/rate-cards
2026-02-03 09:15:38 - create_rate_cards - INFO - [REQUEST JSON PAYLOAD]
{
  "rateCards": [
    {
      "rateCardName": "st_testing546453_147",
      "meteringRates": {
        "vm": {
          "vCpu": {
            "unit": "HOUR",
            "rate": 80
          },
          "vRam": {
            "unit": "HOUR",
            "rate": 5
          },
          "vStorage": {
            "unit": "GIB",
            "rate": 97
          },
          "customConfigs": [
            {
              "description": "st_testing546453_0",
              "value": {
                "unit": "DAY",
                "rate": 72
              }
            },
            {
              "description": "st_testing546453_1",
              "value": {
                "unit": "DAY",
                "rate": 94
              }
            },
            {
              "description": "st_testing546453_2",
              "value": {
                "unit": "DAY",
                "rate": 27
              }
            },
            {
              "description": "st_testing546453_3",
              "value": {
                "unit": "DAY",
                "rate": 66
              }
            },
            {
              "description": "st_testing546453_4",
              "value": {
                "unit": "DAY",
                "rate": 18
              }
            }
          ]
        }
      },
      "resources": []
    }
  ]
}
2026-02-03 09:15:38 - create_rate_cards - INFO - [API RESPONSE] POST https://ncm.services.nconprem-10-53-60-173.ccpnx.com/v1/cg/config/rate-cards
2026-02-03 09:15:38 - create_rate_cards - INFO - [STATUS CODE] 200
2026-02-03 09:15:38 - create_rate_cards - INFO - [TIME TAKEN] 0.3640 seconds (364.02 ms)
2026-02-03 09:15:38 - create_rate_cards - INFO - [RESPONSE CONTENT-TYPE] application/json
2026-02-03 09:15:38 - create_rate_cards - INFO - [RESPONSE PAYLOAD]
{
  "ids": [
    "aa8c8021-82f4-407f-b3fa-b39a8bdab76c"
  ]
}
2026-02-03 09:15:38 - create_rate_cards - INFO - ✓ [146] Created rate card: st_testing546453_147
2026-02-03 09:15:38 - create_rate_cards - INFO - [API REQUEST] POST https://ncm.services.nconprem-10-53-60-173.ccpnx.com/v1/cg/config/rate-cards
2026-02-03 09:15:38 - create_rate_cards - INFO - [REQUEST JSON PAYLOAD]
{
  "rateCards": [
    {
      "rateCardName": "st_testing546453_148",
      "meteringRates": {
        "vm": {
          "vCpu": {
            "unit": "HOUR",
            "rate": 53
          },
          "vRam": {
            "unit": "HOUR",
            "rate": 96
          },
          "vStorage": {
            "unit": "GIB",
            "rate": 99
          },
          "customConfigs": [
            {
              "description": "st_testing546453_0",
              "value": {
                "unit": "DAY",
                "rate": 28
              }
            },
            {
              "description": "st_testing546453_1",
              "value": {
                "unit": "DAY",
                "rate": 92
              }
            },
            {
              "description": "st_testing546453_2",
              "value": {
                "unit": "DAY",
                "rate": 97
              }
            },
            {
              "description": "st_testing546453_3",
              "value": {
                "unit": "DAY",
                "rate": 64
              }
            },
            {
              "description": "st_testing546453_4",
              "value": {
                "unit": "DAY",
                "rate": 73
              }
            }
          ]
        }
      },
      "resources": []
    }
  ]
}
2026-02-03 09:15:39 - create_rate_cards - INFO - [API RESPONSE] POST https://ncm.services.nconprem-10-53-60-173.ccpnx.com/v1/cg/config/rate-cards
2026-02-03 09:15:39 - create_rate_cards - INFO - [STATUS CODE] 200
2026-02-03 09:15:39 - create_rate_cards - INFO - [TIME TAKEN] 0.4620 seconds (462.04 ms)
2026-02-03 09:15:39 - create_rate_cards - INFO - [RESPONSE CONTENT-TYPE] application/json
2026-02-03 09:15:39 - create_rate_cards - INFO - [RESPONSE PAYLOAD]
{
  "ids": [
    "3e5b5d83-4dbb-4b0b-9451-14cc43e547de"
  ]
}
2026-02-03 09:15:39 - create_rate_cards - INFO - ✓ [147] Created rate card: st_testing546453_148
2026-02-03 09:15:39 - create_rate_cards - INFO - [API REQUEST] POST https://ncm.services.nconprem-10-53-60-173.ccpnx.com/v1/cg/config/rate-cards
2026-02-03 09:15:39 - create_rate_cards - INFO - [REQUEST JSON PAYLOAD]
{
  "rateCards": [
    {
      "rateCardName": "st_testing546453_149",
      "meteringRates": {
        "vm": {
          "vCpu": {
            "unit": "HOUR",
            "rate": 3
          },
          "vRam": {
            "unit": "HOUR",
            "rate": 22
          },
          "vStorage": {
            "unit": "GIB",
            "rate": 85
          },
          "customConfigs": [
            {
              "description": "st_testing546453_0",
              "value": {
                "unit": "DAY",
                "rate": 88
              }
            },
            {
              "description": "st_testing546453_1",
              "value": {
                "unit": "DAY",
                "rate": 68
              }
            },
            {
              "description": "st_testing546453_2",
              "value": {
                "unit": "DAY",
                "rate": 96
              }
            },
            {
              "description": "st_testing546453_3",
              "value": {
                "unit": "DAY",
                "rate": 94
              }
            },
            {
              "description": "st_testing546453_4",
              "value": {
                "unit": "DAY",
                "rate": 84
              }
            }
          ]
        }
      },
      "resources": []
    }
  ]
}
2026-02-03 09:15:39 - create_rate_cards - INFO - [API RESPONSE] POST https://ncm.services.nconprem-10-53-60-173.ccpnx.com/v1/cg/config/rate-cards
2026-02-03 09:15:39 - create_rate_cards - INFO - [STATUS CODE] 200
2026-02-03 09:15:39 - create_rate_cards - INFO - [TIME TAKEN] 0.5656 seconds (565.55 ms)
2026-02-03 09:15:39 - create_rate_cards - INFO - [RESPONSE CONTENT-TYPE] application/json
2026-02-03 09:15:39 - create_rate_cards - INFO - [RESPONSE PAYLOAD]
{
  "ids": [
    "3fc005fd-966e-4ab8-88c3-217c7620789d"
  ]
}
2026-02-03 09:15:39 - create_rate_cards - INFO - ✓ [148] Created rate card: st_testing546453_149
2026-02-03 09:15:39 - create_rate_cards - INFO - [API REQUEST] POST https://ncm.services.nconprem-10-53-60-173.ccpnx.com/v1/cg/config/rate-cards
2026-02-03 09:15:39 - create_rate_cards - INFO - [REQUEST JSON PAYLOAD]
{
  "rateCards": [
    {
      "rateCardName": "st_testing546453_150",
      "meteringRates": {
        "vm": {
          "vCpu": {
            "unit": "HOUR",
            "rate": 48
          },
          "vRam": {
            "unit": "HOUR",
            "rate": 36
          },
          "vStorage": {
            "unit": "GIB",
            "rate": 22
          },
          "customConfigs": [
            {
              "description": "st_testing546453_0",
              "value": {
                "unit": "DAY",
                "rate": 3
              }
            },
            {
              "description": "st_testing546453_1",
              "value": {
                "unit": "DAY",
                "rate": 44
              }
            },
            {
              "description": "st_testing546453_2",
              "value": {
                "unit": "DAY",
                "rate": 64
              }
            },
            {
              "description": "st_testing546453_3",
              "value": {
                "unit": "DAY",
                "rate": 53
              }
            },
            {
              "description": "st_testing546453_4",
              "value": {
                "unit": "DAY",
                "rate": 55
              }
            }
          ]
        }
      },
      "resources": []
    }
  ]
}
2026-02-03 09:15:40 - create_rate_cards - INFO - [API RESPONSE] POST https://ncm.services.nconprem-10-53-60-173.ccpnx.com/v1/cg/config/rate-cards
2026-02-03 09:15:40 - create_rate_cards - INFO - [STATUS CODE] 200
2026-02-03 09:15:40 - create_rate_cards - INFO - [TIME TAKEN] 0.7418 seconds (741.75 ms)
2026-02-03 09:15:40 - create_rate_cards - INFO - [RESPONSE CONTENT-TYPE] application/json
2026-02-03 09:15:40 - create_rate_cards - INFO - [RESPONSE PAYLOAD]
{
  "ids": [
    "194b88ca-326c-4884-b944-147359d098e3"
  ]
}
2026-02-03 09:15:40 - create_rate_cards - INFO - ✓ [149] Created rate card: st_testing546453_150
2026-02-03 09:15:40 - create_rate_cards - INFO - [API REQUEST] POST https://ncm.services.nconprem-10-53-60-173.ccpnx.com/v1/cg/config/rate-cards
2026-02-03 09:15:40 - create_rate_cards - INFO - [REQUEST JSON PAYLOAD]
{
  "rateCards": [
    {
      "rateCardName": "st_testing546453_151",
      "meteringRates": {
        "vm": {
          "vCpu": {
            "unit": "HOUR",
            "rate": 32
          },
          "vRam": {
            "unit": "HOUR",
            "rate": 90
          },
          "vStorage": {
            "unit": "GIB",
            "rate": 53
          },
          "customConfigs": [
            {
              "description": "st_testing546453_0",
              "value": {
                "unit": "DAY",
                "rate": 77
              }
            },
            {
              "description": "st_testing546453_1",
              "value": {
                "unit": "DAY",
                "rate": 88
              }
            },
            {
              "description": "st_testing546453_2",
              "value": {
                "unit": "DAY",
                "rate": 93
              }
            },
            {
              "description": "st_testing546453_3",
              "value": {
                "unit": "DAY",
                "rate": 84
              }
            },
            {
              "description": "st_testing546453_4",
              "value": {
                "unit": "DAY",
                "rate": 32
              }
            }
          ]
        }
      },
      "resources": []
    }
  ]
}
2026-02-03 09:15:41 - create_rate_cards - INFO - [API RESPONSE] POST https://ncm.services.nconprem-10-53-60-173.ccpnx.com/v1/cg/config/rate-cards
2026-02-03 09:15:41 - create_rate_cards - INFO - [STATUS CODE] 200
2026-02-03 09:15:41 - create_rate_cards - INFO - [TIME TAKEN] 0.7135 seconds (713.53 ms)
2026-02-03 09:15:41 - create_rate_cards - INFO - [RESPONSE CONTENT-TYPE] application/json
2026-02-03 09:15:41 - create_rate_cards - INFO - [RESPONSE PAYLOAD]
{
  "ids": [
    "387e9a55-eee8-4384-95d1-42d6a58c9e0e"
  ]
}
2026-02-03 09:15:41 - create_rate_cards - INFO - ✓ [150] Created rate card: st_testing546453_151
2026-02-03 09:15:41 - create_rate_cards - INFO - [API REQUEST] POST https://ncm.services.nconprem-10-53-60-173.ccpnx.com/v1/cg/config/rate-cards
2026-02-03 09:15:41 - create_rate_cards - INFO - [REQUEST JSON PAYLOAD]
{
  "rateCards": [
    {
      "rateCardName": "st_testing546453_152",
      "meteringRates": {
        "vm": {
          "vCpu": {
            "unit": "HOUR",
            "rate": 56
          },
          "vRam": {
            "unit": "HOUR",
            "rate": 98
          },
          "vStorage": {
            "unit": "GIB",
            "rate": 15
          },
          "customConfigs": [
            {
              "description": "st_testing546453_0",
              "value": {
                "unit": "DAY",
                "rate": 20
              }
            },
            {
              "description": "st_testing546453_1",
              "value": {
                "unit": "DAY",
                "rate": 78
              }
            },
            {
              "description": "st_testing546453_2",
              "value": {
                "unit": "DAY",
                "rate": 12
              }
            },
            {
              "description": "st_testing546453_3",
              "value": {
                "unit": "DAY",
                "rate": 86
              }
            },
            {
              "description": "st_testing546453_4",
              "value": {
                "unit": "DAY",
                "rate": 28
              }
            }
          ]
        }
      },
      "resources": []
    }
  ]
}
2026-02-03 09:15:41 - create_rate_cards - INFO - [API RESPONSE] POST https://ncm.services.nconprem-10-53-60-173.ccpnx.com/v1/cg/config/rate-cards
2026-02-03 09:15:41 - create_rate_cards - INFO - [STATUS CODE] 200
2026-02-03 09:15:41 - create_rate_cards - INFO - [TIME TAKEN] 0.4003 seconds (400.35 ms)
2026-02-03 09:15:41 - create_rate_cards - INFO - [RESPONSE CONTENT-TYPE] application/json
2026-02-03 09:15:41 - create_rate_cards - INFO - [RESPONSE PAYLOAD]
{
  "ids": [
    "0855969f-e4eb-4257-ab3c-875c109d6ef5"
  ]
}
2026-02-03 09:15:41 - create_rate_cards - INFO - ✓ [151] Created rate card: st_testing546453_152
2026-02-03 09:15:41 - create_rate_cards - INFO - [API REQUEST] POST https://ncm.services.nconprem-10-53-60-173.ccpnx.com/v1/cg/config/rate-cards
2026-02-03 09:15:41 - create_rate_cards - INFO - [REQUEST JSON PAYLOAD]
{
  "rateCards": [
    {
      "rateCardName": "st_testing546453_153",
      "meteringRates": {
        "vm": {
          "vCpu": {
            "unit": "HOUR",
            "rate": 71
          },
          "vRam": {
            "unit": "HOUR",
            "rate": 90
          },
          "vStorage": {
            "unit": "GIB",
            "rate": 64
          },
          "customConfigs": [
            {
              "description": "st_testing546453_0",
              "value": {
                "unit": "DAY",
                "rate": 12
              }
            },
            {
              "description": "st_testing546453_1",
              "value": {
                "unit": "DAY",
                "rate": 48
              }
            },
            {
              "description": "st_testing546453_2",
              "value": {
                "unit": "DAY",
                "rate": 32
              }
            },
            {
              "description": "st_testing546453_3",
              "value": {
                "unit": "DAY",
                "rate": 75
              }
            },
            {
              "description": "st_testing546453_4",
              "value": {
                "unit": "DAY",
                "rate": 11
              }
            }
          ]
        }
      },
      "resources": []
    }
  ]
}
2026-02-03 09:15:42 - create_rate_cards - INFO - [API RESPONSE] POST https://ncm.services.nconprem-10-53-60-173.ccpnx.com/v1/cg/config/rate-cards
2026-02-03 09:15:42 - create_rate_cards - INFO - [STATUS CODE] 200
2026-02-03 09:15:42 - create_rate_cards - INFO - [TIME TAKEN] 0.3432 seconds (343.16 ms)
2026-02-03 09:15:42 - create_rate_cards - INFO - [RESPONSE CONTENT-TYPE] application/json
2026-02-03 09:15:42 - create_rate_cards - INFO - [RESPONSE PAYLOAD]
{
  "ids": [
    "24716a5d-ac9b-44f9-b300-b6881f07228b"
  ]
}
2026-02-03 09:15:42 - create_rate_cards - INFO - ✓ [152] Created rate card: st_testing546453_153
2026-02-03 09:15:42 - create_rate_cards - INFO - [API REQUEST] POST https://ncm.services.nconprem-10-53-60-173.ccpnx.com/v1/cg/config/rate-cards
2026-02-03 09:15:42 - create_rate_cards - INFO - [REQUEST JSON PAYLOAD]
{
  "rateCards": [
    {
      "rateCardName": "st_testing546453_154",
      "meteringRates": {
        "vm": {
          "vCpu": {
            "unit": "HOUR",
            "rate": 33
          },
          "vRam": {
            "unit": "HOUR",
            "rate": 19
          },
          "vStorage": {
            "unit": "GIB",
            "rate": 45
          },
          "customConfigs": [
            {
              "description": "st_testing546453_0",
              "value": {
                "unit": "DAY",
                "rate": 90
              }
            },
            {
              "description": "st_testing546453_1",
              "value": {
                "unit": "DAY",
                "rate": 16
              }
            },
            {
              "description": "st_testing546453_2",
              "value": {
                "unit": "DAY",
                "rate": 57
              }
            },
            {
              "description": "st_testing546453_3",
              "value": {
                "unit": "DAY",
                "rate": 44
              }
            },
            {
              "description": "st_testing546453_4",
              "value": {
                "unit": "DAY",
                "rate": 78
              }
            }
          ]
        }
      },
      "resources": []
    }
  ]
}
2026-02-03 09:15:42 - create_rate_cards - INFO - [API RESPONSE] POST https://ncm.services.nconprem-10-53-60-173.ccpnx.com/v1/cg/config/rate-cards
2026-02-03 09:15:42 - create_rate_cards - INFO - [STATUS CODE] 200
2026-02-03 09:15:42 - create_rate_cards - INFO - [TIME TAKEN] 0.3437 seconds (343.74 ms)
2026-02-03 09:15:42 - create_rate_cards - INFO - [RESPONSE CONTENT-TYPE] application/json
2026-02-03 09:15:42 - create_rate_cards - INFO - [RESPONSE PAYLOAD]
{
  "ids": [
    "69ce126b-64b5-4f17-98e5-9c3c7db75f5f"
  ]
}
2026-02-03 09:15:42 - create_rate_cards - INFO - ✓ [153] Created rate card: st_testing546453_154
2026-02-03 09:15:42 - create_rate_cards - INFO - [API REQUEST] POST https://ncm.services.nconprem-10-53-60-173.ccpnx.com/v1/cg/config/rate-cards
2026-02-03 09:15:42 - create_rate_cards - INFO - [REQUEST JSON PAYLOAD]
{
  "rateCards": [
    {
      "rateCardName": "st_testing546453_155",
      "meteringRates": {
        "vm": {
          "vCpu": {
            "unit": "HOUR",
            "rate": 6
          },
          "vRam": {
            "unit": "HOUR",
            "rate": 41
          },
          "vStorage": {
            "unit": "GIB",
            "rate": 93
          },
          "customConfigs": [
            {
              "description": "st_testing546453_0",
              "value": {
                "unit": "DAY",
                "rate": 36
              }
            },
            {
              "description": "st_testing546453_1",
              "value": {
                "unit": "DAY",
                "rate": 90
              }
            },
            {
              "description": "st_testing546453_2",
              "value": {
                "unit": "DAY",
                "rate": 63
              }
            },
            {
              "description": "st_testing546453_3",
              "value": {
                "unit": "DAY",
                "rate": 2
              }
            },
            {
              "description": "st_testing546453_4",
              "value": {
                "unit": "DAY",
                "rate": 55
              }
            }
          ]
        }
      },
      "resources": []
    }
  ]
}
2026-02-03 09:15:42 - create_rate_cards - INFO - [API RESPONSE] POST https://ncm.services.nconprem-10-53-60-173.ccpnx.com/v1/cg/config/rate-cards
2026-02-03 09:15:42 - create_rate_cards - INFO - [STATUS CODE] 200
2026-02-03 09:15:42 - create_rate_cards - INFO - [TIME TAKEN] 0.4928 seconds (492.80 ms)
2026-02-03 09:15:42 - create_rate_cards - INFO - [RESPONSE CONTENT-TYPE] application/json
2026-02-03 09:15:42 - create_rate_cards - INFO - [RESPONSE PAYLOAD]
{
  "ids": [
    "89fee2e8-8941-4bdd-9324-4c394e29ed5f"
  ]
}
2026-02-03 09:15:42 - create_rate_cards - INFO - ✓ [154] Created rate card: st_testing546453_155
2026-02-03 09:15:42 - create_rate_cards - INFO - [API REQUEST] POST https://ncm.services.nconprem-10-53-60-173.ccpnx.com/v1/cg/config/rate-cards
2026-02-03 09:15:42 - create_rate_cards - INFO - [REQUEST JSON PAYLOAD]
{
  "rateCards": [
    {
      "rateCardName": "st_testing546453_156",
      "meteringRates": {
        "vm": {
          "vCpu": {
            "unit": "HOUR",
            "rate": 92
          },
          "vRam": {
            "unit": "HOUR",
            "rate": 87
          },
          "vStorage": {
            "unit": "GIB",
            "rate": 49
          },
          "customConfigs": [
            {
              "description": "st_testing546453_0",
              "value": {
                "unit": "DAY",
                "rate": 83
              }
            },
            {
              "description": "st_testing546453_1",
              "value": {
                "unit": "DAY",
                "rate": 15
              }
            },
            {
              "description": "st_testing546453_2",
              "value": {
                "unit": "DAY",
                "rate": 25
              }
            },
            {
              "description": "st_testing546453_3",
              "value": {
                "unit": "DAY",
                "rate": 49
              }
            },
            {
              "description": "st_testing546453_4",
              "value": {
                "unit": "DAY",
                "rate": 68
              }
            }
          ]
        }
      },
      "resources": []
    }
  ]
}
2026-02-03 09:15:43 - create_rate_cards - INFO - [API RESPONSE] POST https://ncm.services.nconprem-10-53-60-173.ccpnx.com/v1/cg/config/rate-cards
2026-02-03 09:15:43 - create_rate_cards - INFO - [STATUS CODE] 200
2026-02-03 09:15:43 - create_rate_cards - INFO - [TIME TAKEN] 0.6249 seconds (624.93 ms)
2026-02-03 09:15:43 - create_rate_cards - INFO - [RESPONSE CONTENT-TYPE] application/json
2026-02-03 09:15:43 - create_rate_cards - INFO - [RESPONSE PAYLOAD]
{
  "ids": [
    "90b2b270-3838-4f7c-98fe-ce9d51f66fb3"
  ]
}
2026-02-03 09:15:43 - create_rate_cards - INFO - ✓ [155] Created rate card: st_testing546453_156
2026-02-03 09:15:43 - create_rate_cards - INFO - [API REQUEST] POST https://ncm.services.nconprem-10-53-60-173.ccpnx.com/v1/cg/config/rate-cards
2026-02-03 09:15:43 - create_rate_cards - INFO - [REQUEST JSON PAYLOAD]
{
  "rateCards": [
    {
      "rateCardName": "st_testing546453_157",
      "meteringRates": {
        "vm": {
          "vCpu": {
            "unit": "HOUR",
            "rate": 39
          },
          "vRam": {
            "unit": "HOUR",
            "rate": 61
          },
          "vStorage": {
            "unit": "GIB",
            "rate": 1
          },
          "customConfigs": [
            {
              "description": "st_testing546453_0",
              "value": {
                "unit": "DAY",
                "rate": 97
              }
            },
            {
              "description": "st_testing546453_1",
              "value": {
                "unit": "DAY",
                "rate": 65
              }
            },
            {
              "description": "st_testing546453_2",
              "value": {
                "unit": "DAY",
                "rate": 17
              }
            },
            {
              "description": "st_testing546453_3",
              "value": {
                "unit": "DAY",
                "rate": 87
              }
            },
            {
              "description": "st_testing546453_4",
              "value": {
                "unit": "DAY",
                "rate": 11
              }
            }
          ]
        }
      },
      "resources": []
    }
  ]
}
2026-02-03 09:15:43 - create_rate_cards - INFO - [API RESPONSE] POST https://ncm.services.nconprem-10-53-60-173.ccpnx.com/v1/cg/config/rate-cards
2026-02-03 09:15:43 - create_rate_cards - INFO - [STATUS CODE] 200
2026-02-03 09:15:43 - create_rate_cards - INFO - [TIME TAKEN] 0.4032 seconds (403.19 ms)
2026-02-03 09:15:43 - create_rate_cards - INFO - [RESPONSE CONTENT-TYPE] application/json
2026-02-03 09:15:43 - create_rate_cards - INFO - [RESPONSE PAYLOAD]
{
  "ids": [
    "84f49274-95a5-4622-a85d-e1e39d6adbbc"
  ]
}
2026-02-03 09:15:43 - create_rate_cards - INFO - ✓ [156] Created rate card: st_testing546453_157
2026-02-03 09:15:43 - create_rate_cards - INFO - [API REQUEST] POST https://ncm.services.nconprem-10-53-60-173.ccpnx.com/v1/cg/config/rate-cards
2026-02-03 09:15:43 - create_rate_cards - INFO - [REQUEST JSON PAYLOAD]
{
  "rateCards": [
    {
      "rateCardName": "st_testing546453_158",
      "meteringRates": {
        "vm": {
          "vCpu": {
            "unit": "HOUR",
            "rate": 70
          },
          "vRam": {
            "unit": "HOUR",
            "rate": 2
          },
          "vStorage": {
            "unit": "GIB",
            "rate": 40
          },
          "customConfigs": [
            {
              "description": "st_testing546453_0",
              "value": {
                "unit": "DAY",
                "rate": 53
              }
            },
            {
              "description": "st_testing546453_1",
              "value": {
                "unit": "DAY",
                "rate": 78
              }
            },
            {
              "description": "st_testing546453_2",
              "value": {
                "unit": "DAY",
                "rate": 89
              }
            },
            {
              "description": "st_testing546453_3",
              "value": {
                "unit": "DAY",
                "rate": 67
              }
            },
            {
              "description": "st_testing546453_4",
              "value": {
                "unit": "DAY",
                "rate": 96
              }
            }
          ]
        }
      },
      "resources": []
    }
  ]
}
2026-02-03 09:15:44 - create_rate_cards - INFO - [API RESPONSE] POST https://ncm.services.nconprem-10-53-60-173.ccpnx.com/v1/cg/config/rate-cards
2026-02-03 09:15:44 - create_rate_cards - INFO - [STATUS CODE] 200
2026-02-03 09:15:44 - create_rate_cards - INFO - [TIME TAKEN] 0.4346 seconds (434.57 ms)
2026-02-03 09:15:44 - create_rate_cards - INFO - [RESPONSE CONTENT-TYPE] application/json
2026-02-03 09:15:44 - create_rate_cards - INFO - [RESPONSE PAYLOAD]
{
  "ids": [
    "fe42c7e8-af93-47d9-b405-bea1df7e1352"
  ]
}
2026-02-03 09:15:44 - create_rate_cards - INFO - ✓ [157] Created rate card: st_testing546453_158
2026-02-03 09:15:44 - create_rate_cards - INFO - [API REQUEST] POST https://ncm.services.nconprem-10-53-60-173.ccpnx.com/v1/cg/config/rate-cards
2026-02-03 09:15:44 - create_rate_cards - INFO - [REQUEST JSON PAYLOAD]
{
  "rateCards": [
    {
      "rateCardName": "st_testing546453_159",
      "meteringRates": {
        "vm": {
          "vCpu": {
            "unit": "HOUR",
            "rate": 47
          },
          "vRam": {
            "unit": "HOUR",
            "rate": 75
          },
          "vStorage": {
            "unit": "GIB",
            "rate": 53
          },
          "customConfigs": [
            {
              "description": "st_testing546453_0",
              "value": {
                "unit": "DAY",
                "rate": 80
              }
            },
            {
              "description": "st_testing546453_1",
              "value": {
                "unit": "DAY",
                "rate": 92
              }
            },
            {
              "description": "st_testing546453_2",
              "value": {
                "unit": "DAY",
                "rate": 64
              }
            },
            {
              "description": "st_testing546453_3",
              "value": {
                "unit": "DAY",
                "rate": 94
              }
            },
            {
              "description": "st_testing546453_4",
              "value": {
                "unit": "DAY",
                "rate": 55
              }
            }
          ]
        }
      },
      "resources": []
    }
  ]
}
2026-02-03 09:15:44 - create_rate_cards - INFO - [API RESPONSE] POST https://ncm.services.nconprem-10-53-60-173.ccpnx.com/v1/cg/config/rate-cards
2026-02-03 09:15:44 - create_rate_cards - INFO - [STATUS CODE] 200
2026-02-03 09:15:44 - create_rate_cards - INFO - [TIME TAKEN] 0.4619 seconds (461.86 ms)
2026-02-03 09:15:44 - create_rate_cards - INFO - [RESPONSE CONTENT-TYPE] application/json
2026-02-03 09:15:44 - create_rate_cards - INFO - [RESPONSE PAYLOAD]
{
  "ids": [
    "c1bd3f7d-672b-437d-a54a-adeb1278850c"
  ]
}
2026-02-03 09:15:44 - create_rate_cards - INFO - ✓ [158] Created rate card: st_testing546453_159
2026-02-03 09:15:44 - create_rate_cards - INFO - [API REQUEST] POST https://ncm.services.nconprem-10-53-60-173.ccpnx.com/v1/cg/config/rate-cards
2026-02-03 09:15:44 - create_rate_cards - INFO - [REQUEST JSON PAYLOAD]
{
  "rateCards": [
    {
      "rateCardName": "st_testing546453_160",
      "meteringRates": {
        "vm": {
          "vCpu": {
            "unit": "HOUR",
            "rate": 30
          },
          "vRam": {
            "unit": "HOUR",
            "rate": 53
          },
          "vStorage": {
            "unit": "GIB",
            "rate": 7
          },
          "customConfigs": [
            {
              "description": "st_testing546453_0",
              "value": {
                "unit": "DAY",
                "rate": 51
              }
            },
            {
              "description": "st_testing546453_1",
              "value": {
                "unit": "DAY",
                "rate": 95
              }
            },
            {
              "description": "st_testing546453_2",
              "value": {
                "unit": "DAY",
                "rate": 2
              }
            },
            {
              "description": "st_testing546453_3",
              "value": {
                "unit": "DAY",
                "rate": 22
              }
            },
            {
              "description": "st_testing546453_4",
              "value": {
                "unit": "DAY",
                "rate": 48
              }
            }
          ]
        }
      },
      "resources": []
    }
  ]
}
2026-02-03 09:15:45 - create_rate_cards - INFO - [API RESPONSE] POST https://ncm.services.nconprem-10-53-60-173.ccpnx.com/v1/cg/config/rate-cards
2026-02-03 09:15:45 - create_rate_cards - INFO - [STATUS CODE] 200
2026-02-03 09:15:45 - create_rate_cards - INFO - [TIME TAKEN] 0.2860 seconds (285.96 ms)
2026-02-03 09:15:45 - create_rate_cards - INFO - [RESPONSE CONTENT-TYPE] application/json
2026-02-03 09:15:45 - create_rate_cards - INFO - [RESPONSE PAYLOAD]
{
  "ids": [
    "76ac24dc-38d4-4fcc-86c0-e8a3ae8dc102"
  ]
}
2026-02-03 09:15:45 - create_rate_cards - INFO - ✓ [159] Created rate card: st_testing546453_160
2026-02-03 09:15:45 - create_rate_cards - INFO - [API REQUEST] POST https://ncm.services.nconprem-10-53-60-173.ccpnx.com/v1/cg/config/rate-cards
2026-02-03 09:15:45 - create_rate_cards - INFO - [REQUEST JSON PAYLOAD]
{
  "rateCards": [
    {
      "rateCardName": "st_testing546453_161",
      "meteringRates": {
        "vm": {
          "vCpu": {
            "unit": "HOUR",
            "rate": 1
          },
          "vRam": {
            "unit": "HOUR",
            "rate": 5
          },
          "vStorage": {
            "unit": "GIB",
            "rate": 57
          },
          "customConfigs": [
            {
              "description": "st_testing546453_0",
              "value": {
                "unit": "DAY",
                "rate": 24
              }
            },
            {
              "description": "st_testing546453_1",
              "value": {
                "unit": "DAY",
                "rate": 50
              }
            },
            {
              "description": "st_testing546453_2",
              "value": {
                "unit": "DAY",
                "rate": 54
              }
            },
            {
              "description": "st_testing546453_3",
              "value": {
                "unit": "DAY",
                "rate": 53
              }
            },
            {
              "description": "st_testing546453_4",
              "value": {
                "unit": "DAY",
                "rate": 56
              }
            }
          ]
        }
      },
      "resources": []
    }
  ]
}
2026-02-03 09:15:45 - create_rate_cards - INFO - [API RESPONSE] POST https://ncm.services.nconprem-10-53-60-173.ccpnx.com/v1/cg/config/rate-cards
2026-02-03 09:15:45 - create_rate_cards - INFO - [STATUS CODE] 200
2026-02-03 09:15:45 - create_rate_cards - INFO - [TIME TAKEN] 0.4700 seconds (469.97 ms)
2026-02-03 09:15:45 - create_rate_cards - INFO - [RESPONSE CONTENT-TYPE] application/json
2026-02-03 09:15:45 - create_rate_cards - INFO - [RESPONSE PAYLOAD]
{
  "ids": [
    "fe99d321-808c-4117-87eb-3d58a4143648"
  ]
}
2026-02-03 09:15:45 - create_rate_cards - INFO - ✓ [160] Created rate card: st_testing546453_161
2026-02-03 09:15:45 - create_rate_cards - INFO - [API REQUEST] POST https://ncm.services.nconprem-10-53-60-173.ccpnx.com/v1/cg/config/rate-cards
2026-02-03 09:15:45 - create_rate_cards - INFO - [REQUEST JSON PAYLOAD]
{
  "rateCards": [
    {
      "rateCardName": "st_testing546453_162",
      "meteringRates": {
        "vm": {
          "vCpu": {
            "unit": "HOUR",
            "rate": 100
          },
          "vRam": {
            "unit": "HOUR",
            "rate": 90
          },
          "vStorage": {
            "unit": "GIB",
            "rate": 76
          },
          "customConfigs": [
            {
              "description": "st_testing546453_0",
              "value": {
                "unit": "DAY",
                "rate": 42
              }
            },
            {
              "description": "st_testing546453_1",
              "value": {
                "unit": "DAY",
                "rate": 51
              }
            },
            {
              "description": "st_testing546453_2",
              "value": {
                "unit": "DAY",
                "rate": 7
              }
            },
            {
              "description": "st_testing546453_3",
              "value": {
                "unit": "DAY",
                "rate": 47
              }
            },
            {
              "description": "st_testing546453_4",
              "value": {
                "unit": "DAY",
                "rate": 88
              }
            }
          ]
        }
      },
      "resources": []
    }
  ]
}
2026-02-03 09:15:45 - create_rate_cards - INFO - [API RESPONSE] POST https://ncm.services.nconprem-10-53-60-173.ccpnx.com/v1/cg/config/rate-cards
2026-02-03 09:15:45 - create_rate_cards - INFO - [STATUS CODE] 200
2026-02-03 09:15:45 - create_rate_cards - INFO - [TIME TAKEN] 0.4139 seconds (413.94 ms)
2026-02-03 09:15:45 - create_rate_cards - INFO - [RESPONSE CONTENT-TYPE] application/json
2026-02-03 09:15:45 - create_rate_cards - INFO - [RESPONSE PAYLOAD]
{
  "ids": [
    "a7b0bcc6-4a42-4708-9d7c-fd48756b37f6"
  ]
}
2026-02-03 09:15:45 - create_rate_cards - INFO - ✓ [161] Created rate card: st_testing546453_162
2026-02-03 09:15:45 - create_rate_cards - INFO - [API REQUEST] POST https://ncm.services.nconprem-10-53-60-173.ccpnx.com/v1/cg/config/rate-cards
2026-02-03 09:15:45 - create_rate_cards - INFO - [REQUEST JSON PAYLOAD]
{
  "rateCards": [
    {
      "rateCardName": "st_testing546453_163",
      "meteringRates": {
        "vm": {
          "vCpu": {
            "unit": "HOUR",
            "rate": 44
          },
          "vRam": {
            "unit": "HOUR",
            "rate": 53
          },
          "vStorage": {
            "unit": "GIB",
            "rate": 81
          },
          "customConfigs": [
            {
              "description": "st_testing546453_0",
              "value": {
                "unit": "DAY",
                "rate": 31
              }
            },
            {
              "description": "st_testing546453_1",
              "value": {
                "unit": "DAY",
                "rate": 8
              }
            },
            {
              "description": "st_testing546453_2",
              "value": {
                "unit": "DAY",
                "rate": 59
              }
            },
            {
              "description": "st_testing546453_3",
              "value": {
                "unit": "DAY",
                "rate": 71
              }
            },
            {
              "description": "st_testing546453_4",
              "value": {
                "unit": "DAY",
                "rate": 14
              }
            }
          ]
        }
      },
      "resources": []
    }
  ]
}
2026-02-03 09:15:46 - create_rate_cards - INFO - [API RESPONSE] POST https://ncm.services.nconprem-10-53-60-173.ccpnx.com/v1/cg/config/rate-cards
2026-02-03 09:15:46 - create_rate_cards - INFO - [STATUS CODE] 200
2026-02-03 09:15:46 - create_rate_cards - INFO - [TIME TAKEN] 0.3692 seconds (369.21 ms)
2026-02-03 09:15:46 - create_rate_cards - INFO - [RESPONSE CONTENT-TYPE] application/json
2026-02-03 09:15:46 - create_rate_cards - INFO - [RESPONSE PAYLOAD]
{
  "ids": [
    "95e323cd-50cc-43f5-a22e-f3b58ea99489"
  ]
}
2026-02-03 09:15:46 - create_rate_cards - INFO - ✓ [162] Created rate card: st_testing546453_163
2026-02-03 09:15:46 - create_rate_cards - INFO - [API REQUEST] POST https://ncm.services.nconprem-10-53-60-173.ccpnx.com/v1/cg/config/rate-cards
2026-02-03 09:15:46 - create_rate_cards - INFO - [REQUEST JSON PAYLOAD]
{
  "rateCards": [
    {
      "rateCardName": "st_testing546453_164",
      "meteringRates": {
        "vm": {
          "vCpu": {
            "unit": "HOUR",
            "rate": 22
          },
          "vRam": {
            "unit": "HOUR",
            "rate": 86
          },
          "vStorage": {
            "unit": "GIB",
            "rate": 56
          },
          "customConfigs": [
            {
              "description": "st_testing546453_0",
              "value": {
                "unit": "DAY",
                "rate": 42
              }
            },
            {
              "description": "st_testing546453_1",
              "value": {
                "unit": "DAY",
                "rate": 57
              }
            },
            {
              "description": "st_testing546453_2",
              "value": {
                "unit": "DAY",
                "rate": 40
              }
            },
            {
              "description": "st_testing546453_3",
              "value": {
                "unit": "DAY",
                "rate": 26
              }
            },
            {
              "description": "st_testing546453_4",
              "value": {
                "unit": "DAY",
                "rate": 64
              }
            }
          ]
        }
      },
      "resources": []
    }
  ]
}
2026-02-03 09:15:46 - create_rate_cards - INFO - [API RESPONSE] POST https://ncm.services.nconprem-10-53-60-173.ccpnx.com/v1/cg/config/rate-cards
2026-02-03 09:15:46 - create_rate_cards - INFO - [STATUS CODE] 200
2026-02-03 09:15:46 - create_rate_cards - INFO - [TIME TAKEN] 0.4881 seconds (488.08 ms)
2026-02-03 09:15:46 - create_rate_cards - INFO - [RESPONSE CONTENT-TYPE] application/json
2026-02-03 09:15:46 - create_rate_cards - INFO - [RESPONSE PAYLOAD]
{
  "ids": [
    "f3b58c44-649e-4a10-b15d-11ab5f023f0e"
  ]
}
2026-02-03 09:15:46 - create_rate_cards - INFO - ✓ [163] Created rate card: st_testing546453_164
2026-02-03 09:15:46 - create_rate_cards - INFO - [API REQUEST] POST https://ncm.services.nconprem-10-53-60-173.ccpnx.com/v1/cg/config/rate-cards
2026-02-03 09:15:46 - create_rate_cards - INFO - [REQUEST JSON PAYLOAD]
{
  "rateCards": [
    {
      "rateCardName": "st_testing546453_165",
      "meteringRates": {
        "vm": {
          "vCpu": {
            "unit": "HOUR",
            "rate": 75
          },
          "vRam": {
            "unit": "HOUR",
            "rate": 53
          },
          "vStorage": {
            "unit": "GIB",
            "rate": 21
          },
          "customConfigs": [
            {
              "description": "st_testing546453_0",
              "value": {
                "unit": "DAY",
                "rate": 43
              }
            },
            {
              "description": "st_testing546453_1",
              "value": {
                "unit": "DAY",
                "rate": 86
              }
            },
            {
              "description": "st_testing546453_2",
              "value": {
                "unit": "DAY",
                "rate": 61
              }
            },
            {
              "description": "st_testing546453_3",
              "value": {
                "unit": "DAY",
                "rate": 52
              }
            },
            {
              "description": "st_testing546453_4",
              "value": {
                "unit": "DAY",
                "rate": 86
              }
            }
          ]
        }
      },
      "resources": []
    }
  ]
}
2026-02-03 09:15:47 - create_rate_cards - INFO - [API RESPONSE] POST https://ncm.services.nconprem-10-53-60-173.ccpnx.com/v1/cg/config/rate-cards
2026-02-03 09:15:47 - create_rate_cards - INFO - [STATUS CODE] 200
2026-02-03 09:15:47 - create_rate_cards - INFO - [TIME TAKEN] 0.6941 seconds (694.06 ms)
2026-02-03 09:15:47 - create_rate_cards - INFO - [RESPONSE CONTENT-TYPE] application/json
2026-02-03 09:15:47 - create_rate_cards - INFO - [RESPONSE PAYLOAD]
{
  "ids": [
    "a4165c4e-2edb-4146-bb6e-461ca315523d"
  ]
}
2026-02-03 09:15:47 - create_rate_cards - INFO - ✓ [164] Created rate card: st_testing546453_165
2026-02-03 09:15:47 - create_rate_cards - INFO - [API REQUEST] POST https://ncm.services.nconprem-10-53-60-173.ccpnx.com/v1/cg/config/rate-cards
2026-02-03 09:15:47 - create_rate_cards - INFO - [REQUEST JSON PAYLOAD]
{
  "rateCards": [
    {
      "rateCardName": "st_testing546453_166",
      "meteringRates": {
        "vm": {
          "vCpu": {
            "unit": "HOUR",
            "rate": 14
          },
          "vRam": {
            "unit": "HOUR",
            "rate": 15
          },
          "vStorage": {
            "unit": "GIB",
            "rate": 49
          },
          "customConfigs": [
            {
              "description": "st_testing546453_0",
              "value": {
                "unit": "DAY",
                "rate": 66
              }
            },
            {
              "description": "st_testing546453_1",
              "value": {
                "unit": "DAY",
                "rate": 2
              }
            },
            {
              "description": "st_testing546453_2",
              "value": {
                "unit": "DAY",
                "rate": 96
              }
            },
            {
              "description": "st_testing546453_3",
              "value": {
                "unit": "DAY",
                "rate": 10
              }
            },
            {
              "description": "st_testing546453_4",
              "value": {
                "unit": "DAY",
                "rate": 70
              }
            }
          ]
        }
      },
      "resources": []
    }
  ]
}
2026-02-03 09:15:47 - create_rate_cards - INFO - [API RESPONSE] POST https://ncm.services.nconprem-10-53-60-173.ccpnx.com/v1/cg/config/rate-cards
2026-02-03 09:15:47 - create_rate_cards - INFO - [STATUS CODE] 200
2026-02-03 09:15:47 - create_rate_cards - INFO - [TIME TAKEN] 0.3587 seconds (358.68 ms)
2026-02-03 09:15:47 - create_rate_cards - INFO - [RESPONSE CONTENT-TYPE] application/json
2026-02-03 09:15:47 - create_rate_cards - INFO - [RESPONSE PAYLOAD]
{
  "ids": [
    "a17aae3e-3cf2-4eb9-ac7b-182a2fb3e026"
  ]
}
2026-02-03 09:15:47 - create_rate_cards - INFO - ✓ [165] Created rate card: st_testing546453_166
2026-02-03 09:15:47 - create_rate_cards - INFO - [API REQUEST] POST https://ncm.services.nconprem-10-53-60-173.ccpnx.com/v1/cg/config/rate-cards
2026-02-03 09:15:47 - create_rate_cards - INFO - [REQUEST JSON PAYLOAD]
{
  "rateCards": [
    {
      "rateCardName": "st_testing546453_167",
      "meteringRates": {
        "vm": {
          "vCpu": {
            "unit": "HOUR",
            "rate": 100
          },
          "vRam": {
            "unit": "HOUR",
            "rate": 27
          },
          "vStorage": {
            "unit": "GIB",
            "rate": 17
          },
          "customConfigs": [
            {
              "description": "st_testing546453_0",
              "value": {
                "unit": "DAY",
                "rate": 46
              }
            },
            {
              "description": "st_testing546453_1",
              "value": {
                "unit": "DAY",
                "rate": 25
              }
            },
            {
              "description": "st_testing546453_2",
              "value": {
                "unit": "DAY",
                "rate": 21
              }
            },
            {
              "description": "st_testing546453_3",
              "value": {
                "unit": "DAY",
                "rate": 96
              }
            },
            {
              "description": "st_testing546453_4",
              "value": {
                "unit": "DAY",
                "rate": 21
              }
            }
          ]
        }
      },
      "resources": []
    }
  ]
}
2026-02-03 09:15:48 - create_rate_cards - INFO - [API RESPONSE] POST https://ncm.services.nconprem-10-53-60-173.ccpnx.com/v1/cg/config/rate-cards
2026-02-03 09:15:48 - create_rate_cards - INFO - [STATUS CODE] 200
2026-02-03 09:15:48 - create_rate_cards - INFO - [TIME TAKEN] 0.3807 seconds (380.72 ms)
2026-02-03 09:15:48 - create_rate_cards - INFO - [RESPONSE CONTENT-TYPE] application/json
2026-02-03 09:15:48 - create_rate_cards - INFO - [RESPONSE PAYLOAD]
{
  "ids": [
    "ad950dd0-bfb2-49d4-91b5-b33a26a14277"
  ]
}
2026-02-03 09:15:48 - create_rate_cards - INFO - ✓ [166] Created rate card: st_testing546453_167
2026-02-03 09:15:48 - create_rate_cards - INFO - [API REQUEST] POST https://ncm.services.nconprem-10-53-60-173.ccpnx.com/v1/cg/config/rate-cards
2026-02-03 09:15:48 - create_rate_cards - INFO - [REQUEST JSON PAYLOAD]
{
  "rateCards": [
    {
      "rateCardName": "st_testing546453_168",
      "meteringRates": {
        "vm": {
          "vCpu": {
            "unit": "HOUR",
            "rate": 55
          },
          "vRam": {
            "unit": "HOUR",
            "rate": 9
          },
          "vStorage": {
            "unit": "GIB",
            "rate": 28
          },
          "customConfigs": [
            {
              "description": "st_testing546453_0",
              "value": {
                "unit": "DAY",
                "rate": 83
              }
            },
            {
              "description": "st_testing546453_1",
              "value": {
                "unit": "DAY",
                "rate": 32
              }
            },
            {
              "description": "st_testing546453_2",
              "value": {
                "unit": "DAY",
                "rate": 27
              }
            },
            {
              "description": "st_testing546453_3",
              "value": {
                "unit": "DAY",
                "rate": 76
              }
            },
            {
              "description": "st_testing546453_4",
              "value": {
                "unit": "DAY",
                "rate": 19
              }
            }
          ]
        }
      },
      "resources": []
    }
  ]
}
2026-02-03 09:15:48 - create_rate_cards - INFO - [API RESPONSE] POST https://ncm.services.nconprem-10-53-60-173.ccpnx.com/v1/cg/config/rate-cards
2026-02-03 09:15:48 - create_rate_cards - INFO - [STATUS CODE] 200
2026-02-03 09:15:48 - create_rate_cards - INFO - [TIME TAKEN] 0.3246 seconds (324.59 ms)
2026-02-03 09:15:48 - create_rate_cards - INFO - [RESPONSE CONTENT-TYPE] application/json
2026-02-03 09:15:48 - create_rate_cards - INFO - [RESPONSE PAYLOAD]
{
  "ids": [
    "de0aaaac-5274-42cd-b068-82633877dba6"
  ]
}
2026-02-03 09:15:48 - create_rate_cards - INFO - ✓ [167] Created rate card: st_testing546453_168
2026-02-03 09:15:48 - create_rate_cards - INFO - [API REQUEST] POST https://ncm.services.nconprem-10-53-60-173.ccpnx.com/v1/cg/config/rate-cards
2026-02-03 09:15:48 - create_rate_cards - INFO - [REQUEST JSON PAYLOAD]
{
  "rateCards": [
    {
      "rateCardName": "st_testing546453_169",
      "meteringRates": {
        "vm": {
          "vCpu": {
            "unit": "HOUR",
            "rate": 71
          },
          "vRam": {
            "unit": "HOUR",
            "rate": 21
          },
          "vStorage": {
            "unit": "GIB",
            "rate": 26
          },
          "customConfigs": [
            {
              "description": "st_testing546453_0",
              "value": {
                "unit": "DAY",
                "rate": 73
              }
            },
            {
              "description": "st_testing546453_1",
              "value": {
                "unit": "DAY",
                "rate": 79
              }
            },
            {
              "description": "st_testing546453_2",
              "value": {
                "unit": "DAY",
                "rate": 60
              }
            },
            {
              "description": "st_testing546453_3",
              "value": {
                "unit": "DAY",
                "rate": 28
              }
            },
            {
              "description": "st_testing546453_4",
              "value": {
                "unit": "DAY",
                "rate": 36
              }
            }
          ]
        }
      },
      "resources": []
    }
  ]
}
2026-02-03 09:15:49 - create_rate_cards - INFO - [API RESPONSE] POST https://ncm.services.nconprem-10-53-60-173.ccpnx.com/v1/cg/config/rate-cards
2026-02-03 09:15:49 - create_rate_cards - INFO - [STATUS CODE] 200
2026-02-03 09:15:49 - create_rate_cards - INFO - [TIME TAKEN] 0.4582 seconds (458.19 ms)
2026-02-03 09:15:49 - create_rate_cards - INFO - [RESPONSE CONTENT-TYPE] application/json
2026-02-03 09:15:49 - create_rate_cards - INFO - [RESPONSE PAYLOAD]
{
  "ids": [
    "1480318a-d0bf-4873-afe7-de2e4e8dc33c"
  ]
}
2026-02-03 09:15:49 - create_rate_cards - INFO - ✓ [168] Created rate card: st_testing546453_169
2026-02-03 09:15:49 - create_rate_cards - INFO - [API REQUEST] POST https://ncm.services.nconprem-10-53-60-173.ccpnx.com/v1/cg/config/rate-cards
2026-02-03 09:15:49 - create_rate_cards - INFO - [REQUEST JSON PAYLOAD]
{
  "rateCards": [
    {
      "rateCardName": "st_testing546453_170",
      "meteringRates": {
        "vm": {
          "vCpu": {
            "unit": "HOUR",
            "rate": 44
          },
          "vRam": {
            "unit": "HOUR",
            "rate": 68
          },
          "vStorage": {
            "unit": "GIB",
            "rate": 96
          },
          "customConfigs": [
            {
              "description": "st_testing546453_0",
              "value": {
                "unit": "DAY",
                "rate": 79
              }
            },
            {
              "description": "st_testing546453_1",
              "value": {
                "unit": "DAY",
                "rate": 64
              }
            },
            {
              "description": "st_testing546453_2",
              "value": {
                "unit": "DAY",
                "rate": 80
              }
            },
            {
              "description": "st_testing546453_3",
              "value": {
                "unit": "DAY",
                "rate": 78
              }
            },
            {
              "description": "st_testing546453_4",
              "value": {
                "unit": "DAY",
                "rate": 44
              }
            }
          ]
        }
      },
      "resources": []
    }
  ]
}
2026-02-03 09:15:49 - create_rate_cards - INFO - [API RESPONSE] POST https://ncm.services.nconprem-10-53-60-173.ccpnx.com/v1/cg/config/rate-cards
2026-02-03 09:15:49 - create_rate_cards - INFO - [STATUS CODE] 200
2026-02-03 09:15:49 - create_rate_cards - INFO - [TIME TAKEN] 0.5752 seconds (575.20 ms)
2026-02-03 09:15:49 - create_rate_cards - INFO - [RESPONSE CONTENT-TYPE] application/json
2026-02-03 09:15:49 - create_rate_cards - INFO - [RESPONSE PAYLOAD]
{
  "ids": [
    "f64fefa9-3647-44f9-878f-20abf65f7a4a"
  ]
}
2026-02-03 09:15:49 - create_rate_cards - INFO - ✓ [169] Created rate card: st_testing546453_170
2026-02-03 09:15:49 - create_rate_cards - INFO - [API REQUEST] POST https://ncm.services.nconprem-10-53-60-173.ccpnx.com/v1/cg/config/rate-cards
2026-02-03 09:15:49 - create_rate_cards - INFO - [REQUEST JSON PAYLOAD]
{
  "rateCards": [
    {
      "rateCardName": "st_testing546453_171",
      "meteringRates": {
        "vm": {
          "vCpu": {
            "unit": "HOUR",
            "rate": 34
          },
          "vRam": {
            "unit": "HOUR",
            "rate": 30
          },
          "vStorage": {
            "unit": "GIB",
            "rate": 24
          },
          "customConfigs": [
            {
              "description": "st_testing546453_0",
              "value": {
                "unit": "DAY",
                "rate": 87
              }
            },
            {
              "description": "st_testing546453_1",
              "value": {
                "unit": "DAY",
                "rate": 99
              }
            },
            {
              "description": "st_testing546453_2",
              "value": {
                "unit": "DAY",
                "rate": 57
              }
            },
            {
              "description": "st_testing546453_3",
              "value": {
                "unit": "DAY",
                "rate": 2
              }
            },
            {
              "description": "st_testing546453_4",
              "value": {
                "unit": "DAY",
                "rate": 1
              }
            }
          ]
        }
      },
      "resources": []
    }
  ]
}
2026-02-03 09:15:50 - create_rate_cards - INFO - [API RESPONSE] POST https://ncm.services.nconprem-10-53-60-173.ccpnx.com/v1/cg/config/rate-cards
2026-02-03 09:15:50 - create_rate_cards - INFO - [STATUS CODE] 200
2026-02-03 09:15:50 - create_rate_cards - INFO - [TIME TAKEN] 0.7305 seconds (730.47 ms)
2026-02-03 09:15:50 - create_rate_cards - INFO - [RESPONSE CONTENT-TYPE] application/json
2026-02-03 09:15:50 - create_rate_cards - INFO - [RESPONSE PAYLOAD]
{
  "ids": [
    "08cec5ed-523c-4a78-97b7-05ed87f266dd"
  ]
}
2026-02-03 09:15:50 - create_rate_cards - INFO - ✓ [170] Created rate card: st_testing546453_171
2026-02-03 09:15:50 - create_rate_cards - INFO - [API REQUEST] POST https://ncm.services.nconprem-10-53-60-173.ccpnx.com/v1/cg/config/rate-cards
2026-02-03 09:15:50 - create_rate_cards - INFO - [REQUEST JSON PAYLOAD]
{
  "rateCards": [
    {
      "rateCardName": "st_testing546453_172",
      "meteringRates": {
        "vm": {
          "vCpu": {
            "unit": "HOUR",
            "rate": 22
          },
          "vRam": {
            "unit": "HOUR",
            "rate": 92
          },
          "vStorage": {
            "unit": "GIB",
            "rate": 25
          },
          "customConfigs": [
            {
              "description": "st_testing546453_0",
              "value": {
                "unit": "DAY",
                "rate": 38
              }
            },
            {
              "description": "st_testing546453_1",
              "value": {
                "unit": "DAY",
                "rate": 45
              }
            },
            {
              "description": "st_testing546453_2",
              "value": {
                "unit": "DAY",
                "rate": 88
              }
            },
            {
              "description": "st_testing546453_3",
              "value": {
                "unit": "DAY",
                "rate": 5
              }
            },
            {
              "description": "st_testing546453_4",
              "value": {
                "unit": "DAY",
                "rate": 64
              }
            }
          ]
        }
      },
      "resources": []
    }
  ]
}
2026-02-03 09:15:50 - create_rate_cards - INFO - [API RESPONSE] POST https://ncm.services.nconprem-10-53-60-173.ccpnx.com/v1/cg/config/rate-cards
2026-02-03 09:15:50 - create_rate_cards - INFO - [STATUS CODE] 200
2026-02-03 09:15:50 - create_rate_cards - INFO - [TIME TAKEN] 0.3366 seconds (336.62 ms)
2026-02-03 09:15:50 - create_rate_cards - INFO - [RESPONSE CONTENT-TYPE] application/json
2026-02-03 09:15:50 - create_rate_cards - INFO - [RESPONSE PAYLOAD]
{
  "ids": [
    "8c81a418-53c4-4909-8865-2633dc018d63"
  ]
}
2026-02-03 09:15:50 - create_rate_cards - INFO - ✓ [171] Created rate card: st_testing546453_172
2026-02-03 09:15:50 - create_rate_cards - INFO - [API REQUEST] POST https://ncm.services.nconprem-10-53-60-173.ccpnx.com/v1/cg/config/rate-cards
2026-02-03 09:15:50 - create_rate_cards - INFO - [REQUEST JSON PAYLOAD]
{
  "rateCards": [
    {
      "rateCardName": "st_testing546453_173",
      "meteringRates": {
        "vm": {
          "vCpu": {
            "unit": "HOUR",
            "rate": 96
          },
          "vRam": {
            "unit": "HOUR",
            "rate": 88
          },
          "vStorage": {
            "unit": "GIB",
            "rate": 35
          },
          "customConfigs": [
            {
              "description": "st_testing546453_0",
              "value": {
                "unit": "DAY",
                "rate": 64
              }
            },
            {
              "description": "st_testing546453_1",
              "value": {
                "unit": "DAY",
                "rate": 55
              }
            },
            {
              "description": "st_testing546453_2",
              "value": {
                "unit": "DAY",
                "rate": 6
              }
            },
            {
              "description": "st_testing546453_3",
              "value": {
                "unit": "DAY",
                "rate": 58
              }
            },
            {
              "description": "st_testing546453_4",
              "value": {
                "unit": "DAY",
                "rate": 57
              }
            }
          ]
        }
      },
      "resources": []
    }
  ]
}
2026-02-03 09:15:51 - create_rate_cards - INFO - [API RESPONSE] POST https://ncm.services.nconprem-10-53-60-173.ccpnx.com/v1/cg/config/rate-cards
2026-02-03 09:15:51 - create_rate_cards - INFO - [STATUS CODE] 200
2026-02-03 09:15:51 - create_rate_cards - INFO - [TIME TAKEN] 0.5426 seconds (542.56 ms)
2026-02-03 09:15:51 - create_rate_cards - INFO - [RESPONSE CONTENT-TYPE] application/json
2026-02-03 09:15:51 - create_rate_cards - INFO - [RESPONSE PAYLOAD]
{
  "ids": [
    "9db50baa-d8fc-4489-add4-6360559b3fee"
  ]
}
2026-02-03 09:15:51 - create_rate_cards - INFO - ✓ [172] Created rate card: st_testing546453_173
2026-02-03 09:15:51 - create_rate_cards - INFO - [API REQUEST] POST https://ncm.services.nconprem-10-53-60-173.ccpnx.com/v1/cg/config/rate-cards
2026-02-03 09:15:51 - create_rate_cards - INFO - [REQUEST JSON PAYLOAD]
{
  "rateCards": [
    {
      "rateCardName": "st_testing546453_174",
      "meteringRates": {
        "vm": {
          "vCpu": {
            "unit": "HOUR",
            "rate": 50
          },
          "vRam": {
            "unit": "HOUR",
            "rate": 69
          },
          "vStorage": {
            "unit": "GIB",
            "rate": 55
          },
          "customConfigs": [
            {
              "description": "st_testing546453_0",
              "value": {
                "unit": "DAY",
                "rate": 40
              }
            },
            {
              "description": "st_testing546453_1",
              "value": {
                "unit": "DAY",
                "rate": 19
              }
            },
            {
              "description": "st_testing546453_2",
              "value": {
                "unit": "DAY",
                "rate": 83
              }
            },
            {
              "description": "st_testing546453_3",
              "value": {
                "unit": "DAY",
                "rate": 17
              }
            },
            {
              "description": "st_testing546453_4",
              "value": {
                "unit": "DAY",
                "rate": 6
              }
            }
          ]
        }
      },
      "resources": []
    }
  ]
}
2026-02-03 09:15:51 - create_rate_cards - INFO - [API RESPONSE] POST https://ncm.services.nconprem-10-53-60-173.ccpnx.com/v1/cg/config/rate-cards
2026-02-03 09:15:51 - create_rate_cards - INFO - [STATUS CODE] 200
2026-02-03 09:15:51 - create_rate_cards - INFO - [TIME TAKEN] 0.4202 seconds (420.23 ms)
2026-02-03 09:15:51 - create_rate_cards - INFO - [RESPONSE CONTENT-TYPE] application/json
2026-02-03 09:15:51 - create_rate_cards - INFO - [RESPONSE PAYLOAD]
{
  "ids": [
    "730bb302-f98a-4909-aa05-1be47b9d3509"
  ]
}
2026-02-03 09:15:51 - create_rate_cards - INFO - ✓ [173] Created rate card: st_testing546453_174
2026-02-03 09:15:51 - create_rate_cards - INFO - [API REQUEST] POST https://ncm.services.nconprem-10-53-60-173.ccpnx.com/v1/cg/config/rate-cards
2026-02-03 09:15:51 - create_rate_cards - INFO - [REQUEST JSON PAYLOAD]
{
  "rateCards": [
    {
      "rateCardName": "st_testing546453_175",
      "meteringRates": {
        "vm": {
          "vCpu": {
            "unit": "HOUR",
            "rate": 76
          },
          "vRam": {
            "unit": "HOUR",
            "rate": 28
          },
          "vStorage": {
            "unit": "GIB",
            "rate": 67
          },
          "customConfigs": [
            {
              "description": "st_testing546453_0",
              "value": {
                "unit": "DAY",
                "rate": 53
              }
            },
            {
              "description": "st_testing546453_1",
              "value": {
                "unit": "DAY",
                "rate": 69
              }
            },
            {
              "description": "st_testing546453_2",
              "value": {
                "unit": "DAY",
                "rate": 29
              }
            },
            {
              "description": "st_testing546453_3",
              "value": {
                "unit": "DAY",
                "rate": 60
              }
            },
            {
              "description": "st_testing546453_4",
              "value": {
                "unit": "DAY",
                "rate": 82
              }
            }
          ]
        }
      },
      "resources": []
    }
  ]
}
2026-02-03 09:15:52 - create_rate_cards - INFO - [API RESPONSE] POST https://ncm.services.nconprem-10-53-60-173.ccpnx.com/v1/cg/config/rate-cards
2026-02-03 09:15:52 - create_rate_cards - INFO - [STATUS CODE] 200
2026-02-03 09:15:52 - create_rate_cards - INFO - [TIME TAKEN] 0.4685 seconds (468.55 ms)
2026-02-03 09:15:52 - create_rate_cards - INFO - [RESPONSE CONTENT-TYPE] application/json
2026-02-03 09:15:52 - create_rate_cards - INFO - [RESPONSE PAYLOAD]
{
  "ids": [
    "d256e4bf-70c3-4995-8dc6-fe550ce9917b"
  ]
}
2026-02-03 09:15:52 - create_rate_cards - INFO - ✓ [174] Created rate card: st_testing546453_175
2026-02-03 09:15:52 - create_rate_cards - INFO - [API REQUEST] POST https://ncm.services.nconprem-10-53-60-173.ccpnx.com/v1/cg/config/rate-cards
2026-02-03 09:15:52 - create_rate_cards - INFO - [REQUEST JSON PAYLOAD]
{
  "rateCards": [
    {
      "rateCardName": "st_testing546453_176",
      "meteringRates": {
        "vm": {
          "vCpu": {
            "unit": "HOUR",
            "rate": 70
          },
          "vRam": {
            "unit": "HOUR",
            "rate": 8
          },
          "vStorage": {
            "unit": "GIB",
            "rate": 34
          },
          "customConfigs": [
            {
              "description": "st_testing546453_0",
              "value": {
                "unit": "DAY",
                "rate": 50
              }
            },
            {
              "description": "st_testing546453_1",
              "value": {
                "unit": "DAY",
                "rate": 12
              }
            },
            {
              "description": "st_testing546453_2",
              "value": {
                "unit": "DAY",
                "rate": 11
              }
            },
            {
              "description": "st_testing546453_3",
              "value": {
                "unit": "DAY",
                "rate": 28
              }
            },
            {
              "description": "st_testing546453_4",
              "value": {
                "unit": "DAY",
                "rate": 29
              }
            }
          ]
        }
      },
      "resources": []
    }
  ]
}
2026-02-03 09:15:52 - create_rate_cards - INFO - [API RESPONSE] POST https://ncm.services.nconprem-10-53-60-173.ccpnx.com/v1/cg/config/rate-cards
2026-02-03 09:15:52 - create_rate_cards - INFO - [STATUS CODE] 200
2026-02-03 09:15:52 - create_rate_cards - INFO - [TIME TAKEN] 0.3806 seconds (380.55 ms)
2026-02-03 09:15:52 - create_rate_cards - INFO - [RESPONSE CONTENT-TYPE] application/json
2026-02-03 09:15:52 - create_rate_cards - INFO - [RESPONSE PAYLOAD]
{
  "ids": [
    "97cc8068-d183-431f-ba67-4653c10e37ae"
  ]
}
2026-02-03 09:15:52 - create_rate_cards - INFO - ✓ [175] Created rate card: st_testing546453_176
2026-02-03 09:15:52 - create_rate_cards - INFO - [API REQUEST] POST https://ncm.services.nconprem-10-53-60-173.ccpnx.com/v1/cg/config/rate-cards
2026-02-03 09:15:52 - create_rate_cards - INFO - [REQUEST JSON PAYLOAD]
{
  "rateCards": [
    {
      "rateCardName": "st_testing546453_177",
      "meteringRates": {
        "vm": {
          "vCpu": {
            "unit": "HOUR",
            "rate": 34
          },
          "vRam": {
            "unit": "HOUR",
            "rate": 95
          },
          "vStorage": {
            "unit": "GIB",
            "rate": 35
          },
          "customConfigs": [
            {
              "description": "st_testing546453_0",
              "value": {
                "unit": "DAY",
                "rate": 37
              }
            },
            {
              "description": "st_testing546453_1",
              "value": {
                "unit": "DAY",
                "rate": 50
              }
            },
            {
              "description": "st_testing546453_2",
              "value": {
                "unit": "DAY",
                "rate": 81
              }
            },
            {
              "description": "st_testing546453_3",
              "value": {
                "unit": "DAY",
                "rate": 48
              }
            },
            {
              "description": "st_testing546453_4",
              "value": {
                "unit": "DAY",
                "rate": 81
              }
            }
          ]
        }
      },
      "resources": []
    }
  ]
}
2026-02-03 09:15:53 - create_rate_cards - INFO - [API RESPONSE] POST https://ncm.services.nconprem-10-53-60-173.ccpnx.com/v1/cg/config/rate-cards
2026-02-03 09:15:53 - create_rate_cards - INFO - [STATUS CODE] 200
2026-02-03 09:15:53 - create_rate_cards - INFO - [TIME TAKEN] 0.4951 seconds (495.06 ms)
2026-02-03 09:15:53 - create_rate_cards - INFO - [RESPONSE CONTENT-TYPE] application/json
2026-02-03 09:15:53 - create_rate_cards - INFO - [RESPONSE PAYLOAD]
{
  "ids": [
    "f321cd5f-2f69-4f11-b46a-3df9dc33cc8e"
  ]
}
2026-02-03 09:15:53 - create_rate_cards - INFO - ✓ [176] Created rate card: st_testing546453_177
2026-02-03 09:15:53 - create_rate_cards - INFO - [API REQUEST] POST https://ncm.services.nconprem-10-53-60-173.ccpnx.com/v1/cg/config/rate-cards
2026-02-03 09:15:53 - create_rate_cards - INFO - [REQUEST JSON PAYLOAD]
{
  "rateCards": [
    {
      "rateCardName": "st_testing546453_178",
      "meteringRates": {
        "vm": {
          "vCpu": {
            "unit": "HOUR",
            "rate": 100
          },
          "vRam": {
            "unit": "HOUR",
            "rate": 15
          },
          "vStorage": {
            "unit": "GIB",
            "rate": 90
          },
          "customConfigs": [
            {
              "description": "st_testing546453_0",
              "value": {
                "unit": "DAY",
                "rate": 45
              }
            },
            {
              "description": "st_testing546453_1",
              "value": {
                "unit": "DAY",
                "rate": 72
              }
            },
            {
              "description": "st_testing546453_2",
              "value": {
                "unit": "DAY",
                "rate": 88
              }
            },
            {
              "description": "st_testing546453_3",
              "value": {
                "unit": "DAY",
                "rate": 19
              }
            },
            {
              "description": "st_testing546453_4",
              "value": {
                "unit": "DAY",
                "rate": 53
              }
            }
          ]
        }
      },
      "resources": []
    }
  ]
}
2026-02-03 09:15:53 - create_rate_cards - INFO - [API RESPONSE] POST https://ncm.services.nconprem-10-53-60-173.ccpnx.com/v1/cg/config/rate-cards
2026-02-03 09:15:53 - create_rate_cards - INFO - [STATUS CODE] 200
2026-02-03 09:15:53 - create_rate_cards - INFO - [TIME TAKEN] 0.3737 seconds (373.69 ms)
2026-02-03 09:15:53 - create_rate_cards - INFO - [RESPONSE CONTENT-TYPE] application/json
2026-02-03 09:15:53 - create_rate_cards - INFO - [RESPONSE PAYLOAD]
{
  "ids": [
    "85831208-f2c8-4d3b-a241-ee746ee8d957"
  ]
}
2026-02-03 09:15:53 - create_rate_cards - INFO - ✓ [177] Created rate card: st_testing546453_178
2026-02-03 09:15:53 - create_rate_cards - INFO - [API REQUEST] POST https://ncm.services.nconprem-10-53-60-173.ccpnx.com/v1/cg/config/rate-cards
2026-02-03 09:15:53 - create_rate_cards - INFO - [REQUEST JSON PAYLOAD]
{
  "rateCards": [
    {
      "rateCardName": "st_testing546453_179",
      "meteringRates": {
        "vm": {
          "vCpu": {
            "unit": "HOUR",
            "rate": 27
          },
          "vRam": {
            "unit": "HOUR",
            "rate": 94
          },
          "vStorage": {
            "unit": "GIB",
            "rate": 57
          },
          "customConfigs": [
            {
              "description": "st_testing546453_0",
              "value": {
                "unit": "DAY",
                "rate": 3
              }
            },
            {
              "description": "st_testing546453_1",
              "value": {
                "unit": "DAY",
                "rate": 96
              }
            },
            {
              "description": "st_testing546453_2",
              "value": {
                "unit": "DAY",
                "rate": 26
              }
            },
            {
              "description": "st_testing546453_3",
              "value": {
                "unit": "DAY",
                "rate": 9
              }
            },
            {
              "description": "st_testing546453_4",
              "value": {
                "unit": "DAY",
                "rate": 92
              }
            }
          ]
        }
      },
      "resources": []
    }
  ]
}
2026-02-03 09:15:53 - create_rate_cards - INFO - [API RESPONSE] POST https://ncm.services.nconprem-10-53-60-173.ccpnx.com/v1/cg/config/rate-cards
2026-02-03 09:15:53 - create_rate_cards - INFO - [STATUS CODE] 200
2026-02-03 09:15:53 - create_rate_cards - INFO - [TIME TAKEN] 0.5217 seconds (521.70 ms)
2026-02-03 09:15:53 - create_rate_cards - INFO - [RESPONSE CONTENT-TYPE] application/json
2026-02-03 09:15:53 - create_rate_cards - INFO - [RESPONSE PAYLOAD]
{
  "ids": [
    "3d04e144-36e8-455b-ad57-fc98e3a07f17"
  ]
}
2026-02-03 09:15:53 - create_rate_cards - INFO - ✓ [178] Created rate card: st_testing546453_179
2026-02-03 09:15:53 - create_rate_cards - INFO - [API REQUEST] POST https://ncm.services.nconprem-10-53-60-173.ccpnx.com/v1/cg/config/rate-cards
2026-02-03 09:15:53 - create_rate_cards - INFO - [REQUEST JSON PAYLOAD]
{
  "rateCards": [
    {
      "rateCardName": "st_testing546453_180",
      "meteringRates": {
        "vm": {
          "vCpu": {
            "unit": "HOUR",
            "rate": 75
          },
          "vRam": {
            "unit": "HOUR",
            "rate": 78
          },
          "vStorage": {
            "unit": "GIB",
            "rate": 80
          },
          "customConfigs": [
            {
              "description": "st_testing546453_0",
              "value": {
                "unit": "DAY",
                "rate": 80
              }
            },
            {
              "description": "st_testing546453_1",
              "value": {
                "unit": "DAY",
                "rate": 20
              }
            },
            {
              "description": "st_testing546453_2",
              "value": {
                "unit": "DAY",
                "rate": 20
              }
            },
            {
              "description": "st_testing546453_3",
              "value": {
                "unit": "DAY",
                "rate": 8
              }
            },
            {
              "description": "st_testing546453_4",
              "value": {
                "unit": "DAY",
                "rate": 18
              }
            }
          ]
        }
      },
      "resources": []
    }
  ]
}
2026-02-03 09:15:55 - create_rate_cards - INFO - [API RESPONSE] POST https://ncm.services.nconprem-10-53-60-173.ccpnx.com/v1/cg/config/rate-cards
2026-02-03 09:15:55 - create_rate_cards - INFO - [STATUS CODE] 200
2026-02-03 09:15:55 - create_rate_cards - INFO - [TIME TAKEN] 1.3440 seconds (1343.98 ms)
2026-02-03 09:15:55 - create_rate_cards - INFO - [RESPONSE CONTENT-TYPE] application/json
2026-02-03 09:15:55 - create_rate_cards - INFO - [RESPONSE PAYLOAD]
{
  "ids": [
    "604f050f-29fe-4205-9148-1003d8268ff2"
  ]
}
2026-02-03 09:15:55 - create_rate_cards - INFO - ✓ [179] Created rate card: st_testing546453_180
2026-02-03 09:15:55 - create_rate_cards - INFO - [API REQUEST] POST https://ncm.services.nconprem-10-53-60-173.ccpnx.com/v1/cg/config/rate-cards
2026-02-03 09:15:55 - create_rate_cards - INFO - [REQUEST JSON PAYLOAD]
{
  "rateCards": [
    {
      "rateCardName": "st_testing546453_181",
      "meteringRates": {
        "vm": {
          "vCpu": {
            "unit": "HOUR",
            "rate": 11
          },
          "vRam": {
            "unit": "HOUR",
            "rate": 65
          },
          "vStorage": {
            "unit": "GIB",
            "rate": 4
          },
          "customConfigs": [
            {
              "description": "st_testing546453_0",
              "value": {
                "unit": "DAY",
                "rate": 52
              }
            },
            {
              "description": "st_testing546453_1",
              "value": {
                "unit": "DAY",
                "rate": 51
              }
            },
            {
              "description": "st_testing546453_2",
              "value": {
                "unit": "DAY",
                "rate": 90
              }
            },
            {
              "description": "st_testing546453_3",
              "value": {
                "unit": "DAY",
                "rate": 46
              }
            },
            {
              "description": "st_testing546453_4",
              "value": {
                "unit": "DAY",
                "rate": 21
              }
            }
          ]
        }
      },
      "resources": []
    }
  ]
}
2026-02-03 09:15:55 - create_rate_cards - INFO - [API RESPONSE] POST https://ncm.services.nconprem-10-53-60-173.ccpnx.com/v1/cg/config/rate-cards
2026-02-03 09:15:55 - create_rate_cards - INFO - [STATUS CODE] 200
2026-02-03 09:15:55 - create_rate_cards - INFO - [TIME TAKEN] 0.5507 seconds (550.67 ms)
2026-02-03 09:15:55 - create_rate_cards - INFO - [RESPONSE CONTENT-TYPE] application/json
2026-02-03 09:15:55 - create_rate_cards - INFO - [RESPONSE PAYLOAD]
{
  "ids": [
    "cb3397dd-0896-489d-8448-a04b97426be2"
  ]
}
2026-02-03 09:15:55 - create_rate_cards - INFO - ✓ [180] Created rate card: st_testing546453_181
2026-02-03 09:15:55 - create_rate_cards - INFO - [API REQUEST] POST https://ncm.services.nconprem-10-53-60-173.ccpnx.com/v1/cg/config/rate-cards
2026-02-03 09:15:55 - create_rate_cards - INFO - [REQUEST JSON PAYLOAD]
{
  "rateCards": [
    {
      "rateCardName": "st_testing546453_182",
      "meteringRates": {
        "vm": {
          "vCpu": {
            "unit": "HOUR",
            "rate": 81
          },
          "vRam": {
            "unit": "HOUR",
            "rate": 30
          },
          "vStorage": {
            "unit": "GIB",
            "rate": 69
          },
          "customConfigs": [
            {
              "description": "st_testing546453_0",
              "value": {
                "unit": "DAY",
                "rate": 3
              }
            },
            {
              "description": "st_testing546453_1",
              "value": {
                "unit": "DAY",
                "rate": 66
              }
            },
            {
              "description": "st_testing546453_2",
              "value": {
                "unit": "DAY",
                "rate": 74
              }
            },
            {
              "description": "st_testing546453_3",
              "value": {
                "unit": "DAY",
                "rate": 21
              }
            },
            {
              "description": "st_testing546453_4",
              "value": {
                "unit": "DAY",
                "rate": 95
              }
            }
          ]
        }
      },
      "resources": []
    }
  ]
}
2026-02-03 09:15:56 - create_rate_cards - INFO - [API RESPONSE] POST https://ncm.services.nconprem-10-53-60-173.ccpnx.com/v1/cg/config/rate-cards
2026-02-03 09:15:56 - create_rate_cards - INFO - [STATUS CODE] 200
2026-02-03 09:15:56 - create_rate_cards - INFO - [TIME TAKEN] 0.5130 seconds (512.98 ms)
2026-02-03 09:15:56 - create_rate_cards - INFO - [RESPONSE CONTENT-TYPE] application/json
2026-02-03 09:15:56 - create_rate_cards - INFO - [RESPONSE PAYLOAD]
{
  "ids": [
    "5dce6dd9-5ba4-404d-88c4-543f67f61184"
  ]
}
2026-02-03 09:15:56 - create_rate_cards - INFO - ✓ [181] Created rate card: st_testing546453_182
2026-02-03 09:15:56 - create_rate_cards - INFO - [API REQUEST] POST https://ncm.services.nconprem-10-53-60-173.ccpnx.com/v1/cg/config/rate-cards
2026-02-03 09:15:56 - create_rate_cards - INFO - [REQUEST JSON PAYLOAD]
{
  "rateCards": [
    {
      "rateCardName": "st_testing546453_183",
      "meteringRates": {
        "vm": {
          "vCpu": {
            "unit": "HOUR",
            "rate": 46
          },
          "vRam": {
            "unit": "HOUR",
            "rate": 35
          },
          "vStorage": {
            "unit": "GIB",
            "rate": 12
          },
          "customConfigs": [
            {
              "description": "st_testing546453_0",
              "value": {
                "unit": "DAY",
                "rate": 17
              }
            },
            {
              "description": "st_testing546453_1",
              "value": {
                "unit": "DAY",
                "rate": 23
              }
            },
            {
              "description": "st_testing546453_2",
              "value": {
                "unit": "DAY",
                "rate": 95
              }
            },
            {
              "description": "st_testing546453_3",
              "value": {
                "unit": "DAY",
                "rate": 29
              }
            },
            {
              "description": "st_testing546453_4",
              "value": {
                "unit": "DAY",
                "rate": 78
              }
            }
          ]
        }
      },
      "resources": []
    }
  ]
}
2026-02-03 09:15:56 - create_rate_cards - INFO - [API RESPONSE] POST https://ncm.services.nconprem-10-53-60-173.ccpnx.com/v1/cg/config/rate-cards
2026-02-03 09:15:56 - create_rate_cards - INFO - [STATUS CODE] 200
2026-02-03 09:15:56 - create_rate_cards - INFO - [TIME TAKEN] 0.4028 seconds (402.81 ms)
2026-02-03 09:15:56 - create_rate_cards - INFO - [RESPONSE CONTENT-TYPE] application/json
2026-02-03 09:15:56 - create_rate_cards - INFO - [RESPONSE PAYLOAD]
{
  "ids": [
    "de8eeaa9-dc32-4ee5-a4ec-9b1cb42caf6d"
  ]
}
2026-02-03 09:15:56 - create_rate_cards - INFO - ✓ [182] Created rate card: st_testing546453_183
2026-02-03 09:15:56 - create_rate_cards - INFO - [API REQUEST] POST https://ncm.services.nconprem-10-53-60-173.ccpnx.com/v1/cg/config/rate-cards
2026-02-03 09:15:56 - create_rate_cards - INFO - [REQUEST JSON PAYLOAD]
{
  "rateCards": [
    {
      "rateCardName": "st_testing546453_184",
      "meteringRates": {
        "vm": {
          "vCpu": {
            "unit": "HOUR",
            "rate": 78
          },
          "vRam": {
            "unit": "HOUR",
            "rate": 86
          },
          "vStorage": {
            "unit": "GIB",
            "rate": 92
          },
          "customConfigs": [
            {
              "description": "st_testing546453_0",
              "value": {
                "unit": "DAY",
                "rate": 12
              }
            },
            {
              "description": "st_testing546453_1",
              "value": {
                "unit": "DAY",
                "rate": 19
              }
            },
            {
              "description": "st_testing546453_2",
              "value": {
                "unit": "DAY",
                "rate": 32
              }
            },
            {
              "description": "st_testing546453_3",
              "value": {
                "unit": "DAY",
                "rate": 49
              }
            },
            {
              "description": "st_testing546453_4",
              "value": {
                "unit": "DAY",
                "rate": 86
              }
            }
          ]
        }
      },
      "resources": []
    }
  ]
}
2026-02-03 09:15:57 - create_rate_cards - INFO - [API RESPONSE] POST https://ncm.services.nconprem-10-53-60-173.ccpnx.com/v1/cg/config/rate-cards
2026-02-03 09:15:57 - create_rate_cards - INFO - [STATUS CODE] 200
2026-02-03 09:15:57 - create_rate_cards - INFO - [TIME TAKEN] 0.8649 seconds (864.88 ms)
2026-02-03 09:15:57 - create_rate_cards - INFO - [RESPONSE CONTENT-TYPE] application/json
2026-02-03 09:15:57 - create_rate_cards - INFO - [RESPONSE PAYLOAD]
{
  "ids": [
    "d65f4ef9-ee6a-429d-abe0-69aebde954d3"
  ]
}
2026-02-03 09:15:57 - create_rate_cards - INFO - ✓ [183] Created rate card: st_testing546453_184
2026-02-03 09:15:57 - create_rate_cards - INFO - [API REQUEST] POST https://ncm.services.nconprem-10-53-60-173.ccpnx.com/v1/cg/config/rate-cards
2026-02-03 09:15:57 - create_rate_cards - INFO - [REQUEST JSON PAYLOAD]
{
  "rateCards": [
    {
      "rateCardName": "st_testing546453_185",
      "meteringRates": {
        "vm": {
          "vCpu": {
            "unit": "HOUR",
            "rate": 31
          },
          "vRam": {
            "unit": "HOUR",
            "rate": 54
          },
          "vStorage": {
            "unit": "GIB",
            "rate": 13
          },
          "customConfigs": [
            {
              "description": "st_testing546453_0",
              "value": {
                "unit": "DAY",
                "rate": 61
              }
            },
            {
              "description": "st_testing546453_1",
              "value": {
                "unit": "DAY",
                "rate": 12
              }
            },
            {
              "description": "st_testing546453_2",
              "value": {
                "unit": "DAY",
                "rate": 62
              }
            },
            {
              "description": "st_testing546453_3",
              "value": {
                "unit": "DAY",
                "rate": 83
              }
            },
            {
              "description": "st_testing546453_4",
              "value": {
                "unit": "DAY",
                "rate": 79
              }
            }
          ]
        }
      },
      "resources": []
    }
  ]
}
2026-02-03 09:15:57 - create_rate_cards - INFO - [API RESPONSE] POST https://ncm.services.nconprem-10-53-60-173.ccpnx.com/v1/cg/config/rate-cards
2026-02-03 09:15:57 - create_rate_cards - INFO - [STATUS CODE] 200
2026-02-03 09:15:57 - create_rate_cards - INFO - [TIME TAKEN] 0.3148 seconds (314.82 ms)
2026-02-03 09:15:57 - create_rate_cards - INFO - [RESPONSE CONTENT-TYPE] application/json
2026-02-03 09:15:57 - create_rate_cards - INFO - [RESPONSE PAYLOAD]
{
  "ids": [
    "9348e8fb-65ac-4bd1-af4d-653f03dc8ca9"
  ]
}
2026-02-03 09:15:57 - create_rate_cards - INFO - ✓ [184] Created rate card: st_testing546453_185
2026-02-03 09:15:57 - create_rate_cards - INFO - [API REQUEST] POST https://ncm.services.nconprem-10-53-60-173.ccpnx.com/v1/cg/config/rate-cards
2026-02-03 09:15:57 - create_rate_cards - INFO - [REQUEST JSON PAYLOAD]
{
  "rateCards": [
    {
      "rateCardName": "st_testing546453_186",
      "meteringRates": {
        "vm": {
          "vCpu": {
            "unit": "HOUR",
            "rate": 86
          },
          "vRam": {
            "unit": "HOUR",
            "rate": 18
          },
          "vStorage": {
            "unit": "GIB",
            "rate": 37
          },
          "customConfigs": [
            {
              "description": "st_testing546453_0",
              "value": {
                "unit": "DAY",
                "rate": 22
              }
            },
            {
              "description": "st_testing546453_1",
              "value": {
                "unit": "DAY",
                "rate": 47
              }
            },
            {
              "description": "st_testing546453_2",
              "value": {
                "unit": "DAY",
                "rate": 98
              }
            },
            {
              "description": "st_testing546453_3",
              "value": {
                "unit": "DAY",
                "rate": 61
              }
            },
            {
              "description": "st_testing546453_4",
              "value": {
                "unit": "DAY",
                "rate": 37
              }
            }
          ]
        }
      },
      "resources": []
    }
  ]
}
2026-02-03 09:15:58 - create_rate_cards - INFO - [API RESPONSE] POST https://ncm.services.nconprem-10-53-60-173.ccpnx.com/v1/cg/config/rate-cards
2026-02-03 09:15:58 - create_rate_cards - INFO - [STATUS CODE] 200
2026-02-03 09:15:58 - create_rate_cards - INFO - [TIME TAKEN] 0.3343 seconds (334.32 ms)
2026-02-03 09:15:58 - create_rate_cards - INFO - [RESPONSE CONTENT-TYPE] application/json
2026-02-03 09:15:58 - create_rate_cards - INFO - [RESPONSE PAYLOAD]
{
  "ids": [
    "8218994c-9fc0-4189-a547-b67e0780b0e5"
  ]
}
2026-02-03 09:15:58 - create_rate_cards - INFO - ✓ [185] Created rate card: st_testing546453_186
2026-02-03 09:15:58 - create_rate_cards - INFO - [API REQUEST] POST https://ncm.services.nconprem-10-53-60-173.ccpnx.com/v1/cg/config/rate-cards
2026-02-03 09:15:58 - create_rate_cards - INFO - [REQUEST JSON PAYLOAD]
{
  "rateCards": [
    {
      "rateCardName": "st_testing546453_187",
      "meteringRates": {
        "vm": {
          "vCpu": {
            "unit": "HOUR",
            "rate": 33
          },
          "vRam": {
            "unit": "HOUR",
            "rate": 51
          },
          "vStorage": {
            "unit": "GIB",
            "rate": 32
          },
          "customConfigs": [
            {
              "description": "st_testing546453_0",
              "value": {
                "unit": "DAY",
                "rate": 44
              }
            },
            {
              "description": "st_testing546453_1",
              "value": {
                "unit": "DAY",
                "rate": 33
              }
            },
            {
              "description": "st_testing546453_2",
              "value": {
                "unit": "DAY",
                "rate": 73
              }
            },
            {
              "description": "st_testing546453_3",
              "value": {
                "unit": "DAY",
                "rate": 45
              }
            },
            {
              "description": "st_testing546453_4",
              "value": {
                "unit": "DAY",
                "rate": 61
              }
            }
          ]
        }
      },
      "resources": []
    }
  ]
}
2026-02-03 09:15:58 - create_rate_cards - INFO - [API RESPONSE] POST https://ncm.services.nconprem-10-53-60-173.ccpnx.com/v1/cg/config/rate-cards
2026-02-03 09:15:58 - create_rate_cards - INFO - [STATUS CODE] 200
2026-02-03 09:15:58 - create_rate_cards - INFO - [TIME TAKEN] 0.3719 seconds (371.95 ms)
2026-02-03 09:15:58 - create_rate_cards - INFO - [RESPONSE CONTENT-TYPE] application/json
2026-02-03 09:15:58 - create_rate_cards - INFO - [RESPONSE PAYLOAD]
{
  "ids": [
    "ce91d260-c7d0-49e8-b475-0c67467c456e"
  ]
}
2026-02-03 09:15:58 - create_rate_cards - INFO - ✓ [186] Created rate card: st_testing546453_187
2026-02-03 09:15:58 - create_rate_cards - INFO - [API REQUEST] POST https://ncm.services.nconprem-10-53-60-173.ccpnx.com/v1/cg/config/rate-cards
2026-02-03 09:15:58 - create_rate_cards - INFO - [REQUEST JSON PAYLOAD]
{
  "rateCards": [
    {
      "rateCardName": "st_testing546453_188",
      "meteringRates": {
        "vm": {
          "vCpu": {
            "unit": "HOUR",
            "rate": 61
          },
          "vRam": {
            "unit": "HOUR",
            "rate": 24
          },
          "vStorage": {
            "unit": "GIB",
            "rate": 59
          },
          "customConfigs": [
            {
              "description": "st_testing546453_0",
              "value": {
                "unit": "DAY",
                "rate": 91
              }
            },
            {
              "description": "st_testing546453_1",
              "value": {
                "unit": "DAY",
                "rate": 2
              }
            },
            {
              "description": "st_testing546453_2",
              "value": {
                "unit": "DAY",
                "rate": 12
              }
            },
            {
              "description": "st_testing546453_3",
              "value": {
                "unit": "DAY",
                "rate": 29
              }
            },
            {
              "description": "st_testing546453_4",
              "value": {
                "unit": "DAY",
                "rate": 39
              }
            }
          ]
        }
      },
      "resources": []
    }
  ]
}
2026-02-03 09:15:58 - create_rate_cards - INFO - [API RESPONSE] POST https://ncm.services.nconprem-10-53-60-173.ccpnx.com/v1/cg/config/rate-cards
2026-02-03 09:15:58 - create_rate_cards - INFO - [STATUS CODE] 200
2026-02-03 09:15:58 - create_rate_cards - INFO - [TIME TAKEN] 0.3187 seconds (318.70 ms)
2026-02-03 09:15:58 - create_rate_cards - INFO - [RESPONSE CONTENT-TYPE] application/json
2026-02-03 09:15:58 - create_rate_cards - INFO - [RESPONSE PAYLOAD]
{
  "ids": [
    "085818ef-6811-498b-9886-272f0eacfc12"
  ]
}
2026-02-03 09:15:58 - create_rate_cards - INFO - ✓ [187] Created rate card: st_testing546453_188
2026-02-03 09:15:58 - create_rate_cards - INFO - [API REQUEST] POST https://ncm.services.nconprem-10-53-60-173.ccpnx.com/v1/cg/config/rate-cards
2026-02-03 09:15:58 - create_rate_cards - INFO - [REQUEST JSON PAYLOAD]
{
  "rateCards": [
    {
      "rateCardName": "st_testing546453_189",
      "meteringRates": {
        "vm": {
          "vCpu": {
            "unit": "HOUR",
            "rate": 60
          },
          "vRam": {
            "unit": "HOUR",
            "rate": 23
          },
          "vStorage": {
            "unit": "GIB",
            "rate": 6
          },
          "customConfigs": [
            {
              "description": "st_testing546453_0",
              "value": {
                "unit": "DAY",
                "rate": 85
              }
            },
            {
              "description": "st_testing546453_1",
              "value": {
                "unit": "DAY",
                "rate": 38
              }
            },
            {
              "description": "st_testing546453_2",
              "value": {
                "unit": "DAY",
                "rate": 36
              }
            },
            {
              "description": "st_testing546453_3",
              "value": {
                "unit": "DAY",
                "rate": 37
              }
            },
            {
              "description": "st_testing546453_4",
              "value": {
                "unit": "DAY",
                "rate": 25
              }
            }
          ]
        }
      },
      "resources": []
    }
  ]
}
2026-02-03 09:15:59 - create_rate_cards - INFO - [API RESPONSE] POST https://ncm.services.nconprem-10-53-60-173.ccpnx.com/v1/cg/config/rate-cards
2026-02-03 09:15:59 - create_rate_cards - INFO - [STATUS CODE] 200
2026-02-03 09:15:59 - create_rate_cards - INFO - [TIME TAKEN] 0.3762 seconds (376.19 ms)
2026-02-03 09:15:59 - create_rate_cards - INFO - [RESPONSE CONTENT-TYPE] application/json
2026-02-03 09:15:59 - create_rate_cards - INFO - [RESPONSE PAYLOAD]
{
  "ids": [
    "fe40e3a0-ac04-4ca1-b36c-43b04cf59b53"
  ]
}
2026-02-03 09:15:59 - create_rate_cards - INFO - ✓ [188] Created rate card: st_testing546453_189
2026-02-03 09:15:59 - create_rate_cards - INFO - [API REQUEST] POST https://ncm.services.nconprem-10-53-60-173.ccpnx.com/v1/cg/config/rate-cards
2026-02-03 09:15:59 - create_rate_cards - INFO - [REQUEST JSON PAYLOAD]
{
  "rateCards": [
    {
      "rateCardName": "st_testing546453_190",
      "meteringRates": {
        "vm": {
          "vCpu": {
            "unit": "HOUR",
            "rate": 13
          },
          "vRam": {
            "unit": "HOUR",
            "rate": 73
          },
          "vStorage": {
            "unit": "GIB",
            "rate": 89
          },
          "customConfigs": [
            {
              "description": "st_testing546453_0",
              "value": {
                "unit": "DAY",
                "rate": 71
              }
            },
            {
              "description": "st_testing546453_1",
              "value": {
                "unit": "DAY",
                "rate": 59
              }
            },
            {
              "description": "st_testing546453_2",
              "value": {
                "unit": "DAY",
                "rate": 6
              }
            },
            {
              "description": "st_testing546453_3",
              "value": {
                "unit": "DAY",
                "rate": 65
              }
            },
            {
              "description": "st_testing546453_4",
              "value": {
                "unit": "DAY",
                "rate": 57
              }
            }
          ]
        }
      },
      "resources": []
    }
  ]
}
2026-02-03 09:15:59 - create_rate_cards - INFO - [API RESPONSE] POST https://ncm.services.nconprem-10-53-60-173.ccpnx.com/v1/cg/config/rate-cards
2026-02-03 09:15:59 - create_rate_cards - INFO - [STATUS CODE] 200
2026-02-03 09:15:59 - create_rate_cards - INFO - [TIME TAKEN] 0.4138 seconds (413.81 ms)
2026-02-03 09:15:59 - create_rate_cards - INFO - [RESPONSE CONTENT-TYPE] application/json
2026-02-03 09:15:59 - create_rate_cards - INFO - [RESPONSE PAYLOAD]
{
  "ids": [
    "2ade163c-cb65-4007-98e2-ec873eeda858"
  ]
}
2026-02-03 09:15:59 - create_rate_cards - INFO - ✓ [189] Created rate card: st_testing546453_190
2026-02-03 09:15:59 - create_rate_cards - INFO - [API REQUEST] POST https://ncm.services.nconprem-10-53-60-173.ccpnx.com/v1/cg/config/rate-cards
2026-02-03 09:15:59 - create_rate_cards - INFO - [REQUEST JSON PAYLOAD]
{
  "rateCards": [
    {
      "rateCardName": "st_testing546453_191",
      "meteringRates": {
        "vm": {
          "vCpu": {
            "unit": "HOUR",
            "rate": 71
          },
          "vRam": {
            "unit": "HOUR",
            "rate": 19
          },
          "vStorage": {
            "unit": "GIB",
            "rate": 25
          },
          "customConfigs": [
            {
              "description": "st_testing546453_0",
              "value": {
                "unit": "DAY",
                "rate": 40
              }
            },
            {
              "description": "st_testing546453_1",
              "value": {
                "unit": "DAY",
                "rate": 33
              }
            },
            {
              "description": "st_testing546453_2",
              "value": {
                "unit": "DAY",
                "rate": 82
              }
            },
            {
              "description": "st_testing546453_3",
              "value": {
                "unit": "DAY",
                "rate": 99
              }
            },
            {
              "description": "st_testing546453_4",
              "value": {
                "unit": "DAY",
                "rate": 23
              }
            }
          ]
        }
      },
      "resources": []
    }
  ]
}
2026-02-03 09:16:00 - create_rate_cards - INFO - [API RESPONSE] POST https://ncm.services.nconprem-10-53-60-173.ccpnx.com/v1/cg/config/rate-cards
2026-02-03 09:16:00 - create_rate_cards - INFO - [STATUS CODE] 200
2026-02-03 09:16:00 - create_rate_cards - INFO - [TIME TAKEN] 0.2860 seconds (286.00 ms)
2026-02-03 09:16:00 - create_rate_cards - INFO - [RESPONSE CONTENT-TYPE] application/json
2026-02-03 09:16:00 - create_rate_cards - INFO - [RESPONSE PAYLOAD]
{
  "ids": [
    "429cd2e9-5ea6-4d6c-8011-90b2f64410ac"
  ]
}
2026-02-03 09:16:00 - create_rate_cards - INFO - ✓ [190] Created rate card: st_testing546453_191
2026-02-03 09:16:00 - create_rate_cards - INFO - [API REQUEST] POST https://ncm.services.nconprem-10-53-60-173.ccpnx.com/v1/cg/config/rate-cards
2026-02-03 09:16:00 - create_rate_cards - INFO - [REQUEST JSON PAYLOAD]
{
  "rateCards": [
    {
      "rateCardName": "st_testing546453_192",
      "meteringRates": {
        "vm": {
          "vCpu": {
            "unit": "HOUR",
            "rate": 92
          },
          "vRam": {
            "unit": "HOUR",
            "rate": 17
          },
          "vStorage": {
            "unit": "GIB",
            "rate": 95
          },
          "customConfigs": [
            {
              "description": "st_testing546453_0",
              "value": {
                "unit": "DAY",
                "rate": 11
              }
            },
            {
              "description": "st_testing546453_1",
              "value": {
                "unit": "DAY",
                "rate": 52
              }
            },
            {
              "description": "st_testing546453_2",
              "value": {
                "unit": "DAY",
                "rate": 28
              }
            },
            {
              "description": "st_testing546453_3",
              "value": {
                "unit": "DAY",
                "rate": 69
              }
            },
            {
              "description": "st_testing546453_4",
              "value": {
                "unit": "DAY",
                "rate": 97
              }
            }
          ]
        }
      },
      "resources": []
    }
  ]
}
2026-02-03 09:16:00 - create_rate_cards - INFO - [API RESPONSE] POST https://ncm.services.nconprem-10-53-60-173.ccpnx.com/v1/cg/config/rate-cards
2026-02-03 09:16:00 - create_rate_cards - INFO - [STATUS CODE] 200
2026-02-03 09:16:00 - create_rate_cards - INFO - [TIME TAKEN] 0.3077 seconds (307.72 ms)
2026-02-03 09:16:00 - create_rate_cards - INFO - [RESPONSE CONTENT-TYPE] application/json
2026-02-03 09:16:00 - create_rate_cards - INFO - [RESPONSE PAYLOAD]
{
  "ids": [
    "692ed332-f354-404a-aa4c-27c5c800cb5f"
  ]
}
2026-02-03 09:16:00 - create_rate_cards - INFO - ✓ [191] Created rate card: st_testing546453_192
2026-02-03 09:16:00 - create_rate_cards - INFO - [API REQUEST] POST https://ncm.services.nconprem-10-53-60-173.ccpnx.com/v1/cg/config/rate-cards
2026-02-03 09:16:00 - create_rate_cards - INFO - [REQUEST JSON PAYLOAD]
{
  "rateCards": [
    {
      "rateCardName": "st_testing546453_193",
      "meteringRates": {
        "vm": {
          "vCpu": {
            "unit": "HOUR",
            "rate": 81
          },
          "vRam": {
            "unit": "HOUR",
            "rate": 31
          },
          "vStorage": {
            "unit": "GIB",
            "rate": 53
          },
          "customConfigs": [
            {
              "description": "st_testing546453_0",
              "value": {
                "unit": "DAY",
                "rate": 82
              }
            },
            {
              "description": "st_testing546453_1",
              "value": {
                "unit": "DAY",
                "rate": 62
              }
            },
            {
              "description": "st_testing546453_2",
              "value": {
                "unit": "DAY",
                "rate": 27
              }
            },
            {
              "description": "st_testing546453_3",
              "value": {
                "unit": "DAY",
                "rate": 87
              }
            },
            {
              "description": "st_testing546453_4",
              "value": {
                "unit": "DAY",
                "rate": 93
              }
            }
          ]
        }
      },
      "resources": []
    }
  ]
}
2026-02-03 09:16:00 - create_rate_cards - INFO - [API RESPONSE] POST https://ncm.services.nconprem-10-53-60-173.ccpnx.com/v1/cg/config/rate-cards
2026-02-03 09:16:00 - create_rate_cards - INFO - [STATUS CODE] 200
2026-02-03 09:16:00 - create_rate_cards - INFO - [TIME TAKEN] 0.3948 seconds (394.84 ms)
2026-02-03 09:16:00 - create_rate_cards - INFO - [RESPONSE CONTENT-TYPE] application/json
2026-02-03 09:16:00 - create_rate_cards - INFO - [RESPONSE PAYLOAD]
{
  "ids": [
    "a1856f51-f765-4327-92cf-88ab22e8d6ef"
  ]
}
2026-02-03 09:16:00 - create_rate_cards - INFO - ✓ [192] Created rate card: st_testing546453_193
2026-02-03 09:16:00 - create_rate_cards - INFO - [API REQUEST] POST https://ncm.services.nconprem-10-53-60-173.ccpnx.com/v1/cg/config/rate-cards
2026-02-03 09:16:00 - create_rate_cards - INFO - [REQUEST JSON PAYLOAD]
{
  "rateCards": [
    {
      "rateCardName": "st_testing546453_194",
      "meteringRates": {
        "vm": {
          "vCpu": {
            "unit": "HOUR",
            "rate": 95
          },
          "vRam": {
            "unit": "HOUR",
            "rate": 68
          },
          "vStorage": {
            "unit": "GIB",
            "rate": 45
          },
          "customConfigs": [
            {
              "description": "st_testing546453_0",
              "value": {
                "unit": "DAY",
                "rate": 38
              }
            },
            {
              "description": "st_testing546453_1",
              "value": {
                "unit": "DAY",
                "rate": 20
              }
            },
            {
              "description": "st_testing546453_2",
              "value": {
                "unit": "DAY",
                "rate": 25
              }
            },
            {
              "description": "st_testing546453_3",
              "value": {
                "unit": "DAY",
                "rate": 21
              }
            },
            {
              "description": "st_testing546453_4",
              "value": {
                "unit": "DAY",
                "rate": 23
              }
            }
          ]
        }
      },
      "resources": []
    }
  ]
}
2026-02-03 09:16:01 - create_rate_cards - INFO - [API RESPONSE] POST https://ncm.services.nconprem-10-53-60-173.ccpnx.com/v1/cg/config/rate-cards
2026-02-03 09:16:01 - create_rate_cards - INFO - [STATUS CODE] 200
2026-02-03 09:16:01 - create_rate_cards - INFO - [TIME TAKEN] 0.3987 seconds (398.70 ms)
2026-02-03 09:16:01 - create_rate_cards - INFO - [RESPONSE CONTENT-TYPE] application/json
2026-02-03 09:16:01 - create_rate_cards - INFO - [RESPONSE PAYLOAD]
{
  "ids": [
    "c4b06c57-1df1-4b5b-b9dd-ba84ea3241d4"
  ]
}
2026-02-03 09:16:01 - create_rate_cards - INFO - ✓ [193] Created rate card: st_testing546453_194
2026-02-03 09:16:01 - create_rate_cards - INFO - [API REQUEST] POST https://ncm.services.nconprem-10-53-60-173.ccpnx.com/v1/cg/config/rate-cards
2026-02-03 09:16:01 - create_rate_cards - INFO - [REQUEST JSON PAYLOAD]
{
  "rateCards": [
    {
      "rateCardName": "st_testing546453_195",
      "meteringRates": {
        "vm": {
          "vCpu": {
            "unit": "HOUR",
            "rate": 90
          },
          "vRam": {
            "unit": "HOUR",
            "rate": 41
          },
          "vStorage": {
            "unit": "GIB",
            "rate": 52
          },
          "customConfigs": [
            {
              "description": "st_testing546453_0",
              "value": {
                "unit": "DAY",
                "rate": 9
              }
            },
            {
              "description": "st_testing546453_1",
              "value": {
                "unit": "DAY",
                "rate": 1
              }
            },
            {
              "description": "st_testing546453_2",
              "value": {
                "unit": "DAY",
                "rate": 23
              }
            },
            {
              "description": "st_testing546453_3",
              "value": {
                "unit": "DAY",
                "rate": 22
              }
            },
            {
              "description": "st_testing546453_4",
              "value": {
                "unit": "DAY",
                "rate": 47
              }
            }
          ]
        }
      },
      "resources": []
    }
  ]
}
2026-02-03 09:16:01 - create_rate_cards - INFO - [API RESPONSE] POST https://ncm.services.nconprem-10-53-60-173.ccpnx.com/v1/cg/config/rate-cards
2026-02-03 09:16:01 - create_rate_cards - INFO - [STATUS CODE] 200
2026-02-03 09:16:01 - create_rate_cards - INFO - [TIME TAKEN] 0.4173 seconds (417.31 ms)
2026-02-03 09:16:01 - create_rate_cards - INFO - [RESPONSE CONTENT-TYPE] application/json
2026-02-03 09:16:01 - create_rate_cards - INFO - [RESPONSE PAYLOAD]
{
  "ids": [
    "5431c57a-0449-4048-b53d-ab886991bf21"
  ]
}
2026-02-03 09:16:01 - create_rate_cards - INFO - ✓ [194] Created rate card: st_testing546453_195
2026-02-03 09:16:01 - create_rate_cards - INFO - [API REQUEST] POST https://ncm.services.nconprem-10-53-60-173.ccpnx.com/v1/cg/config/rate-cards
2026-02-03 09:16:01 - create_rate_cards - INFO - [REQUEST JSON PAYLOAD]
{
  "rateCards": [
    {
      "rateCardName": "st_testing546453_196",
      "meteringRates": {
        "vm": {
          "vCpu": {
            "unit": "HOUR",
            "rate": 43
          },
          "vRam": {
            "unit": "HOUR",
            "rate": 28
          },
          "vStorage": {
            "unit": "GIB",
            "rate": 56
          },
          "customConfigs": [
            {
              "description": "st_testing546453_0",
              "value": {
                "unit": "DAY",
                "rate": 24
              }
            },
            {
              "description": "st_testing546453_1",
              "value": {
                "unit": "DAY",
                "rate": 86
              }
            },
            {
              "description": "st_testing546453_2",
              "value": {
                "unit": "DAY",
                "rate": 12
              }
            },
            {
              "description": "st_testing546453_3",
              "value": {
                "unit": "DAY",
                "rate": 65
              }
            },
            {
              "description": "st_testing546453_4",
              "value": {
                "unit": "DAY",
                "rate": 9
              }
            }
          ]
        }
      },
      "resources": []
    }
  ]
}
2026-02-03 09:16:02 - create_rate_cards - INFO - [API RESPONSE] POST https://ncm.services.nconprem-10-53-60-173.ccpnx.com/v1/cg/config/rate-cards
2026-02-03 09:16:02 - create_rate_cards - INFO - [STATUS CODE] 200
2026-02-03 09:16:02 - create_rate_cards - INFO - [TIME TAKEN] 0.5008 seconds (500.83 ms)
2026-02-03 09:16:02 - create_rate_cards - INFO - [RESPONSE CONTENT-TYPE] application/json
2026-02-03 09:16:02 - create_rate_cards - INFO - [RESPONSE PAYLOAD]
{
  "ids": [
    "98850a2f-30a3-4f17-9879-75bca9d21767"
  ]
}
2026-02-03 09:16:02 - create_rate_cards - INFO - ✓ [195] Created rate card: st_testing546453_196
2026-02-03 09:16:02 - create_rate_cards - INFO - [API REQUEST] POST https://ncm.services.nconprem-10-53-60-173.ccpnx.com/v1/cg/config/rate-cards
2026-02-03 09:16:02 - create_rate_cards - INFO - [REQUEST JSON PAYLOAD]
{
  "rateCards": [
    {
      "rateCardName": "st_testing546453_197",
      "meteringRates": {
        "vm": {
          "vCpu": {
            "unit": "HOUR",
            "rate": 23
          },
          "vRam": {
            "unit": "HOUR",
            "rate": 89
          },
          "vStorage": {
            "unit": "GIB",
            "rate": 19
          },
          "customConfigs": [
            {
              "description": "st_testing546453_0",
              "value": {
                "unit": "DAY",
                "rate": 62
              }
            },
            {
              "description": "st_testing546453_1",
              "value": {
                "unit": "DAY",
                "rate": 43
              }
            },
            {
              "description": "st_testing546453_2",
              "value": {
                "unit": "DAY",
                "rate": 71
              }
            },
            {
              "description": "st_testing546453_3",
              "value": {
                "unit": "DAY",
                "rate": 75
              }
            },
            {
              "description": "st_testing546453_4",
              "value": {
                "unit": "DAY",
                "rate": 44
              }
            }
          ]
        }
      },
      "resources": []
    }
  ]
}
2026-02-03 09:16:02 - create_rate_cards - INFO - [API RESPONSE] POST https://ncm.services.nconprem-10-53-60-173.ccpnx.com/v1/cg/config/rate-cards
2026-02-03 09:16:02 - create_rate_cards - INFO - [STATUS CODE] 200
2026-02-03 09:16:02 - create_rate_cards - INFO - [TIME TAKEN] 0.4434 seconds (443.44 ms)
2026-02-03 09:16:02 - create_rate_cards - INFO - [RESPONSE CONTENT-TYPE] application/json
2026-02-03 09:16:02 - create_rate_cards - INFO - [RESPONSE PAYLOAD]
{
  "ids": [
    "64d55fec-0645-4e56-815e-329696ea96a1"
  ]
}
2026-02-03 09:16:02 - create_rate_cards - INFO - ✓ [196] Created rate card: st_testing546453_197
2026-02-03 09:16:02 - create_rate_cards - INFO - [API REQUEST] POST https://ncm.services.nconprem-10-53-60-173.ccpnx.com/v1/cg/config/rate-cards
2026-02-03 09:16:02 - create_rate_cards - INFO - [REQUEST JSON PAYLOAD]
{
  "rateCards": [
    {
      "rateCardName": "st_testing546453_198",
      "meteringRates": {
        "vm": {
          "vCpu": {
            "unit": "HOUR",
            "rate": 77
          },
          "vRam": {
            "unit": "HOUR",
            "rate": 38
          },
          "vStorage": {
            "unit": "GIB",
            "rate": 76
          },
          "customConfigs": [
            {
              "description": "st_testing546453_0",
              "value": {
                "unit": "DAY",
                "rate": 97
              }
            },
            {
              "description": "st_testing546453_1",
              "value": {
                "unit": "DAY",
                "rate": 63
              }
            },
            {
              "description": "st_testing546453_2",
              "value": {
                "unit": "DAY",
                "rate": 90
              }
            },
            {
              "description": "st_testing546453_3",
              "value": {
                "unit": "DAY",
                "rate": 14
              }
            },
            {
              "description": "st_testing546453_4",
              "value": {
                "unit": "DAY",
                "rate": 58
              }
            }
          ]
        }
      },
      "resources": []
    }
  ]
}
2026-02-03 09:16:03 - create_rate_cards - INFO - [API RESPONSE] POST https://ncm.services.nconprem-10-53-60-173.ccpnx.com/v1/cg/config/rate-cards
2026-02-03 09:16:03 - create_rate_cards - INFO - [STATUS CODE] 200
2026-02-03 09:16:03 - create_rate_cards - INFO - [TIME TAKEN] 0.5322 seconds (532.23 ms)
2026-02-03 09:16:03 - create_rate_cards - INFO - [RESPONSE CONTENT-TYPE] application/json
2026-02-03 09:16:03 - create_rate_cards - INFO - [RESPONSE PAYLOAD]
{
  "ids": [
    "c65cbf97-4102-4ef3-a682-69fcbb9769dc"
  ]
}
2026-02-03 09:16:03 - create_rate_cards - INFO - ✓ [197] Created rate card: st_testing546453_198
2026-02-03 09:16:03 - create_rate_cards - INFO - [API REQUEST] POST https://ncm.services.nconprem-10-53-60-173.ccpnx.com/v1/cg/config/rate-cards
2026-02-03 09:16:03 - create_rate_cards - INFO - [REQUEST JSON PAYLOAD]
{
  "rateCards": [
    {
      "rateCardName": "st_testing546453_199",
      "meteringRates": {
        "vm": {
          "vCpu": {
            "unit": "HOUR",
            "rate": 47
          },
          "vRam": {
            "unit": "HOUR",
            "rate": 23
          },
          "vStorage": {
            "unit": "GIB",
            "rate": 17
          },
          "customConfigs": [
            {
              "description": "st_testing546453_0",
              "value": {
                "unit": "DAY",
                "rate": 19
              }
            },
            {
              "description": "st_testing546453_1",
              "value": {
                "unit": "DAY",
                "rate": 37
              }
            },
            {
              "description": "st_testing546453_2",
              "value": {
                "unit": "DAY",
                "rate": 2
              }
            },
            {
              "description": "st_testing546453_3",
              "value": {
                "unit": "DAY",
                "rate": 49
              }
            },
            {
              "description": "st_testing546453_4",
              "value": {
                "unit": "DAY",
                "rate": 77
              }
            }
          ]
        }
      },
      "resources": []
    }
  ]
}
2026-02-03 09:16:03 - create_rate_cards - INFO - [API RESPONSE] POST https://ncm.services.nconprem-10-53-60-173.ccpnx.com/v1/cg/config/rate-cards
2026-02-03 09:16:03 - create_rate_cards - INFO - [STATUS CODE] 200
2026-02-03 09:16:03 - create_rate_cards - INFO - [TIME TAKEN] 0.3628 seconds (362.82 ms)
2026-02-03 09:16:03 - create_rate_cards - INFO - [RESPONSE CONTENT-TYPE] application/json
2026-02-03 09:16:03 - create_rate_cards - INFO - [RESPONSE PAYLOAD]
{
  "ids": [
    "bd5cf0f3-2b90-402f-a07b-c65d5b31fec5"
  ]
}
2026-02-03 09:16:03 - create_rate_cards - INFO - ✓ [198] Created rate card: st_testing546453_199
2026-02-03 09:16:03 - create_rate_cards - INFO - [API REQUEST] POST https://ncm.services.nconprem-10-53-60-173.ccpnx.com/v1/cg/config/rate-cards
2026-02-03 09:16:03 - create_rate_cards - INFO - [REQUEST JSON PAYLOAD]
{
  "rateCards": [
    {
      "rateCardName": "st_testing546453_200",
      "meteringRates": {
        "vm": {
          "vCpu": {
            "unit": "HOUR",
            "rate": 52
          },
          "vRam": {
            "unit": "HOUR",
            "rate": 34
          },
          "vStorage": {
            "unit": "GIB",
            "rate": 71
          },
          "customConfigs": [
            {
              "description": "st_testing546453_0",
              "value": {
                "unit": "DAY",
                "rate": 67
              }
            },
            {
              "description": "st_testing546453_1",
              "value": {
                "unit": "DAY",
                "rate": 76
              }
            },
            {
              "description": "st_testing546453_2",
              "value": {
                "unit": "DAY",
                "rate": 32
              }
            },
            {
              "description": "st_testing546453_3",
              "value": {
                "unit": "DAY",
                "rate": 20
              }
            },
            {
              "description": "st_testing546453_4",
              "value": {
                "unit": "DAY",
                "rate": 60
              }
            }
          ]
        }
      },
      "resources": []
    }
  ]
}
2026-02-03 09:16:04 - create_rate_cards - INFO - [API RESPONSE] POST https://ncm.services.nconprem-10-53-60-173.ccpnx.com/v1/cg/config/rate-cards
2026-02-03 09:16:04 - create_rate_cards - INFO - [STATUS CODE] 200
2026-02-03 09:16:04 - create_rate_cards - INFO - [TIME TAKEN] 0.6351 seconds (635.10 ms)
2026-02-03 09:16:04 - create_rate_cards - INFO - [RESPONSE CONTENT-TYPE] application/json
2026-02-03 09:16:04 - create_rate_cards - INFO - [RESPONSE PAYLOAD]
{
  "ids": [
    "db472bcc-f20f-4b38-bbd8-937e0c2d21c5"
  ]
}
2026-02-03 09:16:04 - create_rate_cards - INFO - ✓ [199] Created rate card: st_testing546453_200
2026-02-03 09:16:04 - create_rate_cards - INFO - [API REQUEST] POST https://ncm.services.nconprem-10-53-60-173.ccpnx.com/v1/cg/config/rate-cards
2026-02-03 09:16:04 - create_rate_cards - INFO - [REQUEST JSON PAYLOAD]
{
  "rateCards": [
    {
      "rateCardName": "st_testing546453_201",
      "meteringRates": {
        "vm": {
          "vCpu": {
            "unit": "HOUR",
            "rate": 2
          },
          "vRam": {
            "unit": "HOUR",
            "rate": 54
          },
          "vStorage": {
            "unit": "GIB",
            "rate": 55
          },
          "customConfigs": [
            {
              "description": "st_testing546453_0",
              "value": {
                "unit": "DAY",
                "rate": 31
              }
            },
            {
              "description": "st_testing546453_1",
              "value": {
                "unit": "DAY",
                "rate": 66
              }
            },
            {
              "description": "st_testing546453_2",
              "value": {
                "unit": "DAY",
                "rate": 73
              }
            },
            {
              "description": "st_testing546453_3",
              "value": {
                "unit": "DAY",
                "rate": 68
              }
            },
            {
              "description": "st_testing546453_4",
              "value": {
                "unit": "DAY",
                "rate": 60
              }
            }
          ]
        }
      },
      "resources": []
    }
  ]
}
2026-02-03 09:16:04 - create_rate_cards - INFO - [API RESPONSE] POST https://ncm.services.nconprem-10-53-60-173.ccpnx.com/v1/cg/config/rate-cards
2026-02-03 09:16:04 - create_rate_cards - INFO - [STATUS CODE] 200
2026-02-03 09:16:04 - create_rate_cards - INFO - [TIME TAKEN] 0.5426 seconds (542.55 ms)
2026-02-03 09:16:04 - create_rate_cards - INFO - [RESPONSE CONTENT-TYPE] application/json
2026-02-03 09:16:04 - create_rate_cards - INFO - [RESPONSE PAYLOAD]
{
  "ids": [
    "8f98e719-4532-44fb-b2d9-92ec6b21c25a"
  ]
}
2026-02-03 09:16:04 - create_rate_cards - INFO - ✓ [200] Created rate card: st_testing546453_201
2026-02-03 09:16:04 - create_rate_cards - INFO - [API REQUEST] POST https://ncm.services.nconprem-10-53-60-173.ccpnx.com/v1/cg/config/rate-cards
2026-02-03 09:16:04 - create_rate_cards - INFO - [REQUEST JSON PAYLOAD]
{
  "rateCards": [
    {
      "rateCardName": "st_testing546453_202",
      "meteringRates": {
        "vm": {
          "vCpu": {
            "unit": "HOUR",
            "rate": 5
          },
          "vRam": {
            "unit": "HOUR",
            "rate": 29
          },
          "vStorage": {
            "unit": "GIB",
            "rate": 10
          },
          "customConfigs": [
            {
              "description": "st_testing546453_0",
              "value": {
                "unit": "DAY",
                "rate": 14
              }
            },
            {
              "description": "st_testing546453_1",
              "value": {
                "unit": "DAY",
                "rate": 42
              }
            },
            {
              "description": "st_testing546453_2",
              "value": {
                "unit": "DAY",
                "rate": 88
              }
            },
            {
              "description": "st_testing546453_3",
              "value": {
                "unit": "DAY",
                "rate": 95
              }
            },
            {
              "description": "st_testing546453_4",
              "value": {
                "unit": "DAY",
                "rate": 89
              }
            }
          ]
        }
      },
      "resources": []
    }
  ]
}
2026-02-03 09:16:05 - create_rate_cards - INFO - [API RESPONSE] POST https://ncm.services.nconprem-10-53-60-173.ccpnx.com/v1/cg/config/rate-cards
2026-02-03 09:16:05 - create_rate_cards - INFO - [STATUS CODE] 200
2026-02-03 09:16:05 - create_rate_cards - INFO - [TIME TAKEN] 0.4631 seconds (463.08 ms)
2026-02-03 09:16:05 - create_rate_cards - INFO - [RESPONSE CONTENT-TYPE] application/json
2026-02-03 09:16:05 - create_rate_cards - INFO - [RESPONSE PAYLOAD]
{
  "ids": [
    "e6e7dfc6-e168-4e0f-99eb-2a593d942d26"
  ]
}
2026-02-03 09:16:05 - create_rate_cards - INFO - ✓ [201] Created rate card: st_testing546453_202
2026-02-03 09:16:05 - create_rate_cards - INFO - [API REQUEST] POST https://ncm.services.nconprem-10-53-60-173.ccpnx.com/v1/cg/config/rate-cards
2026-02-03 09:16:05 - create_rate_cards - INFO - [REQUEST JSON PAYLOAD]
{
  "rateCards": [
    {
      "rateCardName": "st_testing546453_203",
      "meteringRates": {
        "vm": {
          "vCpu": {
            "unit": "HOUR",
            "rate": 67
          },
          "vRam": {
            "unit": "HOUR",
            "rate": 65
          },
          "vStorage": {
            "unit": "GIB",
            "rate": 8
          },
          "customConfigs": [
            {
              "description": "st_testing546453_0",
              "value": {
                "unit": "DAY",
                "rate": 46
              }
            },
            {
              "description": "st_testing546453_1",
              "value": {
                "unit": "DAY",
                "rate": 74
              }
            },
            {
              "description": "st_testing546453_2",
              "value": {
                "unit": "DAY",
                "rate": 55
              }
            },
            {
              "description": "st_testing546453_3",
              "value": {
                "unit": "DAY",
                "rate": 3
              }
            },
            {
              "description": "st_testing546453_4",
              "value": {
                "unit": "DAY",
                "rate": 28
              }
            }
          ]
        }
      },
      "resources": []
    }
  ]
}
2026-02-03 09:16:05 - create_rate_cards - INFO - [API RESPONSE] POST https://ncm.services.nconprem-10-53-60-173.ccpnx.com/v1/cg/config/rate-cards
2026-02-03 09:16:05 - create_rate_cards - INFO - [STATUS CODE] 200
2026-02-03 09:16:05 - create_rate_cards - INFO - [TIME TAKEN] 0.3854 seconds (385.37 ms)
2026-02-03 09:16:05 - create_rate_cards - INFO - [RESPONSE CONTENT-TYPE] application/json
2026-02-03 09:16:05 - create_rate_cards - INFO - [RESPONSE PAYLOAD]
{
  "ids": [
    "04e90742-cf08-4852-b889-52895fa0cac2"
  ]
}
2026-02-03 09:16:05 - create_rate_cards - INFO - ✓ [202] Created rate card: st_testing546453_203
2026-02-03 09:16:05 - create_rate_cards - INFO - [API REQUEST] POST https://ncm.services.nconprem-10-53-60-173.ccpnx.com/v1/cg/config/rate-cards
2026-02-03 09:16:05 - create_rate_cards - INFO - [REQUEST JSON PAYLOAD]
{
  "rateCards": [
    {
      "rateCardName": "st_testing546453_204",
      "meteringRates": {
        "vm": {
          "vCpu": {
            "unit": "HOUR",
            "rate": 99
          },
          "vRam": {
            "unit": "HOUR",
            "rate": 95
          },
          "vStorage": {
            "unit": "GIB",
            "rate": 14
          },
          "customConfigs": [
            {
              "description": "st_testing546453_0",
              "value": {
                "unit": "DAY",
                "rate": 77
              }
            },
            {
              "description": "st_testing546453_1",
              "value": {
                "unit": "DAY",
                "rate": 88
              }
            },
            {
              "description": "st_testing546453_2",
              "value": {
                "unit": "DAY",
                "rate": 87
              }
            },
            {
              "description": "st_testing546453_3",
              "value": {
                "unit": "DAY",
                "rate": 93
              }
            },
            {
              "description": "st_testing546453_4",
              "value": {
                "unit": "DAY",
                "rate": 21
              }
            }
          ]
        }
      },
      "resources": []
    }
  ]
}
2026-02-03 09:16:05 - create_rate_cards - INFO - [API RESPONSE] POST https://ncm.services.nconprem-10-53-60-173.ccpnx.com/v1/cg/config/rate-cards
2026-02-03 09:16:05 - create_rate_cards - INFO - [STATUS CODE] 200
2026-02-03 09:16:05 - create_rate_cards - INFO - [TIME TAKEN] 0.3510 seconds (351.00 ms)
2026-02-03 09:16:05 - create_rate_cards - INFO - [RESPONSE CONTENT-TYPE] application/json
2026-02-03 09:16:05 - create_rate_cards - INFO - [RESPONSE PAYLOAD]
{
  "ids": [
    "34afd5c0-50c4-4458-bfc6-bc1fb50d8749"
  ]
}
2026-02-03 09:16:05 - create_rate_cards - INFO - ✓ [203] Created rate card: st_testing546453_204
2026-02-03 09:16:05 - create_rate_cards - INFO - [API REQUEST] POST https://ncm.services.nconprem-10-53-60-173.ccpnx.com/v1/cg/config/rate-cards
2026-02-03 09:16:05 - create_rate_cards - INFO - [REQUEST JSON PAYLOAD]
{
  "rateCards": [
    {
      "rateCardName": "st_testing546453_205",
      "meteringRates": {
        "vm": {
          "vCpu": {
            "unit": "HOUR",
            "rate": 40
          },
          "vRam": {
            "unit": "HOUR",
            "rate": 85
          },
          "vStorage": {
            "unit": "GIB",
            "rate": 26
          },
          "customConfigs": [
            {
              "description": "st_testing546453_0",
              "value": {
                "unit": "DAY",
                "rate": 50
              }
            },
            {
              "description": "st_testing546453_1",
              "value": {
                "unit": "DAY",
                "rate": 6
              }
            },
            {
              "description": "st_testing546453_2",
              "value": {
                "unit": "DAY",
                "rate": 68
              }
            },
            {
              "description": "st_testing546453_3",
              "value": {
                "unit": "DAY",
                "rate": 79
              }
            },
            {
              "description": "st_testing546453_4",
              "value": {
                "unit": "DAY",
                "rate": 37
              }
            }
          ]
        }
      },
      "resources": []
    }
  ]
}
2026-02-03 09:16:06 - create_rate_cards - INFO - [API RESPONSE] POST https://ncm.services.nconprem-10-53-60-173.ccpnx.com/v1/cg/config/rate-cards
2026-02-03 09:16:06 - create_rate_cards - INFO - [STATUS CODE] 200
2026-02-03 09:16:06 - create_rate_cards - INFO - [TIME TAKEN] 0.4532 seconds (453.25 ms)
2026-02-03 09:16:06 - create_rate_cards - INFO - [RESPONSE CONTENT-TYPE] application/json
2026-02-03 09:16:06 - create_rate_cards - INFO - [RESPONSE PAYLOAD]
{
  "ids": [
    "b31fdcae-b749-4db4-948b-e98ed6fd13c3"
  ]
}
2026-02-03 09:16:06 - create_rate_cards - INFO - ✓ [204] Created rate card: st_testing546453_205
2026-02-03 09:16:06 - create_rate_cards - INFO - [API REQUEST] POST https://ncm.services.nconprem-10-53-60-173.ccpnx.com/v1/cg/config/rate-cards
2026-02-03 09:16:06 - create_rate_cards - INFO - [REQUEST JSON PAYLOAD]
{
  "rateCards": [
    {
      "rateCardName": "st_testing546453_206",
      "meteringRates": {
        "vm": {
          "vCpu": {
            "unit": "HOUR",
            "rate": 80
          },
          "vRam": {
            "unit": "HOUR",
            "rate": 57
          },
          "vStorage": {
            "unit": "GIB",
            "rate": 36
          },
          "customConfigs": [
            {
              "description": "st_testing546453_0",
              "value": {
                "unit": "DAY",
                "rate": 40
              }
            },
            {
              "description": "st_testing546453_1",
              "value": {
                "unit": "DAY",
                "rate": 100
              }
            },
            {
              "description": "st_testing546453_2",
              "value": {
                "unit": "DAY",
                "rate": 57
              }
            },
            {
              "description": "st_testing546453_3",
              "value": {
                "unit": "DAY",
                "rate": 71
              }
            },
            {
              "description": "st_testing546453_4",
              "value": {
                "unit": "DAY",
                "rate": 74
              }
            }
          ]
        }
      },
      "resources": []
    }
  ]
}
2026-02-03 09:16:06 - create_rate_cards - INFO - [API RESPONSE] POST https://ncm.services.nconprem-10-53-60-173.ccpnx.com/v1/cg/config/rate-cards
2026-02-03 09:16:06 - create_rate_cards - INFO - [STATUS CODE] 200
2026-02-03 09:16:06 - create_rate_cards - INFO - [TIME TAKEN] 0.3961 seconds (396.06 ms)
2026-02-03 09:16:06 - create_rate_cards - INFO - [RESPONSE CONTENT-TYPE] application/json
2026-02-03 09:16:06 - create_rate_cards - INFO - [RESPONSE PAYLOAD]
{
  "ids": [
    "4eb7c50d-ab3d-4a06-a351-819978e1d9e8"
  ]
}
2026-02-03 09:16:06 - create_rate_cards - INFO - ✓ [205] Created rate card: st_testing546453_206
2026-02-03 09:16:06 - create_rate_cards - INFO - [API REQUEST] POST https://ncm.services.nconprem-10-53-60-173.ccpnx.com/v1/cg/config/rate-cards
2026-02-03 09:16:06 - create_rate_cards - INFO - [REQUEST JSON PAYLOAD]
{
  "rateCards": [
    {
      "rateCardName": "st_testing546453_207",
      "meteringRates": {
        "vm": {
          "vCpu": {
            "unit": "HOUR",
            "rate": 4
          },
          "vRam": {
            "unit": "HOUR",
            "rate": 11
          },
          "vStorage": {
            "unit": "GIB",
            "rate": 2
          },
          "customConfigs": [
            {
              "description": "st_testing546453_0",
              "value": {
                "unit": "DAY",
                "rate": 45
              }
            },
            {
              "description": "st_testing546453_1",
              "value": {
                "unit": "DAY",
                "rate": 70
              }
            },
            {
              "description": "st_testing546453_2",
              "value": {
                "unit": "DAY",
                "rate": 79
              }
            },
            {
              "description": "st_testing546453_3",
              "value": {
                "unit": "DAY",
                "rate": 34
              }
            },
            {
              "description": "st_testing546453_4",
              "value": {
                "unit": "DAY",
                "rate": 51
              }
            }
          ]
        }
      },
      "resources": []
    }
  ]
}
2026-02-03 09:16:07 - create_rate_cards - INFO - [API RESPONSE] POST https://ncm.services.nconprem-10-53-60-173.ccpnx.com/v1/cg/config/rate-cards
2026-02-03 09:16:07 - create_rate_cards - INFO - [STATUS CODE] 429
2026-02-03 09:16:07 - create_rate_cards - INFO - [TIME TAKEN] 0.8692 seconds (869.21 ms)
2026-02-03 09:16:07 - create_rate_cards - INFO - [RESPONSE CONTENT-TYPE] application/json
2026-02-03 09:16:07 - create_rate_cards - INFO - [RESPONSE PAYLOAD]
{
  "errorCode": "IM2071",
  "errorMessage": "Request Limit Breached",
  "errorDetails": "",
  "errors": {}
}
2026-02-03 09:16:07 - create_rate_cards - WARNING - Rate limit breached, deleting rate cards...
2026-02-03 09:16:07 - create_rate_cards - INFO - [API REQUEST] POST https://ncm.services.nconprem-10-53-60-173.ccpnx.com/v1/cg/config/rate-cards/actions/get-rate-cards?limit=100&offset=0
2026-02-03 09:16:07 - create_rate_cards - INFO - [REQUEST JSON PAYLOAD]
{
  "filters": []
}
2026-02-03 09:16:08 - create_rate_cards - INFO - [API RESPONSE] POST https://ncm.services.nconprem-10-53-60-173.ccpnx.com/v1/cg/config/rate-cards/actions/get-rate-cards?limit=100&offset=0
2026-02-03 09:16:08 - create_rate_cards - INFO - [STATUS CODE] 200
2026-02-03 09:16:08 - create_rate_cards - INFO - [TIME TAKEN] 0.5120 seconds (511.99 ms)
2026-02-03 09:16:08 - create_rate_cards - INFO - [RESPONSE CONTENT-TYPE] application/json
2026-02-03 09:16:08 - create_rate_cards - INFO - [RESPONSE PAYLOAD]
{
  "totalCount": 100,
  "data": [
    {
      "rateCardId": "5d5f8cf3-351a-4941-98a3-13bedda890e5",
      "rateCardName": "st_testing546453_107",
      "lastModifiedBy": {
        "name": "admin",
        "email": ""
      },
      "lastModifiedAt": 1770110104,
      "createdBy": {
        "name": "admin",
        "email": ""
      },
      "createdAt": 1770110104,
      "meteringRates": {
        "vm": {
          "vRam": {
            "rate": 50,
            "unit": "HOUR"
          },
          "vStorage": {
            "rate": 16,
            "unit": "GIB"
          },
          "vCpu": {
            "rate": 65,
            "unit": "HOUR"
          },
          "customConfigs": [
            {
              "description": "st_testing546453_0",
              "value": {
                "rate": 30,
                "unit": "DAY"
              }
            },
            {
              "description": "st_testing546453_1",
              "value": {
                "rate": 6,
                "unit": "DAY"
              }
            },
            {
              "description": "st_testing546453_2",
              "value": {
                "rate": 94,
                "unit": "DAY"
              }
            },
            {
              "description": "st_testing546453_3",
              "value": {
                "rate": 57,
                "unit": "DAY"
              }
            },
            {
              "description": "st_testing546453_4",
              "value": {
                "rate": 93,
                "unit": "DAY"
              }
            }
          ]
        },
        "vmSnapshot": {
          "vStorage": {
            "rate": 0,
            "unit": "GIB"
          }
        },
        "objects": {
          "vStorage": {
            "rate": 0,
            "unit": "GIB"
          }
        },
        "files": {
          "vStorage": {
            "rate": 0,
            "unit": "GIB"
          }
        }
      },
      "resources": [],
      "
... (truncated)
2026-02-03 09:16:08 - create_rate_cards - INFO - Deleting rate card: st_testing546453_107
2026-02-03 09:16:08 - create_rate_cards - INFO - [API REQUEST] DELETE https://ncm.services.nconprem-10-53-60-173.ccpnx.com/v1/cg/config/rate-cards?rateCardIds=5d5f8cf3-351a-4941-98a3-13bedda890e5
2026-02-03 09:16:08 - create_rate_cards - INFO - [API RESPONSE] DELETE https://ncm.services.nconprem-10-53-60-173.ccpnx.com/v1/cg/config/rate-cards?rateCardIds=5d5f8cf3-351a-4941-98a3-13bedda890e5
2026-02-03 09:16:08 - create_rate_cards - INFO - [STATUS CODE] 200
2026-02-03 09:16:08 - create_rate_cards - INFO - [TIME TAKEN] 0.2799 seconds (279.90 ms)
2026-02-03 09:16:08 - create_rate_cards - INFO - [RESPONSE CONTENT-TYPE] application/json
2026-02-03 09:16:08 - create_rate_cards - INFO - [RESPONSE PAYLOAD]
{
  "message": "Delete Success"
}
2026-02-03 09:16:08 - create_rate_cards - INFO - ✓ Deleted rate card: st_testing546453_107
2026-02-03 09:16:08 - create_rate_cards - INFO - Deleting rate card: st_testing546453_108
2026-02-03 09:16:08 - create_rate_cards - INFO - [API REQUEST] DELETE https://ncm.services.nconprem-10-53-60-173.ccpnx.com/v1/cg/config/rate-cards?rateCardIds=53d88a20-5cb0-44e7-a6bc-d763ba7fa3fd
2026-02-03 09:16:08 - create_rate_cards - INFO - [API RESPONSE] DELETE https://ncm.services.nconprem-10-53-60-173.ccpnx.com/v1/cg/config/rate-cards?rateCardIds=53d88a20-5cb0-44e7-a6bc-d763ba7fa3fd
2026-02-03 09:16:08 - create_rate_cards - INFO - [STATUS CODE] 200
2026-02-03 09:16:08 - create_rate_cards - INFO - [TIME TAKEN] 0.2618 seconds (261.80 ms)
2026-02-03 09:16:08 - create_rate_cards - INFO - [RESPONSE CONTENT-TYPE] application/json
2026-02-03 09:16:08 - create_rate_cards - INFO - [RESPONSE PAYLOAD]
{
  "message": "Delete Success"
}
2026-02-03 09:16:08 - create_rate_cards - INFO - ✓ Deleted rate card: st_testing546453_108
2026-02-03 09:16:08 - create_rate_cards - INFO - Deleting rate card: st_testing546453_109
2026-02-03 09:16:08 - create_rate_cards - INFO - [API REQUEST] DELETE https://ncm.services.nconprem-10-53-60-173.ccpnx.com/v1/cg/config/rate-cards?rateCardIds=62a20544-17d9-4f7e-a0a2-29d210d24913
2026-02-03 09:16:08 - create_rate_cards - INFO - [API RESPONSE] DELETE https://ncm.services.nconprem-10-53-60-173.ccpnx.com/v1/cg/config/rate-cards?rateCardIds=62a20544-17d9-4f7e-a0a2-29d210d24913
2026-02-03 09:16:08 - create_rate_cards - INFO - [STATUS CODE] 200
2026-02-03 09:16:08 - create_rate_cards - INFO - [TIME TAKEN] 0.2561 seconds (256.11 ms)
2026-02-03 09:16:08 - create_rate_cards - INFO - [RESPONSE CONTENT-TYPE] application/json
2026-02-03 09:16:08 - create_rate_cards - INFO - [RESPONSE PAYLOAD]
{
  "message": "Delete Success"
}
2026-02-03 09:16:08 - create_rate_cards - INFO - ✓ Deleted rate card: st_testing546453_109
2026-02-03 09:16:08 - create_rate_cards - INFO - Deleting rate card: st_testing546453_110
2026-02-03 09:16:08 - create_rate_cards - INFO - [API REQUEST] DELETE https://ncm.services.nconprem-10-53-60-173.ccpnx.com/v1/cg/config/rate-cards?rateCardIds=9b8a0d86-62b6-4eda-b324-8876f55b6069
2026-02-03 09:16:09 - create_rate_cards - INFO - [API RESPONSE] DELETE https://ncm.services.nconprem-10-53-60-173.ccpnx.com/v1/cg/config/rate-cards?rateCardIds=9b8a0d86-62b6-4eda-b324-8876f55b6069
2026-02-03 09:16:09 - create_rate_cards - INFO - [STATUS CODE] 200
2026-02-03 09:16:09 - create_rate_cards - INFO - [TIME TAKEN] 0.2685 seconds (268.52 ms)
2026-02-03 09:16:09 - create_rate_cards - INFO - [RESPONSE CONTENT-TYPE] application/json
2026-02-03 09:16:09 - create_rate_cards - INFO - [RESPONSE PAYLOAD]
{
  "message": "Delete Success"
}
2026-02-03 09:16:09 - create_rate_cards - INFO - ✓ Deleted rate card: st_testing546453_110
2026-02-03 09:16:09 - create_rate_cards - INFO - Deleting rate card: st_testing546453_111
2026-02-03 09:16:09 - create_rate_cards - INFO - [API REQUEST] DELETE https://ncm.services.nconprem-10-53-60-173.ccpnx.com/v1/cg/config/rate-cards?rateCardIds=ca302fbf-4590-4ce5-9ce2-9e5aea5c5e78
2026-02-03 09:16:09 - create_rate_cards - INFO - [API RESPONSE] DELETE https://ncm.services.nconprem-10-53-60-173.ccpnx.com/v1/cg/config/rate-cards?rateCardIds=ca302fbf-4590-4ce5-9ce2-9e5aea5c5e78
2026-02-03 09:16:09 - create_rate_cards - INFO - [STATUS CODE] 200
2026-02-03 09:16:09 - create_rate_cards - INFO - [TIME TAKEN] 0.4929 seconds (492.91 ms)
2026-02-03 09:16:09 - create_rate_cards - INFO - [RESPONSE CONTENT-TYPE] application/json
2026-02-03 09:16:09 - create_rate_cards - INFO - [RESPONSE PAYLOAD]
{
  "message": "Delete Success"
}
2026-02-03 09:16:09 - create_rate_cards - INFO - ✓ Deleted rate card: st_testing546453_111
2026-02-03 09:16:09 - create_rate_cards - INFO - Deleting rate card: st_testing546453_112
2026-02-03 09:16:09 - create_rate_cards - INFO - [API REQUEST] DELETE https://ncm.services.nconprem-10-53-60-173.ccpnx.com/v1/cg/config/rate-cards?rateCardIds=0e92f403-d895-4806-9ee5-99780e3a3e92
2026-02-03 09:16:09 - create_rate_cards - INFO - [API RESPONSE] DELETE https://ncm.services.nconprem-10-53-60-173.ccpnx.com/v1/cg/config/rate-cards?rateCardIds=0e92f403-d895-4806-9ee5-99780e3a3e92
2026-02-03 09:16:09 - create_rate_cards - INFO - [STATUS CODE] 200
2026-02-03 09:16:09 - create_rate_cards - INFO - [TIME TAKEN] 0.2328 seconds (232.80 ms)
2026-02-03 09:16:09 - create_rate_cards - INFO - [RESPONSE CONTENT-TYPE] application/json
2026-02-03 09:16:09 - create_rate_cards - INFO - [RESPONSE PAYLOAD]
{
  "message": "Delete Success"
}
2026-02-03 09:16:09 - create_rate_cards - INFO - ✓ Deleted rate card: st_testing546453_112
2026-02-03 09:16:09 - create_rate_cards - INFO - Deleting rate card: st_testing546453_113
2026-02-03 09:16:09 - create_rate_cards - INFO - [API REQUEST] DELETE https://ncm.services.nconprem-10-53-60-173.ccpnx.com/v1/cg/config/rate-cards?rateCardIds=d5a8d383-1e2a-46fe-83e4-250a6f04801c
2026-02-03 09:16:10 - create_rate_cards - INFO - [API RESPONSE] DELETE https://ncm.services.nconprem-10-53-60-173.ccpnx.com/v1/cg/config/rate-cards?rateCardIds=d5a8d383-1e2a-46fe-83e4-250a6f04801c
2026-02-03 09:16:10 - create_rate_cards - INFO - [STATUS CODE] 200
2026-02-03 09:16:10 - create_rate_cards - INFO - [TIME TAKEN] 0.2472 seconds (247.24 ms)
2026-02-03 09:16:10 - create_rate_cards - INFO - [RESPONSE CONTENT-TYPE] application/json
2026-02-03 09:16:10 - create_rate_cards - INFO - [RESPONSE PAYLOAD]
{
  "message": "Delete Success"
}
2026-02-03 09:16:10 - create_rate_cards - INFO - ✓ Deleted rate card: st_testing546453_113
2026-02-03 09:16:10 - create_rate_cards - INFO - Deleting rate card: st_testing546453_114
2026-02-03 09:16:10 - create_rate_cards - INFO - [API REQUEST] DELETE https://ncm.services.nconprem-10-53-60-173.ccpnx.com/v1/cg/config/rate-cards?rateCardIds=39055aab-ba08-46f3-a9c2-0abc5492b200
2026-02-03 09:16:10 - create_rate_cards - INFO - [API RESPONSE] DELETE https://ncm.services.nconprem-10-53-60-173.ccpnx.com/v1/cg/config/rate-cards?rateCardIds=39055aab-ba08-46f3-a9c2-0abc5492b200
2026-02-03 09:16:10 - create_rate_cards - INFO - [STATUS CODE] 200
2026-02-03 09:16:10 - create_rate_cards - INFO - [TIME TAKEN] 0.2678 seconds (267.78 ms)
2026-02-03 09:16:10 - create_rate_cards - INFO - [RESPONSE CONTENT-TYPE] application/json
2026-02-03 09:16:10 - create_rate_cards - INFO - [RESPONSE PAYLOAD]
{
  "message": "Delete Success"
}
2026-02-03 09:16:10 - create_rate_cards - INFO - ✓ Deleted rate card: st_testing546453_114
2026-02-03 09:16:10 - create_rate_cards - INFO - Deleting rate card: st_testing546453_115
2026-02-03 09:16:10 - create_rate_cards - INFO - [API REQUEST] DELETE https://ncm.services.nconprem-10-53-60-173.ccpnx.com/v1/cg/config/rate-cards?rateCardIds=e5ea3c03-0b82-434b-949f-76f7f0e96a9c
2026-02-03 09:16:10 - create_rate_cards - INFO - [API RESPONSE] DELETE https://ncm.services.nconprem-10-53-60-173.ccpnx.com/v1/cg/config/rate-cards?rateCardIds=e5ea3c03-0b82-434b-949f-76f7f0e96a9c
2026-02-03 09:16:10 - create_rate_cards - INFO - [STATUS CODE] 200
2026-02-03 09:16:10 - create_rate_cards - INFO - [TIME TAKEN] 0.3822 seconds (382.22 ms)
2026-02-03 09:16:10 - create_rate_cards - INFO - [RESPONSE CONTENT-TYPE] application/json
2026-02-03 09:16:10 - create_rate_cards - INFO - [RESPONSE PAYLOAD]
{
  "message": "Delete Success"
}
2026-02-03 09:16:10 - create_rate_cards - INFO - ✓ Deleted rate card: st_testing546453_115
2026-02-03 09:16:10 - create_rate_cards - INFO - Deleting rate card: st_testing546453_116
2026-02-03 09:16:10 - create_rate_cards - INFO - [API REQUEST] DELETE https://ncm.services.nconprem-10-53-60-173.ccpnx.com/v1/cg/config/rate-cards?rateCardIds=05d47eca-17c8-407f-bb22-70178357a375
2026-02-03 09:16:11 - create_rate_cards - INFO - [API RESPONSE] DELETE https://ncm.services.nconprem-10-53-60-173.ccpnx.com/v1/cg/config/rate-cards?rateCardIds=05d47eca-17c8-407f-bb22-70178357a375
2026-02-03 09:16:11 - create_rate_cards - INFO - [STATUS CODE] 200
2026-02-03 09:16:11 - create_rate_cards - INFO - [TIME TAKEN] 0.3603 seconds (360.33 ms)
2026-02-03 09:16:11 - create_rate_cards - INFO - [RESPONSE CONTENT-TYPE] application/json
2026-02-03 09:16:11 - create_rate_cards - INFO - [RESPONSE PAYLOAD]
{
  "message": "Delete Success"
}
2026-02-03 09:16:11 - create_rate_cards - INFO - ✓ Deleted rate card: st_testing546453_116
2026-02-03 09:16:11 - create_rate_cards - INFO - Deleting rate card: st_testing546453_117
2026-02-03 09:16:11 - create_rate_cards - INFO - [API REQUEST] DELETE https://ncm.services.nconprem-10-53-60-173.ccpnx.com/v1/cg/config/rate-cards?rateCardIds=99bb8774-6548-49c3-85e9-1475a269e8ed
2026-02-03 09:16:11 - create_rate_cards - INFO - [API RESPONSE] DELETE https://ncm.services.nconprem-10-53-60-173.ccpnx.com/v1/cg/config/rate-cards?rateCardIds=99bb8774-6548-49c3-85e9-1475a269e8ed
2026-02-03 09:16:11 - create_rate_cards - INFO - [STATUS CODE] 200
2026-02-03 09:16:11 - create_rate_cards - INFO - [TIME TAKEN] 0.2077 seconds (207.74 ms)
2026-02-03 09:16:11 - create_rate_cards - INFO - [RESPONSE CONTENT-TYPE] application/json
2026-02-03 09:16:11 - create_rate_cards - INFO - [RESPONSE PAYLOAD]
{
  "message": "Delete Success"
}
2026-02-03 09:16:11 - create_rate_cards - INFO - ✓ Deleted rate card: st_testing546453_117
2026-02-03 09:16:11 - create_rate_cards - INFO - Deleting rate card: st_testing546453_118
2026-02-03 09:16:11 - create_rate_cards - INFO - [API REQUEST] DELETE https://ncm.services.nconprem-10-53-60-173.ccpnx.com/v1/cg/config/rate-cards?rateCardIds=50eba571-f647-46eb-a019-f93f71e53591
2026-02-03 09:16:11 - create_rate_cards - INFO - [API RESPONSE] DELETE https://ncm.services.nconprem-10-53-60-173.ccpnx.com/v1/cg/config/rate-cards?rateCardIds=50eba571-f647-46eb-a019-f93f71e53591
2026-02-03 09:16:11 - create_rate_cards - INFO - [STATUS CODE] 200
2026-02-03 09:16:11 - create_rate_cards - INFO - [TIME TAKEN] 0.3143 seconds (314.32 ms)
2026-02-03 09:16:11 - create_rate_cards - INFO - [RESPONSE CONTENT-TYPE] application/json
2026-02-03 09:16:11 - create_rate_cards - INFO - [RESPONSE PAYLOAD]
{
  "message": "Delete Success"
}
2026-02-03 09:16:11 - create_rate_cards - INFO - ✓ Deleted rate card: st_testing546453_118
2026-02-03 09:16:11 - create_rate_cards - INFO - Deleting rate card: st_testing546453_119
2026-02-03 09:16:11 - create_rate_cards - INFO - [API REQUEST] DELETE https://ncm.services.nconprem-10-53-60-173.ccpnx.com/v1/cg/config/rate-cards?rateCardIds=2f2f0992-f232-4e1e-be0e-2dabdeeac1d6
2026-02-03 09:16:11 - create_rate_cards - INFO - [API RESPONSE] DELETE https://ncm.services.nconprem-10-53-60-173.ccpnx.com/v1/cg/config/rate-cards?rateCardIds=2f2f0992-f232-4e1e-be0e-2dabdeeac1d6
2026-02-03 09:16:11 - create_rate_cards - INFO - [STATUS CODE] 200
2026-02-03 09:16:11 - create_rate_cards - INFO - [TIME TAKEN] 0.2498 seconds (249.78 ms)
2026-02-03 09:16:11 - create_rate_cards - INFO - [RESPONSE CONTENT-TYPE] application/json
2026-02-03 09:16:11 - create_rate_cards - INFO - [RESPONSE PAYLOAD]
{
  "message": "Delete Success"
}
2026-02-03 09:16:11 - create_rate_cards - INFO - ✓ Deleted rate card: st_testing546453_119
2026-02-03 09:16:11 - create_rate_cards - INFO - Deleting rate card: st_testing546453_120
2026-02-03 09:16:11 - create_rate_cards - INFO - [API REQUEST] DELETE https://ncm.services.nconprem-10-53-60-173.ccpnx.com/v1/cg/config/rate-cards?rateCardIds=d9736d25-fe01-4b7b-8d31-0075ba93eed3
2026-02-03 09:16:12 - create_rate_cards - INFO - [API RESPONSE] DELETE https://ncm.services.nconprem-10-53-60-173.ccpnx.com/v1/cg/config/rate-cards?rateCardIds=d9736d25-fe01-4b7b-8d31-0075ba93eed3
2026-02-03 09:16:12 - create_rate_cards - INFO - [STATUS CODE] 200
2026-02-03 09:16:12 - create_rate_cards - INFO - [TIME TAKEN] 0.2543 seconds (254.31 ms)
2026-02-03 09:16:12 - create_rate_cards - INFO - [RESPONSE CONTENT-TYPE] application/json
2026-02-03 09:16:12 - create_rate_cards - INFO - [RESPONSE PAYLOAD]
{
  "message": "Delete Success"
}
2026-02-03 09:16:12 - create_rate_cards - INFO - ✓ Deleted rate card: st_testing546453_120
2026-02-03 09:16:12 - create_rate_cards - INFO - Deleting rate card: st_testing546453_121
2026-02-03 09:16:12 - create_rate_cards - INFO - [API REQUEST] DELETE https://ncm.services.nconprem-10-53-60-173.ccpnx.com/v1/cg/config/rate-cards?rateCardIds=af74b24d-2874-4362-b2ba-5a8d5c1d9ba1
2026-02-03 09:16:12 - create_rate_cards - INFO - [API RESPONSE] DELETE https://ncm.services.nconprem-10-53-60-173.ccpnx.com/v1/cg/config/rate-cards?rateCardIds=af74b24d-2874-4362-b2ba-5a8d5c1d9ba1
2026-02-03 09:16:12 - create_rate_cards - INFO - [STATUS CODE] 200
2026-02-03 09:16:12 - create_rate_cards - INFO - [TIME TAKEN] 0.2476 seconds (247.60 ms)
2026-02-03 09:16:12 - create_rate_cards - INFO - [RESPONSE CONTENT-TYPE] application/json
2026-02-03 09:16:12 - create_rate_cards - INFO - [RESPONSE PAYLOAD]
{
  "message": "Delete Success"
}
2026-02-03 09:16:12 - create_rate_cards - INFO - ✓ Deleted rate card: st_testing546453_121
2026-02-03 09:16:12 - create_rate_cards - INFO - Deleting rate card: st_testing546453_122
2026-02-03 09:16:12 - create_rate_cards - INFO - [API REQUEST] DELETE https://ncm.services.nconprem-10-53-60-173.ccpnx.com/v1/cg/config/rate-cards?rateCardIds=fa1fa4ba-8fa9-4f6b-a129-a39b30b05966
2026-02-03 09:16:12 - create_rate_cards - INFO - [API RESPONSE] DELETE https://ncm.services.nconprem-10-53-60-173.ccpnx.com/v1/cg/config/rate-cards?rateCardIds=fa1fa4ba-8fa9-4f6b-a129-a39b30b05966
2026-02-03 09:16:12 - create_rate_cards - INFO - [STATUS CODE] 200
2026-02-03 09:16:12 - create_rate_cards - INFO - [TIME TAKEN] 0.2651 seconds (265.09 ms)
2026-02-03 09:16:12 - create_rate_cards - INFO - [RESPONSE CONTENT-TYPE] application/json
2026-02-03 09:16:12 - create_rate_cards - INFO - [RESPONSE PAYLOAD]
{
  "message": "Delete Success"
}
2026-02-03 09:16:12 - create_rate_cards - INFO - ✓ Deleted rate card: st_testing546453_122
2026-02-03 09:16:12 - create_rate_cards - INFO - Deleting rate card: st_testing546453_123
2026-02-03 09:16:12 - create_rate_cards - INFO - [API REQUEST] DELETE https://ncm.services.nconprem-10-53-60-173.ccpnx.com/v1/cg/config/rate-cards?rateCardIds=c1bd7c3c-eb8b-4570-b86d-e7eea9548731
2026-02-03 09:16:12 - create_rate_cards - INFO - [API RESPONSE] DELETE https://ncm.services.nconprem-10-53-60-173.ccpnx.com/v1/cg/config/rate-cards?rateCardIds=c1bd7c3c-eb8b-4570-b86d-e7eea9548731
2026-02-03 09:16:12 - create_rate_cards - INFO - [STATUS CODE] 200
2026-02-03 09:16:12 - create_rate_cards - INFO - [TIME TAKEN] 0.2759 seconds (275.90 ms)
2026-02-03 09:16:12 - create_rate_cards - INFO - [RESPONSE CONTENT-TYPE] application/json
2026-02-03 09:16:12 - create_rate_cards - INFO - [RESPONSE PAYLOAD]
{
  "message": "Delete Success"
}
2026-02-03 09:16:12 - create_rate_cards - INFO - ✓ Deleted rate card: st_testing546453_123
2026-02-03 09:16:12 - create_rate_cards - INFO - Deleting rate card: st_testing546453_124
2026-02-03 09:16:12 - create_rate_cards - INFO - [API REQUEST] DELETE https://ncm.services.nconprem-10-53-60-173.ccpnx.com/v1/cg/config/rate-cards?rateCardIds=3c8aecc4-de34-49a2-9bf2-bc6346d38cd9
2026-02-03 09:16:13 - create_rate_cards - INFO - [API RESPONSE] DELETE https://ncm.services.nconprem-10-53-60-173.ccpnx.com/v1/cg/config/rate-cards?rateCardIds=3c8aecc4-de34-49a2-9bf2-bc6346d38cd9
2026-02-03 09:16:13 - create_rate_cards - INFO - [STATUS CODE] 200
2026-02-03 09:16:13 - create_rate_cards - INFO - [TIME TAKEN] 0.2123 seconds (212.28 ms)
2026-02-03 09:16:13 - create_rate_cards - INFO - [RESPONSE CONTENT-TYPE] application/json
2026-02-03 09:16:13 - create_rate_cards - INFO - [RESPONSE PAYLOAD]
{
  "message": "Delete Success"
}
2026-02-03 09:16:13 - create_rate_cards - INFO - ✓ Deleted rate card: st_testing546453_124
2026-02-03 09:16:13 - create_rate_cards - INFO - Deleting rate card: st_testing546453_125
2026-02-03 09:16:13 - create_rate_cards - INFO - [API REQUEST] DELETE https://ncm.services.nconprem-10-53-60-173.ccpnx.com/v1/cg/config/rate-cards?rateCardIds=a50c9333-46fb-4dd7-b3aa-8098e5f5611e
2026-02-03 09:16:13 - create_rate_cards - INFO - [API RESPONSE] DELETE https://ncm.services.nconprem-10-53-60-173.ccpnx.com/v1/cg/config/rate-cards?rateCardIds=a50c9333-46fb-4dd7-b3aa-8098e5f5611e
2026-02-03 09:16:13 - create_rate_cards - INFO - [STATUS CODE] 200
2026-02-03 09:16:13 - create_rate_cards - INFO - [TIME TAKEN] 0.2337 seconds (233.72 ms)
2026-02-03 09:16:13 - create_rate_cards - INFO - [RESPONSE CONTENT-TYPE] application/json
2026-02-03 09:16:13 - create_rate_cards - INFO - [RESPONSE PAYLOAD]
{
  "message": "Delete Success"
}
2026-02-03 09:16:13 - create_rate_cards - INFO - ✓ Deleted rate card: st_testing546453_125
2026-02-03 09:16:13 - create_rate_cards - INFO - Deleting rate card: st_testing546453_126
2026-02-03 09:16:13 - create_rate_cards - INFO - [API REQUEST] DELETE https://ncm.services.nconprem-10-53-60-173.ccpnx.com/v1/cg/config/rate-cards?rateCardIds=36097c66-65b9-4c4b-b363-9d9e66abb65e
2026-02-03 09:16:13 - create_rate_cards - INFO - [API RESPONSE] DELETE https://ncm.services.nconprem-10-53-60-173.ccpnx.com/v1/cg/config/rate-cards?rateCardIds=36097c66-65b9-4c4b-b363-9d9e66abb65e
2026-02-03 09:16:13 - create_rate_cards - INFO - [STATUS CODE] 200
2026-02-03 09:16:13 - create_rate_cards - INFO - [TIME TAKEN] 0.3374 seconds (337.37 ms)
2026-02-03 09:16:13 - create_rate_cards - INFO - [RESPONSE CONTENT-TYPE] application/json
2026-02-03 09:16:13 - create_rate_cards - INFO - [RESPONSE PAYLOAD]
{
  "message": "Delete Success"
}
2026-02-03 09:16:13 - create_rate_cards - INFO - ✓ Deleted rate card: st_testing546453_126
2026-02-03 09:16:13 - create_rate_cards - INFO - Deleting rate card: st_testing546453_127
2026-02-03 09:16:13 - create_rate_cards - INFO - [API REQUEST] DELETE https://ncm.services.nconprem-10-53-60-173.ccpnx.com/v1/cg/config/rate-cards?rateCardIds=29cd4aa0-f6bb-4ce4-98fb-1df47d226761
2026-02-03 09:16:14 - create_rate_cards - INFO - [API RESPONSE] DELETE https://ncm.services.nconprem-10-53-60-173.ccpnx.com/v1/cg/config/rate-cards?rateCardIds=29cd4aa0-f6bb-4ce4-98fb-1df47d226761
2026-02-03 09:16:14 - create_rate_cards - INFO - [STATUS CODE] 200
2026-02-03 09:16:14 - create_rate_cards - INFO - [TIME TAKEN] 0.2441 seconds (244.06 ms)
2026-02-03 09:16:14 - create_rate_cards - INFO - [RESPONSE CONTENT-TYPE] application/json
2026-02-03 09:16:14 - create_rate_cards - INFO - [RESPONSE PAYLOAD]
{
  "message": "Delete Success"
}
2026-02-03 09:16:14 - create_rate_cards - INFO - ✓ Deleted rate card: st_testing546453_127
2026-02-03 09:16:14 - create_rate_cards - INFO - Deleting rate card: st_testing546453_128
2026-02-03 09:16:14 - create_rate_cards - INFO - [API REQUEST] DELETE https://ncm.services.nconprem-10-53-60-173.ccpnx.com/v1/cg/config/rate-cards?rateCardIds=91d634c1-09ec-48ef-95a9-965267f3bde5
2026-02-03 09:16:14 - create_rate_cards - INFO - [API RESPONSE] DELETE https://ncm.services.nconprem-10-53-60-173.ccpnx.com/v1/cg/config/rate-cards?rateCardIds=91d634c1-09ec-48ef-95a9-965267f3bde5
2026-02-03 09:16:14 - create_rate_cards - INFO - [STATUS CODE] 200
2026-02-03 09:16:14 - create_rate_cards - INFO - [TIME TAKEN] 0.2968 seconds (296.77 ms)
2026-02-03 09:16:14 - create_rate_cards - INFO - [RESPONSE CONTENT-TYPE] application/json
2026-02-03 09:16:14 - create_rate_cards - INFO - [RESPONSE PAYLOAD]
{
  "message": "Delete Success"
}
2026-02-03 09:16:14 - create_rate_cards - INFO - ✓ Deleted rate card: st_testing546453_128
2026-02-03 09:16:14 - create_rate_cards - INFO - Deleting rate card: st_testing546453_129
2026-02-03 09:16:14 - create_rate_cards - INFO - [API REQUEST] DELETE https://ncm.services.nconprem-10-53-60-173.ccpnx.com/v1/cg/config/rate-cards?rateCardIds=5e09c14d-5ca5-46fb-a8fe-c4f8c4486c99
2026-02-03 09:16:14 - create_rate_cards - INFO - [API RESPONSE] DELETE https://ncm.services.nconprem-10-53-60-173.ccpnx.com/v1/cg/config/rate-cards?rateCardIds=5e09c14d-5ca5-46fb-a8fe-c4f8c4486c99
2026-02-03 09:16:14 - create_rate_cards - INFO - [STATUS CODE] 200
2026-02-03 09:16:14 - create_rate_cards - INFO - [TIME TAKEN] 0.2673 seconds (267.27 ms)
2026-02-03 09:16:14 - create_rate_cards - INFO - [RESPONSE CONTENT-TYPE] application/json
2026-02-03 09:16:14 - create_rate_cards - INFO - [RESPONSE PAYLOAD]
{
  "message": "Delete Success"
}
2026-02-03 09:16:14 - create_rate_cards - INFO - ✓ Deleted rate card: st_testing546453_129
2026-02-03 09:16:14 - create_rate_cards - INFO - Deleting rate card: st_testing546453_130
2026-02-03 09:16:14 - create_rate_cards - INFO - [API REQUEST] DELETE https://ncm.services.nconprem-10-53-60-173.ccpnx.com/v1/cg/config/rate-cards?rateCardIds=791fc3ce-7721-4de2-9110-74b86fe8c9b9
2026-02-03 09:16:14 - create_rate_cards - INFO - [API RESPONSE] DELETE https://ncm.services.nconprem-10-53-60-173.ccpnx.com/v1/cg/config/rate-cards?rateCardIds=791fc3ce-7721-4de2-9110-74b86fe8c9b9
2026-02-03 09:16:14 - create_rate_cards - INFO - [STATUS CODE] 200
2026-02-03 09:16:14 - create_rate_cards - INFO - [TIME TAKEN] 0.2986 seconds (298.65 ms)
2026-02-03 09:16:14 - create_rate_cards - INFO - [RESPONSE CONTENT-TYPE] application/json
2026-02-03 09:16:14 - create_rate_cards - INFO - [RESPONSE PAYLOAD]
{
  "message": "Delete Success"
}
2026-02-03 09:16:14 - create_rate_cards - INFO - ✓ Deleted rate card: st_testing546453_130
2026-02-03 09:16:14 - create_rate_cards - INFO - Deleting rate card: st_testing546453_131
2026-02-03 09:16:14 - create_rate_cards - INFO - [API REQUEST] DELETE https://ncm.services.nconprem-10-53-60-173.ccpnx.com/v1/cg/config/rate-cards?rateCardIds=beca842b-e427-4d02-8292-5147b0d1c7af
2026-02-03 09:16:15 - create_rate_cards - INFO - [API RESPONSE] DELETE https://ncm.services.nconprem-10-53-60-173.ccpnx.com/v1/cg/config/rate-cards?rateCardIds=beca842b-e427-4d02-8292-5147b0d1c7af
2026-02-03 09:16:15 - create_rate_cards - INFO - [STATUS CODE] 200
2026-02-03 09:16:15 - create_rate_cards - INFO - [TIME TAKEN] 0.3691 seconds (369.15 ms)
2026-02-03 09:16:15 - create_rate_cards - INFO - [RESPONSE CONTENT-TYPE] application/json
2026-02-03 09:16:15 - create_rate_cards - INFO - [RESPONSE PAYLOAD]
{
  "message": "Delete Success"
}
2026-02-03 09:16:15 - create_rate_cards - INFO - ✓ Deleted rate card: st_testing546453_131
2026-02-03 09:16:15 - create_rate_cards - INFO - Deleting rate card: st_testing546453_132
2026-02-03 09:16:15 - create_rate_cards - INFO - [API REQUEST] DELETE https://ncm.services.nconprem-10-53-60-173.ccpnx.com/v1/cg/config/rate-cards?rateCardIds=673c67ec-19a9-4475-9d9b-8c3dfc9fc7d2
2026-02-03 09:16:15 - create_rate_cards - INFO - [API RESPONSE] DELETE https://ncm.services.nconprem-10-53-60-173.ccpnx.com/v1/cg/config/rate-cards?rateCardIds=673c67ec-19a9-4475-9d9b-8c3dfc9fc7d2
2026-02-03 09:16:15 - create_rate_cards - INFO - [STATUS CODE] 200
2026-02-03 09:16:15 - create_rate_cards - INFO - [TIME TAKEN] 0.2519 seconds (251.91 ms)
2026-02-03 09:16:15 - create_rate_cards - INFO - [RESPONSE CONTENT-TYPE] application/json
2026-02-03 09:16:15 - create_rate_cards - INFO - [RESPONSE PAYLOAD]
{
  "message": "Delete Success"
}
2026-02-03 09:16:15 - create_rate_cards - INFO - ✓ Deleted rate card: st_testing546453_132
2026-02-03 09:16:15 - create_rate_cards - INFO - Deleting rate card: st_testing546453_133
2026-02-03 09:16:15 - create_rate_cards - INFO - [API REQUEST] DELETE https://ncm.services.nconprem-10-53-60-173.ccpnx.com/v1/cg/config/rate-cards?rateCardIds=9df14f32-a13d-4cef-b226-a0933b3afee6
2026-02-03 09:16:15 - create_rate_cards - INFO - [API RESPONSE] DELETE https://ncm.services.nconprem-10-53-60-173.ccpnx.com/v1/cg/config/rate-cards?rateCardIds=9df14f32-a13d-4cef-b226-a0933b3afee6
2026-02-03 09:16:15 - create_rate_cards - INFO - [STATUS CODE] 200
2026-02-03 09:16:15 - create_rate_cards - INFO - [TIME TAKEN] 0.2754 seconds (275.43 ms)
2026-02-03 09:16:15 - create_rate_cards - INFO - [RESPONSE CONTENT-TYPE] application/json
2026-02-03 09:16:15 - create_rate_cards - INFO - [RESPONSE PAYLOAD]
{
  "message": "Delete Success"
}
2026-02-03 09:16:15 - create_rate_cards - INFO - ✓ Deleted rate card: st_testing546453_133
2026-02-03 09:16:15 - create_rate_cards - INFO - Deleting rate card: st_testing546453_134
2026-02-03 09:16:15 - create_rate_cards - INFO - [API REQUEST] DELETE https://ncm.services.nconprem-10-53-60-173.ccpnx.com/v1/cg/config/rate-cards?rateCardIds=84b603c8-48e6-4b5a-924c-624b480e8acd
2026-02-03 09:16:16 - create_rate_cards - INFO - [API RESPONSE] DELETE https://ncm.services.nconprem-10-53-60-173.ccpnx.com/v1/cg/config/rate-cards?rateCardIds=84b603c8-48e6-4b5a-924c-624b480e8acd
2026-02-03 09:16:16 - create_rate_cards - INFO - [STATUS CODE] 200
2026-02-03 09:16:16 - create_rate_cards - INFO - [TIME TAKEN] 0.2923 seconds (292.32 ms)
2026-02-03 09:16:16 - create_rate_cards - INFO - [RESPONSE CONTENT-TYPE] application/json
2026-02-03 09:16:16 - create_rate_cards - INFO - [RESPONSE PAYLOAD]
{
  "message": "Delete Success"
}
2026-02-03 09:16:16 - create_rate_cards - INFO - ✓ Deleted rate card: st_testing546453_134
2026-02-03 09:16:16 - create_rate_cards - INFO - Deleting rate card: st_testing546453_135
2026-02-03 09:16:16 - create_rate_cards - INFO - [API REQUEST] DELETE https://ncm.services.nconprem-10-53-60-173.ccpnx.com/v1/cg/config/rate-cards?rateCardIds=0c8b32ce-6726-40b7-a38b-6956f6808f89
2026-02-03 09:16:16 - create_rate_cards - INFO - [API RESPONSE] DELETE https://ncm.services.nconprem-10-53-60-173.ccpnx.com/v1/cg/config/rate-cards?rateCardIds=0c8b32ce-6726-40b7-a38b-6956f6808f89
2026-02-03 09:16:16 - create_rate_cards - INFO - [STATUS CODE] 200
2026-02-03 09:16:16 - create_rate_cards - INFO - [TIME TAKEN] 0.2936 seconds (293.63 ms)
2026-02-03 09:16:16 - create_rate_cards - INFO - [RESPONSE CONTENT-TYPE] application/json
2026-02-03 09:16:16 - create_rate_cards - INFO - [RESPONSE PAYLOAD]
{
  "message": "Delete Success"
}
2026-02-03 09:16:16 - create_rate_cards - INFO - ✓ Deleted rate card: st_testing546453_135
2026-02-03 09:16:16 - create_rate_cards - INFO - Deleting rate card: st_testing546453_136
2026-02-03 09:16:16 - create_rate_cards - INFO - [API REQUEST] DELETE https://ncm.services.nconprem-10-53-60-173.ccpnx.com/v1/cg/config/rate-cards?rateCardIds=a0caccb9-d57a-4ded-ad96-6726d99c18da
2026-02-03 09:16:16 - create_rate_cards - INFO - [API RESPONSE] DELETE https://ncm.services.nconprem-10-53-60-173.ccpnx.com/v1/cg/config/rate-cards?rateCardIds=a0caccb9-d57a-4ded-ad96-6726d99c18da
2026-02-03 09:16:16 - create_rate_cards - INFO - [STATUS CODE] 200
2026-02-03 09:16:16 - create_rate_cards - INFO - [TIME TAKEN] 0.2560 seconds (256.03 ms)
2026-02-03 09:16:16 - create_rate_cards - INFO - [RESPONSE CONTENT-TYPE] application/json
2026-02-03 09:16:16 - create_rate_cards - INFO - [RESPONSE PAYLOAD]
{
  "message": "Delete Success"
}
2026-02-03 09:16:16 - create_rate_cards - INFO - ✓ Deleted rate card: st_testing546453_136
2026-02-03 09:16:16 - create_rate_cards - INFO - Deleting rate card: st_testing546453_137
2026-02-03 09:16:16 - create_rate_cards - INFO - [API REQUEST] DELETE https://ncm.services.nconprem-10-53-60-173.ccpnx.com/v1/cg/config/rate-cards?rateCardIds=ce3d77d9-a7ed-4d65-8b47-8777e86a71fe
2026-02-03 09:16:17 - create_rate_cards - INFO - [API RESPONSE] DELETE https://ncm.services.nconprem-10-53-60-173.ccpnx.com/v1/cg/config/rate-cards?rateCardIds=ce3d77d9-a7ed-4d65-8b47-8777e86a71fe
2026-02-03 09:16:17 - create_rate_cards - INFO - [STATUS CODE] 200
2026-02-03 09:16:17 - create_rate_cards - INFO - [TIME TAKEN] 0.4308 seconds (430.84 ms)
2026-02-03 09:16:17 - create_rate_cards - INFO - [RESPONSE CONTENT-TYPE] application/json
2026-02-03 09:16:17 - create_rate_cards - INFO - [RESPONSE PAYLOAD]
{
  "message": "Delete Success"
}
2026-02-03 09:16:17 - create_rate_cards - INFO - ✓ Deleted rate card: st_testing546453_137
2026-02-03 09:16:17 - create_rate_cards - INFO - Deleting rate card: st_testing546453_138
2026-02-03 09:16:17 - create_rate_cards - INFO - [API REQUEST] DELETE https://ncm.services.nconprem-10-53-60-173.ccpnx.com/v1/cg/config/rate-cards?rateCardIds=9fd08ce1-83b5-4f81-b5b7-97e2a64994b1
2026-02-03 09:16:17 - create_rate_cards - INFO - [API RESPONSE] DELETE https://ncm.services.nconprem-10-53-60-173.ccpnx.com/v1/cg/config/rate-cards?rateCardIds=9fd08ce1-83b5-4f81-b5b7-97e2a64994b1
2026-02-03 09:16:17 - create_rate_cards - INFO - [STATUS CODE] 200
2026-02-03 09:16:17 - create_rate_cards - INFO - [TIME TAKEN] 0.3134 seconds (313.35 ms)
2026-02-03 09:16:17 - create_rate_cards - INFO - [RESPONSE CONTENT-TYPE] application/json
2026-02-03 09:16:17 - create_rate_cards - INFO - [RESPONSE PAYLOAD]
{
  "message": "Delete Success"
}
2026-02-03 09:16:17 - create_rate_cards - INFO - ✓ Deleted rate card: st_testing546453_138
2026-02-03 09:16:17 - create_rate_cards - INFO - Deleting rate card: st_testing546453_139
2026-02-03 09:16:17 - create_rate_cards - INFO - [API REQUEST] DELETE https://ncm.services.nconprem-10-53-60-173.ccpnx.com/v1/cg/config/rate-cards?rateCardIds=6a551da6-cd25-4a63-bfa8-178edc66fe32
2026-02-03 09:16:17 - create_rate_cards - INFO - [API RESPONSE] DELETE https://ncm.services.nconprem-10-53-60-173.ccpnx.com/v1/cg/config/rate-cards?rateCardIds=6a551da6-cd25-4a63-bfa8-178edc66fe32
2026-02-03 09:16:17 - create_rate_cards - INFO - [STATUS CODE] 200
2026-02-03 09:16:17 - create_rate_cards - INFO - [TIME TAKEN] 0.3414 seconds (341.41 ms)
2026-02-03 09:16:17 - create_rate_cards - INFO - [RESPONSE CONTENT-TYPE] application/json
2026-02-03 09:16:17 - create_rate_cards - INFO - [RESPONSE PAYLOAD]
{
  "message": "Delete Success"
}
2026-02-03 09:16:17 - create_rate_cards - INFO - ✓ Deleted rate card: st_testing546453_139
2026-02-03 09:16:17 - create_rate_cards - INFO - Deleting rate card: st_testing546453_140
2026-02-03 09:16:17 - create_rate_cards - INFO - [API REQUEST] DELETE https://ncm.services.nconprem-10-53-60-173.ccpnx.com/v1/cg/config/rate-cards?rateCardIds=24558e6f-5b5c-4548-860b-c22541b11e2c
2026-02-03 09:16:18 - create_rate_cards - INFO - [API RESPONSE] DELETE https://ncm.services.nconprem-10-53-60-173.ccpnx.com/v1/cg/config/rate-cards?rateCardIds=24558e6f-5b5c-4548-860b-c22541b11e2c
2026-02-03 09:16:18 - create_rate_cards - INFO - [STATUS CODE] 200
2026-02-03 09:16:18 - create_rate_cards - INFO - [TIME TAKEN] 0.2782 seconds (278.16 ms)
2026-02-03 09:16:18 - create_rate_cards - INFO - [RESPONSE CONTENT-TYPE] application/json
2026-02-03 09:16:18 - create_rate_cards - INFO - [RESPONSE PAYLOAD]
{
  "message": "Delete Success"
}
2026-02-03 09:16:18 - create_rate_cards - INFO - ✓ Deleted rate card: st_testing546453_140
2026-02-03 09:16:18 - create_rate_cards - INFO - Deleting rate card: st_testing546453_141
2026-02-03 09:16:18 - create_rate_cards - INFO - [API REQUEST] DELETE https://ncm.services.nconprem-10-53-60-173.ccpnx.com/v1/cg/config/rate-cards?rateCardIds=e5e42ee0-40af-4f78-96e4-a0c91663df17
2026-02-03 09:16:18 - create_rate_cards - INFO - [API RESPONSE] DELETE https://ncm.services.nconprem-10-53-60-173.ccpnx.com/v1/cg/config/rate-cards?rateCardIds=e5e42ee0-40af-4f78-96e4-a0c91663df17
2026-02-03 09:16:18 - create_rate_cards - INFO - [STATUS CODE] 200
2026-02-03 09:16:18 - create_rate_cards - INFO - [TIME TAKEN] 0.2381 seconds (238.09 ms)
2026-02-03 09:16:18 - create_rate_cards - INFO - [RESPONSE CONTENT-TYPE] application/json
2026-02-03 09:16:18 - create_rate_cards - INFO - [RESPONSE PAYLOAD]
{
  "message": "Delete Success"
}
2026-02-03 09:16:18 - create_rate_cards - INFO - ✓ Deleted rate card: st_testing546453_141
2026-02-03 09:16:18 - create_rate_cards - INFO - Deleting rate card: st_testing546453_142
2026-02-03 09:16:18 - create_rate_cards - INFO - [API REQUEST] DELETE https://ncm.services.nconprem-10-53-60-173.ccpnx.com/v1/cg/config/rate-cards?rateCardIds=5a8f170c-914d-42aa-98a2-84824d59240c
2026-02-03 09:16:18 - create_rate_cards - INFO - [API RESPONSE] DELETE https://ncm.services.nconprem-10-53-60-173.ccpnx.com/v1/cg/config/rate-cards?rateCardIds=5a8f170c-914d-42aa-98a2-84824d59240c
2026-02-03 09:16:18 - create_rate_cards - INFO - [STATUS CODE] 200
2026-02-03 09:16:18 - create_rate_cards - INFO - [TIME TAKEN] 0.2094 seconds (209.42 ms)
2026-02-03 09:16:18 - create_rate_cards - INFO - [RESPONSE CONTENT-TYPE] application/json
2026-02-03 09:16:18 - create_rate_cards - INFO - [RESPONSE PAYLOAD]
{
  "message": "Delete Success"
}
2026-02-03 09:16:18 - create_rate_cards - INFO - ✓ Deleted rate card: st_testing546453_142
2026-02-03 09:16:18 - create_rate_cards - INFO - Deleting rate card: st_testing546453_143
2026-02-03 09:16:18 - create_rate_cards - INFO - [API REQUEST] DELETE https://ncm.services.nconprem-10-53-60-173.ccpnx.com/v1/cg/config/rate-cards?rateCardIds=7b11c1ed-9936-4f9d-9a95-0f458a574a0b
2026-02-03 09:16:18 - create_rate_cards - INFO - [API RESPONSE] DELETE https://ncm.services.nconprem-10-53-60-173.ccpnx.com/v1/cg/config/rate-cards?rateCardIds=7b11c1ed-9936-4f9d-9a95-0f458a574a0b
2026-02-03 09:16:18 - create_rate_cards - INFO - [STATUS CODE] 200
2026-02-03 09:16:18 - create_rate_cards - INFO - [TIME TAKEN] 0.3604 seconds (360.39 ms)
2026-02-03 09:16:18 - create_rate_cards - INFO - [RESPONSE CONTENT-TYPE] application/json
2026-02-03 09:16:18 - create_rate_cards - INFO - [RESPONSE PAYLOAD]
{
  "message": "Delete Success"
}
2026-02-03 09:16:18 - create_rate_cards - INFO - ✓ Deleted rate card: st_testing546453_143
2026-02-03 09:16:18 - create_rate_cards - INFO - Deleting rate card: st_testing546453_144
2026-02-03 09:16:18 - create_rate_cards - INFO - [API REQUEST] DELETE https://ncm.services.nconprem-10-53-60-173.ccpnx.com/v1/cg/config/rate-cards?rateCardIds=178bdc55-b854-42cf-a27a-27072d0566fd
2026-02-03 09:16:19 - create_rate_cards - INFO - [API RESPONSE] DELETE https://ncm.services.nconprem-10-53-60-173.ccpnx.com/v1/cg/config/rate-cards?rateCardIds=178bdc55-b854-42cf-a27a-27072d0566fd
2026-02-03 09:16:19 - create_rate_cards - INFO - [STATUS CODE] 200
2026-02-03 09:16:19 - create_rate_cards - INFO - [TIME TAKEN] 0.4061 seconds (406.14 ms)
2026-02-03 09:16:19 - create_rate_cards - INFO - [RESPONSE CONTENT-TYPE] application/json
2026-02-03 09:16:19 - create_rate_cards - INFO - [RESPONSE PAYLOAD]
{
  "message": "Delete Success"
}
2026-02-03 09:16:19 - create_rate_cards - INFO - ✓ Deleted rate card: st_testing546453_144
2026-02-03 09:16:19 - create_rate_cards - INFO - Deleting rate card: st_testing546453_145
2026-02-03 09:16:19 - create_rate_cards - INFO - [API REQUEST] DELETE https://ncm.services.nconprem-10-53-60-173.ccpnx.com/v1/cg/config/rate-cards?rateCardIds=31de9a52-92c3-4242-9ef2-b7986f929525
2026-02-03 09:16:19 - create_rate_cards - INFO - [API RESPONSE] DELETE https://ncm.services.nconprem-10-53-60-173.ccpnx.com/v1/cg/config/rate-cards?rateCardIds=31de9a52-92c3-4242-9ef2-b7986f929525
2026-02-03 09:16:19 - create_rate_cards - INFO - [STATUS CODE] 200
2026-02-03 09:16:19 - create_rate_cards - INFO - [TIME TAKEN] 0.4626 seconds (462.63 ms)
2026-02-03 09:16:19 - create_rate_cards - INFO - [RESPONSE CONTENT-TYPE] application/json
2026-02-03 09:16:19 - create_rate_cards - INFO - [RESPONSE PAYLOAD]
{
  "message": "Delete Success"
}
2026-02-03 09:16:19 - create_rate_cards - INFO - ✓ Deleted rate card: st_testing546453_145
2026-02-03 09:16:19 - create_rate_cards - INFO - Deleting rate card: st_testing546453_146
2026-02-03 09:16:19 - create_rate_cards - INFO - [API REQUEST] DELETE https://ncm.services.nconprem-10-53-60-173.ccpnx.com/v1/cg/config/rate-cards?rateCardIds=c698ab8f-68e5-4f44-8fdb-a67d0c5ef67b
2026-02-03 09:16:20 - create_rate_cards - INFO - [API RESPONSE] DELETE https://ncm.services.nconprem-10-53-60-173.ccpnx.com/v1/cg/config/rate-cards?rateCardIds=c698ab8f-68e5-4f44-8fdb-a67d0c5ef67b
2026-02-03 09:16:20 - create_rate_cards - INFO - [STATUS CODE] 200
2026-02-03 09:16:20 - create_rate_cards - INFO - [TIME TAKEN] 0.3682 seconds (368.22 ms)
2026-02-03 09:16:20 - create_rate_cards - INFO - [RESPONSE CONTENT-TYPE] application/json
2026-02-03 09:16:20 - create_rate_cards - INFO - [RESPONSE PAYLOAD]
{
  "message": "Delete Success"
}
2026-02-03 09:16:20 - create_rate_cards - INFO - ✓ Deleted rate card: st_testing546453_146
2026-02-03 09:16:20 - create_rate_cards - INFO - Deleting rate card: st_testing546453_147
2026-02-03 09:16:20 - create_rate_cards - INFO - [API REQUEST] DELETE https://ncm.services.nconprem-10-53-60-173.ccpnx.com/v1/cg/config/rate-cards?rateCardIds=aa8c8021-82f4-407f-b3fa-b39a8bdab76c
2026-02-03 09:16:20 - create_rate_cards - INFO - [API RESPONSE] DELETE https://ncm.services.nconprem-10-53-60-173.ccpnx.com/v1/cg/config/rate-cards?rateCardIds=aa8c8021-82f4-407f-b3fa-b39a8bdab76c
2026-02-03 09:16:20 - create_rate_cards - INFO - [STATUS CODE] 200
2026-02-03 09:16:20 - create_rate_cards - INFO - [TIME TAKEN] 0.3624 seconds (362.41 ms)
2026-02-03 09:16:20 - create_rate_cards - INFO - [RESPONSE CONTENT-TYPE] application/json
2026-02-03 09:16:20 - create_rate_cards - INFO - [RESPONSE PAYLOAD]
{
  "message": "Delete Success"
}
2026-02-03 09:16:20 - create_rate_cards - INFO - ✓ Deleted rate card: st_testing546453_147
2026-02-03 09:16:20 - create_rate_cards - INFO - Deleting rate card: st_testing546453_148
2026-02-03 09:16:20 - create_rate_cards - INFO - [API REQUEST] DELETE https://ncm.services.nconprem-10-53-60-173.ccpnx.com/v1/cg/config/rate-cards?rateCardIds=3e5b5d83-4dbb-4b0b-9451-14cc43e547de
2026-02-03 09:16:20 - create_rate_cards - INFO - [API RESPONSE] DELETE https://ncm.services.nconprem-10-53-60-173.ccpnx.com/v1/cg/config/rate-cards?rateCardIds=3e5b5d83-4dbb-4b0b-9451-14cc43e547de
2026-02-03 09:16:20 - create_rate_cards - INFO - [STATUS CODE] 200
2026-02-03 09:16:20 - create_rate_cards - INFO - [TIME TAKEN] 0.2765 seconds (276.52 ms)
2026-02-03 09:16:20 - create_rate_cards - INFO - [RESPONSE CONTENT-TYPE] application/json
2026-02-03 09:16:20 - create_rate_cards - INFO - [RESPONSE PAYLOAD]
{
  "message": "Delete Success"
}
2026-02-03 09:16:20 - create_rate_cards - INFO - ✓ Deleted rate card: st_testing546453_148
2026-02-03 09:16:20 - create_rate_cards - INFO - Deleting rate card: st_testing546453_149
2026-02-03 09:16:20 - create_rate_cards - INFO - [API REQUEST] DELETE https://ncm.services.nconprem-10-53-60-173.ccpnx.com/v1/cg/config/rate-cards?rateCardIds=3fc005fd-966e-4ab8-88c3-217c7620789d
2026-02-03 09:16:21 - create_rate_cards - INFO - [API RESPONSE] DELETE https://ncm.services.nconprem-10-53-60-173.ccpnx.com/v1/cg/config/rate-cards?rateCardIds=3fc005fd-966e-4ab8-88c3-217c7620789d
2026-02-03 09:16:21 - create_rate_cards - INFO - [STATUS CODE] 200
2026-02-03 09:16:21 - create_rate_cards - INFO - [TIME TAKEN] 0.3562 seconds (356.17 ms)
2026-02-03 09:16:21 - create_rate_cards - INFO - [RESPONSE CONTENT-TYPE] application/json
2026-02-03 09:16:21 - create_rate_cards - INFO - [RESPONSE PAYLOAD]
{
  "message": "Delete Success"
}
2026-02-03 09:16:21 - create_rate_cards - INFO - ✓ Deleted rate card: st_testing546453_149
2026-02-03 09:16:21 - create_rate_cards - INFO - Deleting rate card: st_testing546453_150
2026-02-03 09:16:21 - create_rate_cards - INFO - [API REQUEST] DELETE https://ncm.services.nconprem-10-53-60-173.ccpnx.com/v1/cg/config/rate-cards?rateCardIds=194b88ca-326c-4884-b944-147359d098e3
2026-02-03 09:16:21 - create_rate_cards - INFO - [API RESPONSE] DELETE https://ncm.services.nconprem-10-53-60-173.ccpnx.com/v1/cg/config/rate-cards?rateCardIds=194b88ca-326c-4884-b944-147359d098e3
2026-02-03 09:16:21 - create_rate_cards - INFO - [STATUS CODE] 200
2026-02-03 09:16:21 - create_rate_cards - INFO - [TIME TAKEN] 0.3044 seconds (304.35 ms)
2026-02-03 09:16:21 - create_rate_cards - INFO - [RESPONSE CONTENT-TYPE] application/json
2026-02-03 09:16:21 - create_rate_cards - INFO - [RESPONSE PAYLOAD]
{
  "message": "Delete Success"
}
2026-02-03 09:16:21 - create_rate_cards - INFO - ✓ Deleted rate card: st_testing546453_150
2026-02-03 09:16:21 - create_rate_cards - INFO - Deleting rate card: st_testing546453_151
2026-02-03 09:16:21 - create_rate_cards - INFO - [API REQUEST] DELETE https://ncm.services.nconprem-10-53-60-173.ccpnx.com/v1/cg/config/rate-cards?rateCardIds=387e9a55-eee8-4384-95d1-42d6a58c9e0e
2026-02-03 09:16:21 - create_rate_cards - INFO - [API RESPONSE] DELETE https://ncm.services.nconprem-10-53-60-173.ccpnx.com/v1/cg/config/rate-cards?rateCardIds=387e9a55-eee8-4384-95d1-42d6a58c9e0e
2026-02-03 09:16:21 - create_rate_cards - INFO - [STATUS CODE] 200
2026-02-03 09:16:21 - create_rate_cards - INFO - [TIME TAKEN] 0.3247 seconds (324.68 ms)
2026-02-03 09:16:21 - create_rate_cards - INFO - [RESPONSE CONTENT-TYPE] application/json
2026-02-03 09:16:21 - create_rate_cards - INFO - [RESPONSE PAYLOAD]
{
  "message": "Delete Success"
}
2026-02-03 09:16:21 - create_rate_cards - INFO - ✓ Deleted rate card: st_testing546453_151
2026-02-03 09:16:21 - create_rate_cards - INFO - Deleting rate card: st_testing546453_152
2026-02-03 09:16:21 - create_rate_cards - INFO - [API REQUEST] DELETE https://ncm.services.nconprem-10-53-60-173.ccpnx.com/v1/cg/config/rate-cards?rateCardIds=0855969f-e4eb-4257-ab3c-875c109d6ef5
2026-02-03 09:16:21 - create_rate_cards - INFO - [API RESPONSE] DELETE https://ncm.services.nconprem-10-53-60-173.ccpnx.com/v1/cg/config/rate-cards?rateCardIds=0855969f-e4eb-4257-ab3c-875c109d6ef5
2026-02-03 09:16:21 - create_rate_cards - INFO - [STATUS CODE] 200
2026-02-03 09:16:21 - create_rate_cards - INFO - [TIME TAKEN] 0.2978 seconds (297.77 ms)
2026-02-03 09:16:21 - create_rate_cards - INFO - [RESPONSE CONTENT-TYPE] application/json
2026-02-03 09:16:21 - create_rate_cards - INFO - [RESPONSE PAYLOAD]
{
  "message": "Delete Success"
}
2026-02-03 09:16:22 - create_rate_cards - INFO - ✓ Deleted rate card: st_testing546453_152
2026-02-03 09:16:22 - create_rate_cards - INFO - Deleting rate card: st_testing546453_153
2026-02-03 09:16:22 - create_rate_cards - INFO - [API REQUEST] DELETE https://ncm.services.nconprem-10-53-60-173.ccpnx.com/v1/cg/config/rate-cards?rateCardIds=24716a5d-ac9b-44f9-b300-b6881f07228b
2026-02-03 09:16:22 - create_rate_cards - INFO - [API RESPONSE] DELETE https://ncm.services.nconprem-10-53-60-173.ccpnx.com/v1/cg/config/rate-cards?rateCardIds=24716a5d-ac9b-44f9-b300-b6881f07228b
2026-02-03 09:16:22 - create_rate_cards - INFO - [STATUS CODE] 200
2026-02-03 09:16:22 - create_rate_cards - INFO - [TIME TAKEN] 0.2837 seconds (283.69 ms)
2026-02-03 09:16:22 - create_rate_cards - INFO - [RESPONSE CONTENT-TYPE] application/json
2026-02-03 09:16:22 - create_rate_cards - INFO - [RESPONSE PAYLOAD]
{
  "message": "Delete Success"
}
2026-02-03 09:16:22 - create_rate_cards - INFO - ✓ Deleted rate card: st_testing546453_153
2026-02-03 09:16:22 - create_rate_cards - INFO - Deleting rate card: st_testing546453_154
2026-02-03 09:16:22 - create_rate_cards - INFO - [API REQUEST] DELETE https://ncm.services.nconprem-10-53-60-173.ccpnx.com/v1/cg/config/rate-cards?rateCardIds=69ce126b-64b5-4f17-98e5-9c3c7db75f5f
2026-02-03 09:16:22 - create_rate_cards - INFO - [API RESPONSE] DELETE https://ncm.services.nconprem-10-53-60-173.ccpnx.com/v1/cg/config/rate-cards?rateCardIds=69ce126b-64b5-4f17-98e5-9c3c7db75f5f
2026-02-03 09:16:22 - create_rate_cards - INFO - [STATUS CODE] 200
2026-02-03 09:16:22 - create_rate_cards - INFO - [TIME TAKEN] 0.3097 seconds (309.73 ms)
2026-02-03 09:16:22 - create_rate_cards - INFO - [RESPONSE CONTENT-TYPE] application/json
2026-02-03 09:16:22 - create_rate_cards - INFO - [RESPONSE PAYLOAD]
{
  "message": "Delete Success"
}
2026-02-03 09:16:22 - create_rate_cards - INFO - ✓ Deleted rate card: st_testing546453_154
2026-02-03 09:16:22 - create_rate_cards - INFO - Deleting rate card: st_testing546453_155
2026-02-03 09:16:22 - create_rate_cards - INFO - [API REQUEST] DELETE https://ncm.services.nconprem-10-53-60-173.ccpnx.com/v1/cg/config/rate-cards?rateCardIds=89fee2e8-8941-4bdd-9324-4c394e29ed5f
2026-02-03 09:16:22 - create_rate_cards - INFO - [API RESPONSE] DELETE https://ncm.services.nconprem-10-53-60-173.ccpnx.com/v1/cg/config/rate-cards?rateCardIds=89fee2e8-8941-4bdd-9324-4c394e29ed5f
2026-02-03 09:16:22 - create_rate_cards - INFO - [STATUS CODE] 200
2026-02-03 09:16:22 - create_rate_cards - INFO - [TIME TAKEN] 0.2975 seconds (297.51 ms)
2026-02-03 09:16:22 - create_rate_cards - INFO - [RESPONSE CONTENT-TYPE] application/json
2026-02-03 09:16:22 - create_rate_cards - INFO - [RESPONSE PAYLOAD]
{
  "message": "Delete Success"
}
2026-02-03 09:16:22 - create_rate_cards - INFO - ✓ Deleted rate card: st_testing546453_155
2026-02-03 09:16:22 - create_rate_cards - INFO - Deleting rate card: st_testing546453_156
2026-02-03 09:16:22 - create_rate_cards - INFO - [API REQUEST] DELETE https://ncm.services.nconprem-10-53-60-173.ccpnx.com/v1/cg/config/rate-cards?rateCardIds=90b2b270-3838-4f7c-98fe-ce9d51f66fb3
2026-02-03 09:16:23 - create_rate_cards - INFO - [API RESPONSE] DELETE https://ncm.services.nconprem-10-53-60-173.ccpnx.com/v1/cg/config/rate-cards?rateCardIds=90b2b270-3838-4f7c-98fe-ce9d51f66fb3
2026-02-03 09:16:23 - create_rate_cards - INFO - [STATUS CODE] 200
2026-02-03 09:16:23 - create_rate_cards - INFO - [TIME TAKEN] 0.3320 seconds (332.01 ms)
2026-02-03 09:16:23 - create_rate_cards - INFO - [RESPONSE CONTENT-TYPE] application/json
2026-02-03 09:16:23 - create_rate_cards - INFO - [RESPONSE PAYLOAD]
{
  "message": "Delete Success"
}
2026-02-03 09:16:23 - create_rate_cards - INFO - ✓ Deleted rate card: st_testing546453_156
2026-02-03 09:16:23 - create_rate_cards - INFO - Deleting rate card: st_testing546453_157
2026-02-03 09:16:23 - create_rate_cards - INFO - [API REQUEST] DELETE https://ncm.services.nconprem-10-53-60-173.ccpnx.com/v1/cg/config/rate-cards?rateCardIds=84f49274-95a5-4622-a85d-e1e39d6adbbc
2026-02-03 09:16:23 - create_rate_cards - INFO - [API RESPONSE] DELETE https://ncm.services.nconprem-10-53-60-173.ccpnx.com/v1/cg/config/rate-cards?rateCardIds=84f49274-95a5-4622-a85d-e1e39d6adbbc
2026-02-03 09:16:23 - create_rate_cards - INFO - [STATUS CODE] 200
2026-02-03 09:16:23 - create_rate_cards - INFO - [TIME TAKEN] 0.3439 seconds (343.95 ms)
2026-02-03 09:16:23 - create_rate_cards - INFO - [RESPONSE CONTENT-TYPE] application/json
2026-02-03 09:16:23 - create_rate_cards - INFO - [RESPONSE PAYLOAD]
{
  "message": "Delete Success"
}
2026-02-03 09:16:23 - create_rate_cards - INFO - ✓ Deleted rate card: st_testing546453_157
2026-02-03 09:16:23 - create_rate_cards - INFO - Deleting rate card: st_testing546453_158
2026-02-03 09:16:23 - create_rate_cards - INFO - [API REQUEST] DELETE https://ncm.services.nconprem-10-53-60-173.ccpnx.com/v1/cg/config/rate-cards?rateCardIds=fe42c7e8-af93-47d9-b405-bea1df7e1352
2026-02-03 09:16:23 - create_rate_cards - INFO - [API RESPONSE] DELETE https://ncm.services.nconprem-10-53-60-173.ccpnx.com/v1/cg/config/rate-cards?rateCardIds=fe42c7e8-af93-47d9-b405-bea1df7e1352
2026-02-03 09:16:23 - create_rate_cards - INFO - [STATUS CODE] 200
2026-02-03 09:16:23 - create_rate_cards - INFO - [TIME TAKEN] 0.3373 seconds (337.28 ms)
2026-02-03 09:16:23 - create_rate_cards - INFO - [RESPONSE CONTENT-TYPE] application/json
2026-02-03 09:16:23 - create_rate_cards - INFO - [RESPONSE PAYLOAD]
{
  "message": "Delete Success"
}
2026-02-03 09:16:23 - create_rate_cards - INFO - ✓ Deleted rate card: st_testing546453_158
2026-02-03 09:16:23 - create_rate_cards - INFO - Deleting rate card: st_testing546453_159
2026-02-03 09:16:23 - create_rate_cards - INFO - [API REQUEST] DELETE https://ncm.services.nconprem-10-53-60-173.ccpnx.com/v1/cg/config/rate-cards?rateCardIds=c1bd3f7d-672b-437d-a54a-adeb1278850c
2026-02-03 09:16:24 - create_rate_cards - INFO - [API RESPONSE] DELETE https://ncm.services.nconprem-10-53-60-173.ccpnx.com/v1/cg/config/rate-cards?rateCardIds=c1bd3f7d-672b-437d-a54a-adeb1278850c
2026-02-03 09:16:24 - create_rate_cards - INFO - [STATUS CODE] 200
2026-02-03 09:16:24 - create_rate_cards - INFO - [TIME TAKEN] 0.6268 seconds (626.83 ms)
2026-02-03 09:16:24 - create_rate_cards - INFO - [RESPONSE CONTENT-TYPE] application/json
2026-02-03 09:16:24 - create_rate_cards - INFO - [RESPONSE PAYLOAD]
{
  "message": "Delete Success"
}
2026-02-03 09:16:24 - create_rate_cards - INFO - ✓ Deleted rate card: st_testing546453_159
2026-02-03 09:16:24 - create_rate_cards - INFO - Deleting rate card: st_testing546453_160
2026-02-03 09:16:24 - create_rate_cards - INFO - [API REQUEST] DELETE https://ncm.services.nconprem-10-53-60-173.ccpnx.com/v1/cg/config/rate-cards?rateCardIds=76ac24dc-38d4-4fcc-86c0-e8a3ae8dc102
2026-02-03 09:16:24 - create_rate_cards - INFO - [API RESPONSE] DELETE https://ncm.services.nconprem-10-53-60-173.ccpnx.com/v1/cg/config/rate-cards?rateCardIds=76ac24dc-38d4-4fcc-86c0-e8a3ae8dc102
2026-02-03 09:16:24 - create_rate_cards - INFO - [STATUS CODE] 200
2026-02-03 09:16:24 - create_rate_cards - INFO - [TIME TAKEN] 0.3554 seconds (355.43 ms)
2026-02-03 09:16:24 - create_rate_cards - INFO - [RESPONSE CONTENT-TYPE] application/json
2026-02-03 09:16:24 - create_rate_cards - INFO - [RESPONSE PAYLOAD]
{
  "message": "Delete Success"
}
2026-02-03 09:16:24 - create_rate_cards - INFO - ✓ Deleted rate card: st_testing546453_160
2026-02-03 09:16:24 - create_rate_cards - INFO - Deleting rate card: st_testing546453_161
2026-02-03 09:16:24 - create_rate_cards - INFO - [API REQUEST] DELETE https://ncm.services.nconprem-10-53-60-173.ccpnx.com/v1/cg/config/rate-cards?rateCardIds=fe99d321-808c-4117-87eb-3d58a4143648
2026-02-03 09:16:25 - create_rate_cards - INFO - [API RESPONSE] DELETE https://ncm.services.nconprem-10-53-60-173.ccpnx.com/v1/cg/config/rate-cards?rateCardIds=fe99d321-808c-4117-87eb-3d58a4143648
2026-02-03 09:16:25 - create_rate_cards - INFO - [STATUS CODE] 200
2026-02-03 09:16:25 - create_rate_cards - INFO - [TIME TAKEN] 0.3664 seconds (366.44 ms)
2026-02-03 09:16:25 - create_rate_cards - INFO - [RESPONSE CONTENT-TYPE] application/json
2026-02-03 09:16:25 - create_rate_cards - INFO - [RESPONSE PAYLOAD]
{
  "message": "Delete Success"
}
2026-02-03 09:16:25 - create_rate_cards - INFO - ✓ Deleted rate card: st_testing546453_161
2026-02-03 09:16:25 - create_rate_cards - INFO - Deleting rate card: st_testing546453_162
2026-02-03 09:16:25 - create_rate_cards - INFO - [API REQUEST] DELETE https://ncm.services.nconprem-10-53-60-173.ccpnx.com/v1/cg/config/rate-cards?rateCardIds=a7b0bcc6-4a42-4708-9d7c-fd48756b37f6
2026-02-03 09:16:25 - create_rate_cards - INFO - [API RESPONSE] DELETE https://ncm.services.nconprem-10-53-60-173.ccpnx.com/v1/cg/config/rate-cards?rateCardIds=a7b0bcc6-4a42-4708-9d7c-fd48756b37f6
2026-02-03 09:16:25 - create_rate_cards - INFO - [STATUS CODE] 200
2026-02-03 09:16:25 - create_rate_cards - INFO - [TIME TAKEN] 0.3039 seconds (303.89 ms)
2026-02-03 09:16:25 - create_rate_cards - INFO - [RESPONSE CONTENT-TYPE] application/json
2026-02-03 09:16:25 - create_rate_cards - INFO - [RESPONSE PAYLOAD]
{
  "message": "Delete Success"
}
2026-02-03 09:16:25 - create_rate_cards - INFO - ✓ Deleted rate card: st_testing546453_162
2026-02-03 09:16:25 - create_rate_cards - INFO - Deleting rate card: st_testing546453_163
2026-02-03 09:16:25 - create_rate_cards - INFO - [API REQUEST] DELETE https://ncm.services.nconprem-10-53-60-173.ccpnx.com/v1/cg/config/rate-cards?rateCardIds=95e323cd-50cc-43f5-a22e-f3b58ea99489
2026-02-03 09:16:25 - create_rate_cards - INFO - [API RESPONSE] DELETE https://ncm.services.nconprem-10-53-60-173.ccpnx.com/v1/cg/config/rate-cards?rateCardIds=95e323cd-50cc-43f5-a22e-f3b58ea99489
2026-02-03 09:16:25 - create_rate_cards - INFO - [STATUS CODE] 200
2026-02-03 09:16:25 - create_rate_cards - INFO - [TIME TAKEN] 0.3040 seconds (303.99 ms)
2026-02-03 09:16:25 - create_rate_cards - INFO - [RESPONSE CONTENT-TYPE] application/json
2026-02-03 09:16:25 - create_rate_cards - INFO - [RESPONSE PAYLOAD]
{
  "message": "Delete Success"
}
2026-02-03 09:16:25 - create_rate_cards - INFO - ✓ Deleted rate card: st_testing546453_163
2026-02-03 09:16:25 - create_rate_cards - INFO - Deleting rate card: st_testing546453_164
2026-02-03 09:16:25 - create_rate_cards - INFO - [API REQUEST] DELETE https://ncm.services.nconprem-10-53-60-173.ccpnx.com/v1/cg/config/rate-cards?rateCardIds=f3b58c44-649e-4a10-b15d-11ab5f023f0e
2026-02-03 09:16:26 - create_rate_cards - INFO - [API RESPONSE] DELETE https://ncm.services.nconprem-10-53-60-173.ccpnx.com/v1/cg/config/rate-cards?rateCardIds=f3b58c44-649e-4a10-b15d-11ab5f023f0e
2026-02-03 09:16:26 - create_rate_cards - INFO - [STATUS CODE] 200
2026-02-03 09:16:26 - create_rate_cards - INFO - [TIME TAKEN] 0.3852 seconds (385.21 ms)
2026-02-03 09:16:26 - create_rate_cards - INFO - [RESPONSE CONTENT-TYPE] application/json
2026-02-03 09:16:26 - create_rate_cards - INFO - [RESPONSE PAYLOAD]
{
  "message": "Delete Success"
}
2026-02-03 09:16:26 - create_rate_cards - INFO - ✓ Deleted rate card: st_testing546453_164
2026-02-03 09:16:26 - create_rate_cards - INFO - Deleting rate card: st_testing546453_165
2026-02-03 09:16:26 - create_rate_cards - INFO - [API REQUEST] DELETE https://ncm.services.nconprem-10-53-60-173.ccpnx.com/v1/cg/config/rate-cards?rateCardIds=a4165c4e-2edb-4146-bb6e-461ca315523d
2026-02-03 09:16:26 - create_rate_cards - INFO - [API RESPONSE] DELETE https://ncm.services.nconprem-10-53-60-173.ccpnx.com/v1/cg/config/rate-cards?rateCardIds=a4165c4e-2edb-4146-bb6e-461ca315523d
2026-02-03 09:16:26 - create_rate_cards - INFO - [STATUS CODE] 200
2026-02-03 09:16:26 - create_rate_cards - INFO - [TIME TAKEN] 0.4139 seconds (413.93 ms)
2026-02-03 09:16:26 - create_rate_cards - INFO - [RESPONSE CONTENT-TYPE] application/json
2026-02-03 09:16:26 - create_rate_cards - INFO - [RESPONSE PAYLOAD]
{
  "message": "Delete Success"
}
2026-02-03 09:16:26 - create_rate_cards - INFO - ✓ Deleted rate card: st_testing546453_165
2026-02-03 09:16:26 - create_rate_cards - INFO - Deleting rate card: st_testing546453_166
2026-02-03 09:16:26 - create_rate_cards - INFO - [API REQUEST] DELETE https://ncm.services.nconprem-10-53-60-173.ccpnx.com/v1/cg/config/rate-cards?rateCardIds=a17aae3e-3cf2-4eb9-ac7b-182a2fb3e026
2026-02-03 09:16:27 - create_rate_cards - INFO - [API RESPONSE] DELETE https://ncm.services.nconprem-10-53-60-173.ccpnx.com/v1/cg/config/rate-cards?rateCardIds=a17aae3e-3cf2-4eb9-ac7b-182a2fb3e026
2026-02-03 09:16:27 - create_rate_cards - INFO - [STATUS CODE] 200
2026-02-03 09:16:27 - create_rate_cards - INFO - [TIME TAKEN] 0.4822 seconds (482.25 ms)
2026-02-03 09:16:27 - create_rate_cards - INFO - [RESPONSE CONTENT-TYPE] application/json
2026-02-03 09:16:27 - create_rate_cards - INFO - [RESPONSE PAYLOAD]
{
  "message": "Delete Success"
}
2026-02-03 09:16:27 - create_rate_cards - INFO - ✓ Deleted rate card: st_testing546453_166
2026-02-03 09:16:27 - create_rate_cards - INFO - Deleting rate card: st_testing546453_167
2026-02-03 09:16:27 - create_rate_cards - INFO - [API REQUEST] DELETE https://ncm.services.nconprem-10-53-60-173.ccpnx.com/v1/cg/config/rate-cards?rateCardIds=ad950dd0-bfb2-49d4-91b5-b33a26a14277
2026-02-03 09:16:27 - create_rate_cards - INFO - [API RESPONSE] DELETE https://ncm.services.nconprem-10-53-60-173.ccpnx.com/v1/cg/config/rate-cards?rateCardIds=ad950dd0-bfb2-49d4-91b5-b33a26a14277
2026-02-03 09:16:27 - create_rate_cards - INFO - [STATUS CODE] 200
2026-02-03 09:16:27 - create_rate_cards - INFO - [TIME TAKEN] 0.3179 seconds (317.87 ms)
2026-02-03 09:16:27 - create_rate_cards - INFO - [RESPONSE CONTENT-TYPE] application/json
2026-02-03 09:16:27 - create_rate_cards - INFO - [RESPONSE PAYLOAD]
{
  "message": "Delete Success"
}
2026-02-03 09:16:27 - create_rate_cards - INFO - ✓ Deleted rate card: st_testing546453_167
2026-02-03 09:16:27 - create_rate_cards - INFO - Deleting rate card: st_testing546453_168
2026-02-03 09:16:27 - create_rate_cards - INFO - [API REQUEST] DELETE https://ncm.services.nconprem-10-53-60-173.ccpnx.com/v1/cg/config/rate-cards?rateCardIds=de0aaaac-5274-42cd-b068-82633877dba6
2026-02-03 09:16:27 - create_rate_cards - INFO - [API RESPONSE] DELETE https://ncm.services.nconprem-10-53-60-173.ccpnx.com/v1/cg/config/rate-cards?rateCardIds=de0aaaac-5274-42cd-b068-82633877dba6
2026-02-03 09:16:27 - create_rate_cards - INFO - [STATUS CODE] 200
2026-02-03 09:16:27 - create_rate_cards - INFO - [TIME TAKEN] 0.2987 seconds (298.74 ms)
2026-02-03 09:16:27 - create_rate_cards - INFO - [RESPONSE CONTENT-TYPE] application/json
2026-02-03 09:16:27 - create_rate_cards - INFO - [RESPONSE PAYLOAD]
{
  "message": "Delete Success"
}
2026-02-03 09:16:27 - create_rate_cards - INFO - ✓ Deleted rate card: st_testing546453_168
2026-02-03 09:16:27 - create_rate_cards - INFO - Deleting rate card: st_testing546453_169
2026-02-03 09:16:27 - create_rate_cards - INFO - [API REQUEST] DELETE https://ncm.services.nconprem-10-53-60-173.ccpnx.com/v1/cg/config/rate-cards?rateCardIds=1480318a-d0bf-4873-afe7-de2e4e8dc33c
2026-02-03 09:16:28 - create_rate_cards - INFO - 
2026-02-03 09:16:28 - create_rate_cards - INFO - ================================================================================================================================================================
2026-02-03 09:16:28 - create_rate_cards - INFO - API METRICS CONSOLIDATED REPORT
2026-02-03 09:16:28 - create_rate_cards - INFO - ================================================================================================================================================================
2026-02-03 09:16:28 - create_rate_cards - INFO - Method   | Endpoint                                           |   Count |   Fail |    Min(ms) |    Max(ms) |    P90(ms) |    P95(ms) |    P98(ms)
2026-02-03 09:16:28 - create_rate_cards - INFO - ----------------------------------------------------------------------------------------------------------------------------------------------------------------
2026-02-03 09:16:28 - create_rate_cards - INFO - DELETE   | /v1/cg/config/rate-cards                           |     262 |      - |     166.00 |     891.86 |     492.10 |     545.62 |     626.83
2026-02-03 09:16:28 - create_rate_cards - INFO - POST     | /v1/cg/config/rate-cards                           |     208 |      3 |     226.65 |    1783.68 |     605.21 |     692.81 |     869.21
2026-02-03 09:16:28 - create_rate_cards - INFO - POST     | /v1/cg/config/rate-cards/actions/get-rate-cards    |       3 |      - |     313.96 |     511.99 |     511.99 |     511.99 |     511.99
2026-02-03 09:16:28 - create_rate_cards - INFO - ----------------------------------------------------------------------------------------------------------------------------------------------------------------
2026-02-03 09:16:28 - create_rate_cards - INFO - Total API Calls: 473 | Unique Endpoints: 3 | Total Failures (non-200/202): 3 | Exceptions: 0
2026-02-03 09:16:28 - create_rate_cards - INFO - ================================================================================================================================================================
2026-02-03 09:16:28 - create_rate_cards - INFO - 
2026-02-03 09:16:28 - create_rate_cards - INFO - FAILED REQUESTS (non-200/202):
2026-02-03 09:16:28 - create_rate_cards - INFO - ----------------------------------------------------------------------------------------------------
2026-02-03 09:16:28 - create_rate_cards - INFO - Method   | Endpoint                                           |   Failures | Status Codes                  
2026-02-03 09:16:28 - create_rate_cards - INFO - ----------------------------------------------------------------------------------------------------
2026-02-03 09:16:28 - create_rate_cards - INFO - POST     | /v1/cg/config/rate-cards                           |          3 | 429: 3                        
2026-02-03 09:16:28 - create_rate_cards - INFO - ====================================================================================================
2026-02-03 09:16:28 - create_rate_cards - INFO - 
2026-02-03 09:16:28 - create_rate_cards - INFO - STATUS CODE BREAKDOWN:
2026-02-03 09:16:28 - create_rate_cards - INFO - ----------------------------------------------------------------------------------------------------
2026-02-03 09:16:28 - create_rate_cards - INFO - DELETE /v1/cg/config/rate-cards                   | 200: 262
2026-02-03 09:16:28 - create_rate_cards - INFO - POST   /v1/cg/config/rate-cards                   | 200: 205, 429: 3
2026-02-03 09:16:28 - create_rate_cards - INFO - POST   /v1/cg/config/rate-cards/actions/get-rat.. | 200: 3
2026-02-03 09:16:28 - create_rate_cards - INFO - ================================================================================================================================================================
