2026-02-20 03:14:51 - delete_tco_direct_cost_api - INFO - ================================================================================
2026-02-20 03:14:51 - delete_tco_direct_cost_api - INFO - Script: delete_tco_direct_cost_api
2026-02-20 03:14:51 - delete_tco_direct_cost_api - INFO - Log file: /home/mohan.as1/mohan_helpers/cost_governnance/logs/delete_tco_direct_cost_api_20260220_031451.log
2026-02-20 03:14:51 - delete_tco_direct_cost_api - INFO - ================================================================================
2026-02-20 03:14:52 - delete_tco_direct_cost_api - INFO - ================================================================================
2026-02-20 03:14:52 - delete_tco_direct_cost_api - INFO - Starting TCO Direct Cost Configuration Deletion
2026-02-20 03:14:52 - delete_tco_direct_cost_api - INFO - ================================================================================
2026-02-20 03:14:52 - delete_tco_direct_cost_api - INFO - Configuration:
2026-02-20 03:14:52 - delete_tco_direct_cost_api - INFO -   - Base URL: https://ncm.services.nconprem-10-53-55-93.ccpnx.com
2026-02-20 03:14:52 - delete_tco_direct_cost_api - INFO -   - Delete test configs only: True
2026-02-20 03:14:52 - delete_tco_direct_cost_api - INFO -   - Test config pattern: 'test_tco_config'
2026-02-20 03:14:52 - delete_tco_direct_cost_api - INFO - ================================================================================
2026-02-20 03:14:52 - delete_tco_direct_cost_api - INFO - Fetching TCO configurations...
2026-02-20 03:14:52 - delete_tco_direct_cost_api - INFO - [API REQUEST] POST https://ncm.services.nconprem-10-53-55-93.ccpnx.com/v1/cg/config/tco/configs?limit=100&offset=0&costHeadAction=direct
2026-02-20 03:14:52 - delete_tco_direct_cost_api - INFO - [REQUEST DATA PAYLOAD] {"filters": []}
2026-02-20 03:14:52 - delete_tco_direct_cost_api - INFO - [API RESPONSE] POST https://ncm.services.nconprem-10-53-55-93.ccpnx.com/v1/cg/config/tco/configs?limit=100&offset=0&costHeadAction=direct
2026-02-20 03:14:52 - delete_tco_direct_cost_api - INFO - [STATUS CODE] 200
2026-02-20 03:14:52 - delete_tco_direct_cost_api - INFO - [TIME TAKEN] 0.6965 seconds (696.53 ms)
2026-02-20 03:14:52 - delete_tco_direct_cost_api - INFO - [RESPONSE CONTENT-TYPE] application/json
2026-02-20 03:14:52 - delete_tco_direct_cost_api - INFO - [RESPONSE PAYLOAD]
{
  "currency": "USD",
  "totalCount": 103,
  "data": [
    {
      "customerHash": "59d5de78-a964-5746-8c6e-677c4c7a79df",
      "configId": "14892371-0ec2-4512-a679-d414e428a335",
      "description": "NX-1065-G5",
      "costHead": "HARDWARE",
      "costPerMeter": 182.53,
      "monthlyCost": 730.12,
      "meteringUnit": "NODE",
      "costType": "NUTANIX",
      "createdBy": {
        "name": "System",
        "email": "System"
      },
      "createdAt": 1770339901,
      "lastModifiedBy": {
        "name": "System",
        "email": "System"
      },
      "lastModifiedAt": 1770944448,
      "resources": [
        {
          "categories": [],
          "clusters": [
            "000641b9-6ca7-bd34-1324-ac1f6b61e0e2"
          ]
        }
      ],
      "totalQuantity": 0,
      "resourceGroupId": "db3e0d63-133d-4e8b-baee-ff0e4f56583a",
      "isActive": true,
      "isClusterActive": true
    },
    {
      "customerHash": "59d5de78-a964-5746-8c6e-677c4c7a79df",
      "configId": "b2271972-c7e1-4e04-bc99-12b9c8ccf75f",
      "description": "NX-1065-G5",
      "costHead": "HARDWARE",
      "costPerMeter": 182.53,
      "monthlyCost": 730.12,
      "meteringUnit": "NODE",
      "costType": "NUTANIX",
      "createdBy": {
        "name": "System",
        "email": "System"
      },
      "createdAt": 1770339901,
      "lastModifiedBy": {
        "name": "System",
        "email": "System"
      },
      "lastModifiedAt": 1770368443,
      "resources": [
        {
          "categories": [],
          "clusters": [
            "000641b9-5e10-4d2e-7faf-ac1f6b61e0cf"
          ]
        }
      ],
      "totalQuantity": 0,
      "resourceGroupId": "f5567dd9-ed39-4084-ba1e-edb03fae99c5",
      "isActive": true,
      "isClusterActive": true
    },
    {
      "customerHash": "59d5de78-a964-5746-8c6e-677c4c7a79df",
      "configId": "4b24271a-b5da-46a9-91eb-2ae66a12daf2",
      "description": "NX-3060-G5",
      "costHead": "HARDWARE",
      "costPerMeter": 334.71,
... (truncated)
2026-02-20 03:14:52 - delete_tco_direct_cost_api - INFO - [API REQUEST] POST https://ncm.services.nconprem-10-53-55-93.ccpnx.com/v1/cg/config/tco/configs?limit=100&offset=100&costHeadAction=direct
2026-02-20 03:14:52 - delete_tco_direct_cost_api - INFO - [REQUEST DATA PAYLOAD] {"filters": []}
2026-02-20 03:14:53 - delete_tco_direct_cost_api - INFO - [API RESPONSE] POST https://ncm.services.nconprem-10-53-55-93.ccpnx.com/v1/cg/config/tco/configs?limit=100&offset=100&costHeadAction=direct
2026-02-20 03:14:53 - delete_tco_direct_cost_api - INFO - [STATUS CODE] 200
2026-02-20 03:14:53 - delete_tco_direct_cost_api - INFO - [TIME TAKEN] 0.3482 seconds (348.22 ms)
2026-02-20 03:14:53 - delete_tco_direct_cost_api - INFO - [RESPONSE CONTENT-TYPE] application/json
2026-02-20 03:14:53 - delete_tco_direct_cost_api - INFO - [RESPONSE PAYLOAD]
{
  "currency": "USD",
  "totalCount": 103,
  "data": [
    {
      "customerHash": "59d5de78-a964-5746-8c6e-677c4c7a79df",
      "configId": "cc3deb69-474e-42cb-9374-c2e953dd432a",
      "description": "test_tco_config_33E51",
      "costHead": "SOFTWARE",
      "costPerMeter": 10,
      "monthlyCost": 0.0,
      "meteringUnit": "NODE",
      "costType": "CUSTOM",
      "createdBy": {
        "name": "admin",
        "email": ""
      },
      "createdAt": 1771323726,
      "lastModifiedBy": {
        "name": "admin",
        "email": ""
      },
      "lastModifiedAt": 1771462850,
      "resources": [
        {
          "categories": [],
          "clusters": [
            "00064a24-3343-0af9-39aa-0cc47a9ca51d"
          ]
        }
      ],
      "totalQuantity": 0,
      "resourceGroupId": "4406bd2c-35ce-4649-bc44-4d4e95959a3e",
      "isActive": true,
      "isClusterActive": true
    },
    {
      "customerHash": "59d5de78-a964-5746-8c6e-677c4c7a79df",
      "configId": "d6c1d96a-8269-4c1a-bae4-9ffa4d5675ab",
      "description": "test_tco_config_B4CC1",
      "costHead": "HARDWARE",
      "costPerMeter": 4,
      "monthlyCost": 0.0,
      "meteringUnit": "NODE",
      "costType": "CUSTOM",
      "createdBy": {
        "name": "admin",
        "email": ""
      },
      "createdAt": 1771323791,
      "lastModifiedBy": {
        "name": "admin",
        "email": ""
      },
      "lastModifiedAt": 1771462844,
      "resources": [
        {
          "categories": [],
          "clusters": [
            "00064a24-3343-0af9-39aa-0cc47a9ca51d"
          ]
        }
      ],
      "totalQuantity": 0,
      "resourceGroupId": "78fd9f7a-4d93-4ece-bae2-ae59aef7b6b0",
      "isActive": true,
      "isClusterActive": true
    },
    {
      "customerHash": "59d5de78-a964-5746-8c6e-677c4c7a79df",
      "configId": "e6c4fde4-d394-4efc-865f-26bb73b374d2",
      "description": "test_tco_config_F42bf",
      "costHead": "HARDWARE",
      "costPerMeter": 1,
      "monthlyCo
... (truncated)
2026-02-20 03:14:53 - delete_tco_direct_cost_api - INFO - Retrieved 103 total TCO configurations
2026-02-20 03:14:53 - delete_tco_direct_cost_api - INFO - Filtered to 99 test configurations
2026-02-20 03:14:53 - delete_tco_direct_cost_api - INFO - 
Configurations to delete (99):
2026-02-20 03:14:53 - delete_tco_direct_cost_api - INFO - --------------------------------------------------------------------------------
2026-02-20 03:14:53 - delete_tco_direct_cost_api - INFO -   1. test_tco_config_6Ef5a (ID: c099700e...)
2026-02-20 03:14:53 - delete_tco_direct_cost_api - INFO -      Type: CUSTOM | Monthly Cost: $30.0 | Created by: admin
2026-02-20 03:14:53 - delete_tco_direct_cost_api - INFO -   2. test_tco_config_8Ee63 (ID: eabd6468...)
2026-02-20 03:14:53 - delete_tco_direct_cost_api - INFO -      Type: CUSTOM | Monthly Cost: $24.0 | Created by: admin
2026-02-20 03:14:53 - delete_tco_direct_cost_api - INFO -   3. test_tco_config_2A3Da (ID: 80ed9040...)
2026-02-20 03:14:53 - delete_tco_direct_cost_api - INFO -      Type: CUSTOM | Monthly Cost: $21 | Created by: admin
2026-02-20 03:14:53 - delete_tco_direct_cost_api - INFO -   4. test_tco_config_d06bA (ID: 39833e17...)
2026-02-20 03:14:53 - delete_tco_direct_cost_api - INFO -      Type: CUSTOM | Monthly Cost: $18 | Created by: admin
2026-02-20 03:14:53 - delete_tco_direct_cost_api - INFO -   5. test_tco_config_bF79d (ID: 7d0db8ae...)
2026-02-20 03:14:53 - delete_tco_direct_cost_api - INFO -      Type: CUSTOM | Monthly Cost: $18.0 | Created by: admin
2026-02-20 03:14:53 - delete_tco_direct_cost_api - INFO -   6. test_tco_config_32D2B (ID: 7daa0801...)
2026-02-20 03:14:53 - delete_tco_direct_cost_api - INFO -      Type: CUSTOM | Monthly Cost: $18 | Created by: admin
2026-02-20 03:14:53 - delete_tco_direct_cost_api - INFO -   7. test_tco_config_87B4a (ID: 3ad8ddd7...)
2026-02-20 03:14:53 - delete_tco_direct_cost_api - INFO -      Type: CUSTOM | Monthly Cost: $15 | Created by: admin
2026-02-20 03:14:53 - delete_tco_direct_cost_api - INFO -   8. test_tco_config_c0e3c (ID: e5131d68...)
2026-02-20 03:14:53 - delete_tco_direct_cost_api - INFO -      Type: CUSTOM | Monthly Cost: $15.0 | Created by: admin
2026-02-20 03:14:53 - delete_tco_direct_cost_api - INFO -   9. test_tco_config_Ee0b4 (ID: fc85f7cd...)
2026-02-20 03:14:53 - delete_tco_direct_cost_api - INFO -      Type: CUSTOM | Monthly Cost: $12.0 | Created by: admin
2026-02-20 03:14:53 - delete_tco_direct_cost_api - INFO -  10. test_tco_config_9c1d7 (ID: 01ac7de4...)
2026-02-20 03:14:53 - delete_tco_direct_cost_api - INFO -      Type: CUSTOM | Monthly Cost: $10.0 | Created by: admin
2026-02-20 03:14:53 - delete_tco_direct_cost_api - INFO -  11. test_tco_config_350F9 (ID: 303e6873...)
2026-02-20 03:14:53 - delete_tco_direct_cost_api - INFO -      Type: CUSTOM | Monthly Cost: $10 | Created by: admin
2026-02-20 03:14:53 - delete_tco_direct_cost_api - INFO -  12. test_tco_config_D46eB (ID: 49f7b6e7...)
2026-02-20 03:14:53 - delete_tco_direct_cost_api - INFO -      Type: CUSTOM | Monthly Cost: $10 | Created by: admin
2026-02-20 03:14:53 - delete_tco_direct_cost_api - INFO -  13. test_tco_config_EfC20 (ID: 630193e6...)
2026-02-20 03:14:53 - delete_tco_direct_cost_api - INFO -      Type: CUSTOM | Monthly Cost: $10 | Created by: admin
2026-02-20 03:14:53 - delete_tco_direct_cost_api - INFO -  14. test_tco_config_dBb3B (ID: b1da2b20...)
2026-02-20 03:14:53 - delete_tco_direct_cost_api - INFO -      Type: CUSTOM | Monthly Cost: $10.0 | Created by: admin
2026-02-20 03:14:53 - delete_tco_direct_cost_api - INFO -  15. test_tco_config_EEbEF (ID: f435e0fc...)
2026-02-20 03:14:53 - delete_tco_direct_cost_api - INFO -      Type: CUSTOM | Monthly Cost: $10 | Created by: admin
2026-02-20 03:14:53 - delete_tco_direct_cost_api - INFO -  16. test_tco_config_adBAC (ID: 87d8f724...)
2026-02-20 03:14:53 - delete_tco_direct_cost_api - INFO -      Type: CUSTOM | Monthly Cost: $9 | Created by: admin
2026-02-20 03:14:53 - delete_tco_direct_cost_api - INFO -  17. test_tco_config_73fAE (ID: a839955d...)
2026-02-20 03:14:53 - delete_tco_direct_cost_api - INFO -      Type: CUSTOM | Monthly Cost: $9.0 | Created by: admin
2026-02-20 03:14:53 - delete_tco_direct_cost_api - INFO -  18. test_tco_config_Fbdfd (ID: b3858f04...)
2026-02-20 03:14:53 - delete_tco_direct_cost_api - INFO -      Type: CUSTOM | Monthly Cost: $9.0 | Created by: admin
2026-02-20 03:14:53 - delete_tco_direct_cost_api - INFO -  19. test_tco_config_bB202 (ID: ea2e4358...)
2026-02-20 03:14:53 - delete_tco_direct_cost_api - INFO -      Type: CUSTOM | Monthly Cost: $9.0 | Created by: admin
2026-02-20 03:14:53 - delete_tco_direct_cost_api - INFO -  20. test_tco_config_aC48d (ID: 99d451f0...)
2026-02-20 03:14:53 - delete_tco_direct_cost_api - INFO -      Type: CUSTOM | Monthly Cost: $8 | Created by: admin
2026-02-20 03:14:53 - delete_tco_direct_cost_api - INFO -  21. test_tco_config_af925 (ID: 52d8d6ea...)
2026-02-20 03:14:53 - delete_tco_direct_cost_api - INFO -      Type: CUSTOM | Monthly Cost: $7 | Created by: admin
2026-02-20 03:14:53 - delete_tco_direct_cost_api - INFO -  22. test_tco_config_Ffdb0 (ID: 13383bb5...)
2026-02-20 03:14:53 - delete_tco_direct_cost_api - INFO -      Type: CUSTOM | Monthly Cost: $6 | Created by: admin
2026-02-20 03:14:53 - delete_tco_direct_cost_api - INFO -  23. test_tco_config_BB866 (ID: 1d7c7f58...)
2026-02-20 03:14:53 - delete_tco_direct_cost_api - INFO -      Type: CUSTOM | Monthly Cost: $6 | Created by: admin
2026-02-20 03:14:53 - delete_tco_direct_cost_api - INFO -  24. test_tco_config_E5aA5 (ID: 3213fe1a...)
2026-02-20 03:14:53 - delete_tco_direct_cost_api - INFO -      Type: CUSTOM | Monthly Cost: $6.0 | Created by: admin
2026-02-20 03:14:53 - delete_tco_direct_cost_api - INFO -  25. test_tco_config_617D3 (ID: 62c3f814...)
2026-02-20 03:14:53 - delete_tco_direct_cost_api - INFO -      Type: CUSTOM | Monthly Cost: $6 | Created by: admin
2026-02-20 03:14:53 - delete_tco_direct_cost_api - INFO -  26. test_tco_config_830C8 (ID: 6483dc9e...)
2026-02-20 03:14:53 - delete_tco_direct_cost_api - INFO -      Type: CUSTOM | Monthly Cost: $6.0 | Created by: admin
2026-02-20 03:14:53 - delete_tco_direct_cost_api - INFO -  27. test_tco_config_B15a9 (ID: 8085b99e...)
2026-02-20 03:14:53 - delete_tco_direct_cost_api - INFO -      Type: CUSTOM | Monthly Cost: $6.0 | Created by: admin
2026-02-20 03:14:53 - delete_tco_direct_cost_api - INFO -  28. test_tco_config_c7f7e (ID: ca7b0957...)
2026-02-20 03:14:53 - delete_tco_direct_cost_api - INFO -      Type: CUSTOM | Monthly Cost: $6.0 | Created by: admin
2026-02-20 03:14:53 - delete_tco_direct_cost_api - INFO -  29. test_tco_config_7f6C7 (ID: 6e1cf435...)
2026-02-20 03:14:53 - delete_tco_direct_cost_api - INFO -      Type: CUSTOM | Monthly Cost: $5.0 | Created by: admin
2026-02-20 03:14:53 - delete_tco_direct_cost_api - INFO -  30. test_tco_config_a6BAf (ID: 6e8025bf...)
2026-02-20 03:14:53 - delete_tco_direct_cost_api - INFO -      Type: CUSTOM | Monthly Cost: $5.0 | Created by: admin
2026-02-20 03:14:53 - delete_tco_direct_cost_api - INFO -  31. test_tco_config_3B9A5 (ID: bd697018...)
2026-02-20 03:14:53 - delete_tco_direct_cost_api - INFO -      Type: CUSTOM | Monthly Cost: $5.0 | Created by: admin
2026-02-20 03:14:53 - delete_tco_direct_cost_api - INFO -  32. test_tco_config_f45bf (ID: f7ed4295...)
2026-02-20 03:14:53 - delete_tco_direct_cost_api - INFO -      Type: CUSTOM | Monthly Cost: $5 | Created by: admin
2026-02-20 03:14:53 - delete_tco_direct_cost_api - INFO -  33. test_tco_config_d53CA (ID: fe532ec8...)
2026-02-20 03:14:53 - delete_tco_direct_cost_api - INFO -      Type: CUSTOM | Monthly Cost: $5 | Created by: admin
2026-02-20 03:14:53 - delete_tco_direct_cost_api - INFO -  34. test_tco_config_E4B14 (ID: b9aaf7e6...)
2026-02-20 03:14:53 - delete_tco_direct_cost_api - INFO -      Type: CUSTOM | Monthly Cost: $4 | Created by: admin
2026-02-20 03:14:53 - delete_tco_direct_cost_api - INFO -  35. test_tco_config_146bb (ID: 2b153aae...)
2026-02-20 03:14:53 - delete_tco_direct_cost_api - INFO -      Type: CUSTOM | Monthly Cost: $3 | Created by: admin
2026-02-20 03:14:53 - delete_tco_direct_cost_api - INFO -  36. test_tco_config_8d1Dd (ID: 3a895d27...)
2026-02-20 03:14:53 - delete_tco_direct_cost_api - INFO -      Type: CUSTOM | Monthly Cost: $3 | Created by: admin
2026-02-20 03:14:53 - delete_tco_direct_cost_api - INFO -  37. test_tco_config_7CD8C (ID: 4cd5b30a...)
2026-02-20 03:14:53 - delete_tco_direct_cost_api - INFO -      Type: CUSTOM | Monthly Cost: $3.0 | Created by: admin
2026-02-20 03:14:53 - delete_tco_direct_cost_api - INFO -  38. test_tco_config_F1eDc (ID: 720b3aeb...)
2026-02-20 03:14:53 - delete_tco_direct_cost_api - INFO -      Type: CUSTOM | Monthly Cost: $3.0 | Created by: admin
2026-02-20 03:14:53 - delete_tco_direct_cost_api - INFO -  39. test_tco_config_b6938 (ID: a3f53f50...)
2026-02-20 03:14:53 - delete_tco_direct_cost_api - INFO -      Type: CUSTOM | Monthly Cost: $3 | Created by: admin
2026-02-20 03:14:53 - delete_tco_direct_cost_api - INFO -  40. test_tco_config_9a1aD (ID: dd024cbe...)
2026-02-20 03:14:53 - delete_tco_direct_cost_api - INFO -      Type: CUSTOM | Monthly Cost: $3.0 | Created by: admin
2026-02-20 03:14:53 - delete_tco_direct_cost_api - INFO -  41. test_tco_config_c5bD1 (ID: dd91b687...)
2026-02-20 03:14:53 - delete_tco_direct_cost_api - INFO -      Type: CUSTOM | Monthly Cost: $3.0 | Created by: admin
2026-02-20 03:14:53 - delete_tco_direct_cost_api - INFO -  42. test_tco_config_E1b8F (ID: 98912b41...)
2026-02-20 03:14:53 - delete_tco_direct_cost_api - INFO -      Type: CUSTOM | Monthly Cost: $2 | Created by: admin
2026-02-20 03:14:53 - delete_tco_direct_cost_api - INFO -  43. test_tco_config_b6Cd5 (ID: 5d519597...)
2026-02-20 03:14:53 - delete_tco_direct_cost_api - INFO -      Type: CUSTOM | Monthly Cost: $1 | Created by: admin
2026-02-20 03:14:53 - delete_tco_direct_cost_api - INFO -  44. test_tco_config_99B5b (ID: db8e6ac0...)
2026-02-20 03:14:53 - delete_tco_direct_cost_api - INFO -      Type: CUSTOM | Monthly Cost: $1 | Created by: admin
2026-02-20 03:14:53 - delete_tco_direct_cost_api - INFO -  45. test_tco_config_A7361 (ID: fc64a128...)
2026-02-20 03:14:53 - delete_tco_direct_cost_api - INFO -      Type: CUSTOM | Monthly Cost: $1.0 | Created by: admin
2026-02-20 03:14:53 - delete_tco_direct_cost_api - INFO -  46. test_tco_config_B5892 (ID: 24f94fe9...)
2026-02-20 03:14:53 - delete_tco_direct_cost_api - INFO -      Type: CUSTOM | Monthly Cost: $0.5000001 | Created by: admin
2026-02-20 03:14:53 - delete_tco_direct_cost_api - INFO -  47. test_tco_config_91113 (ID: cf326c7b...)
2026-02-20 03:14:53 - delete_tco_direct_cost_api - INFO -      Type: CUSTOM | Monthly Cost: $0.5000001 | Created by: admin
2026-02-20 03:14:53 - delete_tco_direct_cost_api - INFO -  48. test_tco_config_EE83a (ID: b3de8738...)
2026-02-20 03:14:53 - delete_tco_direct_cost_api - INFO -      Type: CUSTOM | Monthly Cost: $0.3500001 | Created by: admin
2026-02-20 03:14:53 - delete_tco_direct_cost_api - INFO -  49. test_tco_config_66858 (ID: bef3b383...)
2026-02-20 03:14:53 - delete_tco_direct_cost_api - INFO -      Type: CUSTOM | Monthly Cost: $0.2499999 | Created by: admin
2026-02-20 03:14:53 - delete_tco_direct_cost_api - INFO -  50. test_tco_config_d0e81 (ID: fbdd363a...)
2026-02-20 03:14:53 - delete_tco_direct_cost_api - INFO -      Type: CUSTOM | Monthly Cost: $0.2000001 | Created by: admin
2026-02-20 03:14:53 - delete_tco_direct_cost_api - INFO -  51. test_tco_config_87EEB (ID: 44f850ac...)
2026-02-20 03:14:53 - delete_tco_direct_cost_api - INFO -      Type: CUSTOM | Monthly Cost: $0.1666667 | Created by: admin
2026-02-20 03:14:53 - delete_tco_direct_cost_api - INFO -  52. test_tco_config_b9FBC (ID: 66ac0d93...)
2026-02-20 03:14:53 - delete_tco_direct_cost_api - INFO -      Type: CUSTOM | Monthly Cost: $0.1666667 | Created by: admin
2026-02-20 03:14:53 - delete_tco_direct_cost_api - INFO -  53. test_tco_config_ae5ef (ID: 3eb41292...)
2026-02-20 03:14:53 - delete_tco_direct_cost_api - INFO -      Type: CUSTOM | Monthly Cost: $0.15 | Created by: admin
2026-02-20 03:14:53 - delete_tco_direct_cost_api - INFO -  54. test_tco_config_fC53B (ID: 8c7377f3...)
2026-02-20 03:14:53 - delete_tco_direct_cost_api - INFO -      Type: CUSTOM | Monthly Cost: $0.15 | Created by: admin
2026-02-20 03:14:53 - delete_tco_direct_cost_api - INFO -  55. test_tco_config_7ce0C (ID: cc070e5f...)
2026-02-20 03:14:53 - delete_tco_direct_cost_api - INFO -      Type: CUSTOM | Monthly Cost: $0.15 | Created by: admin
2026-02-20 03:14:53 - delete_tco_direct_cost_api - INFO -  56. test_tco_config_3Db3B (ID: f94a1ee8...)
2026-02-20 03:14:53 - delete_tco_direct_cost_api - INFO -      Type: CUSTOM | Monthly Cost: $0.15 | Created by: admin
2026-02-20 03:14:53 - delete_tco_direct_cost_api - INFO -  57. test_tco_config_a29fF (ID: 300df0d5...)
2026-02-20 03:14:53 - delete_tco_direct_cost_api - INFO -      Type: CUSTOM | Monthly Cost: $0.1333333 | Created by: admin
2026-02-20 03:14:53 - delete_tco_direct_cost_api - INFO -  58. test_tco_config_A28ED (ID: 585ca338...)
2026-02-20 03:14:53 - delete_tco_direct_cost_api - INFO -      Type: CUSTOM | Monthly Cost: $0.1333333 | Created by: admin
2026-02-20 03:14:53 - delete_tco_direct_cost_api - INFO -  59. test_tco_config_bfac7 (ID: 81581b08...)
2026-02-20 03:14:53 - delete_tco_direct_cost_api - INFO -      Type: CUSTOM | Monthly Cost: $0.1333333 | Created by: admin
2026-02-20 03:14:53 - delete_tco_direct_cost_api - INFO -  60. test_tco_config_e8335 (ID: 984407ce...)
2026-02-20 03:14:53 - delete_tco_direct_cost_api - INFO -      Type: CUSTOM | Monthly Cost: $0.1333333 | Created by: admin
2026-02-20 03:14:53 - delete_tco_direct_cost_api - INFO -  61. test_tco_config_Dfe8C (ID: b7b70abf...)
2026-02-20 03:14:53 - delete_tco_direct_cost_api - INFO -      Type: CUSTOM | Monthly Cost: $0.1333333 | Created by: admin
2026-02-20 03:14:53 - delete_tco_direct_cost_api - INFO -  62. test_tco_config_01cFb (ID: fdbdb6ae...)
2026-02-20 03:14:53 - delete_tco_direct_cost_api - INFO -      Type: CUSTOM | Monthly Cost: $0.1333333 | Created by: admin
2026-02-20 03:14:53 - delete_tco_direct_cost_api - INFO -  63. test_tco_config_e0eE4 (ID: 0ce7eb45...)
2026-02-20 03:14:53 - delete_tco_direct_cost_api - INFO -      Type: CUSTOM | Monthly Cost: $0.1166667 | Created by: admin
2026-02-20 03:14:53 - delete_tco_direct_cost_api - INFO -  64. test_tco_config_D1Be3 (ID: 9f48324d...)
2026-02-20 03:14:53 - delete_tco_direct_cost_api - INFO -      Type: CUSTOM | Monthly Cost: $0.1 | Created by: admin
2026-02-20 03:14:53 - delete_tco_direct_cost_api - INFO -  65. test_tco_config_98BF6 (ID: 8530ff35...)
2026-02-20 03:14:53 - delete_tco_direct_cost_api - INFO -      Type: CUSTOM | Monthly Cost: $0.0999999 | Created by: admin
2026-02-20 03:14:53 - delete_tco_direct_cost_api - INFO -  66. test_tco_config_0D943 (ID: c7bb354b...)
2026-02-20 03:14:53 - delete_tco_direct_cost_api - INFO -      Type: CUSTOM | Monthly Cost: $0.0999999 | Created by: admin
2026-02-20 03:14:53 - delete_tco_direct_cost_api - INFO -  67. test_tco_config_bdFa3 (ID: 09a63898...)
2026-02-20 03:14:53 - delete_tco_direct_cost_api - INFO -      Type: CUSTOM | Monthly Cost: $0.0833333 | Created by: admin
2026-02-20 03:14:53 - delete_tco_direct_cost_api - INFO -  68. test_tco_config_d4eFB (ID: 2568e300...)
2026-02-20 03:14:53 - delete_tco_direct_cost_api - INFO -      Type: CUSTOM | Monthly Cost: $0.0833333 | Created by: admin
2026-02-20 03:14:53 - delete_tco_direct_cost_api - INFO -  69. test_tco_config_e579F (ID: 3baac6cf...)
2026-02-20 03:14:53 - delete_tco_direct_cost_api - INFO -      Type: CUSTOM | Monthly Cost: $0.0833333 | Created by: admin
2026-02-20 03:14:53 - delete_tco_direct_cost_api - INFO -  70. test_tco_config_68CEE (ID: 599be2f4...)
2026-02-20 03:14:53 - delete_tco_direct_cost_api - INFO -      Type: CUSTOM | Monthly Cost: $0.0833333 | Created by: admin
2026-02-20 03:14:53 - delete_tco_direct_cost_api - INFO -  71. test_tco_config_935d4 (ID: 31c5bc3a...)
2026-02-20 03:14:53 - delete_tco_direct_cost_api - INFO -      Type: CUSTOM | Monthly Cost: $0.0666667 | Created by: admin
2026-02-20 03:14:53 - delete_tco_direct_cost_api - INFO -  72. test_tco_config_E6FE6 (ID: c0f9dd0e...)
2026-02-20 03:14:53 - delete_tco_direct_cost_api - INFO -      Type: CUSTOM | Monthly Cost: $0.0666667 | Created by: admin
2026-02-20 03:14:53 - delete_tco_direct_cost_api - INFO -  73. test_tco_config_CfDdF (ID: e072342d...)
2026-02-20 03:14:53 - delete_tco_direct_cost_api - INFO -      Type: CUSTOM | Monthly Cost: $0.0666667 | Created by: admin
2026-02-20 03:14:53 - delete_tco_direct_cost_api - INFO -  74. test_tco_config_7fD51 (ID: ef73faf4...)
2026-02-20 03:14:53 - delete_tco_direct_cost_api - INFO -      Type: CUSTOM | Monthly Cost: $0.0666667 | Created by: admin
2026-02-20 03:14:53 - delete_tco_direct_cost_api - INFO -  75. test_tco_config_1d374 (ID: 14e3544a...)
2026-02-20 03:14:53 - delete_tco_direct_cost_api - INFO -      Type: CUSTOM | Monthly Cost: $0.0500001 | Created by: admin
2026-02-20 03:14:53 - delete_tco_direct_cost_api - INFO -  76. test_tco_config_0CE5F (ID: 051fd4d4...)
2026-02-20 03:14:53 - delete_tco_direct_cost_api - INFO -      Type: CUSTOM | Monthly Cost: $0.05 | Created by: admin
2026-02-20 03:14:53 - delete_tco_direct_cost_api - INFO -  77. test_tco_config_F29a0 (ID: 84027ba8...)
2026-02-20 03:14:53 - delete_tco_direct_cost_api - INFO -      Type: CUSTOM | Monthly Cost: $0.0333333 | Created by: admin
2026-02-20 03:14:53 - delete_tco_direct_cost_api - INFO -  78. test_tco_config_4bFD6 (ID: 676265e3...)
2026-02-20 03:14:53 - delete_tco_direct_cost_api - INFO -      Type: CUSTOM | Monthly Cost: $0.0166667 | Created by: admin
2026-02-20 03:14:53 - delete_tco_direct_cost_api - INFO -  79. test_tco_config_99310 (ID: 98d27855...)
2026-02-20 03:14:53 - delete_tco_direct_cost_api - INFO -      Type: CUSTOM | Monthly Cost: $0.0166667 | Created by: admin
2026-02-20 03:14:53 - delete_tco_direct_cost_api - INFO -  80. test_tco_config_c77bc (ID: e2b684e0...)
2026-02-20 03:14:53 - delete_tco_direct_cost_api - INFO -      Type: CUSTOM | Monthly Cost: $0.0166667 | Created by: admin
2026-02-20 03:14:53 - delete_tco_direct_cost_api - INFO -  81. test_tco_config_Dab1e (ID: e8689b18...)
2026-02-20 03:14:53 - delete_tco_direct_cost_api - INFO -      Type: CUSTOM | Monthly Cost: $0.0166667 | Created by: admin
2026-02-20 03:14:53 - delete_tco_direct_cost_api - INFO -  82. test_tco_config_F7A94 (ID: 009485d4...)
2026-02-20 03:14:53 - delete_tco_direct_cost_api - INFO -      Type: CUSTOM | Monthly Cost: $0 | Created by: admin
2026-02-20 03:14:53 - delete_tco_direct_cost_api - INFO -  83. test_tco_config_da45B (ID: 1b3dfdd2...)
2026-02-20 03:14:53 - delete_tco_direct_cost_api - INFO -      Type: CUSTOM | Monthly Cost: $0.0 | Created by: admin
2026-02-20 03:14:53 - delete_tco_direct_cost_api - INFO -  84. test_tco_config_eaE7e (ID: 21e3f1eb...)
2026-02-20 03:14:53 - delete_tco_direct_cost_api - INFO -      Type: CUSTOM | Monthly Cost: $0.0 | Created by: admin
2026-02-20 03:14:53 - delete_tco_direct_cost_api - INFO -  85. test_tco_config_A0121 (ID: 2bce7622...)
2026-02-20 03:14:53 - delete_tco_direct_cost_api - INFO -      Type: CUSTOM | Monthly Cost: $0 | Created by: admin
2026-02-20 03:14:53 - delete_tco_direct_cost_api - INFO -  86. test_tco_config_59cD1 (ID: 369257b8...)
2026-02-20 03:14:53 - delete_tco_direct_cost_api - INFO -      Type: CUSTOM | Monthly Cost: $0.0 | Created by: admin
2026-02-20 03:14:53 - delete_tco_direct_cost_api - INFO -  87. test_tco_config_dAc68 (ID: 3dc41177...)
2026-02-20 03:14:53 - delete_tco_direct_cost_api - INFO -      Type: CUSTOM | Monthly Cost: $0 | Created by: admin
2026-02-20 03:14:53 - delete_tco_direct_cost_api - INFO -  88. test_tco_config_c676b (ID: 54407a44...)
2026-02-20 03:14:53 - delete_tco_direct_cost_api - INFO -      Type: CUSTOM | Monthly Cost: $0 | Created by: admin
2026-02-20 03:14:53 - delete_tco_direct_cost_api - INFO -  89. test_tco_config_9524c (ID: 56cb79af...)
2026-02-20 03:14:53 - delete_tco_direct_cost_api - INFO -      Type: CUSTOM | Monthly Cost: $0 | Created by: admin
2026-02-20 03:14:53 - delete_tco_direct_cost_api - INFO -  90. test_tco_config_DA5ad (ID: 8afaca11...)
2026-02-20 03:14:53 - delete_tco_direct_cost_api - INFO -      Type: CUSTOM | Monthly Cost: $0 | Created by: admin
2026-02-20 03:14:53 - delete_tco_direct_cost_api - INFO -  91. test_tco_config_B3F51 (ID: 8e7a6e8f...)
2026-02-20 03:14:53 - delete_tco_direct_cost_api - INFO -      Type: CUSTOM | Monthly Cost: $0.0 | Created by: admin
2026-02-20 03:14:53 - delete_tco_direct_cost_api - INFO -  92. test_tco_config_C768A (ID: 8f9f52ae...)
2026-02-20 03:14:53 - delete_tco_direct_cost_api - INFO -      Type: CUSTOM | Monthly Cost: $0.0 | Created by: admin
2026-02-20 03:14:53 - delete_tco_direct_cost_api - INFO -  93. test_tco_config_cB89b (ID: 934cd358...)
2026-02-20 03:14:53 - delete_tco_direct_cost_api - INFO -      Type: CUSTOM | Monthly Cost: $0.0 | Created by: admin
2026-02-20 03:14:53 - delete_tco_direct_cost_api - INFO -  94. test_tco_config_9acaa (ID: 97caa676...)
2026-02-20 03:14:53 - delete_tco_direct_cost_api - INFO -      Type: CUSTOM | Monthly Cost: $0.0 | Created by: admin
2026-02-20 03:14:53 - delete_tco_direct_cost_api - INFO -  95. test_tco_config_3bE4f (ID: a44957df...)
2026-02-20 03:14:53 - delete_tco_direct_cost_api - INFO -      Type: CUSTOM | Monthly Cost: $0 | Created by: admin
2026-02-20 03:14:53 - delete_tco_direct_cost_api - INFO -  96. test_tco_config_0a0A5 (ID: b2e3c3ea...)
2026-02-20 03:14:53 - delete_tco_direct_cost_api - INFO -      Type: CUSTOM | Monthly Cost: $0 | Created by: admin
2026-02-20 03:14:53 - delete_tco_direct_cost_api - INFO -  97. test_tco_config_33E51 (ID: cc3deb69...)
2026-02-20 03:14:53 - delete_tco_direct_cost_api - INFO -      Type: CUSTOM | Monthly Cost: $0.0 | Created by: admin
2026-02-20 03:14:53 - delete_tco_direct_cost_api - INFO -  98. test_tco_config_B4CC1 (ID: d6c1d96a...)
2026-02-20 03:14:53 - delete_tco_direct_cost_api - INFO -      Type: CUSTOM | Monthly Cost: $0.0 | Created by: admin
2026-02-20 03:14:53 - delete_tco_direct_cost_api - INFO -  99. test_tco_config_F42bf (ID: e6c4fde4...)
2026-02-20 03:14:53 - delete_tco_direct_cost_api - INFO -      Type: CUSTOM | Monthly Cost: $0 | Created by: admin
2026-02-20 03:14:53 - delete_tco_direct_cost_api - INFO - 
Total Monthly Cost Impact: $383.75
2026-02-20 03:14:53 - delete_tco_direct_cost_api - INFO - --------------------------------------------------------------------------------
2026-02-20 03:15:06 - delete_tco_direct_cost_api - INFO - 
Starting deletion of 99 configurations...
2026-02-20 03:15:06 - delete_tco_direct_cost_api - INFO - [1/99] Processing: test_tco_config_6Ef5a
2026-02-20 03:15:06 - delete_tco_direct_cost_api - INFO - [API REQUEST] DELETE https://ncm.services.nconprem-10-53-55-93.ccpnx.com/v1/cg/config/tco/configs/c099700e-cfba-459f-9b74-ab5fc2b3785f
2026-02-20 03:15:06 - delete_tco_direct_cost_api - INFO - [API RESPONSE] DELETE https://ncm.services.nconprem-10-53-55-93.ccpnx.com/v1/cg/config/tco/configs/c099700e-cfba-459f-9b74-ab5fc2b3785f
2026-02-20 03:15:06 - delete_tco_direct_cost_api - INFO - [STATUS CODE] 200
2026-02-20 03:15:06 - delete_tco_direct_cost_api - INFO - [TIME TAKEN] 0.4835 seconds (483.54 ms)
2026-02-20 03:15:06 - delete_tco_direct_cost_api - INFO - [RESPONSE CONTENT-TYPE] application/json
2026-02-20 03:15:06 - delete_tco_direct_cost_api - INFO - [RESPONSE PAYLOAD]
{
  "message": "Delete Success"
}
2026-02-20 03:15:06 - delete_tco_direct_cost_api - INFO - ✓ Deleted: test_tco_config_6Ef5a
2026-02-20 03:15:06 - delete_tco_direct_cost_api - INFO - [2/99] Processing: test_tco_config_8Ee63
2026-02-20 03:15:06 - delete_tco_direct_cost_api - INFO - [API REQUEST] DELETE https://ncm.services.nconprem-10-53-55-93.ccpnx.com/v1/cg/config/tco/configs/eabd6468-7f1d-48bb-b507-72e696f1391e
2026-02-20 03:15:07 - delete_tco_direct_cost_api - INFO - [API RESPONSE] DELETE https://ncm.services.nconprem-10-53-55-93.ccpnx.com/v1/cg/config/tco/configs/eabd6468-7f1d-48bb-b507-72e696f1391e
2026-02-20 03:15:07 - delete_tco_direct_cost_api - INFO - [STATUS CODE] 200
2026-02-20 03:15:07 - delete_tco_direct_cost_api - INFO - [TIME TAKEN] 0.3997 seconds (399.70 ms)
2026-02-20 03:15:07 - delete_tco_direct_cost_api - INFO - [RESPONSE CONTENT-TYPE] application/json
2026-02-20 03:15:07 - delete_tco_direct_cost_api - INFO - [RESPONSE PAYLOAD]
{
  "message": "Delete Success"
}
2026-02-20 03:15:07 - delete_tco_direct_cost_api - INFO - ✓ Deleted: test_tco_config_8Ee63
2026-02-20 03:15:07 - delete_tco_direct_cost_api - INFO - [3/99] Processing: test_tco_config_2A3Da
2026-02-20 03:15:07 - delete_tco_direct_cost_api - INFO - [API REQUEST] DELETE https://ncm.services.nconprem-10-53-55-93.ccpnx.com/v1/cg/config/tco/configs/80ed9040-290c-41cb-b596-d38f4890d421
2026-02-20 03:15:07 - delete_tco_direct_cost_api - INFO - [API RESPONSE] DELETE https://ncm.services.nconprem-10-53-55-93.ccpnx.com/v1/cg/config/tco/configs/80ed9040-290c-41cb-b596-d38f4890d421
2026-02-20 03:15:07 - delete_tco_direct_cost_api - INFO - [STATUS CODE] 200
2026-02-20 03:15:07 - delete_tco_direct_cost_api - INFO - [TIME TAKEN] 0.2406 seconds (240.61 ms)
2026-02-20 03:15:07 - delete_tco_direct_cost_api - INFO - [RESPONSE CONTENT-TYPE] application/json
2026-02-20 03:15:07 - delete_tco_direct_cost_api - INFO - [RESPONSE PAYLOAD]
{
  "message": "Delete Success"
}
2026-02-20 03:15:07 - delete_tco_direct_cost_api - INFO - ✓ Deleted: test_tco_config_2A3Da
2026-02-20 03:15:07 - delete_tco_direct_cost_api - INFO - [4/99] Processing: test_tco_config_d06bA
2026-02-20 03:15:07 - delete_tco_direct_cost_api - INFO - [API REQUEST] DELETE https://ncm.services.nconprem-10-53-55-93.ccpnx.com/v1/cg/config/tco/configs/39833e17-d30a-4741-9f58-566db8ff9b10
2026-02-20 03:15:08 - delete_tco_direct_cost_api - INFO - [API RESPONSE] DELETE https://ncm.services.nconprem-10-53-55-93.ccpnx.com/v1/cg/config/tco/configs/39833e17-d30a-4741-9f58-566db8ff9b10
2026-02-20 03:15:08 - delete_tco_direct_cost_api - INFO - [STATUS CODE] 200
2026-02-20 03:15:08 - delete_tco_direct_cost_api - INFO - [TIME TAKEN] 0.2435 seconds (243.50 ms)
2026-02-20 03:15:08 - delete_tco_direct_cost_api - INFO - [RESPONSE CONTENT-TYPE] application/json
2026-02-20 03:15:08 - delete_tco_direct_cost_api - INFO - [RESPONSE PAYLOAD]
{
  "message": "Delete Success"
}
2026-02-20 03:15:08 - delete_tco_direct_cost_api - INFO - ✓ Deleted: test_tco_config_d06bA
2026-02-20 03:15:08 - delete_tco_direct_cost_api - INFO - [5/99] Processing: test_tco_config_bF79d
2026-02-20 03:15:08 - delete_tco_direct_cost_api - INFO - [API REQUEST] DELETE https://ncm.services.nconprem-10-53-55-93.ccpnx.com/v1/cg/config/tco/configs/7d0db8ae-6554-4c06-8059-3f940055edd3
2026-02-20 03:15:08 - delete_tco_direct_cost_api - INFO - [API RESPONSE] DELETE https://ncm.services.nconprem-10-53-55-93.ccpnx.com/v1/cg/config/tco/configs/7d0db8ae-6554-4c06-8059-3f940055edd3
2026-02-20 03:15:08 - delete_tco_direct_cost_api - INFO - [STATUS CODE] 200
2026-02-20 03:15:08 - delete_tco_direct_cost_api - INFO - [TIME TAKEN] 0.2450 seconds (244.98 ms)
2026-02-20 03:15:08 - delete_tco_direct_cost_api - INFO - [RESPONSE CONTENT-TYPE] application/json
2026-02-20 03:15:08 - delete_tco_direct_cost_api - INFO - [RESPONSE PAYLOAD]
{
  "message": "Delete Success"
}
2026-02-20 03:15:08 - delete_tco_direct_cost_api - INFO - ✓ Deleted: test_tco_config_bF79d
2026-02-20 03:15:08 - delete_tco_direct_cost_api - INFO - [6/99] Processing: test_tco_config_32D2B
2026-02-20 03:15:08 - delete_tco_direct_cost_api - INFO - [API REQUEST] DELETE https://ncm.services.nconprem-10-53-55-93.ccpnx.com/v1/cg/config/tco/configs/7daa0801-2964-444f-ba44-ce3419b3d4d9
2026-02-20 03:15:09 - delete_tco_direct_cost_api - INFO - [API RESPONSE] DELETE https://ncm.services.nconprem-10-53-55-93.ccpnx.com/v1/cg/config/tco/configs/7daa0801-2964-444f-ba44-ce3419b3d4d9
2026-02-20 03:15:09 - delete_tco_direct_cost_api - INFO - [STATUS CODE] 200
2026-02-20 03:15:09 - delete_tco_direct_cost_api - INFO - [TIME TAKEN] 0.2739 seconds (273.89 ms)
2026-02-20 03:15:09 - delete_tco_direct_cost_api - INFO - [RESPONSE CONTENT-TYPE] application/json
2026-02-20 03:15:09 - delete_tco_direct_cost_api - INFO - [RESPONSE PAYLOAD]
{
  "message": "Delete Success"
}
2026-02-20 03:15:09 - delete_tco_direct_cost_api - INFO - ✓ Deleted: test_tco_config_32D2B
2026-02-20 03:15:09 - delete_tco_direct_cost_api - INFO - [7/99] Processing: test_tco_config_87B4a
2026-02-20 03:15:09 - delete_tco_direct_cost_api - INFO - [API REQUEST] DELETE https://ncm.services.nconprem-10-53-55-93.ccpnx.com/v1/cg/config/tco/configs/3ad8ddd7-b48a-4606-b2c0-373ba8e47879
2026-02-20 03:15:09 - delete_tco_direct_cost_api - INFO - [API RESPONSE] DELETE https://ncm.services.nconprem-10-53-55-93.ccpnx.com/v1/cg/config/tco/configs/3ad8ddd7-b48a-4606-b2c0-373ba8e47879
2026-02-20 03:15:09 - delete_tco_direct_cost_api - INFO - [STATUS CODE] 200
2026-02-20 03:15:09 - delete_tco_direct_cost_api - INFO - [TIME TAKEN] 0.2053 seconds (205.35 ms)
2026-02-20 03:15:09 - delete_tco_direct_cost_api - INFO - [RESPONSE CONTENT-TYPE] application/json
2026-02-20 03:15:09 - delete_tco_direct_cost_api - INFO - [RESPONSE PAYLOAD]
{
  "message": "Delete Success"
}
2026-02-20 03:15:09 - delete_tco_direct_cost_api - INFO - ✓ Deleted: test_tco_config_87B4a
2026-02-20 03:15:09 - delete_tco_direct_cost_api - INFO - [8/99] Processing: test_tco_config_c0e3c
2026-02-20 03:15:09 - delete_tco_direct_cost_api - INFO - [API REQUEST] DELETE https://ncm.services.nconprem-10-53-55-93.ccpnx.com/v1/cg/config/tco/configs/e5131d68-ab18-467c-a369-67b1fa081cef
2026-02-20 03:15:09 - delete_tco_direct_cost_api - INFO - [API RESPONSE] DELETE https://ncm.services.nconprem-10-53-55-93.ccpnx.com/v1/cg/config/tco/configs/e5131d68-ab18-467c-a369-67b1fa081cef
2026-02-20 03:15:09 - delete_tco_direct_cost_api - INFO - [STATUS CODE] 200
2026-02-20 03:15:09 - delete_tco_direct_cost_api - INFO - [TIME TAKEN] 0.2123 seconds (212.29 ms)
2026-02-20 03:15:09 - delete_tco_direct_cost_api - INFO - [RESPONSE CONTENT-TYPE] application/json
2026-02-20 03:15:09 - delete_tco_direct_cost_api - INFO - [RESPONSE PAYLOAD]
{
  "message": "Delete Success"
}
2026-02-20 03:15:09 - delete_tco_direct_cost_api - INFO - ✓ Deleted: test_tco_config_c0e3c
2026-02-20 03:15:10 - delete_tco_direct_cost_api - INFO - [9/99] Processing: test_tco_config_Ee0b4
2026-02-20 03:15:10 - delete_tco_direct_cost_api - INFO - [API REQUEST] DELETE https://ncm.services.nconprem-10-53-55-93.ccpnx.com/v1/cg/config/tco/configs/fc85f7cd-407a-4394-9569-b38c420c2a07
2026-02-20 03:15:10 - delete_tco_direct_cost_api - INFO - [API RESPONSE] DELETE https://ncm.services.nconprem-10-53-55-93.ccpnx.com/v1/cg/config/tco/configs/fc85f7cd-407a-4394-9569-b38c420c2a07
2026-02-20 03:15:10 - delete_tco_direct_cost_api - INFO - [STATUS CODE] 200
2026-02-20 03:15:10 - delete_tco_direct_cost_api - INFO - [TIME TAKEN] 0.2008 seconds (200.79 ms)
2026-02-20 03:15:10 - delete_tco_direct_cost_api - INFO - [RESPONSE CONTENT-TYPE] application/json
2026-02-20 03:15:10 - delete_tco_direct_cost_api - INFO - [RESPONSE PAYLOAD]
{
  "message": "Delete Success"
}
2026-02-20 03:15:10 - delete_tco_direct_cost_api - INFO - ✓ Deleted: test_tco_config_Ee0b4
2026-02-20 03:15:10 - delete_tco_direct_cost_api - INFO - [10/99] Processing: test_tco_config_9c1d7
2026-02-20 03:15:10 - delete_tco_direct_cost_api - INFO - [API REQUEST] DELETE https://ncm.services.nconprem-10-53-55-93.ccpnx.com/v1/cg/config/tco/configs/01ac7de4-0b0a-4a1b-b022-7c9da988a3d5
2026-02-20 03:15:10 - delete_tco_direct_cost_api - INFO - [API RESPONSE] DELETE https://ncm.services.nconprem-10-53-55-93.ccpnx.com/v1/cg/config/tco/configs/01ac7de4-0b0a-4a1b-b022-7c9da988a3d5
2026-02-20 03:15:10 - delete_tco_direct_cost_api - INFO - [STATUS CODE] 200
2026-02-20 03:15:10 - delete_tco_direct_cost_api - INFO - [TIME TAKEN] 0.1980 seconds (197.99 ms)
2026-02-20 03:15:10 - delete_tco_direct_cost_api - INFO - [RESPONSE CONTENT-TYPE] application/json
2026-02-20 03:15:10 - delete_tco_direct_cost_api - INFO - [RESPONSE PAYLOAD]
{
  "message": "Delete Success"
}
2026-02-20 03:15:10 - delete_tco_direct_cost_api - INFO - ✓ Deleted: test_tco_config_9c1d7
2026-02-20 03:15:10 - delete_tco_direct_cost_api - INFO - [11/99] Processing: test_tco_config_350F9
2026-02-20 03:15:10 - delete_tco_direct_cost_api - INFO - [API REQUEST] DELETE https://ncm.services.nconprem-10-53-55-93.ccpnx.com/v1/cg/config/tco/configs/303e6873-9188-412f-a4f9-d219cf1b8a55
2026-02-20 03:15:11 - delete_tco_direct_cost_api - INFO - [API RESPONSE] DELETE https://ncm.services.nconprem-10-53-55-93.ccpnx.com/v1/cg/config/tco/configs/303e6873-9188-412f-a4f9-d219cf1b8a55
2026-02-20 03:15:11 - delete_tco_direct_cost_api - INFO - [STATUS CODE] 200
2026-02-20 03:15:11 - delete_tco_direct_cost_api - INFO - [TIME TAKEN] 0.4719 seconds (471.91 ms)
2026-02-20 03:15:11 - delete_tco_direct_cost_api - INFO - [RESPONSE CONTENT-TYPE] application/json
2026-02-20 03:15:11 - delete_tco_direct_cost_api - INFO - [RESPONSE PAYLOAD]
{
  "message": "Delete Success"
}
2026-02-20 03:15:11 - delete_tco_direct_cost_api - INFO - ✓ Deleted: test_tco_config_350F9
2026-02-20 03:15:11 - delete_tco_direct_cost_api - INFO - [12/99] Processing: test_tco_config_D46eB
2026-02-20 03:15:11 - delete_tco_direct_cost_api - INFO - [API REQUEST] DELETE https://ncm.services.nconprem-10-53-55-93.ccpnx.com/v1/cg/config/tco/configs/49f7b6e7-184c-4744-b934-638f69f246ee
2026-02-20 03:15:11 - delete_tco_direct_cost_api - INFO - [API RESPONSE] DELETE https://ncm.services.nconprem-10-53-55-93.ccpnx.com/v1/cg/config/tco/configs/49f7b6e7-184c-4744-b934-638f69f246ee
2026-02-20 03:15:11 - delete_tco_direct_cost_api - INFO - [STATUS CODE] 200
2026-02-20 03:15:11 - delete_tco_direct_cost_api - INFO - [TIME TAKEN] 0.2173 seconds (217.28 ms)
2026-02-20 03:15:11 - delete_tco_direct_cost_api - INFO - [RESPONSE CONTENT-TYPE] application/json
2026-02-20 03:15:11 - delete_tco_direct_cost_api - INFO - [RESPONSE PAYLOAD]
{
  "message": "Delete Success"
}
2026-02-20 03:15:11 - delete_tco_direct_cost_api - INFO - ✓ Deleted: test_tco_config_D46eB
2026-02-20 03:15:11 - delete_tco_direct_cost_api - INFO - [13/99] Processing: test_tco_config_EfC20
2026-02-20 03:15:11 - delete_tco_direct_cost_api - INFO - [API REQUEST] DELETE https://ncm.services.nconprem-10-53-55-93.ccpnx.com/v1/cg/config/tco/configs/630193e6-6585-4838-9602-336fa0fd0845
2026-02-20 03:15:12 - delete_tco_direct_cost_api - INFO - [API RESPONSE] DELETE https://ncm.services.nconprem-10-53-55-93.ccpnx.com/v1/cg/config/tco/configs/630193e6-6585-4838-9602-336fa0fd0845
2026-02-20 03:15:12 - delete_tco_direct_cost_api - INFO - [STATUS CODE] 200
2026-02-20 03:15:12 - delete_tco_direct_cost_api - INFO - [TIME TAKEN] 0.2018 seconds (201.80 ms)
2026-02-20 03:15:12 - delete_tco_direct_cost_api - INFO - [RESPONSE CONTENT-TYPE] application/json
2026-02-20 03:15:12 - delete_tco_direct_cost_api - INFO - [RESPONSE PAYLOAD]
{
  "message": "Delete Success"
}
2026-02-20 03:15:12 - delete_tco_direct_cost_api - INFO - ✓ Deleted: test_tco_config_EfC20
2026-02-20 03:15:12 - delete_tco_direct_cost_api - INFO - [14/99] Processing: test_tco_config_dBb3B
2026-02-20 03:15:12 - delete_tco_direct_cost_api - INFO - [API REQUEST] DELETE https://ncm.services.nconprem-10-53-55-93.ccpnx.com/v1/cg/config/tco/configs/b1da2b20-31f7-4262-a2fc-75ece8f6f980
2026-02-20 03:15:12 - delete_tco_direct_cost_api - INFO - [API RESPONSE] DELETE https://ncm.services.nconprem-10-53-55-93.ccpnx.com/v1/cg/config/tco/configs/b1da2b20-31f7-4262-a2fc-75ece8f6f980
2026-02-20 03:15:12 - delete_tco_direct_cost_api - INFO - [STATUS CODE] 200
2026-02-20 03:15:12 - delete_tco_direct_cost_api - INFO - [TIME TAKEN] 0.1985 seconds (198.51 ms)
2026-02-20 03:15:12 - delete_tco_direct_cost_api - INFO - [RESPONSE CONTENT-TYPE] application/json
2026-02-20 03:15:12 - delete_tco_direct_cost_api - INFO - [RESPONSE PAYLOAD]
{
  "message": "Delete Success"
}
2026-02-20 03:15:12 - delete_tco_direct_cost_api - INFO - ✓ Deleted: test_tco_config_dBb3B
2026-02-20 03:15:12 - delete_tco_direct_cost_api - INFO - [15/99] Processing: test_tco_config_EEbEF
2026-02-20 03:15:12 - delete_tco_direct_cost_api - INFO - [API REQUEST] DELETE https://ncm.services.nconprem-10-53-55-93.ccpnx.com/v1/cg/config/tco/configs/f435e0fc-1676-43aa-9af6-5ecb675e2e24
2026-02-20 03:15:12 - delete_tco_direct_cost_api - INFO - [API RESPONSE] DELETE https://ncm.services.nconprem-10-53-55-93.ccpnx.com/v1/cg/config/tco/configs/f435e0fc-1676-43aa-9af6-5ecb675e2e24
2026-02-20 03:15:12 - delete_tco_direct_cost_api - INFO - [STATUS CODE] 200
2026-02-20 03:15:12 - delete_tco_direct_cost_api - INFO - [TIME TAKEN] 0.2106 seconds (210.55 ms)
2026-02-20 03:15:12 - delete_tco_direct_cost_api - INFO - [RESPONSE CONTENT-TYPE] application/json
2026-02-20 03:15:12 - delete_tco_direct_cost_api - INFO - [RESPONSE PAYLOAD]
{
  "message": "Delete Success"
}
2026-02-20 03:15:12 - delete_tco_direct_cost_api - INFO - ✓ Deleted: test_tco_config_EEbEF
2026-02-20 03:15:13 - delete_tco_direct_cost_api - INFO - [16/99] Processing: test_tco_config_adBAC
2026-02-20 03:15:13 - delete_tco_direct_cost_api - INFO - [API REQUEST] DELETE https://ncm.services.nconprem-10-53-55-93.ccpnx.com/v1/cg/config/tco/configs/87d8f724-7650-4998-97e6-2140376cc750
2026-02-20 03:15:13 - delete_tco_direct_cost_api - INFO - [API RESPONSE] DELETE https://ncm.services.nconprem-10-53-55-93.ccpnx.com/v1/cg/config/tco/configs/87d8f724-7650-4998-97e6-2140376cc750
2026-02-20 03:15:13 - delete_tco_direct_cost_api - INFO - [STATUS CODE] 200
2026-02-20 03:15:13 - delete_tco_direct_cost_api - INFO - [TIME TAKEN] 0.1785 seconds (178.47 ms)
2026-02-20 03:15:13 - delete_tco_direct_cost_api - INFO - [RESPONSE CONTENT-TYPE] application/json
2026-02-20 03:15:13 - delete_tco_direct_cost_api - INFO - [RESPONSE PAYLOAD]
{
  "message": "Delete Success"
}
2026-02-20 03:15:13 - delete_tco_direct_cost_api - INFO - ✓ Deleted: test_tco_config_adBAC
2026-02-20 03:15:13 - delete_tco_direct_cost_api - INFO - [17/99] Processing: test_tco_config_73fAE
2026-02-20 03:15:13 - delete_tco_direct_cost_api - INFO - [API REQUEST] DELETE https://ncm.services.nconprem-10-53-55-93.ccpnx.com/v1/cg/config/tco/configs/a839955d-c405-484d-b62a-da3ba11709cc
2026-02-20 03:15:13 - delete_tco_direct_cost_api - INFO - [API RESPONSE] DELETE https://ncm.services.nconprem-10-53-55-93.ccpnx.com/v1/cg/config/tco/configs/a839955d-c405-484d-b62a-da3ba11709cc
2026-02-20 03:15:13 - delete_tco_direct_cost_api - INFO - [STATUS CODE] 200
2026-02-20 03:15:13 - delete_tco_direct_cost_api - INFO - [TIME TAKEN] 0.2158 seconds (215.81 ms)
2026-02-20 03:15:13 - delete_tco_direct_cost_api - INFO - [RESPONSE CONTENT-TYPE] application/json
2026-02-20 03:15:13 - delete_tco_direct_cost_api - INFO - [RESPONSE PAYLOAD]
{
  "message": "Delete Success"
}
2026-02-20 03:15:13 - delete_tco_direct_cost_api - INFO - ✓ Deleted: test_tco_config_73fAE
2026-02-20 03:15:13 - delete_tco_direct_cost_api - INFO - [18/99] Processing: test_tco_config_Fbdfd
2026-02-20 03:15:13 - delete_tco_direct_cost_api - INFO - [API REQUEST] DELETE https://ncm.services.nconprem-10-53-55-93.ccpnx.com/v1/cg/config/tco/configs/b3858f04-0341-47b8-ab4c-e14329614bfb
2026-02-20 03:15:14 - delete_tco_direct_cost_api - INFO - [API RESPONSE] DELETE https://ncm.services.nconprem-10-53-55-93.ccpnx.com/v1/cg/config/tco/configs/b3858f04-0341-47b8-ab4c-e14329614bfb
2026-02-20 03:15:14 - delete_tco_direct_cost_api - INFO - [STATUS CODE] 200
2026-02-20 03:15:14 - delete_tco_direct_cost_api - INFO - [TIME TAKEN] 0.1694 seconds (169.39 ms)
2026-02-20 03:15:14 - delete_tco_direct_cost_api - INFO - [RESPONSE CONTENT-TYPE] application/json
2026-02-20 03:15:14 - delete_tco_direct_cost_api - INFO - [RESPONSE PAYLOAD]
{
  "message": "Delete Success"
}
2026-02-20 03:15:14 - delete_tco_direct_cost_api - INFO - ✓ Deleted: test_tco_config_Fbdfd
2026-02-20 03:15:14 - delete_tco_direct_cost_api - INFO - [19/99] Processing: test_tco_config_bB202
2026-02-20 03:15:14 - delete_tco_direct_cost_api - INFO - [API REQUEST] DELETE https://ncm.services.nconprem-10-53-55-93.ccpnx.com/v1/cg/config/tco/configs/ea2e4358-2b38-4638-9254-a150966dab95
2026-02-20 03:15:14 - delete_tco_direct_cost_api - INFO - [API RESPONSE] DELETE https://ncm.services.nconprem-10-53-55-93.ccpnx.com/v1/cg/config/tco/configs/ea2e4358-2b38-4638-9254-a150966dab95
2026-02-20 03:15:14 - delete_tco_direct_cost_api - INFO - [STATUS CODE] 200
2026-02-20 03:15:14 - delete_tco_direct_cost_api - INFO - [TIME TAKEN] 0.2042 seconds (204.25 ms)
2026-02-20 03:15:14 - delete_tco_direct_cost_api - INFO - [RESPONSE CONTENT-TYPE] application/json
2026-02-20 03:15:14 - delete_tco_direct_cost_api - INFO - [RESPONSE PAYLOAD]
{
  "message": "Delete Success"
}
2026-02-20 03:15:14 - delete_tco_direct_cost_api - INFO - ✓ Deleted: test_tco_config_bB202
2026-02-20 03:15:14 - delete_tco_direct_cost_api - INFO - [20/99] Processing: test_tco_config_aC48d
2026-02-20 03:15:14 - delete_tco_direct_cost_api - INFO - [API REQUEST] DELETE https://ncm.services.nconprem-10-53-55-93.ccpnx.com/v1/cg/config/tco/configs/99d451f0-4866-4654-956a-a1cc3db94e22
2026-02-20 03:15:14 - delete_tco_direct_cost_api - INFO - [API RESPONSE] DELETE https://ncm.services.nconprem-10-53-55-93.ccpnx.com/v1/cg/config/tco/configs/99d451f0-4866-4654-956a-a1cc3db94e22
2026-02-20 03:15:14 - delete_tco_direct_cost_api - INFO - [STATUS CODE] 200
2026-02-20 03:15:14 - delete_tco_direct_cost_api - INFO - [TIME TAKEN] 0.2093 seconds (209.32 ms)
2026-02-20 03:15:14 - delete_tco_direct_cost_api - INFO - [RESPONSE CONTENT-TYPE] application/json
2026-02-20 03:15:14 - delete_tco_direct_cost_api - INFO - [RESPONSE PAYLOAD]
{
  "message": "Delete Success"
}
2026-02-20 03:15:14 - delete_tco_direct_cost_api - INFO - ✓ Deleted: test_tco_config_aC48d
2026-02-20 03:15:15 - delete_tco_direct_cost_api - INFO - [21/99] Processing: test_tco_config_af925
2026-02-20 03:15:15 - delete_tco_direct_cost_api - INFO - [API REQUEST] DELETE https://ncm.services.nconprem-10-53-55-93.ccpnx.com/v1/cg/config/tco/configs/52d8d6ea-5273-4120-9360-0cfa657196e4
2026-02-20 03:15:15 - delete_tco_direct_cost_api - INFO - [API RESPONSE] DELETE https://ncm.services.nconprem-10-53-55-93.ccpnx.com/v1/cg/config/tco/configs/52d8d6ea-5273-4120-9360-0cfa657196e4
2026-02-20 03:15:15 - delete_tco_direct_cost_api - INFO - [STATUS CODE] 200
2026-02-20 03:15:15 - delete_tco_direct_cost_api - INFO - [TIME TAKEN] 0.1967 seconds (196.67 ms)
2026-02-20 03:15:15 - delete_tco_direct_cost_api - INFO - [RESPONSE CONTENT-TYPE] application/json
2026-02-20 03:15:15 - delete_tco_direct_cost_api - INFO - [RESPONSE PAYLOAD]
{
  "message": "Delete Success"
}
2026-02-20 03:15:15 - delete_tco_direct_cost_api - INFO - ✓ Deleted: test_tco_config_af925
2026-02-20 03:15:15 - delete_tco_direct_cost_api - INFO - [22/99] Processing: test_tco_config_Ffdb0
2026-02-20 03:15:15 - delete_tco_direct_cost_api - INFO - [API REQUEST] DELETE https://ncm.services.nconprem-10-53-55-93.ccpnx.com/v1/cg/config/tco/configs/13383bb5-d808-4185-817e-09233b804cdd
2026-02-20 03:15:15 - delete_tco_direct_cost_api - INFO - [API RESPONSE] DELETE https://ncm.services.nconprem-10-53-55-93.ccpnx.com/v1/cg/config/tco/configs/13383bb5-d808-4185-817e-09233b804cdd
2026-02-20 03:15:15 - delete_tco_direct_cost_api - INFO - [STATUS CODE] 200
2026-02-20 03:15:15 - delete_tco_direct_cost_api - INFO - [TIME TAKEN] 0.3027 seconds (302.73 ms)
2026-02-20 03:15:15 - delete_tco_direct_cost_api - INFO - [RESPONSE CONTENT-TYPE] application/json
2026-02-20 03:15:15 - delete_tco_direct_cost_api - INFO - [RESPONSE PAYLOAD]
{
  "message": "Delete Success"
}
2026-02-20 03:15:15 - delete_tco_direct_cost_api - INFO - ✓ Deleted: test_tco_config_Ffdb0
2026-02-20 03:15:16 - delete_tco_direct_cost_api - INFO - [23/99] Processing: test_tco_config_BB866
2026-02-20 03:15:16 - delete_tco_direct_cost_api - INFO - [API REQUEST] DELETE https://ncm.services.nconprem-10-53-55-93.ccpnx.com/v1/cg/config/tco/configs/1d7c7f58-08d2-4aa5-8379-a8b4a1d50ffb
2026-02-20 03:15:16 - delete_tco_direct_cost_api - INFO - [API RESPONSE] DELETE https://ncm.services.nconprem-10-53-55-93.ccpnx.com/v1/cg/config/tco/configs/1d7c7f58-08d2-4aa5-8379-a8b4a1d50ffb
2026-02-20 03:15:16 - delete_tco_direct_cost_api - INFO - [STATUS CODE] 200
2026-02-20 03:15:16 - delete_tco_direct_cost_api - INFO - [TIME TAKEN] 0.1919 seconds (191.95 ms)
2026-02-20 03:15:16 - delete_tco_direct_cost_api - INFO - [RESPONSE CONTENT-TYPE] application/json
2026-02-20 03:15:16 - delete_tco_direct_cost_api - INFO - [RESPONSE PAYLOAD]
{
  "message": "Delete Success"
}
2026-02-20 03:15:16 - delete_tco_direct_cost_api - INFO - ✓ Deleted: test_tco_config_BB866
2026-02-20 03:15:16 - delete_tco_direct_cost_api - INFO - [24/99] Processing: test_tco_config_E5aA5
2026-02-20 03:15:16 - delete_tco_direct_cost_api - INFO - [API REQUEST] DELETE https://ncm.services.nconprem-10-53-55-93.ccpnx.com/v1/cg/config/tco/configs/3213fe1a-8969-4b0e-841e-24173ff36445
2026-02-20 03:15:16 - delete_tco_direct_cost_api - INFO - [API RESPONSE] DELETE https://ncm.services.nconprem-10-53-55-93.ccpnx.com/v1/cg/config/tco/configs/3213fe1a-8969-4b0e-841e-24173ff36445
2026-02-20 03:15:16 - delete_tco_direct_cost_api - INFO - [STATUS CODE] 200
2026-02-20 03:15:16 - delete_tco_direct_cost_api - INFO - [TIME TAKEN] 0.1919 seconds (191.92 ms)
2026-02-20 03:15:16 - delete_tco_direct_cost_api - INFO - [RESPONSE CONTENT-TYPE] application/json
2026-02-20 03:15:16 - delete_tco_direct_cost_api - INFO - [RESPONSE PAYLOAD]
{
  "message": "Delete Success"
}
2026-02-20 03:15:16 - delete_tco_direct_cost_api - INFO - ✓ Deleted: test_tco_config_E5aA5
2026-02-20 03:15:16 - delete_tco_direct_cost_api - INFO - [25/99] Processing: test_tco_config_617D3
2026-02-20 03:15:16 - delete_tco_direct_cost_api - INFO - [API REQUEST] DELETE https://ncm.services.nconprem-10-53-55-93.ccpnx.com/v1/cg/config/tco/configs/62c3f814-6f7d-4423-8fee-62ba6971a032
2026-02-20 03:15:16 - delete_tco_direct_cost_api - INFO - [API RESPONSE] DELETE https://ncm.services.nconprem-10-53-55-93.ccpnx.com/v1/cg/config/tco/configs/62c3f814-6f7d-4423-8fee-62ba6971a032
2026-02-20 03:15:16 - delete_tco_direct_cost_api - INFO - [STATUS CODE] 200
2026-02-20 03:15:16 - delete_tco_direct_cost_api - INFO - [TIME TAKEN] 0.1768 seconds (176.80 ms)
2026-02-20 03:15:16 - delete_tco_direct_cost_api - INFO - [RESPONSE CONTENT-TYPE] application/json
2026-02-20 03:15:16 - delete_tco_direct_cost_api - INFO - [RESPONSE PAYLOAD]
{
  "message": "Delete Success"
}
2026-02-20 03:15:16 - delete_tco_direct_cost_api - INFO - ✓ Deleted: test_tco_config_617D3
2026-02-20 03:15:17 - delete_tco_direct_cost_api - INFO - [26/99] Processing: test_tco_config_830C8
2026-02-20 03:15:17 - delete_tco_direct_cost_api - INFO - [API REQUEST] DELETE https://ncm.services.nconprem-10-53-55-93.ccpnx.com/v1/cg/config/tco/configs/6483dc9e-d369-4e91-9bc1-b0df263d4269
2026-02-20 03:15:17 - delete_tco_direct_cost_api - INFO - [API RESPONSE] DELETE https://ncm.services.nconprem-10-53-55-93.ccpnx.com/v1/cg/config/tco/configs/6483dc9e-d369-4e91-9bc1-b0df263d4269
2026-02-20 03:15:17 - delete_tco_direct_cost_api - INFO - [STATUS CODE] 200
2026-02-20 03:15:17 - delete_tco_direct_cost_api - INFO - [TIME TAKEN] 0.2333 seconds (233.31 ms)
2026-02-20 03:15:17 - delete_tco_direct_cost_api - INFO - [RESPONSE CONTENT-TYPE] application/json
2026-02-20 03:15:17 - delete_tco_direct_cost_api - INFO - [RESPONSE PAYLOAD]
{
  "message": "Delete Success"
}
2026-02-20 03:15:17 - delete_tco_direct_cost_api - INFO - ✓ Deleted: test_tco_config_830C8
2026-02-20 03:15:17 - delete_tco_direct_cost_api - INFO - [27/99] Processing: test_tco_config_B15a9
2026-02-20 03:15:17 - delete_tco_direct_cost_api - INFO - [API REQUEST] DELETE https://ncm.services.nconprem-10-53-55-93.ccpnx.com/v1/cg/config/tco/configs/8085b99e-2ca0-46c2-912d-65be978a627b
2026-02-20 03:15:17 - delete_tco_direct_cost_api - INFO - [API RESPONSE] DELETE https://ncm.services.nconprem-10-53-55-93.ccpnx.com/v1/cg/config/tco/configs/8085b99e-2ca0-46c2-912d-65be978a627b
2026-02-20 03:15:17 - delete_tco_direct_cost_api - INFO - [STATUS CODE] 200
2026-02-20 03:15:17 - delete_tco_direct_cost_api - INFO - [TIME TAKEN] 0.1853 seconds (185.29 ms)
2026-02-20 03:15:17 - delete_tco_direct_cost_api - INFO - [RESPONSE CONTENT-TYPE] application/json
2026-02-20 03:15:17 - delete_tco_direct_cost_api - INFO - [RESPONSE PAYLOAD]
{
  "message": "Delete Success"
}
2026-02-20 03:15:17 - delete_tco_direct_cost_api - INFO - ✓ Deleted: test_tco_config_B15a9
2026-02-20 03:15:18 - delete_tco_direct_cost_api - INFO - [28/99] Processing: test_tco_config_c7f7e
2026-02-20 03:15:18 - delete_tco_direct_cost_api - INFO - [API REQUEST] DELETE https://ncm.services.nconprem-10-53-55-93.ccpnx.com/v1/cg/config/tco/configs/ca7b0957-274c-4531-8be3-8a2b6de168b1
2026-02-20 03:15:18 - delete_tco_direct_cost_api - INFO - [API RESPONSE] DELETE https://ncm.services.nconprem-10-53-55-93.ccpnx.com/v1/cg/config/tco/configs/ca7b0957-274c-4531-8be3-8a2b6de168b1
2026-02-20 03:15:18 - delete_tco_direct_cost_api - INFO - [STATUS CODE] 200
2026-02-20 03:15:18 - delete_tco_direct_cost_api - INFO - [TIME TAKEN] 0.1867 seconds (186.74 ms)
2026-02-20 03:15:18 - delete_tco_direct_cost_api - INFO - [RESPONSE CONTENT-TYPE] application/json
2026-02-20 03:15:18 - delete_tco_direct_cost_api - INFO - [RESPONSE PAYLOAD]
{
  "message": "Delete Success"
}
2026-02-20 03:15:18 - delete_tco_direct_cost_api - INFO - ✓ Deleted: test_tco_config_c7f7e
2026-02-20 03:15:18 - delete_tco_direct_cost_api - INFO - [29/99] Processing: test_tco_config_7f6C7
2026-02-20 03:15:18 - delete_tco_direct_cost_api - INFO - [API REQUEST] DELETE https://ncm.services.nconprem-10-53-55-93.ccpnx.com/v1/cg/config/tco/configs/6e1cf435-e67e-4ffd-a4c1-62ade4fd653d
2026-02-20 03:15:18 - delete_tco_direct_cost_api - INFO - [API RESPONSE] DELETE https://ncm.services.nconprem-10-53-55-93.ccpnx.com/v1/cg/config/tco/configs/6e1cf435-e67e-4ffd-a4c1-62ade4fd653d
2026-02-20 03:15:18 - delete_tco_direct_cost_api - INFO - [STATUS CODE] 200
2026-02-20 03:15:18 - delete_tco_direct_cost_api - INFO - [TIME TAKEN] 0.1979 seconds (197.94 ms)
2026-02-20 03:15:18 - delete_tco_direct_cost_api - INFO - [RESPONSE CONTENT-TYPE] application/json
2026-02-20 03:15:18 - delete_tco_direct_cost_api - INFO - [RESPONSE PAYLOAD]
{
  "message": "Delete Success"
}
2026-02-20 03:15:18 - delete_tco_direct_cost_api - INFO - ✓ Deleted: test_tco_config_7f6C7
2026-02-20 03:15:18 - delete_tco_direct_cost_api - INFO - [30/99] Processing: test_tco_config_a6BAf
2026-02-20 03:15:18 - delete_tco_direct_cost_api - INFO - [API REQUEST] DELETE https://ncm.services.nconprem-10-53-55-93.ccpnx.com/v1/cg/config/tco/configs/6e8025bf-8eee-4b45-930b-639d8e25252f
2026-02-20 03:15:18 - delete_tco_direct_cost_api - INFO - [API RESPONSE] DELETE https://ncm.services.nconprem-10-53-55-93.ccpnx.com/v1/cg/config/tco/configs/6e8025bf-8eee-4b45-930b-639d8e25252f
2026-02-20 03:15:18 - delete_tco_direct_cost_api - INFO - [STATUS CODE] 200
2026-02-20 03:15:18 - delete_tco_direct_cost_api - INFO - [TIME TAKEN] 0.2036 seconds (203.56 ms)
2026-02-20 03:15:18 - delete_tco_direct_cost_api - INFO - [RESPONSE CONTENT-TYPE] application/json
2026-02-20 03:15:18 - delete_tco_direct_cost_api - INFO - [RESPONSE PAYLOAD]
{
  "message": "Delete Success"
}
2026-02-20 03:15:18 - delete_tco_direct_cost_api - INFO - ✓ Deleted: test_tco_config_a6BAf
2026-02-20 03:15:19 - delete_tco_direct_cost_api - INFO - [31/99] Processing: test_tco_config_3B9A5
2026-02-20 03:15:19 - delete_tco_direct_cost_api - INFO - [API REQUEST] DELETE https://ncm.services.nconprem-10-53-55-93.ccpnx.com/v1/cg/config/tco/configs/bd697018-8f84-4d2d-86eb-68688795f22b
2026-02-20 03:15:19 - delete_tco_direct_cost_api - INFO - [API RESPONSE] DELETE https://ncm.services.nconprem-10-53-55-93.ccpnx.com/v1/cg/config/tco/configs/bd697018-8f84-4d2d-86eb-68688795f22b
2026-02-20 03:15:19 - delete_tco_direct_cost_api - INFO - [STATUS CODE] 200
2026-02-20 03:15:19 - delete_tco_direct_cost_api - INFO - [TIME TAKEN] 0.2019 seconds (201.92 ms)
2026-02-20 03:15:19 - delete_tco_direct_cost_api - INFO - [RESPONSE CONTENT-TYPE] application/json
2026-02-20 03:15:19 - delete_tco_direct_cost_api - INFO - [RESPONSE PAYLOAD]
{
  "message": "Delete Success"
}
2026-02-20 03:15:19 - delete_tco_direct_cost_api - INFO - ✓ Deleted: test_tco_config_3B9A5
2026-02-20 03:15:19 - delete_tco_direct_cost_api - INFO - [32/99] Processing: test_tco_config_f45bf
2026-02-20 03:15:19 - delete_tco_direct_cost_api - INFO - [API REQUEST] DELETE https://ncm.services.nconprem-10-53-55-93.ccpnx.com/v1/cg/config/tco/configs/f7ed4295-b7a1-42db-b45b-8644e50426bf
2026-02-20 03:15:19 - delete_tco_direct_cost_api - INFO - [API RESPONSE] DELETE https://ncm.services.nconprem-10-53-55-93.ccpnx.com/v1/cg/config/tco/configs/f7ed4295-b7a1-42db-b45b-8644e50426bf
2026-02-20 03:15:19 - delete_tco_direct_cost_api - INFO - [STATUS CODE] 200
2026-02-20 03:15:19 - delete_tco_direct_cost_api - INFO - [TIME TAKEN] 0.1907 seconds (190.68 ms)
2026-02-20 03:15:19 - delete_tco_direct_cost_api - INFO - [RESPONSE CONTENT-TYPE] application/json
2026-02-20 03:15:19 - delete_tco_direct_cost_api - INFO - [RESPONSE PAYLOAD]
{
  "message": "Delete Success"
}
2026-02-20 03:15:19 - delete_tco_direct_cost_api - INFO - ✓ Deleted: test_tco_config_f45bf
2026-02-20 03:15:19 - delete_tco_direct_cost_api - INFO - [33/99] Processing: test_tco_config_d53CA
2026-02-20 03:15:19 - delete_tco_direct_cost_api - INFO - [API REQUEST] DELETE https://ncm.services.nconprem-10-53-55-93.ccpnx.com/v1/cg/config/tco/configs/fe532ec8-d814-417a-a084-e116b67e4f07
2026-02-20 03:15:20 - delete_tco_direct_cost_api - INFO - [API RESPONSE] DELETE https://ncm.services.nconprem-10-53-55-93.ccpnx.com/v1/cg/config/tco/configs/fe532ec8-d814-417a-a084-e116b67e4f07
2026-02-20 03:15:20 - delete_tco_direct_cost_api - INFO - [STATUS CODE] 200
2026-02-20 03:15:20 - delete_tco_direct_cost_api - INFO - [TIME TAKEN] 0.2645 seconds (264.55 ms)
2026-02-20 03:15:20 - delete_tco_direct_cost_api - INFO - [RESPONSE CONTENT-TYPE] application/json
2026-02-20 03:15:20 - delete_tco_direct_cost_api - INFO - [RESPONSE PAYLOAD]
{
  "message": "Delete Success"
}
2026-02-20 03:15:20 - delete_tco_direct_cost_api - INFO - ✓ Deleted: test_tco_config_d53CA
2026-02-20 03:15:20 - delete_tco_direct_cost_api - INFO - [34/99] Processing: test_tco_config_E4B14
2026-02-20 03:15:20 - delete_tco_direct_cost_api - INFO - [API REQUEST] DELETE https://ncm.services.nconprem-10-53-55-93.ccpnx.com/v1/cg/config/tco/configs/b9aaf7e6-e92a-4db1-9b60-7bf2c31b7b72
2026-02-20 03:15:20 - delete_tco_direct_cost_api - INFO - [API RESPONSE] DELETE https://ncm.services.nconprem-10-53-55-93.ccpnx.com/v1/cg/config/tco/configs/b9aaf7e6-e92a-4db1-9b60-7bf2c31b7b72
2026-02-20 03:15:20 - delete_tco_direct_cost_api - INFO - [STATUS CODE] 200
2026-02-20 03:15:20 - delete_tco_direct_cost_api - INFO - [TIME TAKEN] 0.2939 seconds (293.92 ms)
2026-02-20 03:15:20 - delete_tco_direct_cost_api - INFO - [RESPONSE CONTENT-TYPE] application/json
2026-02-20 03:15:20 - delete_tco_direct_cost_api - INFO - [RESPONSE PAYLOAD]
{
  "message": "Delete Success"
}
2026-02-20 03:15:20 - delete_tco_direct_cost_api - INFO - ✓ Deleted: test_tco_config_E4B14
2026-02-20 03:15:20 - delete_tco_direct_cost_api - INFO - [35/99] Processing: test_tco_config_146bb
2026-02-20 03:15:20 - delete_tco_direct_cost_api - INFO - [API REQUEST] DELETE https://ncm.services.nconprem-10-53-55-93.ccpnx.com/v1/cg/config/tco/configs/2b153aae-9786-4493-b911-dfd6515015c9
2026-02-20 03:15:21 - delete_tco_direct_cost_api - INFO - [API RESPONSE] DELETE https://ncm.services.nconprem-10-53-55-93.ccpnx.com/v1/cg/config/tco/configs/2b153aae-9786-4493-b911-dfd6515015c9
2026-02-20 03:15:21 - delete_tco_direct_cost_api - INFO - [STATUS CODE] 200
2026-02-20 03:15:21 - delete_tco_direct_cost_api - INFO - [TIME TAKEN] 0.3382 seconds (338.18 ms)
2026-02-20 03:15:21 - delete_tco_direct_cost_api - INFO - [RESPONSE CONTENT-TYPE] application/json
2026-02-20 03:15:21 - delete_tco_direct_cost_api - INFO - [RESPONSE PAYLOAD]
{
  "message": "Delete Success"
}
2026-02-20 03:15:21 - delete_tco_direct_cost_api - INFO - ✓ Deleted: test_tco_config_146bb
2026-02-20 03:15:21 - delete_tco_direct_cost_api - INFO - [36/99] Processing: test_tco_config_8d1Dd
2026-02-20 03:15:21 - delete_tco_direct_cost_api - INFO - [API REQUEST] DELETE https://ncm.services.nconprem-10-53-55-93.ccpnx.com/v1/cg/config/tco/configs/3a895d27-3b49-474d-adc6-96aa1939da78
2026-02-20 03:15:21 - delete_tco_direct_cost_api - INFO - [API RESPONSE] DELETE https://ncm.services.nconprem-10-53-55-93.ccpnx.com/v1/cg/config/tco/configs/3a895d27-3b49-474d-adc6-96aa1939da78
2026-02-20 03:15:21 - delete_tco_direct_cost_api - INFO - [STATUS CODE] 200
2026-02-20 03:15:21 - delete_tco_direct_cost_api - INFO - [TIME TAKEN] 0.2121 seconds (212.07 ms)
2026-02-20 03:15:21 - delete_tco_direct_cost_api - INFO - [RESPONSE CONTENT-TYPE] application/json
2026-02-20 03:15:21 - delete_tco_direct_cost_api - INFO - [RESPONSE PAYLOAD]
{
  "message": "Delete Success"
}
2026-02-20 03:15:21 - delete_tco_direct_cost_api - INFO - ✓ Deleted: test_tco_config_8d1Dd
2026-02-20 03:15:21 - delete_tco_direct_cost_api - INFO - [37/99] Processing: test_tco_config_7CD8C
2026-02-20 03:15:21 - delete_tco_direct_cost_api - INFO - [API REQUEST] DELETE https://ncm.services.nconprem-10-53-55-93.ccpnx.com/v1/cg/config/tco/configs/4cd5b30a-d273-4ca5-97b7-6fcb7595c5f1
2026-02-20 03:15:22 - delete_tco_direct_cost_api - INFO - [API RESPONSE] DELETE https://ncm.services.nconprem-10-53-55-93.ccpnx.com/v1/cg/config/tco/configs/4cd5b30a-d273-4ca5-97b7-6fcb7595c5f1
2026-02-20 03:15:22 - delete_tco_direct_cost_api - INFO - [STATUS CODE] 200
2026-02-20 03:15:22 - delete_tco_direct_cost_api - INFO - [TIME TAKEN] 0.2782 seconds (278.16 ms)
2026-02-20 03:15:22 - delete_tco_direct_cost_api - INFO - [RESPONSE CONTENT-TYPE] application/json
2026-02-20 03:15:22 - delete_tco_direct_cost_api - INFO - [RESPONSE PAYLOAD]
{
  "message": "Delete Success"
}
2026-02-20 03:15:22 - delete_tco_direct_cost_api - INFO - ✓ Deleted: test_tco_config_7CD8C
2026-02-20 03:15:22 - delete_tco_direct_cost_api - INFO - [38/99] Processing: test_tco_config_F1eDc
2026-02-20 03:15:22 - delete_tco_direct_cost_api - INFO - [API REQUEST] DELETE https://ncm.services.nconprem-10-53-55-93.ccpnx.com/v1/cg/config/tco/configs/720b3aeb-103f-41a9-9e66-542498dfbc40
2026-02-20 03:15:22 - delete_tco_direct_cost_api - INFO - [API RESPONSE] DELETE https://ncm.services.nconprem-10-53-55-93.ccpnx.com/v1/cg/config/tco/configs/720b3aeb-103f-41a9-9e66-542498dfbc40
2026-02-20 03:15:22 - delete_tco_direct_cost_api - INFO - [STATUS CODE] 200
2026-02-20 03:15:22 - delete_tco_direct_cost_api - INFO - [TIME TAKEN] 0.2130 seconds (212.98 ms)
2026-02-20 03:15:22 - delete_tco_direct_cost_api - INFO - [RESPONSE CONTENT-TYPE] application/json
2026-02-20 03:15:22 - delete_tco_direct_cost_api - INFO - [RESPONSE PAYLOAD]
{
  "message": "Delete Success"
}
2026-02-20 03:15:22 - delete_tco_direct_cost_api - INFO - ✓ Deleted: test_tco_config_F1eDc
2026-02-20 03:15:22 - delete_tco_direct_cost_api - INFO - [39/99] Processing: test_tco_config_b6938
2026-02-20 03:15:22 - delete_tco_direct_cost_api - INFO - [API REQUEST] DELETE https://ncm.services.nconprem-10-53-55-93.ccpnx.com/v1/cg/config/tco/configs/a3f53f50-fa09-4b3b-a576-688f7f4d1371
2026-02-20 03:15:23 - delete_tco_direct_cost_api - INFO - [API RESPONSE] DELETE https://ncm.services.nconprem-10-53-55-93.ccpnx.com/v1/cg/config/tco/configs/a3f53f50-fa09-4b3b-a576-688f7f4d1371
2026-02-20 03:15:23 - delete_tco_direct_cost_api - INFO - [STATUS CODE] 200
2026-02-20 03:15:23 - delete_tco_direct_cost_api - INFO - [TIME TAKEN] 0.2207 seconds (220.65 ms)
2026-02-20 03:15:23 - delete_tco_direct_cost_api - INFO - [RESPONSE CONTENT-TYPE] application/json
2026-02-20 03:15:23 - delete_tco_direct_cost_api - INFO - [RESPONSE PAYLOAD]
{
  "message": "Delete Success"
}
2026-02-20 03:15:23 - delete_tco_direct_cost_api - INFO - ✓ Deleted: test_tco_config_b6938
2026-02-20 03:15:23 - delete_tco_direct_cost_api - INFO - [40/99] Processing: test_tco_config_9a1aD
2026-02-20 03:15:23 - delete_tco_direct_cost_api - INFO - [API REQUEST] DELETE https://ncm.services.nconprem-10-53-55-93.ccpnx.com/v1/cg/config/tco/configs/dd024cbe-f430-47bf-bc50-476d0bdc1f9e
2026-02-20 03:15:23 - delete_tco_direct_cost_api - INFO - [API RESPONSE] DELETE https://ncm.services.nconprem-10-53-55-93.ccpnx.com/v1/cg/config/tco/configs/dd024cbe-f430-47bf-bc50-476d0bdc1f9e
2026-02-20 03:15:23 - delete_tco_direct_cost_api - INFO - [STATUS CODE] 200
2026-02-20 03:15:23 - delete_tco_direct_cost_api - INFO - [TIME TAKEN] 0.1757 seconds (175.66 ms)
2026-02-20 03:15:23 - delete_tco_direct_cost_api - INFO - [RESPONSE CONTENT-TYPE] application/json
2026-02-20 03:15:23 - delete_tco_direct_cost_api - INFO - [RESPONSE PAYLOAD]
{
  "message": "Delete Success"
}
2026-02-20 03:15:23 - delete_tco_direct_cost_api - INFO - ✓ Deleted: test_tco_config_9a1aD
2026-02-20 03:15:23 - delete_tco_direct_cost_api - INFO - [41/99] Processing: test_tco_config_c5bD1
2026-02-20 03:15:23 - delete_tco_direct_cost_api - INFO - [API REQUEST] DELETE https://ncm.services.nconprem-10-53-55-93.ccpnx.com/v1/cg/config/tco/configs/dd91b687-2e6e-442a-8f54-e6764aa268b2
2026-02-20 03:15:23 - delete_tco_direct_cost_api - INFO - [API RESPONSE] DELETE https://ncm.services.nconprem-10-53-55-93.ccpnx.com/v1/cg/config/tco/configs/dd91b687-2e6e-442a-8f54-e6764aa268b2
2026-02-20 03:15:23 - delete_tco_direct_cost_api - INFO - [STATUS CODE] 200
2026-02-20 03:15:23 - delete_tco_direct_cost_api - INFO - [TIME TAKEN] 0.1916 seconds (191.63 ms)
2026-02-20 03:15:23 - delete_tco_direct_cost_api - INFO - [RESPONSE CONTENT-TYPE] application/json
2026-02-20 03:15:23 - delete_tco_direct_cost_api - INFO - [RESPONSE PAYLOAD]
{
  "message": "Delete Success"
}
2026-02-20 03:15:23 - delete_tco_direct_cost_api - INFO - ✓ Deleted: test_tco_config_c5bD1
2026-02-20 03:15:23 - delete_tco_direct_cost_api - INFO - [42/99] Processing: test_tco_config_E1b8F
2026-02-20 03:15:23 - delete_tco_direct_cost_api - INFO - [API REQUEST] DELETE https://ncm.services.nconprem-10-53-55-93.ccpnx.com/v1/cg/config/tco/configs/98912b41-9128-46a5-a531-4c735c38b9b3
2026-02-20 03:15:24 - delete_tco_direct_cost_api - INFO - [API RESPONSE] DELETE https://ncm.services.nconprem-10-53-55-93.ccpnx.com/v1/cg/config/tco/configs/98912b41-9128-46a5-a531-4c735c38b9b3
2026-02-20 03:15:24 - delete_tco_direct_cost_api - INFO - [STATUS CODE] 200
2026-02-20 03:15:24 - delete_tco_direct_cost_api - INFO - [TIME TAKEN] 0.1872 seconds (187.24 ms)
2026-02-20 03:15:24 - delete_tco_direct_cost_api - INFO - [RESPONSE CONTENT-TYPE] application/json
2026-02-20 03:15:24 - delete_tco_direct_cost_api - INFO - [RESPONSE PAYLOAD]
{
  "message": "Delete Success"
}
2026-02-20 03:15:24 - delete_tco_direct_cost_api - INFO - ✓ Deleted: test_tco_config_E1b8F
2026-02-20 03:15:24 - delete_tco_direct_cost_api - INFO - [43/99] Processing: test_tco_config_b6Cd5
2026-02-20 03:15:24 - delete_tco_direct_cost_api - INFO - [API REQUEST] DELETE https://ncm.services.nconprem-10-53-55-93.ccpnx.com/v1/cg/config/tco/configs/5d519597-518a-47eb-9090-f789f0d00874
2026-02-20 03:15:24 - delete_tco_direct_cost_api - INFO - [API RESPONSE] DELETE https://ncm.services.nconprem-10-53-55-93.ccpnx.com/v1/cg/config/tco/configs/5d519597-518a-47eb-9090-f789f0d00874
2026-02-20 03:15:24 - delete_tco_direct_cost_api - INFO - [STATUS CODE] 200
2026-02-20 03:15:24 - delete_tco_direct_cost_api - INFO - [TIME TAKEN] 0.2369 seconds (236.91 ms)
2026-02-20 03:15:24 - delete_tco_direct_cost_api - INFO - [RESPONSE CONTENT-TYPE] application/json
2026-02-20 03:15:24 - delete_tco_direct_cost_api - INFO - [RESPONSE PAYLOAD]
{
  "message": "Delete Success"
}
2026-02-20 03:15:24 - delete_tco_direct_cost_api - INFO - ✓ Deleted: test_tco_config_b6Cd5
2026-02-20 03:15:24 - delete_tco_direct_cost_api - INFO - [44/99] Processing: test_tco_config_99B5b
2026-02-20 03:15:24 - delete_tco_direct_cost_api - INFO - [API REQUEST] DELETE https://ncm.services.nconprem-10-53-55-93.ccpnx.com/v1/cg/config/tco/configs/db8e6ac0-8cf6-4f46-9a12-bc291aa2d97a
2026-02-20 03:15:25 - delete_tco_direct_cost_api - INFO - [API RESPONSE] DELETE https://ncm.services.nconprem-10-53-55-93.ccpnx.com/v1/cg/config/tco/configs/db8e6ac0-8cf6-4f46-9a12-bc291aa2d97a
2026-02-20 03:15:25 - delete_tco_direct_cost_api - INFO - [STATUS CODE] 200
2026-02-20 03:15:25 - delete_tco_direct_cost_api - INFO - [TIME TAKEN] 0.2106 seconds (210.63 ms)
2026-02-20 03:15:25 - delete_tco_direct_cost_api - INFO - [RESPONSE CONTENT-TYPE] application/json
2026-02-20 03:15:25 - delete_tco_direct_cost_api - INFO - [RESPONSE PAYLOAD]
{
  "message": "Delete Success"
}
2026-02-20 03:15:25 - delete_tco_direct_cost_api - INFO - ✓ Deleted: test_tco_config_99B5b
2026-02-20 03:15:25 - delete_tco_direct_cost_api - INFO - [45/99] Processing: test_tco_config_A7361
2026-02-20 03:15:25 - delete_tco_direct_cost_api - INFO - [API REQUEST] DELETE https://ncm.services.nconprem-10-53-55-93.ccpnx.com/v1/cg/config/tco/configs/fc64a128-f628-47bc-920a-cae31769e7b2
2026-02-20 03:15:25 - delete_tco_direct_cost_api - INFO - [API RESPONSE] DELETE https://ncm.services.nconprem-10-53-55-93.ccpnx.com/v1/cg/config/tco/configs/fc64a128-f628-47bc-920a-cae31769e7b2
2026-02-20 03:15:25 - delete_tco_direct_cost_api - INFO - [STATUS CODE] 200
2026-02-20 03:15:25 - delete_tco_direct_cost_api - INFO - [TIME TAKEN] 0.3438 seconds (343.82 ms)
2026-02-20 03:15:25 - delete_tco_direct_cost_api - INFO - [RESPONSE CONTENT-TYPE] application/json
2026-02-20 03:15:25 - delete_tco_direct_cost_api - INFO - [RESPONSE PAYLOAD]
{
  "message": "Delete Success"
}
2026-02-20 03:15:25 - delete_tco_direct_cost_api - INFO - ✓ Deleted: test_tco_config_A7361
2026-02-20 03:15:25 - delete_tco_direct_cost_api - INFO - [46/99] Processing: test_tco_config_B5892
2026-02-20 03:15:25 - delete_tco_direct_cost_api - INFO - [API REQUEST] DELETE https://ncm.services.nconprem-10-53-55-93.ccpnx.com/v1/cg/config/tco/configs/24f94fe9-b961-4a8c-b8c7-f255030b78c7
2026-02-20 03:15:26 - delete_tco_direct_cost_api - INFO - [API RESPONSE] DELETE https://ncm.services.nconprem-10-53-55-93.ccpnx.com/v1/cg/config/tco/configs/24f94fe9-b961-4a8c-b8c7-f255030b78c7
2026-02-20 03:15:26 - delete_tco_direct_cost_api - INFO - [STATUS CODE] 200
2026-02-20 03:15:26 - delete_tco_direct_cost_api - INFO - [TIME TAKEN] 0.2164 seconds (216.38 ms)
2026-02-20 03:15:26 - delete_tco_direct_cost_api - INFO - [RESPONSE CONTENT-TYPE] application/json
2026-02-20 03:15:26 - delete_tco_direct_cost_api - INFO - [RESPONSE PAYLOAD]
{
  "message": "Delete Success"
}
2026-02-20 03:15:26 - delete_tco_direct_cost_api - INFO - ✓ Deleted: test_tco_config_B5892
2026-02-20 03:15:26 - delete_tco_direct_cost_api - INFO - [47/99] Processing: test_tco_config_91113
2026-02-20 03:15:26 - delete_tco_direct_cost_api - INFO - [API REQUEST] DELETE https://ncm.services.nconprem-10-53-55-93.ccpnx.com/v1/cg/config/tco/configs/cf326c7b-b866-40cd-bb29-346f3011e3f2
2026-02-20 03:15:26 - delete_tco_direct_cost_api - INFO - [API RESPONSE] DELETE https://ncm.services.nconprem-10-53-55-93.ccpnx.com/v1/cg/config/tco/configs/cf326c7b-b866-40cd-bb29-346f3011e3f2
2026-02-20 03:15:26 - delete_tco_direct_cost_api - INFO - [STATUS CODE] 200
2026-02-20 03:15:26 - delete_tco_direct_cost_api - INFO - [TIME TAKEN] 0.1972 seconds (197.16 ms)
2026-02-20 03:15:26 - delete_tco_direct_cost_api - INFO - [RESPONSE CONTENT-TYPE] application/json
2026-02-20 03:15:26 - delete_tco_direct_cost_api - INFO - [RESPONSE PAYLOAD]
{
  "message": "Delete Success"
}
2026-02-20 03:15:26 - delete_tco_direct_cost_api - INFO - ✓ Deleted: test_tco_config_91113
2026-02-20 03:15:26 - delete_tco_direct_cost_api - INFO - [48/99] Processing: test_tco_config_EE83a
2026-02-20 03:15:26 - delete_tco_direct_cost_api - INFO - [API REQUEST] DELETE https://ncm.services.nconprem-10-53-55-93.ccpnx.com/v1/cg/config/tco/configs/b3de8738-9034-433b-b750-09a1a899a0b4
2026-02-20 03:15:26 - delete_tco_direct_cost_api - INFO - [API RESPONSE] DELETE https://ncm.services.nconprem-10-53-55-93.ccpnx.com/v1/cg/config/tco/configs/b3de8738-9034-433b-b750-09a1a899a0b4
2026-02-20 03:15:26 - delete_tco_direct_cost_api - INFO - [STATUS CODE] 200
2026-02-20 03:15:26 - delete_tco_direct_cost_api - INFO - [TIME TAKEN] 0.2303 seconds (230.26 ms)
2026-02-20 03:15:26 - delete_tco_direct_cost_api - INFO - [RESPONSE CONTENT-TYPE] application/json
2026-02-20 03:15:26 - delete_tco_direct_cost_api - INFO - [RESPONSE PAYLOAD]
{
  "message": "Delete Success"
}
2026-02-20 03:15:26 - delete_tco_direct_cost_api - INFO - ✓ Deleted: test_tco_config_EE83a
2026-02-20 03:15:27 - delete_tco_direct_cost_api - INFO - [49/99] Processing: test_tco_config_66858
2026-02-20 03:15:27 - delete_tco_direct_cost_api - INFO - [API REQUEST] DELETE https://ncm.services.nconprem-10-53-55-93.ccpnx.com/v1/cg/config/tco/configs/bef3b383-4c67-482f-a2ae-bb6b8fd43c43
2026-02-20 03:15:27 - delete_tco_direct_cost_api - INFO - [API RESPONSE] DELETE https://ncm.services.nconprem-10-53-55-93.ccpnx.com/v1/cg/config/tco/configs/bef3b383-4c67-482f-a2ae-bb6b8fd43c43
2026-02-20 03:15:27 - delete_tco_direct_cost_api - INFO - [STATUS CODE] 200
2026-02-20 03:15:27 - delete_tco_direct_cost_api - INFO - [TIME TAKEN] 0.1990 seconds (198.99 ms)
2026-02-20 03:15:27 - delete_tco_direct_cost_api - INFO - [RESPONSE CONTENT-TYPE] application/json
2026-02-20 03:15:27 - delete_tco_direct_cost_api - INFO - [RESPONSE PAYLOAD]
{
  "message": "Delete Success"
}
2026-02-20 03:15:27 - delete_tco_direct_cost_api - INFO - ✓ Deleted: test_tco_config_66858
2026-02-20 03:15:27 - delete_tco_direct_cost_api - INFO - [50/99] Processing: test_tco_config_d0e81
2026-02-20 03:15:27 - delete_tco_direct_cost_api - INFO - [API REQUEST] DELETE https://ncm.services.nconprem-10-53-55-93.ccpnx.com/v1/cg/config/tco/configs/fbdd363a-9022-4ab3-b952-8c75c42047be
2026-02-20 03:15:27 - delete_tco_direct_cost_api - INFO - [API RESPONSE] DELETE https://ncm.services.nconprem-10-53-55-93.ccpnx.com/v1/cg/config/tco/configs/fbdd363a-9022-4ab3-b952-8c75c42047be
2026-02-20 03:15:27 - delete_tco_direct_cost_api - INFO - [STATUS CODE] 200
2026-02-20 03:15:27 - delete_tco_direct_cost_api - INFO - [TIME TAKEN] 0.3008 seconds (300.85 ms)
2026-02-20 03:15:27 - delete_tco_direct_cost_api - INFO - [RESPONSE CONTENT-TYPE] application/json
2026-02-20 03:15:27 - delete_tco_direct_cost_api - INFO - [RESPONSE PAYLOAD]
{
  "message": "Delete Success"
}
2026-02-20 03:15:27 - delete_tco_direct_cost_api - INFO - ✓ Deleted: test_tco_config_d0e81
2026-02-20 03:15:27 - delete_tco_direct_cost_api - INFO - [51/99] Processing: test_tco_config_87EEB
2026-02-20 03:15:27 - delete_tco_direct_cost_api - INFO - [API REQUEST] DELETE https://ncm.services.nconprem-10-53-55-93.ccpnx.com/v1/cg/config/tco/configs/44f850ac-9b0f-45d8-ad8f-7761034d4ba0
2026-02-20 03:15:28 - delete_tco_direct_cost_api - INFO - [API RESPONSE] DELETE https://ncm.services.nconprem-10-53-55-93.ccpnx.com/v1/cg/config/tco/configs/44f850ac-9b0f-45d8-ad8f-7761034d4ba0
2026-02-20 03:15:28 - delete_tco_direct_cost_api - INFO - [STATUS CODE] 200
2026-02-20 03:15:28 - delete_tco_direct_cost_api - INFO - [TIME TAKEN] 0.2460 seconds (245.98 ms)
2026-02-20 03:15:28 - delete_tco_direct_cost_api - INFO - [RESPONSE CONTENT-TYPE] application/json
2026-02-20 03:15:28 - delete_tco_direct_cost_api - INFO - [RESPONSE PAYLOAD]
{
  "message": "Delete Success"
}
2026-02-20 03:15:28 - delete_tco_direct_cost_api - INFO - ✓ Deleted: test_tco_config_87EEB
2026-02-20 03:15:28 - delete_tco_direct_cost_api - INFO - [52/99] Processing: test_tco_config_b9FBC
2026-02-20 03:15:28 - delete_tco_direct_cost_api - INFO - [API REQUEST] DELETE https://ncm.services.nconprem-10-53-55-93.ccpnx.com/v1/cg/config/tco/configs/66ac0d93-143c-4257-812c-b47fa82ed853
2026-02-20 03:15:28 - delete_tco_direct_cost_api - INFO - [API RESPONSE] DELETE https://ncm.services.nconprem-10-53-55-93.ccpnx.com/v1/cg/config/tco/configs/66ac0d93-143c-4257-812c-b47fa82ed853
2026-02-20 03:15:28 - delete_tco_direct_cost_api - INFO - [STATUS CODE] 200
2026-02-20 03:15:28 - delete_tco_direct_cost_api - INFO - [TIME TAKEN] 0.2180 seconds (217.96 ms)
2026-02-20 03:15:28 - delete_tco_direct_cost_api - INFO - [RESPONSE CONTENT-TYPE] application/json
2026-02-20 03:15:28 - delete_tco_direct_cost_api - INFO - [RESPONSE PAYLOAD]
{
  "message": "Delete Success"
}
2026-02-20 03:15:28 - delete_tco_direct_cost_api - INFO - ✓ Deleted: test_tco_config_b9FBC
2026-02-20 03:15:28 - delete_tco_direct_cost_api - INFO - [53/99] Processing: test_tco_config_ae5ef
2026-02-20 03:15:28 - delete_tco_direct_cost_api - INFO - [API REQUEST] DELETE https://ncm.services.nconprem-10-53-55-93.ccpnx.com/v1/cg/config/tco/configs/3eb41292-40ee-470c-8d22-39bcf63ba66e
2026-02-20 03:15:29 - delete_tco_direct_cost_api - INFO - [API RESPONSE] DELETE https://ncm.services.nconprem-10-53-55-93.ccpnx.com/v1/cg/config/tco/configs/3eb41292-40ee-470c-8d22-39bcf63ba66e
2026-02-20 03:15:29 - delete_tco_direct_cost_api - INFO - [STATUS CODE] 200
2026-02-20 03:15:29 - delete_tco_direct_cost_api - INFO - [TIME TAKEN] 0.2337 seconds (233.65 ms)
2026-02-20 03:15:29 - delete_tco_direct_cost_api - INFO - [RESPONSE CONTENT-TYPE] application/json
2026-02-20 03:15:29 - delete_tco_direct_cost_api - INFO - [RESPONSE PAYLOAD]
{
  "message": "Delete Success"
}
2026-02-20 03:15:29 - delete_tco_direct_cost_api - INFO - ✓ Deleted: test_tco_config_ae5ef
2026-02-20 03:15:29 - delete_tco_direct_cost_api - INFO - [54/99] Processing: test_tco_config_fC53B
2026-02-20 03:15:29 - delete_tco_direct_cost_api - INFO - [API REQUEST] DELETE https://ncm.services.nconprem-10-53-55-93.ccpnx.com/v1/cg/config/tco/configs/8c7377f3-4529-4528-b0b4-faed7d231da1
2026-02-20 03:15:29 - delete_tco_direct_cost_api - INFO - [API RESPONSE] DELETE https://ncm.services.nconprem-10-53-55-93.ccpnx.com/v1/cg/config/tco/configs/8c7377f3-4529-4528-b0b4-faed7d231da1
2026-02-20 03:15:29 - delete_tco_direct_cost_api - INFO - [STATUS CODE] 200
2026-02-20 03:15:29 - delete_tco_direct_cost_api - INFO - [TIME TAKEN] 0.1754 seconds (175.37 ms)
2026-02-20 03:15:29 - delete_tco_direct_cost_api - INFO - [RESPONSE CONTENT-TYPE] application/json
2026-02-20 03:15:29 - delete_tco_direct_cost_api - INFO - [RESPONSE PAYLOAD]
{
  "message": "Delete Success"
}
2026-02-20 03:15:29 - delete_tco_direct_cost_api - INFO - ✓ Deleted: test_tco_config_fC53B
2026-02-20 03:15:29 - delete_tco_direct_cost_api - INFO - [55/99] Processing: test_tco_config_7ce0C
2026-02-20 03:15:29 - delete_tco_direct_cost_api - INFO - [API REQUEST] DELETE https://ncm.services.nconprem-10-53-55-93.ccpnx.com/v1/cg/config/tco/configs/cc070e5f-a424-4e5a-b7e9-edec97821057
2026-02-20 03:15:29 - delete_tco_direct_cost_api - INFO - [API RESPONSE] DELETE https://ncm.services.nconprem-10-53-55-93.ccpnx.com/v1/cg/config/tco/configs/cc070e5f-a424-4e5a-b7e9-edec97821057
2026-02-20 03:15:29 - delete_tco_direct_cost_api - INFO - [STATUS CODE] 200
2026-02-20 03:15:29 - delete_tco_direct_cost_api - INFO - [TIME TAKEN] 0.2395 seconds (239.50 ms)
2026-02-20 03:15:29 - delete_tco_direct_cost_api - INFO - [RESPONSE CONTENT-TYPE] application/json
2026-02-20 03:15:29 - delete_tco_direct_cost_api - INFO - [RESPONSE PAYLOAD]
{
  "message": "Delete Success"
}
2026-02-20 03:15:29 - delete_tco_direct_cost_api - INFO - ✓ Deleted: test_tco_config_7ce0C
2026-02-20 03:15:30 - delete_tco_direct_cost_api - INFO - [56/99] Processing: test_tco_config_3Db3B
2026-02-20 03:15:30 - delete_tco_direct_cost_api - INFO - [API REQUEST] DELETE https://ncm.services.nconprem-10-53-55-93.ccpnx.com/v1/cg/config/tco/configs/f94a1ee8-c0e1-4b9e-ac9c-99114bb50f2a
2026-02-20 03:15:30 - delete_tco_direct_cost_api - INFO - [API RESPONSE] DELETE https://ncm.services.nconprem-10-53-55-93.ccpnx.com/v1/cg/config/tco/configs/f94a1ee8-c0e1-4b9e-ac9c-99114bb50f2a
2026-02-20 03:15:30 - delete_tco_direct_cost_api - INFO - [STATUS CODE] 200
2026-02-20 03:15:30 - delete_tco_direct_cost_api - INFO - [TIME TAKEN] 0.2663 seconds (266.31 ms)
2026-02-20 03:15:30 - delete_tco_direct_cost_api - INFO - [RESPONSE CONTENT-TYPE] application/json
2026-02-20 03:15:30 - delete_tco_direct_cost_api - INFO - [RESPONSE PAYLOAD]
{
  "message": "Delete Success"
}
2026-02-20 03:15:30 - delete_tco_direct_cost_api - INFO - ✓ Deleted: test_tco_config_3Db3B
2026-02-20 03:15:30 - delete_tco_direct_cost_api - INFO - [57/99] Processing: test_tco_config_a29fF
2026-02-20 03:15:30 - delete_tco_direct_cost_api - INFO - [API REQUEST] DELETE https://ncm.services.nconprem-10-53-55-93.ccpnx.com/v1/cg/config/tco/configs/300df0d5-a5d0-498e-81fd-a8ca1752ece9
2026-02-20 03:15:30 - delete_tco_direct_cost_api - INFO - [API RESPONSE] DELETE https://ncm.services.nconprem-10-53-55-93.ccpnx.com/v1/cg/config/tco/configs/300df0d5-a5d0-498e-81fd-a8ca1752ece9
2026-02-20 03:15:30 - delete_tco_direct_cost_api - INFO - [STATUS CODE] 200
2026-02-20 03:15:30 - delete_tco_direct_cost_api - INFO - [TIME TAKEN] 0.1839 seconds (183.88 ms)
2026-02-20 03:15:30 - delete_tco_direct_cost_api - INFO - [RESPONSE CONTENT-TYPE] application/json
2026-02-20 03:15:30 - delete_tco_direct_cost_api - INFO - [RESPONSE PAYLOAD]
{
  "message": "Delete Success"
}
2026-02-20 03:15:30 - delete_tco_direct_cost_api - INFO - ✓ Deleted: test_tco_config_a29fF
2026-02-20 03:15:30 - delete_tco_direct_cost_api - INFO - [58/99] Processing: test_tco_config_A28ED
2026-02-20 03:15:30 - delete_tco_direct_cost_api - INFO - [API REQUEST] DELETE https://ncm.services.nconprem-10-53-55-93.ccpnx.com/v1/cg/config/tco/configs/585ca338-9089-4646-af51-880c9c2e715a
2026-02-20 03:15:31 - delete_tco_direct_cost_api - INFO - [API RESPONSE] DELETE https://ncm.services.nconprem-10-53-55-93.ccpnx.com/v1/cg/config/tco/configs/585ca338-9089-4646-af51-880c9c2e715a
2026-02-20 03:15:31 - delete_tco_direct_cost_api - INFO - [STATUS CODE] 200
2026-02-20 03:15:31 - delete_tco_direct_cost_api - INFO - [TIME TAKEN] 0.3087 seconds (308.73 ms)
2026-02-20 03:15:31 - delete_tco_direct_cost_api - INFO - [RESPONSE CONTENT-TYPE] application/json
2026-02-20 03:15:31 - delete_tco_direct_cost_api - INFO - [RESPONSE PAYLOAD]
{
  "message": "Delete Success"
}
2026-02-20 03:15:31 - delete_tco_direct_cost_api - INFO - ✓ Deleted: test_tco_config_A28ED
2026-02-20 03:15:31 - delete_tco_direct_cost_api - INFO - [59/99] Processing: test_tco_config_bfac7
2026-02-20 03:15:31 - delete_tco_direct_cost_api - INFO - [API REQUEST] DELETE https://ncm.services.nconprem-10-53-55-93.ccpnx.com/v1/cg/config/tco/configs/81581b08-2eff-40e1-b1dc-d8d0e7531b94
2026-02-20 03:15:31 - delete_tco_direct_cost_api - INFO - [API RESPONSE] DELETE https://ncm.services.nconprem-10-53-55-93.ccpnx.com/v1/cg/config/tco/configs/81581b08-2eff-40e1-b1dc-d8d0e7531b94
2026-02-20 03:15:31 - delete_tco_direct_cost_api - INFO - [STATUS CODE] 200
2026-02-20 03:15:31 - delete_tco_direct_cost_api - INFO - [TIME TAKEN] 0.4586 seconds (458.62 ms)
2026-02-20 03:15:31 - delete_tco_direct_cost_api - INFO - [RESPONSE CONTENT-TYPE] application/json
2026-02-20 03:15:31 - delete_tco_direct_cost_api - INFO - [RESPONSE PAYLOAD]
{
  "message": "Delete Success"
}
2026-02-20 03:15:31 - delete_tco_direct_cost_api - INFO - ✓ Deleted: test_tco_config_bfac7
2026-02-20 03:15:32 - delete_tco_direct_cost_api - INFO - [60/99] Processing: test_tco_config_e8335
2026-02-20 03:15:32 - delete_tco_direct_cost_api - INFO - [API REQUEST] DELETE https://ncm.services.nconprem-10-53-55-93.ccpnx.com/v1/cg/config/tco/configs/984407ce-f939-4d2e-802b-da66d89e1075
2026-02-20 03:15:32 - delete_tco_direct_cost_api - INFO - [API RESPONSE] DELETE https://ncm.services.nconprem-10-53-55-93.ccpnx.com/v1/cg/config/tco/configs/984407ce-f939-4d2e-802b-da66d89e1075
2026-02-20 03:15:32 - delete_tco_direct_cost_api - INFO - [STATUS CODE] 200
2026-02-20 03:15:32 - delete_tco_direct_cost_api - INFO - [TIME TAKEN] 0.3354 seconds (335.39 ms)
2026-02-20 03:15:32 - delete_tco_direct_cost_api - INFO - [RESPONSE CONTENT-TYPE] application/json
2026-02-20 03:15:32 - delete_tco_direct_cost_api - INFO - [RESPONSE PAYLOAD]
{
  "message": "Delete Success"
}
2026-02-20 03:15:32 - delete_tco_direct_cost_api - INFO - ✓ Deleted: test_tco_config_e8335
2026-02-20 03:15:32 - delete_tco_direct_cost_api - INFO - [61/99] Processing: test_tco_config_Dfe8C
2026-02-20 03:15:32 - delete_tco_direct_cost_api - INFO - [API REQUEST] DELETE https://ncm.services.nconprem-10-53-55-93.ccpnx.com/v1/cg/config/tco/configs/b7b70abf-f367-4b6c-b488-89f10643050c
2026-02-20 03:15:32 - delete_tco_direct_cost_api - INFO - [API RESPONSE] DELETE https://ncm.services.nconprem-10-53-55-93.ccpnx.com/v1/cg/config/tco/configs/b7b70abf-f367-4b6c-b488-89f10643050c
2026-02-20 03:15:32 - delete_tco_direct_cost_api - INFO - [STATUS CODE] 200
2026-02-20 03:15:32 - delete_tco_direct_cost_api - INFO - [TIME TAKEN] 0.2375 seconds (237.50 ms)
2026-02-20 03:15:32 - delete_tco_direct_cost_api - INFO - [RESPONSE CONTENT-TYPE] application/json
2026-02-20 03:15:32 - delete_tco_direct_cost_api - INFO - [RESPONSE PAYLOAD]
{
  "message": "Delete Success"
}
2026-02-20 03:15:32 - delete_tco_direct_cost_api - INFO - ✓ Deleted: test_tco_config_Dfe8C
2026-02-20 03:15:33 - delete_tco_direct_cost_api - INFO - [62/99] Processing: test_tco_config_01cFb
2026-02-20 03:15:33 - delete_tco_direct_cost_api - INFO - [API REQUEST] DELETE https://ncm.services.nconprem-10-53-55-93.ccpnx.com/v1/cg/config/tco/configs/fdbdb6ae-8697-4536-bb97-3a0d00363b98
2026-02-20 03:15:33 - delete_tco_direct_cost_api - INFO - [API RESPONSE] DELETE https://ncm.services.nconprem-10-53-55-93.ccpnx.com/v1/cg/config/tco/configs/fdbdb6ae-8697-4536-bb97-3a0d00363b98
2026-02-20 03:15:33 - delete_tco_direct_cost_api - INFO - [STATUS CODE] 200
2026-02-20 03:15:33 - delete_tco_direct_cost_api - INFO - [TIME TAKEN] 0.2618 seconds (261.83 ms)
2026-02-20 03:15:33 - delete_tco_direct_cost_api - INFO - [RESPONSE CONTENT-TYPE] application/json
2026-02-20 03:15:33 - delete_tco_direct_cost_api - INFO - [RESPONSE PAYLOAD]
{
  "message": "Delete Success"
}
2026-02-20 03:15:33 - delete_tco_direct_cost_api - INFO - ✓ Deleted: test_tco_config_01cFb
2026-02-20 03:15:33 - delete_tco_direct_cost_api - INFO - [63/99] Processing: test_tco_config_e0eE4
2026-02-20 03:15:33 - delete_tco_direct_cost_api - INFO - [API REQUEST] DELETE https://ncm.services.nconprem-10-53-55-93.ccpnx.com/v1/cg/config/tco/configs/0ce7eb45-64f3-4dc1-b3b3-1d0422b2caaa
2026-02-20 03:15:33 - delete_tco_direct_cost_api - INFO - [API RESPONSE] DELETE https://ncm.services.nconprem-10-53-55-93.ccpnx.com/v1/cg/config/tco/configs/0ce7eb45-64f3-4dc1-b3b3-1d0422b2caaa
2026-02-20 03:15:33 - delete_tco_direct_cost_api - INFO - [STATUS CODE] 200
2026-02-20 03:15:33 - delete_tco_direct_cost_api - INFO - [TIME TAKEN] 0.2178 seconds (217.78 ms)
2026-02-20 03:15:33 - delete_tco_direct_cost_api - INFO - [RESPONSE CONTENT-TYPE] application/json
2026-02-20 03:15:33 - delete_tco_direct_cost_api - INFO - [RESPONSE PAYLOAD]
{
  "message": "Delete Success"
}
2026-02-20 03:15:33 - delete_tco_direct_cost_api - INFO - ✓ Deleted: test_tco_config_e0eE4
2026-02-20 03:15:33 - delete_tco_direct_cost_api - INFO - [64/99] Processing: test_tco_config_D1Be3
2026-02-20 03:15:33 - delete_tco_direct_cost_api - INFO - [API REQUEST] DELETE https://ncm.services.nconprem-10-53-55-93.ccpnx.com/v1/cg/config/tco/configs/9f48324d-c4bd-4206-8c9b-7f829be23e30
2026-02-20 03:15:34 - delete_tco_direct_cost_api - INFO - [API RESPONSE] DELETE https://ncm.services.nconprem-10-53-55-93.ccpnx.com/v1/cg/config/tco/configs/9f48324d-c4bd-4206-8c9b-7f829be23e30
2026-02-20 03:15:34 - delete_tco_direct_cost_api - INFO - [STATUS CODE] 200
2026-02-20 03:15:34 - delete_tco_direct_cost_api - INFO - [TIME TAKEN] 0.2050 seconds (204.97 ms)
2026-02-20 03:15:34 - delete_tco_direct_cost_api - INFO - [RESPONSE CONTENT-TYPE] application/json
2026-02-20 03:15:34 - delete_tco_direct_cost_api - INFO - [RESPONSE PAYLOAD]
{
  "message": "Delete Success"
}
2026-02-20 03:15:34 - delete_tco_direct_cost_api - INFO - ✓ Deleted: test_tco_config_D1Be3
2026-02-20 03:15:34 - delete_tco_direct_cost_api - INFO - [65/99] Processing: test_tco_config_98BF6
2026-02-20 03:15:34 - delete_tco_direct_cost_api - INFO - [API REQUEST] DELETE https://ncm.services.nconprem-10-53-55-93.ccpnx.com/v1/cg/config/tco/configs/8530ff35-22a6-4aa1-94ab-d9625e6b4178
2026-02-20 03:15:34 - delete_tco_direct_cost_api - INFO - [API RESPONSE] DELETE https://ncm.services.nconprem-10-53-55-93.ccpnx.com/v1/cg/config/tco/configs/8530ff35-22a6-4aa1-94ab-d9625e6b4178
2026-02-20 03:15:34 - delete_tco_direct_cost_api - INFO - [STATUS CODE] 200
2026-02-20 03:15:34 - delete_tco_direct_cost_api - INFO - [TIME TAKEN] 0.2785 seconds (278.50 ms)
2026-02-20 03:15:34 - delete_tco_direct_cost_api - INFO - [RESPONSE CONTENT-TYPE] application/json
2026-02-20 03:15:34 - delete_tco_direct_cost_api - INFO - [RESPONSE PAYLOAD]
{
  "message": "Delete Success"
}
2026-02-20 03:15:34 - delete_tco_direct_cost_api - INFO - ✓ Deleted: test_tco_config_98BF6
2026-02-20 03:15:34 - delete_tco_direct_cost_api - INFO - [66/99] Processing: test_tco_config_0D943
2026-02-20 03:15:34 - delete_tco_direct_cost_api - INFO - [API REQUEST] DELETE https://ncm.services.nconprem-10-53-55-93.ccpnx.com/v1/cg/config/tco/configs/c7bb354b-c5ec-4317-8ed3-da19e0da1c61
2026-02-20 03:15:34 - delete_tco_direct_cost_api - INFO - [API RESPONSE] DELETE https://ncm.services.nconprem-10-53-55-93.ccpnx.com/v1/cg/config/tco/configs/c7bb354b-c5ec-4317-8ed3-da19e0da1c61
2026-02-20 03:15:34 - delete_tco_direct_cost_api - INFO - [STATUS CODE] 200
2026-02-20 03:15:34 - delete_tco_direct_cost_api - INFO - [TIME TAKEN] 0.1652 seconds (165.24 ms)
2026-02-20 03:15:34 - delete_tco_direct_cost_api - INFO - [RESPONSE CONTENT-TYPE] application/json
2026-02-20 03:15:34 - delete_tco_direct_cost_api - INFO - [RESPONSE PAYLOAD]
{
  "message": "Delete Success"
}
2026-02-20 03:15:34 - delete_tco_direct_cost_api - INFO - ✓ Deleted: test_tco_config_0D943
2026-02-20 03:15:35 - delete_tco_direct_cost_api - INFO - [67/99] Processing: test_tco_config_bdFa3
2026-02-20 03:15:35 - delete_tco_direct_cost_api - INFO - [API REQUEST] DELETE https://ncm.services.nconprem-10-53-55-93.ccpnx.com/v1/cg/config/tco/configs/09a63898-5b74-4e8a-9cf3-7b0c4ade4fc6
2026-02-20 03:15:35 - delete_tco_direct_cost_api - INFO - [API RESPONSE] DELETE https://ncm.services.nconprem-10-53-55-93.ccpnx.com/v1/cg/config/tco/configs/09a63898-5b74-4e8a-9cf3-7b0c4ade4fc6
2026-02-20 03:15:35 - delete_tco_direct_cost_api - INFO - [STATUS CODE] 200
2026-02-20 03:15:35 - delete_tco_direct_cost_api - INFO - [TIME TAKEN] 0.2910 seconds (291.02 ms)
2026-02-20 03:15:35 - delete_tco_direct_cost_api - INFO - [RESPONSE CONTENT-TYPE] application/json
2026-02-20 03:15:35 - delete_tco_direct_cost_api - INFO - [RESPONSE PAYLOAD]
{
  "message": "Delete Success"
}
2026-02-20 03:15:35 - delete_tco_direct_cost_api - INFO - ✓ Deleted: test_tco_config_bdFa3
2026-02-20 03:15:35 - delete_tco_direct_cost_api - INFO - [68/99] Processing: test_tco_config_d4eFB
2026-02-20 03:15:35 - delete_tco_direct_cost_api - INFO - [API REQUEST] DELETE https://ncm.services.nconprem-10-53-55-93.ccpnx.com/v1/cg/config/tco/configs/2568e300-2b5b-41ea-8c13-250a6060e56e
2026-02-20 03:15:36 - delete_tco_direct_cost_api - INFO - [API RESPONSE] DELETE https://ncm.services.nconprem-10-53-55-93.ccpnx.com/v1/cg/config/tco/configs/2568e300-2b5b-41ea-8c13-250a6060e56e
2026-02-20 03:15:36 - delete_tco_direct_cost_api - INFO - [STATUS CODE] 200
2026-02-20 03:15:36 - delete_tco_direct_cost_api - INFO - [TIME TAKEN] 0.3712 seconds (371.19 ms)
2026-02-20 03:15:36 - delete_tco_direct_cost_api - INFO - [RESPONSE CONTENT-TYPE] application/json
2026-02-20 03:15:36 - delete_tco_direct_cost_api - INFO - [RESPONSE PAYLOAD]
{
  "message": "Delete Success"
}
2026-02-20 03:15:36 - delete_tco_direct_cost_api - INFO - ✓ Deleted: test_tco_config_d4eFB
2026-02-20 03:15:36 - delete_tco_direct_cost_api - INFO - [69/99] Processing: test_tco_config_e579F
2026-02-20 03:15:36 - delete_tco_direct_cost_api - INFO - [API REQUEST] DELETE https://ncm.services.nconprem-10-53-55-93.ccpnx.com/v1/cg/config/tco/configs/3baac6cf-3398-408c-86da-4d08000e96e8
2026-02-20 03:15:36 - delete_tco_direct_cost_api - INFO - [API RESPONSE] DELETE https://ncm.services.nconprem-10-53-55-93.ccpnx.com/v1/cg/config/tco/configs/3baac6cf-3398-408c-86da-4d08000e96e8
2026-02-20 03:15:36 - delete_tco_direct_cost_api - INFO - [STATUS CODE] 200
2026-02-20 03:15:36 - delete_tco_direct_cost_api - INFO - [TIME TAKEN] 0.1610 seconds (161.01 ms)
2026-02-20 03:15:36 - delete_tco_direct_cost_api - INFO - [RESPONSE CONTENT-TYPE] application/json
2026-02-20 03:15:36 - delete_tco_direct_cost_api - INFO - [RESPONSE PAYLOAD]
{
  "message": "Delete Success"
}
2026-02-20 03:15:36 - delete_tco_direct_cost_api - INFO - ✓ Deleted: test_tco_config_e579F
2026-02-20 03:15:36 - delete_tco_direct_cost_api - INFO - [70/99] Processing: test_tco_config_68CEE
2026-02-20 03:15:36 - delete_tco_direct_cost_api - INFO - [API REQUEST] DELETE https://ncm.services.nconprem-10-53-55-93.ccpnx.com/v1/cg/config/tco/configs/599be2f4-2eff-4ba7-989a-b45ae521403b
2026-02-20 03:15:36 - delete_tco_direct_cost_api - INFO - [API RESPONSE] DELETE https://ncm.services.nconprem-10-53-55-93.ccpnx.com/v1/cg/config/tco/configs/599be2f4-2eff-4ba7-989a-b45ae521403b
2026-02-20 03:15:36 - delete_tco_direct_cost_api - INFO - [STATUS CODE] 200
2026-02-20 03:15:36 - delete_tco_direct_cost_api - INFO - [TIME TAKEN] 0.3748 seconds (374.78 ms)
2026-02-20 03:15:36 - delete_tco_direct_cost_api - INFO - [RESPONSE CONTENT-TYPE] application/json
2026-02-20 03:15:36 - delete_tco_direct_cost_api - INFO - [RESPONSE PAYLOAD]
{
  "message": "Delete Success"
}
2026-02-20 03:15:36 - delete_tco_direct_cost_api - INFO - ✓ Deleted: test_tco_config_68CEE
2026-02-20 03:15:37 - delete_tco_direct_cost_api - INFO - [71/99] Processing: test_tco_config_935d4
2026-02-20 03:15:37 - delete_tco_direct_cost_api - INFO - [API REQUEST] DELETE https://ncm.services.nconprem-10-53-55-93.ccpnx.com/v1/cg/config/tco/configs/31c5bc3a-836b-4296-992f-39d0788c4bb0
2026-02-20 03:15:37 - delete_tco_direct_cost_api - INFO - [API RESPONSE] DELETE https://ncm.services.nconprem-10-53-55-93.ccpnx.com/v1/cg/config/tco/configs/31c5bc3a-836b-4296-992f-39d0788c4bb0
2026-02-20 03:15:37 - delete_tco_direct_cost_api - INFO - [STATUS CODE] 200
2026-02-20 03:15:37 - delete_tco_direct_cost_api - INFO - [TIME TAKEN] 0.2014 seconds (201.41 ms)
2026-02-20 03:15:37 - delete_tco_direct_cost_api - INFO - [RESPONSE CONTENT-TYPE] application/json
2026-02-20 03:15:37 - delete_tco_direct_cost_api - INFO - [RESPONSE PAYLOAD]
{
  "message": "Delete Success"
}
2026-02-20 03:15:37 - delete_tco_direct_cost_api - INFO - ✓ Deleted: test_tco_config_935d4
2026-02-20 03:15:37 - delete_tco_direct_cost_api - INFO - [72/99] Processing: test_tco_config_E6FE6
2026-02-20 03:15:37 - delete_tco_direct_cost_api - INFO - [API REQUEST] DELETE https://ncm.services.nconprem-10-53-55-93.ccpnx.com/v1/cg/config/tco/configs/c0f9dd0e-4ab3-4fe2-bff0-6bd3276be6a5
2026-02-20 03:15:37 - delete_tco_direct_cost_api - INFO - [API RESPONSE] DELETE https://ncm.services.nconprem-10-53-55-93.ccpnx.com/v1/cg/config/tco/configs/c0f9dd0e-4ab3-4fe2-bff0-6bd3276be6a5
2026-02-20 03:15:37 - delete_tco_direct_cost_api - INFO - [STATUS CODE] 200
2026-02-20 03:15:37 - delete_tco_direct_cost_api - INFO - [TIME TAKEN] 0.2228 seconds (222.79 ms)
2026-02-20 03:15:37 - delete_tco_direct_cost_api - INFO - [RESPONSE CONTENT-TYPE] application/json
2026-02-20 03:15:37 - delete_tco_direct_cost_api - INFO - [RESPONSE PAYLOAD]
{
  "message": "Delete Success"
}
2026-02-20 03:15:37 - delete_tco_direct_cost_api - INFO - ✓ Deleted: test_tco_config_E6FE6
2026-02-20 03:15:38 - delete_tco_direct_cost_api - INFO - [73/99] Processing: test_tco_config_CfDdF
2026-02-20 03:15:38 - delete_tco_direct_cost_api - INFO - [API REQUEST] DELETE https://ncm.services.nconprem-10-53-55-93.ccpnx.com/v1/cg/config/tco/configs/e072342d-9276-4aca-9696-47ef977b200a
2026-02-20 03:15:38 - delete_tco_direct_cost_api - INFO - [API RESPONSE] DELETE https://ncm.services.nconprem-10-53-55-93.ccpnx.com/v1/cg/config/tco/configs/e072342d-9276-4aca-9696-47ef977b200a
2026-02-20 03:15:38 - delete_tco_direct_cost_api - INFO - [STATUS CODE] 200
2026-02-20 03:15:38 - delete_tco_direct_cost_api - INFO - [TIME TAKEN] 0.1911 seconds (191.12 ms)
2026-02-20 03:15:38 - delete_tco_direct_cost_api - INFO - [RESPONSE CONTENT-TYPE] application/json
2026-02-20 03:15:38 - delete_tco_direct_cost_api - INFO - [RESPONSE PAYLOAD]
{
  "message": "Delete Success"
}
2026-02-20 03:15:38 - delete_tco_direct_cost_api - INFO - ✓ Deleted: test_tco_config_CfDdF
2026-02-20 03:15:38 - delete_tco_direct_cost_api - INFO - [74/99] Processing: test_tco_config_7fD51
2026-02-20 03:15:38 - delete_tco_direct_cost_api - INFO - [API REQUEST] DELETE https://ncm.services.nconprem-10-53-55-93.ccpnx.com/v1/cg/config/tco/configs/ef73faf4-2df8-4758-b2da-970dc856457b
2026-02-20 03:15:38 - delete_tco_direct_cost_api - INFO - [API RESPONSE] DELETE https://ncm.services.nconprem-10-53-55-93.ccpnx.com/v1/cg/config/tco/configs/ef73faf4-2df8-4758-b2da-970dc856457b
2026-02-20 03:15:38 - delete_tco_direct_cost_api - INFO - [STATUS CODE] 200
2026-02-20 03:15:38 - delete_tco_direct_cost_api - INFO - [TIME TAKEN] 0.1814 seconds (181.42 ms)
2026-02-20 03:15:38 - delete_tco_direct_cost_api - INFO - [RESPONSE CONTENT-TYPE] application/json
2026-02-20 03:15:38 - delete_tco_direct_cost_api - INFO - [RESPONSE PAYLOAD]
{
  "message": "Delete Success"
}
2026-02-20 03:15:38 - delete_tco_direct_cost_api - INFO - ✓ Deleted: test_tco_config_7fD51
2026-02-20 03:15:38 - delete_tco_direct_cost_api - INFO - [75/99] Processing: test_tco_config_1d374
2026-02-20 03:15:38 - delete_tco_direct_cost_api - INFO - [API REQUEST] DELETE https://ncm.services.nconprem-10-53-55-93.ccpnx.com/v1/cg/config/tco/configs/14e3544a-0688-4d78-b4fc-db3c36d03a69
2026-02-20 03:15:39 - delete_tco_direct_cost_api - INFO - [API RESPONSE] DELETE https://ncm.services.nconprem-10-53-55-93.ccpnx.com/v1/cg/config/tco/configs/14e3544a-0688-4d78-b4fc-db3c36d03a69
2026-02-20 03:15:39 - delete_tco_direct_cost_api - INFO - [STATUS CODE] 200
2026-02-20 03:15:39 - delete_tco_direct_cost_api - INFO - [TIME TAKEN] 0.2189 seconds (218.86 ms)
2026-02-20 03:15:39 - delete_tco_direct_cost_api - INFO - [RESPONSE CONTENT-TYPE] application/json
2026-02-20 03:15:39 - delete_tco_direct_cost_api - INFO - [RESPONSE PAYLOAD]
{
  "message": "Delete Success"
}
2026-02-20 03:15:39 - delete_tco_direct_cost_api - INFO - ✓ Deleted: test_tco_config_1d374
2026-02-20 03:15:39 - delete_tco_direct_cost_api - INFO - [76/99] Processing: test_tco_config_0CE5F
2026-02-20 03:15:39 - delete_tco_direct_cost_api - INFO - [API REQUEST] DELETE https://ncm.services.nconprem-10-53-55-93.ccpnx.com/v1/cg/config/tco/configs/051fd4d4-1133-457d-8277-78c15a7368eb
2026-02-20 03:15:39 - delete_tco_direct_cost_api - INFO - [API RESPONSE] DELETE https://ncm.services.nconprem-10-53-55-93.ccpnx.com/v1/cg/config/tco/configs/051fd4d4-1133-457d-8277-78c15a7368eb
2026-02-20 03:15:39 - delete_tco_direct_cost_api - INFO - [STATUS CODE] 200
2026-02-20 03:15:39 - delete_tco_direct_cost_api - INFO - [TIME TAKEN] 0.1791 seconds (179.10 ms)
2026-02-20 03:15:39 - delete_tco_direct_cost_api - INFO - [RESPONSE CONTENT-TYPE] application/json
2026-02-20 03:15:39 - delete_tco_direct_cost_api - INFO - [RESPONSE PAYLOAD]
{
  "message": "Delete Success"
}
2026-02-20 03:15:39 - delete_tco_direct_cost_api - INFO - ✓ Deleted: test_tco_config_0CE5F
2026-02-20 03:15:39 - delete_tco_direct_cost_api - INFO - [77/99] Processing: test_tco_config_F29a0
2026-02-20 03:15:39 - delete_tco_direct_cost_api - INFO - [API REQUEST] DELETE https://ncm.services.nconprem-10-53-55-93.ccpnx.com/v1/cg/config/tco/configs/84027ba8-fdc4-4909-a014-dac8efec5666
2026-02-20 03:15:39 - delete_tco_direct_cost_api - INFO - [API RESPONSE] DELETE https://ncm.services.nconprem-10-53-55-93.ccpnx.com/v1/cg/config/tco/configs/84027ba8-fdc4-4909-a014-dac8efec5666
2026-02-20 03:15:39 - delete_tco_direct_cost_api - INFO - [STATUS CODE] 200
2026-02-20 03:15:39 - delete_tco_direct_cost_api - INFO - [TIME TAKEN] 0.2105 seconds (210.54 ms)
2026-02-20 03:15:39 - delete_tco_direct_cost_api - INFO - [RESPONSE CONTENT-TYPE] application/json
2026-02-20 03:15:39 - delete_tco_direct_cost_api - INFO - [RESPONSE PAYLOAD]
{
  "message": "Delete Success"
}
2026-02-20 03:15:39 - delete_tco_direct_cost_api - INFO - ✓ Deleted: test_tco_config_F29a0
2026-02-20 03:15:40 - delete_tco_direct_cost_api - INFO - [78/99] Processing: test_tco_config_4bFD6
2026-02-20 03:15:40 - delete_tco_direct_cost_api - INFO - [API REQUEST] DELETE https://ncm.services.nconprem-10-53-55-93.ccpnx.com/v1/cg/config/tco/configs/676265e3-d30a-4e58-8702-4a3df2254b95
2026-02-20 03:15:40 - delete_tco_direct_cost_api - INFO - [API RESPONSE] DELETE https://ncm.services.nconprem-10-53-55-93.ccpnx.com/v1/cg/config/tco/configs/676265e3-d30a-4e58-8702-4a3df2254b95
2026-02-20 03:15:40 - delete_tco_direct_cost_api - INFO - [STATUS CODE] 200
2026-02-20 03:15:40 - delete_tco_direct_cost_api - INFO - [TIME TAKEN] 0.1844 seconds (184.44 ms)
2026-02-20 03:15:40 - delete_tco_direct_cost_api - INFO - [RESPONSE CONTENT-TYPE] application/json
2026-02-20 03:15:40 - delete_tco_direct_cost_api - INFO - [RESPONSE PAYLOAD]
{
  "message": "Delete Success"
}
2026-02-20 03:15:40 - delete_tco_direct_cost_api - INFO - ✓ Deleted: test_tco_config_4bFD6
2026-02-20 03:15:40 - delete_tco_direct_cost_api - INFO - [79/99] Processing: test_tco_config_99310
2026-02-20 03:15:40 - delete_tco_direct_cost_api - INFO - [API REQUEST] DELETE https://ncm.services.nconprem-10-53-55-93.ccpnx.com/v1/cg/config/tco/configs/98d27855-3fcb-45c9-9fae-2601a7f064df
2026-02-20 03:15:40 - delete_tco_direct_cost_api - INFO - [API RESPONSE] DELETE https://ncm.services.nconprem-10-53-55-93.ccpnx.com/v1/cg/config/tco/configs/98d27855-3fcb-45c9-9fae-2601a7f064df
2026-02-20 03:15:40 - delete_tco_direct_cost_api - INFO - [STATUS CODE] 200
2026-02-20 03:15:40 - delete_tco_direct_cost_api - INFO - [TIME TAKEN] 0.2136 seconds (213.62 ms)
2026-02-20 03:15:40 - delete_tco_direct_cost_api - INFO - [RESPONSE CONTENT-TYPE] application/json
2026-02-20 03:15:40 - delete_tco_direct_cost_api - INFO - [RESPONSE PAYLOAD]
{
  "message": "Delete Success"
}
2026-02-20 03:15:40 - delete_tco_direct_cost_api - INFO - ✓ Deleted: test_tco_config_99310
2026-02-20 03:15:40 - delete_tco_direct_cost_api - INFO - [80/99] Processing: test_tco_config_c77bc
2026-02-20 03:15:40 - delete_tco_direct_cost_api - INFO - [API REQUEST] DELETE https://ncm.services.nconprem-10-53-55-93.ccpnx.com/v1/cg/config/tco/configs/e2b684e0-506e-4dc4-a5a7-0622afb4951a
2026-02-20 03:15:41 - delete_tco_direct_cost_api - INFO - [API RESPONSE] DELETE https://ncm.services.nconprem-10-53-55-93.ccpnx.com/v1/cg/config/tco/configs/e2b684e0-506e-4dc4-a5a7-0622afb4951a
2026-02-20 03:15:41 - delete_tco_direct_cost_api - INFO - [STATUS CODE] 200
2026-02-20 03:15:41 - delete_tco_direct_cost_api - INFO - [TIME TAKEN] 0.4880 seconds (487.96 ms)
2026-02-20 03:15:41 - delete_tco_direct_cost_api - INFO - [RESPONSE CONTENT-TYPE] application/json
2026-02-20 03:15:41 - delete_tco_direct_cost_api - INFO - [RESPONSE PAYLOAD]
{
  "message": "Delete Success"
}
2026-02-20 03:15:41 - delete_tco_direct_cost_api - INFO - ✓ Deleted: test_tco_config_c77bc
2026-02-20 03:15:41 - delete_tco_direct_cost_api - INFO - [81/99] Processing: test_tco_config_Dab1e
2026-02-20 03:15:41 - delete_tco_direct_cost_api - INFO - [API REQUEST] DELETE https://ncm.services.nconprem-10-53-55-93.ccpnx.com/v1/cg/config/tco/configs/e8689b18-58bf-4046-9c2d-c120bc498537
2026-02-20 03:15:41 - delete_tco_direct_cost_api - INFO - [API RESPONSE] DELETE https://ncm.services.nconprem-10-53-55-93.ccpnx.com/v1/cg/config/tco/configs/e8689b18-58bf-4046-9c2d-c120bc498537
2026-02-20 03:15:41 - delete_tco_direct_cost_api - INFO - [STATUS CODE] 200
2026-02-20 03:15:41 - delete_tco_direct_cost_api - INFO - [TIME TAKEN] 0.1960 seconds (196.02 ms)
2026-02-20 03:15:41 - delete_tco_direct_cost_api - INFO - [RESPONSE CONTENT-TYPE] application/json
2026-02-20 03:15:41 - delete_tco_direct_cost_api - INFO - [RESPONSE PAYLOAD]
{
  "message": "Delete Success"
}
2026-02-20 03:15:41 - delete_tco_direct_cost_api - INFO - ✓ Deleted: test_tco_config_Dab1e
2026-02-20 03:15:41 - delete_tco_direct_cost_api - INFO - [82/99] Processing: test_tco_config_F7A94
2026-02-20 03:15:41 - delete_tco_direct_cost_api - INFO - [API REQUEST] DELETE https://ncm.services.nconprem-10-53-55-93.ccpnx.com/v1/cg/config/tco/configs/009485d4-fe48-4cdd-bb41-ad33e85b5155
2026-02-20 03:15:42 - delete_tco_direct_cost_api - INFO - [API RESPONSE] DELETE https://ncm.services.nconprem-10-53-55-93.ccpnx.com/v1/cg/config/tco/configs/009485d4-fe48-4cdd-bb41-ad33e85b5155
2026-02-20 03:15:42 - delete_tco_direct_cost_api - INFO - [STATUS CODE] 200
2026-02-20 03:15:42 - delete_tco_direct_cost_api - INFO - [TIME TAKEN] 0.1665 seconds (166.48 ms)
2026-02-20 03:15:42 - delete_tco_direct_cost_api - INFO - [RESPONSE CONTENT-TYPE] application/json
2026-02-20 03:15:42 - delete_tco_direct_cost_api - INFO - [RESPONSE PAYLOAD]
{
  "message": "Delete Success"
}
2026-02-20 03:15:42 - delete_tco_direct_cost_api - INFO - ✓ Deleted: test_tco_config_F7A94
2026-02-20 03:15:42 - delete_tco_direct_cost_api - INFO - [83/99] Processing: test_tco_config_da45B
2026-02-20 03:15:42 - delete_tco_direct_cost_api - INFO - [API REQUEST] DELETE https://ncm.services.nconprem-10-53-55-93.ccpnx.com/v1/cg/config/tco/configs/1b3dfdd2-2e53-4895-9985-7a4b0c3ad128
2026-02-20 03:15:42 - delete_tco_direct_cost_api - INFO - [API RESPONSE] DELETE https://ncm.services.nconprem-10-53-55-93.ccpnx.com/v1/cg/config/tco/configs/1b3dfdd2-2e53-4895-9985-7a4b0c3ad128
2026-02-20 03:15:42 - delete_tco_direct_cost_api - INFO - [STATUS CODE] 200
2026-02-20 03:15:42 - delete_tco_direct_cost_api - INFO - [TIME TAKEN] 0.2414 seconds (241.41 ms)
2026-02-20 03:15:42 - delete_tco_direct_cost_api - INFO - [RESPONSE CONTENT-TYPE] application/json
2026-02-20 03:15:42 - delete_tco_direct_cost_api - INFO - [RESPONSE PAYLOAD]
{
  "message": "Delete Success"
}
2026-02-20 03:15:42 - delete_tco_direct_cost_api - INFO - ✓ Deleted: test_tco_config_da45B
2026-02-20 03:15:42 - delete_tco_direct_cost_api - INFO - [84/99] Processing: test_tco_config_eaE7e
2026-02-20 03:15:42 - delete_tco_direct_cost_api - INFO - [API REQUEST] DELETE https://ncm.services.nconprem-10-53-55-93.ccpnx.com/v1/cg/config/tco/configs/21e3f1eb-1ac6-4983-94c4-11c50cad842d
2026-02-20 03:15:42 - delete_tco_direct_cost_api - INFO - [API RESPONSE] DELETE https://ncm.services.nconprem-10-53-55-93.ccpnx.com/v1/cg/config/tco/configs/21e3f1eb-1ac6-4983-94c4-11c50cad842d
2026-02-20 03:15:42 - delete_tco_direct_cost_api - INFO - [STATUS CODE] 200
2026-02-20 03:15:42 - delete_tco_direct_cost_api - INFO - [TIME TAKEN] 0.1872 seconds (187.20 ms)
2026-02-20 03:15:42 - delete_tco_direct_cost_api - INFO - [RESPONSE CONTENT-TYPE] application/json
2026-02-20 03:15:42 - delete_tco_direct_cost_api - INFO - [RESPONSE PAYLOAD]
{
  "message": "Delete Success"
}
2026-02-20 03:15:42 - delete_tco_direct_cost_api - INFO - ✓ Deleted: test_tco_config_eaE7e
2026-02-20 03:15:43 - delete_tco_direct_cost_api - INFO - [85/99] Processing: test_tco_config_A0121
2026-02-20 03:15:43 - delete_tco_direct_cost_api - INFO - [API REQUEST] DELETE https://ncm.services.nconprem-10-53-55-93.ccpnx.com/v1/cg/config/tco/configs/2bce7622-f8a6-4ace-98c7-f2b7bde4d2d3
2026-02-20 03:15:43 - delete_tco_direct_cost_api - INFO - [API RESPONSE] DELETE https://ncm.services.nconprem-10-53-55-93.ccpnx.com/v1/cg/config/tco/configs/2bce7622-f8a6-4ace-98c7-f2b7bde4d2d3
2026-02-20 03:15:43 - delete_tco_direct_cost_api - INFO - [STATUS CODE] 200
2026-02-20 03:15:43 - delete_tco_direct_cost_api - INFO - [TIME TAKEN] 0.2129 seconds (212.92 ms)
2026-02-20 03:15:43 - delete_tco_direct_cost_api - INFO - [RESPONSE CONTENT-TYPE] application/json
2026-02-20 03:15:43 - delete_tco_direct_cost_api - INFO - [RESPONSE PAYLOAD]
{
  "message": "Delete Success"
}
2026-02-20 03:15:43 - delete_tco_direct_cost_api - INFO - ✓ Deleted: test_tco_config_A0121
2026-02-20 03:15:43 - delete_tco_direct_cost_api - INFO - [86/99] Processing: test_tco_config_59cD1
2026-02-20 03:15:43 - delete_tco_direct_cost_api - INFO - [API REQUEST] DELETE https://ncm.services.nconprem-10-53-55-93.ccpnx.com/v1/cg/config/tco/configs/369257b8-767d-4e71-9b88-5f9e2f2d2c5f
2026-02-20 03:15:43 - delete_tco_direct_cost_api - INFO - [API RESPONSE] DELETE https://ncm.services.nconprem-10-53-55-93.ccpnx.com/v1/cg/config/tco/configs/369257b8-767d-4e71-9b88-5f9e2f2d2c5f
2026-02-20 03:15:43 - delete_tco_direct_cost_api - INFO - [STATUS CODE] 200
2026-02-20 03:15:43 - delete_tco_direct_cost_api - INFO - [TIME TAKEN] 0.1764 seconds (176.36 ms)
2026-02-20 03:15:43 - delete_tco_direct_cost_api - INFO - [RESPONSE CONTENT-TYPE] application/json
2026-02-20 03:15:43 - delete_tco_direct_cost_api - INFO - [RESPONSE PAYLOAD]
{
  "message": "Delete Success"
}
2026-02-20 03:15:43 - delete_tco_direct_cost_api - INFO - ✓ Deleted: test_tco_config_59cD1
2026-02-20 03:15:43 - delete_tco_direct_cost_api - INFO - [87/99] Processing: test_tco_config_dAc68
2026-02-20 03:15:43 - delete_tco_direct_cost_api - INFO - [API REQUEST] DELETE https://ncm.services.nconprem-10-53-55-93.ccpnx.com/v1/cg/config/tco/configs/3dc41177-ffe2-495d-ac15-1ecf6ebb1b30
2026-02-20 03:15:44 - delete_tco_direct_cost_api - INFO - [API RESPONSE] DELETE https://ncm.services.nconprem-10-53-55-93.ccpnx.com/v1/cg/config/tco/configs/3dc41177-ffe2-495d-ac15-1ecf6ebb1b30
2026-02-20 03:15:44 - delete_tco_direct_cost_api - INFO - [STATUS CODE] 200
2026-02-20 03:15:44 - delete_tco_direct_cost_api - INFO - [TIME TAKEN] 0.2100 seconds (210.03 ms)
2026-02-20 03:15:44 - delete_tco_direct_cost_api - INFO - [RESPONSE CONTENT-TYPE] application/json
2026-02-20 03:15:44 - delete_tco_direct_cost_api - INFO - [RESPONSE PAYLOAD]
{
  "message": "Delete Success"
}
2026-02-20 03:15:44 - delete_tco_direct_cost_api - INFO - ✓ Deleted: test_tco_config_dAc68
2026-02-20 03:15:44 - delete_tco_direct_cost_api - INFO - [88/99] Processing: test_tco_config_c676b
2026-02-20 03:15:44 - delete_tco_direct_cost_api - INFO - [API REQUEST] DELETE https://ncm.services.nconprem-10-53-55-93.ccpnx.com/v1/cg/config/tco/configs/54407a44-a17b-4736-8b12-409b95552f2a
2026-02-20 03:15:44 - delete_tco_direct_cost_api - INFO - [API RESPONSE] DELETE https://ncm.services.nconprem-10-53-55-93.ccpnx.com/v1/cg/config/tco/configs/54407a44-a17b-4736-8b12-409b95552f2a
2026-02-20 03:15:44 - delete_tco_direct_cost_api - INFO - [STATUS CODE] 200
2026-02-20 03:15:44 - delete_tco_direct_cost_api - INFO - [TIME TAKEN] 0.2320 seconds (231.99 ms)
2026-02-20 03:15:44 - delete_tco_direct_cost_api - INFO - [RESPONSE CONTENT-TYPE] application/json
2026-02-20 03:15:44 - delete_tco_direct_cost_api - INFO - [RESPONSE PAYLOAD]
{
  "message": "Delete Success"
}
2026-02-20 03:15:44 - delete_tco_direct_cost_api - INFO - ✓ Deleted: test_tco_config_c676b
2026-02-20 03:15:44 - delete_tco_direct_cost_api - INFO - [89/99] Processing: test_tco_config_9524c
2026-02-20 03:15:44 - delete_tco_direct_cost_api - INFO - [API REQUEST] DELETE https://ncm.services.nconprem-10-53-55-93.ccpnx.com/v1/cg/config/tco/configs/56cb79af-410f-4a3a-9ac1-2301c20cf41b
2026-02-20 03:15:44 - delete_tco_direct_cost_api - INFO - [API RESPONSE] DELETE https://ncm.services.nconprem-10-53-55-93.ccpnx.com/v1/cg/config/tco/configs/56cb79af-410f-4a3a-9ac1-2301c20cf41b
2026-02-20 03:15:44 - delete_tco_direct_cost_api - INFO - [STATUS CODE] 200
2026-02-20 03:15:44 - delete_tco_direct_cost_api - INFO - [TIME TAKEN] 0.1855 seconds (185.53 ms)
2026-02-20 03:15:44 - delete_tco_direct_cost_api - INFO - [RESPONSE CONTENT-TYPE] application/json
2026-02-20 03:15:44 - delete_tco_direct_cost_api - INFO - [RESPONSE PAYLOAD]
{
  "message": "Delete Success"
}
2026-02-20 03:15:44 - delete_tco_direct_cost_api - INFO - ✓ Deleted: test_tco_config_9524c
2026-02-20 03:15:45 - delete_tco_direct_cost_api - INFO - [90/99] Processing: test_tco_config_DA5ad
2026-02-20 03:15:45 - delete_tco_direct_cost_api - INFO - [API REQUEST] DELETE https://ncm.services.nconprem-10-53-55-93.ccpnx.com/v1/cg/config/tco/configs/8afaca11-8b56-41df-a6c3-bae6ecf638b6
2026-02-20 03:15:45 - delete_tco_direct_cost_api - INFO - [API RESPONSE] DELETE https://ncm.services.nconprem-10-53-55-93.ccpnx.com/v1/cg/config/tco/configs/8afaca11-8b56-41df-a6c3-bae6ecf638b6
2026-02-20 03:15:45 - delete_tco_direct_cost_api - INFO - [STATUS CODE] 200
2026-02-20 03:15:45 - delete_tco_direct_cost_api - INFO - [TIME TAKEN] 0.1720 seconds (172.03 ms)
2026-02-20 03:15:45 - delete_tco_direct_cost_api - INFO - [RESPONSE CONTENT-TYPE] application/json
2026-02-20 03:15:45 - delete_tco_direct_cost_api - INFO - [RESPONSE PAYLOAD]
{
  "message": "Delete Success"
}
2026-02-20 03:15:45 - delete_tco_direct_cost_api - INFO - ✓ Deleted: test_tco_config_DA5ad
2026-02-20 03:15:45 - delete_tco_direct_cost_api - INFO - [91/99] Processing: test_tco_config_B3F51
2026-02-20 03:15:45 - delete_tco_direct_cost_api - INFO - [API REQUEST] DELETE https://ncm.services.nconprem-10-53-55-93.ccpnx.com/v1/cg/config/tco/configs/8e7a6e8f-2eb6-4527-a1f4-7a79e5af4ea7
2026-02-20 03:15:45 - delete_tco_direct_cost_api - INFO - [API RESPONSE] DELETE https://ncm.services.nconprem-10-53-55-93.ccpnx.com/v1/cg/config/tco/configs/8e7a6e8f-2eb6-4527-a1f4-7a79e5af4ea7
2026-02-20 03:15:45 - delete_tco_direct_cost_api - INFO - [STATUS CODE] 200
2026-02-20 03:15:45 - delete_tco_direct_cost_api - INFO - [TIME TAKEN] 0.2947 seconds (294.72 ms)
2026-02-20 03:15:45 - delete_tco_direct_cost_api - INFO - [RESPONSE CONTENT-TYPE] application/json
2026-02-20 03:15:45 - delete_tco_direct_cost_api - INFO - [RESPONSE PAYLOAD]
{
  "message": "Delete Success"
}
2026-02-20 03:15:45 - delete_tco_direct_cost_api - INFO - ✓ Deleted: test_tco_config_B3F51
2026-02-20 03:15:45 - delete_tco_direct_cost_api - INFO - [92/99] Processing: test_tco_config_C768A
2026-02-20 03:15:45 - delete_tco_direct_cost_api - INFO - [API REQUEST] DELETE https://ncm.services.nconprem-10-53-55-93.ccpnx.com/v1/cg/config/tco/configs/8f9f52ae-da47-4ac5-9fc8-c8f38320fb34
2026-02-20 03:15:46 - delete_tco_direct_cost_api - INFO - [API RESPONSE] DELETE https://ncm.services.nconprem-10-53-55-93.ccpnx.com/v1/cg/config/tco/configs/8f9f52ae-da47-4ac5-9fc8-c8f38320fb34
2026-02-20 03:15:46 - delete_tco_direct_cost_api - INFO - [STATUS CODE] 200
2026-02-20 03:15:46 - delete_tco_direct_cost_api - INFO - [TIME TAKEN] 0.2040 seconds (204.03 ms)
2026-02-20 03:15:46 - delete_tco_direct_cost_api - INFO - [RESPONSE CONTENT-TYPE] application/json
2026-02-20 03:15:46 - delete_tco_direct_cost_api - INFO - [RESPONSE PAYLOAD]
{
  "message": "Delete Success"
}
2026-02-20 03:15:46 - delete_tco_direct_cost_api - INFO - ✓ Deleted: test_tco_config_C768A
2026-02-20 03:15:46 - delete_tco_direct_cost_api - INFO - [93/99] Processing: test_tco_config_cB89b
2026-02-20 03:15:46 - delete_tco_direct_cost_api - INFO - [API REQUEST] DELETE https://ncm.services.nconprem-10-53-55-93.ccpnx.com/v1/cg/config/tco/configs/934cd358-dc4e-4b4d-9d2b-28ac2a4d858d
2026-02-20 03:15:46 - delete_tco_direct_cost_api - INFO - [API RESPONSE] DELETE https://ncm.services.nconprem-10-53-55-93.ccpnx.com/v1/cg/config/tco/configs/934cd358-dc4e-4b4d-9d2b-28ac2a4d858d
2026-02-20 03:15:46 - delete_tco_direct_cost_api - INFO - [STATUS CODE] 200
2026-02-20 03:15:46 - delete_tco_direct_cost_api - INFO - [TIME TAKEN] 0.3746 seconds (374.57 ms)
2026-02-20 03:15:46 - delete_tco_direct_cost_api - INFO - [RESPONSE CONTENT-TYPE] application/json
2026-02-20 03:15:46 - delete_tco_direct_cost_api - INFO - [RESPONSE PAYLOAD]
{
  "message": "Delete Success"
}
2026-02-20 03:15:46 - delete_tco_direct_cost_api - INFO - ✓ Deleted: test_tco_config_cB89b
2026-02-20 03:15:46 - delete_tco_direct_cost_api - INFO - [94/99] Processing: test_tco_config_9acaa
2026-02-20 03:15:46 - delete_tco_direct_cost_api - INFO - [API REQUEST] DELETE https://ncm.services.nconprem-10-53-55-93.ccpnx.com/v1/cg/config/tco/configs/97caa676-ff11-4f63-9ce4-26dc69255d4b
2026-02-20 03:15:47 - delete_tco_direct_cost_api - INFO - [API RESPONSE] DELETE https://ncm.services.nconprem-10-53-55-93.ccpnx.com/v1/cg/config/tco/configs/97caa676-ff11-4f63-9ce4-26dc69255d4b
2026-02-20 03:15:47 - delete_tco_direct_cost_api - INFO - [STATUS CODE] 200
2026-02-20 03:15:47 - delete_tco_direct_cost_api - INFO - [TIME TAKEN] 0.2341 seconds (234.07 ms)
2026-02-20 03:15:47 - delete_tco_direct_cost_api - INFO - [RESPONSE CONTENT-TYPE] application/json
2026-02-20 03:15:47 - delete_tco_direct_cost_api - INFO - [RESPONSE PAYLOAD]
{
  "message": "Delete Success"
}
2026-02-20 03:15:47 - delete_tco_direct_cost_api - INFO - ✓ Deleted: test_tco_config_9acaa
2026-02-20 03:15:47 - delete_tco_direct_cost_api - INFO - [95/99] Processing: test_tco_config_3bE4f
2026-02-20 03:15:47 - delete_tco_direct_cost_api - INFO - [API REQUEST] DELETE https://ncm.services.nconprem-10-53-55-93.ccpnx.com/v1/cg/config/tco/configs/a44957df-f6ce-4e58-8bfd-a8b7ca3a0368
2026-02-20 03:15:47 - delete_tco_direct_cost_api - INFO - [API RESPONSE] DELETE https://ncm.services.nconprem-10-53-55-93.ccpnx.com/v1/cg/config/tco/configs/a44957df-f6ce-4e58-8bfd-a8b7ca3a0368
2026-02-20 03:15:47 - delete_tco_direct_cost_api - INFO - [STATUS CODE] 200
2026-02-20 03:15:47 - delete_tco_direct_cost_api - INFO - [TIME TAKEN] 0.2401 seconds (240.12 ms)
2026-02-20 03:15:47 - delete_tco_direct_cost_api - INFO - [RESPONSE CONTENT-TYPE] application/json
2026-02-20 03:15:47 - delete_tco_direct_cost_api - INFO - [RESPONSE PAYLOAD]
{
  "message": "Delete Success"
}
2026-02-20 03:15:47 - delete_tco_direct_cost_api - INFO - ✓ Deleted: test_tco_config_3bE4f
2026-02-20 03:15:47 - delete_tco_direct_cost_api - INFO - [96/99] Processing: test_tco_config_0a0A5
2026-02-20 03:15:47 - delete_tco_direct_cost_api - INFO - [API REQUEST] DELETE https://ncm.services.nconprem-10-53-55-93.ccpnx.com/v1/cg/config/tco/configs/b2e3c3ea-91c1-49fa-9944-8a2976a825a0
2026-02-20 03:15:48 - delete_tco_direct_cost_api - INFO - [API RESPONSE] DELETE https://ncm.services.nconprem-10-53-55-93.ccpnx.com/v1/cg/config/tco/configs/b2e3c3ea-91c1-49fa-9944-8a2976a825a0
2026-02-20 03:15:48 - delete_tco_direct_cost_api - INFO - [STATUS CODE] 200
2026-02-20 03:15:48 - delete_tco_direct_cost_api - INFO - [TIME TAKEN] 0.1695 seconds (169.48 ms)
2026-02-20 03:15:48 - delete_tco_direct_cost_api - INFO - [RESPONSE CONTENT-TYPE] application/json
2026-02-20 03:15:48 - delete_tco_direct_cost_api - INFO - [RESPONSE PAYLOAD]
{
  "message": "Delete Success"
}
2026-02-20 03:15:48 - delete_tco_direct_cost_api - INFO - ✓ Deleted: test_tco_config_0a0A5
2026-02-20 03:15:48 - delete_tco_direct_cost_api - INFO - [97/99] Processing: test_tco_config_33E51
2026-02-20 03:15:48 - delete_tco_direct_cost_api - INFO - [API REQUEST] DELETE https://ncm.services.nconprem-10-53-55-93.ccpnx.com/v1/cg/config/tco/configs/cc3deb69-474e-42cb-9374-c2e953dd432a
2026-02-20 03:15:48 - delete_tco_direct_cost_api - INFO - [API RESPONSE] DELETE https://ncm.services.nconprem-10-53-55-93.ccpnx.com/v1/cg/config/tco/configs/cc3deb69-474e-42cb-9374-c2e953dd432a
2026-02-20 03:15:48 - delete_tco_direct_cost_api - INFO - [STATUS CODE] 200
2026-02-20 03:15:48 - delete_tco_direct_cost_api - INFO - [TIME TAKEN] 0.1843 seconds (184.25 ms)
2026-02-20 03:15:48 - delete_tco_direct_cost_api - INFO - [RESPONSE CONTENT-TYPE] application/json
2026-02-20 03:15:48 - delete_tco_direct_cost_api - INFO - [RESPONSE PAYLOAD]
{
  "message": "Delete Success"
}
2026-02-20 03:15:48 - delete_tco_direct_cost_api - INFO - ✓ Deleted: test_tco_config_33E51
2026-02-20 03:15:48 - delete_tco_direct_cost_api - INFO - [98/99] Processing: test_tco_config_B4CC1
2026-02-20 03:15:48 - delete_tco_direct_cost_api - INFO - [API REQUEST] DELETE https://ncm.services.nconprem-10-53-55-93.ccpnx.com/v1/cg/config/tco/configs/d6c1d96a-8269-4c1a-bae4-9ffa4d5675ab
2026-02-20 03:15:48 - delete_tco_direct_cost_api - INFO - [API RESPONSE] DELETE https://ncm.services.nconprem-10-53-55-93.ccpnx.com/v1/cg/config/tco/configs/d6c1d96a-8269-4c1a-bae4-9ffa4d5675ab
2026-02-20 03:15:48 - delete_tco_direct_cost_api - INFO - [STATUS CODE] 200
2026-02-20 03:15:48 - delete_tco_direct_cost_api - INFO - [TIME TAKEN] 0.2551 seconds (255.10 ms)
2026-02-20 03:15:48 - delete_tco_direct_cost_api - INFO - [RESPONSE CONTENT-TYPE] application/json
2026-02-20 03:15:48 - delete_tco_direct_cost_api - INFO - [RESPONSE PAYLOAD]
{
  "message": "Delete Success"
}
2026-02-20 03:15:48 - delete_tco_direct_cost_api - INFO - ✓ Deleted: test_tco_config_B4CC1
2026-02-20 03:15:49 - delete_tco_direct_cost_api - INFO - [99/99] Processing: test_tco_config_F42bf
2026-02-20 03:15:49 - delete_tco_direct_cost_api - INFO - [API REQUEST] DELETE https://ncm.services.nconprem-10-53-55-93.ccpnx.com/v1/cg/config/tco/configs/e6c4fde4-d394-4efc-865f-26bb73b374d2
2026-02-20 03:15:49 - delete_tco_direct_cost_api - INFO - [API RESPONSE] DELETE https://ncm.services.nconprem-10-53-55-93.ccpnx.com/v1/cg/config/tco/configs/e6c4fde4-d394-4efc-865f-26bb73b374d2
2026-02-20 03:15:49 - delete_tco_direct_cost_api - INFO - [STATUS CODE] 200
2026-02-20 03:15:49 - delete_tco_direct_cost_api - INFO - [TIME TAKEN] 0.2522 seconds (252.25 ms)
2026-02-20 03:15:49 - delete_tco_direct_cost_api - INFO - [RESPONSE CONTENT-TYPE] application/json
2026-02-20 03:15:49 - delete_tco_direct_cost_api - INFO - [RESPONSE PAYLOAD]
{
  "message": "Delete Success"
}
2026-02-20 03:15:49 - delete_tco_direct_cost_api - INFO - ✓ Deleted: test_tco_config_F42bf
2026-02-20 03:15:49 - delete_tco_direct_cost_api - INFO - 
================================================================================
2026-02-20 03:15:49 - delete_tco_direct_cost_api - INFO - DELETION SUMMARY
2026-02-20 03:15:49 - delete_tco_direct_cost_api - INFO - ================================================================================
2026-02-20 03:15:49 - delete_tco_direct_cost_api - INFO -   Configurations deleted:     99
2026-02-20 03:15:49 - delete_tco_direct_cost_api - INFO -   Configurations failed:      0
2026-02-20 03:15:49 - delete_tco_direct_cost_api - INFO -   Success rate:               99/99 (100.0%)
2026-02-20 03:15:49 - delete_tco_direct_cost_api - INFO -   Total execution time:       57.51s
2026-02-20 03:15:49 - delete_tco_direct_cost_api - INFO - ================================================================================
2026-02-20 03:15:49 - delete_tco_direct_cost_api - INFO - 
2026-02-20 03:15:49 - delete_tco_direct_cost_api - INFO - ================================================================================================================================================================
2026-02-20 03:15:49 - delete_tco_direct_cost_api - INFO - API METRICS CONSOLIDATED REPORT
2026-02-20 03:15:49 - delete_tco_direct_cost_api - INFO - ================================================================================================================================================================
2026-02-20 03:15:49 - delete_tco_direct_cost_api - INFO - Method   | Endpoint                                           |   Count |   Fail |    Min(ms) |    Max(ms) |    P90(ms) |    P95(ms) |    P98(ms)
2026-02-20 03:15:49 - delete_tco_direct_cost_api - INFO - ----------------------------------------------------------------------------------------------------------------------------------------------------------------
2026-02-20 03:15:49 - delete_tco_direct_cost_api - INFO - DELETE   | /v1/cg/config/tco/configs/{uuid}                   |      99 |      - |     161.01 |     487.96 |     338.18 |     399.70 |     483.54
2026-02-20 03:15:49 - delete_tco_direct_cost_api - INFO - POST     | /v1/cg/config/tco/configs                          |       2 |      - |     348.22 |     696.53 |     696.53 |     696.53 |     696.53
2026-02-20 03:15:49 - delete_tco_direct_cost_api - INFO - ----------------------------------------------------------------------------------------------------------------------------------------------------------------
2026-02-20 03:15:49 - delete_tco_direct_cost_api - INFO - Total API Calls: 101 | Unique Endpoints: 2 | Total Failures (non-200/202): 0 | Exceptions: 0
2026-02-20 03:15:49 - delete_tco_direct_cost_api - INFO - ================================================================================================================================================================
2026-02-20 03:15:49 - delete_tco_direct_cost_api - INFO - 
2026-02-20 03:15:49 - delete_tco_direct_cost_api - INFO - STATUS CODE BREAKDOWN:
2026-02-20 03:15:49 - delete_tco_direct_cost_api - INFO - ----------------------------------------------------------------------------------------------------
2026-02-20 03:15:49 - delete_tco_direct_cost_api - INFO - DELETE /v1/cg/config/tco/configs/{uuid}           | 200: 99
2026-02-20 03:15:49 - delete_tco_direct_cost_api - INFO - POST   /v1/cg/config/tco/configs                  | 200: 2
2026-02-20 03:15:49 - delete_tco_direct_cost_api - INFO - ================================================================================================================================================================
