========================================
Pod: nx-cg-hydra-billing-worker-7f6df8675d-864tk
Namespace: ncm-cg
Status: Running
Containers: nx-cg-hydra-billing-worker
Collected at: Mon Feb 16 04:16:34 GMT 2026
========================================

Standard Commons Logging discovery in action with spring-jcl: please remove commons-logging.jar from classpath in order to avoid potential conflicts

  .   ____          _            __ _ _
 /\\ / ___'_ __ _ _(_)_ __  __ _ \ \ \ \
( ( )\___ | '_ | '_| | '_ \/ _` | \ \ \ \
 \\/  ___)| |_)| | | | | || (_| |  ) ) ) )
  '  |____| .__|_| |_|_| |_\__, | / / / /
 =========|_|==============|___/=/_/_/_/

 :: Spring Boot ::                (v3.5.7)

[2026-02-07T10:08:40.362Z] INFO main Application:53 [] Starting Application v0.0.1-SNAPSHOT using Java 21.0.10 with PID 1 (/opt/beam/hydra-billing-worker-0.0.1-SNAPSHOT.jar started by root in /)
[2026-02-07T10:08:40.373Z] INFO main Application:658 [] The following 1 profile is active: "dev"
[2026-02-07T10:08:46.772Z] INFO main RepositoryConfigurationDelegate:145 [] Bootstrapping Spring Data JPA repositories in DEFAULT mode.
[2026-02-07T10:08:47.664Z] INFO main RepositoryConfigurationDelegate:213 [] Finished Spring Data repository scanning in 787 ms. Found 10 JPA repository interfaces.
[2026-02-07T10:08:51.357Z] INFO main LogHelper:31 [] HHH000204: Processing PersistenceUnitInfo [name: default]
[2026-02-07T10:08:51.776Z] INFO main Version:44 [] HHH000412: Hibernate ORM core version 6.6.33.Final
[2026-02-07T10:08:52.075Z] INFO main RegionFactoryInitiator:50 [] HHH000026: Second-level cache disabled
[2026-02-07T10:08:52.970Z] INFO main HikariDataSource:109 [] HikariPool-1 - Starting...
[2026-02-07T10:08:55.554Z] INFO main HikariPool:580 [] HikariPool-1 - Added connection org.postgresql.jdbc.PgConnection@549d14fe
[2026-02-07T10:08:55.557Z] INFO main HikariDataSource:122 [] HikariPool-1 - Start completed.
[2026-02-07T10:08:55.860Z] INFO main pooling:163 [] HHH10001005: Database info:\n	Database JDBC URL [Connecting through datasource 'HikariDataSource (HikariPool-1)']\n	Database driver: undefined/unknown\n	Database version: 12.0\n	Autocommit mode: undefined/unknown\n	Isolation level: undefined/unknown\n	Minimum pool size: undefined/unknown\n	Maximum pool size: undefined/unknown
[2026-02-07T10:08:57.663Z] INFO main SpringPersistenceUnitInfo:87 [] No LoadTimeWeaver setup: ignoring JPA class transformer
[2026-02-07T10:09:01.369Z] INFO main Version:21 [] HV000001: Hibernate Validator 8.0.3.Final
[2026-02-07T10:09:07.070Z] INFO main JtaPlatformInitiator:59 [] HHH000489: No JTA platform available (set 'hibernate.transaction.jta.platform' to enable JTA platform integration)
[2026-02-07T10:09:07.076Z] INFO main LocalContainerEntityManagerFactoryBean:447 [] Initialized JPA EntityManagerFactory for persistence unit 'default'
[2026-02-07T10:09:09.074Z] INFO main WorkflowServiceStubsImpl:86 [] Created WorkflowServiceStubs for channel: ManagedChannelOrphanWrapper{delegate=ManagedChannelImpl{logId=1, target=ncm-platform-temporal-frontend.ntnx-ncm-datastore.svc.nc.msp.pc-gebb.nutanix.com:7233}}
[2026-02-07T10:09:11.468Z] INFO main QueryEnhancerFactory:49 [] Hibernate is in classpath; If applicable, HQL parser will be used.
[2026-02-07T10:09:31.066Z] INFO main Application:59 [] Started Application in 53.406 seconds (process running for 59.317)
[2026-02-07T10:09:32.865Z] INFO main Poller:93 [] start: Poller{name=Workflow Poller taskQueue="hydra-billing-tasks", namespace="ncm-cg", identity=1@nx-cg-hydra-billing-worker-7f6df8675d-864tk}
[2026-02-07T10:09:32.956Z] INFO main Poller:93 [] start: Poller{name=Activity Poller taskQueue="hydra-billing-tasks", namespace="ncm-cg", identity=1@nx-cg-hydra-billing-worker-7f6df8675d-864tk}
[2026-02-11T00:01:42.951Z] INFO workflow-method-114f1ff1-732d-494b-bf0b-8ad801fd8afd-019c4a00-f1f5-7659-a770-c209a5dca50d HydraModuleRoutineWorkflowImpl:27 [] Hydra Workflow Starts for job Id 114f1ff1-732d-494b-bf0b-8ad801fd8afd
[2026-02-11T00:01:43.250Z] INFO Activity Executor taskQueue="hydra-billing-tasks", namespace="ncm-cg": 1 HydraModuleRoutineActivitiesImpl:47 [] Metering Activity Starts for jobId 114f1ff1-732d-494b-bf0b-8ad801fd8afd
[2026-02-11T00:01:53.372Z] INFO Activity Executor taskQueue="hydra-billing-tasks", namespace="ncm-cg": 1 MeteringTaskHandler:107 [] Processing metering for customerHash: 59d5de78-a964-5746-8c6e-677c4c7a79df with batchId : b3a0fc67-a007-4179-b6ba-5643edad55c7
[2026-02-11T00:01:53.454Z] INFO Activity Executor taskQueue="hydra-billing-tasks", namespace="ncm-cg": 1 MeteringTaskHandler:128 [] Processing metering for segment start: [2025-01-10], end: [2025-01-31]
[2026-02-11T00:01:55.365Z] WARN Activity Executor taskQueue="hydra-billing-tasks", namespace="ncm-cg": 1 PrismMeteringLicenceUsageProvider:59 [] [LOW] : [301]vcpu config not provided for the requested clusters : [[cd3caa79-323c-4844-9041-a007cbb87a86]]
com.nutanix.beam.hydra.billing.worker.exception.HydraException: vcpu config not provided for the requested clusters : [[cd3caa79-323c-4844-9041-a007cbb87a86]]
	at com.nutanix.beam.hydra.billing.worker.util.MeteringUtil.validateVcpuConfig(MeteringUtil.java:469) ~[!/:0.0.1-SNAPSHOT]
	at com.nutanix.beam.hydra.billing.worker.provider.metering.licenseusage.PrismMeteringLicenceUsageProvider.fetchLicenceUsage(PrismMeteringLicenceUsageProvider.java:57) ~[!/:0.0.1-SNAPSHOT]
	at com.nutanix.beam.hydra.billing.worker.helper.LicenceUsageAndCostCompilerHelper.fetchPrismLicenceUsage(LicenceUsageAndCostCompilerHelper.java:178) ~[!/:0.0.1-SNAPSHOT]
	at com.nutanix.beam.hydra.billing.worker.helper.LicenceUsageAndCostCompilerHelper.populatePnPv1Licenses(LicenceUsageAndCostCompilerHelper.java:100) ~[!/:0.0.1-SNAPSHOT]
	at com.nutanix.beam.hydra.billing.worker.helper.LicenceUsageAndCostCompilerHelper.fetchLicenseCostData(LicenceUsageAndCostCompilerHelper.java:49) ~[!/:0.0.1-SNAPSHOT]
	at com.nutanix.beam.hydra.billing.worker.handler.MeteringTaskHandler.handleTask(MeteringTaskHandler.java:191) ~[!/:0.0.1-SNAPSHOT]
	at com.nutanix.beam.hydra.billing.worker.consumer.MeteringTaskConsumer.executeTemporalTask(MeteringTaskConsumer.java:67) ~[!/:0.0.1-SNAPSHOT]
	at java.base/jdk.internal.reflect.DirectMethodHandleAccessor.invoke(DirectMethodHandleAccessor.java:103) ~[?:?]
	at java.base/java.lang.reflect.Method.invoke(Method.java:580) ~[?:?]
	at org.springframework.aop.support.AopUtils.invokeJoinpointUsingReflection(AopUtils.java:360) ~[spring-aop-6.2.12.jar!/:6.2.12]
	at org.springframework.aop.framework.ReflectiveMethodInvocation.invokeJoinpoint(ReflectiveMethodInvocation.java:196) ~[spring-aop-6.2.12.jar!/:6.2.12]
	at org.springframework.aop.framework.ReflectiveMethodInvocation.proceed(ReflectiveMethodInvocation.java:163) ~[spring-aop-6.2.12.jar!/:6.2.12]
	at org.springframework.aop.interceptor.ExposeInvocationInterceptor.invoke(ExposeInvocationInterceptor.java:97) ~[spring-aop-6.2.12.jar!/:6.2.12]
	at org.springframework.aop.framework.ReflectiveMethodInvocation.proceed(ReflectiveMethodInvocation.java:184) ~[spring-aop-6.2.12.jar!/:6.2.12]
	at org.springframework.aop.framework.CglibAopProxy$DynamicAdvisedInterceptor.intercept(CglibAopProxy.java:728) ~[spring-aop-6.2.12.jar!/:6.2.12]
	at com.nutanix.beam.hydra.billing.worker.consumer.MeteringTaskConsumer$$SpringCGLIB$$0.executeTemporalTask(<generated>) ~[!/:0.0.1-SNAPSHOT]
	at com.nutanix.beam.hydra.billing.worker.temporal.activities.HydraModuleRoutineActivitiesImpl.meteringTask(HydraModuleRoutineActivitiesImpl.java:50) ~[!/:0.0.1-SNAPSHOT]
	at java.base/jdk.internal.reflect.DirectMethodHandleAccessor.invoke(DirectMethodHandleAccessor.java:103) ~[?:?]
	at java.base/java.lang.reflect.Method.invoke(Method.java:580) ~[?:?]
	at io.temporal.internal.activity.RootActivityInboundCallsInterceptor$POJOActivityInboundCallsInterceptor.executeActivity(RootActivityInboundCallsInterceptor.java:64) ~[temporal-sdk-1.28.4.jar!/:1.28.4]
	at io.temporal.internal.activity.RootActivityInboundCallsInterceptor.execute(RootActivityInboundCallsInterceptor.java:43) ~[temporal-sdk-1.28.4.jar!/:1.28.4]
	at io.temporal.internal.activity.ActivityTaskExecutors$BaseActivityTaskExecutor.execute(ActivityTaskExecutors.java:107) ~[temporal-sdk-1.28.4.jar!/:1.28.4]
	at io.temporal.internal.activity.ActivityTaskHandlerImpl.handle(ActivityTaskHandlerImpl.java:124) ~[temporal-sdk-1.28.4.jar!/:1.28.4]
	at io.temporal.internal.worker.ActivityWorker$TaskHandlerImpl.handleActivity(ActivityWorker.java:290) ~[temporal-sdk-1.28.4.jar!/:1.28.4]
	at io.temporal.internal.worker.ActivityWorker$TaskHandlerImpl.handle(ActivityWorker.java:254) ~[temporal-sdk-1.28.4.jar!/:1.28.4]
	at io.temporal.internal.worker.ActivityWorker$TaskHandlerImpl.handle(ActivityWorker.java:217) ~[temporal-sdk-1.28.4.jar!/:1.28.4]
	at io.temporal.internal.worker.PollTaskExecutor.lambda$process$1(PollTaskExecutor.java:96) ~[temporal-sdk-1.28.4.jar!/:1.28.4]
	at java.base/java.util.concurrent.ThreadPoolExecutor.runWorker(ThreadPoolExecutor.java:1144) ~[?:?]
	at java.base/java.util.concurrent.ThreadPoolExecutor$Worker.run(ThreadPoolExecutor.java:642) ~[?:?]
	at java.base/java.lang.Thread.run(Thread.java:1583) [?:?]
[2026-02-11T00:01:55.372Z] WARN Activity Executor taskQueue="hydra-billing-tasks", namespace="ncm-cg": 1 FlowMeteringLicenceUsageProvider:59 [] [LOW] : [301]vcpu config not provided for the requested clusters : [[cd3caa79-323c-4844-9041-a007cbb87a86]]
com.nutanix.beam.hydra.billing.worker.exception.HydraException: vcpu config not provided for the requested clusters : [[cd3caa79-323c-4844-9041-a007cbb87a86]]
	at com.nutanix.beam.hydra.billing.worker.util.MeteringUtil.validateVcpuConfig(MeteringUtil.java:469) ~[!/:0.0.1-SNAPSHOT]
	at com.nutanix.beam.hydra.billing.worker.provider.metering.licenseusage.FlowMeteringLicenceUsageProvider.fetchLicenceUsage(FlowMeteringLicenceUsageProvider.java:57) ~[!/:0.0.1-SNAPSHOT]
	at com.nutanix.beam.hydra.billing.worker.helper.LicenceUsageAndCostCompilerHelper.fetchFlowLicenceUsage(LicenceUsageAndCostCompilerHelper.java:193) ~[!/:0.0.1-SNAPSHOT]
	at com.nutanix.beam.hydra.billing.worker.helper.LicenceUsageAndCostCompilerHelper.populatePnPv1Licenses(LicenceUsageAndCostCompilerHelper.java:104) ~[!/:0.0.1-SNAPSHOT]
	at com.nutanix.beam.hydra.billing.worker.helper.LicenceUsageAndCostCompilerHelper.fetchLicenseCostData(LicenceUsageAndCostCompilerHelper.java:49) ~[!/:0.0.1-SNAPSHOT]
	at com.nutanix.beam.hydra.billing.worker.handler.MeteringTaskHandler.handleTask(MeteringTaskHandler.java:191) ~[!/:0.0.1-SNAPSHOT]
	at com.nutanix.beam.hydra.billing.worker.consumer.MeteringTaskConsumer.executeTemporalTask(MeteringTaskConsumer.java:67) ~[!/:0.0.1-SNAPSHOT]
	at java.base/jdk.internal.reflect.DirectMethodHandleAccessor.invoke(DirectMethodHandleAccessor.java:103) ~[?:?]
	at java.base/java.lang.reflect.Method.invoke(Method.java:580) ~[?:?]
	at org.springframework.aop.support.AopUtils.invokeJoinpointUsingReflection(AopUtils.java:360) ~[spring-aop-6.2.12.jar!/:6.2.12]
	at org.springframework.aop.framework.ReflectiveMethodInvocation.invokeJoinpoint(ReflectiveMethodInvocation.java:196) ~[spring-aop-6.2.12.jar!/:6.2.12]
	at org.springframework.aop.framework.ReflectiveMethodInvocation.proceed(ReflectiveMethodInvocation.java:163) ~[spring-aop-6.2.12.jar!/:6.2.12]
	at org.springframework.aop.interceptor.ExposeInvocationInterceptor.invoke(ExposeInvocationInterceptor.java:97) ~[spring-aop-6.2.12.jar!/:6.2.12]
	at org.springframework.aop.framework.ReflectiveMethodInvocation.proceed(ReflectiveMethodInvocation.java:184) ~[spring-aop-6.2.12.jar!/:6.2.12]
	at org.springframework.aop.framework.CglibAopProxy$DynamicAdvisedInterceptor.intercept(CglibAopProxy.java:728) ~[spring-aop-6.2.12.jar!/:6.2.12]
	at com.nutanix.beam.hydra.billing.worker.consumer.MeteringTaskConsumer$$SpringCGLIB$$0.executeTemporalTask(<generated>) ~[!/:0.0.1-SNAPSHOT]
	at com.nutanix.beam.hydra.billing.worker.temporal.activities.HydraModuleRoutineActivitiesImpl.meteringTask(HydraModuleRoutineActivitiesImpl.java:50) ~[!/:0.0.1-SNAPSHOT]
	at java.base/jdk.internal.reflect.DirectMethodHandleAccessor.invoke(DirectMethodHandleAccessor.java:103) ~[?:?]
	at java.base/java.lang.reflect.Method.invoke(Method.java:580) ~[?:?]
	at io.temporal.internal.activity.RootActivityInboundCallsInterceptor$POJOActivityInboundCallsInterceptor.executeActivity(RootActivityInboundCallsInterceptor.java:64) ~[temporal-sdk-1.28.4.jar!/:1.28.4]
	at io.temporal.internal.activity.RootActivityInboundCallsInterceptor.execute(RootActivityInboundCallsInterceptor.java:43) ~[temporal-sdk-1.28.4.jar!/:1.28.4]
	at io.temporal.internal.activity.ActivityTaskExecutors$BaseActivityTaskExecutor.execute(ActivityTaskExecutors.java:107) ~[temporal-sdk-1.28.4.jar!/:1.28.4]
	at io.temporal.internal.activity.ActivityTaskHandlerImpl.handle(ActivityTaskHandlerImpl.java:124) ~[temporal-sdk-1.28.4.jar!/:1.28.4]
	at io.temporal.internal.worker.ActivityWorker$TaskHandlerImpl.handleActivity(ActivityWorker.java:290) ~[temporal-sdk-1.28.4.jar!/:1.28.4]
	at io.temporal.internal.worker.ActivityWorker$TaskHandlerImpl.handle(ActivityWorker.java:254) ~[temporal-sdk-1.28.4.jar!/:1.28.4]
	at io.temporal.internal.worker.ActivityWorker$TaskHandlerImpl.handle(ActivityWorker.java:217) ~[temporal-sdk-1.28.4.jar!/:1.28.4]
	at io.temporal.internal.worker.PollTaskExecutor.lambda$process$1(PollTaskExecutor.java:96) ~[temporal-sdk-1.28.4.jar!/:1.28.4]
	at java.base/java.util.concurrent.ThreadPoolExecutor.runWorker(ThreadPoolExecutor.java:1144) ~[?:?]
	at java.base/java.util.concurrent.ThreadPoolExecutor$Worker.run(ThreadPoolExecutor.java:642) ~[?:?]
	at java.base/java.lang.Thread.run(Thread.java:1583) [?:?]
[2026-02-11T00:01:55.373Z] WARN Activity Executor taskQueue="hydra-billing-tasks", namespace="ncm-cg": 1 FilesMeteringLicenceUsageProvider:57 [] storage config not provided for the requested clusters : [[cd3caa79-323c-4844-9041-a007cbb87a86]]
[2026-02-11T00:01:55.374Z] WARN Activity Executor taskQueue="hydra-billing-tasks", namespace="ncm-cg": 1 ObjectsMeteringLicenceUsageProvider:52 [] storage config not provided for the requested clusters : [[cd3caa79-323c-4844-9041-a007cbb87a86]]
[2026-02-11T00:01:55.374Z] WARN Activity Executor taskQueue="hydra-billing-tasks", namespace="ncm-cg": 1 NCMMeteringLicenceUsageProvider:56 [] vcpu config not provided for the requested clusters : [[cd3caa79-323c-4844-9041-a007cbb87a86]]
[2026-02-11T00:01:55.375Z] WARN Activity Executor taskQueue="hydra-billing-tasks", namespace="ncm-cg": 1 NUSMeteringLicenceUsageProvider:53 [] storage config not provided for the requested clusters : [[cd3caa79-323c-4844-9041-a007cbb87a86]]
[2026-02-11T00:01:55.450Z] INFO Activity Executor taskQueue="hydra-billing-tasks", namespace="ncm-cg": 1 MeteringTaskHandler:469 [] TCO Details not found for cluster : 00063fb0-c3eb-3105-0000-00000001c483
[2026-02-11T00:01:55.451Z] INFO Activity Executor taskQueue="hydra-billing-tasks", namespace="ncm-cg": 1 MeteringTaskHandler:469 [] TCO Details not found for cluster : 0006437f-fcaf-c4c4-0000-0000000193e2
[2026-02-11T00:01:55.553Z] WARN Activity Executor taskQueue="hydra-billing-tasks", namespace="ncm-cg": 1 PrismMeteringLicenceUsageProvider:59 [] [LOW] : [301]vcpu config not provided for the requested clusters : [[cd3caa79-323c-4844-9041-a007cbb87a86]]
com.nutanix.beam.hydra.billing.worker.exception.HydraException: vcpu config not provided for the requested clusters : [[cd3caa79-323c-4844-9041-a007cbb87a86]]
	at com.nutanix.beam.hydra.billing.worker.util.MeteringUtil.validateVcpuConfig(MeteringUtil.java:469) ~[!/:0.0.1-SNAPSHOT]
	at com.nutanix.beam.hydra.billing.worker.provider.metering.licenseusage.PrismMeteringLicenceUsageProvider.fetchLicenceUsage(PrismMeteringLicenceUsageProvider.java:57) ~[!/:0.0.1-SNAPSHOT]
	at com.nutanix.beam.hydra.billing.worker.helper.LicenceUsageAndCostCompilerHelper.fetchPrismLicenceUsage(LicenceUsageAndCostCompilerHelper.java:178) ~[!/:0.0.1-SNAPSHOT]
	at com.nutanix.beam.hydra.billing.worker.helper.LicenceUsageAndCostCompilerHelper.populatePnPv1Licenses(LicenceUsageAndCostCompilerHelper.java:100) ~[!/:0.0.1-SNAPSHOT]
	at com.nutanix.beam.hydra.billing.worker.helper.LicenceUsageAndCostCompilerHelper.fetchLicenseCostData(LicenceUsageAndCostCompilerHelper.java:49) ~[!/:0.0.1-SNAPSHOT]
	at com.nutanix.beam.hydra.billing.worker.handler.MeteringTaskHandler.handleTask(MeteringTaskHandler.java:191) ~[!/:0.0.1-SNAPSHOT]
	at com.nutanix.beam.hydra.billing.worker.consumer.MeteringTaskConsumer.executeTemporalTask(MeteringTaskConsumer.java:67) ~[!/:0.0.1-SNAPSHOT]
	at java.base/jdk.internal.reflect.DirectMethodHandleAccessor.invoke(DirectMethodHandleAccessor.java:103) ~[?:?]
	at java.base/java.lang.reflect.Method.invoke(Method.java:580) ~[?:?]
	at org.springframework.aop.support.AopUtils.invokeJoinpointUsingReflection(AopUtils.java:360) ~[spring-aop-6.2.12.jar!/:6.2.12]
	at org.springframework.aop.framework.ReflectiveMethodInvocation.invokeJoinpoint(ReflectiveMethodInvocation.java:196) ~[spring-aop-6.2.12.jar!/:6.2.12]
	at org.springframework.aop.framework.ReflectiveMethodInvocation.proceed(ReflectiveMethodInvocation.java:163) ~[spring-aop-6.2.12.jar!/:6.2.12]
	at org.springframework.aop.interceptor.ExposeInvocationInterceptor.invoke(ExposeInvocationInterceptor.java:97) ~[spring-aop-6.2.12.jar!/:6.2.12]
	at org.springframework.aop.framework.ReflectiveMethodInvocation.proceed(ReflectiveMethodInvocation.java:184) ~[spring-aop-6.2.12.jar!/:6.2.12]
	at org.springframework.aop.framework.CglibAopProxy$DynamicAdvisedInterceptor.intercept(CglibAopProxy.java:728) ~[spring-aop-6.2.12.jar!/:6.2.12]
	at com.nutanix.beam.hydra.billing.worker.consumer.MeteringTaskConsumer$$SpringCGLIB$$0.executeTemporalTask(<generated>) ~[!/:0.0.1-SNAPSHOT]
	at com.nutanix.beam.hydra.billing.worker.temporal.activities.HydraModuleRoutineActivitiesImpl.meteringTask(HydraModuleRoutineActivitiesImpl.java:50) ~[!/:0.0.1-SNAPSHOT]
	at java.base/jdk.internal.reflect.DirectMethodHandleAccessor.invoke(DirectMethodHandleAccessor.java:103) ~[?:?]
	at java.base/java.lang.reflect.Method.invoke(Method.java:580) ~[?:?]
	at io.temporal.internal.activity.RootActivityInboundCallsInterceptor$POJOActivityInboundCallsInterceptor.executeActivity(RootActivityInboundCallsInterceptor.java:64) ~[temporal-sdk-1.28.4.jar!/:1.28.4]
	at io.temporal.internal.activity.RootActivityInboundCallsInterceptor.execute(RootActivityInboundCallsInterceptor.java:43) ~[temporal-sdk-1.28.4.jar!/:1.28.4]
	at io.temporal.internal.activity.ActivityTaskExecutors$BaseActivityTaskExecutor.execute(ActivityTaskExecutors.java:107) ~[temporal-sdk-1.28.4.jar!/:1.28.4]
	at io.temporal.internal.activity.ActivityTaskHandlerImpl.handle(ActivityTaskHandlerImpl.java:124) ~[temporal-sdk-1.28.4.jar!/:1.28.4]
	at io.temporal.internal.worker.ActivityWorker$TaskHandlerImpl.handleActivity(ActivityWorker.java:290) ~[temporal-sdk-1.28.4.jar!/:1.28.4]
	at io.temporal.internal.worker.ActivityWorker$TaskHandlerImpl.handle(ActivityWorker.java:254) ~[temporal-sdk-1.28.4.jar!/:1.28.4]
	at io.temporal.internal.worker.ActivityWorker$TaskHandlerImpl.handle(ActivityWorker.java:217) ~[temporal-sdk-1.28.4.jar!/:1.28.4]
	at io.temporal.internal.worker.PollTaskExecutor.lambda$process$1(PollTaskExecutor.java:96) ~[temporal-sdk-1.28.4.jar!/:1.28.4]
	at java.base/java.util.concurrent.ThreadPoolExecutor.runWorker(ThreadPoolExecutor.java:1144) ~[?:?]
	at java.base/java.util.concurrent.ThreadPoolExecutor$Worker.run(ThreadPoolExecutor.java:642) ~[?:?]
	at java.base/java.lang.Thread.run(Thread.java:1583) [?:?]
[2026-02-11T00:01:55.555Z] WARN Activity Executor taskQueue="hydra-billing-tasks", namespace="ncm-cg": 1 FlowMeteringLicenceUsageProvider:59 [] [LOW] : [301]vcpu config not provided for the requested clusters : [[cd3caa79-323c-4844-9041-a007cbb87a86]]
com.nutanix.beam.hydra.billing.worker.exception.HydraException: vcpu config not provided for the requested clusters : [[cd3caa79-323c-4844-9041-a007cbb87a86]]
	at com.nutanix.beam.hydra.billing.worker.util.MeteringUtil.validateVcpuConfig(MeteringUtil.java:469) ~[!/:0.0.1-SNAPSHOT]
	at com.nutanix.beam.hydra.billing.worker.provider.metering.licenseusage.FlowMeteringLicenceUsageProvider.fetchLicenceUsage(FlowMeteringLicenceUsageProvider.java:57) ~[!/:0.0.1-SNAPSHOT]
	at com.nutanix.beam.hydra.billing.worker.helper.LicenceUsageAndCostCompilerHelper.fetchFlowLicenceUsage(LicenceUsageAndCostCompilerHelper.java:193) ~[!/:0.0.1-SNAPSHOT]
	at com.nutanix.beam.hydra.billing.worker.helper.LicenceUsageAndCostCompilerHelper.populatePnPv1Licenses(LicenceUsageAndCostCompilerHelper.java:104) ~[!/:0.0.1-SNAPSHOT]
	at com.nutanix.beam.hydra.billing.worker.helper.LicenceUsageAndCostCompilerHelper.fetchLicenseCostData(LicenceUsageAndCostCompilerHelper.java:49) ~[!/:0.0.1-SNAPSHOT]
	at com.nutanix.beam.hydra.billing.worker.handler.MeteringTaskHandler.handleTask(MeteringTaskHandler.java:191) ~[!/:0.0.1-SNAPSHOT]
	at com.nutanix.beam.hydra.billing.worker.consumer.MeteringTaskConsumer.executeTemporalTask(MeteringTaskConsumer.java:67) ~[!/:0.0.1-SNAPSHOT]
	at java.base/jdk.internal.reflect.DirectMethodHandleAccessor.invoke(DirectMethodHandleAccessor.java:103) ~[?:?]
	at java.base/java.lang.reflect.Method.invoke(Method.java:580) ~[?:?]
	at org.springframework.aop.support.AopUtils.invokeJoinpointUsingReflection(AopUtils.java:360) ~[spring-aop-6.2.12.jar!/:6.2.12]
	at org.springframework.aop.framework.ReflectiveMethodInvocation.invokeJoinpoint(ReflectiveMethodInvocation.java:196) ~[spring-aop-6.2.12.jar!/:6.2.12]
	at org.springframework.aop.framework.ReflectiveMethodInvocation.proceed(ReflectiveMethodInvocation.java:163) ~[spring-aop-6.2.12.jar!/:6.2.12]
	at org.springframework.aop.interceptor.ExposeInvocationInterceptor.invoke(ExposeInvocationInterceptor.java:97) ~[spring-aop-6.2.12.jar!/:6.2.12]
	at org.springframework.aop.framework.ReflectiveMethodInvocation.proceed(ReflectiveMethodInvocation.java:184) ~[spring-aop-6.2.12.jar!/:6.2.12]
	at org.springframework.aop.framework.CglibAopProxy$DynamicAdvisedInterceptor.intercept(CglibAopProxy.java:728) ~[spring-aop-6.2.12.jar!/:6.2.12]
	at com.nutanix.beam.hydra.billing.worker.consumer.MeteringTaskConsumer$$SpringCGLIB$$0.executeTemporalTask(<generated>) ~[!/:0.0.1-SNAPSHOT]
	at com.nutanix.beam.hydra.billing.worker.temporal.activities.HydraModuleRoutineActivitiesImpl.meteringTask(HydraModuleRoutineActivitiesImpl.java:50) ~[!/:0.0.1-SNAPSHOT]
	at java.base/jdk.internal.reflect.DirectMethodHandleAccessor.invoke(DirectMethodHandleAccessor.java:103) ~[?:?]
	at java.base/java.lang.reflect.Method.invoke(Method.java:580) ~[?:?]
	at io.temporal.internal.activity.RootActivityInboundCallsInterceptor$POJOActivityInboundCallsInterceptor.executeActivity(RootActivityInboundCallsInterceptor.java:64) ~[temporal-sdk-1.28.4.jar!/:1.28.4]
	at io.temporal.internal.activity.RootActivityInboundCallsInterceptor.execute(RootActivityInboundCallsInterceptor.java:43) ~[temporal-sdk-1.28.4.jar!/:1.28.4]
	at io.temporal.internal.activity.ActivityTaskExecutors$BaseActivityTaskExecutor.execute(ActivityTaskExecutors.java:107) ~[temporal-sdk-1.28.4.jar!/:1.28.4]
	at io.temporal.internal.activity.ActivityTaskHandlerImpl.handle(ActivityTaskHandlerImpl.java:124) ~[temporal-sdk-1.28.4.jar!/:1.28.4]
	at io.temporal.internal.worker.ActivityWorker$TaskHandlerImpl.handleActivity(ActivityWorker.java:290) ~[temporal-sdk-1.28.4.jar!/:1.28.4]
	at io.temporal.internal.worker.ActivityWorker$TaskHandlerImpl.handle(ActivityWorker.java:254) ~[temporal-sdk-1.28.4.jar!/:1.28.4]
	at io.temporal.internal.worker.ActivityWorker$TaskHandlerImpl.handle(ActivityWorker.java:217) ~[temporal-sdk-1.28.4.jar!/:1.28.4]
	at io.temporal.internal.worker.PollTaskExecutor.lambda$process$1(PollTaskExecutor.java:96) ~[temporal-sdk-1.28.4.jar!/:1.28.4]
	at java.base/java.util.concurrent.ThreadPoolExecutor.runWorker(ThreadPoolExecutor.java:1144) ~[?:?]
	at java.base/java.util.concurrent.ThreadPoolExecutor$Worker.run(ThreadPoolExecutor.java:642) ~[?:?]
	at java.base/java.lang.Thread.run(Thread.java:1583) [?:?]
[2026-02-11T00:01:55.556Z] WARN Activity Executor taskQueue="hydra-billing-tasks", namespace="ncm-cg": 1 FilesMeteringLicenceUsageProvider:57 [] storage config not provided for the requested clusters : [[cd3caa79-323c-4844-9041-a007cbb87a86]]
[2026-02-11T00:01:55.556Z] WARN Activity Executor taskQueue="hydra-billing-tasks", namespace="ncm-cg": 1 ObjectsMeteringLicenceUsageProvider:52 [] storage config not provided for the requested clusters : [[cd3caa79-323c-4844-9041-a007cbb87a86]]
[2026-02-11T00:01:55.557Z] WARN Activity Executor taskQueue="hydra-billing-tasks", namespace="ncm-cg": 1 NCMMeteringLicenceUsageProvider:56 [] vcpu config not provided for the requested clusters : [[cd3caa79-323c-4844-9041-a007cbb87a86]]
[2026-02-11T00:01:55.557Z] WARN Activity Executor taskQueue="hydra-billing-tasks", namespace="ncm-cg": 1 NUSMeteringLicenceUsageProvider:53 [] storage config not provided for the requested clusters : [[cd3caa79-323c-4844-9041-a007cbb87a86]]
[2026-02-11T00:01:55.557Z] INFO Activity Executor taskQueue="hydra-billing-tasks", namespace="ncm-cg": 1 MeteringTaskHandler:469 [] TCO Details not found for cluster : 00063fb0-c3eb-3105-0000-00000001c483
[2026-02-11T00:01:55.557Z] INFO Activity Executor taskQueue="hydra-billing-tasks", namespace="ncm-cg": 1 MeteringTaskHandler:469 [] TCO Details not found for cluster : 0006437f-fcaf-c4c4-0000-0000000193e2
[2026-02-11T00:01:55.558Z] INFO Activity Executor taskQueue="hydra-billing-tasks", namespace="ncm-cg": 1 MeteringTaskHandler:128 [] Processing metering for segment start: [2025-02-01], end: [2025-02-28]
[2026-02-11T00:01:55.943Z] WARN Activity Executor taskQueue="hydra-billing-tasks", namespace="ncm-cg": 1 PrismMeteringLicenceUsageProvider:59 [] [LOW] : [301]vcpu config not provided for the requested clusters : [[cd3caa79-323c-4844-9041-a007cbb87a86]]
com.nutanix.beam.hydra.billing.worker.exception.HydraException: vcpu config not provided for the requested clusters : [[cd3caa79-323c-4844-9041-a007cbb87a86]]
	at com.nutanix.beam.hydra.billing.worker.util.MeteringUtil.validateVcpuConfig(MeteringUtil.java:469) ~[!/:0.0.1-SNAPSHOT]
	at com.nutanix.beam.hydra.billing.worker.provider.metering.licenseusage.PrismMeteringLicenceUsageProvider.fetchLicenceUsage(PrismMeteringLicenceUsageProvider.java:57) ~[!/:0.0.1-SNAPSHOT]
	at com.nutanix.beam.hydra.billing.worker.helper.LicenceUsageAndCostCompilerHelper.fetchPrismLicenceUsage(LicenceUsageAndCostCompilerHelper.java:178) ~[!/:0.0.1-SNAPSHOT]
	at com.nutanix.beam.hydra.billing.worker.helper.LicenceUsageAndCostCompilerHelper.populatePnPv1Licenses(LicenceUsageAndCostCompilerHelper.java:100) ~[!/:0.0.1-SNAPSHOT]
	at com.nutanix.beam.hydra.billing.worker.helper.LicenceUsageAndCostCompilerHelper.fetchLicenseCostData(LicenceUsageAndCostCompilerHelper.java:49) ~[!/:0.0.1-SNAPSHOT]
	at com.nutanix.beam.hydra.billing.worker.handler.MeteringTaskHandler.handleTask(MeteringTaskHandler.java:191) ~[!/:0.0.1-SNAPSHOT]
	at com.nutanix.beam.hydra.billing.worker.consumer.MeteringTaskConsumer.executeTemporalTask(MeteringTaskConsumer.java:67) ~[!/:0.0.1-SNAPSHOT]
	at java.base/jdk.internal.reflect.DirectMethodHandleAccessor.invoke(DirectMethodHandleAccessor.java:103) ~[?:?]
	at java.base/java.lang.reflect.Method.invoke(Method.java:580) ~[?:?]
	at org.springframework.aop.support.AopUtils.invokeJoinpointUsingReflection(AopUtils.java:360) ~[spring-aop-6.2.12.jar!/:6.2.12]
	at org.springframework.aop.framework.ReflectiveMethodInvocation.invokeJoinpoint(ReflectiveMethodInvocation.java:196) ~[spring-aop-6.2.12.jar!/:6.2.12]
	at org.springframework.aop.framework.ReflectiveMethodInvocation.proceed(ReflectiveMethodInvocation.java:163) ~[spring-aop-6.2.12.jar!/:6.2.12]
	at org.springframework.aop.interceptor.ExposeInvocationInterceptor.invoke(ExposeInvocationInterceptor.java:97) ~[spring-aop-6.2.12.jar!/:6.2.12]
	at org.springframework.aop.framework.ReflectiveMethodInvocation.proceed(ReflectiveMethodInvocation.java:184) ~[spring-aop-6.2.12.jar!/:6.2.12]
	at org.springframework.aop.framework.CglibAopProxy$DynamicAdvisedInterceptor.intercept(CglibAopProxy.java:728) ~[spring-aop-6.2.12.jar!/:6.2.12]
	at com.nutanix.beam.hydra.billing.worker.consumer.MeteringTaskConsumer$$SpringCGLIB$$0.executeTemporalTask(<generated>) ~[!/:0.0.1-SNAPSHOT]
	at com.nutanix.beam.hydra.billing.worker.temporal.activities.HydraModuleRoutineActivitiesImpl.meteringTask(HydraModuleRoutineActivitiesImpl.java:50) ~[!/:0.0.1-SNAPSHOT]
	at java.base/jdk.internal.reflect.DirectMethodHandleAccessor.invoke(DirectMethodHandleAccessor.java:103) ~[?:?]
	at java.base/java.lang.reflect.Method.invoke(Method.java:580) ~[?:?]
	at io.temporal.internal.activity.RootActivityInboundCallsInterceptor$POJOActivityInboundCallsInterceptor.executeActivity(RootActivityInboundCallsInterceptor.java:64) ~[temporal-sdk-1.28.4.jar!/:1.28.4]
	at io.temporal.internal.activity.RootActivityInboundCallsInterceptor.execute(RootActivityInboundCallsInterceptor.java:43) ~[temporal-sdk-1.28.4.jar!/:1.28.4]
	at io.temporal.internal.activity.ActivityTaskExecutors$BaseActivityTaskExecutor.execute(ActivityTaskExecutors.java:107) ~[temporal-sdk-1.28.4.jar!/:1.28.4]
	at io.temporal.internal.activity.ActivityTaskHandlerImpl.handle(ActivityTaskHandlerImpl.java:124) ~[temporal-sdk-1.28.4.jar!/:1.28.4]
	at io.temporal.internal.worker.ActivityWorker$TaskHandlerImpl.handleActivity(ActivityWorker.java:290) ~[temporal-sdk-1.28.4.jar!/:1.28.4]
	at io.temporal.internal.worker.ActivityWorker$TaskHandlerImpl.handle(ActivityWorker.java:254) ~[temporal-sdk-1.28.4.jar!/:1.28.4]
	at io.temporal.internal.worker.ActivityWorker$TaskHandlerImpl.handle(ActivityWorker.java:217) ~[temporal-sdk-1.28.4.jar!/:1.28.4]
	at io.temporal.internal.worker.PollTaskExecutor.lambda$process$1(PollTaskExecutor.java:96) ~[temporal-sdk-1.28.4.jar!/:1.28.4]
	at java.base/java.util.concurrent.ThreadPoolExecutor.runWorker(ThreadPoolExecutor.java:1144) ~[?:?]
	at java.base/java.util.concurrent.ThreadPoolExecutor$Worker.run(ThreadPoolExecutor.java:642) ~[?:?]
	at java.base/java.lang.Thread.run(Thread.java:1583) [?:?]
[2026-02-11T00:01:55.944Z] WARN Activity Executor taskQueue="hydra-billing-tasks", namespace="ncm-cg": 1 FlowMeteringLicenceUsageProvider:59 [] [LOW] : [301]vcpu config not provided for the requested clusters : [[cd3caa79-323c-4844-9041-a007cbb87a86]]
com.nutanix.beam.hydra.billing.worker.exception.HydraException: vcpu config not provided for the requested clusters : [[cd3caa79-323c-4844-9041-a007cbb87a86]]
	at com.nutanix.beam.hydra.billing.worker.util.MeteringUtil.validateVcpuConfig(MeteringUtil.java:469) ~[!/:0.0.1-SNAPSHOT]
	at com.nutanix.beam.hydra.billing.worker.provider.metering.licenseusage.FlowMeteringLicenceUsageProvider.fetchLicenceUsage(FlowMeteringLicenceUsageProvider.java:57) ~[!/:0.0.1-SNAPSHOT]
	at com.nutanix.beam.hydra.billing.worker.helper.LicenceUsageAndCostCompilerHelper.fetchFlowLicenceUsage(LicenceUsageAndCostCompilerHelper.java:193) ~[!/:0.0.1-SNAPSHOT]
	at com.nutanix.beam.hydra.billing.worker.helper.LicenceUsageAndCostCompilerHelper.populatePnPv1Licenses(LicenceUsageAndCostCompilerHelper.java:104) ~[!/:0.0.1-SNAPSHOT]
	at com.nutanix.beam.hydra.billing.worker.helper.LicenceUsageAndCostCompilerHelper.fetchLicenseCostData(LicenceUsageAndCostCompilerHelper.java:49) ~[!/:0.0.1-SNAPSHOT]
	at com.nutanix.beam.hydra.billing.worker.handler.MeteringTaskHandler.handleTask(MeteringTaskHandler.java:191) ~[!/:0.0.1-SNAPSHOT]
	at com.nutanix.beam.hydra.billing.worker.consumer.MeteringTaskConsumer.executeTemporalTask(MeteringTaskConsumer.java:67) ~[!/:0.0.1-SNAPSHOT]
	at java.base/jdk.internal.reflect.DirectMethodHandleAccessor.invoke(DirectMethodHandleAccessor.java:103) ~[?:?]
	at java.base/java.lang.reflect.Method.invoke(Method.java:580) ~[?:?]
	at org.springframework.aop.support.AopUtils.invokeJoinpointUsingReflection(AopUtils.java:360) ~[spring-aop-6.2.12.jar!/:6.2.12]
	at org.springframework.aop.framework.ReflectiveMethodInvocation.invokeJoinpoint(ReflectiveMethodInvocation.java:196) ~[spring-aop-6.2.12.jar!/:6.2.12]
	at org.springframework.aop.framework.ReflectiveMethodInvocation.proceed(ReflectiveMethodInvocation.java:163) ~[spring-aop-6.2.12.jar!/:6.2.12]
	at org.springframework.aop.interceptor.ExposeInvocationInterceptor.invoke(ExposeInvocationInterceptor.java:97) ~[spring-aop-6.2.12.jar!/:6.2.12]
	at org.springframework.aop.framework.ReflectiveMethodInvocation.proceed(ReflectiveMethodInvocation.java:184) ~[spring-aop-6.2.12.jar!/:6.2.12]
	at org.springframework.aop.framework.CglibAopProxy$DynamicAdvisedInterceptor.intercept(CglibAopProxy.java:728) ~[spring-aop-6.2.12.jar!/:6.2.12]
	at com.nutanix.beam.hydra.billing.worker.consumer.MeteringTaskConsumer$$SpringCGLIB$$0.executeTemporalTask(<generated>) ~[!/:0.0.1-SNAPSHOT]
	at com.nutanix.beam.hydra.billing.worker.temporal.activities.HydraModuleRoutineActivitiesImpl.meteringTask(HydraModuleRoutineActivitiesImpl.java:50) ~[!/:0.0.1-SNAPSHOT]
	at java.base/jdk.internal.reflect.DirectMethodHandleAccessor.invoke(DirectMethodHandleAccessor.java:103) ~[?:?]
	at java.base/java.lang.reflect.Method.invoke(Method.java:580) ~[?:?]
	at io.temporal.internal.activity.RootActivityInboundCallsInterceptor$POJOActivityInboundCallsInterceptor.executeActivity(RootActivityInboundCallsInterceptor.java:64) ~[temporal-sdk-1.28.4.jar!/:1.28.4]
	at io.temporal.internal.activity.RootActivityInboundCallsInterceptor.execute(RootActivityInboundCallsInterceptor.java:43) ~[temporal-sdk-1.28.4.jar!/:1.28.4]
	at io.temporal.internal.activity.ActivityTaskExecutors$BaseActivityTaskExecutor.execute(ActivityTaskExecutors.java:107) ~[temporal-sdk-1.28.4.jar!/:1.28.4]
	at io.temporal.internal.activity.ActivityTaskHandlerImpl.handle(ActivityTaskHandlerImpl.java:124) ~[temporal-sdk-1.28.4.jar!/:1.28.4]
	at io.temporal.internal.worker.ActivityWorker$TaskHandlerImpl.handleActivity(ActivityWorker.java:290) ~[temporal-sdk-1.28.4.jar!/:1.28.4]
	at io.temporal.internal.worker.ActivityWorker$TaskHandlerImpl.handle(ActivityWorker.java:254) ~[temporal-sdk-1.28.4.jar!/:1.28.4]
	at io.temporal.internal.worker.ActivityWorker$TaskHandlerImpl.handle(ActivityWorker.java:217) ~[temporal-sdk-1.28.4.jar!/:1.28.4]
	at io.temporal.internal.worker.PollTaskExecutor.lambda$process$1(PollTaskExecutor.java:96) ~[temporal-sdk-1.28.4.jar!/:1.28.4]
	at java.base/java.util.concurrent.ThreadPoolExecutor.runWorker(ThreadPoolExecutor.java:1144) ~[?:?]
	at java.base/java.util.concurrent.ThreadPoolExecutor$Worker.run(ThreadPoolExecutor.java:642) ~[?:?]
	at java.base/java.lang.Thread.run(Thread.java:1583) [?:?]
[2026-02-11T00:01:55.945Z] WARN Activity Executor taskQueue="hydra-billing-tasks", namespace="ncm-cg": 1 FilesMeteringLicenceUsageProvider:57 [] storage config not provided for the requested clusters : [[cd3caa79-323c-4844-9041-a007cbb87a86]]
[2026-02-11T00:01:55.945Z] WARN Activity Executor taskQueue="hydra-billing-tasks", namespace="ncm-cg": 1 ObjectsMeteringLicenceUsageProvider:52 [] storage config not provided for the requested clusters : [[cd3caa79-323c-4844-9041-a007cbb87a86]]
[2026-02-11T00:01:55.945Z] WARN Activity Executor taskQueue="hydra-billing-tasks", namespace="ncm-cg": 1 NCMMeteringLicenceUsageProvider:56 [] vcpu config not provided for the requested clusters : [[cd3caa79-323c-4844-9041-a007cbb87a86]]
[2026-02-11T00:01:55.946Z] WARN Activity Executor taskQueue="hydra-billing-tasks", namespace="ncm-cg": 1 NUSMeteringLicenceUsageProvider:53 [] storage config not provided for the requested clusters : [[cd3caa79-323c-4844-9041-a007cbb87a86]]
[2026-02-11T00:01:55.946Z] INFO Activity Executor taskQueue="hydra-billing-tasks", namespace="ncm-cg": 1 MeteringTaskHandler:469 [] TCO Details not found for cluster : 00063fb0-c3eb-3105-0000-00000001c483
[2026-02-11T00:01:55.946Z] INFO Activity Executor taskQueue="hydra-billing-tasks", namespace="ncm-cg": 1 MeteringTaskHandler:469 [] TCO Details not found for cluster : 0006437f-fcaf-c4c4-0000-0000000193e2
[2026-02-11T00:01:56.022Z] WARN Activity Executor taskQueue="hydra-billing-tasks", namespace="ncm-cg": 1 PrismMeteringLicenceUsageProvider:59 [] [LOW] : [301]vcpu config not provided for the requested clusters : [[cd3caa79-323c-4844-9041-a007cbb87a86]]
com.nutanix.beam.hydra.billing.worker.exception.HydraException: vcpu config not provided for the requested clusters : [[cd3caa79-323c-4844-9041-a007cbb87a86]]
	at com.nutanix.beam.hydra.billing.worker.util.MeteringUtil.validateVcpuConfig(MeteringUtil.java:469) ~[!/:0.0.1-SNAPSHOT]
	at com.nutanix.beam.hydra.billing.worker.provider.metering.licenseusage.PrismMeteringLicenceUsageProvider.fetchLicenceUsage(PrismMeteringLicenceUsageProvider.java:57) ~[!/:0.0.1-SNAPSHOT]
	at com.nutanix.beam.hydra.billing.worker.helper.LicenceUsageAndCostCompilerHelper.fetchPrismLicenceUsage(LicenceUsageAndCostCompilerHelper.java:178) ~[!/:0.0.1-SNAPSHOT]
	at com.nutanix.beam.hydra.billing.worker.helper.LicenceUsageAndCostCompilerHelper.populatePnPv1Licenses(LicenceUsageAndCostCompilerHelper.java:100) ~[!/:0.0.1-SNAPSHOT]
	at com.nutanix.beam.hydra.billing.worker.helper.LicenceUsageAndCostCompilerHelper.fetchLicenseCostData(LicenceUsageAndCostCompilerHelper.java:49) ~[!/:0.0.1-SNAPSHOT]
	at com.nutanix.beam.hydra.billing.worker.handler.MeteringTaskHandler.handleTask(MeteringTaskHandler.java:191) ~[!/:0.0.1-SNAPSHOT]
	at com.nutanix.beam.hydra.billing.worker.consumer.MeteringTaskConsumer.executeTemporalTask(MeteringTaskConsumer.java:67) ~[!/:0.0.1-SNAPSHOT]
	at java.base/jdk.internal.reflect.DirectMethodHandleAccessor.invoke(DirectMethodHandleAccessor.java:103) ~[?:?]
	at java.base/java.lang.reflect.Method.invoke(Method.java:580) ~[?:?]
	at org.springframework.aop.support.AopUtils.invokeJoinpointUsingReflection(AopUtils.java:360) ~[spring-aop-6.2.12.jar!/:6.2.12]
	at org.springframework.aop.framework.ReflectiveMethodInvocation.invokeJoinpoint(ReflectiveMethodInvocation.java:196) ~[spring-aop-6.2.12.jar!/:6.2.12]
	at org.springframework.aop.framework.ReflectiveMethodInvocation.proceed(ReflectiveMethodInvocation.java:163) ~[spring-aop-6.2.12.jar!/:6.2.12]
	at org.springframework.aop.interceptor.ExposeInvocationInterceptor.invoke(ExposeInvocationInterceptor.java:97) ~[spring-aop-6.2.12.jar!/:6.2.12]
	at org.springframework.aop.framework.ReflectiveMethodInvocation.proceed(ReflectiveMethodInvocation.java:184) ~[spring-aop-6.2.12.jar!/:6.2.12]
	at org.springframework.aop.framework.CglibAopProxy$DynamicAdvisedInterceptor.intercept(CglibAopProxy.java:728) ~[spring-aop-6.2.12.jar!/:6.2.12]
	at com.nutanix.beam.hydra.billing.worker.consumer.MeteringTaskConsumer$$SpringCGLIB$$0.executeTemporalTask(<generated>) ~[!/:0.0.1-SNAPSHOT]
	at com.nutanix.beam.hydra.billing.worker.temporal.activities.HydraModuleRoutineActivitiesImpl.meteringTask(HydraModuleRoutineActivitiesImpl.java:50) ~[!/:0.0.1-SNAPSHOT]
	at java.base/jdk.internal.reflect.DirectMethodHandleAccessor.invoke(DirectMethodHandleAccessor.java:103) ~[?:?]
	at java.base/java.lang.reflect.Method.invoke(Method.java:580) ~[?:?]
	at io.temporal.internal.activity.RootActivityInboundCallsInterceptor$POJOActivityInboundCallsInterceptor.executeActivity(RootActivityInboundCallsInterceptor.java:64) ~[temporal-sdk-1.28.4.jar!/:1.28.4]
	at io.temporal.internal.activity.RootActivityInboundCallsInterceptor.execute(RootActivityInboundCallsInterceptor.java:43) ~[temporal-sdk-1.28.4.jar!/:1.28.4]
	at io.temporal.internal.activity.ActivityTaskExecutors$BaseActivityTaskExecutor.execute(ActivityTaskExecutors.java:107) ~[temporal-sdk-1.28.4.jar!/:1.28.4]
	at io.temporal.internal.activity.ActivityTaskHandlerImpl.handle(ActivityTaskHandlerImpl.java:124) ~[temporal-sdk-1.28.4.jar!/:1.28.4]
	at io.temporal.internal.worker.ActivityWorker$TaskHandlerImpl.handleActivity(ActivityWorker.java:290) ~[temporal-sdk-1.28.4.jar!/:1.28.4]
	at io.temporal.internal.worker.ActivityWorker$TaskHandlerImpl.handle(ActivityWorker.java:254) ~[temporal-sdk-1.28.4.jar!/:1.28.4]
	at io.temporal.internal.worker.ActivityWorker$TaskHandlerImpl.handle(ActivityWorker.java:217) ~[temporal-sdk-1.28.4.jar!/:1.28.4]
	at io.temporal.internal.worker.PollTaskExecutor.lambda$process$1(PollTaskExecutor.java:96) ~[temporal-sdk-1.28.4.jar!/:1.28.4]
	at java.base/java.util.concurrent.ThreadPoolExecutor.runWorker(ThreadPoolExecutor.java:1144) ~[?:?]
	at java.base/java.util.concurrent.ThreadPoolExecutor$Worker.run(ThreadPoolExecutor.java:642) ~[?:?]
	at java.base/java.lang.Thread.run(Thread.java:1583) [?:?]
[2026-02-11T00:01:56.023Z] WARN Activity Executor taskQueue="hydra-billing-tasks", namespace="ncm-cg": 1 FlowMeteringLicenceUsageProvider:59 [] [LOW] : [301]vcpu config not provided for the requested clusters : [[cd3caa79-323c-4844-9041-a007cbb87a86]]
com.nutanix.beam.hydra.billing.worker.exception.HydraException: vcpu config not provided for the requested clusters : [[cd3caa79-323c-4844-9041-a007cbb87a86]]
	at com.nutanix.beam.hydra.billing.worker.util.MeteringUtil.validateVcpuConfig(MeteringUtil.java:469) ~[!/:0.0.1-SNAPSHOT]
	at com.nutanix.beam.hydra.billing.worker.provider.metering.licenseusage.FlowMeteringLicenceUsageProvider.fetchLicenceUsage(FlowMeteringLicenceUsageProvider.java:57) ~[!/:0.0.1-SNAPSHOT]
	at com.nutanix.beam.hydra.billing.worker.helper.LicenceUsageAndCostCompilerHelper.fetchFlowLicenceUsage(LicenceUsageAndCostCompilerHelper.java:193) ~[!/:0.0.1-SNAPSHOT]
	at com.nutanix.beam.hydra.billing.worker.helper.LicenceUsageAndCostCompilerHelper.populatePnPv1Licenses(LicenceUsageAndCostCompilerHelper.java:104) ~[!/:0.0.1-SNAPSHOT]
	at com.nutanix.beam.hydra.billing.worker.helper.LicenceUsageAndCostCompilerHelper.fetchLicenseCostData(LicenceUsageAndCostCompilerHelper.java:49) ~[!/:0.0.1-SNAPSHOT]
	at com.nutanix.beam.hydra.billing.worker.handler.MeteringTaskHandler.handleTask(MeteringTaskHandler.java:191) ~[!/:0.0.1-SNAPSHOT]
	at com.nutanix.beam.hydra.billing.worker.consumer.MeteringTaskConsumer.executeTemporalTask(MeteringTaskConsumer.java:67) ~[!/:0.0.1-SNAPSHOT]
	at java.base/jdk.internal.reflect.DirectMethodHandleAccessor.invoke(DirectMethodHandleAccessor.java:103) ~[?:?]
	at java.base/java.lang.reflect.Method.invoke(Method.java:580) ~[?:?]
	at org.springframework.aop.support.AopUtils.invokeJoinpointUsingReflection(AopUtils.java:360) ~[spring-aop-6.2.12.jar!/:6.2.12]
	at org.springframework.aop.framework.ReflectiveMethodInvocation.invokeJoinpoint(ReflectiveMethodInvocation.java:196) ~[spring-aop-6.2.12.jar!/:6.2.12]
	at org.springframework.aop.framework.ReflectiveMethodInvocation.proceed(ReflectiveMethodInvocation.java:163) ~[spring-aop-6.2.12.jar!/:6.2.12]
	at org.springframework.aop.interceptor.ExposeInvocationInterceptor.invoke(ExposeInvocationInterceptor.java:97) ~[spring-aop-6.2.12.jar!/:6.2.12]
	at org.springframework.aop.framework.ReflectiveMethodInvocation.proceed(ReflectiveMethodInvocation.java:184) ~[spring-aop-6.2.12.jar!/:6.2.12]
	at org.springframework.aop.framework.CglibAopProxy$DynamicAdvisedInterceptor.intercept(CglibAopProxy.java:728) ~[spring-aop-6.2.12.jar!/:6.2.12]
	at com.nutanix.beam.hydra.billing.worker.consumer.MeteringTaskConsumer$$SpringCGLIB$$0.executeTemporalTask(<generated>) ~[!/:0.0.1-SNAPSHOT]
	at com.nutanix.beam.hydra.billing.worker.temporal.activities.HydraModuleRoutineActivitiesImpl.meteringTask(HydraModuleRoutineActivitiesImpl.java:50) ~[!/:0.0.1-SNAPSHOT]
	at java.base/jdk.internal.reflect.DirectMethodHandleAccessor.invoke(DirectMethodHandleAccessor.java:103) ~[?:?]
	at java.base/java.lang.reflect.Method.invoke(Method.java:580) ~[?:?]
	at io.temporal.internal.activity.RootActivityInboundCallsInterceptor$POJOActivityInboundCallsInterceptor.executeActivity(RootActivityInboundCallsInterceptor.java:64) ~[temporal-sdk-1.28.4.jar!/:1.28.4]
	at io.temporal.internal.activity.RootActivityInboundCallsInterceptor.execute(RootActivityInboundCallsInterceptor.java:43) ~[temporal-sdk-1.28.4.jar!/:1.28.4]
	at io.temporal.internal.activity.ActivityTaskExecutors$BaseActivityTaskExecutor.execute(ActivityTaskExecutors.java:107) ~[temporal-sdk-1.28.4.jar!/:1.28.4]
	at io.temporal.internal.activity.ActivityTaskHandlerImpl.handle(ActivityTaskHandlerImpl.java:124) ~[temporal-sdk-1.28.4.jar!/:1.28.4]
	at io.temporal.internal.worker.ActivityWorker$TaskHandlerImpl.handleActivity(ActivityWorker.java:290) ~[temporal-sdk-1.28.4.jar!/:1.28.4]
	at io.temporal.internal.worker.ActivityWorker$TaskHandlerImpl.handle(ActivityWorker.java:254) ~[temporal-sdk-1.28.4.jar!/:1.28.4]
	at io.temporal.internal.worker.ActivityWorker$TaskHandlerImpl.handle(ActivityWorker.java:217) ~[temporal-sdk-1.28.4.jar!/:1.28.4]
	at io.temporal.internal.worker.PollTaskExecutor.lambda$process$1(PollTaskExecutor.java:96) ~[temporal-sdk-1.28.4.jar!/:1.28.4]
	at java.base/java.util.concurrent.ThreadPoolExecutor.runWorker(ThreadPoolExecutor.java:1144) ~[?:?]
	at java.base/java.util.concurrent.ThreadPoolExecutor$Worker.run(ThreadPoolExecutor.java:642) ~[?:?]
	at java.base/java.lang.Thread.run(Thread.java:1583) [?:?]
[2026-02-11T00:01:56.024Z] WARN Activity Executor taskQueue="hydra-billing-tasks", namespace="ncm-cg": 1 FilesMeteringLicenceUsageProvider:57 [] storage config not provided for the requested clusters : [[cd3caa79-323c-4844-9041-a007cbb87a86]]
[2026-02-11T00:01:56.024Z] WARN Activity Executor taskQueue="hydra-billing-tasks", namespace="ncm-cg": 1 ObjectsMeteringLicenceUsageProvider:52 [] storage config not provided for the requested clusters : [[cd3caa79-323c-4844-9041-a007cbb87a86]]
[2026-02-11T00:01:56.025Z] WARN Activity Executor taskQueue="hydra-billing-tasks", namespace="ncm-cg": 1 NCMMeteringLicenceUsageProvider:56 [] vcpu config not provided for the requested clusters : [[cd3caa79-323c-4844-9041-a007cbb87a86]]
[2026-02-11T00:01:56.025Z] WARN Activity Executor taskQueue="hydra-billing-tasks", namespace="ncm-cg": 1 NUSMeteringLicenceUsageProvider:53 [] storage config not provided for the requested clusters : [[cd3caa79-323c-4844-9041-a007cbb87a86]]
[2026-02-11T00:01:56.025Z] INFO Activity Executor taskQueue="hydra-billing-tasks", namespace="ncm-cg": 1 MeteringTaskHandler:469 [] TCO Details not found for cluster : 00063fb0-c3eb-3105-0000-00000001c483
[2026-02-11T00:01:56.025Z] INFO Activity Executor taskQueue="hydra-billing-tasks", namespace="ncm-cg": 1 MeteringTaskHandler:469 [] TCO Details not found for cluster : 0006437f-fcaf-c4c4-0000-0000000193e2
[2026-02-11T00:01:56.026Z] INFO Activity Executor taskQueue="hydra-billing-tasks", namespace="ncm-cg": 1 MeteringTaskHandler:128 [] Processing metering for segment start: [2025-03-01], end: [2025-03-31]
[2026-02-11T00:01:56.210Z] WARN Activity Executor taskQueue="hydra-billing-tasks", namespace="ncm-cg": 1 PrismMeteringLicenceUsageProvider:59 [] [LOW] : [301]vcpu config not provided for the requested clusters : [[cd3caa79-323c-4844-9041-a007cbb87a86]]
com.nutanix.beam.hydra.billing.worker.exception.HydraException: vcpu config not provided for the requested clusters : [[cd3caa79-323c-4844-9041-a007cbb87a86]]
	at com.nutanix.beam.hydra.billing.worker.util.MeteringUtil.validateVcpuConfig(MeteringUtil.java:469) ~[!/:0.0.1-SNAPSHOT]
	at com.nutanix.beam.hydra.billing.worker.provider.metering.licenseusage.PrismMeteringLicenceUsageProvider.fetchLicenceUsage(PrismMeteringLicenceUsageProvider.java:57) ~[!/:0.0.1-SNAPSHOT]
	at com.nutanix.beam.hydra.billing.worker.helper.LicenceUsageAndCostCompilerHelper.fetchPrismLicenceUsage(LicenceUsageAndCostCompilerHelper.java:178) ~[!/:0.0.1-SNAPSHOT]
	at com.nutanix.beam.hydra.billing.worker.helper.LicenceUsageAndCostCompilerHelper.populatePnPv1Licenses(LicenceUsageAndCostCompilerHelper.java:100) ~[!/:0.0.1-SNAPSHOT]
	at com.nutanix.beam.hydra.billing.worker.helper.LicenceUsageAndCostCompilerHelper.fetchLicenseCostData(LicenceUsageAndCostCompilerHelper.java:49) ~[!/:0.0.1-SNAPSHOT]
	at com.nutanix.beam.hydra.billing.worker.handler.MeteringTaskHandler.handleTask(MeteringTaskHandler.java:191) ~[!/:0.0.1-SNAPSHOT]
	at com.nutanix.beam.hydra.billing.worker.consumer.MeteringTaskConsumer.executeTemporalTask(MeteringTaskConsumer.java:67) ~[!/:0.0.1-SNAPSHOT]
	at java.base/jdk.internal.reflect.DirectMethodHandleAccessor.invoke(DirectMethodHandleAccessor.java:103) ~[?:?]
	at java.base/java.lang.reflect.Method.invoke(Method.java:580) ~[?:?]
	at org.springframework.aop.support.AopUtils.invokeJoinpointUsingReflection(AopUtils.java:360) ~[spring-aop-6.2.12.jar!/:6.2.12]
	at org.springframework.aop.framework.ReflectiveMethodInvocation.invokeJoinpoint(ReflectiveMethodInvocation.java:196) ~[spring-aop-6.2.12.jar!/:6.2.12]
	at org.springframework.aop.framework.ReflectiveMethodInvocation.proceed(ReflectiveMethodInvocation.java:163) ~[spring-aop-6.2.12.jar!/:6.2.12]
	at org.springframework.aop.interceptor.ExposeInvocationInterceptor.invoke(ExposeInvocationInterceptor.java:97) ~[spring-aop-6.2.12.jar!/:6.2.12]
	at org.springframework.aop.framework.ReflectiveMethodInvocation.proceed(ReflectiveMethodInvocation.java:184) ~[spring-aop-6.2.12.jar!/:6.2.12]
	at org.springframework.aop.framework.CglibAopProxy$DynamicAdvisedInterceptor.intercept(CglibAopProxy.java:728) ~[spring-aop-6.2.12.jar!/:6.2.12]
	at com.nutanix.beam.hydra.billing.worker.consumer.MeteringTaskConsumer$$SpringCGLIB$$0.executeTemporalTask(<generated>) ~[!/:0.0.1-SNAPSHOT]
	at com.nutanix.beam.hydra.billing.worker.temporal.activities.HydraModuleRoutineActivitiesImpl.meteringTask(HydraModuleRoutineActivitiesImpl.java:50) ~[!/:0.0.1-SNAPSHOT]
	at java.base/jdk.internal.reflect.DirectMethodHandleAccessor.invoke(DirectMethodHandleAccessor.java:103) ~[?:?]
	at java.base/java.lang.reflect.Method.invoke(Method.java:580) ~[?:?]
	at io.temporal.internal.activity.RootActivityInboundCallsInterceptor$POJOActivityInboundCallsInterceptor.executeActivity(RootActivityInboundCallsInterceptor.java:64) ~[temporal-sdk-1.28.4.jar!/:1.28.4]
	at io.temporal.internal.activity.RootActivityInboundCallsInterceptor.execute(RootActivityInboundCallsInterceptor.java:43) ~[temporal-sdk-1.28.4.jar!/:1.28.4]
	at io.temporal.internal.activity.ActivityTaskExecutors$BaseActivityTaskExecutor.execute(ActivityTaskExecutors.java:107) ~[temporal-sdk-1.28.4.jar!/:1.28.4]
	at io.temporal.internal.activity.ActivityTaskHandlerImpl.handle(ActivityTaskHandlerImpl.java:124) ~[temporal-sdk-1.28.4.jar!/:1.28.4]
	at io.temporal.internal.worker.ActivityWorker$TaskHandlerImpl.handleActivity(ActivityWorker.java:290) ~[temporal-sdk-1.28.4.jar!/:1.28.4]
	at io.temporal.internal.worker.ActivityWorker$TaskHandlerImpl.handle(ActivityWorker.java:254) ~[temporal-sdk-1.28.4.jar!/:1.28.4]
	at io.temporal.internal.worker.ActivityWorker$TaskHandlerImpl.handle(ActivityWorker.java:217) ~[temporal-sdk-1.28.4.jar!/:1.28.4]
	at io.temporal.internal.worker.PollTaskExecutor.lambda$process$1(PollTaskExecutor.java:96) ~[temporal-sdk-1.28.4.jar!/:1.28.4]
	at java.base/java.util.concurrent.ThreadPoolExecutor.runWorker(ThreadPoolExecutor.java:1144) ~[?:?]
	at java.base/java.util.concurrent.ThreadPoolExecutor$Worker.run(ThreadPoolExecutor.java:642) ~[?:?]
	at java.base/java.lang.Thread.run(Thread.java:1583) [?:?]
[2026-02-11T00:01:56.211Z] WARN Activity Executor taskQueue="hydra-billing-tasks", namespace="ncm-cg": 1 FlowMeteringLicenceUsageProvider:59 [] [LOW] : [301]vcpu config not provided for the requested clusters : [[cd3caa79-323c-4844-9041-a007cbb87a86]]
com.nutanix.beam.hydra.billing.worker.exception.HydraException: vcpu config not provided for the requested clusters : [[cd3caa79-323c-4844-9041-a007cbb87a86]]
	at com.nutanix.beam.hydra.billing.worker.util.MeteringUtil.validateVcpuConfig(MeteringUtil.java:469) ~[!/:0.0.1-SNAPSHOT]
	at com.nutanix.beam.hydra.billing.worker.provider.metering.licenseusage.FlowMeteringLicenceUsageProvider.fetchLicenceUsage(FlowMeteringLicenceUsageProvider.java:57) ~[!/:0.0.1-SNAPSHOT]
	at com.nutanix.beam.hydra.billing.worker.helper.LicenceUsageAndCostCompilerHelper.fetchFlowLicenceUsage(LicenceUsageAndCostCompilerHelper.java:193) ~[!/:0.0.1-SNAPSHOT]
	at com.nutanix.beam.hydra.billing.worker.helper.LicenceUsageAndCostCompilerHelper.populatePnPv1Licenses(LicenceUsageAndCostCompilerHelper.java:104) ~[!/:0.0.1-SNAPSHOT]
	at com.nutanix.beam.hydra.billing.worker.helper.LicenceUsageAndCostCompilerHelper.fetchLicenseCostData(LicenceUsageAndCostCompilerHelper.java:49) ~[!/:0.0.1-SNAPSHOT]
	at com.nutanix.beam.hydra.billing.worker.handler.MeteringTaskHandler.handleTask(MeteringTaskHandler.java:191) ~[!/:0.0.1-SNAPSHOT]
	at com.nutanix.beam.hydra.billing.worker.consumer.MeteringTaskConsumer.executeTemporalTask(MeteringTaskConsumer.java:67) ~[!/:0.0.1-SNAPSHOT]
	at java.base/jdk.internal.reflect.DirectMethodHandleAccessor.invoke(DirectMethodHandleAccessor.java:103) ~[?:?]
	at java.base/java.lang.reflect.Method.invoke(Method.java:580) ~[?:?]
	at org.springframework.aop.support.AopUtils.invokeJoinpointUsingReflection(AopUtils.java:360) ~[spring-aop-6.2.12.jar!/:6.2.12]
	at org.springframework.aop.framework.ReflectiveMethodInvocation.invokeJoinpoint(ReflectiveMethodInvocation.java:196) ~[spring-aop-6.2.12.jar!/:6.2.12]
	at org.springframework.aop.framework.ReflectiveMethodInvocation.proceed(ReflectiveMethodInvocation.java:163) ~[spring-aop-6.2.12.jar!/:6.2.12]
	at org.springframework.aop.interceptor.ExposeInvocationInterceptor.invoke(ExposeInvocationInterceptor.java:97) ~[spring-aop-6.2.12.jar!/:6.2.12]
	at org.springframework.aop.framework.ReflectiveMethodInvocation.proceed(ReflectiveMethodInvocation.java:184) ~[spring-aop-6.2.12.jar!/:6.2.12]
	at org.springframework.aop.framework.CglibAopProxy$DynamicAdvisedInterceptor.intercept(CglibAopProxy.java:728) ~[spring-aop-6.2.12.jar!/:6.2.12]
	at com.nutanix.beam.hydra.billing.worker.consumer.MeteringTaskConsumer$$SpringCGLIB$$0.executeTemporalTask(<generated>) ~[!/:0.0.1-SNAPSHOT]
	at com.nutanix.beam.hydra.billing.worker.temporal.activities.HydraModuleRoutineActivitiesImpl.meteringTask(HydraModuleRoutineActivitiesImpl.java:50) ~[!/:0.0.1-SNAPSHOT]
	at java.base/jdk.internal.reflect.DirectMethodHandleAccessor.invoke(DirectMethodHandleAccessor.java:103) ~[?:?]
	at java.base/java.lang.reflect.Method.invoke(Method.java:580) ~[?:?]
	at io.temporal.internal.activity.RootActivityInboundCallsInterceptor$POJOActivityInboundCallsInterceptor.executeActivity(RootActivityInboundCallsInterceptor.java:64) ~[temporal-sdk-1.28.4.jar!/:1.28.4]
	at io.temporal.internal.activity.RootActivityInboundCallsInterceptor.execute(RootActivityInboundCallsInterceptor.java:43) ~[temporal-sdk-1.28.4.jar!/:1.28.4]
	at io.temporal.internal.activity.ActivityTaskExecutors$BaseActivityTaskExecutor.execute(ActivityTaskExecutors.java:107) ~[temporal-sdk-1.28.4.jar!/:1.28.4]
	at io.temporal.internal.activity.ActivityTaskHandlerImpl.handle(ActivityTaskHandlerImpl.java:124) ~[temporal-sdk-1.28.4.jar!/:1.28.4]
	at io.temporal.internal.worker.ActivityWorker$TaskHandlerImpl.handleActivity(ActivityWorker.java:290) ~[temporal-sdk-1.28.4.jar!/:1.28.4]
	at io.temporal.internal.worker.ActivityWorker$TaskHandlerImpl.handle(ActivityWorker.java:254) ~[temporal-sdk-1.28.4.jar!/:1.28.4]
	at io.temporal.internal.worker.ActivityWorker$TaskHandlerImpl.handle(ActivityWorker.java:217) ~[temporal-sdk-1.28.4.jar!/:1.28.4]
	at io.temporal.internal.worker.PollTaskExecutor.lambda$process$1(PollTaskExecutor.java:96) ~[temporal-sdk-1.28.4.jar!/:1.28.4]
	at java.base/java.util.concurrent.ThreadPoolExecutor.runWorker(ThreadPoolExecutor.java:1144) ~[?:?]
	at java.base/java.util.concurrent.ThreadPoolExecutor$Worker.run(ThreadPoolExecutor.java:642) ~[?:?]
	at java.base/java.lang.Thread.run(Thread.java:1583) [?:?]
[2026-02-11T00:01:56.212Z] WARN Activity Executor taskQueue="hydra-billing-tasks", namespace="ncm-cg": 1 FilesMeteringLicenceUsageProvider:57 [] storage config not provided for the requested clusters : [[cd3caa79-323c-4844-9041-a007cbb87a86]]
[2026-02-11T00:01:56.212Z] WARN Activity Executor taskQueue="hydra-billing-tasks", namespace="ncm-cg": 1 ObjectsMeteringLicenceUsageProvider:52 [] storage config not provided for the requested clusters : [[cd3caa79-323c-4844-9041-a007cbb87a86]]
[2026-02-11T00:01:56.213Z] WARN Activity Executor taskQueue="hydra-billing-tasks", namespace="ncm-cg": 1 NCMMeteringLicenceUsageProvider:56 [] vcpu config not provided for the requested clusters : [[cd3caa79-323c-4844-9041-a007cbb87a86]]
[2026-02-11T00:01:56.213Z] WARN Activity Executor taskQueue="hydra-billing-tasks", namespace="ncm-cg": 1 NUSMeteringLicenceUsageProvider:53 [] storage config not provided for the requested clusters : [[cd3caa79-323c-4844-9041-a007cbb87a86]]
[2026-02-11T00:01:56.213Z] INFO Activity Executor taskQueue="hydra-billing-tasks", namespace="ncm-cg": 1 MeteringTaskHandler:469 [] TCO Details not found for cluster : 00063fb0-c3eb-3105-0000-00000001c483
[2026-02-11T00:01:56.213Z] INFO Activity Executor taskQueue="hydra-billing-tasks", namespace="ncm-cg": 1 MeteringTaskHandler:469 [] TCO Details not found for cluster : 0006437f-fcaf-c4c4-0000-0000000193e2
[2026-02-11T00:01:56.284Z] WARN Activity Executor taskQueue="hydra-billing-tasks", namespace="ncm-cg": 1 PrismMeteringLicenceUsageProvider:59 [] [LOW] : [301]vcpu config not provided for the requested clusters : [[cd3caa79-323c-4844-9041-a007cbb87a86]]
com.nutanix.beam.hydra.billing.worker.exception.HydraException: vcpu config not provided for the requested clusters : [[cd3caa79-323c-4844-9041-a007cbb87a86]]
	at com.nutanix.beam.hydra.billing.worker.util.MeteringUtil.validateVcpuConfig(MeteringUtil.java:469) ~[!/:0.0.1-SNAPSHOT]
	at com.nutanix.beam.hydra.billing.worker.provider.metering.licenseusage.PrismMeteringLicenceUsageProvider.fetchLicenceUsage(PrismMeteringLicenceUsageProvider.java:57) ~[!/:0.0.1-SNAPSHOT]
	at com.nutanix.beam.hydra.billing.worker.helper.LicenceUsageAndCostCompilerHelper.fetchPrismLicenceUsage(LicenceUsageAndCostCompilerHelper.java:178) ~[!/:0.0.1-SNAPSHOT]
	at com.nutanix.beam.hydra.billing.worker.helper.LicenceUsageAndCostCompilerHelper.populatePnPv1Licenses(LicenceUsageAndCostCompilerHelper.java:100) ~[!/:0.0.1-SNAPSHOT]
	at com.nutanix.beam.hydra.billing.worker.helper.LicenceUsageAndCostCompilerHelper.fetchLicenseCostData(LicenceUsageAndCostCompilerHelper.java:49) ~[!/:0.0.1-SNAPSHOT]
	at com.nutanix.beam.hydra.billing.worker.handler.MeteringTaskHandler.handleTask(MeteringTaskHandler.java:191) ~[!/:0.0.1-SNAPSHOT]
	at com.nutanix.beam.hydra.billing.worker.consumer.MeteringTaskConsumer.executeTemporalTask(MeteringTaskConsumer.java:67) ~[!/:0.0.1-SNAPSHOT]
	at java.base/jdk.internal.reflect.DirectMethodHandleAccessor.invoke(DirectMethodHandleAccessor.java:103) ~[?:?]
	at java.base/java.lang.reflect.Method.invoke(Method.java:580) ~[?:?]
	at org.springframework.aop.support.AopUtils.invokeJoinpointUsingReflection(AopUtils.java:360) ~[spring-aop-6.2.12.jar!/:6.2.12]
	at org.springframework.aop.framework.ReflectiveMethodInvocation.invokeJoinpoint(ReflectiveMethodInvocation.java:196) ~[spring-aop-6.2.12.jar!/:6.2.12]
	at org.springframework.aop.framework.ReflectiveMethodInvocation.proceed(ReflectiveMethodInvocation.java:163) ~[spring-aop-6.2.12.jar!/:6.2.12]
	at org.springframework.aop.interceptor.ExposeInvocationInterceptor.invoke(ExposeInvocationInterceptor.java:97) ~[spring-aop-6.2.12.jar!/:6.2.12]
	at org.springframework.aop.framework.ReflectiveMethodInvocation.proceed(ReflectiveMethodInvocation.java:184) ~[spring-aop-6.2.12.jar!/:6.2.12]
	at org.springframework.aop.framework.CglibAopProxy$DynamicAdvisedInterceptor.intercept(CglibAopProxy.java:728) ~[spring-aop-6.2.12.jar!/:6.2.12]
	at com.nutanix.beam.hydra.billing.worker.consumer.MeteringTaskConsumer$$SpringCGLIB$$0.executeTemporalTask(<generated>) ~[!/:0.0.1-SNAPSHOT]
	at com.nutanix.beam.hydra.billing.worker.temporal.activities.HydraModuleRoutineActivitiesImpl.meteringTask(HydraModuleRoutineActivitiesImpl.java:50) ~[!/:0.0.1-SNAPSHOT]
	at java.base/jdk.internal.reflect.DirectMethodHandleAccessor.invoke(DirectMethodHandleAccessor.java:103) ~[?:?]
	at java.base/java.lang.reflect.Method.invoke(Method.java:580) ~[?:?]
	at io.temporal.internal.activity.RootActivityInboundCallsInterceptor$POJOActivityInboundCallsInterceptor.executeActivity(RootActivityInboundCallsInterceptor.java:64) ~[temporal-sdk-1.28.4.jar!/:1.28.4]
	at io.temporal.internal.activity.RootActivityInboundCallsInterceptor.execute(RootActivityInboundCallsInterceptor.java:43) ~[temporal-sdk-1.28.4.jar!/:1.28.4]
	at io.temporal.internal.activity.ActivityTaskExecutors$BaseActivityTaskExecutor.execute(ActivityTaskExecutors.java:107) ~[temporal-sdk-1.28.4.jar!/:1.28.4]
	at io.temporal.internal.activity.ActivityTaskHandlerImpl.handle(ActivityTaskHandlerImpl.java:124) ~[temporal-sdk-1.28.4.jar!/:1.28.4]
	at io.temporal.internal.worker.ActivityWorker$TaskHandlerImpl.handleActivity(ActivityWorker.java:290) ~[temporal-sdk-1.28.4.jar!/:1.28.4]
	at io.temporal.internal.worker.ActivityWorker$TaskHandlerImpl.handle(ActivityWorker.java:254) ~[temporal-sdk-1.28.4.jar!/:1.28.4]
	at io.temporal.internal.worker.ActivityWorker$TaskHandlerImpl.handle(ActivityWorker.java:217) ~[temporal-sdk-1.28.4.jar!/:1.28.4]
	at io.temporal.internal.worker.PollTaskExecutor.lambda$process$1(PollTaskExecutor.java:96) ~[temporal-sdk-1.28.4.jar!/:1.28.4]
	at java.base/java.util.concurrent.ThreadPoolExecutor.runWorker(ThreadPoolExecutor.java:1144) ~[?:?]
	at java.base/java.util.concurrent.ThreadPoolExecutor$Worker.run(ThreadPoolExecutor.java:642) ~[?:?]
	at java.base/java.lang.Thread.run(Thread.java:1583) [?:?]
[2026-02-11T00:01:56.286Z] WARN Activity Executor taskQueue="hydra-billing-tasks", namespace="ncm-cg": 1 FlowMeteringLicenceUsageProvider:59 [] [LOW] : [301]vcpu config not provided for the requested clusters : [[cd3caa79-323c-4844-9041-a007cbb87a86]]
com.nutanix.beam.hydra.billing.worker.exception.HydraException: vcpu config not provided for the requested clusters : [[cd3caa79-323c-4844-9041-a007cbb87a86]]
	at com.nutanix.beam.hydra.billing.worker.util.MeteringUtil.validateVcpuConfig(MeteringUtil.java:469) ~[!/:0.0.1-SNAPSHOT]
	at com.nutanix.beam.hydra.billing.worker.provider.metering.licenseusage.FlowMeteringLicenceUsageProvider.fetchLicenceUsage(FlowMeteringLicenceUsageProvider.java:57) ~[!/:0.0.1-SNAPSHOT]
	at com.nutanix.beam.hydra.billing.worker.helper.LicenceUsageAndCostCompilerHelper.fetchFlowLicenceUsage(LicenceUsageAndCostCompilerHelper.java:193) ~[!/:0.0.1-SNAPSHOT]
	at com.nutanix.beam.hydra.billing.worker.helper.LicenceUsageAndCostCompilerHelper.populatePnPv1Licenses(LicenceUsageAndCostCompilerHelper.java:104) ~[!/:0.0.1-SNAPSHOT]
	at com.nutanix.beam.hydra.billing.worker.helper.LicenceUsageAndCostCompilerHelper.fetchLicenseCostData(LicenceUsageAndCostCompilerHelper.java:49) ~[!/:0.0.1-SNAPSHOT]
	at com.nutanix.beam.hydra.billing.worker.handler.MeteringTaskHandler.handleTask(MeteringTaskHandler.java:191) ~[!/:0.0.1-SNAPSHOT]
	at com.nutanix.beam.hydra.billing.worker.consumer.MeteringTaskConsumer.executeTemporalTask(MeteringTaskConsumer.java:67) ~[!/:0.0.1-SNAPSHOT]
	at java.base/jdk.internal.reflect.DirectMethodHandleAccessor.invoke(DirectMethodHandleAccessor.java:103) ~[?:?]
	at java.base/java.lang.reflect.Method.invoke(Method.java:580) ~[?:?]
	at org.springframework.aop.support.AopUtils.invokeJoinpointUsingReflection(AopUtils.java:360) ~[spring-aop-6.2.12.jar!/:6.2.12]
	at org.springframework.aop.framework.ReflectiveMethodInvocation.invokeJoinpoint(ReflectiveMethodInvocation.java:196) ~[spring-aop-6.2.12.jar!/:6.2.12]
	at org.springframework.aop.framework.ReflectiveMethodInvocation.proceed(ReflectiveMethodInvocation.java:163) ~[spring-aop-6.2.12.jar!/:6.2.12]
	at org.springframework.aop.interceptor.ExposeInvocationInterceptor.invoke(ExposeInvocationInterceptor.java:97) ~[spring-aop-6.2.12.jar!/:6.2.12]
	at org.springframework.aop.framework.ReflectiveMethodInvocation.proceed(ReflectiveMethodInvocation.java:184) ~[spring-aop-6.2.12.jar!/:6.2.12]
	at org.springframework.aop.framework.CglibAopProxy$DynamicAdvisedInterceptor.intercept(CglibAopProxy.java:728) ~[spring-aop-6.2.12.jar!/:6.2.12]
	at com.nutanix.beam.hydra.billing.worker.consumer.MeteringTaskConsumer$$SpringCGLIB$$0.executeTemporalTask(<generated>) ~[!/:0.0.1-SNAPSHOT]
	at com.nutanix.beam.hydra.billing.worker.temporal.activities.HydraModuleRoutineActivitiesImpl.meteringTask(HydraModuleRoutineActivitiesImpl.java:50) ~[!/:0.0.1-SNAPSHOT]
	at java.base/jdk.internal.reflect.DirectMethodHandleAccessor.invoke(DirectMethodHandleAccessor.java:103) ~[?:?]
	at java.base/java.lang.reflect.Method.invoke(Method.java:580) ~[?:?]
	at io.temporal.internal.activity.RootActivityInboundCallsInterceptor$POJOActivityInboundCallsInterceptor.executeActivity(RootActivityInboundCallsInterceptor.java:64) ~[temporal-sdk-1.28.4.jar!/:1.28.4]
	at io.temporal.internal.activity.RootActivityInboundCallsInterceptor.execute(RootActivityInboundCallsInterceptor.java:43) ~[temporal-sdk-1.28.4.jar!/:1.28.4]
	at io.temporal.internal.activity.ActivityTaskExecutors$BaseActivityTaskExecutor.execute(ActivityTaskExecutors.java:107) ~[temporal-sdk-1.28.4.jar!/:1.28.4]
	at io.temporal.internal.activity.ActivityTaskHandlerImpl.handle(ActivityTaskHandlerImpl.java:124) ~[temporal-sdk-1.28.4.jar!/:1.28.4]
	at io.temporal.internal.worker.ActivityWorker$TaskHandlerImpl.handleActivity(ActivityWorker.java:290) ~[temporal-sdk-1.28.4.jar!/:1.28.4]
	at io.temporal.internal.worker.ActivityWorker$TaskHandlerImpl.handle(ActivityWorker.java:254) ~[temporal-sdk-1.28.4.jar!/:1.28.4]
	at io.temporal.internal.worker.ActivityWorker$TaskHandlerImpl.handle(ActivityWorker.java:217) ~[temporal-sdk-1.28.4.jar!/:1.28.4]
	at io.temporal.internal.worker.PollTaskExecutor.lambda$process$1(PollTaskExecutor.java:96) ~[temporal-sdk-1.28.4.jar!/:1.28.4]
	at java.base/java.util.concurrent.ThreadPoolExecutor.runWorker(ThreadPoolExecutor.java:1144) ~[?:?]
	at java.base/java.util.concurrent.ThreadPoolExecutor$Worker.run(ThreadPoolExecutor.java:642) ~[?:?]
	at java.base/java.lang.Thread.run(Thread.java:1583) [?:?]
[2026-02-11T00:01:56.287Z] WARN Activity Executor taskQueue="hydra-billing-tasks", namespace="ncm-cg": 1 FilesMeteringLicenceUsageProvider:57 [] storage config not provided for the requested clusters : [[cd3caa79-323c-4844-9041-a007cbb87a86]]
[2026-02-11T00:01:56.287Z] WARN Activity Executor taskQueue="hydra-billing-tasks", namespace="ncm-cg": 1 ObjectsMeteringLicenceUsageProvider:52 [] storage config not provided for the requested clusters : [[cd3caa79-323c-4844-9041-a007cbb87a86]]
[2026-02-11T00:01:56.287Z] WARN Activity Executor taskQueue="hydra-billing-tasks", namespace="ncm-cg": 1 NCMMeteringLicenceUsageProvider:56 [] vcpu config not provided for the requested clusters : [[cd3caa79-323c-4844-9041-a007cbb87a86]]
[2026-02-11T00:01:56.288Z] WARN Activity Executor taskQueue="hydra-billing-tasks", namespace="ncm-cg": 1 NUSMeteringLicenceUsageProvider:53 [] storage config not provided for the requested clusters : [[cd3caa79-323c-4844-9041-a007cbb87a86]]
[2026-02-11T00:01:56.288Z] INFO Activity Executor taskQueue="hydra-billing-tasks", namespace="ncm-cg": 1 MeteringTaskHandler:469 [] TCO Details not found for cluster : 00063fb0-c3eb-3105-0000-00000001c483
[2026-02-11T00:01:56.288Z] INFO Activity Executor taskQueue="hydra-billing-tasks", namespace="ncm-cg": 1 MeteringTaskHandler:469 [] TCO Details not found for cluster : 0006437f-fcaf-c4c4-0000-0000000193e2
[2026-02-11T00:01:56.289Z] INFO Activity Executor taskQueue="hydra-billing-tasks", namespace="ncm-cg": 1 MeteringTaskHandler:128 [] Processing metering for segment start: [2025-04-01], end: [2025-04-30]
[2026-02-11T00:01:56.422Z] WARN Activity Executor taskQueue="hydra-billing-tasks", namespace="ncm-cg": 1 PrismMeteringLicenceUsageProvider:59 [] [LOW] : [301]vcpu config not provided for the requested clusters : [[cd3caa79-323c-4844-9041-a007cbb87a86]]
com.nutanix.beam.hydra.billing.worker.exception.HydraException: vcpu config not provided for the requested clusters : [[cd3caa79-323c-4844-9041-a007cbb87a86]]
	at com.nutanix.beam.hydra.billing.worker.util.MeteringUtil.validateVcpuConfig(MeteringUtil.java:469) ~[!/:0.0.1-SNAPSHOT]
	at com.nutanix.beam.hydra.billing.worker.provider.metering.licenseusage.PrismMeteringLicenceUsageProvider.fetchLicenceUsage(PrismMeteringLicenceUsageProvider.java:57) ~[!/:0.0.1-SNAPSHOT]
	at com.nutanix.beam.hydra.billing.worker.helper.LicenceUsageAndCostCompilerHelper.fetchPrismLicenceUsage(LicenceUsageAndCostCompilerHelper.java:178) ~[!/:0.0.1-SNAPSHOT]
	at com.nutanix.beam.hydra.billing.worker.helper.LicenceUsageAndCostCompilerHelper.populatePnPv1Licenses(LicenceUsageAndCostCompilerHelper.java:100) ~[!/:0.0.1-SNAPSHOT]
	at com.nutanix.beam.hydra.billing.worker.helper.LicenceUsageAndCostCompilerHelper.fetchLicenseCostData(LicenceUsageAndCostCompilerHelper.java:49) ~[!/:0.0.1-SNAPSHOT]
	at com.nutanix.beam.hydra.billing.worker.handler.MeteringTaskHandler.handleTask(MeteringTaskHandler.java:191) ~[!/:0.0.1-SNAPSHOT]
	at com.nutanix.beam.hydra.billing.worker.consumer.MeteringTaskConsumer.executeTemporalTask(MeteringTaskConsumer.java:67) ~[!/:0.0.1-SNAPSHOT]
	at java.base/jdk.internal.reflect.DirectMethodHandleAccessor.invoke(DirectMethodHandleAccessor.java:103) ~[?:?]
	at java.base/java.lang.reflect.Method.invoke(Method.java:580) ~[?:?]
	at org.springframework.aop.support.AopUtils.invokeJoinpointUsingReflection(AopUtils.java:360) ~[spring-aop-6.2.12.jar!/:6.2.12]
	at org.springframework.aop.framework.ReflectiveMethodInvocation.invokeJoinpoint(ReflectiveMethodInvocation.java:196) ~[spring-aop-6.2.12.jar!/:6.2.12]
	at org.springframework.aop.framework.ReflectiveMethodInvocation.proceed(ReflectiveMethodInvocation.java:163) ~[spring-aop-6.2.12.jar!/:6.2.12]
	at org.springframework.aop.interceptor.ExposeInvocationInterceptor.invoke(ExposeInvocationInterceptor.java:97) ~[spring-aop-6.2.12.jar!/:6.2.12]
	at org.springframework.aop.framework.ReflectiveMethodInvocation.proceed(ReflectiveMethodInvocation.java:184) ~[spring-aop-6.2.12.jar!/:6.2.12]
	at org.springframework.aop.framework.CglibAopProxy$DynamicAdvisedInterceptor.intercept(CglibAopProxy.java:728) ~[spring-aop-6.2.12.jar!/:6.2.12]
	at com.nutanix.beam.hydra.billing.worker.consumer.MeteringTaskConsumer$$SpringCGLIB$$0.executeTemporalTask(<generated>) ~[!/:0.0.1-SNAPSHOT]
	at com.nutanix.beam.hydra.billing.worker.temporal.activities.HydraModuleRoutineActivitiesImpl.meteringTask(HydraModuleRoutineActivitiesImpl.java:50) ~[!/:0.0.1-SNAPSHOT]
	at java.base/jdk.internal.reflect.DirectMethodHandleAccessor.invoke(DirectMethodHandleAccessor.java:103) ~[?:?]
	at java.base/java.lang.reflect.Method.invoke(Method.java:580) ~[?:?]
	at io.temporal.internal.activity.RootActivityInboundCallsInterceptor$POJOActivityInboundCallsInterceptor.executeActivity(RootActivityInboundCallsInterceptor.java:64) ~[temporal-sdk-1.28.4.jar!/:1.28.4]
	at io.temporal.internal.activity.RootActivityInboundCallsInterceptor.execute(RootActivityInboundCallsInterceptor.java:43) ~[temporal-sdk-1.28.4.jar!/:1.28.4]
	at io.temporal.internal.activity.ActivityTaskExecutors$BaseActivityTaskExecutor.execute(ActivityTaskExecutors.java:107) ~[temporal-sdk-1.28.4.jar!/:1.28.4]
	at io.temporal.internal.activity.ActivityTaskHandlerImpl.handle(ActivityTaskHandlerImpl.java:124) ~[temporal-sdk-1.28.4.jar!/:1.28.4]
	at io.temporal.internal.worker.ActivityWorker$TaskHandlerImpl.handleActivity(ActivityWorker.java:290) ~[temporal-sdk-1.28.4.jar!/:1.28.4]
	at io.temporal.internal.worker.ActivityWorker$TaskHandlerImpl.handle(ActivityWorker.java:254) ~[temporal-sdk-1.28.4.jar!/:1.28.4]
	at io.temporal.internal.worker.ActivityWorker$TaskHandlerImpl.handle(ActivityWorker.java:217) ~[temporal-sdk-1.28.4.jar!/:1.28.4]
	at io.temporal.internal.worker.PollTaskExecutor.lambda$process$1(PollTaskExecutor.java:96) ~[temporal-sdk-1.28.4.jar!/:1.28.4]
	at java.base/java.util.concurrent.ThreadPoolExecutor.runWorker(ThreadPoolExecutor.java:1144) ~[?:?]
	at java.base/java.util.concurrent.ThreadPoolExecutor$Worker.run(ThreadPoolExecutor.java:642) ~[?:?]
	at java.base/java.lang.Thread.run(Thread.java:1583) [?:?]
[2026-02-11T00:01:56.423Z] WARN Activity Executor taskQueue="hydra-billing-tasks", namespace="ncm-cg": 1 FlowMeteringLicenceUsageProvider:59 [] [LOW] : [301]vcpu config not provided for the requested clusters : [[cd3caa79-323c-4844-9041-a007cbb87a86]]
com.nutanix.beam.hydra.billing.worker.exception.HydraException: vcpu config not provided for the requested clusters : [[cd3caa79-323c-4844-9041-a007cbb87a86]]
	at com.nutanix.beam.hydra.billing.worker.util.MeteringUtil.validateVcpuConfig(MeteringUtil.java:469) ~[!/:0.0.1-SNAPSHOT]
	at com.nutanix.beam.hydra.billing.worker.provider.metering.licenseusage.FlowMeteringLicenceUsageProvider.fetchLicenceUsage(FlowMeteringLicenceUsageProvider.java:57) ~[!/:0.0.1-SNAPSHOT]
	at com.nutanix.beam.hydra.billing.worker.helper.LicenceUsageAndCostCompilerHelper.fetchFlowLicenceUsage(LicenceUsageAndCostCompilerHelper.java:193) ~[!/:0.0.1-SNAPSHOT]
	at com.nutanix.beam.hydra.billing.worker.helper.LicenceUsageAndCostCompilerHelper.populatePnPv1Licenses(LicenceUsageAndCostCompilerHelper.java:104) ~[!/:0.0.1-SNAPSHOT]
	at com.nutanix.beam.hydra.billing.worker.helper.LicenceUsageAndCostCompilerHelper.fetchLicenseCostData(LicenceUsageAndCostCompilerHelper.java:49) ~[!/:0.0.1-SNAPSHOT]
	at com.nutanix.beam.hydra.billing.worker.handler.MeteringTaskHandler.handleTask(MeteringTaskHandler.java:191) ~[!/:0.0.1-SNAPSHOT]
	at com.nutanix.beam.hydra.billing.worker.consumer.MeteringTaskConsumer.executeTemporalTask(MeteringTaskConsumer.java:67) ~[!/:0.0.1-SNAPSHOT]
	at java.base/jdk.internal.reflect.DirectMethodHandleAccessor.invoke(DirectMethodHandleAccessor.java:103) ~[?:?]
	at java.base/java.lang.reflect.Method.invoke(Method.java:580) ~[?:?]
	at org.springframework.aop.support.AopUtils.invokeJoinpointUsingReflection(AopUtils.java:360) ~[spring-aop-6.2.12.jar!/:6.2.12]
	at org.springframework.aop.framework.ReflectiveMethodInvocation.invokeJoinpoint(ReflectiveMethodInvocation.java:196) ~[spring-aop-6.2.12.jar!/:6.2.12]
	at org.springframework.aop.framework.ReflectiveMethodInvocation.proceed(ReflectiveMethodInvocation.java:163) ~[spring-aop-6.2.12.jar!/:6.2.12]
	at org.springframework.aop.interceptor.ExposeInvocationInterceptor.invoke(ExposeInvocationInterceptor.java:97) ~[spring-aop-6.2.12.jar!/:6.2.12]
	at org.springframework.aop.framework.ReflectiveMethodInvocation.proceed(ReflectiveMethodInvocation.java:184) ~[spring-aop-6.2.12.jar!/:6.2.12]
	at org.springframework.aop.framework.CglibAopProxy$DynamicAdvisedInterceptor.intercept(CglibAopProxy.java:728) ~[spring-aop-6.2.12.jar!/:6.2.12]
	at com.nutanix.beam.hydra.billing.worker.consumer.MeteringTaskConsumer$$SpringCGLIB$$0.executeTemporalTask(<generated>) ~[!/:0.0.1-SNAPSHOT]
	at com.nutanix.beam.hydra.billing.worker.temporal.activities.HydraModuleRoutineActivitiesImpl.meteringTask(HydraModuleRoutineActivitiesImpl.java:50) ~[!/:0.0.1-SNAPSHOT]
	at java.base/jdk.internal.reflect.DirectMethodHandleAccessor.invoke(DirectMethodHandleAccessor.java:103) ~[?:?]
	at java.base/java.lang.reflect.Method.invoke(Method.java:580) ~[?:?]
	at io.temporal.internal.activity.RootActivityInboundCallsInterceptor$POJOActivityInboundCallsInterceptor.executeActivity(RootActivityInboundCallsInterceptor.java:64) ~[temporal-sdk-1.28.4.jar!/:1.28.4]
	at io.temporal.internal.activity.RootActivityInboundCallsInterceptor.execute(RootActivityInboundCallsInterceptor.java:43) ~[temporal-sdk-1.28.4.jar!/:1.28.4]
	at io.temporal.internal.activity.ActivityTaskExecutors$BaseActivityTaskExecutor.execute(ActivityTaskExecutors.java:107) ~[temporal-sdk-1.28.4.jar!/:1.28.4]
	at io.temporal.internal.activity.ActivityTaskHandlerImpl.handle(ActivityTaskHandlerImpl.java:124) ~[temporal-sdk-1.28.4.jar!/:1.28.4]
	at io.temporal.internal.worker.ActivityWorker$TaskHandlerImpl.handleActivity(ActivityWorker.java:290) ~[temporal-sdk-1.28.4.jar!/:1.28.4]
	at io.temporal.internal.worker.ActivityWorker$TaskHandlerImpl.handle(ActivityWorker.java:254) ~[temporal-sdk-1.28.4.jar!/:1.28.4]
	at io.temporal.internal.worker.ActivityWorker$TaskHandlerImpl.handle(ActivityWorker.java:217) ~[temporal-sdk-1.28.4.jar!/:1.28.4]
	at io.temporal.internal.worker.PollTaskExecutor.lambda$process$1(PollTaskExecutor.java:96) ~[temporal-sdk-1.28.4.jar!/:1.28.4]
	at java.base/java.util.concurrent.ThreadPoolExecutor.runWorker(ThreadPoolExecutor.java:1144) ~[?:?]
	at java.base/java.util.concurrent.ThreadPoolExecutor$Worker.run(ThreadPoolExecutor.java:642) ~[?:?]
	at java.base/java.lang.Thread.run(Thread.java:1583) [?:?]
[2026-02-11T00:01:56.424Z] WARN Activity Executor taskQueue="hydra-billing-tasks", namespace="ncm-cg": 1 FilesMeteringLicenceUsageProvider:57 [] storage config not provided for the requested clusters : [[cd3caa79-323c-4844-9041-a007cbb87a86]]
[2026-02-11T00:01:56.424Z] WARN Activity Executor taskQueue="hydra-billing-tasks", namespace="ncm-cg": 1 ObjectsMeteringLicenceUsageProvider:52 [] storage config not provided for the requested clusters : [[cd3caa79-323c-4844-9041-a007cbb87a86]]
[2026-02-11T00:01:56.424Z] WARN Activity Executor taskQueue="hydra-billing-tasks", namespace="ncm-cg": 1 NCMMeteringLicenceUsageProvider:56 [] vcpu config not provided for the requested clusters : [[cd3caa79-323c-4844-9041-a007cbb87a86]]
[2026-02-11T00:01:56.425Z] WARN Activity Executor taskQueue="hydra-billing-tasks", namespace="ncm-cg": 1 NUSMeteringLicenceUsageProvider:53 [] storage config not provided for the requested clusters : [[cd3caa79-323c-4844-9041-a007cbb87a86]]
[2026-02-11T00:01:56.425Z] INFO Activity Executor taskQueue="hydra-billing-tasks", namespace="ncm-cg": 1 MeteringTaskHandler:469 [] TCO Details not found for cluster : 00063fb0-c3eb-3105-0000-00000001c483
[2026-02-11T00:01:56.425Z] INFO Activity Executor taskQueue="hydra-billing-tasks", namespace="ncm-cg": 1 MeteringTaskHandler:469 [] TCO Details not found for cluster : 0006437f-fcaf-c4c4-0000-0000000193e2
[2026-02-11T00:01:56.479Z] WARN Activity Executor taskQueue="hydra-billing-tasks", namespace="ncm-cg": 1 PrismMeteringLicenceUsageProvider:59 [] [LOW] : [301]vcpu config not provided for the requested clusters : [[cd3caa79-323c-4844-9041-a007cbb87a86]]
com.nutanix.beam.hydra.billing.worker.exception.HydraException: vcpu config not provided for the requested clusters : [[cd3caa79-323c-4844-9041-a007cbb87a86]]
	at com.nutanix.beam.hydra.billing.worker.util.MeteringUtil.validateVcpuConfig(MeteringUtil.java:469) ~[!/:0.0.1-SNAPSHOT]
	at com.nutanix.beam.hydra.billing.worker.provider.metering.licenseusage.PrismMeteringLicenceUsageProvider.fetchLicenceUsage(PrismMeteringLicenceUsageProvider.java:57) ~[!/:0.0.1-SNAPSHOT]
	at com.nutanix.beam.hydra.billing.worker.helper.LicenceUsageAndCostCompilerHelper.fetchPrismLicenceUsage(LicenceUsageAndCostCompilerHelper.java:178) ~[!/:0.0.1-SNAPSHOT]
	at com.nutanix.beam.hydra.billing.worker.helper.LicenceUsageAndCostCompilerHelper.populatePnPv1Licenses(LicenceUsageAndCostCompilerHelper.java:100) ~[!/:0.0.1-SNAPSHOT]
	at com.nutanix.beam.hydra.billing.worker.helper.LicenceUsageAndCostCompilerHelper.fetchLicenseCostData(LicenceUsageAndCostCompilerHelper.java:49) ~[!/:0.0.1-SNAPSHOT]
	at com.nutanix.beam.hydra.billing.worker.handler.MeteringTaskHandler.handleTask(MeteringTaskHandler.java:191) ~[!/:0.0.1-SNAPSHOT]
	at com.nutanix.beam.hydra.billing.worker.consumer.MeteringTaskConsumer.executeTemporalTask(MeteringTaskConsumer.java:67) ~[!/:0.0.1-SNAPSHOT]
	at java.base/jdk.internal.reflect.DirectMethodHandleAccessor.invoke(DirectMethodHandleAccessor.java:103) ~[?:?]
	at java.base/java.lang.reflect.Method.invoke(Method.java:580) ~[?:?]
	at org.springframework.aop.support.AopUtils.invokeJoinpointUsingReflection(AopUtils.java:360) ~[spring-aop-6.2.12.jar!/:6.2.12]
	at org.springframework.aop.framework.ReflectiveMethodInvocation.invokeJoinpoint(ReflectiveMethodInvocation.java:196) ~[spring-aop-6.2.12.jar!/:6.2.12]
	at org.springframework.aop.framework.ReflectiveMethodInvocation.proceed(ReflectiveMethodInvocation.java:163) ~[spring-aop-6.2.12.jar!/:6.2.12]
	at org.springframework.aop.interceptor.ExposeInvocationInterceptor.invoke(ExposeInvocationInterceptor.java:97) ~[spring-aop-6.2.12.jar!/:6.2.12]
	at org.springframework.aop.framework.ReflectiveMethodInvocation.proceed(ReflectiveMethodInvocation.java:184) ~[spring-aop-6.2.12.jar!/:6.2.12]
	at org.springframework.aop.framework.CglibAopProxy$DynamicAdvisedInterceptor.intercept(CglibAopProxy.java:728) ~[spring-aop-6.2.12.jar!/:6.2.12]
	at com.nutanix.beam.hydra.billing.worker.consumer.MeteringTaskConsumer$$SpringCGLIB$$0.executeTemporalTask(<generated>) ~[!/:0.0.1-SNAPSHOT]
	at com.nutanix.beam.hydra.billing.worker.temporal.activities.HydraModuleRoutineActivitiesImpl.meteringTask(HydraModuleRoutineActivitiesImpl.java:50) ~[!/:0.0.1-SNAPSHOT]
	at java.base/jdk.internal.reflect.DirectMethodHandleAccessor.invoke(DirectMethodHandleAccessor.java:103) ~[?:?]
	at java.base/java.lang.reflect.Method.invoke(Method.java:580) ~[?:?]
	at io.temporal.internal.activity.RootActivityInboundCallsInterceptor$POJOActivityInboundCallsInterceptor.executeActivity(RootActivityInboundCallsInterceptor.java:64) ~[temporal-sdk-1.28.4.jar!/:1.28.4]
	at io.temporal.internal.activity.RootActivityInboundCallsInterceptor.execute(RootActivityInboundCallsInterceptor.java:43) ~[temporal-sdk-1.28.4.jar!/:1.28.4]
	at io.temporal.internal.activity.ActivityTaskExecutors$BaseActivityTaskExecutor.execute(ActivityTaskExecutors.java:107) ~[temporal-sdk-1.28.4.jar!/:1.28.4]
	at io.temporal.internal.activity.ActivityTaskHandlerImpl.handle(ActivityTaskHandlerImpl.java:124) ~[temporal-sdk-1.28.4.jar!/:1.28.4]
	at io.temporal.internal.worker.ActivityWorker$TaskHandlerImpl.handleActivity(ActivityWorker.java:290) ~[temporal-sdk-1.28.4.jar!/:1.28.4]
	at io.temporal.internal.worker.ActivityWorker$TaskHandlerImpl.handle(ActivityWorker.java:254) ~[temporal-sdk-1.28.4.jar!/:1.28.4]
	at io.temporal.internal.worker.ActivityWorker$TaskHandlerImpl.handle(ActivityWorker.java:217) ~[temporal-sdk-1.28.4.jar!/:1.28.4]
	at io.temporal.internal.worker.PollTaskExecutor.lambda$process$1(PollTaskExecutor.java:96) ~[temporal-sdk-1.28.4.jar!/:1.28.4]
	at java.base/java.util.concurrent.ThreadPoolExecutor.runWorker(ThreadPoolExecutor.java:1144) ~[?:?]
	at java.base/java.util.concurrent.ThreadPoolExecutor$Worker.run(ThreadPoolExecutor.java:642) ~[?:?]
	at java.base/java.lang.Thread.run(Thread.java:1583) [?:?]
[2026-02-11T00:01:56.479Z] WARN Activity Executor taskQueue="hydra-billing-tasks", namespace="ncm-cg": 1 FlowMeteringLicenceUsageProvider:59 [] [LOW] : [301]vcpu config not provided for the requested clusters : [[cd3caa79-323c-4844-9041-a007cbb87a86]]
com.nutanix.beam.hydra.billing.worker.exception.HydraException: vcpu config not provided for the requested clusters : [[cd3caa79-323c-4844-9041-a007cbb87a86]]
	at com.nutanix.beam.hydra.billing.worker.util.MeteringUtil.validateVcpuConfig(MeteringUtil.java:469) ~[!/:0.0.1-SNAPSHOT]
	at com.nutanix.beam.hydra.billing.worker.provider.metering.licenseusage.FlowMeteringLicenceUsageProvider.fetchLicenceUsage(FlowMeteringLicenceUsageProvider.java:57) ~[!/:0.0.1-SNAPSHOT]
	at com.nutanix.beam.hydra.billing.worker.helper.LicenceUsageAndCostCompilerHelper.fetchFlowLicenceUsage(LicenceUsageAndCostCompilerHelper.java:193) ~[!/:0.0.1-SNAPSHOT]
	at com.nutanix.beam.hydra.billing.worker.helper.LicenceUsageAndCostCompilerHelper.populatePnPv1Licenses(LicenceUsageAndCostCompilerHelper.java:104) ~[!/:0.0.1-SNAPSHOT]
	at com.nutanix.beam.hydra.billing.worker.helper.LicenceUsageAndCostCompilerHelper.fetchLicenseCostData(LicenceUsageAndCostCompilerHelper.java:49) ~[!/:0.0.1-SNAPSHOT]
	at com.nutanix.beam.hydra.billing.worker.handler.MeteringTaskHandler.handleTask(MeteringTaskHandler.java:191) ~[!/:0.0.1-SNAPSHOT]
	at com.nutanix.beam.hydra.billing.worker.consumer.MeteringTaskConsumer.executeTemporalTask(MeteringTaskConsumer.java:67) ~[!/:0.0.1-SNAPSHOT]
	at java.base/jdk.internal.reflect.DirectMethodHandleAccessor.invoke(DirectMethodHandleAccessor.java:103) ~[?:?]
	at java.base/java.lang.reflect.Method.invoke(Method.java:580) ~[?:?]
	at org.springframework.aop.support.AopUtils.invokeJoinpointUsingReflection(AopUtils.java:360) ~[spring-aop-6.2.12.jar!/:6.2.12]
	at org.springframework.aop.framework.ReflectiveMethodInvocation.invokeJoinpoint(ReflectiveMethodInvocation.java:196) ~[spring-aop-6.2.12.jar!/:6.2.12]
	at org.springframework.aop.framework.ReflectiveMethodInvocation.proceed(ReflectiveMethodInvocation.java:163) ~[spring-aop-6.2.12.jar!/:6.2.12]
	at org.springframework.aop.interceptor.ExposeInvocationInterceptor.invoke(ExposeInvocationInterceptor.java:97) ~[spring-aop-6.2.12.jar!/:6.2.12]
	at org.springframework.aop.framework.ReflectiveMethodInvocation.proceed(ReflectiveMethodInvocation.java:184) ~[spring-aop-6.2.12.jar!/:6.2.12]
	at org.springframework.aop.framework.CglibAopProxy$DynamicAdvisedInterceptor.intercept(CglibAopProxy.java:728) ~[spring-aop-6.2.12.jar!/:6.2.12]
	at com.nutanix.beam.hydra.billing.worker.consumer.MeteringTaskConsumer$$SpringCGLIB$$0.executeTemporalTask(<generated>) ~[!/:0.0.1-SNAPSHOT]
	at com.nutanix.beam.hydra.billing.worker.temporal.activities.HydraModuleRoutineActivitiesImpl.meteringTask(HydraModuleRoutineActivitiesImpl.java:50) ~[!/:0.0.1-SNAPSHOT]
	at java.base/jdk.internal.reflect.DirectMethodHandleAccessor.invoke(DirectMethodHandleAccessor.java:103) ~[?:?]
	at java.base/java.lang.reflect.Method.invoke(Method.java:580) ~[?:?]
	at io.temporal.internal.activity.RootActivityInboundCallsInterceptor$POJOActivityInboundCallsInterceptor.executeActivity(RootActivityInboundCallsInterceptor.java:64) ~[temporal-sdk-1.28.4.jar!/:1.28.4]
	at io.temporal.internal.activity.RootActivityInboundCallsInterceptor.execute(RootActivityInboundCallsInterceptor.java:43) ~[temporal-sdk-1.28.4.jar!/:1.28.4]
	at io.temporal.internal.activity.ActivityTaskExecutors$BaseActivityTaskExecutor.execute(ActivityTaskExecutors.java:107) ~[temporal-sdk-1.28.4.jar!/:1.28.4]
	at io.temporal.internal.activity.ActivityTaskHandlerImpl.handle(ActivityTaskHandlerImpl.java:124) ~[temporal-sdk-1.28.4.jar!/:1.28.4]
	at io.temporal.internal.worker.ActivityWorker$TaskHandlerImpl.handleActivity(ActivityWorker.java:290) ~[temporal-sdk-1.28.4.jar!/:1.28.4]
	at io.temporal.internal.worker.ActivityWorker$TaskHandlerImpl.handle(ActivityWorker.java:254) ~[temporal-sdk-1.28.4.jar!/:1.28.4]
	at io.temporal.internal.worker.ActivityWorker$TaskHandlerImpl.handle(ActivityWorker.java:217) ~[temporal-sdk-1.28.4.jar!/:1.28.4]
	at io.temporal.internal.worker.PollTaskExecutor.lambda$process$1(PollTaskExecutor.java:96) ~[temporal-sdk-1.28.4.jar!/:1.28.4]
	at java.base/java.util.concurrent.ThreadPoolExecutor.runWorker(ThreadPoolExecutor.java:1144) ~[?:?]
	at java.base/java.util.concurrent.ThreadPoolExecutor$Worker.run(ThreadPoolExecutor.java:642) ~[?:?]
	at java.base/java.lang.Thread.run(Thread.java:1583) [?:?]
[2026-02-11T00:01:56.480Z] WARN Activity Executor taskQueue="hydra-billing-tasks", namespace="ncm-cg": 1 FilesMeteringLicenceUsageProvider:57 [] storage config not provided for the requested clusters : [[cd3caa79-323c-4844-9041-a007cbb87a86]]
[2026-02-11T00:01:56.480Z] WARN Activity Executor taskQueue="hydra-billing-tasks", namespace="ncm-cg": 1 ObjectsMeteringLicenceUsageProvider:52 [] storage config not provided for the requested clusters : [[cd3caa79-323c-4844-9041-a007cbb87a86]]
[2026-02-11T00:01:56.480Z] WARN Activity Executor taskQueue="hydra-billing-tasks", namespace="ncm-cg": 1 NCMMeteringLicenceUsageProvider:56 [] vcpu config not provided for the requested clusters : [[cd3caa79-323c-4844-9041-a007cbb87a86]]
[2026-02-11T00:01:56.481Z] WARN Activity Executor taskQueue="hydra-billing-tasks", namespace="ncm-cg": 1 NUSMeteringLicenceUsageProvider:53 [] storage config not provided for the requested clusters : [[cd3caa79-323c-4844-9041-a007cbb87a86]]
[2026-02-11T00:01:56.481Z] INFO Activity Executor taskQueue="hydra-billing-tasks", namespace="ncm-cg": 1 MeteringTaskHandler:469 [] TCO Details not found for cluster : 00063fb0-c3eb-3105-0000-00000001c483
[2026-02-11T00:01:56.481Z] INFO Activity Executor taskQueue="hydra-billing-tasks", namespace="ncm-cg": 1 MeteringTaskHandler:469 [] TCO Details not found for cluster : 0006437f-fcaf-c4c4-0000-0000000193e2
[2026-02-11T00:01:56.481Z] INFO Activity Executor taskQueue="hydra-billing-tasks", namespace="ncm-cg": 1 MeteringTaskHandler:128 [] Processing metering for segment start: [2025-05-01], end: [2025-05-31]
[2026-02-11T00:01:56.740Z] WARN Activity Executor taskQueue="hydra-billing-tasks", namespace="ncm-cg": 1 PrismMeteringLicenceUsageProvider:59 [] [LOW] : [301]vcpu config not provided for the requested clusters : [[cd3caa79-323c-4844-9041-a007cbb87a86]]
com.nutanix.beam.hydra.billing.worker.exception.HydraException: vcpu config not provided for the requested clusters : [[cd3caa79-323c-4844-9041-a007cbb87a86]]
	at com.nutanix.beam.hydra.billing.worker.util.MeteringUtil.validateVcpuConfig(MeteringUtil.java:469) ~[!/:0.0.1-SNAPSHOT]
	at com.nutanix.beam.hydra.billing.worker.provider.metering.licenseusage.PrismMeteringLicenceUsageProvider.fetchLicenceUsage(PrismMeteringLicenceUsageProvider.java:57) ~[!/:0.0.1-SNAPSHOT]
	at com.nutanix.beam.hydra.billing.worker.helper.LicenceUsageAndCostCompilerHelper.fetchPrismLicenceUsage(LicenceUsageAndCostCompilerHelper.java:178) ~[!/:0.0.1-SNAPSHOT]
	at com.nutanix.beam.hydra.billing.worker.helper.LicenceUsageAndCostCompilerHelper.populatePnPv1Licenses(LicenceUsageAndCostCompilerHelper.java:100) ~[!/:0.0.1-SNAPSHOT]
	at com.nutanix.beam.hydra.billing.worker.helper.LicenceUsageAndCostCompilerHelper.fetchLicenseCostData(LicenceUsageAndCostCompilerHelper.java:49) ~[!/:0.0.1-SNAPSHOT]
	at com.nutanix.beam.hydra.billing.worker.handler.MeteringTaskHandler.handleTask(MeteringTaskHandler.java:191) ~[!/:0.0.1-SNAPSHOT]
	at com.nutanix.beam.hydra.billing.worker.consumer.MeteringTaskConsumer.executeTemporalTask(MeteringTaskConsumer.java:67) ~[!/:0.0.1-SNAPSHOT]
	at java.base/jdk.internal.reflect.DirectMethodHandleAccessor.invoke(DirectMethodHandleAccessor.java:103) ~[?:?]
	at java.base/java.lang.reflect.Method.invoke(Method.java:580) ~[?:?]
	at org.springframework.aop.support.AopUtils.invokeJoinpointUsingReflection(AopUtils.java:360) ~[spring-aop-6.2.12.jar!/:6.2.12]
	at org.springframework.aop.framework.ReflectiveMethodInvocation.invokeJoinpoint(ReflectiveMethodInvocation.java:196) ~[spring-aop-6.2.12.jar!/:6.2.12]
	at org.springframework.aop.framework.ReflectiveMethodInvocation.proceed(ReflectiveMethodInvocation.java:163) ~[spring-aop-6.2.12.jar!/:6.2.12]
	at org.springframework.aop.interceptor.ExposeInvocationInterceptor.invoke(ExposeInvocationInterceptor.java:97) ~[spring-aop-6.2.12.jar!/:6.2.12]
	at org.springframework.aop.framework.ReflectiveMethodInvocation.proceed(ReflectiveMethodInvocation.java:184) ~[spring-aop-6.2.12.jar!/:6.2.12]
	at org.springframework.aop.framework.CglibAopProxy$DynamicAdvisedInterceptor.intercept(CglibAopProxy.java:728) ~[spring-aop-6.2.12.jar!/:6.2.12]
	at com.nutanix.beam.hydra.billing.worker.consumer.MeteringTaskConsumer$$SpringCGLIB$$0.executeTemporalTask(<generated>) ~[!/:0.0.1-SNAPSHOT]
	at com.nutanix.beam.hydra.billing.worker.temporal.activities.HydraModuleRoutineActivitiesImpl.meteringTask(HydraModuleRoutineActivitiesImpl.java:50) ~[!/:0.0.1-SNAPSHOT]
	at java.base/jdk.internal.reflect.DirectMethodHandleAccessor.invoke(DirectMethodHandleAccessor.java:103) ~[?:?]
	at java.base/java.lang.reflect.Method.invoke(Method.java:580) ~[?:?]
	at io.temporal.internal.activity.RootActivityInboundCallsInterceptor$POJOActivityInboundCallsInterceptor.executeActivity(RootActivityInboundCallsInterceptor.java:64) ~[temporal-sdk-1.28.4.jar!/:1.28.4]
	at io.temporal.internal.activity.RootActivityInboundCallsInterceptor.execute(RootActivityInboundCallsInterceptor.java:43) ~[temporal-sdk-1.28.4.jar!/:1.28.4]
	at io.temporal.internal.activity.ActivityTaskExecutors$BaseActivityTaskExecutor.execute(ActivityTaskExecutors.java:107) ~[temporal-sdk-1.28.4.jar!/:1.28.4]
	at io.temporal.internal.activity.ActivityTaskHandlerImpl.handle(ActivityTaskHandlerImpl.java:124) ~[temporal-sdk-1.28.4.jar!/:1.28.4]
	at io.temporal.internal.worker.ActivityWorker$TaskHandlerImpl.handleActivity(ActivityWorker.java:290) ~[temporal-sdk-1.28.4.jar!/:1.28.4]
	at io.temporal.internal.worker.ActivityWorker$TaskHandlerImpl.handle(ActivityWorker.java:254) ~[temporal-sdk-1.28.4.jar!/:1.28.4]
	at io.temporal.internal.worker.ActivityWorker$TaskHandlerImpl.handle(ActivityWorker.java:217) ~[temporal-sdk-1.28.4.jar!/:1.28.4]
	at io.temporal.internal.worker.PollTaskExecutor.lambda$process$1(PollTaskExecutor.java:96) ~[temporal-sdk-1.28.4.jar!/:1.28.4]
	at java.base/java.util.concurrent.ThreadPoolExecutor.runWorker(ThreadPoolExecutor.java:1144) ~[?:?]
	at java.base/java.util.concurrent.ThreadPoolExecutor$Worker.run(ThreadPoolExecutor.java:642) ~[?:?]
	at java.base/java.lang.Thread.run(Thread.java:1583) [?:?]
[2026-02-11T00:01:56.741Z] WARN Activity Executor taskQueue="hydra-billing-tasks", namespace="ncm-cg": 1 FlowMeteringLicenceUsageProvider:59 [] [LOW] : [301]vcpu config not provided for the requested clusters : [[cd3caa79-323c-4844-9041-a007cbb87a86]]
com.nutanix.beam.hydra.billing.worker.exception.HydraException: vcpu config not provided for the requested clusters : [[cd3caa79-323c-4844-9041-a007cbb87a86]]
	at com.nutanix.beam.hydra.billing.worker.util.MeteringUtil.validateVcpuConfig(MeteringUtil.java:469) ~[!/:0.0.1-SNAPSHOT]
	at com.nutanix.beam.hydra.billing.worker.provider.metering.licenseusage.FlowMeteringLicenceUsageProvider.fetchLicenceUsage(FlowMeteringLicenceUsageProvider.java:57) ~[!/:0.0.1-SNAPSHOT]
	at com.nutanix.beam.hydra.billing.worker.helper.LicenceUsageAndCostCompilerHelper.fetchFlowLicenceUsage(LicenceUsageAndCostCompilerHelper.java:193) ~[!/:0.0.1-SNAPSHOT]
	at com.nutanix.beam.hydra.billing.worker.helper.LicenceUsageAndCostCompilerHelper.populatePnPv1Licenses(LicenceUsageAndCostCompilerHelper.java:104) ~[!/:0.0.1-SNAPSHOT]
	at com.nutanix.beam.hydra.billing.worker.helper.LicenceUsageAndCostCompilerHelper.fetchLicenseCostData(LicenceUsageAndCostCompilerHelper.java:49) ~[!/:0.0.1-SNAPSHOT]
	at com.nutanix.beam.hydra.billing.worker.handler.MeteringTaskHandler.handleTask(MeteringTaskHandler.java:191) ~[!/:0.0.1-SNAPSHOT]
	at com.nutanix.beam.hydra.billing.worker.consumer.MeteringTaskConsumer.executeTemporalTask(MeteringTaskConsumer.java:67) ~[!/:0.0.1-SNAPSHOT]
	at java.base/jdk.internal.reflect.DirectMethodHandleAccessor.invoke(DirectMethodHandleAccessor.java:103) ~[?:?]
	at java.base/java.lang.reflect.Method.invoke(Method.java:580) ~[?:?]
	at org.springframework.aop.support.AopUtils.invokeJoinpointUsingReflection(AopUtils.java:360) ~[spring-aop-6.2.12.jar!/:6.2.12]
	at org.springframework.aop.framework.ReflectiveMethodInvocation.invokeJoinpoint(ReflectiveMethodInvocation.java:196) ~[spring-aop-6.2.12.jar!/:6.2.12]
	at org.springframework.aop.framework.ReflectiveMethodInvocation.proceed(ReflectiveMethodInvocation.java:163) ~[spring-aop-6.2.12.jar!/:6.2.12]
	at org.springframework.aop.interceptor.ExposeInvocationInterceptor.invoke(ExposeInvocationInterceptor.java:97) ~[spring-aop-6.2.12.jar!/:6.2.12]
	at org.springframework.aop.framework.ReflectiveMethodInvocation.proceed(ReflectiveMethodInvocation.java:184) ~[spring-aop-6.2.12.jar!/:6.2.12]
	at org.springframework.aop.framework.CglibAopProxy$DynamicAdvisedInterceptor.intercept(CglibAopProxy.java:728) ~[spring-aop-6.2.12.jar!/:6.2.12]
	at com.nutanix.beam.hydra.billing.worker.consumer.MeteringTaskConsumer$$SpringCGLIB$$0.executeTemporalTask(<generated>) ~[!/:0.0.1-SNAPSHOT]
	at com.nutanix.beam.hydra.billing.worker.temporal.activities.HydraModuleRoutineActivitiesImpl.meteringTask(HydraModuleRoutineActivitiesImpl.java:50) ~[!/:0.0.1-SNAPSHOT]
	at java.base/jdk.internal.reflect.DirectMethodHandleAccessor.invoke(DirectMethodHandleAccessor.java:103) ~[?:?]
	at java.base/java.lang.reflect.Method.invoke(Method.java:580) ~[?:?]
	at io.temporal.internal.activity.RootActivityInboundCallsInterceptor$POJOActivityInboundCallsInterceptor.executeActivity(RootActivityInboundCallsInterceptor.java:64) ~[temporal-sdk-1.28.4.jar!/:1.28.4]
	at io.temporal.internal.activity.RootActivityInboundCallsInterceptor.execute(RootActivityInboundCallsInterceptor.java:43) ~[temporal-sdk-1.28.4.jar!/:1.28.4]
	at io.temporal.internal.activity.ActivityTaskExecutors$BaseActivityTaskExecutor.execute(ActivityTaskExecutors.java:107) ~[temporal-sdk-1.28.4.jar!/:1.28.4]
	at io.temporal.internal.activity.ActivityTaskHandlerImpl.handle(ActivityTaskHandlerImpl.java:124) ~[temporal-sdk-1.28.4.jar!/:1.28.4]
	at io.temporal.internal.worker.ActivityWorker$TaskHandlerImpl.handleActivity(ActivityWorker.java:290) ~[temporal-sdk-1.28.4.jar!/:1.28.4]
	at io.temporal.internal.worker.ActivityWorker$TaskHandlerImpl.handle(ActivityWorker.java:254) ~[temporal-sdk-1.28.4.jar!/:1.28.4]
	at io.temporal.internal.worker.ActivityWorker$TaskHandlerImpl.handle(ActivityWorker.java:217) ~[temporal-sdk-1.28.4.jar!/:1.28.4]
	at io.temporal.internal.worker.PollTaskExecutor.lambda$process$1(PollTaskExecutor.java:96) ~[temporal-sdk-1.28.4.jar!/:1.28.4]
	at java.base/java.util.concurrent.ThreadPoolExecutor.runWorker(ThreadPoolExecutor.java:1144) ~[?:?]
	at java.base/java.util.concurrent.ThreadPoolExecutor$Worker.run(ThreadPoolExecutor.java:642) ~[?:?]
	at java.base/java.lang.Thread.run(Thread.java:1583) [?:?]
[2026-02-11T00:01:56.741Z] WARN Activity Executor taskQueue="hydra-billing-tasks", namespace="ncm-cg": 1 FilesMeteringLicenceUsageProvider:57 [] storage config not provided for the requested clusters : [[cd3caa79-323c-4844-9041-a007cbb87a86]]
[2026-02-11T00:01:56.741Z] WARN Activity Executor taskQueue="hydra-billing-tasks", namespace="ncm-cg": 1 ObjectsMeteringLicenceUsageProvider:52 [] storage config not provided for the requested clusters : [[cd3caa79-323c-4844-9041-a007cbb87a86]]
[2026-02-11T00:01:56.742Z] WARN Activity Executor taskQueue="hydra-billing-tasks", namespace="ncm-cg": 1 NCMMeteringLicenceUsageProvider:56 [] vcpu config not provided for the requested clusters : [[cd3caa79-323c-4844-9041-a007cbb87a86]]
[2026-02-11T00:01:56.742Z] WARN Activity Executor taskQueue="hydra-billing-tasks", namespace="ncm-cg": 1 NUSMeteringLicenceUsageProvider:53 [] storage config not provided for the requested clusters : [[cd3caa79-323c-4844-9041-a007cbb87a86]]
[2026-02-11T00:01:56.742Z] INFO Activity Executor taskQueue="hydra-billing-tasks", namespace="ncm-cg": 1 MeteringTaskHandler:469 [] TCO Details not found for cluster : 00063fb0-c3eb-3105-0000-00000001c483
[2026-02-11T00:01:56.742Z] INFO Activity Executor taskQueue="hydra-billing-tasks", namespace="ncm-cg": 1 MeteringTaskHandler:469 [] TCO Details not found for cluster : 0006437f-fcaf-c4c4-0000-0000000193e2
[2026-02-11T00:01:56.800Z] WARN Activity Executor taskQueue="hydra-billing-tasks", namespace="ncm-cg": 1 PrismMeteringLicenceUsageProvider:59 [] [LOW] : [301]vcpu config not provided for the requested clusters : [[cd3caa79-323c-4844-9041-a007cbb87a86]]
com.nutanix.beam.hydra.billing.worker.exception.HydraException: vcpu config not provided for the requested clusters : [[cd3caa79-323c-4844-9041-a007cbb87a86]]
	at com.nutanix.beam.hydra.billing.worker.util.MeteringUtil.validateVcpuConfig(MeteringUtil.java:469) ~[!/:0.0.1-SNAPSHOT]
	at com.nutanix.beam.hydra.billing.worker.provider.metering.licenseusage.PrismMeteringLicenceUsageProvider.fetchLicenceUsage(PrismMeteringLicenceUsageProvider.java:57) ~[!/:0.0.1-SNAPSHOT]
	at com.nutanix.beam.hydra.billing.worker.helper.LicenceUsageAndCostCompilerHelper.fetchPrismLicenceUsage(LicenceUsageAndCostCompilerHelper.java:178) ~[!/:0.0.1-SNAPSHOT]
	at com.nutanix.beam.hydra.billing.worker.helper.LicenceUsageAndCostCompilerHelper.populatePnPv1Licenses(LicenceUsageAndCostCompilerHelper.java:100) ~[!/:0.0.1-SNAPSHOT]
	at com.nutanix.beam.hydra.billing.worker.helper.LicenceUsageAndCostCompilerHelper.fetchLicenseCostData(LicenceUsageAndCostCompilerHelper.java:49) ~[!/:0.0.1-SNAPSHOT]
	at com.nutanix.beam.hydra.billing.worker.handler.MeteringTaskHandler.handleTask(MeteringTaskHandler.java:191) ~[!/:0.0.1-SNAPSHOT]
	at com.nutanix.beam.hydra.billing.worker.consumer.MeteringTaskConsumer.executeTemporalTask(MeteringTaskConsumer.java:67) ~[!/:0.0.1-SNAPSHOT]
	at java.base/jdk.internal.reflect.DirectMethodHandleAccessor.invoke(DirectMethodHandleAccessor.java:103) ~[?:?]
	at java.base/java.lang.reflect.Method.invoke(Method.java:580) ~[?:?]
	at org.springframework.aop.support.AopUtils.invokeJoinpointUsingReflection(AopUtils.java:360) ~[spring-aop-6.2.12.jar!/:6.2.12]
	at org.springframework.aop.framework.ReflectiveMethodInvocation.invokeJoinpoint(ReflectiveMethodInvocation.java:196) ~[spring-aop-6.2.12.jar!/:6.2.12]
	at org.springframework.aop.framework.ReflectiveMethodInvocation.proceed(ReflectiveMethodInvocation.java:163) ~[spring-aop-6.2.12.jar!/:6.2.12]
	at org.springframework.aop.interceptor.ExposeInvocationInterceptor.invoke(ExposeInvocationInterceptor.java:97) ~[spring-aop-6.2.12.jar!/:6.2.12]
	at org.springframework.aop.framework.ReflectiveMethodInvocation.proceed(ReflectiveMethodInvocation.java:184) ~[spring-aop-6.2.12.jar!/:6.2.12]
	at org.springframework.aop.framework.CglibAopProxy$DynamicAdvisedInterceptor.intercept(CglibAopProxy.java:728) ~[spring-aop-6.2.12.jar!/:6.2.12]
	at com.nutanix.beam.hydra.billing.worker.consumer.MeteringTaskConsumer$$SpringCGLIB$$0.executeTemporalTask(<generated>) ~[!/:0.0.1-SNAPSHOT]
	at com.nutanix.beam.hydra.billing.worker.temporal.activities.HydraModuleRoutineActivitiesImpl.meteringTask(HydraModuleRoutineActivitiesImpl.java:50) ~[!/:0.0.1-SNAPSHOT]
	at java.base/jdk.internal.reflect.DirectMethodHandleAccessor.invoke(DirectMethodHandleAccessor.java:103) ~[?:?]
	at java.base/java.lang.reflect.Method.invoke(Method.java:580) ~[?:?]
	at io.temporal.internal.activity.RootActivityInboundCallsInterceptor$POJOActivityInboundCallsInterceptor.executeActivity(RootActivityInboundCallsInterceptor.java:64) ~[temporal-sdk-1.28.4.jar!/:1.28.4]
	at io.temporal.internal.activity.RootActivityInboundCallsInterceptor.execute(RootActivityInboundCallsInterceptor.java:43) ~[temporal-sdk-1.28.4.jar!/:1.28.4]
	at io.temporal.internal.activity.ActivityTaskExecutors$BaseActivityTaskExecutor.execute(ActivityTaskExecutors.java:107) ~[temporal-sdk-1.28.4.jar!/:1.28.4]
	at io.temporal.internal.activity.ActivityTaskHandlerImpl.handle(ActivityTaskHandlerImpl.java:124) ~[temporal-sdk-1.28.4.jar!/:1.28.4]
	at io.temporal.internal.worker.ActivityWorker$TaskHandlerImpl.handleActivity(ActivityWorker.java:290) ~[temporal-sdk-1.28.4.jar!/:1.28.4]
	at io.temporal.internal.worker.ActivityWorker$TaskHandlerImpl.handle(ActivityWorker.java:254) ~[temporal-sdk-1.28.4.jar!/:1.28.4]
	at io.temporal.internal.worker.ActivityWorker$TaskHandlerImpl.handle(ActivityWorker.java:217) ~[temporal-sdk-1.28.4.jar!/:1.28.4]
	at io.temporal.internal.worker.PollTaskExecutor.lambda$process$1(PollTaskExecutor.java:96) ~[temporal-sdk-1.28.4.jar!/:1.28.4]
	at java.base/java.util.concurrent.ThreadPoolExecutor.runWorker(ThreadPoolExecutor.java:1144) ~[?:?]
	at java.base/java.util.concurrent.ThreadPoolExecutor$Worker.run(ThreadPoolExecutor.java:642) ~[?:?]
	at java.base/java.lang.Thread.run(Thread.java:1583) [?:?]
[2026-02-11T00:01:56.800Z] WARN Activity Executor taskQueue="hydra-billing-tasks", namespace="ncm-cg": 1 FlowMeteringLicenceUsageProvider:59 [] [LOW] : [301]vcpu config not provided for the requested clusters : [[cd3caa79-323c-4844-9041-a007cbb87a86]]
com.nutanix.beam.hydra.billing.worker.exception.HydraException: vcpu config not provided for the requested clusters : [[cd3caa79-323c-4844-9041-a007cbb87a86]]
	at com.nutanix.beam.hydra.billing.worker.util.MeteringUtil.validateVcpuConfig(MeteringUtil.java:469) ~[!/:0.0.1-SNAPSHOT]
	at com.nutanix.beam.hydra.billing.worker.provider.metering.licenseusage.FlowMeteringLicenceUsageProvider.fetchLicenceUsage(FlowMeteringLicenceUsageProvider.java:57) ~[!/:0.0.1-SNAPSHOT]
	at com.nutanix.beam.hydra.billing.worker.helper.LicenceUsageAndCostCompilerHelper.fetchFlowLicenceUsage(LicenceUsageAndCostCompilerHelper.java:193) ~[!/:0.0.1-SNAPSHOT]
	at com.nutanix.beam.hydra.billing.worker.helper.LicenceUsageAndCostCompilerHelper.populatePnPv1Licenses(LicenceUsageAndCostCompilerHelper.java:104) ~[!/:0.0.1-SNAPSHOT]
	at com.nutanix.beam.hydra.billing.worker.helper.LicenceUsageAndCostCompilerHelper.fetchLicenseCostData(LicenceUsageAndCostCompilerHelper.java:49) ~[!/:0.0.1-SNAPSHOT]
	at com.nutanix.beam.hydra.billing.worker.handler.MeteringTaskHandler.handleTask(MeteringTaskHandler.java:191) ~[!/:0.0.1-SNAPSHOT]
	at com.nutanix.beam.hydra.billing.worker.consumer.MeteringTaskConsumer.executeTemporalTask(MeteringTaskConsumer.java:67) ~[!/:0.0.1-SNAPSHOT]
	at java.base/jdk.internal.reflect.DirectMethodHandleAccessor.invoke(DirectMethodHandleAccessor.java:103) ~[?:?]
	at java.base/java.lang.reflect.Method.invoke(Method.java:580) ~[?:?]
	at org.springframework.aop.support.AopUtils.invokeJoinpointUsingReflection(AopUtils.java:360) ~[spring-aop-6.2.12.jar!/:6.2.12]
	at org.springframework.aop.framework.ReflectiveMethodInvocation.invokeJoinpoint(ReflectiveMethodInvocation.java:196) ~[spring-aop-6.2.12.jar!/:6.2.12]
	at org.springframework.aop.framework.ReflectiveMethodInvocation.proceed(ReflectiveMethodInvocation.java:163) ~[spring-aop-6.2.12.jar!/:6.2.12]
	at org.springframework.aop.interceptor.ExposeInvocationInterceptor.invoke(ExposeInvocationInterceptor.java:97) ~[spring-aop-6.2.12.jar!/:6.2.12]
	at org.springframework.aop.framework.ReflectiveMethodInvocation.proceed(ReflectiveMethodInvocation.java:184) ~[spring-aop-6.2.12.jar!/:6.2.12]
	at org.springframework.aop.framework.CglibAopProxy$DynamicAdvisedInterceptor.intercept(CglibAopProxy.java:728) ~[spring-aop-6.2.12.jar!/:6.2.12]
	at com.nutanix.beam.hydra.billing.worker.consumer.MeteringTaskConsumer$$SpringCGLIB$$0.executeTemporalTask(<generated>) ~[!/:0.0.1-SNAPSHOT]
	at com.nutanix.beam.hydra.billing.worker.temporal.activities.HydraModuleRoutineActivitiesImpl.meteringTask(HydraModuleRoutineActivitiesImpl.java:50) ~[!/:0.0.1-SNAPSHOT]
	at java.base/jdk.internal.reflect.DirectMethodHandleAccessor.invoke(DirectMethodHandleAccessor.java:103) ~[?:?]
	at java.base/java.lang.reflect.Method.invoke(Method.java:580) ~[?:?]
	at io.temporal.internal.activity.RootActivityInboundCallsInterceptor$POJOActivityInboundCallsInterceptor.executeActivity(RootActivityInboundCallsInterceptor.java:64) ~[temporal-sdk-1.28.4.jar!/:1.28.4]
	at io.temporal.internal.activity.RootActivityInboundCallsInterceptor.execute(RootActivityInboundCallsInterceptor.java:43) ~[temporal-sdk-1.28.4.jar!/:1.28.4]
	at io.temporal.internal.activity.ActivityTaskExecutors$BaseActivityTaskExecutor.execute(ActivityTaskExecutors.java:107) ~[temporal-sdk-1.28.4.jar!/:1.28.4]
	at io.temporal.internal.activity.ActivityTaskHandlerImpl.handle(ActivityTaskHandlerImpl.java:124) ~[temporal-sdk-1.28.4.jar!/:1.28.4]
	at io.temporal.internal.worker.ActivityWorker$TaskHandlerImpl.handleActivity(ActivityWorker.java:290) ~[temporal-sdk-1.28.4.jar!/:1.28.4]
	at io.temporal.internal.worker.ActivityWorker$TaskHandlerImpl.handle(ActivityWorker.java:254) ~[temporal-sdk-1.28.4.jar!/:1.28.4]
	at io.temporal.internal.worker.ActivityWorker$TaskHandlerImpl.handle(ActivityWorker.java:217) ~[temporal-sdk-1.28.4.jar!/:1.28.4]
	at io.temporal.internal.worker.PollTaskExecutor.lambda$process$1(PollTaskExecutor.java:96) ~[temporal-sdk-1.28.4.jar!/:1.28.4]
	at java.base/java.util.concurrent.ThreadPoolExecutor.runWorker(ThreadPoolExecutor.java:1144) ~[?:?]
	at java.base/java.util.concurrent.ThreadPoolExecutor$Worker.run(ThreadPoolExecutor.java:642) ~[?:?]
	at java.base/java.lang.Thread.run(Thread.java:1583) [?:?]
[2026-02-11T00:01:56.801Z] WARN Activity Executor taskQueue="hydra-billing-tasks", namespace="ncm-cg": 1 FilesMeteringLicenceUsageProvider:57 [] storage config not provided for the requested clusters : [[cd3caa79-323c-4844-9041-a007cbb87a86]]
[2026-02-11T00:01:56.801Z] WARN Activity Executor taskQueue="hydra-billing-tasks", namespace="ncm-cg": 1 ObjectsMeteringLicenceUsageProvider:52 [] storage config not provided for the requested clusters : [[cd3caa79-323c-4844-9041-a007cbb87a86]]
[2026-02-11T00:01:56.802Z] WARN Activity Executor taskQueue="hydra-billing-tasks", namespace="ncm-cg": 1 NCMMeteringLicenceUsageProvider:56 [] vcpu config not provided for the requested clusters : [[cd3caa79-323c-4844-9041-a007cbb87a86]]
[2026-02-11T00:01:56.802Z] WARN Activity Executor taskQueue="hydra-billing-tasks", namespace="ncm-cg": 1 NUSMeteringLicenceUsageProvider:53 [] storage config not provided for the requested clusters : [[cd3caa79-323c-4844-9041-a007cbb87a86]]
[2026-02-11T00:01:56.802Z] INFO Activity Executor taskQueue="hydra-billing-tasks", namespace="ncm-cg": 1 MeteringTaskHandler:469 [] TCO Details not found for cluster : 00063fb0-c3eb-3105-0000-00000001c483
[2026-02-11T00:01:56.802Z] INFO Activity Executor taskQueue="hydra-billing-tasks", namespace="ncm-cg": 1 MeteringTaskHandler:469 [] TCO Details not found for cluster : 0006437f-fcaf-c4c4-0000-0000000193e2
[2026-02-11T00:01:56.802Z] INFO Activity Executor taskQueue="hydra-billing-tasks", namespace="ncm-cg": 1 MeteringTaskHandler:128 [] Processing metering for segment start: [2025-06-01], end: [2025-06-30]
[2026-02-11T00:01:57.013Z] WARN Activity Executor taskQueue="hydra-billing-tasks", namespace="ncm-cg": 1 PrismMeteringLicenceUsageProvider:59 [] [LOW] : [301]vcpu config not provided for the requested clusters : [[cd3caa79-323c-4844-9041-a007cbb87a86]]
com.nutanix.beam.hydra.billing.worker.exception.HydraException: vcpu config not provided for the requested clusters : [[cd3caa79-323c-4844-9041-a007cbb87a86]]
	at com.nutanix.beam.hydra.billing.worker.util.MeteringUtil.validateVcpuConfig(MeteringUtil.java:469) ~[!/:0.0.1-SNAPSHOT]
	at com.nutanix.beam.hydra.billing.worker.provider.metering.licenseusage.PrismMeteringLicenceUsageProvider.fetchLicenceUsage(PrismMeteringLicenceUsageProvider.java:57) ~[!/:0.0.1-SNAPSHOT]
	at com.nutanix.beam.hydra.billing.worker.helper.LicenceUsageAndCostCompilerHelper.fetchPrismLicenceUsage(LicenceUsageAndCostCompilerHelper.java:178) ~[!/:0.0.1-SNAPSHOT]
	at com.nutanix.beam.hydra.billing.worker.helper.LicenceUsageAndCostCompilerHelper.populatePnPv1Licenses(LicenceUsageAndCostCompilerHelper.java:100) ~[!/:0.0.1-SNAPSHOT]
	at com.nutanix.beam.hydra.billing.worker.helper.LicenceUsageAndCostCompilerHelper.fetchLicenseCostData(LicenceUsageAndCostCompilerHelper.java:49) ~[!/:0.0.1-SNAPSHOT]
	at com.nutanix.beam.hydra.billing.worker.handler.MeteringTaskHandler.handleTask(MeteringTaskHandler.java:191) ~[!/:0.0.1-SNAPSHOT]
	at com.nutanix.beam.hydra.billing.worker.consumer.MeteringTaskConsumer.executeTemporalTask(MeteringTaskConsumer.java:67) ~[!/:0.0.1-SNAPSHOT]
	at java.base/jdk.internal.reflect.DirectMethodHandleAccessor.invoke(DirectMethodHandleAccessor.java:103) ~[?:?]
	at java.base/java.lang.reflect.Method.invoke(Method.java:580) ~[?:?]
	at org.springframework.aop.support.AopUtils.invokeJoinpointUsingReflection(AopUtils.java:360) ~[spring-aop-6.2.12.jar!/:6.2.12]
	at org.springframework.aop.framework.ReflectiveMethodInvocation.invokeJoinpoint(ReflectiveMethodInvocation.java:196) ~[spring-aop-6.2.12.jar!/:6.2.12]
	at org.springframework.aop.framework.ReflectiveMethodInvocation.proceed(ReflectiveMethodInvocation.java:163) ~[spring-aop-6.2.12.jar!/:6.2.12]
	at org.springframework.aop.interceptor.ExposeInvocationInterceptor.invoke(ExposeInvocationInterceptor.java:97) ~[spring-aop-6.2.12.jar!/:6.2.12]
	at org.springframework.aop.framework.ReflectiveMethodInvocation.proceed(ReflectiveMethodInvocation.java:184) ~[spring-aop-6.2.12.jar!/:6.2.12]
	at org.springframework.aop.framework.CglibAopProxy$DynamicAdvisedInterceptor.intercept(CglibAopProxy.java:728) ~[spring-aop-6.2.12.jar!/:6.2.12]
	at com.nutanix.beam.hydra.billing.worker.consumer.MeteringTaskConsumer$$SpringCGLIB$$0.executeTemporalTask(<generated>) ~[!/:0.0.1-SNAPSHOT]
	at com.nutanix.beam.hydra.billing.worker.temporal.activities.HydraModuleRoutineActivitiesImpl.meteringTask(HydraModuleRoutineActivitiesImpl.java:50) ~[!/:0.0.1-SNAPSHOT]
	at java.base/jdk.internal.reflect.DirectMethodHandleAccessor.invoke(DirectMethodHandleAccessor.java:103) ~[?:?]
	at java.base/java.lang.reflect.Method.invoke(Method.java:580) ~[?:?]
	at io.temporal.internal.activity.RootActivityInboundCallsInterceptor$POJOActivityInboundCallsInterceptor.executeActivity(RootActivityInboundCallsInterceptor.java:64) ~[temporal-sdk-1.28.4.jar!/:1.28.4]
	at io.temporal.internal.activity.RootActivityInboundCallsInterceptor.execute(RootActivityInboundCallsInterceptor.java:43) ~[temporal-sdk-1.28.4.jar!/:1.28.4]
	at io.temporal.internal.activity.ActivityTaskExecutors$BaseActivityTaskExecutor.execute(ActivityTaskExecutors.java:107) ~[temporal-sdk-1.28.4.jar!/:1.28.4]
	at io.temporal.internal.activity.ActivityTaskHandlerImpl.handle(ActivityTaskHandlerImpl.java:124) ~[temporal-sdk-1.28.4.jar!/:1.28.4]
	at io.temporal.internal.worker.ActivityWorker$TaskHandlerImpl.handleActivity(ActivityWorker.java:290) ~[temporal-sdk-1.28.4.jar!/:1.28.4]
	at io.temporal.internal.worker.ActivityWorker$TaskHandlerImpl.handle(ActivityWorker.java:254) ~[temporal-sdk-1.28.4.jar!/:1.28.4]
	at io.temporal.internal.worker.ActivityWorker$TaskHandlerImpl.handle(ActivityWorker.java:217) ~[temporal-sdk-1.28.4.jar!/:1.28.4]
	at io.temporal.internal.worker.PollTaskExecutor.lambda$process$1(PollTaskExecutor.java:96) ~[temporal-sdk-1.28.4.jar!/:1.28.4]
	at java.base/java.util.concurrent.ThreadPoolExecutor.runWorker(ThreadPoolExecutor.java:1144) ~[?:?]
	at java.base/java.util.concurrent.ThreadPoolExecutor$Worker.run(ThreadPoolExecutor.java:642) ~[?:?]
	at java.base/java.lang.Thread.run(Thread.java:1583) [?:?]
[2026-02-11T00:01:57.014Z] WARN Activity Executor taskQueue="hydra-billing-tasks", namespace="ncm-cg": 1 FlowMeteringLicenceUsageProvider:59 [] [LOW] : [301]vcpu config not provided for the requested clusters : [[cd3caa79-323c-4844-9041-a007cbb87a86]]
com.nutanix.beam.hydra.billing.worker.exception.HydraException: vcpu config not provided for the requested clusters : [[cd3caa79-323c-4844-9041-a007cbb87a86]]
	at com.nutanix.beam.hydra.billing.worker.util.MeteringUtil.validateVcpuConfig(MeteringUtil.java:469) ~[!/:0.0.1-SNAPSHOT]
	at com.nutanix.beam.hydra.billing.worker.provider.metering.licenseusage.FlowMeteringLicenceUsageProvider.fetchLicenceUsage(FlowMeteringLicenceUsageProvider.java:57) ~[!/:0.0.1-SNAPSHOT]
	at com.nutanix.beam.hydra.billing.worker.helper.LicenceUsageAndCostCompilerHelper.fetchFlowLicenceUsage(LicenceUsageAndCostCompilerHelper.java:193) ~[!/:0.0.1-SNAPSHOT]
	at com.nutanix.beam.hydra.billing.worker.helper.LicenceUsageAndCostCompilerHelper.populatePnPv1Licenses(LicenceUsageAndCostCompilerHelper.java:104) ~[!/:0.0.1-SNAPSHOT]
	at com.nutanix.beam.hydra.billing.worker.helper.LicenceUsageAndCostCompilerHelper.fetchLicenseCostData(LicenceUsageAndCostCompilerHelper.java:49) ~[!/:0.0.1-SNAPSHOT]
	at com.nutanix.beam.hydra.billing.worker.handler.MeteringTaskHandler.handleTask(MeteringTaskHandler.java:191) ~[!/:0.0.1-SNAPSHOT]
	at com.nutanix.beam.hydra.billing.worker.consumer.MeteringTaskConsumer.executeTemporalTask(MeteringTaskConsumer.java:67) ~[!/:0.0.1-SNAPSHOT]
	at java.base/jdk.internal.reflect.DirectMethodHandleAccessor.invoke(DirectMethodHandleAccessor.java:103) ~[?:?]
	at java.base/java.lang.reflect.Method.invoke(Method.java:580) ~[?:?]
	at org.springframework.aop.support.AopUtils.invokeJoinpointUsingReflection(AopUtils.java:360) ~[spring-aop-6.2.12.jar!/:6.2.12]
	at org.springframework.aop.framework.ReflectiveMethodInvocation.invokeJoinpoint(ReflectiveMethodInvocation.java:196) ~[spring-aop-6.2.12.jar!/:6.2.12]
	at org.springframework.aop.framework.ReflectiveMethodInvocation.proceed(ReflectiveMethodInvocation.java:163) ~[spring-aop-6.2.12.jar!/:6.2.12]
	at org.springframework.aop.interceptor.ExposeInvocationInterceptor.invoke(ExposeInvocationInterceptor.java:97) ~[spring-aop-6.2.12.jar!/:6.2.12]
	at org.springframework.aop.framework.ReflectiveMethodInvocation.proceed(ReflectiveMethodInvocation.java:184) ~[spring-aop-6.2.12.jar!/:6.2.12]
	at org.springframework.aop.framework.CglibAopProxy$DynamicAdvisedInterceptor.intercept(CglibAopProxy.java:728) ~[spring-aop-6.2.12.jar!/:6.2.12]
	at com.nutanix.beam.hydra.billing.worker.consumer.MeteringTaskConsumer$$SpringCGLIB$$0.executeTemporalTask(<generated>) ~[!/:0.0.1-SNAPSHOT]
	at com.nutanix.beam.hydra.billing.worker.temporal.activities.HydraModuleRoutineActivitiesImpl.meteringTask(HydraModuleRoutineActivitiesImpl.java:50) ~[!/:0.0.1-SNAPSHOT]
	at java.base/jdk.internal.reflect.DirectMethodHandleAccessor.invoke(DirectMethodHandleAccessor.java:103) ~[?:?]
	at java.base/java.lang.reflect.Method.invoke(Method.java:580) ~[?:?]
	at io.temporal.internal.activity.RootActivityInboundCallsInterceptor$POJOActivityInboundCallsInterceptor.executeActivity(RootActivityInboundCallsInterceptor.java:64) ~[temporal-sdk-1.28.4.jar!/:1.28.4]
	at io.temporal.internal.activity.RootActivityInboundCallsInterceptor.execute(RootActivityInboundCallsInterceptor.java:43) ~[temporal-sdk-1.28.4.jar!/:1.28.4]
	at io.temporal.internal.activity.ActivityTaskExecutors$BaseActivityTaskExecutor.execute(ActivityTaskExecutors.java:107) ~[temporal-sdk-1.28.4.jar!/:1.28.4]
	at io.temporal.internal.activity.ActivityTaskHandlerImpl.handle(ActivityTaskHandlerImpl.java:124) ~[temporal-sdk-1.28.4.jar!/:1.28.4]
	at io.temporal.internal.worker.ActivityWorker$TaskHandlerImpl.handleActivity(ActivityWorker.java:290) ~[temporal-sdk-1.28.4.jar!/:1.28.4]
	at io.temporal.internal.worker.ActivityWorker$TaskHandlerImpl.handle(ActivityWorker.java:254) ~[temporal-sdk-1.28.4.jar!/:1.28.4]
	at io.temporal.internal.worker.ActivityWorker$TaskHandlerImpl.handle(ActivityWorker.java:217) ~[temporal-sdk-1.28.4.jar!/:1.28.4]
	at io.temporal.internal.worker.PollTaskExecutor.lambda$process$1(PollTaskExecutor.java:96) ~[temporal-sdk-1.28.4.jar!/:1.28.4]
	at java.base/java.util.concurrent.ThreadPoolExecutor.runWorker(ThreadPoolExecutor.java:1144) ~[?:?]
	at java.base/java.util.concurrent.ThreadPoolExecutor$Worker.run(ThreadPoolExecutor.java:642) ~[?:?]
	at java.base/java.lang.Thread.run(Thread.java:1583) [?:?]
[2026-02-11T00:01:57.014Z] WARN Activity Executor taskQueue="hydra-billing-tasks", namespace="ncm-cg": 1 FilesMeteringLicenceUsageProvider:57 [] storage config not provided for the requested clusters : [[cd3caa79-323c-4844-9041-a007cbb87a86]]
[2026-02-11T00:01:57.015Z] WARN Activity Executor taskQueue="hydra-billing-tasks", namespace="ncm-cg": 1 ObjectsMeteringLicenceUsageProvider:52 [] storage config not provided for the requested clusters : [[cd3caa79-323c-4844-9041-a007cbb87a86]]
[2026-02-11T00:01:57.015Z] WARN Activity Executor taskQueue="hydra-billing-tasks", namespace="ncm-cg": 1 NCMMeteringLicenceUsageProvider:56 [] vcpu config not provided for the requested clusters : [[cd3caa79-323c-4844-9041-a007cbb87a86]]
[2026-02-11T00:01:57.015Z] WARN Activity Executor taskQueue="hydra-billing-tasks", namespace="ncm-cg": 1 NUSMeteringLicenceUsageProvider:53 [] storage config not provided for the requested clusters : [[cd3caa79-323c-4844-9041-a007cbb87a86]]
[2026-02-11T00:01:57.016Z] INFO Activity Executor taskQueue="hydra-billing-tasks", namespace="ncm-cg": 1 MeteringTaskHandler:469 [] TCO Details not found for cluster : 00063fb0-c3eb-3105-0000-00000001c483
[2026-02-11T00:01:57.016Z] INFO Activity Executor taskQueue="hydra-billing-tasks", namespace="ncm-cg": 1 MeteringTaskHandler:469 [] TCO Details not found for cluster : 0006437f-fcaf-c4c4-0000-0000000193e2
[2026-02-11T00:01:57.047Z] WARN Activity Executor taskQueue="hydra-billing-tasks", namespace="ncm-cg": 1 PrismMeteringLicenceUsageProvider:59 [] [LOW] : [301]vcpu config not provided for the requested clusters : [[cd3caa79-323c-4844-9041-a007cbb87a86]]
com.nutanix.beam.hydra.billing.worker.exception.HydraException: vcpu config not provided for the requested clusters : [[cd3caa79-323c-4844-9041-a007cbb87a86]]
	at com.nutanix.beam.hydra.billing.worker.util.MeteringUtil.validateVcpuConfig(MeteringUtil.java:469) ~[!/:0.0.1-SNAPSHOT]
	at com.nutanix.beam.hydra.billing.worker.provider.metering.licenseusage.PrismMeteringLicenceUsageProvider.fetchLicenceUsage(PrismMeteringLicenceUsageProvider.java:57) ~[!/:0.0.1-SNAPSHOT]
	at com.nutanix.beam.hydra.billing.worker.helper.LicenceUsageAndCostCompilerHelper.fetchPrismLicenceUsage(LicenceUsageAndCostCompilerHelper.java:178) ~[!/:0.0.1-SNAPSHOT]
	at com.nutanix.beam.hydra.billing.worker.helper.LicenceUsageAndCostCompilerHelper.populatePnPv1Licenses(LicenceUsageAndCostCompilerHelper.java:100) ~[!/:0.0.1-SNAPSHOT]
	at com.nutanix.beam.hydra.billing.worker.helper.LicenceUsageAndCostCompilerHelper.fetchLicenseCostData(LicenceUsageAndCostCompilerHelper.java:49) ~[!/:0.0.1-SNAPSHOT]
	at com.nutanix.beam.hydra.billing.worker.handler.MeteringTaskHandler.handleTask(MeteringTaskHandler.java:191) ~[!/:0.0.1-SNAPSHOT]
	at com.nutanix.beam.hydra.billing.worker.consumer.MeteringTaskConsumer.executeTemporalTask(MeteringTaskConsumer.java:67) ~[!/:0.0.1-SNAPSHOT]
	at java.base/jdk.internal.reflect.DirectMethodHandleAccessor.invoke(DirectMethodHandleAccessor.java:103) ~[?:?]
	at java.base/java.lang.reflect.Method.invoke(Method.java:580) ~[?:?]
	at org.springframework.aop.support.AopUtils.invokeJoinpointUsingReflection(AopUtils.java:360) ~[spring-aop-6.2.12.jar!/:6.2.12]
	at org.springframework.aop.framework.ReflectiveMethodInvocation.invokeJoinpoint(ReflectiveMethodInvocation.java:196) ~[spring-aop-6.2.12.jar!/:6.2.12]
	at org.springframework.aop.framework.ReflectiveMethodInvocation.proceed(ReflectiveMethodInvocation.java:163) ~[spring-aop-6.2.12.jar!/:6.2.12]
	at org.springframework.aop.interceptor.ExposeInvocationInterceptor.invoke(ExposeInvocationInterceptor.java:97) ~[spring-aop-6.2.12.jar!/:6.2.12]
	at org.springframework.aop.framework.ReflectiveMethodInvocation.proceed(ReflectiveMethodInvocation.java:184) ~[spring-aop-6.2.12.jar!/:6.2.12]
	at org.springframework.aop.framework.CglibAopProxy$DynamicAdvisedInterceptor.intercept(CglibAopProxy.java:728) ~[spring-aop-6.2.12.jar!/:6.2.12]
	at com.nutanix.beam.hydra.billing.worker.consumer.MeteringTaskConsumer$$SpringCGLIB$$0.executeTemporalTask(<generated>) ~[!/:0.0.1-SNAPSHOT]
	at com.nutanix.beam.hydra.billing.worker.temporal.activities.HydraModuleRoutineActivitiesImpl.meteringTask(HydraModuleRoutineActivitiesImpl.java:50) ~[!/:0.0.1-SNAPSHOT]
	at java.base/jdk.internal.reflect.DirectMethodHandleAccessor.invoke(DirectMethodHandleAccessor.java:103) ~[?:?]
	at java.base/java.lang.reflect.Method.invoke(Method.java:580) ~[?:?]
	at io.temporal.internal.activity.RootActivityInboundCallsInterceptor$POJOActivityInboundCallsInterceptor.executeActivity(RootActivityInboundCallsInterceptor.java:64) ~[temporal-sdk-1.28.4.jar!/:1.28.4]
	at io.temporal.internal.activity.RootActivityInboundCallsInterceptor.execute(RootActivityInboundCallsInterceptor.java:43) ~[temporal-sdk-1.28.4.jar!/:1.28.4]
	at io.temporal.internal.activity.ActivityTaskExecutors$BaseActivityTaskExecutor.execute(ActivityTaskExecutors.java:107) ~[temporal-sdk-1.28.4.jar!/:1.28.4]
	at io.temporal.internal.activity.ActivityTaskHandlerImpl.handle(ActivityTaskHandlerImpl.java:124) ~[temporal-sdk-1.28.4.jar!/:1.28.4]
	at io.temporal.internal.worker.ActivityWorker$TaskHandlerImpl.handleActivity(ActivityWorker.java:290) ~[temporal-sdk-1.28.4.jar!/:1.28.4]
	at io.temporal.internal.worker.ActivityWorker$TaskHandlerImpl.handle(ActivityWorker.java:254) ~[temporal-sdk-1.28.4.jar!/:1.28.4]
	at io.temporal.internal.worker.ActivityWorker$TaskHandlerImpl.handle(ActivityWorker.java:217) ~[temporal-sdk-1.28.4.jar!/:1.28.4]
	at io.temporal.internal.worker.PollTaskExecutor.lambda$process$1(PollTaskExecutor.java:96) ~[temporal-sdk-1.28.4.jar!/:1.28.4]
	at java.base/java.util.concurrent.ThreadPoolExecutor.runWorker(ThreadPoolExecutor.java:1144) ~[?:?]
	at java.base/java.util.concurrent.ThreadPoolExecutor$Worker.run(ThreadPoolExecutor.java:642) ~[?:?]
	at java.base/java.lang.Thread.run(Thread.java:1583) [?:?]
[2026-02-11T00:01:57.048Z] WARN Activity Executor taskQueue="hydra-billing-tasks", namespace="ncm-cg": 1 FlowMeteringLicenceUsageProvider:59 [] [LOW] : [301]vcpu config not provided for the requested clusters : [[cd3caa79-323c-4844-9041-a007cbb87a86]]
com.nutanix.beam.hydra.billing.worker.exception.HydraException: vcpu config not provided for the requested clusters : [[cd3caa79-323c-4844-9041-a007cbb87a86]]
	at com.nutanix.beam.hydra.billing.worker.util.MeteringUtil.validateVcpuConfig(MeteringUtil.java:469) ~[!/:0.0.1-SNAPSHOT]
	at com.nutanix.beam.hydra.billing.worker.provider.metering.licenseusage.FlowMeteringLicenceUsageProvider.fetchLicenceUsage(FlowMeteringLicenceUsageProvider.java:57) ~[!/:0.0.1-SNAPSHOT]
	at com.nutanix.beam.hydra.billing.worker.helper.LicenceUsageAndCostCompilerHelper.fetchFlowLicenceUsage(LicenceUsageAndCostCompilerHelper.java:193) ~[!/:0.0.1-SNAPSHOT]
	at com.nutanix.beam.hydra.billing.worker.helper.LicenceUsageAndCostCompilerHelper.populatePnPv1Licenses(LicenceUsageAndCostCompilerHelper.java:104) ~[!/:0.0.1-SNAPSHOT]
	at com.nutanix.beam.hydra.billing.worker.helper.LicenceUsageAndCostCompilerHelper.fetchLicenseCostData(LicenceUsageAndCostCompilerHelper.java:49) ~[!/:0.0.1-SNAPSHOT]
	at com.nutanix.beam.hydra.billing.worker.handler.MeteringTaskHandler.handleTask(MeteringTaskHandler.java:191) ~[!/:0.0.1-SNAPSHOT]
	at com.nutanix.beam.hydra.billing.worker.consumer.MeteringTaskConsumer.executeTemporalTask(MeteringTaskConsumer.java:67) ~[!/:0.0.1-SNAPSHOT]
	at java.base/jdk.internal.reflect.DirectMethodHandleAccessor.invoke(DirectMethodHandleAccessor.java:103) ~[?:?]
	at java.base/java.lang.reflect.Method.invoke(Method.java:580) ~[?:?]
	at org.springframework.aop.support.AopUtils.invokeJoinpointUsingReflection(AopUtils.java:360) ~[spring-aop-6.2.12.jar!/:6.2.12]
	at org.springframework.aop.framework.ReflectiveMethodInvocation.invokeJoinpoint(ReflectiveMethodInvocation.java:196) ~[spring-aop-6.2.12.jar!/:6.2.12]
	at org.springframework.aop.framework.ReflectiveMethodInvocation.proceed(ReflectiveMethodInvocation.java:163) ~[spring-aop-6.2.12.jar!/:6.2.12]
	at org.springframework.aop.interceptor.ExposeInvocationInterceptor.invoke(ExposeInvocationInterceptor.java:97) ~[spring-aop-6.2.12.jar!/:6.2.12]
	at org.springframework.aop.framework.ReflectiveMethodInvocation.proceed(ReflectiveMethodInvocation.java:184) ~[spring-aop-6.2.12.jar!/:6.2.12]
	at org.springframework.aop.framework.CglibAopProxy$DynamicAdvisedInterceptor.intercept(CglibAopProxy.java:728) ~[spring-aop-6.2.12.jar!/:6.2.12]
	at com.nutanix.beam.hydra.billing.worker.consumer.MeteringTaskConsumer$$SpringCGLIB$$0.executeTemporalTask(<generated>) ~[!/:0.0.1-SNAPSHOT]
	at com.nutanix.beam.hydra.billing.worker.temporal.activities.HydraModuleRoutineActivitiesImpl.meteringTask(HydraModuleRoutineActivitiesImpl.java:50) ~[!/:0.0.1-SNAPSHOT]
	at java.base/jdk.internal.reflect.DirectMethodHandleAccessor.invoke(DirectMethodHandleAccessor.java:103) ~[?:?]
	at java.base/java.lang.reflect.Method.invoke(Method.java:580) ~[?:?]
	at io.temporal.internal.activity.RootActivityInboundCallsInterceptor$POJOActivityInboundCallsInterceptor.executeActivity(RootActivityInboundCallsInterceptor.java:64) ~[temporal-sdk-1.28.4.jar!/:1.28.4]
	at io.temporal.internal.activity.RootActivityInboundCallsInterceptor.execute(RootActivityInboundCallsInterceptor.java:43) ~[temporal-sdk-1.28.4.jar!/:1.28.4]
	at io.temporal.internal.activity.ActivityTaskExecutors$BaseActivityTaskExecutor.execute(ActivityTaskExecutors.java:107) ~[temporal-sdk-1.28.4.jar!/:1.28.4]
	at io.temporal.internal.activity.ActivityTaskHandlerImpl.handle(ActivityTaskHandlerImpl.java:124) ~[temporal-sdk-1.28.4.jar!/:1.28.4]
	at io.temporal.internal.worker.ActivityWorker$TaskHandlerImpl.handleActivity(ActivityWorker.java:290) ~[temporal-sdk-1.28.4.jar!/:1.28.4]
	at io.temporal.internal.worker.ActivityWorker$TaskHandlerImpl.handle(ActivityWorker.java:254) ~[temporal-sdk-1.28.4.jar!/:1.28.4]
	at io.temporal.internal.worker.ActivityWorker$TaskHandlerImpl.handle(ActivityWorker.java:217) ~[temporal-sdk-1.28.4.jar!/:1.28.4]
	at io.temporal.internal.worker.PollTaskExecutor.lambda$process$1(PollTaskExecutor.java:96) ~[temporal-sdk-1.28.4.jar!/:1.28.4]
	at java.base/java.util.concurrent.ThreadPoolExecutor.runWorker(ThreadPoolExecutor.java:1144) ~[?:?]
	at java.base/java.util.concurrent.ThreadPoolExecutor$Worker.run(ThreadPoolExecutor.java:642) ~[?:?]
	at java.base/java.lang.Thread.run(Thread.java:1583) [?:?]
[2026-02-11T00:01:57.049Z] WARN Activity Executor taskQueue="hydra-billing-tasks", namespace="ncm-cg": 1 FilesMeteringLicenceUsageProvider:57 [] storage config not provided for the requested clusters : [[cd3caa79-323c-4844-9041-a007cbb87a86]]
[2026-02-11T00:01:57.049Z] WARN Activity Executor taskQueue="hydra-billing-tasks", namespace="ncm-cg": 1 ObjectsMeteringLicenceUsageProvider:52 [] storage config not provided for the requested clusters : [[cd3caa79-323c-4844-9041-a007cbb87a86]]
[2026-02-11T00:01:57.050Z] WARN Activity Executor taskQueue="hydra-billing-tasks", namespace="ncm-cg": 1 NCMMeteringLicenceUsageProvider:56 [] vcpu config not provided for the requested clusters : [[cd3caa79-323c-4844-9041-a007cbb87a86]]
[2026-02-11T00:01:57.050Z] WARN Activity Executor taskQueue="hydra-billing-tasks", namespace="ncm-cg": 1 NUSMeteringLicenceUsageProvider:53 [] storage config not provided for the requested clusters : [[cd3caa79-323c-4844-9041-a007cbb87a86]]
[2026-02-11T00:01:57.050Z] INFO Activity Executor taskQueue="hydra-billing-tasks", namespace="ncm-cg": 1 MeteringTaskHandler:469 [] TCO Details not found for cluster : 00063fb0-c3eb-3105-0000-00000001c483
[2026-02-11T00:01:57.050Z] INFO Activity Executor taskQueue="hydra-billing-tasks", namespace="ncm-cg": 1 MeteringTaskHandler:469 [] TCO Details not found for cluster : 0006437f-fcaf-c4c4-0000-0000000193e2
[2026-02-11T00:01:57.051Z] INFO Activity Executor taskQueue="hydra-billing-tasks", namespace="ncm-cg": 1 MeteringTaskHandler:128 [] Processing metering for segment start: [2025-07-01], end: [2025-07-31]
[2026-02-11T00:01:57.215Z] WARN Activity Executor taskQueue="hydra-billing-tasks", namespace="ncm-cg": 1 PrismMeteringLicenceUsageProvider:59 [] [LOW] : [301]vcpu config not provided for the requested clusters : [[cd3caa79-323c-4844-9041-a007cbb87a86]]
com.nutanix.beam.hydra.billing.worker.exception.HydraException: vcpu config not provided for the requested clusters : [[cd3caa79-323c-4844-9041-a007cbb87a86]]
	at com.nutanix.beam.hydra.billing.worker.util.MeteringUtil.validateVcpuConfig(MeteringUtil.java:469) ~[!/:0.0.1-SNAPSHOT]
	at com.nutanix.beam.hydra.billing.worker.provider.metering.licenseusage.PrismMeteringLicenceUsageProvider.fetchLicenceUsage(PrismMeteringLicenceUsageProvider.java:57) ~[!/:0.0.1-SNAPSHOT]
	at com.nutanix.beam.hydra.billing.worker.helper.LicenceUsageAndCostCompilerHelper.fetchPrismLicenceUsage(LicenceUsageAndCostCompilerHelper.java:178) ~[!/:0.0.1-SNAPSHOT]
	at com.nutanix.beam.hydra.billing.worker.helper.LicenceUsageAndCostCompilerHelper.populatePnPv1Licenses(LicenceUsageAndCostCompilerHelper.java:100) ~[!/:0.0.1-SNAPSHOT]
	at com.nutanix.beam.hydra.billing.worker.helper.LicenceUsageAndCostCompilerHelper.fetchLicenseCostData(LicenceUsageAndCostCompilerHelper.java:49) ~[!/:0.0.1-SNAPSHOT]
	at com.nutanix.beam.hydra.billing.worker.handler.MeteringTaskHandler.handleTask(MeteringTaskHandler.java:191) ~[!/:0.0.1-SNAPSHOT]
	at com.nutanix.beam.hydra.billing.worker.consumer.MeteringTaskConsumer.executeTemporalTask(MeteringTaskConsumer.java:67) ~[!/:0.0.1-SNAPSHOT]
	at java.base/jdk.internal.reflect.DirectMethodHandleAccessor.invoke(DirectMethodHandleAccessor.java:103) ~[?:?]
	at java.base/java.lang.reflect.Method.invoke(Method.java:580) ~[?:?]
	at org.springframework.aop.support.AopUtils.invokeJoinpointUsingReflection(AopUtils.java:360) ~[spring-aop-6.2.12.jar!/:6.2.12]
	at org.springframework.aop.framework.ReflectiveMethodInvocation.invokeJoinpoint(ReflectiveMethodInvocation.java:196) ~[spring-aop-6.2.12.jar!/:6.2.12]
	at org.springframework.aop.framework.ReflectiveMethodInvocation.proceed(ReflectiveMethodInvocation.java:163) ~[spring-aop-6.2.12.jar!/:6.2.12]
	at org.springframework.aop.interceptor.ExposeInvocationInterceptor.invoke(ExposeInvocationInterceptor.java:97) ~[spring-aop-6.2.12.jar!/:6.2.12]
	at org.springframework.aop.framework.ReflectiveMethodInvocation.proceed(ReflectiveMethodInvocation.java:184) ~[spring-aop-6.2.12.jar!/:6.2.12]
	at org.springframework.aop.framework.CglibAopProxy$DynamicAdvisedInterceptor.intercept(CglibAopProxy.java:728) ~[spring-aop-6.2.12.jar!/:6.2.12]
	at com.nutanix.beam.hydra.billing.worker.consumer.MeteringTaskConsumer$$SpringCGLIB$$0.executeTemporalTask(<generated>) ~[!/:0.0.1-SNAPSHOT]
	at com.nutanix.beam.hydra.billing.worker.temporal.activities.HydraModuleRoutineActivitiesImpl.meteringTask(HydraModuleRoutineActivitiesImpl.java:50) ~[!/:0.0.1-SNAPSHOT]
	at java.base/jdk.internal.reflect.DirectMethodHandleAccessor.invoke(DirectMethodHandleAccessor.java:103) ~[?:?]
	at java.base/java.lang.reflect.Method.invoke(Method.java:580) ~[?:?]
	at io.temporal.internal.activity.RootActivityInboundCallsInterceptor$POJOActivityInboundCallsInterceptor.executeActivity(RootActivityInboundCallsInterceptor.java:64) ~[temporal-sdk-1.28.4.jar!/:1.28.4]
	at io.temporal.internal.activity.RootActivityInboundCallsInterceptor.execute(RootActivityInboundCallsInterceptor.java:43) ~[temporal-sdk-1.28.4.jar!/:1.28.4]
	at io.temporal.internal.activity.ActivityTaskExecutors$BaseActivityTaskExecutor.execute(ActivityTaskExecutors.java:107) ~[temporal-sdk-1.28.4.jar!/:1.28.4]
	at io.temporal.internal.activity.ActivityTaskHandlerImpl.handle(ActivityTaskHandlerImpl.java:124) ~[temporal-sdk-1.28.4.jar!/:1.28.4]
	at io.temporal.internal.worker.ActivityWorker$TaskHandlerImpl.handleActivity(ActivityWorker.java:290) ~[temporal-sdk-1.28.4.jar!/:1.28.4]
	at io.temporal.internal.worker.ActivityWorker$TaskHandlerImpl.handle(ActivityWorker.java:254) ~[temporal-sdk-1.28.4.jar!/:1.28.4]
	at io.temporal.internal.worker.ActivityWorker$TaskHandlerImpl.handle(ActivityWorker.java:217) ~[temporal-sdk-1.28.4.jar!/:1.28.4]
	at io.temporal.internal.worker.PollTaskExecutor.lambda$process$1(PollTaskExecutor.java:96) ~[temporal-sdk-1.28.4.jar!/:1.28.4]
	at java.base/java.util.concurrent.ThreadPoolExecutor.runWorker(ThreadPoolExecutor.java:1144) ~[?:?]
	at java.base/java.util.concurrent.ThreadPoolExecutor$Worker.run(ThreadPoolExecutor.java:642) ~[?:?]
	at java.base/java.lang.Thread.run(Thread.java:1583) [?:?]
[2026-02-11T00:01:57.216Z] WARN Activity Executor taskQueue="hydra-billing-tasks", namespace="ncm-cg": 1 FlowMeteringLicenceUsageProvider:59 [] [LOW] : [301]vcpu config not provided for the requested clusters : [[cd3caa79-323c-4844-9041-a007cbb87a86]]
com.nutanix.beam.hydra.billing.worker.exception.HydraException: vcpu config not provided for the requested clusters : [[cd3caa79-323c-4844-9041-a007cbb87a86]]
	at com.nutanix.beam.hydra.billing.worker.util.MeteringUtil.validateVcpuConfig(MeteringUtil.java:469) ~[!/:0.0.1-SNAPSHOT]
	at com.nutanix.beam.hydra.billing.worker.provider.metering.licenseusage.FlowMeteringLicenceUsageProvider.fetchLicenceUsage(FlowMeteringLicenceUsageProvider.java:57) ~[!/:0.0.1-SNAPSHOT]
	at com.nutanix.beam.hydra.billing.worker.helper.LicenceUsageAndCostCompilerHelper.fetchFlowLicenceUsage(LicenceUsageAndCostCompilerHelper.java:193) ~[!/:0.0.1-SNAPSHOT]
	at com.nutanix.beam.hydra.billing.worker.helper.LicenceUsageAndCostCompilerHelper.populatePnPv1Licenses(LicenceUsageAndCostCompilerHelper.java:104) ~[!/:0.0.1-SNAPSHOT]
	at com.nutanix.beam.hydra.billing.worker.helper.LicenceUsageAndCostCompilerHelper.fetchLicenseCostData(LicenceUsageAndCostCompilerHelper.java:49) ~[!/:0.0.1-SNAPSHOT]
	at com.nutanix.beam.hydra.billing.worker.handler.MeteringTaskHandler.handleTask(MeteringTaskHandler.java:191) ~[!/:0.0.1-SNAPSHOT]
	at com.nutanix.beam.hydra.billing.worker.consumer.MeteringTaskConsumer.executeTemporalTask(MeteringTaskConsumer.java:67) ~[!/:0.0.1-SNAPSHOT]
	at java.base/jdk.internal.reflect.DirectMethodHandleAccessor.invoke(DirectMethodHandleAccessor.java:103) ~[?:?]
	at java.base/java.lang.reflect.Method.invoke(Method.java:580) ~[?:?]
	at org.springframework.aop.support.AopUtils.invokeJoinpointUsingReflection(AopUtils.java:360) ~[spring-aop-6.2.12.jar!/:6.2.12]
	at org.springframework.aop.framework.ReflectiveMethodInvocation.invokeJoinpoint(ReflectiveMethodInvocation.java:196) ~[spring-aop-6.2.12.jar!/:6.2.12]
	at org.springframework.aop.framework.ReflectiveMethodInvocation.proceed(ReflectiveMethodInvocation.java:163) ~[spring-aop-6.2.12.jar!/:6.2.12]
	at org.springframework.aop.interceptor.ExposeInvocationInterceptor.invoke(ExposeInvocationInterceptor.java:97) ~[spring-aop-6.2.12.jar!/:6.2.12]
	at org.springframework.aop.framework.ReflectiveMethodInvocation.proceed(ReflectiveMethodInvocation.java:184) ~[spring-aop-6.2.12.jar!/:6.2.12]
	at org.springframework.aop.framework.CglibAopProxy$DynamicAdvisedInterceptor.intercept(CglibAopProxy.java:728) ~[spring-aop-6.2.12.jar!/:6.2.12]
	at com.nutanix.beam.hydra.billing.worker.consumer.MeteringTaskConsumer$$SpringCGLIB$$0.executeTemporalTask(<generated>) ~[!/:0.0.1-SNAPSHOT]
	at com.nutanix.beam.hydra.billing.worker.temporal.activities.HydraModuleRoutineActivitiesImpl.meteringTask(HydraModuleRoutineActivitiesImpl.java:50) ~[!/:0.0.1-SNAPSHOT]
	at java.base/jdk.internal.reflect.DirectMethodHandleAccessor.invoke(DirectMethodHandleAccessor.java:103) ~[?:?]
	at java.base/java.lang.reflect.Method.invoke(Method.java:580) ~[?:?]
	at io.temporal.internal.activity.RootActivityInboundCallsInterceptor$POJOActivityInboundCallsInterceptor.executeActivity(RootActivityInboundCallsInterceptor.java:64) ~[temporal-sdk-1.28.4.jar!/:1.28.4]
	at io.temporal.internal.activity.RootActivityInboundCallsInterceptor.execute(RootActivityInboundCallsInterceptor.java:43) ~[temporal-sdk-1.28.4.jar!/:1.28.4]
	at io.temporal.internal.activity.ActivityTaskExecutors$BaseActivityTaskExecutor.execute(ActivityTaskExecutors.java:107) ~[temporal-sdk-1.28.4.jar!/:1.28.4]
	at io.temporal.internal.activity.ActivityTaskHandlerImpl.handle(ActivityTaskHandlerImpl.java:124) ~[temporal-sdk-1.28.4.jar!/:1.28.4]
	at io.temporal.internal.worker.ActivityWorker$TaskHandlerImpl.handleActivity(ActivityWorker.java:290) ~[temporal-sdk-1.28.4.jar!/:1.28.4]
	at io.temporal.internal.worker.ActivityWorker$TaskHandlerImpl.handle(ActivityWorker.java:254) ~[temporal-sdk-1.28.4.jar!/:1.28.4]
	at io.temporal.internal.worker.ActivityWorker$TaskHandlerImpl.handle(ActivityWorker.java:217) ~[temporal-sdk-1.28.4.jar!/:1.28.4]
	at io.temporal.internal.worker.PollTaskExecutor.lambda$process$1(PollTaskExecutor.java:96) ~[temporal-sdk-1.28.4.jar!/:1.28.4]
	at java.base/java.util.concurrent.ThreadPoolExecutor.runWorker(ThreadPoolExecutor.java:1144) ~[?:?]
	at java.base/java.util.concurrent.ThreadPoolExecutor$Worker.run(ThreadPoolExecutor.java:642) ~[?:?]
	at java.base/java.lang.Thread.run(Thread.java:1583) [?:?]
[2026-02-11T00:01:57.217Z] WARN Activity Executor taskQueue="hydra-billing-tasks", namespace="ncm-cg": 1 FilesMeteringLicenceUsageProvider:57 [] storage config not provided for the requested clusters : [[cd3caa79-323c-4844-9041-a007cbb87a86]]
[2026-02-11T00:01:57.217Z] WARN Activity Executor taskQueue="hydra-billing-tasks", namespace="ncm-cg": 1 ObjectsMeteringLicenceUsageProvider:52 [] storage config not provided for the requested clusters : [[cd3caa79-323c-4844-9041-a007cbb87a86]]
[2026-02-11T00:01:57.217Z] WARN Activity Executor taskQueue="hydra-billing-tasks", namespace="ncm-cg": 1 NCMMeteringLicenceUsageProvider:56 [] vcpu config not provided for the requested clusters : [[cd3caa79-323c-4844-9041-a007cbb87a86]]
[2026-02-11T00:01:57.218Z] WARN Activity Executor taskQueue="hydra-billing-tasks", namespace="ncm-cg": 1 NUSMeteringLicenceUsageProvider:53 [] storage config not provided for the requested clusters : [[cd3caa79-323c-4844-9041-a007cbb87a86]]
[2026-02-11T00:01:57.218Z] INFO Activity Executor taskQueue="hydra-billing-tasks", namespace="ncm-cg": 1 MeteringTaskHandler:469 [] TCO Details not found for cluster : 00063fb0-c3eb-3105-0000-00000001c483
[2026-02-11T00:01:57.218Z] INFO Activity Executor taskQueue="hydra-billing-tasks", namespace="ncm-cg": 1 MeteringTaskHandler:469 [] TCO Details not found for cluster : 0006437f-fcaf-c4c4-0000-0000000193e2
[2026-02-11T00:01:57.246Z] WARN Activity Executor taskQueue="hydra-billing-tasks", namespace="ncm-cg": 1 PrismMeteringLicenceUsageProvider:59 [] [LOW] : [301]vcpu config not provided for the requested clusters : [[cd3caa79-323c-4844-9041-a007cbb87a86]]
com.nutanix.beam.hydra.billing.worker.exception.HydraException: vcpu config not provided for the requested clusters : [[cd3caa79-323c-4844-9041-a007cbb87a86]]
	at com.nutanix.beam.hydra.billing.worker.util.MeteringUtil.validateVcpuConfig(MeteringUtil.java:469) ~[!/:0.0.1-SNAPSHOT]
	at com.nutanix.beam.hydra.billing.worker.provider.metering.licenseusage.PrismMeteringLicenceUsageProvider.fetchLicenceUsage(PrismMeteringLicenceUsageProvider.java:57) ~[!/:0.0.1-SNAPSHOT]
	at com.nutanix.beam.hydra.billing.worker.helper.LicenceUsageAndCostCompilerHelper.fetchPrismLicenceUsage(LicenceUsageAndCostCompilerHelper.java:178) ~[!/:0.0.1-SNAPSHOT]
	at com.nutanix.beam.hydra.billing.worker.helper.LicenceUsageAndCostCompilerHelper.populatePnPv1Licenses(LicenceUsageAndCostCompilerHelper.java:100) ~[!/:0.0.1-SNAPSHOT]
	at com.nutanix.beam.hydra.billing.worker.helper.LicenceUsageAndCostCompilerHelper.fetchLicenseCostData(LicenceUsageAndCostCompilerHelper.java:49) ~[!/:0.0.1-SNAPSHOT]
	at com.nutanix.beam.hydra.billing.worker.handler.MeteringTaskHandler.handleTask(MeteringTaskHandler.java:191) ~[!/:0.0.1-SNAPSHOT]
	at com.nutanix.beam.hydra.billing.worker.consumer.MeteringTaskConsumer.executeTemporalTask(MeteringTaskConsumer.java:67) ~[!/:0.0.1-SNAPSHOT]
	at java.base/jdk.internal.reflect.DirectMethodHandleAccessor.invoke(DirectMethodHandleAccessor.java:103) ~[?:?]
	at java.base/java.lang.reflect.Method.invoke(Method.java:580) ~[?:?]
	at org.springframework.aop.support.AopUtils.invokeJoinpointUsingReflection(AopUtils.java:360) ~[spring-aop-6.2.12.jar!/:6.2.12]
	at org.springframework.aop.framework.ReflectiveMethodInvocation.invokeJoinpoint(ReflectiveMethodInvocation.java:196) ~[spring-aop-6.2.12.jar!/:6.2.12]
	at org.springframework.aop.framework.ReflectiveMethodInvocation.proceed(ReflectiveMethodInvocation.java:163) ~[spring-aop-6.2.12.jar!/:6.2.12]
	at org.springframework.aop.interceptor.ExposeInvocationInterceptor.invoke(ExposeInvocationInterceptor.java:97) ~[spring-aop-6.2.12.jar!/:6.2.12]
	at org.springframework.aop.framework.ReflectiveMethodInvocation.proceed(ReflectiveMethodInvocation.java:184) ~[spring-aop-6.2.12.jar!/:6.2.12]
	at org.springframework.aop.framework.CglibAopProxy$DynamicAdvisedInterceptor.intercept(CglibAopProxy.java:728) ~[spring-aop-6.2.12.jar!/:6.2.12]
	at com.nutanix.beam.hydra.billing.worker.consumer.MeteringTaskConsumer$$SpringCGLIB$$0.executeTemporalTask(<generated>) ~[!/:0.0.1-SNAPSHOT]
	at com.nutanix.beam.hydra.billing.worker.temporal.activities.HydraModuleRoutineActivitiesImpl.meteringTask(HydraModuleRoutineActivitiesImpl.java:50) ~[!/:0.0.1-SNAPSHOT]
	at java.base/jdk.internal.reflect.DirectMethodHandleAccessor.invoke(DirectMethodHandleAccessor.java:103) ~[?:?]
	at java.base/java.lang.reflect.Method.invoke(Method.java:580) ~[?:?]
	at io.temporal.internal.activity.RootActivityInboundCallsInterceptor$POJOActivityInboundCallsInterceptor.executeActivity(RootActivityInboundCallsInterceptor.java:64) ~[temporal-sdk-1.28.4.jar!/:1.28.4]
	at io.temporal.internal.activity.RootActivityInboundCallsInterceptor.execute(RootActivityInboundCallsInterceptor.java:43) ~[temporal-sdk-1.28.4.jar!/:1.28.4]
	at io.temporal.internal.activity.ActivityTaskExecutors$BaseActivityTaskExecutor.execute(ActivityTaskExecutors.java:107) ~[temporal-sdk-1.28.4.jar!/:1.28.4]
	at io.temporal.internal.activity.ActivityTaskHandlerImpl.handle(ActivityTaskHandlerImpl.java:124) ~[temporal-sdk-1.28.4.jar!/:1.28.4]
	at io.temporal.internal.worker.ActivityWorker$TaskHandlerImpl.handleActivity(ActivityWorker.java:290) ~[temporal-sdk-1.28.4.jar!/:1.28.4]
	at io.temporal.internal.worker.ActivityWorker$TaskHandlerImpl.handle(ActivityWorker.java:254) ~[temporal-sdk-1.28.4.jar!/:1.28.4]
	at io.temporal.internal.worker.ActivityWorker$TaskHandlerImpl.handle(ActivityWorker.java:217) ~[temporal-sdk-1.28.4.jar!/:1.28.4]
	at io.temporal.internal.worker.PollTaskExecutor.lambda$process$1(PollTaskExecutor.java:96) ~[temporal-sdk-1.28.4.jar!/:1.28.4]
	at java.base/java.util.concurrent.ThreadPoolExecutor.runWorker(ThreadPoolExecutor.java:1144) ~[?:?]
	at java.base/java.util.concurrent.ThreadPoolExecutor$Worker.run(ThreadPoolExecutor.java:642) ~[?:?]
	at java.base/java.lang.Thread.run(Thread.java:1583) [?:?]
[2026-02-11T00:01:57.247Z] WARN Activity Executor taskQueue="hydra-billing-tasks", namespace="ncm-cg": 1 FlowMeteringLicenceUsageProvider:59 [] [LOW] : [301]vcpu config not provided for the requested clusters : [[cd3caa79-323c-4844-9041-a007cbb87a86]]
com.nutanix.beam.hydra.billing.worker.exception.HydraException: vcpu config not provided for the requested clusters : [[cd3caa79-323c-4844-9041-a007cbb87a86]]
	at com.nutanix.beam.hydra.billing.worker.util.MeteringUtil.validateVcpuConfig(MeteringUtil.java:469) ~[!/:0.0.1-SNAPSHOT]
	at com.nutanix.beam.hydra.billing.worker.provider.metering.licenseusage.FlowMeteringLicenceUsageProvider.fetchLicenceUsage(FlowMeteringLicenceUsageProvider.java:57) ~[!/:0.0.1-SNAPSHOT]
	at com.nutanix.beam.hydra.billing.worker.helper.LicenceUsageAndCostCompilerHelper.fetchFlowLicenceUsage(LicenceUsageAndCostCompilerHelper.java:193) ~[!/:0.0.1-SNAPSHOT]
	at com.nutanix.beam.hydra.billing.worker.helper.LicenceUsageAndCostCompilerHelper.populatePnPv1Licenses(LicenceUsageAndCostCompilerHelper.java:104) ~[!/:0.0.1-SNAPSHOT]
	at com.nutanix.beam.hydra.billing.worker.helper.LicenceUsageAndCostCompilerHelper.fetchLicenseCostData(LicenceUsageAndCostCompilerHelper.java:49) ~[!/:0.0.1-SNAPSHOT]
	at com.nutanix.beam.hydra.billing.worker.handler.MeteringTaskHandler.handleTask(MeteringTaskHandler.java:191) ~[!/:0.0.1-SNAPSHOT]
	at com.nutanix.beam.hydra.billing.worker.consumer.MeteringTaskConsumer.executeTemporalTask(MeteringTaskConsumer.java:67) ~[!/:0.0.1-SNAPSHOT]
	at java.base/jdk.internal.reflect.DirectMethodHandleAccessor.invoke(DirectMethodHandleAccessor.java:103) ~[?:?]
	at java.base/java.lang.reflect.Method.invoke(Method.java:580) ~[?:?]
	at org.springframework.aop.support.AopUtils.invokeJoinpointUsingReflection(AopUtils.java:360) ~[spring-aop-6.2.12.jar!/:6.2.12]
	at org.springframework.aop.framework.ReflectiveMethodInvocation.invokeJoinpoint(ReflectiveMethodInvocation.java:196) ~[spring-aop-6.2.12.jar!/:6.2.12]
	at org.springframework.aop.framework.ReflectiveMethodInvocation.proceed(ReflectiveMethodInvocation.java:163) ~[spring-aop-6.2.12.jar!/:6.2.12]
	at org.springframework.aop.interceptor.ExposeInvocationInterceptor.invoke(ExposeInvocationInterceptor.java:97) ~[spring-aop-6.2.12.jar!/:6.2.12]
	at org.springframework.aop.framework.ReflectiveMethodInvocation.proceed(ReflectiveMethodInvocation.java:184) ~[spring-aop-6.2.12.jar!/:6.2.12]
	at org.springframework.aop.framework.CglibAopProxy$DynamicAdvisedInterceptor.intercept(CglibAopProxy.java:728) ~[spring-aop-6.2.12.jar!/:6.2.12]
	at com.nutanix.beam.hydra.billing.worker.consumer.MeteringTaskConsumer$$SpringCGLIB$$0.executeTemporalTask(<generated>) ~[!/:0.0.1-SNAPSHOT]
	at com.nutanix.beam.hydra.billing.worker.temporal.activities.HydraModuleRoutineActivitiesImpl.meteringTask(HydraModuleRoutineActivitiesImpl.java:50) ~[!/:0.0.1-SNAPSHOT]
	at java.base/jdk.internal.reflect.DirectMethodHandleAccessor.invoke(DirectMethodHandleAccessor.java:103) ~[?:?]
	at java.base/java.lang.reflect.Method.invoke(Method.java:580) ~[?:?]
	at io.temporal.internal.activity.RootActivityInboundCallsInterceptor$POJOActivityInboundCallsInterceptor.executeActivity(RootActivityInboundCallsInterceptor.java:64) ~[temporal-sdk-1.28.4.jar!/:1.28.4]
	at io.temporal.internal.activity.RootActivityInboundCallsInterceptor.execute(RootActivityInboundCallsInterceptor.java:43) ~[temporal-sdk-1.28.4.jar!/:1.28.4]
	at io.temporal.internal.activity.ActivityTaskExecutors$BaseActivityTaskExecutor.execute(ActivityTaskExecutors.java:107) ~[temporal-sdk-1.28.4.jar!/:1.28.4]
	at io.temporal.internal.activity.ActivityTaskHandlerImpl.handle(ActivityTaskHandlerImpl.java:124) ~[temporal-sdk-1.28.4.jar!/:1.28.4]
	at io.temporal.internal.worker.ActivityWorker$TaskHandlerImpl.handleActivity(ActivityWorker.java:290) ~[temporal-sdk-1.28.4.jar!/:1.28.4]
	at io.temporal.internal.worker.ActivityWorker$TaskHandlerImpl.handle(ActivityWorker.java:254) ~[temporal-sdk-1.28.4.jar!/:1.28.4]
	at io.temporal.internal.worker.ActivityWorker$TaskHandlerImpl.handle(ActivityWorker.java:217) ~[temporal-sdk-1.28.4.jar!/:1.28.4]
	at io.temporal.internal.worker.PollTaskExecutor.lambda$process$1(PollTaskExecutor.java:96) ~[temporal-sdk-1.28.4.jar!/:1.28.4]
	at java.base/java.util.concurrent.ThreadPoolExecutor.runWorker(ThreadPoolExecutor.java:1144) ~[?:?]
	at java.base/java.util.concurrent.ThreadPoolExecutor$Worker.run(ThreadPoolExecutor.java:642) ~[?:?]
	at java.base/java.lang.Thread.run(Thread.java:1583) [?:?]
[2026-02-11T00:01:57.247Z] WARN Activity Executor taskQueue="hydra-billing-tasks", namespace="ncm-cg": 1 FilesMeteringLicenceUsageProvider:57 [] storage config not provided for the requested clusters : [[cd3caa79-323c-4844-9041-a007cbb87a86]]
[2026-02-11T00:01:57.247Z] WARN Activity Executor taskQueue="hydra-billing-tasks", namespace="ncm-cg": 1 ObjectsMeteringLicenceUsageProvider:52 [] storage config not provided for the requested clusters : [[cd3caa79-323c-4844-9041-a007cbb87a86]]
[2026-02-11T00:01:57.248Z] WARN Activity Executor taskQueue="hydra-billing-tasks", namespace="ncm-cg": 1 NCMMeteringLicenceUsageProvider:56 [] vcpu config not provided for the requested clusters : [[cd3caa79-323c-4844-9041-a007cbb87a86]]
[2026-02-11T00:01:57.248Z] WARN Activity Executor taskQueue="hydra-billing-tasks", namespace="ncm-cg": 1 NUSMeteringLicenceUsageProvider:53 [] storage config not provided for the requested clusters : [[cd3caa79-323c-4844-9041-a007cbb87a86]]
[2026-02-11T00:01:57.248Z] INFO Activity Executor taskQueue="hydra-billing-tasks", namespace="ncm-cg": 1 MeteringTaskHandler:469 [] TCO Details not found for cluster : 00063fb0-c3eb-3105-0000-00000001c483
[2026-02-11T00:01:57.248Z] INFO Activity Executor taskQueue="hydra-billing-tasks", namespace="ncm-cg": 1 MeteringTaskHandler:469 [] TCO Details not found for cluster : 0006437f-fcaf-c4c4-0000-0000000193e2
[2026-02-11T00:01:57.248Z] INFO Activity Executor taskQueue="hydra-billing-tasks", namespace="ncm-cg": 1 MeteringTaskHandler:128 [] Processing metering for segment start: [2025-08-01], end: [2025-08-31]
[2026-02-11T00:01:57.415Z] WARN Activity Executor taskQueue="hydra-billing-tasks", namespace="ncm-cg": 1 PrismMeteringLicenceUsageProvider:59 [] [LOW] : [301]vcpu config not provided for the requested clusters : [[cd3caa79-323c-4844-9041-a007cbb87a86]]
com.nutanix.beam.hydra.billing.worker.exception.HydraException: vcpu config not provided for the requested clusters : [[cd3caa79-323c-4844-9041-a007cbb87a86]]
	at com.nutanix.beam.hydra.billing.worker.util.MeteringUtil.validateVcpuConfig(MeteringUtil.java:469) ~[!/:0.0.1-SNAPSHOT]
	at com.nutanix.beam.hydra.billing.worker.provider.metering.licenseusage.PrismMeteringLicenceUsageProvider.fetchLicenceUsage(PrismMeteringLicenceUsageProvider.java:57) ~[!/:0.0.1-SNAPSHOT]
	at com.nutanix.beam.hydra.billing.worker.helper.LicenceUsageAndCostCompilerHelper.fetchPrismLicenceUsage(LicenceUsageAndCostCompilerHelper.java:178) ~[!/:0.0.1-SNAPSHOT]
	at com.nutanix.beam.hydra.billing.worker.helper.LicenceUsageAndCostCompilerHelper.populatePnPv1Licenses(LicenceUsageAndCostCompilerHelper.java:100) ~[!/:0.0.1-SNAPSHOT]
	at com.nutanix.beam.hydra.billing.worker.helper.LicenceUsageAndCostCompilerHelper.fetchLicenseCostData(LicenceUsageAndCostCompilerHelper.java:49) ~[!/:0.0.1-SNAPSHOT]
	at com.nutanix.beam.hydra.billing.worker.handler.MeteringTaskHandler.handleTask(MeteringTaskHandler.java:191) ~[!/:0.0.1-SNAPSHOT]
	at com.nutanix.beam.hydra.billing.worker.consumer.MeteringTaskConsumer.executeTemporalTask(MeteringTaskConsumer.java:67) ~[!/:0.0.1-SNAPSHOT]
	at java.base/jdk.internal.reflect.DirectMethodHandleAccessor.invoke(DirectMethodHandleAccessor.java:103) ~[?:?]
	at java.base/java.lang.reflect.Method.invoke(Method.java:580) ~[?:?]
	at org.springframework.aop.support.AopUtils.invokeJoinpointUsingReflection(AopUtils.java:360) ~[spring-aop-6.2.12.jar!/:6.2.12]
	at org.springframework.aop.framework.ReflectiveMethodInvocation.invokeJoinpoint(ReflectiveMethodInvocation.java:196) ~[spring-aop-6.2.12.jar!/:6.2.12]
	at org.springframework.aop.framework.ReflectiveMethodInvocation.proceed(ReflectiveMethodInvocation.java:163) ~[spring-aop-6.2.12.jar!/:6.2.12]
	at org.springframework.aop.interceptor.ExposeInvocationInterceptor.invoke(ExposeInvocationInterceptor.java:97) ~[spring-aop-6.2.12.jar!/:6.2.12]
	at org.springframework.aop.framework.ReflectiveMethodInvocation.proceed(ReflectiveMethodInvocation.java:184) ~[spring-aop-6.2.12.jar!/:6.2.12]
	at org.springframework.aop.framework.CglibAopProxy$DynamicAdvisedInterceptor.intercept(CglibAopProxy.java:728) ~[spring-aop-6.2.12.jar!/:6.2.12]
	at com.nutanix.beam.hydra.billing.worker.consumer.MeteringTaskConsumer$$SpringCGLIB$$0.executeTemporalTask(<generated>) ~[!/:0.0.1-SNAPSHOT]
	at com.nutanix.beam.hydra.billing.worker.temporal.activities.HydraModuleRoutineActivitiesImpl.meteringTask(HydraModuleRoutineActivitiesImpl.java:50) ~[!/:0.0.1-SNAPSHOT]
	at java.base/jdk.internal.reflect.DirectMethodHandleAccessor.invoke(DirectMethodHandleAccessor.java:103) ~[?:?]
	at java.base/java.lang.reflect.Method.invoke(Method.java:580) ~[?:?]
	at io.temporal.internal.activity.RootActivityInboundCallsInterceptor$POJOActivityInboundCallsInterceptor.executeActivity(RootActivityInboundCallsInterceptor.java:64) ~[temporal-sdk-1.28.4.jar!/:1.28.4]
	at io.temporal.internal.activity.RootActivityInboundCallsInterceptor.execute(RootActivityInboundCallsInterceptor.java:43) ~[temporal-sdk-1.28.4.jar!/:1.28.4]
	at io.temporal.internal.activity.ActivityTaskExecutors$BaseActivityTaskExecutor.execute(ActivityTaskExecutors.java:107) ~[temporal-sdk-1.28.4.jar!/:1.28.4]
	at io.temporal.internal.activity.ActivityTaskHandlerImpl.handle(ActivityTaskHandlerImpl.java:124) ~[temporal-sdk-1.28.4.jar!/:1.28.4]
	at io.temporal.internal.worker.ActivityWorker$TaskHandlerImpl.handleActivity(ActivityWorker.java:290) ~[temporal-sdk-1.28.4.jar!/:1.28.4]
	at io.temporal.internal.worker.ActivityWorker$TaskHandlerImpl.handle(ActivityWorker.java:254) ~[temporal-sdk-1.28.4.jar!/:1.28.4]
	at io.temporal.internal.worker.ActivityWorker$TaskHandlerImpl.handle(ActivityWorker.java:217) ~[temporal-sdk-1.28.4.jar!/:1.28.4]
	at io.temporal.internal.worker.PollTaskExecutor.lambda$process$1(PollTaskExecutor.java:96) ~[temporal-sdk-1.28.4.jar!/:1.28.4]
	at java.base/java.util.concurrent.ThreadPoolExecutor.runWorker(ThreadPoolExecutor.java:1144) ~[?:?]
	at java.base/java.util.concurrent.ThreadPoolExecutor$Worker.run(ThreadPoolExecutor.java:642) ~[?:?]
	at java.base/java.lang.Thread.run(Thread.java:1583) [?:?]
[2026-02-11T00:01:57.416Z] WARN Activity Executor taskQueue="hydra-billing-tasks", namespace="ncm-cg": 1 FlowMeteringLicenceUsageProvider:59 [] [LOW] : [301]vcpu config not provided for the requested clusters : [[cd3caa79-323c-4844-9041-a007cbb87a86]]
com.nutanix.beam.hydra.billing.worker.exception.HydraException: vcpu config not provided for the requested clusters : [[cd3caa79-323c-4844-9041-a007cbb87a86]]
	at com.nutanix.beam.hydra.billing.worker.util.MeteringUtil.validateVcpuConfig(MeteringUtil.java:469) ~[!/:0.0.1-SNAPSHOT]
	at com.nutanix.beam.hydra.billing.worker.provider.metering.licenseusage.FlowMeteringLicenceUsageProvider.fetchLicenceUsage(FlowMeteringLicenceUsageProvider.java:57) ~[!/:0.0.1-SNAPSHOT]
	at com.nutanix.beam.hydra.billing.worker.helper.LicenceUsageAndCostCompilerHelper.fetchFlowLicenceUsage(LicenceUsageAndCostCompilerHelper.java:193) ~[!/:0.0.1-SNAPSHOT]
	at com.nutanix.beam.hydra.billing.worker.helper.LicenceUsageAndCostCompilerHelper.populatePnPv1Licenses(LicenceUsageAndCostCompilerHelper.java:104) ~[!/:0.0.1-SNAPSHOT]
	at com.nutanix.beam.hydra.billing.worker.helper.LicenceUsageAndCostCompilerHelper.fetchLicenseCostData(LicenceUsageAndCostCompilerHelper.java:49) ~[!/:0.0.1-SNAPSHOT]
	at com.nutanix.beam.hydra.billing.worker.handler.MeteringTaskHandler.handleTask(MeteringTaskHandler.java:191) ~[!/:0.0.1-SNAPSHOT]
	at com.nutanix.beam.hydra.billing.worker.consumer.MeteringTaskConsumer.executeTemporalTask(MeteringTaskConsumer.java:67) ~[!/:0.0.1-SNAPSHOT]
	at java.base/jdk.internal.reflect.DirectMethodHandleAccessor.invoke(DirectMethodHandleAccessor.java:103) ~[?:?]
	at java.base/java.lang.reflect.Method.invoke(Method.java:580) ~[?:?]
	at org.springframework.aop.support.AopUtils.invokeJoinpointUsingReflection(AopUtils.java:360) ~[spring-aop-6.2.12.jar!/:6.2.12]
	at org.springframework.aop.framework.ReflectiveMethodInvocation.invokeJoinpoint(ReflectiveMethodInvocation.java:196) ~[spring-aop-6.2.12.jar!/:6.2.12]
	at org.springframework.aop.framework.ReflectiveMethodInvocation.proceed(ReflectiveMethodInvocation.java:163) ~[spring-aop-6.2.12.jar!/:6.2.12]
	at org.springframework.aop.interceptor.ExposeInvocationInterceptor.invoke(ExposeInvocationInterceptor.java:97) ~[spring-aop-6.2.12.jar!/:6.2.12]
	at org.springframework.aop.framework.ReflectiveMethodInvocation.proceed(ReflectiveMethodInvocation.java:184) ~[spring-aop-6.2.12.jar!/:6.2.12]
	at org.springframework.aop.framework.CglibAopProxy$DynamicAdvisedInterceptor.intercept(CglibAopProxy.java:728) ~[spring-aop-6.2.12.jar!/:6.2.12]
	at com.nutanix.beam.hydra.billing.worker.consumer.MeteringTaskConsumer$$SpringCGLIB$$0.executeTemporalTask(<generated>) ~[!/:0.0.1-SNAPSHOT]
	at com.nutanix.beam.hydra.billing.worker.temporal.activities.HydraModuleRoutineActivitiesImpl.meteringTask(HydraModuleRoutineActivitiesImpl.java:50) ~[!/:0.0.1-SNAPSHOT]
	at java.base/jdk.internal.reflect.DirectMethodHandleAccessor.invoke(DirectMethodHandleAccessor.java:103) ~[?:?]
	at java.base/java.lang.reflect.Method.invoke(Method.java:580) ~[?:?]
	at io.temporal.internal.activity.RootActivityInboundCallsInterceptor$POJOActivityInboundCallsInterceptor.executeActivity(RootActivityInboundCallsInterceptor.java:64) ~[temporal-sdk-1.28.4.jar!/:1.28.4]
	at io.temporal.internal.activity.RootActivityInboundCallsInterceptor.execute(RootActivityInboundCallsInterceptor.java:43) ~[temporal-sdk-1.28.4.jar!/:1.28.4]
	at io.temporal.internal.activity.ActivityTaskExecutors$BaseActivityTaskExecutor.execute(ActivityTaskExecutors.java:107) ~[temporal-sdk-1.28.4.jar!/:1.28.4]
	at io.temporal.internal.activity.ActivityTaskHandlerImpl.handle(ActivityTaskHandlerImpl.java:124) ~[temporal-sdk-1.28.4.jar!/:1.28.4]
	at io.temporal.internal.worker.ActivityWorker$TaskHandlerImpl.handleActivity(ActivityWorker.java:290) ~[temporal-sdk-1.28.4.jar!/:1.28.4]
	at io.temporal.internal.worker.ActivityWorker$TaskHandlerImpl.handle(ActivityWorker.java:254) ~[temporal-sdk-1.28.4.jar!/:1.28.4]
	at io.temporal.internal.worker.ActivityWorker$TaskHandlerImpl.handle(ActivityWorker.java:217) ~[temporal-sdk-1.28.4.jar!/:1.28.4]
	at io.temporal.internal.worker.PollTaskExecutor.lambda$process$1(PollTaskExecutor.java:96) ~[temporal-sdk-1.28.4.jar!/:1.28.4]
	at java.base/java.util.concurrent.ThreadPoolExecutor.runWorker(ThreadPoolExecutor.java:1144) ~[?:?]
	at java.base/java.util.concurrent.ThreadPoolExecutor$Worker.run(ThreadPoolExecutor.java:642) ~[?:?]
	at java.base/java.lang.Thread.run(Thread.java:1583) [?:?]
[2026-02-11T00:01:57.416Z] WARN Activity Executor taskQueue="hydra-billing-tasks", namespace="ncm-cg": 1 FilesMeteringLicenceUsageProvider:57 [] storage config not provided for the requested clusters : [[cd3caa79-323c-4844-9041-a007cbb87a86]]
[2026-02-11T00:01:57.417Z] WARN Activity Executor taskQueue="hydra-billing-tasks", namespace="ncm-cg": 1 ObjectsMeteringLicenceUsageProvider:52 [] storage config not provided for the requested clusters : [[cd3caa79-323c-4844-9041-a007cbb87a86]]
[2026-02-11T00:01:57.417Z] WARN Activity Executor taskQueue="hydra-billing-tasks", namespace="ncm-cg": 1 NCMMeteringLicenceUsageProvider:56 [] vcpu config not provided for the requested clusters : [[cd3caa79-323c-4844-9041-a007cbb87a86]]
[2026-02-11T00:01:57.417Z] WARN Activity Executor taskQueue="hydra-billing-tasks", namespace="ncm-cg": 1 NUSMeteringLicenceUsageProvider:53 [] storage config not provided for the requested clusters : [[cd3caa79-323c-4844-9041-a007cbb87a86]]
[2026-02-11T00:01:57.417Z] INFO Activity Executor taskQueue="hydra-billing-tasks", namespace="ncm-cg": 1 MeteringTaskHandler:469 [] TCO Details not found for cluster : 00063fb0-c3eb-3105-0000-00000001c483
[2026-02-11T00:01:57.418Z] INFO Activity Executor taskQueue="hydra-billing-tasks", namespace="ncm-cg": 1 MeteringTaskHandler:469 [] TCO Details not found for cluster : 0006437f-fcaf-c4c4-0000-0000000193e2
[2026-02-11T00:01:57.450Z] WARN Activity Executor taskQueue="hydra-billing-tasks", namespace="ncm-cg": 1 PrismMeteringLicenceUsageProvider:59 [] [LOW] : [301]vcpu config not provided for the requested clusters : [[cd3caa79-323c-4844-9041-a007cbb87a86]]
com.nutanix.beam.hydra.billing.worker.exception.HydraException: vcpu config not provided for the requested clusters : [[cd3caa79-323c-4844-9041-a007cbb87a86]]
	at com.nutanix.beam.hydra.billing.worker.util.MeteringUtil.validateVcpuConfig(MeteringUtil.java:469) ~[!/:0.0.1-SNAPSHOT]
	at com.nutanix.beam.hydra.billing.worker.provider.metering.licenseusage.PrismMeteringLicenceUsageProvider.fetchLicenceUsage(PrismMeteringLicenceUsageProvider.java:57) ~[!/:0.0.1-SNAPSHOT]
	at com.nutanix.beam.hydra.billing.worker.helper.LicenceUsageAndCostCompilerHelper.fetchPrismLicenceUsage(LicenceUsageAndCostCompilerHelper.java:178) ~[!/:0.0.1-SNAPSHOT]
	at com.nutanix.beam.hydra.billing.worker.helper.LicenceUsageAndCostCompilerHelper.populatePnPv1Licenses(LicenceUsageAndCostCompilerHelper.java:100) ~[!/:0.0.1-SNAPSHOT]
	at com.nutanix.beam.hydra.billing.worker.helper.LicenceUsageAndCostCompilerHelper.fetchLicenseCostData(LicenceUsageAndCostCompilerHelper.java:49) ~[!/:0.0.1-SNAPSHOT]
	at com.nutanix.beam.hydra.billing.worker.handler.MeteringTaskHandler.handleTask(MeteringTaskHandler.java:191) ~[!/:0.0.1-SNAPSHOT]
	at com.nutanix.beam.hydra.billing.worker.consumer.MeteringTaskConsumer.executeTemporalTask(MeteringTaskConsumer.java:67) ~[!/:0.0.1-SNAPSHOT]
	at java.base/jdk.internal.reflect.DirectMethodHandleAccessor.invoke(DirectMethodHandleAccessor.java:103) ~[?:?]
	at java.base/java.lang.reflect.Method.invoke(Method.java:580) ~[?:?]
	at org.springframework.aop.support.AopUtils.invokeJoinpointUsingReflection(AopUtils.java:360) ~[spring-aop-6.2.12.jar!/:6.2.12]
	at org.springframework.aop.framework.ReflectiveMethodInvocation.invokeJoinpoint(ReflectiveMethodInvocation.java:196) ~[spring-aop-6.2.12.jar!/:6.2.12]
	at org.springframework.aop.framework.ReflectiveMethodInvocation.proceed(ReflectiveMethodInvocation.java:163) ~[spring-aop-6.2.12.jar!/:6.2.12]
	at org.springframework.aop.interceptor.ExposeInvocationInterceptor.invoke(ExposeInvocationInterceptor.java:97) ~[spring-aop-6.2.12.jar!/:6.2.12]
	at org.springframework.aop.framework.ReflectiveMethodInvocation.proceed(ReflectiveMethodInvocation.java:184) ~[spring-aop-6.2.12.jar!/:6.2.12]
	at org.springframework.aop.framework.CglibAopProxy$DynamicAdvisedInterceptor.intercept(CglibAopProxy.java:728) ~[spring-aop-6.2.12.jar!/:6.2.12]
	at com.nutanix.beam.hydra.billing.worker.consumer.MeteringTaskConsumer$$SpringCGLIB$$0.executeTemporalTask(<generated>) ~[!/:0.0.1-SNAPSHOT]
	at com.nutanix.beam.hydra.billing.worker.temporal.activities.HydraModuleRoutineActivitiesImpl.meteringTask(HydraModuleRoutineActivitiesImpl.java:50) ~[!/:0.0.1-SNAPSHOT]
	at java.base/jdk.internal.reflect.DirectMethodHandleAccessor.invoke(DirectMethodHandleAccessor.java:103) ~[?:?]
	at java.base/java.lang.reflect.Method.invoke(Method.java:580) ~[?:?]
	at io.temporal.internal.activity.RootActivityInboundCallsInterceptor$POJOActivityInboundCallsInterceptor.executeActivity(RootActivityInboundCallsInterceptor.java:64) ~[temporal-sdk-1.28.4.jar!/:1.28.4]
	at io.temporal.internal.activity.RootActivityInboundCallsInterceptor.execute(RootActivityInboundCallsInterceptor.java:43) ~[temporal-sdk-1.28.4.jar!/:1.28.4]
	at io.temporal.internal.activity.ActivityTaskExecutors$BaseActivityTaskExecutor.execute(ActivityTaskExecutors.java:107) ~[temporal-sdk-1.28.4.jar!/:1.28.4]
	at io.temporal.internal.activity.ActivityTaskHandlerImpl.handle(ActivityTaskHandlerImpl.java:124) ~[temporal-sdk-1.28.4.jar!/:1.28.4]
	at io.temporal.internal.worker.ActivityWorker$TaskHandlerImpl.handleActivity(ActivityWorker.java:290) ~[temporal-sdk-1.28.4.jar!/:1.28.4]
	at io.temporal.internal.worker.ActivityWorker$TaskHandlerImpl.handle(ActivityWorker.java:254) ~[temporal-sdk-1.28.4.jar!/:1.28.4]
	at io.temporal.internal.worker.ActivityWorker$TaskHandlerImpl.handle(ActivityWorker.java:217) ~[temporal-sdk-1.28.4.jar!/:1.28.4]
	at io.temporal.internal.worker.PollTaskExecutor.lambda$process$1(PollTaskExecutor.java:96) ~[temporal-sdk-1.28.4.jar!/:1.28.4]
	at java.base/java.util.concurrent.ThreadPoolExecutor.runWorker(ThreadPoolExecutor.java:1144) ~[?:?]
	at java.base/java.util.concurrent.ThreadPoolExecutor$Worker.run(ThreadPoolExecutor.java:642) ~[?:?]
	at java.base/java.lang.Thread.run(Thread.java:1583) [?:?]
[2026-02-11T00:01:57.451Z] WARN Activity Executor taskQueue="hydra-billing-tasks", namespace="ncm-cg": 1 FlowMeteringLicenceUsageProvider:59 [] [LOW] : [301]vcpu config not provided for the requested clusters : [[cd3caa79-323c-4844-9041-a007cbb87a86]]
com.nutanix.beam.hydra.billing.worker.exception.HydraException: vcpu config not provided for the requested clusters : [[cd3caa79-323c-4844-9041-a007cbb87a86]]
	at com.nutanix.beam.hydra.billing.worker.util.MeteringUtil.validateVcpuConfig(MeteringUtil.java:469) ~[!/:0.0.1-SNAPSHOT]
	at com.nutanix.beam.hydra.billing.worker.provider.metering.licenseusage.FlowMeteringLicenceUsageProvider.fetchLicenceUsage(FlowMeteringLicenceUsageProvider.java:57) ~[!/:0.0.1-SNAPSHOT]
	at com.nutanix.beam.hydra.billing.worker.helper.LicenceUsageAndCostCompilerHelper.fetchFlowLicenceUsage(LicenceUsageAndCostCompilerHelper.java:193) ~[!/:0.0.1-SNAPSHOT]
	at com.nutanix.beam.hydra.billing.worker.helper.LicenceUsageAndCostCompilerHelper.populatePnPv1Licenses(LicenceUsageAndCostCompilerHelper.java:104) ~[!/:0.0.1-SNAPSHOT]
	at com.nutanix.beam.hydra.billing.worker.helper.LicenceUsageAndCostCompilerHelper.fetchLicenseCostData(LicenceUsageAndCostCompilerHelper.java:49) ~[!/:0.0.1-SNAPSHOT]
	at com.nutanix.beam.hydra.billing.worker.handler.MeteringTaskHandler.handleTask(MeteringTaskHandler.java:191) ~[!/:0.0.1-SNAPSHOT]
	at com.nutanix.beam.hydra.billing.worker.consumer.MeteringTaskConsumer.executeTemporalTask(MeteringTaskConsumer.java:67) ~[!/:0.0.1-SNAPSHOT]
	at java.base/jdk.internal.reflect.DirectMethodHandleAccessor.invoke(DirectMethodHandleAccessor.java:103) ~[?:?]
	at java.base/java.lang.reflect.Method.invoke(Method.java:580) ~[?:?]
	at org.springframework.aop.support.AopUtils.invokeJoinpointUsingReflection(AopUtils.java:360) ~[spring-aop-6.2.12.jar!/:6.2.12]
	at org.springframework.aop.framework.ReflectiveMethodInvocation.invokeJoinpoint(ReflectiveMethodInvocation.java:196) ~[spring-aop-6.2.12.jar!/:6.2.12]
	at org.springframework.aop.framework.ReflectiveMethodInvocation.proceed(ReflectiveMethodInvocation.java:163) ~[spring-aop-6.2.12.jar!/:6.2.12]
	at org.springframework.aop.interceptor.ExposeInvocationInterceptor.invoke(ExposeInvocationInterceptor.java:97) ~[spring-aop-6.2.12.jar!/:6.2.12]
	at org.springframework.aop.framework.ReflectiveMethodInvocation.proceed(ReflectiveMethodInvocation.java:184) ~[spring-aop-6.2.12.jar!/:6.2.12]
	at org.springframework.aop.framework.CglibAopProxy$DynamicAdvisedInterceptor.intercept(CglibAopProxy.java:728) ~[spring-aop-6.2.12.jar!/:6.2.12]
	at com.nutanix.beam.hydra.billing.worker.consumer.MeteringTaskConsumer$$SpringCGLIB$$0.executeTemporalTask(<generated>) ~[!/:0.0.1-SNAPSHOT]
	at com.nutanix.beam.hydra.billing.worker.temporal.activities.HydraModuleRoutineActivitiesImpl.meteringTask(HydraModuleRoutineActivitiesImpl.java:50) ~[!/:0.0.1-SNAPSHOT]
	at java.base/jdk.internal.reflect.DirectMethodHandleAccessor.invoke(DirectMethodHandleAccessor.java:103) ~[?:?]
	at java.base/java.lang.reflect.Method.invoke(Method.java:580) ~[?:?]
	at io.temporal.internal.activity.RootActivityInboundCallsInterceptor$POJOActivityInboundCallsInterceptor.executeActivity(RootActivityInboundCallsInterceptor.java:64) ~[temporal-sdk-1.28.4.jar!/:1.28.4]
	at io.temporal.internal.activity.RootActivityInboundCallsInterceptor.execute(RootActivityInboundCallsInterceptor.java:43) ~[temporal-sdk-1.28.4.jar!/:1.28.4]
	at io.temporal.internal.activity.ActivityTaskExecutors$BaseActivityTaskExecutor.execute(ActivityTaskExecutors.java:107) ~[temporal-sdk-1.28.4.jar!/:1.28.4]
	at io.temporal.internal.activity.ActivityTaskHandlerImpl.handle(ActivityTaskHandlerImpl.java:124) ~[temporal-sdk-1.28.4.jar!/:1.28.4]
	at io.temporal.internal.worker.ActivityWorker$TaskHandlerImpl.handleActivity(ActivityWorker.java:290) ~[temporal-sdk-1.28.4.jar!/:1.28.4]
	at io.temporal.internal.worker.ActivityWorker$TaskHandlerImpl.handle(ActivityWorker.java:254) ~[temporal-sdk-1.28.4.jar!/:1.28.4]
	at io.temporal.internal.worker.ActivityWorker$TaskHandlerImpl.handle(ActivityWorker.java:217) ~[temporal-sdk-1.28.4.jar!/:1.28.4]
	at io.temporal.internal.worker.PollTaskExecutor.lambda$process$1(PollTaskExecutor.java:96) ~[temporal-sdk-1.28.4.jar!/:1.28.4]
	at java.base/java.util.concurrent.ThreadPoolExecutor.runWorker(ThreadPoolExecutor.java:1144) ~[?:?]
	at java.base/java.util.concurrent.ThreadPoolExecutor$Worker.run(ThreadPoolExecutor.java:642) ~[?:?]
	at java.base/java.lang.Thread.run(Thread.java:1583) [?:?]
[2026-02-11T00:01:57.452Z] WARN Activity Executor taskQueue="hydra-billing-tasks", namespace="ncm-cg": 1 FilesMeteringLicenceUsageProvider:57 [] storage config not provided for the requested clusters : [[cd3caa79-323c-4844-9041-a007cbb87a86]]
[2026-02-11T00:01:57.452Z] WARN Activity Executor taskQueue="hydra-billing-tasks", namespace="ncm-cg": 1 ObjectsMeteringLicenceUsageProvider:52 [] storage config not provided for the requested clusters : [[cd3caa79-323c-4844-9041-a007cbb87a86]]
[2026-02-11T00:01:57.452Z] WARN Activity Executor taskQueue="hydra-billing-tasks", namespace="ncm-cg": 1 NCMMeteringLicenceUsageProvider:56 [] vcpu config not provided for the requested clusters : [[cd3caa79-323c-4844-9041-a007cbb87a86]]
[2026-02-11T00:01:57.453Z] WARN Activity Executor taskQueue="hydra-billing-tasks", namespace="ncm-cg": 1 NUSMeteringLicenceUsageProvider:53 [] storage config not provided for the requested clusters : [[cd3caa79-323c-4844-9041-a007cbb87a86]]
[2026-02-11T00:01:57.453Z] INFO Activity Executor taskQueue="hydra-billing-tasks", namespace="ncm-cg": 1 MeteringTaskHandler:469 [] TCO Details not found for cluster : 00063fb0-c3eb-3105-0000-00000001c483
[2026-02-11T00:01:57.453Z] INFO Activity Executor taskQueue="hydra-billing-tasks", namespace="ncm-cg": 1 MeteringTaskHandler:469 [] TCO Details not found for cluster : 0006437f-fcaf-c4c4-0000-0000000193e2
[2026-02-11T00:01:57.453Z] INFO Activity Executor taskQueue="hydra-billing-tasks", namespace="ncm-cg": 1 MeteringTaskHandler:128 [] Processing metering for segment start: [2025-09-01], end: [2025-09-30]
[2026-02-11T00:01:57.598Z] WARN Activity Executor taskQueue="hydra-billing-tasks", namespace="ncm-cg": 1 PrismMeteringLicenceUsageProvider:59 [] [LOW] : [301]vcpu config not provided for the requested clusters : [[cd3caa79-323c-4844-9041-a007cbb87a86]]
com.nutanix.beam.hydra.billing.worker.exception.HydraException: vcpu config not provided for the requested clusters : [[cd3caa79-323c-4844-9041-a007cbb87a86]]
	at com.nutanix.beam.hydra.billing.worker.util.MeteringUtil.validateVcpuConfig(MeteringUtil.java:469) ~[!/:0.0.1-SNAPSHOT]
	at com.nutanix.beam.hydra.billing.worker.provider.metering.licenseusage.PrismMeteringLicenceUsageProvider.fetchLicenceUsage(PrismMeteringLicenceUsageProvider.java:57) ~[!/:0.0.1-SNAPSHOT]
	at com.nutanix.beam.hydra.billing.worker.helper.LicenceUsageAndCostCompilerHelper.fetchPrismLicenceUsage(LicenceUsageAndCostCompilerHelper.java:178) ~[!/:0.0.1-SNAPSHOT]
	at com.nutanix.beam.hydra.billing.worker.helper.LicenceUsageAndCostCompilerHelper.populatePnPv1Licenses(LicenceUsageAndCostCompilerHelper.java:100) ~[!/:0.0.1-SNAPSHOT]
	at com.nutanix.beam.hydra.billing.worker.helper.LicenceUsageAndCostCompilerHelper.fetchLicenseCostData(LicenceUsageAndCostCompilerHelper.java:49) ~[!/:0.0.1-SNAPSHOT]
	at com.nutanix.beam.hydra.billing.worker.handler.MeteringTaskHandler.handleTask(MeteringTaskHandler.java:191) ~[!/:0.0.1-SNAPSHOT]
	at com.nutanix.beam.hydra.billing.worker.consumer.MeteringTaskConsumer.executeTemporalTask(MeteringTaskConsumer.java:67) ~[!/:0.0.1-SNAPSHOT]
	at java.base/jdk.internal.reflect.DirectMethodHandleAccessor.invoke(DirectMethodHandleAccessor.java:103) ~[?:?]
	at java.base/java.lang.reflect.Method.invoke(Method.java:580) ~[?:?]
	at org.springframework.aop.support.AopUtils.invokeJoinpointUsingReflection(AopUtils.java:360) ~[spring-aop-6.2.12.jar!/:6.2.12]
	at org.springframework.aop.framework.ReflectiveMethodInvocation.invokeJoinpoint(ReflectiveMethodInvocation.java:196) ~[spring-aop-6.2.12.jar!/:6.2.12]
	at org.springframework.aop.framework.ReflectiveMethodInvocation.proceed(ReflectiveMethodInvocation.java:163) ~[spring-aop-6.2.12.jar!/:6.2.12]
	at org.springframework.aop.interceptor.ExposeInvocationInterceptor.invoke(ExposeInvocationInterceptor.java:97) ~[spring-aop-6.2.12.jar!/:6.2.12]
	at org.springframework.aop.framework.ReflectiveMethodInvocation.proceed(ReflectiveMethodInvocation.java:184) ~[spring-aop-6.2.12.jar!/:6.2.12]
	at org.springframework.aop.framework.CglibAopProxy$DynamicAdvisedInterceptor.intercept(CglibAopProxy.java:728) ~[spring-aop-6.2.12.jar!/:6.2.12]
	at com.nutanix.beam.hydra.billing.worker.consumer.MeteringTaskConsumer$$SpringCGLIB$$0.executeTemporalTask(<generated>) ~[!/:0.0.1-SNAPSHOT]
	at com.nutanix.beam.hydra.billing.worker.temporal.activities.HydraModuleRoutineActivitiesImpl.meteringTask(HydraModuleRoutineActivitiesImpl.java:50) ~[!/:0.0.1-SNAPSHOT]
	at java.base/jdk.internal.reflect.DirectMethodHandleAccessor.invoke(DirectMethodHandleAccessor.java:103) ~[?:?]
	at java.base/java.lang.reflect.Method.invoke(Method.java:580) ~[?:?]
	at io.temporal.internal.activity.RootActivityInboundCallsInterceptor$POJOActivityInboundCallsInterceptor.executeActivity(RootActivityInboundCallsInterceptor.java:64) ~[temporal-sdk-1.28.4.jar!/:1.28.4]
	at io.temporal.internal.activity.RootActivityInboundCallsInterceptor.execute(RootActivityInboundCallsInterceptor.java:43) ~[temporal-sdk-1.28.4.jar!/:1.28.4]
	at io.temporal.internal.activity.ActivityTaskExecutors$BaseActivityTaskExecutor.execute(ActivityTaskExecutors.java:107) ~[temporal-sdk-1.28.4.jar!/:1.28.4]
	at io.temporal.internal.activity.ActivityTaskHandlerImpl.handle(ActivityTaskHandlerImpl.java:124) ~[temporal-sdk-1.28.4.jar!/:1.28.4]
	at io.temporal.internal.worker.ActivityWorker$TaskHandlerImpl.handleActivity(ActivityWorker.java:290) ~[temporal-sdk-1.28.4.jar!/:1.28.4]
	at io.temporal.internal.worker.ActivityWorker$TaskHandlerImpl.handle(ActivityWorker.java:254) ~[temporal-sdk-1.28.4.jar!/:1.28.4]
	at io.temporal.internal.worker.ActivityWorker$TaskHandlerImpl.handle(ActivityWorker.java:217) ~[temporal-sdk-1.28.4.jar!/:1.28.4]
	at io.temporal.internal.worker.PollTaskExecutor.lambda$process$1(PollTaskExecutor.java:96) ~[temporal-sdk-1.28.4.jar!/:1.28.4]
	at java.base/java.util.concurrent.ThreadPoolExecutor.runWorker(ThreadPoolExecutor.java:1144) ~[?:?]
	at java.base/java.util.concurrent.ThreadPoolExecutor$Worker.run(ThreadPoolExecutor.java:642) ~[?:?]
	at java.base/java.lang.Thread.run(Thread.java:1583) [?:?]
[2026-02-11T00:01:57.599Z] WARN Activity Executor taskQueue="hydra-billing-tasks", namespace="ncm-cg": 1 FlowMeteringLicenceUsageProvider:59 [] [LOW] : [301]vcpu config not provided for the requested clusters : [[cd3caa79-323c-4844-9041-a007cbb87a86]]
com.nutanix.beam.hydra.billing.worker.exception.HydraException: vcpu config not provided for the requested clusters : [[cd3caa79-323c-4844-9041-a007cbb87a86]]
	at com.nutanix.beam.hydra.billing.worker.util.MeteringUtil.validateVcpuConfig(MeteringUtil.java:469) ~[!/:0.0.1-SNAPSHOT]
	at com.nutanix.beam.hydra.billing.worker.provider.metering.licenseusage.FlowMeteringLicenceUsageProvider.fetchLicenceUsage(FlowMeteringLicenceUsageProvider.java:57) ~[!/:0.0.1-SNAPSHOT]
	at com.nutanix.beam.hydra.billing.worker.helper.LicenceUsageAndCostCompilerHelper.fetchFlowLicenceUsage(LicenceUsageAndCostCompilerHelper.java:193) ~[!/:0.0.1-SNAPSHOT]
	at com.nutanix.beam.hydra.billing.worker.helper.LicenceUsageAndCostCompilerHelper.populatePnPv1Licenses(LicenceUsageAndCostCompilerHelper.java:104) ~[!/:0.0.1-SNAPSHOT]
	at com.nutanix.beam.hydra.billing.worker.helper.LicenceUsageAndCostCompilerHelper.fetchLicenseCostData(LicenceUsageAndCostCompilerHelper.java:49) ~[!/:0.0.1-SNAPSHOT]
	at com.nutanix.beam.hydra.billing.worker.handler.MeteringTaskHandler.handleTask(MeteringTaskHandler.java:191) ~[!/:0.0.1-SNAPSHOT]
	at com.nutanix.beam.hydra.billing.worker.consumer.MeteringTaskConsumer.executeTemporalTask(MeteringTaskConsumer.java:67) ~[!/:0.0.1-SNAPSHOT]
	at java.base/jdk.internal.reflect.DirectMethodHandleAccessor.invoke(DirectMethodHandleAccessor.java:103) ~[?:?]
	at java.base/java.lang.reflect.Method.invoke(Method.java:580) ~[?:?]
	at org.springframework.aop.support.AopUtils.invokeJoinpointUsingReflection(AopUtils.java:360) ~[spring-aop-6.2.12.jar!/:6.2.12]
	at org.springframework.aop.framework.ReflectiveMethodInvocation.invokeJoinpoint(ReflectiveMethodInvocation.java:196) ~[spring-aop-6.2.12.jar!/:6.2.12]
	at org.springframework.aop.framework.ReflectiveMethodInvocation.proceed(ReflectiveMethodInvocation.java:163) ~[spring-aop-6.2.12.jar!/:6.2.12]
	at org.springframework.aop.interceptor.ExposeInvocationInterceptor.invoke(ExposeInvocationInterceptor.java:97) ~[spring-aop-6.2.12.jar!/:6.2.12]
	at org.springframework.aop.framework.ReflectiveMethodInvocation.proceed(ReflectiveMethodInvocation.java:184) ~[spring-aop-6.2.12.jar!/:6.2.12]
	at org.springframework.aop.framework.CglibAopProxy$DynamicAdvisedInterceptor.intercept(CglibAopProxy.java:728) ~[spring-aop-6.2.12.jar!/:6.2.12]
	at com.nutanix.beam.hydra.billing.worker.consumer.MeteringTaskConsumer$$SpringCGLIB$$0.executeTemporalTask(<generated>) ~[!/:0.0.1-SNAPSHOT]
	at com.nutanix.beam.hydra.billing.worker.temporal.activities.HydraModuleRoutineActivitiesImpl.meteringTask(HydraModuleRoutineActivitiesImpl.java:50) ~[!/:0.0.1-SNAPSHOT]
	at java.base/jdk.internal.reflect.DirectMethodHandleAccessor.invoke(DirectMethodHandleAccessor.java:103) ~[?:?]
	at java.base/java.lang.reflect.Method.invoke(Method.java:580) ~[?:?]
	at io.temporal.internal.activity.RootActivityInboundCallsInterceptor$POJOActivityInboundCallsInterceptor.executeActivity(RootActivityInboundCallsInterceptor.java:64) ~[temporal-sdk-1.28.4.jar!/:1.28.4]
	at io.temporal.internal.activity.RootActivityInboundCallsInterceptor.execute(RootActivityInboundCallsInterceptor.java:43) ~[temporal-sdk-1.28.4.jar!/:1.28.4]
	at io.temporal.internal.activity.ActivityTaskExecutors$BaseActivityTaskExecutor.execute(ActivityTaskExecutors.java:107) ~[temporal-sdk-1.28.4.jar!/:1.28.4]
	at io.temporal.internal.activity.ActivityTaskHandlerImpl.handle(ActivityTaskHandlerImpl.java:124) ~[temporal-sdk-1.28.4.jar!/:1.28.4]
	at io.temporal.internal.worker.ActivityWorker$TaskHandlerImpl.handleActivity(ActivityWorker.java:290) ~[temporal-sdk-1.28.4.jar!/:1.28.4]
	at io.temporal.internal.worker.ActivityWorker$TaskHandlerImpl.handle(ActivityWorker.java:254) ~[temporal-sdk-1.28.4.jar!/:1.28.4]
	at io.temporal.internal.worker.ActivityWorker$TaskHandlerImpl.handle(ActivityWorker.java:217) ~[temporal-sdk-1.28.4.jar!/:1.28.4]
	at io.temporal.internal.worker.PollTaskExecutor.lambda$process$1(PollTaskExecutor.java:96) ~[temporal-sdk-1.28.4.jar!/:1.28.4]
	at java.base/java.util.concurrent.ThreadPoolExecutor.runWorker(ThreadPoolExecutor.java:1144) ~[?:?]
	at java.base/java.util.concurrent.ThreadPoolExecutor$Worker.run(ThreadPoolExecutor.java:642) ~[?:?]
	at java.base/java.lang.Thread.run(Thread.java:1583) [?:?]
[2026-02-11T00:01:57.600Z] WARN Activity Executor taskQueue="hydra-billing-tasks", namespace="ncm-cg": 1 FilesMeteringLicenceUsageProvider:57 [] storage config not provided for the requested clusters : [[cd3caa79-323c-4844-9041-a007cbb87a86]]
[2026-02-11T00:01:57.600Z] WARN Activity Executor taskQueue="hydra-billing-tasks", namespace="ncm-cg": 1 ObjectsMeteringLicenceUsageProvider:52 [] storage config not provided for the requested clusters : [[cd3caa79-323c-4844-9041-a007cbb87a86]]
[2026-02-11T00:01:57.601Z] WARN Activity Executor taskQueue="hydra-billing-tasks", namespace="ncm-cg": 1 NCMMeteringLicenceUsageProvider:56 [] vcpu config not provided for the requested clusters : [[cd3caa79-323c-4844-9041-a007cbb87a86]]
[2026-02-11T00:01:57.601Z] WARN Activity Executor taskQueue="hydra-billing-tasks", namespace="ncm-cg": 1 NUSMeteringLicenceUsageProvider:53 [] storage config not provided for the requested clusters : [[cd3caa79-323c-4844-9041-a007cbb87a86]]
[2026-02-11T00:01:57.601Z] INFO Activity Executor taskQueue="hydra-billing-tasks", namespace="ncm-cg": 1 MeteringTaskHandler:469 [] TCO Details not found for cluster : 00063fb0-c3eb-3105-0000-00000001c483
[2026-02-11T00:01:57.602Z] INFO Activity Executor taskQueue="hydra-billing-tasks", namespace="ncm-cg": 1 MeteringTaskHandler:469 [] TCO Details not found for cluster : 0006437f-fcaf-c4c4-0000-0000000193e2
[2026-02-11T00:01:57.646Z] WARN Activity Executor taskQueue="hydra-billing-tasks", namespace="ncm-cg": 1 PrismMeteringLicenceUsageProvider:59 [] [LOW] : [301]vcpu config not provided for the requested clusters : [[cd3caa79-323c-4844-9041-a007cbb87a86]]
com.nutanix.beam.hydra.billing.worker.exception.HydraException: vcpu config not provided for the requested clusters : [[cd3caa79-323c-4844-9041-a007cbb87a86]]
	at com.nutanix.beam.hydra.billing.worker.util.MeteringUtil.validateVcpuConfig(MeteringUtil.java:469) ~[!/:0.0.1-SNAPSHOT]
	at com.nutanix.beam.hydra.billing.worker.provider.metering.licenseusage.PrismMeteringLicenceUsageProvider.fetchLicenceUsage(PrismMeteringLicenceUsageProvider.java:57) ~[!/:0.0.1-SNAPSHOT]
	at com.nutanix.beam.hydra.billing.worker.helper.LicenceUsageAndCostCompilerHelper.fetchPrismLicenceUsage(LicenceUsageAndCostCompilerHelper.java:178) ~[!/:0.0.1-SNAPSHOT]
	at com.nutanix.beam.hydra.billing.worker.helper.LicenceUsageAndCostCompilerHelper.populatePnPv1Licenses(LicenceUsageAndCostCompilerHelper.java:100) ~[!/:0.0.1-SNAPSHOT]
	at com.nutanix.beam.hydra.billing.worker.helper.LicenceUsageAndCostCompilerHelper.fetchLicenseCostData(LicenceUsageAndCostCompilerHelper.java:49) ~[!/:0.0.1-SNAPSHOT]
	at com.nutanix.beam.hydra.billing.worker.handler.MeteringTaskHandler.handleTask(MeteringTaskHandler.java:191) ~[!/:0.0.1-SNAPSHOT]
	at com.nutanix.beam.hydra.billing.worker.consumer.MeteringTaskConsumer.executeTemporalTask(MeteringTaskConsumer.java:67) ~[!/:0.0.1-SNAPSHOT]
	at java.base/jdk.internal.reflect.DirectMethodHandleAccessor.invoke(DirectMethodHandleAccessor.java:103) ~[?:?]
	at java.base/java.lang.reflect.Method.invoke(Method.java:580) ~[?:?]
	at org.springframework.aop.support.AopUtils.invokeJoinpointUsingReflection(AopUtils.java:360) ~[spring-aop-6.2.12.jar!/:6.2.12]
	at org.springframework.aop.framework.ReflectiveMethodInvocation.invokeJoinpoint(ReflectiveMethodInvocation.java:196) ~[spring-aop-6.2.12.jar!/:6.2.12]
	at org.springframework.aop.framework.ReflectiveMethodInvocation.proceed(ReflectiveMethodInvocation.java:163) ~[spring-aop-6.2.12.jar!/:6.2.12]
	at org.springframework.aop.interceptor.ExposeInvocationInterceptor.invoke(ExposeInvocationInterceptor.java:97) ~[spring-aop-6.2.12.jar!/:6.2.12]
	at org.springframework.aop.framework.ReflectiveMethodInvocation.proceed(ReflectiveMethodInvocation.java:184) ~[spring-aop-6.2.12.jar!/:6.2.12]
	at org.springframework.aop.framework.CglibAopProxy$DynamicAdvisedInterceptor.intercept(CglibAopProxy.java:728) ~[spring-aop-6.2.12.jar!/:6.2.12]
	at com.nutanix.beam.hydra.billing.worker.consumer.MeteringTaskConsumer$$SpringCGLIB$$0.executeTemporalTask(<generated>) ~[!/:0.0.1-SNAPSHOT]
	at com.nutanix.beam.hydra.billing.worker.temporal.activities.HydraModuleRoutineActivitiesImpl.meteringTask(HydraModuleRoutineActivitiesImpl.java:50) ~[!/:0.0.1-SNAPSHOT]
	at java.base/jdk.internal.reflect.DirectMethodHandleAccessor.invoke(DirectMethodHandleAccessor.java:103) ~[?:?]
	at java.base/java.lang.reflect.Method.invoke(Method.java:580) ~[?:?]
	at io.temporal.internal.activity.RootActivityInboundCallsInterceptor$POJOActivityInboundCallsInterceptor.executeActivity(RootActivityInboundCallsInterceptor.java:64) ~[temporal-sdk-1.28.4.jar!/:1.28.4]
	at io.temporal.internal.activity.RootActivityInboundCallsInterceptor.execute(RootActivityInboundCallsInterceptor.java:43) ~[temporal-sdk-1.28.4.jar!/:1.28.4]
	at io.temporal.internal.activity.ActivityTaskExecutors$BaseActivityTaskExecutor.execute(ActivityTaskExecutors.java:107) ~[temporal-sdk-1.28.4.jar!/:1.28.4]
	at io.temporal.internal.activity.ActivityTaskHandlerImpl.handle(ActivityTaskHandlerImpl.java:124) ~[temporal-sdk-1.28.4.jar!/:1.28.4]
	at io.temporal.internal.worker.ActivityWorker$TaskHandlerImpl.handleActivity(ActivityWorker.java:290) ~[temporal-sdk-1.28.4.jar!/:1.28.4]
	at io.temporal.internal.worker.ActivityWorker$TaskHandlerImpl.handle(ActivityWorker.java:254) ~[temporal-sdk-1.28.4.jar!/:1.28.4]
	at io.temporal.internal.worker.ActivityWorker$TaskHandlerImpl.handle(ActivityWorker.java:217) ~[temporal-sdk-1.28.4.jar!/:1.28.4]
	at io.temporal.internal.worker.PollTaskExecutor.lambda$process$1(PollTaskExecutor.java:96) ~[temporal-sdk-1.28.4.jar!/:1.28.4]
	at java.base/java.util.concurrent.ThreadPoolExecutor.runWorker(ThreadPoolExecutor.java:1144) ~[?:?]
	at java.base/java.util.concurrent.ThreadPoolExecutor$Worker.run(ThreadPoolExecutor.java:642) ~[?:?]
	at java.base/java.lang.Thread.run(Thread.java:1583) [?:?]
[2026-02-11T00:01:57.647Z] WARN Activity Executor taskQueue="hydra-billing-tasks", namespace="ncm-cg": 1 FlowMeteringLicenceUsageProvider:59 [] [LOW] : [301]vcpu config not provided for the requested clusters : [[cd3caa79-323c-4844-9041-a007cbb87a86]]
com.nutanix.beam.hydra.billing.worker.exception.HydraException: vcpu config not provided for the requested clusters : [[cd3caa79-323c-4844-9041-a007cbb87a86]]
	at com.nutanix.beam.hydra.billing.worker.util.MeteringUtil.validateVcpuConfig(MeteringUtil.java:469) ~[!/:0.0.1-SNAPSHOT]
	at com.nutanix.beam.hydra.billing.worker.provider.metering.licenseusage.FlowMeteringLicenceUsageProvider.fetchLicenceUsage(FlowMeteringLicenceUsageProvider.java:57) ~[!/:0.0.1-SNAPSHOT]
	at com.nutanix.beam.hydra.billing.worker.helper.LicenceUsageAndCostCompilerHelper.fetchFlowLicenceUsage(LicenceUsageAndCostCompilerHelper.java:193) ~[!/:0.0.1-SNAPSHOT]
	at com.nutanix.beam.hydra.billing.worker.helper.LicenceUsageAndCostCompilerHelper.populatePnPv1Licenses(LicenceUsageAndCostCompilerHelper.java:104) ~[!/:0.0.1-SNAPSHOT]
	at com.nutanix.beam.hydra.billing.worker.helper.LicenceUsageAndCostCompilerHelper.fetchLicenseCostData(LicenceUsageAndCostCompilerHelper.java:49) ~[!/:0.0.1-SNAPSHOT]
	at com.nutanix.beam.hydra.billing.worker.handler.MeteringTaskHandler.handleTask(MeteringTaskHandler.java:191) ~[!/:0.0.1-SNAPSHOT]
	at com.nutanix.beam.hydra.billing.worker.consumer.MeteringTaskConsumer.executeTemporalTask(MeteringTaskConsumer.java:67) ~[!/:0.0.1-SNAPSHOT]
	at java.base/jdk.internal.reflect.DirectMethodHandleAccessor.invoke(DirectMethodHandleAccessor.java:103) ~[?:?]
	at java.base/java.lang.reflect.Method.invoke(Method.java:580) ~[?:?]
	at org.springframework.aop.support.AopUtils.invokeJoinpointUsingReflection(AopUtils.java:360) ~[spring-aop-6.2.12.jar!/:6.2.12]
	at org.springframework.aop.framework.ReflectiveMethodInvocation.invokeJoinpoint(ReflectiveMethodInvocation.java:196) ~[spring-aop-6.2.12.jar!/:6.2.12]
	at org.springframework.aop.framework.ReflectiveMethodInvocation.proceed(ReflectiveMethodInvocation.java:163) ~[spring-aop-6.2.12.jar!/:6.2.12]
	at org.springframework.aop.interceptor.ExposeInvocationInterceptor.invoke(ExposeInvocationInterceptor.java:97) ~[spring-aop-6.2.12.jar!/:6.2.12]
	at org.springframework.aop.framework.ReflectiveMethodInvocation.proceed(ReflectiveMethodInvocation.java:184) ~[spring-aop-6.2.12.jar!/:6.2.12]
	at org.springframework.aop.framework.CglibAopProxy$DynamicAdvisedInterceptor.intercept(CglibAopProxy.java:728) ~[spring-aop-6.2.12.jar!/:6.2.12]
	at com.nutanix.beam.hydra.billing.worker.consumer.MeteringTaskConsumer$$SpringCGLIB$$0.executeTemporalTask(<generated>) ~[!/:0.0.1-SNAPSHOT]
	at com.nutanix.beam.hydra.billing.worker.temporal.activities.HydraModuleRoutineActivitiesImpl.meteringTask(HydraModuleRoutineActivitiesImpl.java:50) ~[!/:0.0.1-SNAPSHOT]
	at java.base/jdk.internal.reflect.DirectMethodHandleAccessor.invoke(DirectMethodHandleAccessor.java:103) ~[?:?]
	at java.base/java.lang.reflect.Method.invoke(Method.java:580) ~[?:?]
	at io.temporal.internal.activity.RootActivityInboundCallsInterceptor$POJOActivityInboundCallsInterceptor.executeActivity(RootActivityInboundCallsInterceptor.java:64) ~[temporal-sdk-1.28.4.jar!/:1.28.4]
	at io.temporal.internal.activity.RootActivityInboundCallsInterceptor.execute(RootActivityInboundCallsInterceptor.java:43) ~[temporal-sdk-1.28.4.jar!/:1.28.4]
	at io.temporal.internal.activity.ActivityTaskExecutors$BaseActivityTaskExecutor.execute(ActivityTaskExecutors.java:107) ~[temporal-sdk-1.28.4.jar!/:1.28.4]
	at io.temporal.internal.activity.ActivityTaskHandlerImpl.handle(ActivityTaskHandlerImpl.java:124) ~[temporal-sdk-1.28.4.jar!/:1.28.4]
	at io.temporal.internal.worker.ActivityWorker$TaskHandlerImpl.handleActivity(ActivityWorker.java:290) ~[temporal-sdk-1.28.4.jar!/:1.28.4]
	at io.temporal.internal.worker.ActivityWorker$TaskHandlerImpl.handle(ActivityWorker.java:254) ~[temporal-sdk-1.28.4.jar!/:1.28.4]
	at io.temporal.internal.worker.ActivityWorker$TaskHandlerImpl.handle(ActivityWorker.java:217) ~[temporal-sdk-1.28.4.jar!/:1.28.4]
	at io.temporal.internal.worker.PollTaskExecutor.lambda$process$1(PollTaskExecutor.java:96) ~[temporal-sdk-1.28.4.jar!/:1.28.4]
	at java.base/java.util.concurrent.ThreadPoolExecutor.runWorker(ThreadPoolExecutor.java:1144) ~[?:?]
	at java.base/java.util.concurrent.ThreadPoolExecutor$Worker.run(ThreadPoolExecutor.java:642) ~[?:?]
	at java.base/java.lang.Thread.run(Thread.java:1583) [?:?]
[2026-02-11T00:01:57.648Z] WARN Activity Executor taskQueue="hydra-billing-tasks", namespace="ncm-cg": 1 FilesMeteringLicenceUsageProvider:57 [] storage config not provided for the requested clusters : [[cd3caa79-323c-4844-9041-a007cbb87a86]]
[2026-02-11T00:01:57.648Z] WARN Activity Executor taskQueue="hydra-billing-tasks", namespace="ncm-cg": 1 ObjectsMeteringLicenceUsageProvider:52 [] storage config not provided for the requested clusters : [[cd3caa79-323c-4844-9041-a007cbb87a86]]
[2026-02-11T00:01:57.648Z] WARN Activity Executor taskQueue="hydra-billing-tasks", namespace="ncm-cg": 1 NCMMeteringLicenceUsageProvider:56 [] vcpu config not provided for the requested clusters : [[cd3caa79-323c-4844-9041-a007cbb87a86]]
[2026-02-11T00:01:57.649Z] WARN Activity Executor taskQueue="hydra-billing-tasks", namespace="ncm-cg": 1 NUSMeteringLicenceUsageProvider:53 [] storage config not provided for the requested clusters : [[cd3caa79-323c-4844-9041-a007cbb87a86]]
[2026-02-11T00:01:57.649Z] INFO Activity Executor taskQueue="hydra-billing-tasks", namespace="ncm-cg": 1 MeteringTaskHandler:469 [] TCO Details not found for cluster : 00063fb0-c3eb-3105-0000-00000001c483
[2026-02-11T00:01:57.649Z] INFO Activity Executor taskQueue="hydra-billing-tasks", namespace="ncm-cg": 1 MeteringTaskHandler:469 [] TCO Details not found for cluster : 0006437f-fcaf-c4c4-0000-0000000193e2
[2026-02-11T00:01:57.649Z] INFO Activity Executor taskQueue="hydra-billing-tasks", namespace="ncm-cg": 1 MeteringTaskHandler:128 [] Processing metering for segment start: [2025-10-01], end: [2025-10-31]
[2026-02-11T00:01:57.805Z] WARN Activity Executor taskQueue="hydra-billing-tasks", namespace="ncm-cg": 1 PrismMeteringLicenceUsageProvider:59 [] [LOW] : [301]vcpu config not provided for the requested clusters : [[cd3caa79-323c-4844-9041-a007cbb87a86]]
com.nutanix.beam.hydra.billing.worker.exception.HydraException: vcpu config not provided for the requested clusters : [[cd3caa79-323c-4844-9041-a007cbb87a86]]
	at com.nutanix.beam.hydra.billing.worker.util.MeteringUtil.validateVcpuConfig(MeteringUtil.java:469) ~[!/:0.0.1-SNAPSHOT]
	at com.nutanix.beam.hydra.billing.worker.provider.metering.licenseusage.PrismMeteringLicenceUsageProvider.fetchLicenceUsage(PrismMeteringLicenceUsageProvider.java:57) ~[!/:0.0.1-SNAPSHOT]
	at com.nutanix.beam.hydra.billing.worker.helper.LicenceUsageAndCostCompilerHelper.fetchPrismLicenceUsage(LicenceUsageAndCostCompilerHelper.java:178) ~[!/:0.0.1-SNAPSHOT]
	at com.nutanix.beam.hydra.billing.worker.helper.LicenceUsageAndCostCompilerHelper.populatePnPv1Licenses(LicenceUsageAndCostCompilerHelper.java:100) ~[!/:0.0.1-SNAPSHOT]
	at com.nutanix.beam.hydra.billing.worker.helper.LicenceUsageAndCostCompilerHelper.fetchLicenseCostData(LicenceUsageAndCostCompilerHelper.java:49) ~[!/:0.0.1-SNAPSHOT]
	at com.nutanix.beam.hydra.billing.worker.handler.MeteringTaskHandler.handleTask(MeteringTaskHandler.java:191) ~[!/:0.0.1-SNAPSHOT]
	at com.nutanix.beam.hydra.billing.worker.consumer.MeteringTaskConsumer.executeTemporalTask(MeteringTaskConsumer.java:67) ~[!/:0.0.1-SNAPSHOT]
	at java.base/jdk.internal.reflect.DirectMethodHandleAccessor.invoke(DirectMethodHandleAccessor.java:103) ~[?:?]
	at java.base/java.lang.reflect.Method.invoke(Method.java:580) ~[?:?]
	at org.springframework.aop.support.AopUtils.invokeJoinpointUsingReflection(AopUtils.java:360) ~[spring-aop-6.2.12.jar!/:6.2.12]
	at org.springframework.aop.framework.ReflectiveMethodInvocation.invokeJoinpoint(ReflectiveMethodInvocation.java:196) ~[spring-aop-6.2.12.jar!/:6.2.12]
	at org.springframework.aop.framework.ReflectiveMethodInvocation.proceed(ReflectiveMethodInvocation.java:163) ~[spring-aop-6.2.12.jar!/:6.2.12]
	at org.springframework.aop.interceptor.ExposeInvocationInterceptor.invoke(ExposeInvocationInterceptor.java:97) ~[spring-aop-6.2.12.jar!/:6.2.12]
	at org.springframework.aop.framework.ReflectiveMethodInvocation.proceed(ReflectiveMethodInvocation.java:184) ~[spring-aop-6.2.12.jar!/:6.2.12]
	at org.springframework.aop.framework.CglibAopProxy$DynamicAdvisedInterceptor.intercept(CglibAopProxy.java:728) ~[spring-aop-6.2.12.jar!/:6.2.12]
	at com.nutanix.beam.hydra.billing.worker.consumer.MeteringTaskConsumer$$SpringCGLIB$$0.executeTemporalTask(<generated>) ~[!/:0.0.1-SNAPSHOT]
	at com.nutanix.beam.hydra.billing.worker.temporal.activities.HydraModuleRoutineActivitiesImpl.meteringTask(HydraModuleRoutineActivitiesImpl.java:50) ~[!/:0.0.1-SNAPSHOT]
	at java.base/jdk.internal.reflect.DirectMethodHandleAccessor.invoke(DirectMethodHandleAccessor.java:103) ~[?:?]
	at java.base/java.lang.reflect.Method.invoke(Method.java:580) ~[?:?]
	at io.temporal.internal.activity.RootActivityInboundCallsInterceptor$POJOActivityInboundCallsInterceptor.executeActivity(RootActivityInboundCallsInterceptor.java:64) ~[temporal-sdk-1.28.4.jar!/:1.28.4]
	at io.temporal.internal.activity.RootActivityInboundCallsInterceptor.execute(RootActivityInboundCallsInterceptor.java:43) ~[temporal-sdk-1.28.4.jar!/:1.28.4]
	at io.temporal.internal.activity.ActivityTaskExecutors$BaseActivityTaskExecutor.execute(ActivityTaskExecutors.java:107) ~[temporal-sdk-1.28.4.jar!/:1.28.4]
	at io.temporal.internal.activity.ActivityTaskHandlerImpl.handle(ActivityTaskHandlerImpl.java:124) ~[temporal-sdk-1.28.4.jar!/:1.28.4]
	at io.temporal.internal.worker.ActivityWorker$TaskHandlerImpl.handleActivity(ActivityWorker.java:290) ~[temporal-sdk-1.28.4.jar!/:1.28.4]
	at io.temporal.internal.worker.ActivityWorker$TaskHandlerImpl.handle(ActivityWorker.java:254) ~[temporal-sdk-1.28.4.jar!/:1.28.4]
	at io.temporal.internal.worker.ActivityWorker$TaskHandlerImpl.handle(ActivityWorker.java:217) ~[temporal-sdk-1.28.4.jar!/:1.28.4]
	at io.temporal.internal.worker.PollTaskExecutor.lambda$process$1(PollTaskExecutor.java:96) ~[temporal-sdk-1.28.4.jar!/:1.28.4]
	at java.base/java.util.concurrent.ThreadPoolExecutor.runWorker(ThreadPoolExecutor.java:1144) ~[?:?]
	at java.base/java.util.concurrent.ThreadPoolExecutor$Worker.run(ThreadPoolExecutor.java:642) ~[?:?]
	at java.base/java.lang.Thread.run(Thread.java:1583) [?:?]
[2026-02-11T00:01:57.806Z] WARN Activity Executor taskQueue="hydra-billing-tasks", namespace="ncm-cg": 1 FlowMeteringLicenceUsageProvider:59 [] [LOW] : [301]vcpu config not provided for the requested clusters : [[cd3caa79-323c-4844-9041-a007cbb87a86]]
com.nutanix.beam.hydra.billing.worker.exception.HydraException: vcpu config not provided for the requested clusters : [[cd3caa79-323c-4844-9041-a007cbb87a86]]
	at com.nutanix.beam.hydra.billing.worker.util.MeteringUtil.validateVcpuConfig(MeteringUtil.java:469) ~[!/:0.0.1-SNAPSHOT]
	at com.nutanix.beam.hydra.billing.worker.provider.metering.licenseusage.FlowMeteringLicenceUsageProvider.fetchLicenceUsage(FlowMeteringLicenceUsageProvider.java:57) ~[!/:0.0.1-SNAPSHOT]
	at com.nutanix.beam.hydra.billing.worker.helper.LicenceUsageAndCostCompilerHelper.fetchFlowLicenceUsage(LicenceUsageAndCostCompilerHelper.java:193) ~[!/:0.0.1-SNAPSHOT]
	at com.nutanix.beam.hydra.billing.worker.helper.LicenceUsageAndCostCompilerHelper.populatePnPv1Licenses(LicenceUsageAndCostCompilerHelper.java:104) ~[!/:0.0.1-SNAPSHOT]
	at com.nutanix.beam.hydra.billing.worker.helper.LicenceUsageAndCostCompilerHelper.fetchLicenseCostData(LicenceUsageAndCostCompilerHelper.java:49) ~[!/:0.0.1-SNAPSHOT]
	at com.nutanix.beam.hydra.billing.worker.handler.MeteringTaskHandler.handleTask(MeteringTaskHandler.java:191) ~[!/:0.0.1-SNAPSHOT]
	at com.nutanix.beam.hydra.billing.worker.consumer.MeteringTaskConsumer.executeTemporalTask(MeteringTaskConsumer.java:67) ~[!/:0.0.1-SNAPSHOT]
	at java.base/jdk.internal.reflect.DirectMethodHandleAccessor.invoke(DirectMethodHandleAccessor.java:103) ~[?:?]
	at java.base/java.lang.reflect.Method.invoke(Method.java:580) ~[?:?]
	at org.springframework.aop.support.AopUtils.invokeJoinpointUsingReflection(AopUtils.java:360) ~[spring-aop-6.2.12.jar!/:6.2.12]
	at org.springframework.aop.framework.ReflectiveMethodInvocation.invokeJoinpoint(ReflectiveMethodInvocation.java:196) ~[spring-aop-6.2.12.jar!/:6.2.12]
	at org.springframework.aop.framework.ReflectiveMethodInvocation.proceed(ReflectiveMethodInvocation.java:163) ~[spring-aop-6.2.12.jar!/:6.2.12]
	at org.springframework.aop.interceptor.ExposeInvocationInterceptor.invoke(ExposeInvocationInterceptor.java:97) ~[spring-aop-6.2.12.jar!/:6.2.12]
	at org.springframework.aop.framework.ReflectiveMethodInvocation.proceed(ReflectiveMethodInvocation.java:184) ~[spring-aop-6.2.12.jar!/:6.2.12]
	at org.springframework.aop.framework.CglibAopProxy$DynamicAdvisedInterceptor.intercept(CglibAopProxy.java:728) ~[spring-aop-6.2.12.jar!/:6.2.12]
	at com.nutanix.beam.hydra.billing.worker.consumer.MeteringTaskConsumer$$SpringCGLIB$$0.executeTemporalTask(<generated>) ~[!/:0.0.1-SNAPSHOT]
	at com.nutanix.beam.hydra.billing.worker.temporal.activities.HydraModuleRoutineActivitiesImpl.meteringTask(HydraModuleRoutineActivitiesImpl.java:50) ~[!/:0.0.1-SNAPSHOT]
	at java.base/jdk.internal.reflect.DirectMethodHandleAccessor.invoke(DirectMethodHandleAccessor.java:103) ~[?:?]
	at java.base/java.lang.reflect.Method.invoke(Method.java:580) ~[?:?]
	at io.temporal.internal.activity.RootActivityInboundCallsInterceptor$POJOActivityInboundCallsInterceptor.executeActivity(RootActivityInboundCallsInterceptor.java:64) ~[temporal-sdk-1.28.4.jar!/:1.28.4]
	at io.temporal.internal.activity.RootActivityInboundCallsInterceptor.execute(RootActivityInboundCallsInterceptor.java:43) ~[temporal-sdk-1.28.4.jar!/:1.28.4]
	at io.temporal.internal.activity.ActivityTaskExecutors$BaseActivityTaskExecutor.execute(ActivityTaskExecutors.java:107) ~[temporal-sdk-1.28.4.jar!/:1.28.4]
	at io.temporal.internal.activity.ActivityTaskHandlerImpl.handle(ActivityTaskHandlerImpl.java:124) ~[temporal-sdk-1.28.4.jar!/:1.28.4]
	at io.temporal.internal.worker.ActivityWorker$TaskHandlerImpl.handleActivity(ActivityWorker.java:290) ~[temporal-sdk-1.28.4.jar!/:1.28.4]
	at io.temporal.internal.worker.ActivityWorker$TaskHandlerImpl.handle(ActivityWorker.java:254) ~[temporal-sdk-1.28.4.jar!/:1.28.4]
	at io.temporal.internal.worker.ActivityWorker$TaskHandlerImpl.handle(ActivityWorker.java:217) ~[temporal-sdk-1.28.4.jar!/:1.28.4]
	at io.temporal.internal.worker.PollTaskExecutor.lambda$process$1(PollTaskExecutor.java:96) ~[temporal-sdk-1.28.4.jar!/:1.28.4]
	at java.base/java.util.concurrent.ThreadPoolExecutor.runWorker(ThreadPoolExecutor.java:1144) ~[?:?]
	at java.base/java.util.concurrent.ThreadPoolExecutor$Worker.run(ThreadPoolExecutor.java:642) ~[?:?]
	at java.base/java.lang.Thread.run(Thread.java:1583) [?:?]
[2026-02-11T00:01:57.807Z] WARN Activity Executor taskQueue="hydra-billing-tasks", namespace="ncm-cg": 1 FilesMeteringLicenceUsageProvider:57 [] storage config not provided for the requested clusters : [[cd3caa79-323c-4844-9041-a007cbb87a86]]
[2026-02-11T00:01:57.807Z] WARN Activity Executor taskQueue="hydra-billing-tasks", namespace="ncm-cg": 1 ObjectsMeteringLicenceUsageProvider:52 [] storage config not provided for the requested clusters : [[cd3caa79-323c-4844-9041-a007cbb87a86]]
[2026-02-11T00:01:57.807Z] WARN Activity Executor taskQueue="hydra-billing-tasks", namespace="ncm-cg": 1 NCMMeteringLicenceUsageProvider:56 [] vcpu config not provided for the requested clusters : [[cd3caa79-323c-4844-9041-a007cbb87a86]]
[2026-02-11T00:01:57.807Z] WARN Activity Executor taskQueue="hydra-billing-tasks", namespace="ncm-cg": 1 NUSMeteringLicenceUsageProvider:53 [] storage config not provided for the requested clusters : [[cd3caa79-323c-4844-9041-a007cbb87a86]]
[2026-02-11T00:01:57.808Z] INFO Activity Executor taskQueue="hydra-billing-tasks", namespace="ncm-cg": 1 MeteringTaskHandler:469 [] TCO Details not found for cluster : 00063fb0-c3eb-3105-0000-00000001c483
[2026-02-11T00:01:57.808Z] INFO Activity Executor taskQueue="hydra-billing-tasks", namespace="ncm-cg": 1 MeteringTaskHandler:469 [] TCO Details not found for cluster : 0006437f-fcaf-c4c4-0000-0000000193e2
[2026-02-11T00:01:57.834Z] WARN Activity Executor taskQueue="hydra-billing-tasks", namespace="ncm-cg": 1 PrismMeteringLicenceUsageProvider:59 [] [LOW] : [301]vcpu config not provided for the requested clusters : [[cd3caa79-323c-4844-9041-a007cbb87a86]]
com.nutanix.beam.hydra.billing.worker.exception.HydraException: vcpu config not provided for the requested clusters : [[cd3caa79-323c-4844-9041-a007cbb87a86]]
	at com.nutanix.beam.hydra.billing.worker.util.MeteringUtil.validateVcpuConfig(MeteringUtil.java:469) ~[!/:0.0.1-SNAPSHOT]
	at com.nutanix.beam.hydra.billing.worker.provider.metering.licenseusage.PrismMeteringLicenceUsageProvider.fetchLicenceUsage(PrismMeteringLicenceUsageProvider.java:57) ~[!/:0.0.1-SNAPSHOT]
	at com.nutanix.beam.hydra.billing.worker.helper.LicenceUsageAndCostCompilerHelper.fetchPrismLicenceUsage(LicenceUsageAndCostCompilerHelper.java:178) ~[!/:0.0.1-SNAPSHOT]
	at com.nutanix.beam.hydra.billing.worker.helper.LicenceUsageAndCostCompilerHelper.populatePnPv1Licenses(LicenceUsageAndCostCompilerHelper.java:100) ~[!/:0.0.1-SNAPSHOT]
	at com.nutanix.beam.hydra.billing.worker.helper.LicenceUsageAndCostCompilerHelper.fetchLicenseCostData(LicenceUsageAndCostCompilerHelper.java:49) ~[!/:0.0.1-SNAPSHOT]
	at com.nutanix.beam.hydra.billing.worker.handler.MeteringTaskHandler.handleTask(MeteringTaskHandler.java:191) ~[!/:0.0.1-SNAPSHOT]
	at com.nutanix.beam.hydra.billing.worker.consumer.MeteringTaskConsumer.executeTemporalTask(MeteringTaskConsumer.java:67) ~[!/:0.0.1-SNAPSHOT]
	at java.base/jdk.internal.reflect.DirectMethodHandleAccessor.invoke(DirectMethodHandleAccessor.java:103) ~[?:?]
	at java.base/java.lang.reflect.Method.invoke(Method.java:580) ~[?:?]
	at org.springframework.aop.support.AopUtils.invokeJoinpointUsingReflection(AopUtils.java:360) ~[spring-aop-6.2.12.jar!/:6.2.12]
	at org.springframework.aop.framework.ReflectiveMethodInvocation.invokeJoinpoint(ReflectiveMethodInvocation.java:196) ~[spring-aop-6.2.12.jar!/:6.2.12]
	at org.springframework.aop.framework.ReflectiveMethodInvocation.proceed(ReflectiveMethodInvocation.java:163) ~[spring-aop-6.2.12.jar!/:6.2.12]
	at org.springframework.aop.interceptor.ExposeInvocationInterceptor.invoke(ExposeInvocationInterceptor.java:97) ~[spring-aop-6.2.12.jar!/:6.2.12]
	at org.springframework.aop.framework.ReflectiveMethodInvocation.proceed(ReflectiveMethodInvocation.java:184) ~[spring-aop-6.2.12.jar!/:6.2.12]
	at org.springframework.aop.framework.CglibAopProxy$DynamicAdvisedInterceptor.intercept(CglibAopProxy.java:728) ~[spring-aop-6.2.12.jar!/:6.2.12]
	at com.nutanix.beam.hydra.billing.worker.consumer.MeteringTaskConsumer$$SpringCGLIB$$0.executeTemporalTask(<generated>) ~[!/:0.0.1-SNAPSHOT]
	at com.nutanix.beam.hydra.billing.worker.temporal.activities.HydraModuleRoutineActivitiesImpl.meteringTask(HydraModuleRoutineActivitiesImpl.java:50) ~[!/:0.0.1-SNAPSHOT]
	at java.base/jdk.internal.reflect.DirectMethodHandleAccessor.invoke(DirectMethodHandleAccessor.java:103) ~[?:?]
	at java.base/java.lang.reflect.Method.invoke(Method.java:580) ~[?:?]
	at io.temporal.internal.activity.RootActivityInboundCallsInterceptor$POJOActivityInboundCallsInterceptor.executeActivity(RootActivityInboundCallsInterceptor.java:64) ~[temporal-sdk-1.28.4.jar!/:1.28.4]
	at io.temporal.internal.activity.RootActivityInboundCallsInterceptor.execute(RootActivityInboundCallsInterceptor.java:43) ~[temporal-sdk-1.28.4.jar!/:1.28.4]
	at io.temporal.internal.activity.ActivityTaskExecutors$BaseActivityTaskExecutor.execute(ActivityTaskExecutors.java:107) ~[temporal-sdk-1.28.4.jar!/:1.28.4]
	at io.temporal.internal.activity.ActivityTaskHandlerImpl.handle(ActivityTaskHandlerImpl.java:124) ~[temporal-sdk-1.28.4.jar!/:1.28.4]
	at io.temporal.internal.worker.ActivityWorker$TaskHandlerImpl.handleActivity(ActivityWorker.java:290) ~[temporal-sdk-1.28.4.jar!/:1.28.4]
	at io.temporal.internal.worker.ActivityWorker$TaskHandlerImpl.handle(ActivityWorker.java:254) ~[temporal-sdk-1.28.4.jar!/:1.28.4]
	at io.temporal.internal.worker.ActivityWorker$TaskHandlerImpl.handle(ActivityWorker.java:217) ~[temporal-sdk-1.28.4.jar!/:1.28.4]
	at io.temporal.internal.worker.PollTaskExecutor.lambda$process$1(PollTaskExecutor.java:96) ~[temporal-sdk-1.28.4.jar!/:1.28.4]
	at java.base/java.util.concurrent.ThreadPoolExecutor.runWorker(ThreadPoolExecutor.java:1144) ~[?:?]
	at java.base/java.util.concurrent.ThreadPoolExecutor$Worker.run(ThreadPoolExecutor.java:642) ~[?:?]
	at java.base/java.lang.Thread.run(Thread.java:1583) [?:?]
[2026-02-11T00:01:57.835Z] WARN Activity Executor taskQueue="hydra-billing-tasks", namespace="ncm-cg": 1 FlowMeteringLicenceUsageProvider:59 [] [LOW] : [301]vcpu config not provided for the requested clusters : [[cd3caa79-323c-4844-9041-a007cbb87a86]]
com.nutanix.beam.hydra.billing.worker.exception.HydraException: vcpu config not provided for the requested clusters : [[cd3caa79-323c-4844-9041-a007cbb87a86]]
	at com.nutanix.beam.hydra.billing.worker.util.MeteringUtil.validateVcpuConfig(MeteringUtil.java:469) ~[!/:0.0.1-SNAPSHOT]
	at com.nutanix.beam.hydra.billing.worker.provider.metering.licenseusage.FlowMeteringLicenceUsageProvider.fetchLicenceUsage(FlowMeteringLicenceUsageProvider.java:57) ~[!/:0.0.1-SNAPSHOT]
	at com.nutanix.beam.hydra.billing.worker.helper.LicenceUsageAndCostCompilerHelper.fetchFlowLicenceUsage(LicenceUsageAndCostCompilerHelper.java:193) ~[!/:0.0.1-SNAPSHOT]
	at com.nutanix.beam.hydra.billing.worker.helper.LicenceUsageAndCostCompilerHelper.populatePnPv1Licenses(LicenceUsageAndCostCompilerHelper.java:104) ~[!/:0.0.1-SNAPSHOT]
	at com.nutanix.beam.hydra.billing.worker.helper.LicenceUsageAndCostCompilerHelper.fetchLicenseCostData(LicenceUsageAndCostCompilerHelper.java:49) ~[!/:0.0.1-SNAPSHOT]
	at com.nutanix.beam.hydra.billing.worker.handler.MeteringTaskHandler.handleTask(MeteringTaskHandler.java:191) ~[!/:0.0.1-SNAPSHOT]
	at com.nutanix.beam.hydra.billing.worker.consumer.MeteringTaskConsumer.executeTemporalTask(MeteringTaskConsumer.java:67) ~[!/:0.0.1-SNAPSHOT]
	at java.base/jdk.internal.reflect.DirectMethodHandleAccessor.invoke(DirectMethodHandleAccessor.java:103) ~[?:?]
	at java.base/java.lang.reflect.Method.invoke(Method.java:580) ~[?:?]
	at org.springframework.aop.support.AopUtils.invokeJoinpointUsingReflection(AopUtils.java:360) ~[spring-aop-6.2.12.jar!/:6.2.12]
	at org.springframework.aop.framework.ReflectiveMethodInvocation.invokeJoinpoint(ReflectiveMethodInvocation.java:196) ~[spring-aop-6.2.12.jar!/:6.2.12]
	at org.springframework.aop.framework.ReflectiveMethodInvocation.proceed(ReflectiveMethodInvocation.java:163) ~[spring-aop-6.2.12.jar!/:6.2.12]
	at org.springframework.aop.interceptor.ExposeInvocationInterceptor.invoke(ExposeInvocationInterceptor.java:97) ~[spring-aop-6.2.12.jar!/:6.2.12]
	at org.springframework.aop.framework.ReflectiveMethodInvocation.proceed(ReflectiveMethodInvocation.java:184) ~[spring-aop-6.2.12.jar!/:6.2.12]
	at org.springframework.aop.framework.CglibAopProxy$DynamicAdvisedInterceptor.intercept(CglibAopProxy.java:728) ~[spring-aop-6.2.12.jar!/:6.2.12]
	at com.nutanix.beam.hydra.billing.worker.consumer.MeteringTaskConsumer$$SpringCGLIB$$0.executeTemporalTask(<generated>) ~[!/:0.0.1-SNAPSHOT]
	at com.nutanix.beam.hydra.billing.worker.temporal.activities.HydraModuleRoutineActivitiesImpl.meteringTask(HydraModuleRoutineActivitiesImpl.java:50) ~[!/:0.0.1-SNAPSHOT]
	at java.base/jdk.internal.reflect.DirectMethodHandleAccessor.invoke(DirectMethodHandleAccessor.java:103) ~[?:?]
	at java.base/java.lang.reflect.Method.invoke(Method.java:580) ~[?:?]
	at io.temporal.internal.activity.RootActivityInboundCallsInterceptor$POJOActivityInboundCallsInterceptor.executeActivity(RootActivityInboundCallsInterceptor.java:64) ~[temporal-sdk-1.28.4.jar!/:1.28.4]
	at io.temporal.internal.activity.RootActivityInboundCallsInterceptor.execute(RootActivityInboundCallsInterceptor.java:43) ~[temporal-sdk-1.28.4.jar!/:1.28.4]
	at io.temporal.internal.activity.ActivityTaskExecutors$BaseActivityTaskExecutor.execute(ActivityTaskExecutors.java:107) ~[temporal-sdk-1.28.4.jar!/:1.28.4]
	at io.temporal.internal.activity.ActivityTaskHandlerImpl.handle(ActivityTaskHandlerImpl.java:124) ~[temporal-sdk-1.28.4.jar!/:1.28.4]
	at io.temporal.internal.worker.ActivityWorker$TaskHandlerImpl.handleActivity(ActivityWorker.java:290) ~[temporal-sdk-1.28.4.jar!/:1.28.4]
	at io.temporal.internal.worker.ActivityWorker$TaskHandlerImpl.handle(ActivityWorker.java:254) ~[temporal-sdk-1.28.4.jar!/:1.28.4]
	at io.temporal.internal.worker.ActivityWorker$TaskHandlerImpl.handle(ActivityWorker.java:217) ~[temporal-sdk-1.28.4.jar!/:1.28.4]
	at io.temporal.internal.worker.PollTaskExecutor.lambda$process$1(PollTaskExecutor.java:96) ~[temporal-sdk-1.28.4.jar!/:1.28.4]
	at java.base/java.util.concurrent.ThreadPoolExecutor.runWorker(ThreadPoolExecutor.java:1144) ~[?:?]
	at java.base/java.util.concurrent.ThreadPoolExecutor$Worker.run(ThreadPoolExecutor.java:642) ~[?:?]
	at java.base/java.lang.Thread.run(Thread.java:1583) [?:?]
[2026-02-11T00:01:57.835Z] WARN Activity Executor taskQueue="hydra-billing-tasks", namespace="ncm-cg": 1 FilesMeteringLicenceUsageProvider:57 [] storage config not provided for the requested clusters : [[cd3caa79-323c-4844-9041-a007cbb87a86]]
[2026-02-11T00:01:57.836Z] WARN Activity Executor taskQueue="hydra-billing-tasks", namespace="ncm-cg": 1 ObjectsMeteringLicenceUsageProvider:52 [] storage config not provided for the requested clusters : [[cd3caa79-323c-4844-9041-a007cbb87a86]]
[2026-02-11T00:01:57.836Z] WARN Activity Executor taskQueue="hydra-billing-tasks", namespace="ncm-cg": 1 NCMMeteringLicenceUsageProvider:56 [] vcpu config not provided for the requested clusters : [[cd3caa79-323c-4844-9041-a007cbb87a86]]
[2026-02-11T00:01:57.836Z] WARN Activity Executor taskQueue="hydra-billing-tasks", namespace="ncm-cg": 1 NUSMeteringLicenceUsageProvider:53 [] storage config not provided for the requested clusters : [[cd3caa79-323c-4844-9041-a007cbb87a86]]
[2026-02-11T00:01:57.836Z] INFO Activity Executor taskQueue="hydra-billing-tasks", namespace="ncm-cg": 1 MeteringTaskHandler:469 [] TCO Details not found for cluster : 00063fb0-c3eb-3105-0000-00000001c483
[2026-02-11T00:01:57.837Z] INFO Activity Executor taskQueue="hydra-billing-tasks", namespace="ncm-cg": 1 MeteringTaskHandler:469 [] TCO Details not found for cluster : 0006437f-fcaf-c4c4-0000-0000000193e2
[2026-02-11T00:01:57.837Z] INFO Activity Executor taskQueue="hydra-billing-tasks", namespace="ncm-cg": 1 MeteringTaskHandler:128 [] Processing metering for segment start: [2025-11-01], end: [2025-11-30]
[2026-02-11T00:01:58.102Z] WARN Activity Executor taskQueue="hydra-billing-tasks", namespace="ncm-cg": 1 PrismMeteringLicenceUsageProvider:59 [] [LOW] : [301]vcpu config not provided for the requested clusters : [[cd3caa79-323c-4844-9041-a007cbb87a86]]
com.nutanix.beam.hydra.billing.worker.exception.HydraException: vcpu config not provided for the requested clusters : [[cd3caa79-323c-4844-9041-a007cbb87a86]]
	at com.nutanix.beam.hydra.billing.worker.util.MeteringUtil.validateVcpuConfig(MeteringUtil.java:469) ~[!/:0.0.1-SNAPSHOT]
	at com.nutanix.beam.hydra.billing.worker.provider.metering.licenseusage.PrismMeteringLicenceUsageProvider.fetchLicenceUsage(PrismMeteringLicenceUsageProvider.java:57) ~[!/:0.0.1-SNAPSHOT]
	at com.nutanix.beam.hydra.billing.worker.helper.LicenceUsageAndCostCompilerHelper.fetchPrismLicenceUsage(LicenceUsageAndCostCompilerHelper.java:178) ~[!/:0.0.1-SNAPSHOT]
	at com.nutanix.beam.hydra.billing.worker.helper.LicenceUsageAndCostCompilerHelper.populatePnPv1Licenses(LicenceUsageAndCostCompilerHelper.java:100) ~[!/:0.0.1-SNAPSHOT]
	at com.nutanix.beam.hydra.billing.worker.helper.LicenceUsageAndCostCompilerHelper.fetchLicenseCostData(LicenceUsageAndCostCompilerHelper.java:49) ~[!/:0.0.1-SNAPSHOT]
	at com.nutanix.beam.hydra.billing.worker.handler.MeteringTaskHandler.handleTask(MeteringTaskHandler.java:191) ~[!/:0.0.1-SNAPSHOT]
	at com.nutanix.beam.hydra.billing.worker.consumer.MeteringTaskConsumer.executeTemporalTask(MeteringTaskConsumer.java:67) ~[!/:0.0.1-SNAPSHOT]
	at java.base/jdk.internal.reflect.DirectMethodHandleAccessor.invoke(DirectMethodHandleAccessor.java:103) ~[?:?]
	at java.base/java.lang.reflect.Method.invoke(Method.java:580) ~[?:?]
	at org.springframework.aop.support.AopUtils.invokeJoinpointUsingReflection(AopUtils.java:360) ~[spring-aop-6.2.12.jar!/:6.2.12]
	at org.springframework.aop.framework.ReflectiveMethodInvocation.invokeJoinpoint(ReflectiveMethodInvocation.java:196) ~[spring-aop-6.2.12.jar!/:6.2.12]
	at org.springframework.aop.framework.ReflectiveMethodInvocation.proceed(ReflectiveMethodInvocation.java:163) ~[spring-aop-6.2.12.jar!/:6.2.12]
	at org.springframework.aop.interceptor.ExposeInvocationInterceptor.invoke(ExposeInvocationInterceptor.java:97) ~[spring-aop-6.2.12.jar!/:6.2.12]
	at org.springframework.aop.framework.ReflectiveMethodInvocation.proceed(ReflectiveMethodInvocation.java:184) ~[spring-aop-6.2.12.jar!/:6.2.12]
	at org.springframework.aop.framework.CglibAopProxy$DynamicAdvisedInterceptor.intercept(CglibAopProxy.java:728) ~[spring-aop-6.2.12.jar!/:6.2.12]
	at com.nutanix.beam.hydra.billing.worker.consumer.MeteringTaskConsumer$$SpringCGLIB$$0.executeTemporalTask(<generated>) ~[!/:0.0.1-SNAPSHOT]
	at com.nutanix.beam.hydra.billing.worker.temporal.activities.HydraModuleRoutineActivitiesImpl.meteringTask(HydraModuleRoutineActivitiesImpl.java:50) ~[!/:0.0.1-SNAPSHOT]
	at java.base/jdk.internal.reflect.DirectMethodHandleAccessor.invoke(DirectMethodHandleAccessor.java:103) ~[?:?]
	at java.base/java.lang.reflect.Method.invoke(Method.java:580) ~[?:?]
	at io.temporal.internal.activity.RootActivityInboundCallsInterceptor$POJOActivityInboundCallsInterceptor.executeActivity(RootActivityInboundCallsInterceptor.java:64) ~[temporal-sdk-1.28.4.jar!/:1.28.4]
	at io.temporal.internal.activity.RootActivityInboundCallsInterceptor.execute(RootActivityInboundCallsInterceptor.java:43) ~[temporal-sdk-1.28.4.jar!/:1.28.4]
	at io.temporal.internal.activity.ActivityTaskExecutors$BaseActivityTaskExecutor.execute(ActivityTaskExecutors.java:107) ~[temporal-sdk-1.28.4.jar!/:1.28.4]
	at io.temporal.internal.activity.ActivityTaskHandlerImpl.handle(ActivityTaskHandlerImpl.java:124) ~[temporal-sdk-1.28.4.jar!/:1.28.4]
	at io.temporal.internal.worker.ActivityWorker$TaskHandlerImpl.handleActivity(ActivityWorker.java:290) ~[temporal-sdk-1.28.4.jar!/:1.28.4]
	at io.temporal.internal.worker.ActivityWorker$TaskHandlerImpl.handle(ActivityWorker.java:254) ~[temporal-sdk-1.28.4.jar!/:1.28.4]
	at io.temporal.internal.worker.ActivityWorker$TaskHandlerImpl.handle(ActivityWorker.java:217) ~[temporal-sdk-1.28.4.jar!/:1.28.4]
	at io.temporal.internal.worker.PollTaskExecutor.lambda$process$1(PollTaskExecutor.java:96) ~[temporal-sdk-1.28.4.jar!/:1.28.4]
	at java.base/java.util.concurrent.ThreadPoolExecutor.runWorker(ThreadPoolExecutor.java:1144) ~[?:?]
	at java.base/java.util.concurrent.ThreadPoolExecutor$Worker.run(ThreadPoolExecutor.java:642) ~[?:?]
	at java.base/java.lang.Thread.run(Thread.java:1583) [?:?]
[2026-02-11T00:01:58.103Z] WARN Activity Executor taskQueue="hydra-billing-tasks", namespace="ncm-cg": 1 FlowMeteringLicenceUsageProvider:59 [] [LOW] : [301]vcpu config not provided for the requested clusters : [[cd3caa79-323c-4844-9041-a007cbb87a86]]
com.nutanix.beam.hydra.billing.worker.exception.HydraException: vcpu config not provided for the requested clusters : [[cd3caa79-323c-4844-9041-a007cbb87a86]]
	at com.nutanix.beam.hydra.billing.worker.util.MeteringUtil.validateVcpuConfig(MeteringUtil.java:469) ~[!/:0.0.1-SNAPSHOT]
	at com.nutanix.beam.hydra.billing.worker.provider.metering.licenseusage.FlowMeteringLicenceUsageProvider.fetchLicenceUsage(FlowMeteringLicenceUsageProvider.java:57) ~[!/:0.0.1-SNAPSHOT]
	at com.nutanix.beam.hydra.billing.worker.helper.LicenceUsageAndCostCompilerHelper.fetchFlowLicenceUsage(LicenceUsageAndCostCompilerHelper.java:193) ~[!/:0.0.1-SNAPSHOT]
	at com.nutanix.beam.hydra.billing.worker.helper.LicenceUsageAndCostCompilerHelper.populatePnPv1Licenses(LicenceUsageAndCostCompilerHelper.java:104) ~[!/:0.0.1-SNAPSHOT]
	at com.nutanix.beam.hydra.billing.worker.helper.LicenceUsageAndCostCompilerHelper.fetchLicenseCostData(LicenceUsageAndCostCompilerHelper.java:49) ~[!/:0.0.1-SNAPSHOT]
	at com.nutanix.beam.hydra.billing.worker.handler.MeteringTaskHandler.handleTask(MeteringTaskHandler.java:191) ~[!/:0.0.1-SNAPSHOT]
	at com.nutanix.beam.hydra.billing.worker.consumer.MeteringTaskConsumer.executeTemporalTask(MeteringTaskConsumer.java:67) ~[!/:0.0.1-SNAPSHOT]
	at java.base/jdk.internal.reflect.DirectMethodHandleAccessor.invoke(DirectMethodHandleAccessor.java:103) ~[?:?]
	at java.base/java.lang.reflect.Method.invoke(Method.java:580) ~[?:?]
	at org.springframework.aop.support.AopUtils.invokeJoinpointUsingReflection(AopUtils.java:360) ~[spring-aop-6.2.12.jar!/:6.2.12]
	at org.springframework.aop.framework.ReflectiveMethodInvocation.invokeJoinpoint(ReflectiveMethodInvocation.java:196) ~[spring-aop-6.2.12.jar!/:6.2.12]
	at org.springframework.aop.framework.ReflectiveMethodInvocation.proceed(ReflectiveMethodInvocation.java:163) ~[spring-aop-6.2.12.jar!/:6.2.12]
	at org.springframework.aop.interceptor.ExposeInvocationInterceptor.invoke(ExposeInvocationInterceptor.java:97) ~[spring-aop-6.2.12.jar!/:6.2.12]
	at org.springframework.aop.framework.ReflectiveMethodInvocation.proceed(ReflectiveMethodInvocation.java:184) ~[spring-aop-6.2.12.jar!/:6.2.12]
	at org.springframework.aop.framework.CglibAopProxy$DynamicAdvisedInterceptor.intercept(CglibAopProxy.java:728) ~[spring-aop-6.2.12.jar!/:6.2.12]
	at com.nutanix.beam.hydra.billing.worker.consumer.MeteringTaskConsumer$$SpringCGLIB$$0.executeTemporalTask(<generated>) ~[!/:0.0.1-SNAPSHOT]
	at com.nutanix.beam.hydra.billing.worker.temporal.activities.HydraModuleRoutineActivitiesImpl.meteringTask(HydraModuleRoutineActivitiesImpl.java:50) ~[!/:0.0.1-SNAPSHOT]
	at java.base/jdk.internal.reflect.DirectMethodHandleAccessor.invoke(DirectMethodHandleAccessor.java:103) ~[?:?]
	at java.base/java.lang.reflect.Method.invoke(Method.java:580) ~[?:?]
	at io.temporal.internal.activity.RootActivityInboundCallsInterceptor$POJOActivityInboundCallsInterceptor.executeActivity(RootActivityInboundCallsInterceptor.java:64) ~[temporal-sdk-1.28.4.jar!/:1.28.4]
	at io.temporal.internal.activity.RootActivityInboundCallsInterceptor.execute(RootActivityInboundCallsInterceptor.java:43) ~[temporal-sdk-1.28.4.jar!/:1.28.4]
	at io.temporal.internal.activity.ActivityTaskExecutors$BaseActivityTaskExecutor.execute(ActivityTaskExecutors.java:107) ~[temporal-sdk-1.28.4.jar!/:1.28.4]
	at io.temporal.internal.activity.ActivityTaskHandlerImpl.handle(ActivityTaskHandlerImpl.java:124) ~[temporal-sdk-1.28.4.jar!/:1.28.4]
	at io.temporal.internal.worker.ActivityWorker$TaskHandlerImpl.handleActivity(ActivityWorker.java:290) ~[temporal-sdk-1.28.4.jar!/:1.28.4]
	at io.temporal.internal.worker.ActivityWorker$TaskHandlerImpl.handle(ActivityWorker.java:254) ~[temporal-sdk-1.28.4.jar!/:1.28.4]
	at io.temporal.internal.worker.ActivityWorker$TaskHandlerImpl.handle(ActivityWorker.java:217) ~[temporal-sdk-1.28.4.jar!/:1.28.4]
	at io.temporal.internal.worker.PollTaskExecutor.lambda$process$1(PollTaskExecutor.java:96) ~[temporal-sdk-1.28.4.jar!/:1.28.4]
	at java.base/java.util.concurrent.ThreadPoolExecutor.runWorker(ThreadPoolExecutor.java:1144) ~[?:?]
	at java.base/java.util.concurrent.ThreadPoolExecutor$Worker.run(ThreadPoolExecutor.java:642) ~[?:?]
	at java.base/java.lang.Thread.run(Thread.java:1583) [?:?]
[2026-02-11T00:01:58.104Z] WARN Activity Executor taskQueue="hydra-billing-tasks", namespace="ncm-cg": 1 FilesMeteringLicenceUsageProvider:57 [] storage config not provided for the requested clusters : [[cd3caa79-323c-4844-9041-a007cbb87a86]]
[2026-02-11T00:01:58.104Z] WARN Activity Executor taskQueue="hydra-billing-tasks", namespace="ncm-cg": 1 ObjectsMeteringLicenceUsageProvider:52 [] storage config not provided for the requested clusters : [[cd3caa79-323c-4844-9041-a007cbb87a86]]
[2026-02-11T00:01:58.104Z] WARN Activity Executor taskQueue="hydra-billing-tasks", namespace="ncm-cg": 1 NCMMeteringLicenceUsageProvider:56 [] vcpu config not provided for the requested clusters : [[cd3caa79-323c-4844-9041-a007cbb87a86]]
[2026-02-11T00:01:58.104Z] WARN Activity Executor taskQueue="hydra-billing-tasks", namespace="ncm-cg": 1 NUSMeteringLicenceUsageProvider:53 [] storage config not provided for the requested clusters : [[cd3caa79-323c-4844-9041-a007cbb87a86]]
[2026-02-11T00:01:58.104Z] INFO Activity Executor taskQueue="hydra-billing-tasks", namespace="ncm-cg": 1 MeteringTaskHandler:469 [] TCO Details not found for cluster : 00063fb0-c3eb-3105-0000-00000001c483
[2026-02-11T00:01:58.104Z] INFO Activity Executor taskQueue="hydra-billing-tasks", namespace="ncm-cg": 1 MeteringTaskHandler:469 [] TCO Details not found for cluster : 0006437f-fcaf-c4c4-0000-0000000193e2
[2026-02-11T00:01:58.134Z] WARN Activity Executor taskQueue="hydra-billing-tasks", namespace="ncm-cg": 1 PrismMeteringLicenceUsageProvider:59 [] [LOW] : [301]vcpu config not provided for the requested clusters : [[cd3caa79-323c-4844-9041-a007cbb87a86]]
com.nutanix.beam.hydra.billing.worker.exception.HydraException: vcpu config not provided for the requested clusters : [[cd3caa79-323c-4844-9041-a007cbb87a86]]
	at com.nutanix.beam.hydra.billing.worker.util.MeteringUtil.validateVcpuConfig(MeteringUtil.java:469) ~[!/:0.0.1-SNAPSHOT]
	at com.nutanix.beam.hydra.billing.worker.provider.metering.licenseusage.PrismMeteringLicenceUsageProvider.fetchLicenceUsage(PrismMeteringLicenceUsageProvider.java:57) ~[!/:0.0.1-SNAPSHOT]
	at com.nutanix.beam.hydra.billing.worker.helper.LicenceUsageAndCostCompilerHelper.fetchPrismLicenceUsage(LicenceUsageAndCostCompilerHelper.java:178) ~[!/:0.0.1-SNAPSHOT]
	at com.nutanix.beam.hydra.billing.worker.helper.LicenceUsageAndCostCompilerHelper.populatePnPv1Licenses(LicenceUsageAndCostCompilerHelper.java:100) ~[!/:0.0.1-SNAPSHOT]
	at com.nutanix.beam.hydra.billing.worker.helper.LicenceUsageAndCostCompilerHelper.fetchLicenseCostData(LicenceUsageAndCostCompilerHelper.java:49) ~[!/:0.0.1-SNAPSHOT]
	at com.nutanix.beam.hydra.billing.worker.handler.MeteringTaskHandler.handleTask(MeteringTaskHandler.java:191) ~[!/:0.0.1-SNAPSHOT]
	at com.nutanix.beam.hydra.billing.worker.consumer.MeteringTaskConsumer.executeTemporalTask(MeteringTaskConsumer.java:67) ~[!/:0.0.1-SNAPSHOT]
	at java.base/jdk.internal.reflect.DirectMethodHandleAccessor.invoke(DirectMethodHandleAccessor.java:103) ~[?:?]
	at java.base/java.lang.reflect.Method.invoke(Method.java:580) ~[?:?]
	at org.springframework.aop.support.AopUtils.invokeJoinpointUsingReflection(AopUtils.java:360) ~[spring-aop-6.2.12.jar!/:6.2.12]
	at org.springframework.aop.framework.ReflectiveMethodInvocation.invokeJoinpoint(ReflectiveMethodInvocation.java:196) ~[spring-aop-6.2.12.jar!/:6.2.12]
	at org.springframework.aop.framework.ReflectiveMethodInvocation.proceed(ReflectiveMethodInvocation.java:163) ~[spring-aop-6.2.12.jar!/:6.2.12]
	at org.springframework.aop.interceptor.ExposeInvocationInterceptor.invoke(ExposeInvocationInterceptor.java:97) ~[spring-aop-6.2.12.jar!/:6.2.12]
	at org.springframework.aop.framework.ReflectiveMethodInvocation.proceed(ReflectiveMethodInvocation.java:184) ~[spring-aop-6.2.12.jar!/:6.2.12]
	at org.springframework.aop.framework.CglibAopProxy$DynamicAdvisedInterceptor.intercept(CglibAopProxy.java:728) ~[spring-aop-6.2.12.jar!/:6.2.12]
	at com.nutanix.beam.hydra.billing.worker.consumer.MeteringTaskConsumer$$SpringCGLIB$$0.executeTemporalTask(<generated>) ~[!/:0.0.1-SNAPSHOT]
	at com.nutanix.beam.hydra.billing.worker.temporal.activities.HydraModuleRoutineActivitiesImpl.meteringTask(HydraModuleRoutineActivitiesImpl.java:50) ~[!/:0.0.1-SNAPSHOT]
	at java.base/jdk.internal.reflect.DirectMethodHandleAccessor.invoke(DirectMethodHandleAccessor.java:103) ~[?:?]
	at java.base/java.lang.reflect.Method.invoke(Method.java:580) ~[?:?]
	at io.temporal.internal.activity.RootActivityInboundCallsInterceptor$POJOActivityInboundCallsInterceptor.executeActivity(RootActivityInboundCallsInterceptor.java:64) ~[temporal-sdk-1.28.4.jar!/:1.28.4]
	at io.temporal.internal.activity.RootActivityInboundCallsInterceptor.execute(RootActivityInboundCallsInterceptor.java:43) ~[temporal-sdk-1.28.4.jar!/:1.28.4]
	at io.temporal.internal.activity.ActivityTaskExecutors$BaseActivityTaskExecutor.execute(ActivityTaskExecutors.java:107) ~[temporal-sdk-1.28.4.jar!/:1.28.4]
	at io.temporal.internal.activity.ActivityTaskHandlerImpl.handle(ActivityTaskHandlerImpl.java:124) ~[temporal-sdk-1.28.4.jar!/:1.28.4]
	at io.temporal.internal.worker.ActivityWorker$TaskHandlerImpl.handleActivity(ActivityWorker.java:290) ~[temporal-sdk-1.28.4.jar!/:1.28.4]
	at io.temporal.internal.worker.ActivityWorker$TaskHandlerImpl.handle(ActivityWorker.java:254) ~[temporal-sdk-1.28.4.jar!/:1.28.4]
	at io.temporal.internal.worker.ActivityWorker$TaskHandlerImpl.handle(ActivityWorker.java:217) ~[temporal-sdk-1.28.4.jar!/:1.28.4]
	at io.temporal.internal.worker.PollTaskExecutor.lambda$process$1(PollTaskExecutor.java:96) ~[temporal-sdk-1.28.4.jar!/:1.28.4]
	at java.base/java.util.concurrent.ThreadPoolExecutor.runWorker(ThreadPoolExecutor.java:1144) ~[?:?]
	at java.base/java.util.concurrent.ThreadPoolExecutor$Worker.run(ThreadPoolExecutor.java:642) ~[?:?]
	at java.base/java.lang.Thread.run(Thread.java:1583) [?:?]
[2026-02-11T00:01:58.135Z] WARN Activity Executor taskQueue="hydra-billing-tasks", namespace="ncm-cg": 1 FlowMeteringLicenceUsageProvider:59 [] [LOW] : [301]vcpu config not provided for the requested clusters : [[cd3caa79-323c-4844-9041-a007cbb87a86]]
com.nutanix.beam.hydra.billing.worker.exception.HydraException: vcpu config not provided for the requested clusters : [[cd3caa79-323c-4844-9041-a007cbb87a86]]
	at com.nutanix.beam.hydra.billing.worker.util.MeteringUtil.validateVcpuConfig(MeteringUtil.java:469) ~[!/:0.0.1-SNAPSHOT]
	at com.nutanix.beam.hydra.billing.worker.provider.metering.licenseusage.FlowMeteringLicenceUsageProvider.fetchLicenceUsage(FlowMeteringLicenceUsageProvider.java:57) ~[!/:0.0.1-SNAPSHOT]
	at com.nutanix.beam.hydra.billing.worker.helper.LicenceUsageAndCostCompilerHelper.fetchFlowLicenceUsage(LicenceUsageAndCostCompilerHelper.java:193) ~[!/:0.0.1-SNAPSHOT]
	at com.nutanix.beam.hydra.billing.worker.helper.LicenceUsageAndCostCompilerHelper.populatePnPv1Licenses(LicenceUsageAndCostCompilerHelper.java:104) ~[!/:0.0.1-SNAPSHOT]
	at com.nutanix.beam.hydra.billing.worker.helper.LicenceUsageAndCostCompilerHelper.fetchLicenseCostData(LicenceUsageAndCostCompilerHelper.java:49) ~[!/:0.0.1-SNAPSHOT]
	at com.nutanix.beam.hydra.billing.worker.handler.MeteringTaskHandler.handleTask(MeteringTaskHandler.java:191) ~[!/:0.0.1-SNAPSHOT]
	at com.nutanix.beam.hydra.billing.worker.consumer.MeteringTaskConsumer.executeTemporalTask(MeteringTaskConsumer.java:67) ~[!/:0.0.1-SNAPSHOT]
	at java.base/jdk.internal.reflect.DirectMethodHandleAccessor.invoke(DirectMethodHandleAccessor.java:103) ~[?:?]
	at java.base/java.lang.reflect.Method.invoke(Method.java:580) ~[?:?]
	at org.springframework.aop.support.AopUtils.invokeJoinpointUsingReflection(AopUtils.java:360) ~[spring-aop-6.2.12.jar!/:6.2.12]
	at org.springframework.aop.framework.ReflectiveMethodInvocation.invokeJoinpoint(ReflectiveMethodInvocation.java:196) ~[spring-aop-6.2.12.jar!/:6.2.12]
	at org.springframework.aop.framework.ReflectiveMethodInvocation.proceed(ReflectiveMethodInvocation.java:163) ~[spring-aop-6.2.12.jar!/:6.2.12]
	at org.springframework.aop.interceptor.ExposeInvocationInterceptor.invoke(ExposeInvocationInterceptor.java:97) ~[spring-aop-6.2.12.jar!/:6.2.12]
	at org.springframework.aop.framework.ReflectiveMethodInvocation.proceed(ReflectiveMethodInvocation.java:184) ~[spring-aop-6.2.12.jar!/:6.2.12]
	at org.springframework.aop.framework.CglibAopProxy$DynamicAdvisedInterceptor.intercept(CglibAopProxy.java:728) ~[spring-aop-6.2.12.jar!/:6.2.12]
	at com.nutanix.beam.hydra.billing.worker.consumer.MeteringTaskConsumer$$SpringCGLIB$$0.executeTemporalTask(<generated>) ~[!/:0.0.1-SNAPSHOT]
	at com.nutanix.beam.hydra.billing.worker.temporal.activities.HydraModuleRoutineActivitiesImpl.meteringTask(HydraModuleRoutineActivitiesImpl.java:50) ~[!/:0.0.1-SNAPSHOT]
	at java.base/jdk.internal.reflect.DirectMethodHandleAccessor.invoke(DirectMethodHandleAccessor.java:103) ~[?:?]
	at java.base/java.lang.reflect.Method.invoke(Method.java:580) ~[?:?]
	at io.temporal.internal.activity.RootActivityInboundCallsInterceptor$POJOActivityInboundCallsInterceptor.executeActivity(RootActivityInboundCallsInterceptor.java:64) ~[temporal-sdk-1.28.4.jar!/:1.28.4]
	at io.temporal.internal.activity.RootActivityInboundCallsInterceptor.execute(RootActivityInboundCallsInterceptor.java:43) ~[temporal-sdk-1.28.4.jar!/:1.28.4]
	at io.temporal.internal.activity.ActivityTaskExecutors$BaseActivityTaskExecutor.execute(ActivityTaskExecutors.java:107) ~[temporal-sdk-1.28.4.jar!/:1.28.4]
	at io.temporal.internal.activity.ActivityTaskHandlerImpl.handle(ActivityTaskHandlerImpl.java:124) ~[temporal-sdk-1.28.4.jar!/:1.28.4]
	at io.temporal.internal.worker.ActivityWorker$TaskHandlerImpl.handleActivity(ActivityWorker.java:290) ~[temporal-sdk-1.28.4.jar!/:1.28.4]
	at io.temporal.internal.worker.ActivityWorker$TaskHandlerImpl.handle(ActivityWorker.java:254) ~[temporal-sdk-1.28.4.jar!/:1.28.4]
	at io.temporal.internal.worker.ActivityWorker$TaskHandlerImpl.handle(ActivityWorker.java:217) ~[temporal-sdk-1.28.4.jar!/:1.28.4]
	at io.temporal.internal.worker.PollTaskExecutor.lambda$process$1(PollTaskExecutor.java:96) ~[temporal-sdk-1.28.4.jar!/:1.28.4]
	at java.base/java.util.concurrent.ThreadPoolExecutor.runWorker(ThreadPoolExecutor.java:1144) ~[?:?]
	at java.base/java.util.concurrent.ThreadPoolExecutor$Worker.run(ThreadPoolExecutor.java:642) ~[?:?]
	at java.base/java.lang.Thread.run(Thread.java:1583) [?:?]
[2026-02-11T00:01:58.135Z] WARN Activity Executor taskQueue="hydra-billing-tasks", namespace="ncm-cg": 1 FilesMeteringLicenceUsageProvider:57 [] storage config not provided for the requested clusters : [[cd3caa79-323c-4844-9041-a007cbb87a86]]
[2026-02-11T00:01:58.136Z] WARN Activity Executor taskQueue="hydra-billing-tasks", namespace="ncm-cg": 1 ObjectsMeteringLicenceUsageProvider:52 [] storage config not provided for the requested clusters : [[cd3caa79-323c-4844-9041-a007cbb87a86]]
[2026-02-11T00:01:58.136Z] WARN Activity Executor taskQueue="hydra-billing-tasks", namespace="ncm-cg": 1 NCMMeteringLicenceUsageProvider:56 [] vcpu config not provided for the requested clusters : [[cd3caa79-323c-4844-9041-a007cbb87a86]]
[2026-02-11T00:01:58.136Z] WARN Activity Executor taskQueue="hydra-billing-tasks", namespace="ncm-cg": 1 NUSMeteringLicenceUsageProvider:53 [] storage config not provided for the requested clusters : [[cd3caa79-323c-4844-9041-a007cbb87a86]]
[2026-02-11T00:01:58.136Z] INFO Activity Executor taskQueue="hydra-billing-tasks", namespace="ncm-cg": 1 MeteringTaskHandler:469 [] TCO Details not found for cluster : 00063fb0-c3eb-3105-0000-00000001c483
[2026-02-11T00:01:58.137Z] INFO Activity Executor taskQueue="hydra-billing-tasks", namespace="ncm-cg": 1 MeteringTaskHandler:469 [] TCO Details not found for cluster : 0006437f-fcaf-c4c4-0000-0000000193e2
[2026-02-11T00:01:58.137Z] INFO Activity Executor taskQueue="hydra-billing-tasks", namespace="ncm-cg": 1 MeteringTaskHandler:128 [] Processing metering for segment start: [2025-12-01], end: [2025-12-31]
[2026-02-11T00:01:58.406Z] WARN Activity Executor taskQueue="hydra-billing-tasks", namespace="ncm-cg": 1 PrismMeteringLicenceUsageProvider:59 [] [LOW] : [301]vcpu config not provided for the requested clusters : [[cd3caa79-323c-4844-9041-a007cbb87a86]]
com.nutanix.beam.hydra.billing.worker.exception.HydraException: vcpu config not provided for the requested clusters : [[cd3caa79-323c-4844-9041-a007cbb87a86]]
	at com.nutanix.beam.hydra.billing.worker.util.MeteringUtil.validateVcpuConfig(MeteringUtil.java:469) ~[!/:0.0.1-SNAPSHOT]
	at com.nutanix.beam.hydra.billing.worker.provider.metering.licenseusage.PrismMeteringLicenceUsageProvider.fetchLicenceUsage(PrismMeteringLicenceUsageProvider.java:57) ~[!/:0.0.1-SNAPSHOT]
	at com.nutanix.beam.hydra.billing.worker.helper.LicenceUsageAndCostCompilerHelper.fetchPrismLicenceUsage(LicenceUsageAndCostCompilerHelper.java:178) ~[!/:0.0.1-SNAPSHOT]
	at com.nutanix.beam.hydra.billing.worker.helper.LicenceUsageAndCostCompilerHelper.populatePnPv1Licenses(LicenceUsageAndCostCompilerHelper.java:100) ~[!/:0.0.1-SNAPSHOT]
	at com.nutanix.beam.hydra.billing.worker.helper.LicenceUsageAndCostCompilerHelper.fetchLicenseCostData(LicenceUsageAndCostCompilerHelper.java:49) ~[!/:0.0.1-SNAPSHOT]
	at com.nutanix.beam.hydra.billing.worker.handler.MeteringTaskHandler.handleTask(MeteringTaskHandler.java:191) ~[!/:0.0.1-SNAPSHOT]
	at com.nutanix.beam.hydra.billing.worker.consumer.MeteringTaskConsumer.executeTemporalTask(MeteringTaskConsumer.java:67) ~[!/:0.0.1-SNAPSHOT]
	at java.base/jdk.internal.reflect.DirectMethodHandleAccessor.invoke(DirectMethodHandleAccessor.java:103) ~[?:?]
	at java.base/java.lang.reflect.Method.invoke(Method.java:580) ~[?:?]
	at org.springframework.aop.support.AopUtils.invokeJoinpointUsingReflection(AopUtils.java:360) ~[spring-aop-6.2.12.jar!/:6.2.12]
	at org.springframework.aop.framework.ReflectiveMethodInvocation.invokeJoinpoint(ReflectiveMethodInvocation.java:196) ~[spring-aop-6.2.12.jar!/:6.2.12]
	at org.springframework.aop.framework.ReflectiveMethodInvocation.proceed(ReflectiveMethodInvocation.java:163) ~[spring-aop-6.2.12.jar!/:6.2.12]
	at org.springframework.aop.interceptor.ExposeInvocationInterceptor.invoke(ExposeInvocationInterceptor.java:97) ~[spring-aop-6.2.12.jar!/:6.2.12]
	at org.springframework.aop.framework.ReflectiveMethodInvocation.proceed(ReflectiveMethodInvocation.java:184) ~[spring-aop-6.2.12.jar!/:6.2.12]
	at org.springframework.aop.framework.CglibAopProxy$DynamicAdvisedInterceptor.intercept(CglibAopProxy.java:728) ~[spring-aop-6.2.12.jar!/:6.2.12]
	at com.nutanix.beam.hydra.billing.worker.consumer.MeteringTaskConsumer$$SpringCGLIB$$0.executeTemporalTask(<generated>) ~[!/:0.0.1-SNAPSHOT]
	at com.nutanix.beam.hydra.billing.worker.temporal.activities.HydraModuleRoutineActivitiesImpl.meteringTask(HydraModuleRoutineActivitiesImpl.java:50) ~[!/:0.0.1-SNAPSHOT]
	at java.base/jdk.internal.reflect.DirectMethodHandleAccessor.invoke(DirectMethodHandleAccessor.java:103) ~[?:?]
	at java.base/java.lang.reflect.Method.invoke(Method.java:580) ~[?:?]
	at io.temporal.internal.activity.RootActivityInboundCallsInterceptor$POJOActivityInboundCallsInterceptor.executeActivity(RootActivityInboundCallsInterceptor.java:64) ~[temporal-sdk-1.28.4.jar!/:1.28.4]
	at io.temporal.internal.activity.RootActivityInboundCallsInterceptor.execute(RootActivityInboundCallsInterceptor.java:43) ~[temporal-sdk-1.28.4.jar!/:1.28.4]
	at io.temporal.internal.activity.ActivityTaskExecutors$BaseActivityTaskExecutor.execute(ActivityTaskExecutors.java:107) ~[temporal-sdk-1.28.4.jar!/:1.28.4]
	at io.temporal.internal.activity.ActivityTaskHandlerImpl.handle(ActivityTaskHandlerImpl.java:124) ~[temporal-sdk-1.28.4.jar!/:1.28.4]
	at io.temporal.internal.worker.ActivityWorker$TaskHandlerImpl.handleActivity(ActivityWorker.java:290) ~[temporal-sdk-1.28.4.jar!/:1.28.4]
	at io.temporal.internal.worker.ActivityWorker$TaskHandlerImpl.handle(ActivityWorker.java:254) ~[temporal-sdk-1.28.4.jar!/:1.28.4]
	at io.temporal.internal.worker.ActivityWorker$TaskHandlerImpl.handle(ActivityWorker.java:217) ~[temporal-sdk-1.28.4.jar!/:1.28.4]
	at io.temporal.internal.worker.PollTaskExecutor.lambda$process$1(PollTaskExecutor.java:96) ~[temporal-sdk-1.28.4.jar!/:1.28.4]
	at java.base/java.util.concurrent.ThreadPoolExecutor.runWorker(ThreadPoolExecutor.java:1144) ~[?:?]
	at java.base/java.util.concurrent.ThreadPoolExecutor$Worker.run(ThreadPoolExecutor.java:642) ~[?:?]
	at java.base/java.lang.Thread.run(Thread.java:1583) [?:?]
[2026-02-11T00:01:58.407Z] WARN Activity Executor taskQueue="hydra-billing-tasks", namespace="ncm-cg": 1 FlowMeteringLicenceUsageProvider:59 [] [LOW] : [301]vcpu config not provided for the requested clusters : [[cd3caa79-323c-4844-9041-a007cbb87a86]]
com.nutanix.beam.hydra.billing.worker.exception.HydraException: vcpu config not provided for the requested clusters : [[cd3caa79-323c-4844-9041-a007cbb87a86]]
	at com.nutanix.beam.hydra.billing.worker.util.MeteringUtil.validateVcpuConfig(MeteringUtil.java:469) ~[!/:0.0.1-SNAPSHOT]
	at com.nutanix.beam.hydra.billing.worker.provider.metering.licenseusage.FlowMeteringLicenceUsageProvider.fetchLicenceUsage(FlowMeteringLicenceUsageProvider.java:57) ~[!/:0.0.1-SNAPSHOT]
	at com.nutanix.beam.hydra.billing.worker.helper.LicenceUsageAndCostCompilerHelper.fetchFlowLicenceUsage(LicenceUsageAndCostCompilerHelper.java:193) ~[!/:0.0.1-SNAPSHOT]
	at com.nutanix.beam.hydra.billing.worker.helper.LicenceUsageAndCostCompilerHelper.populatePnPv1Licenses(LicenceUsageAndCostCompilerHelper.java:104) ~[!/:0.0.1-SNAPSHOT]
	at com.nutanix.beam.hydra.billing.worker.helper.LicenceUsageAndCostCompilerHelper.fetchLicenseCostData(LicenceUsageAndCostCompilerHelper.java:49) ~[!/:0.0.1-SNAPSHOT]
	at com.nutanix.beam.hydra.billing.worker.handler.MeteringTaskHandler.handleTask(MeteringTaskHandler.java:191) ~[!/:0.0.1-SNAPSHOT]
	at com.nutanix.beam.hydra.billing.worker.consumer.MeteringTaskConsumer.executeTemporalTask(MeteringTaskConsumer.java:67) ~[!/:0.0.1-SNAPSHOT]
	at java.base/jdk.internal.reflect.DirectMethodHandleAccessor.invoke(DirectMethodHandleAccessor.java:103) ~[?:?]
	at java.base/java.lang.reflect.Method.invoke(Method.java:580) ~[?:?]
	at org.springframework.aop.support.AopUtils.invokeJoinpointUsingReflection(AopUtils.java:360) ~[spring-aop-6.2.12.jar!/:6.2.12]
	at org.springframework.aop.framework.ReflectiveMethodInvocation.invokeJoinpoint(ReflectiveMethodInvocation.java:196) ~[spring-aop-6.2.12.jar!/:6.2.12]
	at org.springframework.aop.framework.ReflectiveMethodInvocation.proceed(ReflectiveMethodInvocation.java:163) ~[spring-aop-6.2.12.jar!/:6.2.12]
	at org.springframework.aop.interceptor.ExposeInvocationInterceptor.invoke(ExposeInvocationInterceptor.java:97) ~[spring-aop-6.2.12.jar!/:6.2.12]
	at org.springframework.aop.framework.ReflectiveMethodInvocation.proceed(ReflectiveMethodInvocation.java:184) ~[spring-aop-6.2.12.jar!/:6.2.12]
	at org.springframework.aop.framework.CglibAopProxy$DynamicAdvisedInterceptor.intercept(CglibAopProxy.java:728) ~[spring-aop-6.2.12.jar!/:6.2.12]
	at com.nutanix.beam.hydra.billing.worker.consumer.MeteringTaskConsumer$$SpringCGLIB$$0.executeTemporalTask(<generated>) ~[!/:0.0.1-SNAPSHOT]
	at com.nutanix.beam.hydra.billing.worker.temporal.activities.HydraModuleRoutineActivitiesImpl.meteringTask(HydraModuleRoutineActivitiesImpl.java:50) ~[!/:0.0.1-SNAPSHOT]
	at java.base/jdk.internal.reflect.DirectMethodHandleAccessor.invoke(DirectMethodHandleAccessor.java:103) ~[?:?]
	at java.base/java.lang.reflect.Method.invoke(Method.java:580) ~[?:?]
	at io.temporal.internal.activity.RootActivityInboundCallsInterceptor$POJOActivityInboundCallsInterceptor.executeActivity(RootActivityInboundCallsInterceptor.java:64) ~[temporal-sdk-1.28.4.jar!/:1.28.4]
	at io.temporal.internal.activity.RootActivityInboundCallsInterceptor.execute(RootActivityInboundCallsInterceptor.java:43) ~[temporal-sdk-1.28.4.jar!/:1.28.4]
	at io.temporal.internal.activity.ActivityTaskExecutors$BaseActivityTaskExecutor.execute(ActivityTaskExecutors.java:107) ~[temporal-sdk-1.28.4.jar!/:1.28.4]
	at io.temporal.internal.activity.ActivityTaskHandlerImpl.handle(ActivityTaskHandlerImpl.java:124) ~[temporal-sdk-1.28.4.jar!/:1.28.4]
	at io.temporal.internal.worker.ActivityWorker$TaskHandlerImpl.handleActivity(ActivityWorker.java:290) ~[temporal-sdk-1.28.4.jar!/:1.28.4]
	at io.temporal.internal.worker.ActivityWorker$TaskHandlerImpl.handle(ActivityWorker.java:254) ~[temporal-sdk-1.28.4.jar!/:1.28.4]
	at io.temporal.internal.worker.ActivityWorker$TaskHandlerImpl.handle(ActivityWorker.java:217) ~[temporal-sdk-1.28.4.jar!/:1.28.4]
	at io.temporal.internal.worker.PollTaskExecutor.lambda$process$1(PollTaskExecutor.java:96) ~[temporal-sdk-1.28.4.jar!/:1.28.4]
	at java.base/java.util.concurrent.ThreadPoolExecutor.runWorker(ThreadPoolExecutor.java:1144) ~[?:?]
	at java.base/java.util.concurrent.ThreadPoolExecutor$Worker.run(ThreadPoolExecutor.java:642) ~[?:?]
	at java.base/java.lang.Thread.run(Thread.java:1583) [?:?]
[2026-02-11T00:01:58.407Z] WARN Activity Executor taskQueue="hydra-billing-tasks", namespace="ncm-cg": 1 FilesMeteringLicenceUsageProvider:57 [] storage config not provided for the requested clusters : [[cd3caa79-323c-4844-9041-a007cbb87a86]]
[2026-02-11T00:01:58.408Z] WARN Activity Executor taskQueue="hydra-billing-tasks", namespace="ncm-cg": 1 ObjectsMeteringLicenceUsageProvider:52 [] storage config not provided for the requested clusters : [[cd3caa79-323c-4844-9041-a007cbb87a86]]
[2026-02-11T00:01:58.408Z] WARN Activity Executor taskQueue="hydra-billing-tasks", namespace="ncm-cg": 1 NCMMeteringLicenceUsageProvider:56 [] vcpu config not provided for the requested clusters : [[cd3caa79-323c-4844-9041-a007cbb87a86]]
[2026-02-11T00:01:58.408Z] WARN Activity Executor taskQueue="hydra-billing-tasks", namespace="ncm-cg": 1 NUSMeteringLicenceUsageProvider:53 [] storage config not provided for the requested clusters : [[cd3caa79-323c-4844-9041-a007cbb87a86]]
[2026-02-11T00:01:58.408Z] INFO Activity Executor taskQueue="hydra-billing-tasks", namespace="ncm-cg": 1 MeteringTaskHandler:469 [] TCO Details not found for cluster : 00063fb0-c3eb-3105-0000-00000001c483
[2026-02-11T00:01:58.408Z] INFO Activity Executor taskQueue="hydra-billing-tasks", namespace="ncm-cg": 1 MeteringTaskHandler:469 [] TCO Details not found for cluster : 0006437f-fcaf-c4c4-0000-0000000193e2
[2026-02-11T00:01:58.440Z] WARN Activity Executor taskQueue="hydra-billing-tasks", namespace="ncm-cg": 1 PrismMeteringLicenceUsageProvider:59 [] [LOW] : [301]vcpu config not provided for the requested clusters : [[cd3caa79-323c-4844-9041-a007cbb87a86]]
com.nutanix.beam.hydra.billing.worker.exception.HydraException: vcpu config not provided for the requested clusters : [[cd3caa79-323c-4844-9041-a007cbb87a86]]
	at com.nutanix.beam.hydra.billing.worker.util.MeteringUtil.validateVcpuConfig(MeteringUtil.java:469) ~[!/:0.0.1-SNAPSHOT]
	at com.nutanix.beam.hydra.billing.worker.provider.metering.licenseusage.PrismMeteringLicenceUsageProvider.fetchLicenceUsage(PrismMeteringLicenceUsageProvider.java:57) ~[!/:0.0.1-SNAPSHOT]
	at com.nutanix.beam.hydra.billing.worker.helper.LicenceUsageAndCostCompilerHelper.fetchPrismLicenceUsage(LicenceUsageAndCostCompilerHelper.java:178) ~[!/:0.0.1-SNAPSHOT]
	at com.nutanix.beam.hydra.billing.worker.helper.LicenceUsageAndCostCompilerHelper.populatePnPv1Licenses(LicenceUsageAndCostCompilerHelper.java:100) ~[!/:0.0.1-SNAPSHOT]
	at com.nutanix.beam.hydra.billing.worker.helper.LicenceUsageAndCostCompilerHelper.fetchLicenseCostData(LicenceUsageAndCostCompilerHelper.java:49) ~[!/:0.0.1-SNAPSHOT]
	at com.nutanix.beam.hydra.billing.worker.handler.MeteringTaskHandler.handleTask(MeteringTaskHandler.java:191) ~[!/:0.0.1-SNAPSHOT]
	at com.nutanix.beam.hydra.billing.worker.consumer.MeteringTaskConsumer.executeTemporalTask(MeteringTaskConsumer.java:67) ~[!/:0.0.1-SNAPSHOT]
	at java.base/jdk.internal.reflect.DirectMethodHandleAccessor.invoke(DirectMethodHandleAccessor.java:103) ~[?:?]
	at java.base/java.lang.reflect.Method.invoke(Method.java:580) ~[?:?]
	at org.springframework.aop.support.AopUtils.invokeJoinpointUsingReflection(AopUtils.java:360) ~[spring-aop-6.2.12.jar!/:6.2.12]
	at org.springframework.aop.framework.ReflectiveMethodInvocation.invokeJoinpoint(ReflectiveMethodInvocation.java:196) ~[spring-aop-6.2.12.jar!/:6.2.12]
	at org.springframework.aop.framework.ReflectiveMethodInvocation.proceed(ReflectiveMethodInvocation.java:163) ~[spring-aop-6.2.12.jar!/:6.2.12]
	at org.springframework.aop.interceptor.ExposeInvocationInterceptor.invoke(ExposeInvocationInterceptor.java:97) ~[spring-aop-6.2.12.jar!/:6.2.12]
	at org.springframework.aop.framework.ReflectiveMethodInvocation.proceed(ReflectiveMethodInvocation.java:184) ~[spring-aop-6.2.12.jar!/:6.2.12]
	at org.springframework.aop.framework.CglibAopProxy$DynamicAdvisedInterceptor.intercept(CglibAopProxy.java:728) ~[spring-aop-6.2.12.jar!/:6.2.12]
	at com.nutanix.beam.hydra.billing.worker.consumer.MeteringTaskConsumer$$SpringCGLIB$$0.executeTemporalTask(<generated>) ~[!/:0.0.1-SNAPSHOT]
	at com.nutanix.beam.hydra.billing.worker.temporal.activities.HydraModuleRoutineActivitiesImpl.meteringTask(HydraModuleRoutineActivitiesImpl.java:50) ~[!/:0.0.1-SNAPSHOT]
	at java.base/jdk.internal.reflect.DirectMethodHandleAccessor.invoke(DirectMethodHandleAccessor.java:103) ~[?:?]
	at java.base/java.lang.reflect.Method.invoke(Method.java:580) ~[?:?]
	at io.temporal.internal.activity.RootActivityInboundCallsInterceptor$POJOActivityInboundCallsInterceptor.executeActivity(RootActivityInboundCallsInterceptor.java:64) ~[temporal-sdk-1.28.4.jar!/:1.28.4]
	at io.temporal.internal.activity.RootActivityInboundCallsInterceptor.execute(RootActivityInboundCallsInterceptor.java:43) ~[temporal-sdk-1.28.4.jar!/:1.28.4]
	at io.temporal.internal.activity.ActivityTaskExecutors$BaseActivityTaskExecutor.execute(ActivityTaskExecutors.java:107) ~[temporal-sdk-1.28.4.jar!/:1.28.4]
	at io.temporal.internal.activity.ActivityTaskHandlerImpl.handle(ActivityTaskHandlerImpl.java:124) ~[temporal-sdk-1.28.4.jar!/:1.28.4]
	at io.temporal.internal.worker.ActivityWorker$TaskHandlerImpl.handleActivity(ActivityWorker.java:290) ~[temporal-sdk-1.28.4.jar!/:1.28.4]
	at io.temporal.internal.worker.ActivityWorker$TaskHandlerImpl.handle(ActivityWorker.java:254) ~[temporal-sdk-1.28.4.jar!/:1.28.4]
	at io.temporal.internal.worker.ActivityWorker$TaskHandlerImpl.handle(ActivityWorker.java:217) ~[temporal-sdk-1.28.4.jar!/:1.28.4]
	at io.temporal.internal.worker.PollTaskExecutor.lambda$process$1(PollTaskExecutor.java:96) ~[temporal-sdk-1.28.4.jar!/:1.28.4]
	at java.base/java.util.concurrent.ThreadPoolExecutor.runWorker(ThreadPoolExecutor.java:1144) ~[?:?]
	at java.base/java.util.concurrent.ThreadPoolExecutor$Worker.run(ThreadPoolExecutor.java:642) ~[?:?]
	at java.base/java.lang.Thread.run(Thread.java:1583) [?:?]
[2026-02-11T00:01:58.441Z] WARN Activity Executor taskQueue="hydra-billing-tasks", namespace="ncm-cg": 1 FlowMeteringLicenceUsageProvider:59 [] [LOW] : [301]vcpu config not provided for the requested clusters : [[cd3caa79-323c-4844-9041-a007cbb87a86]]
com.nutanix.beam.hydra.billing.worker.exception.HydraException: vcpu config not provided for the requested clusters : [[cd3caa79-323c-4844-9041-a007cbb87a86]]
	at com.nutanix.beam.hydra.billing.worker.util.MeteringUtil.validateVcpuConfig(MeteringUtil.java:469) ~[!/:0.0.1-SNAPSHOT]
	at com.nutanix.beam.hydra.billing.worker.provider.metering.licenseusage.FlowMeteringLicenceUsageProvider.fetchLicenceUsage(FlowMeteringLicenceUsageProvider.java:57) ~[!/:0.0.1-SNAPSHOT]
	at com.nutanix.beam.hydra.billing.worker.helper.LicenceUsageAndCostCompilerHelper.fetchFlowLicenceUsage(LicenceUsageAndCostCompilerHelper.java:193) ~[!/:0.0.1-SNAPSHOT]
	at com.nutanix.beam.hydra.billing.worker.helper.LicenceUsageAndCostCompilerHelper.populatePnPv1Licenses(LicenceUsageAndCostCompilerHelper.java:104) ~[!/:0.0.1-SNAPSHOT]
	at com.nutanix.beam.hydra.billing.worker.helper.LicenceUsageAndCostCompilerHelper.fetchLicenseCostData(LicenceUsageAndCostCompilerHelper.java:49) ~[!/:0.0.1-SNAPSHOT]
	at com.nutanix.beam.hydra.billing.worker.handler.MeteringTaskHandler.handleTask(MeteringTaskHandler.java:191) ~[!/:0.0.1-SNAPSHOT]
	at com.nutanix.beam.hydra.billing.worker.consumer.MeteringTaskConsumer.executeTemporalTask(MeteringTaskConsumer.java:67) ~[!/:0.0.1-SNAPSHOT]
	at java.base/jdk.internal.reflect.DirectMethodHandleAccessor.invoke(DirectMethodHandleAccessor.java:103) ~[?:?]
	at java.base/java.lang.reflect.Method.invoke(Method.java:580) ~[?:?]
	at org.springframework.aop.support.AopUtils.invokeJoinpointUsingReflection(AopUtils.java:360) ~[spring-aop-6.2.12.jar!/:6.2.12]
	at org.springframework.aop.framework.ReflectiveMethodInvocation.invokeJoinpoint(ReflectiveMethodInvocation.java:196) ~[spring-aop-6.2.12.jar!/:6.2.12]
	at org.springframework.aop.framework.ReflectiveMethodInvocation.proceed(ReflectiveMethodInvocation.java:163) ~[spring-aop-6.2.12.jar!/:6.2.12]
	at org.springframework.aop.interceptor.ExposeInvocationInterceptor.invoke(ExposeInvocationInterceptor.java:97) ~[spring-aop-6.2.12.jar!/:6.2.12]
	at org.springframework.aop.framework.ReflectiveMethodInvocation.proceed(ReflectiveMethodInvocation.java:184) ~[spring-aop-6.2.12.jar!/:6.2.12]
	at org.springframework.aop.framework.CglibAopProxy$DynamicAdvisedInterceptor.intercept(CglibAopProxy.java:728) ~[spring-aop-6.2.12.jar!/:6.2.12]
	at com.nutanix.beam.hydra.billing.worker.consumer.MeteringTaskConsumer$$SpringCGLIB$$0.executeTemporalTask(<generated>) ~[!/:0.0.1-SNAPSHOT]
	at com.nutanix.beam.hydra.billing.worker.temporal.activities.HydraModuleRoutineActivitiesImpl.meteringTask(HydraModuleRoutineActivitiesImpl.java:50) ~[!/:0.0.1-SNAPSHOT]
	at java.base/jdk.internal.reflect.DirectMethodHandleAccessor.invoke(DirectMethodHandleAccessor.java:103) ~[?:?]
	at java.base/java.lang.reflect.Method.invoke(Method.java:580) ~[?:?]
	at io.temporal.internal.activity.RootActivityInboundCallsInterceptor$POJOActivityInboundCallsInterceptor.executeActivity(RootActivityInboundCallsInterceptor.java:64) ~[temporal-sdk-1.28.4.jar!/:1.28.4]
	at io.temporal.internal.activity.RootActivityInboundCallsInterceptor.execute(RootActivityInboundCallsInterceptor.java:43) ~[temporal-sdk-1.28.4.jar!/:1.28.4]
	at io.temporal.internal.activity.ActivityTaskExecutors$BaseActivityTaskExecutor.execute(ActivityTaskExecutors.java:107) ~[temporal-sdk-1.28.4.jar!/:1.28.4]
	at io.temporal.internal.activity.ActivityTaskHandlerImpl.handle(ActivityTaskHandlerImpl.java:124) ~[temporal-sdk-1.28.4.jar!/:1.28.4]
	at io.temporal.internal.worker.ActivityWorker$TaskHandlerImpl.handleActivity(ActivityWorker.java:290) ~[temporal-sdk-1.28.4.jar!/:1.28.4]
	at io.temporal.internal.worker.ActivityWorker$TaskHandlerImpl.handle(ActivityWorker.java:254) ~[temporal-sdk-1.28.4.jar!/:1.28.4]
	at io.temporal.internal.worker.ActivityWorker$TaskHandlerImpl.handle(ActivityWorker.java:217) ~[temporal-sdk-1.28.4.jar!/:1.28.4]
	at io.temporal.internal.worker.PollTaskExecutor.lambda$process$1(PollTaskExecutor.java:96) ~[temporal-sdk-1.28.4.jar!/:1.28.4]
	at java.base/java.util.concurrent.ThreadPoolExecutor.runWorker(ThreadPoolExecutor.java:1144) ~[?:?]
	at java.base/java.util.concurrent.ThreadPoolExecutor$Worker.run(ThreadPoolExecutor.java:642) ~[?:?]
	at java.base/java.lang.Thread.run(Thread.java:1583) [?:?]
[2026-02-11T00:01:58.441Z] WARN Activity Executor taskQueue="hydra-billing-tasks", namespace="ncm-cg": 1 FilesMeteringLicenceUsageProvider:57 [] storage config not provided for the requested clusters : [[cd3caa79-323c-4844-9041-a007cbb87a86]]
[2026-02-11T00:01:58.442Z] WARN Activity Executor taskQueue="hydra-billing-tasks", namespace="ncm-cg": 1 ObjectsMeteringLicenceUsageProvider:52 [] storage config not provided for the requested clusters : [[cd3caa79-323c-4844-9041-a007cbb87a86]]
[2026-02-11T00:01:58.442Z] WARN Activity Executor taskQueue="hydra-billing-tasks", namespace="ncm-cg": 1 NCMMeteringLicenceUsageProvider:56 [] vcpu config not provided for the requested clusters : [[cd3caa79-323c-4844-9041-a007cbb87a86]]
[2026-02-11T00:01:58.442Z] WARN Activity Executor taskQueue="hydra-billing-tasks", namespace="ncm-cg": 1 NUSMeteringLicenceUsageProvider:53 [] storage config not provided for the requested clusters : [[cd3caa79-323c-4844-9041-a007cbb87a86]]
[2026-02-11T00:01:58.442Z] INFO Activity Executor taskQueue="hydra-billing-tasks", namespace="ncm-cg": 1 MeteringTaskHandler:469 [] TCO Details not found for cluster : 00063fb0-c3eb-3105-0000-00000001c483
[2026-02-11T00:01:58.443Z] INFO Activity Executor taskQueue="hydra-billing-tasks", namespace="ncm-cg": 1 MeteringTaskHandler:469 [] TCO Details not found for cluster : 0006437f-fcaf-c4c4-0000-0000000193e2
[2026-02-11T00:01:58.443Z] INFO Activity Executor taskQueue="hydra-billing-tasks", namespace="ncm-cg": 1 MeteringTaskHandler:128 [] Processing metering for segment start: [2026-01-01], end: [2026-01-31]
[2026-02-11T00:01:58.632Z] WARN Activity Executor taskQueue="hydra-billing-tasks", namespace="ncm-cg": 1 PrismMeteringLicenceUsageProvider:59 [] [LOW] : [301]vcpu config not provided for the requested clusters : [[cd3caa79-323c-4844-9041-a007cbb87a86]]
com.nutanix.beam.hydra.billing.worker.exception.HydraException: vcpu config not provided for the requested clusters : [[cd3caa79-323c-4844-9041-a007cbb87a86]]
	at com.nutanix.beam.hydra.billing.worker.util.MeteringUtil.validateVcpuConfig(MeteringUtil.java:469) ~[!/:0.0.1-SNAPSHOT]
	at com.nutanix.beam.hydra.billing.worker.provider.metering.licenseusage.PrismMeteringLicenceUsageProvider.fetchLicenceUsage(PrismMeteringLicenceUsageProvider.java:57) ~[!/:0.0.1-SNAPSHOT]
	at com.nutanix.beam.hydra.billing.worker.helper.LicenceUsageAndCostCompilerHelper.fetchPrismLicenceUsage(LicenceUsageAndCostCompilerHelper.java:178) ~[!/:0.0.1-SNAPSHOT]
	at com.nutanix.beam.hydra.billing.worker.helper.LicenceUsageAndCostCompilerHelper.populatePnPv1Licenses(LicenceUsageAndCostCompilerHelper.java:100) ~[!/:0.0.1-SNAPSHOT]
	at com.nutanix.beam.hydra.billing.worker.helper.LicenceUsageAndCostCompilerHelper.fetchLicenseCostData(LicenceUsageAndCostCompilerHelper.java:49) ~[!/:0.0.1-SNAPSHOT]
	at com.nutanix.beam.hydra.billing.worker.handler.MeteringTaskHandler.handleTask(MeteringTaskHandler.java:191) ~[!/:0.0.1-SNAPSHOT]
	at com.nutanix.beam.hydra.billing.worker.consumer.MeteringTaskConsumer.executeTemporalTask(MeteringTaskConsumer.java:67) ~[!/:0.0.1-SNAPSHOT]
	at java.base/jdk.internal.reflect.DirectMethodHandleAccessor.invoke(DirectMethodHandleAccessor.java:103) ~[?:?]
	at java.base/java.lang.reflect.Method.invoke(Method.java:580) ~[?:?]
	at org.springframework.aop.support.AopUtils.invokeJoinpointUsingReflection(AopUtils.java:360) ~[spring-aop-6.2.12.jar!/:6.2.12]
	at org.springframework.aop.framework.ReflectiveMethodInvocation.invokeJoinpoint(ReflectiveMethodInvocation.java:196) ~[spring-aop-6.2.12.jar!/:6.2.12]
	at org.springframework.aop.framework.ReflectiveMethodInvocation.proceed(ReflectiveMethodInvocation.java:163) ~[spring-aop-6.2.12.jar!/:6.2.12]
	at org.springframework.aop.interceptor.ExposeInvocationInterceptor.invoke(ExposeInvocationInterceptor.java:97) ~[spring-aop-6.2.12.jar!/:6.2.12]
	at org.springframework.aop.framework.ReflectiveMethodInvocation.proceed(ReflectiveMethodInvocation.java:184) ~[spring-aop-6.2.12.jar!/:6.2.12]
	at org.springframework.aop.framework.CglibAopProxy$DynamicAdvisedInterceptor.intercept(CglibAopProxy.java:728) ~[spring-aop-6.2.12.jar!/:6.2.12]
	at com.nutanix.beam.hydra.billing.worker.consumer.MeteringTaskConsumer$$SpringCGLIB$$0.executeTemporalTask(<generated>) ~[!/:0.0.1-SNAPSHOT]
	at com.nutanix.beam.hydra.billing.worker.temporal.activities.HydraModuleRoutineActivitiesImpl.meteringTask(HydraModuleRoutineActivitiesImpl.java:50) ~[!/:0.0.1-SNAPSHOT]
	at java.base/jdk.internal.reflect.DirectMethodHandleAccessor.invoke(DirectMethodHandleAccessor.java:103) ~[?:?]
	at java.base/java.lang.reflect.Method.invoke(Method.java:580) ~[?:?]
	at io.temporal.internal.activity.RootActivityInboundCallsInterceptor$POJOActivityInboundCallsInterceptor.executeActivity(RootActivityInboundCallsInterceptor.java:64) ~[temporal-sdk-1.28.4.jar!/:1.28.4]
	at io.temporal.internal.activity.RootActivityInboundCallsInterceptor.execute(RootActivityInboundCallsInterceptor.java:43) ~[temporal-sdk-1.28.4.jar!/:1.28.4]
	at io.temporal.internal.activity.ActivityTaskExecutors$BaseActivityTaskExecutor.execute(ActivityTaskExecutors.java:107) ~[temporal-sdk-1.28.4.jar!/:1.28.4]
	at io.temporal.internal.activity.ActivityTaskHandlerImpl.handle(ActivityTaskHandlerImpl.java:124) ~[temporal-sdk-1.28.4.jar!/:1.28.4]
	at io.temporal.internal.worker.ActivityWorker$TaskHandlerImpl.handleActivity(ActivityWorker.java:290) ~[temporal-sdk-1.28.4.jar!/:1.28.4]
	at io.temporal.internal.worker.ActivityWorker$TaskHandlerImpl.handle(ActivityWorker.java:254) ~[temporal-sdk-1.28.4.jar!/:1.28.4]
	at io.temporal.internal.worker.ActivityWorker$TaskHandlerImpl.handle(ActivityWorker.java:217) ~[temporal-sdk-1.28.4.jar!/:1.28.4]
	at io.temporal.internal.worker.PollTaskExecutor.lambda$process$1(PollTaskExecutor.java:96) ~[temporal-sdk-1.28.4.jar!/:1.28.4]
	at java.base/java.util.concurrent.ThreadPoolExecutor.runWorker(ThreadPoolExecutor.java:1144) ~[?:?]
	at java.base/java.util.concurrent.ThreadPoolExecutor$Worker.run(ThreadPoolExecutor.java:642) ~[?:?]
	at java.base/java.lang.Thread.run(Thread.java:1583) [?:?]
[2026-02-11T00:01:58.632Z] WARN Activity Executor taskQueue="hydra-billing-tasks", namespace="ncm-cg": 1 FlowMeteringLicenceUsageProvider:59 [] [LOW] : [301]vcpu config not provided for the requested clusters : [[cd3caa79-323c-4844-9041-a007cbb87a86]]
com.nutanix.beam.hydra.billing.worker.exception.HydraException: vcpu config not provided for the requested clusters : [[cd3caa79-323c-4844-9041-a007cbb87a86]]
	at com.nutanix.beam.hydra.billing.worker.util.MeteringUtil.validateVcpuConfig(MeteringUtil.java:469) ~[!/:0.0.1-SNAPSHOT]
	at com.nutanix.beam.hydra.billing.worker.provider.metering.licenseusage.FlowMeteringLicenceUsageProvider.fetchLicenceUsage(FlowMeteringLicenceUsageProvider.java:57) ~[!/:0.0.1-SNAPSHOT]
	at com.nutanix.beam.hydra.billing.worker.helper.LicenceUsageAndCostCompilerHelper.fetchFlowLicenceUsage(LicenceUsageAndCostCompilerHelper.java:193) ~[!/:0.0.1-SNAPSHOT]
	at com.nutanix.beam.hydra.billing.worker.helper.LicenceUsageAndCostCompilerHelper.populatePnPv1Licenses(LicenceUsageAndCostCompilerHelper.java:104) ~[!/:0.0.1-SNAPSHOT]
	at com.nutanix.beam.hydra.billing.worker.helper.LicenceUsageAndCostCompilerHelper.fetchLicenseCostData(LicenceUsageAndCostCompilerHelper.java:49) ~[!/:0.0.1-SNAPSHOT]
	at com.nutanix.beam.hydra.billing.worker.handler.MeteringTaskHandler.handleTask(MeteringTaskHandler.java:191) ~[!/:0.0.1-SNAPSHOT]
	at com.nutanix.beam.hydra.billing.worker.consumer.MeteringTaskConsumer.executeTemporalTask(MeteringTaskConsumer.java:67) ~[!/:0.0.1-SNAPSHOT]
	at java.base/jdk.internal.reflect.DirectMethodHandleAccessor.invoke(DirectMethodHandleAccessor.java:103) ~[?:?]
	at java.base/java.lang.reflect.Method.invoke(Method.java:580) ~[?:?]
	at org.springframework.aop.support.AopUtils.invokeJoinpointUsingReflection(AopUtils.java:360) ~[spring-aop-6.2.12.jar!/:6.2.12]
	at org.springframework.aop.framework.ReflectiveMethodInvocation.invokeJoinpoint(ReflectiveMethodInvocation.java:196) ~[spring-aop-6.2.12.jar!/:6.2.12]
	at org.springframework.aop.framework.ReflectiveMethodInvocation.proceed(ReflectiveMethodInvocation.java:163) ~[spring-aop-6.2.12.jar!/:6.2.12]
	at org.springframework.aop.interceptor.ExposeInvocationInterceptor.invoke(ExposeInvocationInterceptor.java:97) ~[spring-aop-6.2.12.jar!/:6.2.12]
	at org.springframework.aop.framework.ReflectiveMethodInvocation.proceed(ReflectiveMethodInvocation.java:184) ~[spring-aop-6.2.12.jar!/:6.2.12]
	at org.springframework.aop.framework.CglibAopProxy$DynamicAdvisedInterceptor.intercept(CglibAopProxy.java:728) ~[spring-aop-6.2.12.jar!/:6.2.12]
	at com.nutanix.beam.hydra.billing.worker.consumer.MeteringTaskConsumer$$SpringCGLIB$$0.executeTemporalTask(<generated>) ~[!/:0.0.1-SNAPSHOT]
	at com.nutanix.beam.hydra.billing.worker.temporal.activities.HydraModuleRoutineActivitiesImpl.meteringTask(HydraModuleRoutineActivitiesImpl.java:50) ~[!/:0.0.1-SNAPSHOT]
	at java.base/jdk.internal.reflect.DirectMethodHandleAccessor.invoke(DirectMethodHandleAccessor.java:103) ~[?:?]
	at java.base/java.lang.reflect.Method.invoke(Method.java:580) ~[?:?]
	at io.temporal.internal.activity.RootActivityInboundCallsInterceptor$POJOActivityInboundCallsInterceptor.executeActivity(RootActivityInboundCallsInterceptor.java:64) ~[temporal-sdk-1.28.4.jar!/:1.28.4]
	at io.temporal.internal.activity.RootActivityInboundCallsInterceptor.execute(RootActivityInboundCallsInterceptor.java:43) ~[temporal-sdk-1.28.4.jar!/:1.28.4]
	at io.temporal.internal.activity.ActivityTaskExecutors$BaseActivityTaskExecutor.execute(ActivityTaskExecutors.java:107) ~[temporal-sdk-1.28.4.jar!/:1.28.4]
	at io.temporal.internal.activity.ActivityTaskHandlerImpl.handle(ActivityTaskHandlerImpl.java:124) ~[temporal-sdk-1.28.4.jar!/:1.28.4]
	at io.temporal.internal.worker.ActivityWorker$TaskHandlerImpl.handleActivity(ActivityWorker.java:290) ~[temporal-sdk-1.28.4.jar!/:1.28.4]
	at io.temporal.internal.worker.ActivityWorker$TaskHandlerImpl.handle(ActivityWorker.java:254) ~[temporal-sdk-1.28.4.jar!/:1.28.4]
	at io.temporal.internal.worker.ActivityWorker$TaskHandlerImpl.handle(ActivityWorker.java:217) ~[temporal-sdk-1.28.4.jar!/:1.28.4]
	at io.temporal.internal.worker.PollTaskExecutor.lambda$process$1(PollTaskExecutor.java:96) ~[temporal-sdk-1.28.4.jar!/:1.28.4]
	at java.base/java.util.concurrent.ThreadPoolExecutor.runWorker(ThreadPoolExecutor.java:1144) ~[?:?]
	at java.base/java.util.concurrent.ThreadPoolExecutor$Worker.run(ThreadPoolExecutor.java:642) ~[?:?]
	at java.base/java.lang.Thread.run(Thread.java:1583) [?:?]
[2026-02-11T00:01:58.633Z] WARN Activity Executor taskQueue="hydra-billing-tasks", namespace="ncm-cg": 1 FilesMeteringLicenceUsageProvider:57 [] storage config not provided for the requested clusters : [[cd3caa79-323c-4844-9041-a007cbb87a86]]
[2026-02-11T00:01:58.633Z] WARN Activity Executor taskQueue="hydra-billing-tasks", namespace="ncm-cg": 1 ObjectsMeteringLicenceUsageProvider:52 [] storage config not provided for the requested clusters : [[cd3caa79-323c-4844-9041-a007cbb87a86]]
[2026-02-11T00:01:58.633Z] WARN Activity Executor taskQueue="hydra-billing-tasks", namespace="ncm-cg": 1 NCMMeteringLicenceUsageProvider:56 [] vcpu config not provided for the requested clusters : [[cd3caa79-323c-4844-9041-a007cbb87a86]]
[2026-02-11T00:01:58.634Z] WARN Activity Executor taskQueue="hydra-billing-tasks", namespace="ncm-cg": 1 NUSMeteringLicenceUsageProvider:53 [] storage config not provided for the requested clusters : [[cd3caa79-323c-4844-9041-a007cbb87a86]]
[2026-02-11T00:01:58.634Z] INFO Activity Executor taskQueue="hydra-billing-tasks", namespace="ncm-cg": 1 MeteringTaskHandler:469 [] TCO Details not found for cluster : 00063fb0-c3eb-3105-0000-00000001c483
[2026-02-11T00:01:58.634Z] INFO Activity Executor taskQueue="hydra-billing-tasks", namespace="ncm-cg": 1 MeteringTaskHandler:469 [] TCO Details not found for cluster : 0006437f-fcaf-c4c4-0000-0000000193e2
[2026-02-11T00:01:58.683Z] WARN Activity Executor taskQueue="hydra-billing-tasks", namespace="ncm-cg": 1 PrismMeteringLicenceUsageProvider:59 [] [LOW] : [301]vcpu config not provided for the requested clusters : [[cd3caa79-323c-4844-9041-a007cbb87a86]]
com.nutanix.beam.hydra.billing.worker.exception.HydraException: vcpu config not provided for the requested clusters : [[cd3caa79-323c-4844-9041-a007cbb87a86]]
	at com.nutanix.beam.hydra.billing.worker.util.MeteringUtil.validateVcpuConfig(MeteringUtil.java:469) ~[!/:0.0.1-SNAPSHOT]
	at com.nutanix.beam.hydra.billing.worker.provider.metering.licenseusage.PrismMeteringLicenceUsageProvider.fetchLicenceUsage(PrismMeteringLicenceUsageProvider.java:57) ~[!/:0.0.1-SNAPSHOT]
	at com.nutanix.beam.hydra.billing.worker.helper.LicenceUsageAndCostCompilerHelper.fetchPrismLicenceUsage(LicenceUsageAndCostCompilerHelper.java:178) ~[!/:0.0.1-SNAPSHOT]
	at com.nutanix.beam.hydra.billing.worker.helper.LicenceUsageAndCostCompilerHelper.populatePnPv1Licenses(LicenceUsageAndCostCompilerHelper.java:100) ~[!/:0.0.1-SNAPSHOT]
	at com.nutanix.beam.hydra.billing.worker.helper.LicenceUsageAndCostCompilerHelper.fetchLicenseCostData(LicenceUsageAndCostCompilerHelper.java:49) ~[!/:0.0.1-SNAPSHOT]
	at com.nutanix.beam.hydra.billing.worker.handler.MeteringTaskHandler.handleTask(MeteringTaskHandler.java:191) ~[!/:0.0.1-SNAPSHOT]
	at com.nutanix.beam.hydra.billing.worker.consumer.MeteringTaskConsumer.executeTemporalTask(MeteringTaskConsumer.java:67) ~[!/:0.0.1-SNAPSHOT]
	at java.base/jdk.internal.reflect.DirectMethodHandleAccessor.invoke(DirectMethodHandleAccessor.java:103) ~[?:?]
	at java.base/java.lang.reflect.Method.invoke(Method.java:580) ~[?:?]
	at org.springframework.aop.support.AopUtils.invokeJoinpointUsingReflection(AopUtils.java:360) ~[spring-aop-6.2.12.jar!/:6.2.12]
	at org.springframework.aop.framework.ReflectiveMethodInvocation.invokeJoinpoint(ReflectiveMethodInvocation.java:196) ~[spring-aop-6.2.12.jar!/:6.2.12]
	at org.springframework.aop.framework.ReflectiveMethodInvocation.proceed(ReflectiveMethodInvocation.java:163) ~[spring-aop-6.2.12.jar!/:6.2.12]
	at org.springframework.aop.interceptor.ExposeInvocationInterceptor.invoke(ExposeInvocationInterceptor.java:97) ~[spring-aop-6.2.12.jar!/:6.2.12]
	at org.springframework.aop.framework.ReflectiveMethodInvocation.proceed(ReflectiveMethodInvocation.java:184) ~[spring-aop-6.2.12.jar!/:6.2.12]
	at org.springframework.aop.framework.CglibAopProxy$DynamicAdvisedInterceptor.intercept(CglibAopProxy.java:728) ~[spring-aop-6.2.12.jar!/:6.2.12]
	at com.nutanix.beam.hydra.billing.worker.consumer.MeteringTaskConsumer$$SpringCGLIB$$0.executeTemporalTask(<generated>) ~[!/:0.0.1-SNAPSHOT]
	at com.nutanix.beam.hydra.billing.worker.temporal.activities.HydraModuleRoutineActivitiesImpl.meteringTask(HydraModuleRoutineActivitiesImpl.java:50) ~[!/:0.0.1-SNAPSHOT]
	at java.base/jdk.internal.reflect.DirectMethodHandleAccessor.invoke(DirectMethodHandleAccessor.java:103) ~[?:?]
	at java.base/java.lang.reflect.Method.invoke(Method.java:580) ~[?:?]
	at io.temporal.internal.activity.RootActivityInboundCallsInterceptor$POJOActivityInboundCallsInterceptor.executeActivity(RootActivityInboundCallsInterceptor.java:64) ~[temporal-sdk-1.28.4.jar!/:1.28.4]
	at io.temporal.internal.activity.RootActivityInboundCallsInterceptor.execute(RootActivityInboundCallsInterceptor.java:43) ~[temporal-sdk-1.28.4.jar!/:1.28.4]
	at io.temporal.internal.activity.ActivityTaskExecutors$BaseActivityTaskExecutor.execute(ActivityTaskExecutors.java:107) ~[temporal-sdk-1.28.4.jar!/:1.28.4]
	at io.temporal.internal.activity.ActivityTaskHandlerImpl.handle(ActivityTaskHandlerImpl.java:124) ~[temporal-sdk-1.28.4.jar!/:1.28.4]
	at io.temporal.internal.worker.ActivityWorker$TaskHandlerImpl.handleActivity(ActivityWorker.java:290) ~[temporal-sdk-1.28.4.jar!/:1.28.4]
	at io.temporal.internal.worker.ActivityWorker$TaskHandlerImpl.handle(ActivityWorker.java:254) ~[temporal-sdk-1.28.4.jar!/:1.28.4]
	at io.temporal.internal.worker.ActivityWorker$TaskHandlerImpl.handle(ActivityWorker.java:217) ~[temporal-sdk-1.28.4.jar!/:1.28.4]
	at io.temporal.internal.worker.PollTaskExecutor.lambda$process$1(PollTaskExecutor.java:96) ~[temporal-sdk-1.28.4.jar!/:1.28.4]
	at java.base/java.util.concurrent.ThreadPoolExecutor.runWorker(ThreadPoolExecutor.java:1144) ~[?:?]
	at java.base/java.util.concurrent.ThreadPoolExecutor$Worker.run(ThreadPoolExecutor.java:642) ~[?:?]
	at java.base/java.lang.Thread.run(Thread.java:1583) [?:?]
[2026-02-11T00:01:58.683Z] WARN Activity Executor taskQueue="hydra-billing-tasks", namespace="ncm-cg": 1 FlowMeteringLicenceUsageProvider:59 [] [LOW] : [301]vcpu config not provided for the requested clusters : [[cd3caa79-323c-4844-9041-a007cbb87a86]]
com.nutanix.beam.hydra.billing.worker.exception.HydraException: vcpu config not provided for the requested clusters : [[cd3caa79-323c-4844-9041-a007cbb87a86]]
	at com.nutanix.beam.hydra.billing.worker.util.MeteringUtil.validateVcpuConfig(MeteringUtil.java:469) ~[!/:0.0.1-SNAPSHOT]
	at com.nutanix.beam.hydra.billing.worker.provider.metering.licenseusage.FlowMeteringLicenceUsageProvider.fetchLicenceUsage(FlowMeteringLicenceUsageProvider.java:57) ~[!/:0.0.1-SNAPSHOT]
	at com.nutanix.beam.hydra.billing.worker.helper.LicenceUsageAndCostCompilerHelper.fetchFlowLicenceUsage(LicenceUsageAndCostCompilerHelper.java:193) ~[!/:0.0.1-SNAPSHOT]
	at com.nutanix.beam.hydra.billing.worker.helper.LicenceUsageAndCostCompilerHelper.populatePnPv1Licenses(LicenceUsageAndCostCompilerHelper.java:104) ~[!/:0.0.1-SNAPSHOT]
	at com.nutanix.beam.hydra.billing.worker.helper.LicenceUsageAndCostCompilerHelper.fetchLicenseCostData(LicenceUsageAndCostCompilerHelper.java:49) ~[!/:0.0.1-SNAPSHOT]
	at com.nutanix.beam.hydra.billing.worker.handler.MeteringTaskHandler.handleTask(MeteringTaskHandler.java:191) ~[!/:0.0.1-SNAPSHOT]
	at com.nutanix.beam.hydra.billing.worker.consumer.MeteringTaskConsumer.executeTemporalTask(MeteringTaskConsumer.java:67) ~[!/:0.0.1-SNAPSHOT]
	at java.base/jdk.internal.reflect.DirectMethodHandleAccessor.invoke(DirectMethodHandleAccessor.java:103) ~[?:?]
	at java.base/java.lang.reflect.Method.invoke(Method.java:580) ~[?:?]
	at org.springframework.aop.support.AopUtils.invokeJoinpointUsingReflection(AopUtils.java:360) ~[spring-aop-6.2.12.jar!/:6.2.12]
	at org.springframework.aop.framework.ReflectiveMethodInvocation.invokeJoinpoint(ReflectiveMethodInvocation.java:196) ~[spring-aop-6.2.12.jar!/:6.2.12]
	at org.springframework.aop.framework.ReflectiveMethodInvocation.proceed(ReflectiveMethodInvocation.java:163) ~[spring-aop-6.2.12.jar!/:6.2.12]
	at org.springframework.aop.interceptor.ExposeInvocationInterceptor.invoke(ExposeInvocationInterceptor.java:97) ~[spring-aop-6.2.12.jar!/:6.2.12]
	at org.springframework.aop.framework.ReflectiveMethodInvocation.proceed(ReflectiveMethodInvocation.java:184) ~[spring-aop-6.2.12.jar!/:6.2.12]
	at org.springframework.aop.framework.CglibAopProxy$DynamicAdvisedInterceptor.intercept(CglibAopProxy.java:728) ~[spring-aop-6.2.12.jar!/:6.2.12]
	at com.nutanix.beam.hydra.billing.worker.consumer.MeteringTaskConsumer$$SpringCGLIB$$0.executeTemporalTask(<generated>) ~[!/:0.0.1-SNAPSHOT]
	at com.nutanix.beam.hydra.billing.worker.temporal.activities.HydraModuleRoutineActivitiesImpl.meteringTask(HydraModuleRoutineActivitiesImpl.java:50) ~[!/:0.0.1-SNAPSHOT]
	at java.base/jdk.internal.reflect.DirectMethodHandleAccessor.invoke(DirectMethodHandleAccessor.java:103) ~[?:?]
	at java.base/java.lang.reflect.Method.invoke(Method.java:580) ~[?:?]
	at io.temporal.internal.activity.RootActivityInboundCallsInterceptor$POJOActivityInboundCallsInterceptor.executeActivity(RootActivityInboundCallsInterceptor.java:64) ~[temporal-sdk-1.28.4.jar!/:1.28.4]
	at io.temporal.internal.activity.RootActivityInboundCallsInterceptor.execute(RootActivityInboundCallsInterceptor.java:43) ~[temporal-sdk-1.28.4.jar!/:1.28.4]
	at io.temporal.internal.activity.ActivityTaskExecutors$BaseActivityTaskExecutor.execute(ActivityTaskExecutors.java:107) ~[temporal-sdk-1.28.4.jar!/:1.28.4]
	at io.temporal.internal.activity.ActivityTaskHandlerImpl.handle(ActivityTaskHandlerImpl.java:124) ~[temporal-sdk-1.28.4.jar!/:1.28.4]
	at io.temporal.internal.worker.ActivityWorker$TaskHandlerImpl.handleActivity(ActivityWorker.java:290) ~[temporal-sdk-1.28.4.jar!/:1.28.4]
	at io.temporal.internal.worker.ActivityWorker$TaskHandlerImpl.handle(ActivityWorker.java:254) ~[temporal-sdk-1.28.4.jar!/:1.28.4]
	at io.temporal.internal.worker.ActivityWorker$TaskHandlerImpl.handle(ActivityWorker.java:217) ~[temporal-sdk-1.28.4.jar!/:1.28.4]
	at io.temporal.internal.worker.PollTaskExecutor.lambda$process$1(PollTaskExecutor.java:96) ~[temporal-sdk-1.28.4.jar!/:1.28.4]
	at java.base/java.util.concurrent.ThreadPoolExecutor.runWorker(ThreadPoolExecutor.java:1144) ~[?:?]
	at java.base/java.util.concurrent.ThreadPoolExecutor$Worker.run(ThreadPoolExecutor.java:642) ~[?:?]
	at java.base/java.lang.Thread.run(Thread.java:1583) [?:?]
[2026-02-11T00:01:58.684Z] WARN Activity Executor taskQueue="hydra-billing-tasks", namespace="ncm-cg": 1 FilesMeteringLicenceUsageProvider:57 [] storage config not provided for the requested clusters : [[cd3caa79-323c-4844-9041-a007cbb87a86]]
[2026-02-11T00:01:58.684Z] WARN Activity Executor taskQueue="hydra-billing-tasks", namespace="ncm-cg": 1 ObjectsMeteringLicenceUsageProvider:52 [] storage config not provided for the requested clusters : [[cd3caa79-323c-4844-9041-a007cbb87a86]]
[2026-02-11T00:01:58.684Z] WARN Activity Executor taskQueue="hydra-billing-tasks", namespace="ncm-cg": 1 NCMMeteringLicenceUsageProvider:56 [] vcpu config not provided for the requested clusters : [[cd3caa79-323c-4844-9041-a007cbb87a86]]
[2026-02-11T00:01:58.684Z] WARN Activity Executor taskQueue="hydra-billing-tasks", namespace="ncm-cg": 1 NUSMeteringLicenceUsageProvider:53 [] storage config not provided for the requested clusters : [[cd3caa79-323c-4844-9041-a007cbb87a86]]
[2026-02-11T00:01:58.685Z] INFO Activity Executor taskQueue="hydra-billing-tasks", namespace="ncm-cg": 1 MeteringTaskHandler:469 [] TCO Details not found for cluster : 00063fb0-c3eb-3105-0000-00000001c483
[2026-02-11T00:01:58.685Z] INFO Activity Executor taskQueue="hydra-billing-tasks", namespace="ncm-cg": 1 MeteringTaskHandler:469 [] TCO Details not found for cluster : 0006437f-fcaf-c4c4-0000-0000000193e2
[2026-02-11T00:01:58.685Z] INFO Activity Executor taskQueue="hydra-billing-tasks", namespace="ncm-cg": 1 MeteringTaskHandler:128 [] Processing metering for segment start: [2026-02-01], end: [2026-02-10]
[2026-02-11T00:01:59.760Z] WARN Activity Executor taskQueue="hydra-billing-tasks", namespace="ncm-cg": 1 FilesMeteringLicenceUsageProvider:57 [] storage config not provided for the requested clusters : [[cd3caa79-323c-4844-9041-a007cbb87a86]]
[2026-02-11T00:01:59.760Z] WARN Activity Executor taskQueue="hydra-billing-tasks", namespace="ncm-cg": 1 ObjectsMeteringLicenceUsageProvider:52 [] storage config not provided for the requested clusters : [[cd3caa79-323c-4844-9041-a007cbb87a86]]
[2026-02-11T00:01:59.761Z] WARN Activity Executor taskQueue="hydra-billing-tasks", namespace="ncm-cg": 1 NUSMeteringLicenceUsageProvider:53 [] storage config not provided for the requested clusters : [[cd3caa79-323c-4844-9041-a007cbb87a86]]
[2026-02-11T00:01:59.769Z] INFO pool-12-thread-1 GuestVmRmProcessor:69 [] Processing GuestVM Resource metering and Instance costing for customer: [59d5de78-a964-5746-8c6e-677c4c7a79df] , batch : [b3a0fc67-a007-4179-b6ba-5643edad55c7]
[2026-02-11T00:01:59.773Z] INFO pool-12-thread-1 GuestVmRmProcessor:112 [] Computed IC for date : [10-02-2026] for customer: [59d5de78-a964-5746-8c6e-677c4c7a79df] , batch : [b3a0fc67-a007-4179-b6ba-5643edad55c7]
[2026-02-11T00:01:59.773Z] INFO pool-12-thread-1 GuestVmRmProcessor:112 [] Computed IC for date : [08-02-2026] for customer: [59d5de78-a964-5746-8c6e-677c4c7a79df] , batch : [b3a0fc67-a007-4179-b6ba-5643edad55c7]
[2026-02-11T00:01:59.773Z] INFO pool-12-thread-1 GuestVmRmProcessor:112 [] Computed IC for date : [07-02-2026] for customer: [59d5de78-a964-5746-8c6e-677c4c7a79df] , batch : [b3a0fc67-a007-4179-b6ba-5643edad55c7]
[2026-02-11T00:01:59.773Z] INFO pool-12-thread-1 GuestVmRmProcessor:112 [] Computed IC for date : [09-02-2026] for customer: [59d5de78-a964-5746-8c6e-677c4c7a79df] , batch : [b3a0fc67-a007-4179-b6ba-5643edad55c7]
[2026-02-11T00:01:59.884Z] INFO pool-12-thread-1 GuestVmRmProcessor:121 [] Successfully processed RM and IC for customer: [59d5de78-a964-5746-8c6e-677c4c7a79df] , batch : [b3a0fc67-a007-4179-b6ba-5643edad55c7]
[2026-02-11T00:01:59.885Z] INFO pool-12-thread-1 UnProvisionedRmProcessor:68 [] Processing Unprovisioned Resource metering and Instance costing for customer: [59d5de78-a964-5746-8c6e-677c4c7a79df] , batch : [b3a0fc67-a007-4179-b6ba-5643edad55c7]
[2026-02-11T00:01:59.948Z] INFO pool-12-thread-1 UnProvisionedRmProcessor:122 [] Successfully processed Unprovisioned RM and IC for customer: [59d5de78-a964-5746-8c6e-677c4c7a79df] , batch : [b3a0fc67-a007-4179-b6ba-5643edad55c7]
[2026-02-11T00:01:59.949Z] INFO pool-12-thread-1 OverProvisionedRmProcessor:56 [] Processing OverProvisioned Resource metering and Instance costing for customer: [59d5de78-a964-5746-8c6e-677c4c7a79df] , batch : [b3a0fc67-a007-4179-b6ba-5643edad55c7]
[2026-02-11T00:01:59.949Z] INFO pool-12-thread-1 OverProvisionedRmProcessor:93 [] Successfully processed OverProvisioned RM and IC for customer: [59d5de78-a964-5746-8c6e-677c4c7a79df] , batch : [b3a0fc67-a007-4179-b6ba-5643edad55c7]
[2026-02-11T00:01:59.955Z] INFO pool-12-thread-1 MeteringManager:44 [] Successfully processed metering for task : RmUnitTask{customerHash='59d5de78-a964-5746-8c6e-677c4c7a79df', clusterId='00063fb0-c3eb-3105-0000-00000001c483', batchId='b3a0fc67-a007-4179-b6ba-5643edad55c7', timePeriod=RmUnitTask.TimePeriod(start=1769904000, end=1770767999), taskId=5591a4d7-1c53-425e-8bb2-2dbe59289683}
[2026-02-11T00:01:59.956Z] INFO pool-12-thread-1 GuestVmRmProcessor:69 [] Processing GuestVM Resource metering and Instance costing for customer: [59d5de78-a964-5746-8c6e-677c4c7a79df] , batch : [b3a0fc67-a007-4179-b6ba-5643edad55c7]
[2026-02-11T00:01:59.956Z] INFO pool-12-thread-1 GuestVmRmProcessor:112 [] Computed IC for date : [10-02-2026] for customer: [59d5de78-a964-5746-8c6e-677c4c7a79df] , batch : [b3a0fc67-a007-4179-b6ba-5643edad55c7]
[2026-02-11T00:01:59.957Z] INFO pool-12-thread-1 GuestVmRmProcessor:112 [] Computed IC for date : [08-02-2026] for customer: [59d5de78-a964-5746-8c6e-677c4c7a79df] , batch : [b3a0fc67-a007-4179-b6ba-5643edad55c7]
[2026-02-11T00:01:59.957Z] INFO pool-12-thread-1 GuestVmRmProcessor:112 [] Computed IC for date : [07-02-2026] for customer: [59d5de78-a964-5746-8c6e-677c4c7a79df] , batch : [b3a0fc67-a007-4179-b6ba-5643edad55c7]
[2026-02-11T00:01:59.957Z] INFO pool-12-thread-1 GuestVmRmProcessor:112 [] Computed IC for date : [09-02-2026] for customer: [59d5de78-a964-5746-8c6e-677c4c7a79df] , batch : [b3a0fc67-a007-4179-b6ba-5643edad55c7]
[2026-02-11T00:02:00.057Z] INFO pool-12-thread-1 GuestVmRmProcessor:121 [] Successfully processed RM and IC for customer: [59d5de78-a964-5746-8c6e-677c4c7a79df] , batch : [b3a0fc67-a007-4179-b6ba-5643edad55c7]
[2026-02-11T00:02:00.057Z] INFO pool-12-thread-1 UnProvisionedRmProcessor:68 [] Processing Unprovisioned Resource metering and Instance costing for customer: [59d5de78-a964-5746-8c6e-677c4c7a79df] , batch : [b3a0fc67-a007-4179-b6ba-5643edad55c7]
[2026-02-11T00:02:00.058Z] INFO pool-12-thread-1 UnProvisionedRmProcessor:122 [] Successfully processed Unprovisioned RM and IC for customer: [59d5de78-a964-5746-8c6e-677c4c7a79df] , batch : [b3a0fc67-a007-4179-b6ba-5643edad55c7]
[2026-02-11T00:02:00.058Z] INFO pool-12-thread-1 OverProvisionedRmProcessor:56 [] Processing OverProvisioned Resource metering and Instance costing for customer: [59d5de78-a964-5746-8c6e-677c4c7a79df] , batch : [b3a0fc67-a007-4179-b6ba-5643edad55c7]
[2026-02-11T00:02:00.058Z] INFO pool-12-thread-1 OverProvisionedRmProcessor:93 [] Successfully processed OverProvisioned RM and IC for customer: [59d5de78-a964-5746-8c6e-677c4c7a79df] , batch : [b3a0fc67-a007-4179-b6ba-5643edad55c7]
[2026-02-11T00:02:00.058Z] INFO pool-12-thread-1 MeteringManager:44 [] Successfully processed metering for task : RmUnitTask{customerHash='59d5de78-a964-5746-8c6e-677c4c7a79df', clusterId='0006437f-fcaf-c4c4-0000-0000000193e2', batchId='b3a0fc67-a007-4179-b6ba-5643edad55c7', timePeriod=RmUnitTask.TimePeriod(start=1769904000, end=1770767999), taskId=9b487208-50e4-4d42-ad1d-2b4318fa12da}
[2026-02-11T00:02:00.553Z] WARN Activity Executor taskQueue="hydra-billing-tasks", namespace="ncm-cg": 1 FilesMeteringLicenceUsageProvider:57 [] storage config not provided for the requested clusters : [[cd3caa79-323c-4844-9041-a007cbb87a86]]
[2026-02-11T00:02:00.553Z] WARN Activity Executor taskQueue="hydra-billing-tasks", namespace="ncm-cg": 1 ObjectsMeteringLicenceUsageProvider:52 [] storage config not provided for the requested clusters : [[cd3caa79-323c-4844-9041-a007cbb87a86]]
[2026-02-11T00:02:00.554Z] WARN Activity Executor taskQueue="hydra-billing-tasks", namespace="ncm-cg": 1 NUSMeteringLicenceUsageProvider:53 [] storage config not provided for the requested clusters : [[cd3caa79-323c-4844-9041-a007cbb87a86]]
[2026-02-11T00:02:00.556Z] INFO pool-12-thread-1 GuestVmRmProcessor:69 [] Processing GuestVM Resource metering and Instance costing for customer: [59d5de78-a964-5746-8c6e-677c4c7a79df] , batch : [b3a0fc67-a007-4179-b6ba-5643edad55c7]
[2026-02-11T00:02:00.556Z] INFO pool-12-thread-1 GuestVmRmProcessor:112 [] Computed IC for date : [10-02-2026] for customer: [59d5de78-a964-5746-8c6e-677c4c7a79df] , batch : [b3a0fc67-a007-4179-b6ba-5643edad55c7]
[2026-02-11T00:02:00.557Z] INFO pool-12-thread-1 GuestVmRmProcessor:112 [] Computed IC for date : [08-02-2026] for customer: [59d5de78-a964-5746-8c6e-677c4c7a79df] , batch : [b3a0fc67-a007-4179-b6ba-5643edad55c7]
[2026-02-11T00:02:00.557Z] INFO pool-12-thread-1 GuestVmRmProcessor:112 [] Computed IC for date : [07-02-2026] for customer: [59d5de78-a964-5746-8c6e-677c4c7a79df] , batch : [b3a0fc67-a007-4179-b6ba-5643edad55c7]
[2026-02-11T00:02:00.557Z] INFO pool-12-thread-1 GuestVmRmProcessor:112 [] Computed IC for date : [09-02-2026] for customer: [59d5de78-a964-5746-8c6e-677c4c7a79df] , batch : [b3a0fc67-a007-4179-b6ba-5643edad55c7]
[2026-02-11T00:02:00.660Z] INFO pool-12-thread-1 GuestVmRmProcessor:121 [] Successfully processed RM and IC for customer: [59d5de78-a964-5746-8c6e-677c4c7a79df] , batch : [b3a0fc67-a007-4179-b6ba-5643edad55c7]
[2026-02-11T00:02:00.661Z] INFO pool-12-thread-1 UnProvisionedRmProcessor:68 [] Processing Unprovisioned Resource metering and Instance costing for customer: [59d5de78-a964-5746-8c6e-677c4c7a79df] , batch : [b3a0fc67-a007-4179-b6ba-5643edad55c7]
[2026-02-11T00:02:00.663Z] INFO pool-12-thread-1 UnProvisionedRmProcessor:113 [] Computed Unprovisioned IC for date : [10-02-2026] for customer: [59d5de78-a964-5746-8c6e-677c4c7a79df] , batch : [b3a0fc67-a007-4179-b6ba-5643edad55c7]
[2026-02-11T00:02:00.664Z] INFO pool-12-thread-1 UnProvisionedRmProcessor:113 [] Computed Unprovisioned IC for date : [08-02-2026] for customer: [59d5de78-a964-5746-8c6e-677c4c7a79df] , batch : [b3a0fc67-a007-4179-b6ba-5643edad55c7]
[2026-02-11T00:02:00.664Z] INFO pool-12-thread-1 UnProvisionedRmProcessor:113 [] Computed Unprovisioned IC for date : [07-02-2026] for customer: [59d5de78-a964-5746-8c6e-677c4c7a79df] , batch : [b3a0fc67-a007-4179-b6ba-5643edad55c7]
[2026-02-11T00:02:00.664Z] INFO pool-12-thread-1 UnProvisionedRmProcessor:113 [] Computed Unprovisioned IC for date : [09-02-2026] for customer: [59d5de78-a964-5746-8c6e-677c4c7a79df] , batch : [b3a0fc67-a007-4179-b6ba-5643edad55c7]
[2026-02-11T00:02:00.766Z] INFO pool-12-thread-1 UnProvisionedRmProcessor:122 [] Successfully processed Unprovisioned RM and IC for customer: [59d5de78-a964-5746-8c6e-677c4c7a79df] , batch : [b3a0fc67-a007-4179-b6ba-5643edad55c7]
[2026-02-11T00:02:00.766Z] INFO pool-12-thread-1 OverProvisionedRmProcessor:56 [] Processing OverProvisioned Resource metering and Instance costing for customer: [59d5de78-a964-5746-8c6e-677c4c7a79df] , batch : [b3a0fc67-a007-4179-b6ba-5643edad55c7]
[2026-02-11T00:02:00.768Z] INFO pool-12-thread-1 OverProvisionedRmProcessor:84 [] Computed OverProvisioned IC for date : [10-02-2026] for customer: [59d5de78-a964-5746-8c6e-677c4c7a79df] , batch : [b3a0fc67-a007-4179-b6ba-5643edad55c7]
[2026-02-11T00:02:00.768Z] INFO pool-12-thread-1 OverProvisionedRmProcessor:84 [] Computed OverProvisioned IC for date : [08-02-2026] for customer: [59d5de78-a964-5746-8c6e-677c4c7a79df] , batch : [b3a0fc67-a007-4179-b6ba-5643edad55c7]
[2026-02-11T00:02:00.768Z] INFO pool-12-thread-1 OverProvisionedRmProcessor:84 [] Computed OverProvisioned IC for date : [07-02-2026] for customer: [59d5de78-a964-5746-8c6e-677c4c7a79df] , batch : [b3a0fc67-a007-4179-b6ba-5643edad55c7]
[2026-02-11T00:02:00.768Z] INFO pool-12-thread-1 OverProvisionedRmProcessor:84 [] Computed OverProvisioned IC for date : [09-02-2026] for customer: [59d5de78-a964-5746-8c6e-677c4c7a79df] , batch : [b3a0fc67-a007-4179-b6ba-5643edad55c7]
[2026-02-11T00:02:00.863Z] INFO pool-12-thread-1 OverProvisionedRmProcessor:93 [] Successfully processed OverProvisioned RM and IC for customer: [59d5de78-a964-5746-8c6e-677c4c7a79df] , batch : [b3a0fc67-a007-4179-b6ba-5643edad55c7]
[2026-02-11T00:02:00.864Z] INFO pool-12-thread-1 MeteringManager:44 [] Successfully processed metering for task : RmUnitTask{customerHash='59d5de78-a964-5746-8c6e-677c4c7a79df', clusterId='00063fb0-c3eb-3105-0000-00000001c483', batchId='b3a0fc67-a007-4179-b6ba-5643edad55c7', timePeriod=RmUnitTask.TimePeriod(start=1769904000, end=1770767999), taskId=87db3b44-2887-4e92-81ff-f3c8c280d26e}
[2026-02-11T00:02:00.864Z] INFO pool-12-thread-1 GuestVmRmProcessor:69 [] Processing GuestVM Resource metering and Instance costing for customer: [59d5de78-a964-5746-8c6e-677c4c7a79df] , batch : [b3a0fc67-a007-4179-b6ba-5643edad55c7]
[2026-02-11T00:02:00.864Z] INFO pool-12-thread-1 GuestVmRmProcessor:112 [] Computed IC for date : [10-02-2026] for customer: [59d5de78-a964-5746-8c6e-677c4c7a79df] , batch : [b3a0fc67-a007-4179-b6ba-5643edad55c7]
[2026-02-11T00:02:00.865Z] INFO pool-12-thread-1 GuestVmRmProcessor:112 [] Computed IC for date : [08-02-2026] for customer: [59d5de78-a964-5746-8c6e-677c4c7a79df] , batch : [b3a0fc67-a007-4179-b6ba-5643edad55c7]
[2026-02-11T00:02:00.865Z] INFO pool-12-thread-1 GuestVmRmProcessor:112 [] Computed IC for date : [07-02-2026] for customer: [59d5de78-a964-5746-8c6e-677c4c7a79df] , batch : [b3a0fc67-a007-4179-b6ba-5643edad55c7]
[2026-02-11T00:02:00.865Z] INFO pool-12-thread-1 GuestVmRmProcessor:112 [] Computed IC for date : [09-02-2026] for customer: [59d5de78-a964-5746-8c6e-677c4c7a79df] , batch : [b3a0fc67-a007-4179-b6ba-5643edad55c7]
[2026-02-11T00:02:00.969Z] INFO pool-12-thread-1 GuestVmRmProcessor:121 [] Successfully processed RM and IC for customer: [59d5de78-a964-5746-8c6e-677c4c7a79df] , batch : [b3a0fc67-a007-4179-b6ba-5643edad55c7]
[2026-02-11T00:02:00.969Z] INFO pool-12-thread-1 UnProvisionedRmProcessor:68 [] Processing Unprovisioned Resource metering and Instance costing for customer: [59d5de78-a964-5746-8c6e-677c4c7a79df] , batch : [b3a0fc67-a007-4179-b6ba-5643edad55c7]
[2026-02-11T00:02:01.048Z] INFO pool-12-thread-1 UnProvisionedRmProcessor:113 [] Computed Unprovisioned IC for date : [10-02-2026] for customer: [59d5de78-a964-5746-8c6e-677c4c7a79df] , batch : [b3a0fc67-a007-4179-b6ba-5643edad55c7]
[2026-02-11T00:02:01.049Z] INFO pool-12-thread-1 UnProvisionedRmProcessor:113 [] Computed Unprovisioned IC for date : [08-02-2026] for customer: [59d5de78-a964-5746-8c6e-677c4c7a79df] , batch : [b3a0fc67-a007-4179-b6ba-5643edad55c7]
[2026-02-11T00:02:01.049Z] INFO pool-12-thread-1 UnProvisionedRmProcessor:113 [] Computed Unprovisioned IC for date : [07-02-2026] for customer: [59d5de78-a964-5746-8c6e-677c4c7a79df] , batch : [b3a0fc67-a007-4179-b6ba-5643edad55c7]
[2026-02-11T00:02:01.049Z] INFO pool-12-thread-1 UnProvisionedRmProcessor:113 [] Computed Unprovisioned IC for date : [09-02-2026] for customer: [59d5de78-a964-5746-8c6e-677c4c7a79df] , batch : [b3a0fc67-a007-4179-b6ba-5643edad55c7]
[2026-02-11T00:02:01.151Z] INFO pool-12-thread-1 UnProvisionedRmProcessor:122 [] Successfully processed Unprovisioned RM and IC for customer: [59d5de78-a964-5746-8c6e-677c4c7a79df] , batch : [b3a0fc67-a007-4179-b6ba-5643edad55c7]
[2026-02-11T00:02:01.151Z] INFO pool-12-thread-1 OverProvisionedRmProcessor:56 [] Processing OverProvisioned Resource metering and Instance costing for customer: [59d5de78-a964-5746-8c6e-677c4c7a79df] , batch : [b3a0fc67-a007-4179-b6ba-5643edad55c7]
[2026-02-11T00:02:01.152Z] INFO pool-12-thread-1 OverProvisionedRmProcessor:84 [] Computed OverProvisioned IC for date : [10-02-2026] for customer: [59d5de78-a964-5746-8c6e-677c4c7a79df] , batch : [b3a0fc67-a007-4179-b6ba-5643edad55c7]
[2026-02-11T00:02:01.152Z] INFO pool-12-thread-1 OverProvisionedRmProcessor:84 [] Computed OverProvisioned IC for date : [08-02-2026] for customer: [59d5de78-a964-5746-8c6e-677c4c7a79df] , batch : [b3a0fc67-a007-4179-b6ba-5643edad55c7]
[2026-02-11T00:02:01.152Z] INFO pool-12-thread-1 OverProvisionedRmProcessor:84 [] Computed OverProvisioned IC for date : [07-02-2026] for customer: [59d5de78-a964-5746-8c6e-677c4c7a79df] , batch : [b3a0fc67-a007-4179-b6ba-5643edad55c7]
[2026-02-11T00:02:01.152Z] INFO pool-12-thread-1 OverProvisionedRmProcessor:84 [] Computed OverProvisioned IC for date : [09-02-2026] for customer: [59d5de78-a964-5746-8c6e-677c4c7a79df] , batch : [b3a0fc67-a007-4179-b6ba-5643edad55c7]
[2026-02-11T00:02:01.249Z] INFO pool-12-thread-1 OverProvisionedRmProcessor:93 [] Successfully processed OverProvisioned RM and IC for customer: [59d5de78-a964-5746-8c6e-677c4c7a79df] , batch : [b3a0fc67-a007-4179-b6ba-5643edad55c7]
[2026-02-11T00:02:01.250Z] INFO pool-12-thread-1 MeteringManager:44 [] Successfully processed metering for task : RmUnitTask{customerHash='59d5de78-a964-5746-8c6e-677c4c7a79df', clusterId='0006437f-fcaf-c4c4-0000-0000000193e2', batchId='b3a0fc67-a007-4179-b6ba-5643edad55c7', timePeriod=RmUnitTask.TimePeriod(start=1769904000, end=1770767999), taskId=c2b5d0bb-154b-45ce-9dc3-65161787b3bf}
[2026-02-11T00:02:01.357Z] INFO Activity Executor taskQueue="hydra-billing-tasks", namespace="ncm-cg": 1 MeteringTaskHandler:234 [] Processed metering for customerHash: [59d5de78-a964-5746-8c6e-677c4c7a79df] with batchId : [b3a0fc67-a007-4179-b6ba-5643edad55c7] in time: [8] secs!
[2026-02-11T00:02:01.603Z] INFO Activity Executor taskQueue="hydra-billing-tasks", namespace="ncm-cg": 1 HydraModuleRoutineActivitiesImpl:34 [] Billing Activity Starts for jobId 114f1ff1-732d-494b-bf0b-8ad801fd8afd
[2026-02-11T00:02:01.629Z] INFO Activity Executor taskQueue="hydra-billing-tasks", namespace="ncm-cg": 1 DailyBillGenerator:99 [] Starting generating bills for customerHash: [59d5de78-a964-5746-8c6e-677c4c7a79df] from [2025-01-10] to [2026-02-10], workflowId: [114f1ff1-732d-494b-bf0b-8ad801fd8afd]
[2026-02-11T00:02:01.698Z] INFO Activity Executor taskQueue="hydra-billing-tasks", namespace="ncm-cg": 1 DailyBillGenerator:277 [] Found un-metered clusters on dates: [[]] for customerHash: [59d5de78-a964-5746-8c6e-677c4c7a79df]
[2026-02-11T00:02:01.704Z] INFO Activity Executor taskQueue="hydra-billing-tasks", namespace="ncm-cg": 1 DailyBillGenerator:119 [] Starting writing bill entities for segment start: [2025-01-10], end: [2025-01-31]
[2026-02-11T00:02:01.791Z] INFO Activity Executor taskQueue="hydra-billing-tasks", namespace="ncm-cg": 1 DailyBillGenerator:188 [] Found [0] clusters for customerHash : [59d5de78-a964-5746-8c6e-677c4c7a79df]
[2026-02-11T00:02:04.081Z] INFO Activity Executor taskQueue="hydra-billing-tasks", namespace="ncm-cg": 1 UnMeteredEntityWriter:82 [] No un-metered clusters found for customerHash: [59d5de78-a964-5746-8c6e-677c4c7a79df]
[2026-02-11T00:02:04.128Z] INFO Activity Executor taskQueue="hydra-billing-tasks", namespace="ncm-cg": 1 VmEntitiesWriter:238 [] Total VM config rows scanned: [0] for customerHash: [59d5de78-a964-5746-8c6e-677c4c7a79df], startDate: [2025-01-10], endDate: [2025-01-31]
[2026-02-11T00:02:04.128Z] INFO Activity Executor taskQueue="hydra-billing-tasks", namespace="ncm-cg": 1 DailyBillGenerator:119 [] Starting writing bill entities for segment start: [2025-02-01], end: [2025-02-28]
[2026-02-11T00:02:04.193Z] INFO Activity Executor taskQueue="hydra-billing-tasks", namespace="ncm-cg": 1 DailyBillGenerator:188 [] Found [0] clusters for customerHash : [59d5de78-a964-5746-8c6e-677c4c7a79df]
[2026-02-11T00:02:04.548Z] INFO Activity Executor taskQueue="hydra-billing-tasks", namespace="ncm-cg": 1 UnMeteredEntityWriter:82 [] No un-metered clusters found for customerHash: [59d5de78-a964-5746-8c6e-677c4c7a79df]
[2026-02-11T00:02:04.590Z] INFO Activity Executor taskQueue="hydra-billing-tasks", namespace="ncm-cg": 1 VmEntitiesWriter:238 [] Total VM config rows scanned: [0] for customerHash: [59d5de78-a964-5746-8c6e-677c4c7a79df], startDate: [2025-02-01], endDate: [2025-02-28]
[2026-02-11T00:02:04.591Z] INFO Activity Executor taskQueue="hydra-billing-tasks", namespace="ncm-cg": 1 DailyBillGenerator:119 [] Starting writing bill entities for segment start: [2025-03-01], end: [2025-03-31]
[2026-02-11T00:02:04.757Z] INFO Activity Executor taskQueue="hydra-billing-tasks", namespace="ncm-cg": 1 DailyBillGenerator:188 [] Found [0] clusters for customerHash : [59d5de78-a964-5746-8c6e-677c4c7a79df]
[2026-02-11T00:02:04.927Z] INFO Activity Executor taskQueue="hydra-billing-tasks", namespace="ncm-cg": 1 UnMeteredEntityWriter:82 [] No un-metered clusters found for customerHash: [59d5de78-a964-5746-8c6e-677c4c7a79df]
[2026-02-11T00:02:04.949Z] INFO Activity Executor taskQueue="hydra-billing-tasks", namespace="ncm-cg": 1 VmEntitiesWriter:238 [] Total VM config rows scanned: [0] for customerHash: [59d5de78-a964-5746-8c6e-677c4c7a79df], startDate: [2025-03-01], endDate: [2025-03-31]
[2026-02-11T00:02:04.950Z] INFO Activity Executor taskQueue="hydra-billing-tasks", namespace="ncm-cg": 1 DailyBillGenerator:119 [] Starting writing bill entities for segment start: [2025-04-01], end: [2025-04-30]
[2026-02-11T00:02:05.018Z] INFO Activity Executor taskQueue="hydra-billing-tasks", namespace="ncm-cg": 1 DailyBillGenerator:188 [] Found [0] clusters for customerHash : [59d5de78-a964-5746-8c6e-677c4c7a79df]
[2026-02-11T00:02:05.176Z] INFO Activity Executor taskQueue="hydra-billing-tasks", namespace="ncm-cg": 1 UnMeteredEntityWriter:82 [] No un-metered clusters found for customerHash: [59d5de78-a964-5746-8c6e-677c4c7a79df]
[2026-02-11T00:02:05.211Z] INFO Activity Executor taskQueue="hydra-billing-tasks", namespace="ncm-cg": 1 VmEntitiesWriter:238 [] Total VM config rows scanned: [0] for customerHash: [59d5de78-a964-5746-8c6e-677c4c7a79df], startDate: [2025-04-01], endDate: [2025-04-30]
[2026-02-11T00:02:05.211Z] INFO Activity Executor taskQueue="hydra-billing-tasks", namespace="ncm-cg": 1 DailyBillGenerator:119 [] Starting writing bill entities for segment start: [2025-05-01], end: [2025-05-31]
[2026-02-11T00:02:05.283Z] INFO Activity Executor taskQueue="hydra-billing-tasks", namespace="ncm-cg": 1 DailyBillGenerator:188 [] Found [0] clusters for customerHash : [59d5de78-a964-5746-8c6e-677c4c7a79df]
[2026-02-11T00:02:05.474Z] INFO Activity Executor taskQueue="hydra-billing-tasks", namespace="ncm-cg": 1 UnMeteredEntityWriter:82 [] No un-metered clusters found for customerHash: [59d5de78-a964-5746-8c6e-677c4c7a79df]
[2026-02-11T00:02:05.502Z] INFO Activity Executor taskQueue="hydra-billing-tasks", namespace="ncm-cg": 1 VmEntitiesWriter:238 [] Total VM config rows scanned: [0] for customerHash: [59d5de78-a964-5746-8c6e-677c4c7a79df], startDate: [2025-05-01], endDate: [2025-05-31]
[2026-02-11T00:02:05.502Z] INFO Activity Executor taskQueue="hydra-billing-tasks", namespace="ncm-cg": 1 DailyBillGenerator:119 [] Starting writing bill entities for segment start: [2025-06-01], end: [2025-06-30]
[2026-02-11T00:02:05.596Z] INFO Activity Executor taskQueue="hydra-billing-tasks", namespace="ncm-cg": 1 DailyBillGenerator:188 [] Found [0] clusters for customerHash : [59d5de78-a964-5746-8c6e-677c4c7a79df]
[2026-02-11T00:02:05.788Z] INFO Activity Executor taskQueue="hydra-billing-tasks", namespace="ncm-cg": 1 UnMeteredEntityWriter:82 [] No un-metered clusters found for customerHash: [59d5de78-a964-5746-8c6e-677c4c7a79df]
[2026-02-11T00:02:05.851Z] INFO Activity Executor taskQueue="hydra-billing-tasks", namespace="ncm-cg": 1 VmEntitiesWriter:238 [] Total VM config rows scanned: [0] for customerHash: [59d5de78-a964-5746-8c6e-677c4c7a79df], startDate: [2025-06-01], endDate: [2025-06-30]
[2026-02-11T00:02:05.852Z] INFO Activity Executor taskQueue="hydra-billing-tasks", namespace="ncm-cg": 1 DailyBillGenerator:119 [] Starting writing bill entities for segment start: [2025-07-01], end: [2025-07-31]
[2026-02-11T00:02:05.956Z] INFO Activity Executor taskQueue="hydra-billing-tasks", namespace="ncm-cg": 1 DailyBillGenerator:188 [] Found [0] clusters for customerHash : [59d5de78-a964-5746-8c6e-677c4c7a79df]
[2026-02-11T00:02:06.074Z] INFO Activity Executor taskQueue="hydra-billing-tasks", namespace="ncm-cg": 1 UnMeteredEntityWriter:82 [] No un-metered clusters found for customerHash: [59d5de78-a964-5746-8c6e-677c4c7a79df]
[2026-02-11T00:02:06.153Z] INFO Activity Executor taskQueue="hydra-billing-tasks", namespace="ncm-cg": 1 VmEntitiesWriter:238 [] Total VM config rows scanned: [0] for customerHash: [59d5de78-a964-5746-8c6e-677c4c7a79df], startDate: [2025-07-01], endDate: [2025-07-31]
[2026-02-11T00:02:06.153Z] INFO Activity Executor taskQueue="hydra-billing-tasks", namespace="ncm-cg": 1 DailyBillGenerator:119 [] Starting writing bill entities for segment start: [2025-08-01], end: [2025-08-31]
[2026-02-11T00:02:06.356Z] INFO Activity Executor taskQueue="hydra-billing-tasks", namespace="ncm-cg": 1 DailyBillGenerator:188 [] Found [0] clusters for customerHash : [59d5de78-a964-5746-8c6e-677c4c7a79df]
[2026-02-11T00:02:06.520Z] INFO Activity Executor taskQueue="hydra-billing-tasks", namespace="ncm-cg": 1 UnMeteredEntityWriter:82 [] No un-metered clusters found for customerHash: [59d5de78-a964-5746-8c6e-677c4c7a79df]
[2026-02-11T00:02:06.594Z] INFO Activity Executor taskQueue="hydra-billing-tasks", namespace="ncm-cg": 1 VmEntitiesWriter:238 [] Total VM config rows scanned: [0] for customerHash: [59d5de78-a964-5746-8c6e-677c4c7a79df], startDate: [2025-08-01], endDate: [2025-08-31]
[2026-02-11T00:02:06.595Z] INFO Activity Executor taskQueue="hydra-billing-tasks", namespace="ncm-cg": 1 DailyBillGenerator:119 [] Starting writing bill entities for segment start: [2025-09-01], end: [2025-09-30]
[2026-02-11T00:02:06.684Z] INFO Activity Executor taskQueue="hydra-billing-tasks", namespace="ncm-cg": 1 DailyBillGenerator:188 [] Found [0] clusters for customerHash : [59d5de78-a964-5746-8c6e-677c4c7a79df]
[2026-02-11T00:02:06.798Z] INFO Activity Executor taskQueue="hydra-billing-tasks", namespace="ncm-cg": 1 UnMeteredEntityWriter:82 [] No un-metered clusters found for customerHash: [59d5de78-a964-5746-8c6e-677c4c7a79df]
[2026-02-11T00:02:06.831Z] INFO Activity Executor taskQueue="hydra-billing-tasks", namespace="ncm-cg": 1 VmEntitiesWriter:238 [] Total VM config rows scanned: [0] for customerHash: [59d5de78-a964-5746-8c6e-677c4c7a79df], startDate: [2025-09-01], endDate: [2025-09-30]
[2026-02-11T00:02:06.832Z] INFO Activity Executor taskQueue="hydra-billing-tasks", namespace="ncm-cg": 1 DailyBillGenerator:119 [] Starting writing bill entities for segment start: [2025-10-01], end: [2025-10-31]
[2026-02-11T00:02:06.912Z] INFO Activity Executor taskQueue="hydra-billing-tasks", namespace="ncm-cg": 1 DailyBillGenerator:188 [] Found [0] clusters for customerHash : [59d5de78-a964-5746-8c6e-677c4c7a79df]
[2026-02-11T00:02:07.080Z] INFO Activity Executor taskQueue="hydra-billing-tasks", namespace="ncm-cg": 1 UnMeteredEntityWriter:82 [] No un-metered clusters found for customerHash: [59d5de78-a964-5746-8c6e-677c4c7a79df]
[2026-02-11T00:02:07.121Z] INFO Activity Executor taskQueue="hydra-billing-tasks", namespace="ncm-cg": 1 VmEntitiesWriter:238 [] Total VM config rows scanned: [0] for customerHash: [59d5de78-a964-5746-8c6e-677c4c7a79df], startDate: [2025-10-01], endDate: [2025-10-31]
[2026-02-11T00:02:07.121Z] INFO Activity Executor taskQueue="hydra-billing-tasks", namespace="ncm-cg": 1 DailyBillGenerator:119 [] Starting writing bill entities for segment start: [2025-11-01], end: [2025-11-30]
[2026-02-11T00:02:07.170Z] INFO Activity Executor taskQueue="hydra-billing-tasks", namespace="ncm-cg": 1 DailyBillGenerator:188 [] Found [0] clusters for customerHash : [59d5de78-a964-5746-8c6e-677c4c7a79df]
[2026-02-11T00:02:07.262Z] INFO Activity Executor taskQueue="hydra-billing-tasks", namespace="ncm-cg": 1 UnMeteredEntityWriter:82 [] No un-metered clusters found for customerHash: [59d5de78-a964-5746-8c6e-677c4c7a79df]
[2026-02-11T00:02:07.281Z] INFO Activity Executor taskQueue="hydra-billing-tasks", namespace="ncm-cg": 1 VmEntitiesWriter:238 [] Total VM config rows scanned: [0] for customerHash: [59d5de78-a964-5746-8c6e-677c4c7a79df], startDate: [2025-11-01], endDate: [2025-11-30]
[2026-02-11T00:02:07.281Z] INFO Activity Executor taskQueue="hydra-billing-tasks", namespace="ncm-cg": 1 DailyBillGenerator:119 [] Starting writing bill entities for segment start: [2025-12-01], end: [2025-12-31]
[2026-02-11T00:02:07.380Z] INFO Activity Executor taskQueue="hydra-billing-tasks", namespace="ncm-cg": 1 DailyBillGenerator:188 [] Found [0] clusters for customerHash : [59d5de78-a964-5746-8c6e-677c4c7a79df]
[2026-02-11T00:02:07.489Z] INFO Activity Executor taskQueue="hydra-billing-tasks", namespace="ncm-cg": 1 UnMeteredEntityWriter:82 [] No un-metered clusters found for customerHash: [59d5de78-a964-5746-8c6e-677c4c7a79df]
[2026-02-11T00:02:07.524Z] INFO Activity Executor taskQueue="hydra-billing-tasks", namespace="ncm-cg": 1 VmEntitiesWriter:238 [] Total VM config rows scanned: [0] for customerHash: [59d5de78-a964-5746-8c6e-677c4c7a79df], startDate: [2025-12-01], endDate: [2025-12-31]
[2026-02-11T00:02:07.525Z] INFO Activity Executor taskQueue="hydra-billing-tasks", namespace="ncm-cg": 1 DailyBillGenerator:119 [] Starting writing bill entities for segment start: [2026-01-01], end: [2026-01-31]
[2026-02-11T00:02:07.582Z] INFO Activity Executor taskQueue="hydra-billing-tasks", namespace="ncm-cg": 1 DailyBillGenerator:188 [] Found [0] clusters for customerHash : [59d5de78-a964-5746-8c6e-677c4c7a79df]
[2026-02-11T00:02:07.687Z] INFO Activity Executor taskQueue="hydra-billing-tasks", namespace="ncm-cg": 1 UnMeteredEntityWriter:82 [] No un-metered clusters found for customerHash: [59d5de78-a964-5746-8c6e-677c4c7a79df]
[2026-02-11T00:02:07.718Z] INFO Activity Executor taskQueue="hydra-billing-tasks", namespace="ncm-cg": 1 VmEntitiesWriter:238 [] Total VM config rows scanned: [0] for customerHash: [59d5de78-a964-5746-8c6e-677c4c7a79df], startDate: [2026-01-01], endDate: [2026-01-31]
[2026-02-11T00:02:07.719Z] INFO Activity Executor taskQueue="hydra-billing-tasks", namespace="ncm-cg": 1 DailyBillGenerator:119 [] Starting writing bill entities for segment start: [2026-02-01], end: [2026-02-10]
[2026-02-11T00:02:13.861Z] INFO Activity Executor taskQueue="hydra-billing-tasks", namespace="ncm-cg": 1 DailyBillGenerator:188 [] Found [2] clusters for customerHash : [59d5de78-a964-5746-8c6e-677c4c7a79df]
[2026-02-11T00:02:15.081Z] INFO Activity Executor taskQueue="hydra-billing-tasks", namespace="ncm-cg": 1 UnMeteredEntityWriter:82 [] No un-metered clusters found for customerHash: [59d5de78-a964-5746-8c6e-677c4c7a79df]
[2026-02-11T00:02:15.081Z] INFO Activity Executor taskQueue="hydra-billing-tasks", namespace="ncm-cg": 1 UnprovisionedEntityWriter:117 [] Un-provisioned entity found for clusterIds: [[00063fb0-c3eb-3105-0000-00000001c483, 0006437f-fcaf-c4c4-0000-0000000193e2]] on date: [2026-02-07]
[2026-02-11T00:02:15.093Z] WARN Activity Executor taskQueue="hydra-billing-tasks", namespace="ncm-cg": 1 EntitiesWriter:259 [] Optional Target model exclusive hardware exists for clusterId : [00063fb0-c3eb-3105-0000-00000001c483] , date : [2026-02-07], hardware: [UNPROVISIONED_VCPU]
[2026-02-11T00:02:15.094Z] WARN Activity Executor taskQueue="hydra-billing-tasks", namespace="ncm-cg": 1 UnprovisionedEntityWriter:180 [] [Found selective Target model exclusive Hardware] : [Returning null.]
[2026-02-11T00:02:15.098Z] WARN Activity Executor taskQueue="hydra-billing-tasks", namespace="ncm-cg": 1 EntitiesWriter:259 [] Optional Target model exclusive hardware exists for clusterId : [0006437f-fcaf-c4c4-0000-0000000193e2] , date : [2026-02-07], hardware: [UNPROVISIONED_VCPU]
[2026-02-11T00:02:15.099Z] WARN Activity Executor taskQueue="hydra-billing-tasks", namespace="ncm-cg": 1 UnprovisionedEntityWriter:180 [] [Found selective Target model exclusive Hardware] : [Returning null.]
[2026-02-11T00:02:15.100Z] INFO Activity Executor taskQueue="hydra-billing-tasks", namespace="ncm-cg": 1 UnprovisionedEntityWriter:117 [] Un-provisioned entity found for clusterIds: [[00063fb0-c3eb-3105-0000-00000001c483, 0006437f-fcaf-c4c4-0000-0000000193e2]] on date: [2026-02-08]
[2026-02-11T00:02:15.102Z] WARN Activity Executor taskQueue="hydra-billing-tasks", namespace="ncm-cg": 1 EntitiesWriter:259 [] Optional Target model exclusive hardware exists for clusterId : [00063fb0-c3eb-3105-0000-00000001c483] , date : [2026-02-08], hardware: [UNPROVISIONED_VCPU]
[2026-02-11T00:02:15.102Z] WARN Activity Executor taskQueue="hydra-billing-tasks", namespace="ncm-cg": 1 UnprovisionedEntityWriter:180 [] [Found selective Target model exclusive Hardware] : [Returning null.]
[2026-02-11T00:02:15.103Z] WARN Activity Executor taskQueue="hydra-billing-tasks", namespace="ncm-cg": 1 EntitiesWriter:259 [] Optional Target model exclusive hardware exists for clusterId : [0006437f-fcaf-c4c4-0000-0000000193e2] , date : [2026-02-08], hardware: [UNPROVISIONED_VCPU]
[2026-02-11T00:02:15.103Z] WARN Activity Executor taskQueue="hydra-billing-tasks", namespace="ncm-cg": 1 UnprovisionedEntityWriter:180 [] [Found selective Target model exclusive Hardware] : [Returning null.]
[2026-02-11T00:02:15.104Z] INFO Activity Executor taskQueue="hydra-billing-tasks", namespace="ncm-cg": 1 UnprovisionedEntityWriter:117 [] Un-provisioned entity found for clusterIds: [[00063fb0-c3eb-3105-0000-00000001c483, 0006437f-fcaf-c4c4-0000-0000000193e2]] on date: [2026-02-09]
[2026-02-11T00:02:15.105Z] WARN Activity Executor taskQueue="hydra-billing-tasks", namespace="ncm-cg": 1 EntitiesWriter:259 [] Optional Target model exclusive hardware exists for clusterId : [00063fb0-c3eb-3105-0000-00000001c483] , date : [2026-02-09], hardware: [UNPROVISIONED_VCPU]
[2026-02-11T00:02:15.105Z] WARN Activity Executor taskQueue="hydra-billing-tasks", namespace="ncm-cg": 1 UnprovisionedEntityWriter:180 [] [Found selective Target model exclusive Hardware] : [Returning null.]
[2026-02-11T00:02:15.107Z] WARN Activity Executor taskQueue="hydra-billing-tasks", namespace="ncm-cg": 1 EntitiesWriter:259 [] Optional Target model exclusive hardware exists for clusterId : [0006437f-fcaf-c4c4-0000-0000000193e2] , date : [2026-02-09], hardware: [UNPROVISIONED_VCPU]
[2026-02-11T00:02:15.107Z] WARN Activity Executor taskQueue="hydra-billing-tasks", namespace="ncm-cg": 1 UnprovisionedEntityWriter:180 [] [Found selective Target model exclusive Hardware] : [Returning null.]
[2026-02-11T00:02:15.108Z] INFO Activity Executor taskQueue="hydra-billing-tasks", namespace="ncm-cg": 1 UnprovisionedEntityWriter:117 [] Un-provisioned entity found for clusterIds: [[00063fb0-c3eb-3105-0000-00000001c483, 0006437f-fcaf-c4c4-0000-0000000193e2]] on date: [2026-02-10]
[2026-02-11T00:02:15.109Z] WARN Activity Executor taskQueue="hydra-billing-tasks", namespace="ncm-cg": 1 EntitiesWriter:259 [] Optional Target model exclusive hardware exists for clusterId : [00063fb0-c3eb-3105-0000-00000001c483] , date : [2026-02-10], hardware: [UNPROVISIONED_VCPU]
[2026-02-11T00:02:15.109Z] WARN Activity Executor taskQueue="hydra-billing-tasks", namespace="ncm-cg": 1 UnprovisionedEntityWriter:180 [] [Found selective Target model exclusive Hardware] : [Returning null.]
[2026-02-11T00:02:15.110Z] WARN Activity Executor taskQueue="hydra-billing-tasks", namespace="ncm-cg": 1 EntitiesWriter:259 [] Optional Target model exclusive hardware exists for clusterId : [00063fb0-c3eb-3105-0000-00000001c483] , date : [2026-02-10], hardware: [UNPROVISIONED_VDISK]
[2026-02-11T00:02:15.110Z] WARN Activity Executor taskQueue="hydra-billing-tasks", namespace="ncm-cg": 1 UnprovisionedEntityWriter:198 [] [Found selective Target model exclusive Hardware] : [Returning null.]
[2026-02-11T00:02:15.110Z] WARN Activity Executor taskQueue="hydra-billing-tasks", namespace="ncm-cg": 1 EntitiesWriter:259 [] Optional Target model exclusive hardware exists for clusterId : [0006437f-fcaf-c4c4-0000-0000000193e2] , date : [2026-02-10], hardware: [UNPROVISIONED_VCPU]
[2026-02-11T00:02:15.110Z] WARN Activity Executor taskQueue="hydra-billing-tasks", namespace="ncm-cg": 1 UnprovisionedEntityWriter:180 [] [Found selective Target model exclusive Hardware] : [Returning null.]
[2026-02-11T00:02:15.112Z] INFO Activity Executor taskQueue="hydra-billing-tasks", namespace="ncm-cg": 1 OverprovisionedEntityWriter:117 [] Over-provisioned entity found for clusterIds: [[00063fb0-c3eb-3105-0000-00000001c483, 0006437f-fcaf-c4c4-0000-0000000193e2]] on date: [2026-02-07] for customerHash: [59d5de78-a964-5746-8c6e-677c4c7a79df]
[2026-02-11T00:02:15.113Z] WARN Activity Executor taskQueue="hydra-billing-tasks", namespace="ncm-cg": 1 EntitiesWriter:259 [] Optional Target model exclusive hardware exists for clusterId : [00063fb0-c3eb-3105-0000-00000001c483] , date : [2026-02-07], hardware: [OVERPROVISIONED_VRAM]
[2026-02-11T00:02:15.113Z] WARN Activity Executor taskQueue="hydra-billing-tasks", namespace="ncm-cg": 1 OverprovisionedEntityWriter:190 [] [Found selective Target model exclusive Hardware] : [Returning null.]
[2026-02-11T00:02:15.114Z] WARN Activity Executor taskQueue="hydra-billing-tasks", namespace="ncm-cg": 1 EntitiesWriter:259 [] Optional Target model exclusive hardware exists for clusterId : [00063fb0-c3eb-3105-0000-00000001c483] , date : [2026-02-07], hardware: [OVERPROVISIONED_VDISK]
[2026-02-11T00:02:15.114Z] WARN Activity Executor taskQueue="hydra-billing-tasks", namespace="ncm-cg": 1 OverprovisionedEntityWriter:199 [] [Found selective Target model exclusive Hardware] : [Returning null.]
[2026-02-11T00:02:15.114Z] WARN Activity Executor taskQueue="hydra-billing-tasks", namespace="ncm-cg": 1 EntitiesWriter:259 [] Optional Target model exclusive hardware exists for clusterId : [0006437f-fcaf-c4c4-0000-0000000193e2] , date : [2026-02-07], hardware: [OVERPROVISIONED_VRAM]
[2026-02-11T00:02:15.115Z] WARN Activity Executor taskQueue="hydra-billing-tasks", namespace="ncm-cg": 1 OverprovisionedEntityWriter:190 [] [Found selective Target model exclusive Hardware] : [Returning null.]
[2026-02-11T00:02:15.115Z] WARN Activity Executor taskQueue="hydra-billing-tasks", namespace="ncm-cg": 1 EntitiesWriter:259 [] Optional Target model exclusive hardware exists for clusterId : [0006437f-fcaf-c4c4-0000-0000000193e2] , date : [2026-02-07], hardware: [OVERPROVISIONED_VDISK]
[2026-02-11T00:02:15.148Z] WARN Activity Executor taskQueue="hydra-billing-tasks", namespace="ncm-cg": 1 OverprovisionedEntityWriter:199 [] [Found selective Target model exclusive Hardware] : [Returning null.]
[2026-02-11T00:02:15.149Z] INFO Activity Executor taskQueue="hydra-billing-tasks", namespace="ncm-cg": 1 OverprovisionedEntityWriter:117 [] Over-provisioned entity found for clusterIds: [[00063fb0-c3eb-3105-0000-00000001c483, 0006437f-fcaf-c4c4-0000-0000000193e2]] on date: [2026-02-08] for customerHash: [59d5de78-a964-5746-8c6e-677c4c7a79df]
[2026-02-11T00:02:15.151Z] WARN Activity Executor taskQueue="hydra-billing-tasks", namespace="ncm-cg": 1 EntitiesWriter:259 [] Optional Target model exclusive hardware exists for clusterId : [00063fb0-c3eb-3105-0000-00000001c483] , date : [2026-02-08], hardware: [OVERPROVISIONED_VRAM]
[2026-02-11T00:02:15.151Z] WARN Activity Executor taskQueue="hydra-billing-tasks", namespace="ncm-cg": 1 OverprovisionedEntityWriter:190 [] [Found selective Target model exclusive Hardware] : [Returning null.]
[2026-02-11T00:02:15.151Z] WARN Activity Executor taskQueue="hydra-billing-tasks", namespace="ncm-cg": 1 EntitiesWriter:259 [] Optional Target model exclusive hardware exists for clusterId : [00063fb0-c3eb-3105-0000-00000001c483] , date : [2026-02-08], hardware: [OVERPROVISIONED_VDISK]
[2026-02-11T00:02:15.152Z] WARN Activity Executor taskQueue="hydra-billing-tasks", namespace="ncm-cg": 1 OverprovisionedEntityWriter:199 [] [Found selective Target model exclusive Hardware] : [Returning null.]
[2026-02-11T00:02:15.153Z] WARN Activity Executor taskQueue="hydra-billing-tasks", namespace="ncm-cg": 1 EntitiesWriter:259 [] Optional Target model exclusive hardware exists for clusterId : [0006437f-fcaf-c4c4-0000-0000000193e2] , date : [2026-02-08], hardware: [OVERPROVISIONED_VRAM]
[2026-02-11T00:02:15.153Z] WARN Activity Executor taskQueue="hydra-billing-tasks", namespace="ncm-cg": 1 OverprovisionedEntityWriter:190 [] [Found selective Target model exclusive Hardware] : [Returning null.]
[2026-02-11T00:02:15.153Z] WARN Activity Executor taskQueue="hydra-billing-tasks", namespace="ncm-cg": 1 EntitiesWriter:259 [] Optional Target model exclusive hardware exists for clusterId : [0006437f-fcaf-c4c4-0000-0000000193e2] , date : [2026-02-08], hardware: [OVERPROVISIONED_VDISK]
[2026-02-11T00:02:15.153Z] WARN Activity Executor taskQueue="hydra-billing-tasks", namespace="ncm-cg": 1 OverprovisionedEntityWriter:199 [] [Found selective Target model exclusive Hardware] : [Returning null.]
[2026-02-11T00:02:15.154Z] INFO Activity Executor taskQueue="hydra-billing-tasks", namespace="ncm-cg": 1 OverprovisionedEntityWriter:117 [] Over-provisioned entity found for clusterIds: [[00063fb0-c3eb-3105-0000-00000001c483, 0006437f-fcaf-c4c4-0000-0000000193e2]] on date: [2026-02-09] for customerHash: [59d5de78-a964-5746-8c6e-677c4c7a79df]
[2026-02-11T00:02:15.154Z] WARN Activity Executor taskQueue="hydra-billing-tasks", namespace="ncm-cg": 1 EntitiesWriter:259 [] Optional Target model exclusive hardware exists for clusterId : [00063fb0-c3eb-3105-0000-00000001c483] , date : [2026-02-09], hardware: [OVERPROVISIONED_VRAM]
[2026-02-11T00:02:15.155Z] WARN Activity Executor taskQueue="hydra-billing-tasks", namespace="ncm-cg": 1 OverprovisionedEntityWriter:190 [] [Found selective Target model exclusive Hardware] : [Returning null.]
[2026-02-11T00:02:15.155Z] WARN Activity Executor taskQueue="hydra-billing-tasks", namespace="ncm-cg": 1 EntitiesWriter:259 [] Optional Target model exclusive hardware exists for clusterId : [00063fb0-c3eb-3105-0000-00000001c483] , date : [2026-02-09], hardware: [OVERPROVISIONED_VDISK]
[2026-02-11T00:02:15.155Z] WARN Activity Executor taskQueue="hydra-billing-tasks", namespace="ncm-cg": 1 OverprovisionedEntityWriter:199 [] [Found selective Target model exclusive Hardware] : [Returning null.]
[2026-02-11T00:02:15.155Z] WARN Activity Executor taskQueue="hydra-billing-tasks", namespace="ncm-cg": 1 EntitiesWriter:259 [] Optional Target model exclusive hardware exists for clusterId : [0006437f-fcaf-c4c4-0000-0000000193e2] , date : [2026-02-09], hardware: [OVERPROVISIONED_VRAM]
[2026-02-11T00:02:15.156Z] WARN Activity Executor taskQueue="hydra-billing-tasks", namespace="ncm-cg": 1 OverprovisionedEntityWriter:190 [] [Found selective Target model exclusive Hardware] : [Returning null.]
[2026-02-11T00:02:15.156Z] WARN Activity Executor taskQueue="hydra-billing-tasks", namespace="ncm-cg": 1 EntitiesWriter:259 [] Optional Target model exclusive hardware exists for clusterId : [0006437f-fcaf-c4c4-0000-0000000193e2] , date : [2026-02-09], hardware: [OVERPROVISIONED_VDISK]
[2026-02-11T00:02:15.156Z] WARN Activity Executor taskQueue="hydra-billing-tasks", namespace="ncm-cg": 1 OverprovisionedEntityWriter:199 [] [Found selective Target model exclusive Hardware] : [Returning null.]
[2026-02-11T00:02:15.156Z] INFO Activity Executor taskQueue="hydra-billing-tasks", namespace="ncm-cg": 1 OverprovisionedEntityWriter:117 [] Over-provisioned entity found for clusterIds: [[00063fb0-c3eb-3105-0000-00000001c483, 0006437f-fcaf-c4c4-0000-0000000193e2]] on date: [2026-02-10] for customerHash: [59d5de78-a964-5746-8c6e-677c4c7a79df]
[2026-02-11T00:02:15.157Z] WARN Activity Executor taskQueue="hydra-billing-tasks", namespace="ncm-cg": 1 EntitiesWriter:259 [] Optional Target model exclusive hardware exists for clusterId : [00063fb0-c3eb-3105-0000-00000001c483] , date : [2026-02-10], hardware: [OVERPROVISIONED_VRAM]
[2026-02-11T00:02:15.157Z] WARN Activity Executor taskQueue="hydra-billing-tasks", namespace="ncm-cg": 1 OverprovisionedEntityWriter:190 [] [Found selective Target model exclusive Hardware] : [Returning null.]
[2026-02-11T00:02:15.158Z] WARN Activity Executor taskQueue="hydra-billing-tasks", namespace="ncm-cg": 1 EntitiesWriter:259 [] Optional Target model exclusive hardware exists for clusterId : [0006437f-fcaf-c4c4-0000-0000000193e2] , date : [2026-02-10], hardware: [OVERPROVISIONED_VRAM]
[2026-02-11T00:02:15.158Z] WARN Activity Executor taskQueue="hydra-billing-tasks", namespace="ncm-cg": 1 OverprovisionedEntityWriter:190 [] [Found selective Target model exclusive Hardware] : [Returning null.]
[2026-02-11T00:02:15.158Z] WARN Activity Executor taskQueue="hydra-billing-tasks", namespace="ncm-cg": 1 EntitiesWriter:259 [] Optional Target model exclusive hardware exists for clusterId : [0006437f-fcaf-c4c4-0000-0000000193e2] , date : [2026-02-10], hardware: [OVERPROVISIONED_VDISK]
[2026-02-11T00:02:15.158Z] WARN Activity Executor taskQueue="hydra-billing-tasks", namespace="ncm-cg": 1 OverprovisionedEntityWriter:199 [] [Found selective Target model exclusive Hardware] : [Returning null.]
[2026-02-11T00:02:17.468Z] INFO Activity Executor taskQueue="hydra-billing-tasks", namespace="ncm-cg": 1 VmEntitiesWriter:176 [] [0] :: VMs found for cluster : [00063fb0-c3eb-3105-0000-00000001c483]
[2026-02-11T00:02:21.865Z] INFO Activity Executor taskQueue="hydra-billing-tasks", namespace="ncm-cg": 1 EntitiesWriter:152 [] Row count for day: [2026-02-08] is count: [12255], parts: [0]
[2026-02-11T00:02:24.264Z] INFO Activity Executor taskQueue="hydra-billing-tasks", namespace="ncm-cg": 1 EntitiesWriter:152 [] Row count for day: [2026-02-09] is count: [12255], parts: [0]
[2026-02-11T00:02:26.457Z] INFO Activity Executor taskQueue="hydra-billing-tasks", namespace="ncm-cg": 1 EntitiesWriter:152 [] Row count for day: [2026-02-10] is count: [12255], parts: [0]
[2026-02-11T00:02:28.556Z] INFO Activity Executor taskQueue="hydra-billing-tasks", namespace="ncm-cg": 1 EntitiesWriter:152 [] Row count for day: [2026-02-07] is count: [12255], parts: [0]
[2026-02-11T00:02:28.630Z] INFO Activity Executor taskQueue="hydra-billing-tasks", namespace="ncm-cg": 1 VmEntitiesWriter:176 [] [1] :: VMs found for cluster : [0006437f-fcaf-c4c4-0000-0000000193e2]
[2026-02-11T00:02:28.631Z] INFO Activity Executor taskQueue="hydra-billing-tasks", namespace="ncm-cg": 1 EntitiesWriter:152 [] Row count for day: [2026-02-07] is count: [12255], parts: [0]
[2026-02-11T00:02:28.637Z] INFO Activity Executor taskQueue="hydra-billing-tasks", namespace="ncm-cg": 1 EntitiesWriter:152 [] Row count for day: [2026-02-08] is count: [12408], parts: [0]
[2026-02-11T00:02:28.643Z] INFO Activity Executor taskQueue="hydra-billing-tasks", namespace="ncm-cg": 1 EntitiesWriter:152 [] Row count for day: [2026-02-09] is count: [12408], parts: [0]
[2026-02-11T00:02:28.649Z] INFO Activity Executor taskQueue="hydra-billing-tasks", namespace="ncm-cg": 1 EntitiesWriter:152 [] Row count for day: [2026-02-10] is count: [12408], parts: [0]
[2026-02-11T00:02:28.656Z] INFO Activity Executor taskQueue="hydra-billing-tasks", namespace="ncm-cg": 1 EntitiesWriter:152 [] Row count for day: [2026-02-07] is count: [12408], parts: [0]
[2026-02-11T00:02:28.656Z] INFO Activity Executor taskQueue="hydra-billing-tasks", namespace="ncm-cg": 1 VmEntitiesWriter:238 [] Total VM config rows scanned: [16536] for customerHash: [59d5de78-a964-5746-8c6e-677c4c7a79df], startDate: [2026-02-01], endDate: [2026-02-10]
[2026-02-11T00:02:28.656Z] INFO Activity Executor taskQueue="hydra-billing-tasks", namespace="ncm-cg": 1 DailyBillGenerator:141 [] Generated bills for customerHash: [59d5de78-a964-5746-8c6e-677c4c7a79df] in time: [27] secs!
[2026-02-11T00:02:28.857Z] INFO Activity Executor taskQueue="hydra-billing-tasks", namespace="ncm-cg": 1 DailyBillPublisher:91 [] Max current Publish Date: [2026-02-10], Max published date: [null], Max date for bill to be published: [2026-02-10]
[2026-02-11T00:02:28.857Z] INFO Activity Executor taskQueue="hydra-billing-tasks", namespace="ncm-cg": 1 DailyBillPublisher:178 [] Removing dates: [[20250110, 20250111, 20250128, 20250129, 20250130, 20250131, 20250116, 20250117, 20250118, 20250119, 20250112, 20250113, 20250114, 20250115, 20250124, 20250125, 20250126, 20250127, 20250120, 20250121, 20250122, 20250123]] from date to file paths. These bills wont be published as they are outside the range of manifest
[2026-02-11T00:02:28.861Z] INFO Activity Executor taskQueue="hydra-billing-tasks", namespace="ncm-cg": 1 DailyBillPublisher:101 [] Publishing new bills for date(s): [[20250929, 20250928, 20250930, 20250917, 20250916, 20250919, 20250918, 20250913, 20260129, 20250912, 20260128, 20250915, 20260131, 20250914, 20260130, 20250925, 20250924, 20250927, 20250926, 20250921, 20250920, 20250923, 20250922, 20250901, 20260117, 20260116, 20250903, 20260119, 20250902, 20260118, 20260113, 20260112, 20260115, 20260114, 20250909, 20260125, 20250908, 20260124, 20250911, 20260127, 20250910, 20260126, 20250905, 20260121, 20250904, 20260120, 20250907, 20260123, 20250906, 20260122, 20260101, 20260103, 20260102, 20260109, 20260108, 20260111, 20260110, 20260105, 20260104, 20260107, 20260106, 20260209, 20260208, 20260210, 20251005, 20251004, 20251007, 20251006, 20251001, 20251003, 20251002, 20260205, 20260204, 20260207, 20260206, 20260201, 20260203, 20260202, 20251029, 20251028, 20251031, 20251030, 20251025, 20251024, 20251027, 20251026, 20251013, 20251012, 20251015, 20251014, 20251009, 20251008, 20251011, 20251010, 20251021, 20251020, 20251023, 20251022, 20251017, 20251016, 20251019, 20251018, 20251125, 20251124, 20251127, 20251126, 20251121, 20251120, 20251123, 20251122, 20251129, 20251128, 20251130, 20251109, 20251108, 20251111, 20251110, 20251105, 20251104, 20251107, 20251106, 20251117, 20251116, 20251119, 20251118, 20251113, 20251112, 20251115, 20251114, 20251101, 20251103, 20251102, 20250629, 20250628, 20250630, 20250625, 20250624, 20250627, 20250626, 20250725, 20250724, 20250727, 20250726, 20250721, 20250720, 20250723, 20250722, 20250729, 20250728, 20250731, 20250730, 20250709, 20250708, 20250711, 20250710, 20250705, 20250704, 20250707, 20250706, 20250717, 20250716, 20250719, 20250718, 20250713, 20250712, 20250715, 20250714, 20250701, 20250703, 20250702, 20250805, 20250804, 20250807, 20250806, 20250801, 20250803, 20250802, 20250813, 20250812, 20250815, 20250814, 20250809, 20250808, 20250811, 20250810, 20250821, 20250820, 20250823, 20250822, 20250817, 20250816, 20250819, 20250818, 20250829, 20250828, 20250831, 20250830, 20250825, 20250824, 20250827, 20250826, 20250420, 20250421, 20250422, 20250423, 20250416, 20250417, 20250418, 20250419, 20250428, 20250429, 20250430, 20250424, 20250425, 20250426, 20250427, 20250404, 20250405, 20250406, 20250407, 20250401, 20250402, 20250403, 20250412, 20250413, 20250414, 20250415, 20250408, 20250409, 20250410, 20250411, 20250528, 20250529, 20250530, 20250531, 20250516, 20250517, 20250518, 20250519, 20250512, 20250513, 20250514, 20250515, 20250524, 20250525, 20250526, 20250527, 20250520, 20250521, 20250522, 20250523, 20250501, 20250502, 20250503, 20250508, 20250509, 20250510, 20250511, 20250504, 20250505, 20250506, 20250507, 20250612, 20250613, 20250614, 20250615, 20250608, 20250609, 20250610, 20250611, 20250620, 20250621, 20250622, 20250623, 20250616, 20250617, 20250618, 20250619, 20250604, 20250605, 20250606, 20250607, 20250601, 20250602, 20250603, 20250228, 20250224, 20250225, 20250226, 20250227, 20250212, 20250213, 20250214, 20250215, 20250208, 20250209, 20250210, 20250211, 20250220, 20250221, 20250222, 20250223, 20250216, 20250217, 20250218, 20250219, 20251221, 20251220, 20251223, 20251222, 20251217, 20251216, 20251219, 20251218, 20250204, 20251229, 20250205, 20251228, 20250206, 20251231, 20250207, 20251230, 20251225, 20250201, 20251224, 20250202, 20251227, 20250203, 20251226, 20251205, 20251204, 20251207, 20251206, 20251201, 20251203, 20251202, 20251213, 20251212, 20251215, 20251214, 20251209, 20251208, 20251211, 20251210, 20250301, 20250302, 20250303, 20250324, 20250325, 20250326, 20250327, 20250320, 20250321, 20250322, 20250323, 20250328, 20250329, 20250330, 20250331, 20250308, 20250309, 20250310, 20250311, 20250304, 20250305, 20250306, 20250307, 20250316, 20250317, 20250318, 20250319, 20250312, 20250313, 20250314, 20250315]], bills for date(s): [[]] already exist.
[2026-02-11T00:02:28.862Z] INFO Activity Executor taskQueue="hydra-billing-tasks", namespace="ncm-cg": 1 DailyBillPublisher:271 [] No Bill paths present for customerHash: [59d5de78-a964-5746-8c6e-677c4c7a79df] for date: [20250929] in workflowId: [114f1ff1-732d-494b-bf0b-8ad801fd8afd]
[2026-02-11T00:02:28.862Z] INFO Activity Executor taskQueue="hydra-billing-tasks", namespace="ncm-cg": 1 DailyBillPublisher:271 [] No Bill paths present for customerHash: [59d5de78-a964-5746-8c6e-677c4c7a79df] for date: [20250928] in workflowId: [114f1ff1-732d-494b-bf0b-8ad801fd8afd]
[2026-02-11T00:02:28.862Z] INFO Activity Executor taskQueue="hydra-billing-tasks", namespace="ncm-cg": 1 DailyBillPublisher:271 [] No Bill paths present for customerHash: [59d5de78-a964-5746-8c6e-677c4c7a79df] for date: [20250930] in workflowId: [114f1ff1-732d-494b-bf0b-8ad801fd8afd]
[2026-02-11T00:02:28.862Z] INFO Activity Executor taskQueue="hydra-billing-tasks", namespace="ncm-cg": 1 DailyBillPublisher:271 [] No Bill paths present for customerHash: [59d5de78-a964-5746-8c6e-677c4c7a79df] for date: [20250917] in workflowId: [114f1ff1-732d-494b-bf0b-8ad801fd8afd]
[2026-02-11T00:02:28.863Z] INFO Activity Executor taskQueue="hydra-billing-tasks", namespace="ncm-cg": 1 DailyBillPublisher:271 [] No Bill paths present for customerHash: [59d5de78-a964-5746-8c6e-677c4c7a79df] for date: [20250916] in workflowId: [114f1ff1-732d-494b-bf0b-8ad801fd8afd]
[2026-02-11T00:02:28.863Z] INFO Activity Executor taskQueue="hydra-billing-tasks", namespace="ncm-cg": 1 DailyBillPublisher:271 [] No Bill paths present for customerHash: [59d5de78-a964-5746-8c6e-677c4c7a79df] for date: [20250919] in workflowId: [114f1ff1-732d-494b-bf0b-8ad801fd8afd]
[2026-02-11T00:02:28.863Z] INFO Activity Executor taskQueue="hydra-billing-tasks", namespace="ncm-cg": 1 DailyBillPublisher:271 [] No Bill paths present for customerHash: [59d5de78-a964-5746-8c6e-677c4c7a79df] for date: [20250918] in workflowId: [114f1ff1-732d-494b-bf0b-8ad801fd8afd]
[2026-02-11T00:02:28.863Z] INFO Activity Executor taskQueue="hydra-billing-tasks", namespace="ncm-cg": 1 DailyBillPublisher:271 [] No Bill paths present for customerHash: [59d5de78-a964-5746-8c6e-677c4c7a79df] for date: [20250913] in workflowId: [114f1ff1-732d-494b-bf0b-8ad801fd8afd]
[2026-02-11T00:02:28.863Z] INFO Activity Executor taskQueue="hydra-billing-tasks", namespace="ncm-cg": 1 DailyBillPublisher:271 [] No Bill paths present for customerHash: [59d5de78-a964-5746-8c6e-677c4c7a79df] for date: [20260129] in workflowId: [114f1ff1-732d-494b-bf0b-8ad801fd8afd]
[2026-02-11T00:02:28.863Z] INFO Activity Executor taskQueue="hydra-billing-tasks", namespace="ncm-cg": 1 DailyBillPublisher:271 [] No Bill paths present for customerHash: [59d5de78-a964-5746-8c6e-677c4c7a79df] for date: [20250912] in workflowId: [114f1ff1-732d-494b-bf0b-8ad801fd8afd]
[2026-02-11T00:02:28.863Z] INFO Activity Executor taskQueue="hydra-billing-tasks", namespace="ncm-cg": 1 DailyBillPublisher:271 [] No Bill paths present for customerHash: [59d5de78-a964-5746-8c6e-677c4c7a79df] for date: [20260128] in workflowId: [114f1ff1-732d-494b-bf0b-8ad801fd8afd]
[2026-02-11T00:02:28.863Z] INFO Activity Executor taskQueue="hydra-billing-tasks", namespace="ncm-cg": 1 DailyBillPublisher:271 [] No Bill paths present for customerHash: [59d5de78-a964-5746-8c6e-677c4c7a79df] for date: [20250915] in workflowId: [114f1ff1-732d-494b-bf0b-8ad801fd8afd]
[2026-02-11T00:02:28.863Z] INFO Activity Executor taskQueue="hydra-billing-tasks", namespace="ncm-cg": 1 DailyBillPublisher:271 [] No Bill paths present for customerHash: [59d5de78-a964-5746-8c6e-677c4c7a79df] for date: [20260131] in workflowId: [114f1ff1-732d-494b-bf0b-8ad801fd8afd]
[2026-02-11T00:02:28.863Z] INFO Activity Executor taskQueue="hydra-billing-tasks", namespace="ncm-cg": 1 DailyBillPublisher:271 [] No Bill paths present for customerHash: [59d5de78-a964-5746-8c6e-677c4c7a79df] for date: [20250914] in workflowId: [114f1ff1-732d-494b-bf0b-8ad801fd8afd]
[2026-02-11T00:02:28.864Z] INFO Activity Executor taskQueue="hydra-billing-tasks", namespace="ncm-cg": 1 DailyBillPublisher:271 [] No Bill paths present for customerHash: [59d5de78-a964-5746-8c6e-677c4c7a79df] for date: [20260130] in workflowId: [114f1ff1-732d-494b-bf0b-8ad801fd8afd]
[2026-02-11T00:02:28.864Z] INFO Activity Executor taskQueue="hydra-billing-tasks", namespace="ncm-cg": 1 DailyBillPublisher:271 [] No Bill paths present for customerHash: [59d5de78-a964-5746-8c6e-677c4c7a79df] for date: [20250925] in workflowId: [114f1ff1-732d-494b-bf0b-8ad801fd8afd]
[2026-02-11T00:02:28.864Z] INFO Activity Executor taskQueue="hydra-billing-tasks", namespace="ncm-cg": 1 DailyBillPublisher:271 [] No Bill paths present for customerHash: [59d5de78-a964-5746-8c6e-677c4c7a79df] for date: [20250924] in workflowId: [114f1ff1-732d-494b-bf0b-8ad801fd8afd]
[2026-02-11T00:02:28.864Z] INFO Activity Executor taskQueue="hydra-billing-tasks", namespace="ncm-cg": 1 DailyBillPublisher:271 [] No Bill paths present for customerHash: [59d5de78-a964-5746-8c6e-677c4c7a79df] for date: [20250927] in workflowId: [114f1ff1-732d-494b-bf0b-8ad801fd8afd]
[2026-02-11T00:02:28.864Z] INFO Activity Executor taskQueue="hydra-billing-tasks", namespace="ncm-cg": 1 DailyBillPublisher:271 [] No Bill paths present for customerHash: [59d5de78-a964-5746-8c6e-677c4c7a79df] for date: [20250926] in workflowId: [114f1ff1-732d-494b-bf0b-8ad801fd8afd]
[2026-02-11T00:02:28.864Z] INFO Activity Executor taskQueue="hydra-billing-tasks", namespace="ncm-cg": 1 DailyBillPublisher:271 [] No Bill paths present for customerHash: [59d5de78-a964-5746-8c6e-677c4c7a79df] for date: [20250921] in workflowId: [114f1ff1-732d-494b-bf0b-8ad801fd8afd]
[2026-02-11T00:02:28.864Z] INFO Activity Executor taskQueue="hydra-billing-tasks", namespace="ncm-cg": 1 DailyBillPublisher:271 [] No Bill paths present for customerHash: [59d5de78-a964-5746-8c6e-677c4c7a79df] for date: [20250920] in workflowId: [114f1ff1-732d-494b-bf0b-8ad801fd8afd]
[2026-02-11T00:02:28.864Z] INFO Activity Executor taskQueue="hydra-billing-tasks", namespace="ncm-cg": 1 DailyBillPublisher:271 [] No Bill paths present for customerHash: [59d5de78-a964-5746-8c6e-677c4c7a79df] for date: [20250923] in workflowId: [114f1ff1-732d-494b-bf0b-8ad801fd8afd]
[2026-02-11T00:02:28.864Z] INFO Activity Executor taskQueue="hydra-billing-tasks", namespace="ncm-cg": 1 DailyBillPublisher:271 [] No Bill paths present for customerHash: [59d5de78-a964-5746-8c6e-677c4c7a79df] for date: [20250922] in workflowId: [114f1ff1-732d-494b-bf0b-8ad801fd8afd]
[2026-02-11T00:02:28.864Z] INFO Activity Executor taskQueue="hydra-billing-tasks", namespace="ncm-cg": 1 DailyBillPublisher:271 [] No Bill paths present for customerHash: [59d5de78-a964-5746-8c6e-677c4c7a79df] for date: [20250901] in workflowId: [114f1ff1-732d-494b-bf0b-8ad801fd8afd]
[2026-02-11T00:02:28.864Z] INFO Activity Executor taskQueue="hydra-billing-tasks", namespace="ncm-cg": 1 DailyBillPublisher:271 [] No Bill paths present for customerHash: [59d5de78-a964-5746-8c6e-677c4c7a79df] for date: [20260117] in workflowId: [114f1ff1-732d-494b-bf0b-8ad801fd8afd]
[2026-02-11T00:02:28.865Z] INFO Activity Executor taskQueue="hydra-billing-tasks", namespace="ncm-cg": 1 DailyBillPublisher:271 [] No Bill paths present for customerHash: [59d5de78-a964-5746-8c6e-677c4c7a79df] for date: [20260116] in workflowId: [114f1ff1-732d-494b-bf0b-8ad801fd8afd]
[2026-02-11T00:02:28.865Z] INFO Activity Executor taskQueue="hydra-billing-tasks", namespace="ncm-cg": 1 DailyBillPublisher:271 [] No Bill paths present for customerHash: [59d5de78-a964-5746-8c6e-677c4c7a79df] for date: [20250903] in workflowId: [114f1ff1-732d-494b-bf0b-8ad801fd8afd]
[2026-02-11T00:02:28.865Z] INFO Activity Executor taskQueue="hydra-billing-tasks", namespace="ncm-cg": 1 DailyBillPublisher:271 [] No Bill paths present for customerHash: [59d5de78-a964-5746-8c6e-677c4c7a79df] for date: [20260119] in workflowId: [114f1ff1-732d-494b-bf0b-8ad801fd8afd]
[2026-02-11T00:02:28.865Z] INFO Activity Executor taskQueue="hydra-billing-tasks", namespace="ncm-cg": 1 DailyBillPublisher:271 [] No Bill paths present for customerHash: [59d5de78-a964-5746-8c6e-677c4c7a79df] for date: [20250902] in workflowId: [114f1ff1-732d-494b-bf0b-8ad801fd8afd]
[2026-02-11T00:02:28.865Z] INFO Activity Executor taskQueue="hydra-billing-tasks", namespace="ncm-cg": 1 DailyBillPublisher:271 [] No Bill paths present for customerHash: [59d5de78-a964-5746-8c6e-677c4c7a79df] for date: [20260118] in workflowId: [114f1ff1-732d-494b-bf0b-8ad801fd8afd]
[2026-02-11T00:02:28.865Z] INFO Activity Executor taskQueue="hydra-billing-tasks", namespace="ncm-cg": 1 DailyBillPublisher:271 [] No Bill paths present for customerHash: [59d5de78-a964-5746-8c6e-677c4c7a79df] for date: [20260113] in workflowId: [114f1ff1-732d-494b-bf0b-8ad801fd8afd]
[2026-02-11T00:02:28.865Z] INFO Activity Executor taskQueue="hydra-billing-tasks", namespace="ncm-cg": 1 DailyBillPublisher:271 [] No Bill paths present for customerHash: [59d5de78-a964-5746-8c6e-677c4c7a79df] for date: [20260112] in workflowId: [114f1ff1-732d-494b-bf0b-8ad801fd8afd]
[2026-02-11T00:02:28.865Z] INFO Activity Executor taskQueue="hydra-billing-tasks", namespace="ncm-cg": 1 DailyBillPublisher:271 [] No Bill paths present for customerHash: [59d5de78-a964-5746-8c6e-677c4c7a79df] for date: [20260115] in workflowId: [114f1ff1-732d-494b-bf0b-8ad801fd8afd]
[2026-02-11T00:02:28.865Z] INFO Activity Executor taskQueue="hydra-billing-tasks", namespace="ncm-cg": 1 DailyBillPublisher:271 [] No Bill paths present for customerHash: [59d5de78-a964-5746-8c6e-677c4c7a79df] for date: [20260114] in workflowId: [114f1ff1-732d-494b-bf0b-8ad801fd8afd]
[2026-02-11T00:02:28.865Z] INFO Activity Executor taskQueue="hydra-billing-tasks", namespace="ncm-cg": 1 DailyBillPublisher:271 [] No Bill paths present for customerHash: [59d5de78-a964-5746-8c6e-677c4c7a79df] for date: [20250909] in workflowId: [114f1ff1-732d-494b-bf0b-8ad801fd8afd]
[2026-02-11T00:02:28.865Z] INFO Activity Executor taskQueue="hydra-billing-tasks", namespace="ncm-cg": 1 DailyBillPublisher:271 [] No Bill paths present for customerHash: [59d5de78-a964-5746-8c6e-677c4c7a79df] for date: [20260125] in workflowId: [114f1ff1-732d-494b-bf0b-8ad801fd8afd]
[2026-02-11T00:02:28.866Z] INFO Activity Executor taskQueue="hydra-billing-tasks", namespace="ncm-cg": 1 DailyBillPublisher:271 [] No Bill paths present for customerHash: [59d5de78-a964-5746-8c6e-677c4c7a79df] for date: [20250908] in workflowId: [114f1ff1-732d-494b-bf0b-8ad801fd8afd]
[2026-02-11T00:02:28.866Z] INFO Activity Executor taskQueue="hydra-billing-tasks", namespace="ncm-cg": 1 DailyBillPublisher:271 [] No Bill paths present for customerHash: [59d5de78-a964-5746-8c6e-677c4c7a79df] for date: [20260124] in workflowId: [114f1ff1-732d-494b-bf0b-8ad801fd8afd]
[2026-02-11T00:02:28.866Z] INFO Activity Executor taskQueue="hydra-billing-tasks", namespace="ncm-cg": 1 DailyBillPublisher:271 [] No Bill paths present for customerHash: [59d5de78-a964-5746-8c6e-677c4c7a79df] for date: [20250911] in workflowId: [114f1ff1-732d-494b-bf0b-8ad801fd8afd]
[2026-02-11T00:02:28.866Z] INFO Activity Executor taskQueue="hydra-billing-tasks", namespace="ncm-cg": 1 DailyBillPublisher:271 [] No Bill paths present for customerHash: [59d5de78-a964-5746-8c6e-677c4c7a79df] for date: [20260127] in workflowId: [114f1ff1-732d-494b-bf0b-8ad801fd8afd]
[2026-02-11T00:02:28.866Z] INFO Activity Executor taskQueue="hydra-billing-tasks", namespace="ncm-cg": 1 DailyBillPublisher:271 [] No Bill paths present for customerHash: [59d5de78-a964-5746-8c6e-677c4c7a79df] for date: [20250910] in workflowId: [114f1ff1-732d-494b-bf0b-8ad801fd8afd]
[2026-02-11T00:02:28.866Z] INFO Activity Executor taskQueue="hydra-billing-tasks", namespace="ncm-cg": 1 DailyBillPublisher:271 [] No Bill paths present for customerHash: [59d5de78-a964-5746-8c6e-677c4c7a79df] for date: [20260126] in workflowId: [114f1ff1-732d-494b-bf0b-8ad801fd8afd]
[2026-02-11T00:02:28.866Z] INFO Activity Executor taskQueue="hydra-billing-tasks", namespace="ncm-cg": 1 DailyBillPublisher:271 [] No Bill paths present for customerHash: [59d5de78-a964-5746-8c6e-677c4c7a79df] for date: [20250905] in workflowId: [114f1ff1-732d-494b-bf0b-8ad801fd8afd]
[2026-02-11T00:02:28.866Z] INFO Activity Executor taskQueue="hydra-billing-tasks", namespace="ncm-cg": 1 DailyBillPublisher:271 [] No Bill paths present for customerHash: [59d5de78-a964-5746-8c6e-677c4c7a79df] for date: [20260121] in workflowId: [114f1ff1-732d-494b-bf0b-8ad801fd8afd]
[2026-02-11T00:02:28.866Z] INFO Activity Executor taskQueue="hydra-billing-tasks", namespace="ncm-cg": 1 DailyBillPublisher:271 [] No Bill paths present for customerHash: [59d5de78-a964-5746-8c6e-677c4c7a79df] for date: [20250904] in workflowId: [114f1ff1-732d-494b-bf0b-8ad801fd8afd]
[2026-02-11T00:02:28.867Z] INFO Activity Executor taskQueue="hydra-billing-tasks", namespace="ncm-cg": 1 DailyBillPublisher:271 [] No Bill paths present for customerHash: [59d5de78-a964-5746-8c6e-677c4c7a79df] for date: [20260120] in workflowId: [114f1ff1-732d-494b-bf0b-8ad801fd8afd]
[2026-02-11T00:02:28.867Z] INFO Activity Executor taskQueue="hydra-billing-tasks", namespace="ncm-cg": 1 DailyBillPublisher:271 [] No Bill paths present for customerHash: [59d5de78-a964-5746-8c6e-677c4c7a79df] for date: [20250907] in workflowId: [114f1ff1-732d-494b-bf0b-8ad801fd8afd]
[2026-02-11T00:02:28.867Z] INFO Activity Executor taskQueue="hydra-billing-tasks", namespace="ncm-cg": 1 DailyBillPublisher:271 [] No Bill paths present for customerHash: [59d5de78-a964-5746-8c6e-677c4c7a79df] for date: [20260123] in workflowId: [114f1ff1-732d-494b-bf0b-8ad801fd8afd]
[2026-02-11T00:02:28.867Z] INFO Activity Executor taskQueue="hydra-billing-tasks", namespace="ncm-cg": 1 DailyBillPublisher:271 [] No Bill paths present for customerHash: [59d5de78-a964-5746-8c6e-677c4c7a79df] for date: [20250906] in workflowId: [114f1ff1-732d-494b-bf0b-8ad801fd8afd]
[2026-02-11T00:02:28.867Z] INFO Activity Executor taskQueue="hydra-billing-tasks", namespace="ncm-cg": 1 DailyBillPublisher:271 [] No Bill paths present for customerHash: [59d5de78-a964-5746-8c6e-677c4c7a79df] for date: [20260122] in workflowId: [114f1ff1-732d-494b-bf0b-8ad801fd8afd]
[2026-02-11T00:02:28.867Z] INFO Activity Executor taskQueue="hydra-billing-tasks", namespace="ncm-cg": 1 DailyBillPublisher:271 [] No Bill paths present for customerHash: [59d5de78-a964-5746-8c6e-677c4c7a79df] for date: [20260101] in workflowId: [114f1ff1-732d-494b-bf0b-8ad801fd8afd]
[2026-02-11T00:02:28.867Z] INFO Activity Executor taskQueue="hydra-billing-tasks", namespace="ncm-cg": 1 DailyBillPublisher:271 [] No Bill paths present for customerHash: [59d5de78-a964-5746-8c6e-677c4c7a79df] for date: [20260103] in workflowId: [114f1ff1-732d-494b-bf0b-8ad801fd8afd]
[2026-02-11T00:02:28.867Z] INFO Activity Executor taskQueue="hydra-billing-tasks", namespace="ncm-cg": 1 DailyBillPublisher:271 [] No Bill paths present for customerHash: [59d5de78-a964-5746-8c6e-677c4c7a79df] for date: [20260102] in workflowId: [114f1ff1-732d-494b-bf0b-8ad801fd8afd]
[2026-02-11T00:02:28.867Z] INFO Activity Executor taskQueue="hydra-billing-tasks", namespace="ncm-cg": 1 DailyBillPublisher:271 [] No Bill paths present for customerHash: [59d5de78-a964-5746-8c6e-677c4c7a79df] for date: [20260109] in workflowId: [114f1ff1-732d-494b-bf0b-8ad801fd8afd]
[2026-02-11T00:02:28.867Z] INFO Activity Executor taskQueue="hydra-billing-tasks", namespace="ncm-cg": 1 DailyBillPublisher:271 [] No Bill paths present for customerHash: [59d5de78-a964-5746-8c6e-677c4c7a79df] for date: [20260108] in workflowId: [114f1ff1-732d-494b-bf0b-8ad801fd8afd]
[2026-02-11T00:02:28.867Z] INFO Activity Executor taskQueue="hydra-billing-tasks", namespace="ncm-cg": 1 DailyBillPublisher:271 [] No Bill paths present for customerHash: [59d5de78-a964-5746-8c6e-677c4c7a79df] for date: [20260111] in workflowId: [114f1ff1-732d-494b-bf0b-8ad801fd8afd]
[2026-02-11T00:02:28.868Z] INFO Activity Executor taskQueue="hydra-billing-tasks", namespace="ncm-cg": 1 DailyBillPublisher:271 [] No Bill paths present for customerHash: [59d5de78-a964-5746-8c6e-677c4c7a79df] for date: [20260110] in workflowId: [114f1ff1-732d-494b-bf0b-8ad801fd8afd]
[2026-02-11T00:02:28.868Z] INFO Activity Executor taskQueue="hydra-billing-tasks", namespace="ncm-cg": 1 DailyBillPublisher:271 [] No Bill paths present for customerHash: [59d5de78-a964-5746-8c6e-677c4c7a79df] for date: [20260105] in workflowId: [114f1ff1-732d-494b-bf0b-8ad801fd8afd]
[2026-02-11T00:02:28.868Z] INFO Activity Executor taskQueue="hydra-billing-tasks", namespace="ncm-cg": 1 DailyBillPublisher:271 [] No Bill paths present for customerHash: [59d5de78-a964-5746-8c6e-677c4c7a79df] for date: [20260104] in workflowId: [114f1ff1-732d-494b-bf0b-8ad801fd8afd]
[2026-02-11T00:02:28.868Z] INFO Activity Executor taskQueue="hydra-billing-tasks", namespace="ncm-cg": 1 DailyBillPublisher:271 [] No Bill paths present for customerHash: [59d5de78-a964-5746-8c6e-677c4c7a79df] for date: [20260107] in workflowId: [114f1ff1-732d-494b-bf0b-8ad801fd8afd]
[2026-02-11T00:02:28.868Z] INFO Activity Executor taskQueue="hydra-billing-tasks", namespace="ncm-cg": 1 DailyBillPublisher:271 [] No Bill paths present for customerHash: [59d5de78-a964-5746-8c6e-677c4c7a79df] for date: [20260106] in workflowId: [114f1ff1-732d-494b-bf0b-8ad801fd8afd]
[2026-02-11T00:02:28.948Z] INFO Activity Executor taskQueue="hydra-billing-tasks", namespace="ncm-cg": 1 AwsClient:67 [] Putting object at path: /tmp/114f1ff1-732d-494b-bf0b-8ad801fd8afd/59d5de78-a964-5746-8c6e-677c4c7a79df/2026/FEBRUARY/9/bill-0.csv.gz, to S3 bucket: nx-bills at key: v2/59d5de78-a964-5746-8c6e-677c4c7a79df/2026/2/9/114f1ff1-732d-494b-bf0b-8ad801fd8afd/part-0.csv.gz
[2026-02-11T00:02:29.691Z] INFO Activity Executor taskQueue="hydra-billing-tasks", namespace="ncm-cg": 1 AwsClient:79 [] Object uploaded to bucket: nx-bills, with key: v2/59d5de78-a964-5746-8c6e-677c4c7a79df/2026/2/9/114f1ff1-732d-494b-bf0b-8ad801fd8afd/part-0.csv.gz from path: /tmp/114f1ff1-732d-494b-bf0b-8ad801fd8afd/59d5de78-a964-5746-8c6e-677c4c7a79df/2026/FEBRUARY/9/bill-0.csv.gz with version: 1
[2026-02-11T00:02:29.748Z] INFO Activity Executor taskQueue="hydra-billing-tasks", namespace="ncm-cg": 1 AwsClient:67 [] Putting object at path: /tmp/114f1ff1-732d-494b-bf0b-8ad801fd8afd/59d5de78-a964-5746-8c6e-677c4c7a79df/2026/FEBRUARY/8/bill-0.csv.gz, to S3 bucket: nx-bills at key: v2/59d5de78-a964-5746-8c6e-677c4c7a79df/2026/2/8/114f1ff1-732d-494b-bf0b-8ad801fd8afd/part-0.csv.gz
[2026-02-11T00:02:29.901Z] INFO Activity Executor taskQueue="hydra-billing-tasks", namespace="ncm-cg": 1 AwsClient:79 [] Object uploaded to bucket: nx-bills, with key: v2/59d5de78-a964-5746-8c6e-677c4c7a79df/2026/2/8/114f1ff1-732d-494b-bf0b-8ad801fd8afd/part-0.csv.gz from path: /tmp/114f1ff1-732d-494b-bf0b-8ad801fd8afd/59d5de78-a964-5746-8c6e-677c4c7a79df/2026/FEBRUARY/8/bill-0.csv.gz with version: 1
[2026-02-11T00:02:29.912Z] INFO Activity Executor taskQueue="hydra-billing-tasks", namespace="ncm-cg": 1 AwsClient:67 [] Putting object at path: /tmp/114f1ff1-732d-494b-bf0b-8ad801fd8afd/59d5de78-a964-5746-8c6e-677c4c7a79df/2026/FEBRUARY/10/bill-0.csv.gz, to S3 bucket: nx-bills at key: v2/59d5de78-a964-5746-8c6e-677c4c7a79df/2026/2/10/114f1ff1-732d-494b-bf0b-8ad801fd8afd/part-0.csv.gz
[2026-02-11T00:02:30.073Z] INFO Activity Executor taskQueue="hydra-billing-tasks", namespace="ncm-cg": 1 AwsClient:79 [] Object uploaded to bucket: nx-bills, with key: v2/59d5de78-a964-5746-8c6e-677c4c7a79df/2026/2/10/114f1ff1-732d-494b-bf0b-8ad801fd8afd/part-0.csv.gz from path: /tmp/114f1ff1-732d-494b-bf0b-8ad801fd8afd/59d5de78-a964-5746-8c6e-677c4c7a79df/2026/FEBRUARY/10/bill-0.csv.gz with version: 1
[2026-02-11T00:02:30.073Z] INFO Activity Executor taskQueue="hydra-billing-tasks", namespace="ncm-cg": 1 DailyBillPublisher:271 [] No Bill paths present for customerHash: [59d5de78-a964-5746-8c6e-677c4c7a79df] for date: [20251005] in workflowId: [114f1ff1-732d-494b-bf0b-8ad801fd8afd]
[2026-02-11T00:02:30.074Z] INFO Activity Executor taskQueue="hydra-billing-tasks", namespace="ncm-cg": 1 DailyBillPublisher:271 [] No Bill paths present for customerHash: [59d5de78-a964-5746-8c6e-677c4c7a79df] for date: [20251004] in workflowId: [114f1ff1-732d-494b-bf0b-8ad801fd8afd]
[2026-02-11T00:02:30.074Z] INFO Activity Executor taskQueue="hydra-billing-tasks", namespace="ncm-cg": 1 DailyBillPublisher:271 [] No Bill paths present for customerHash: [59d5de78-a964-5746-8c6e-677c4c7a79df] for date: [20251007] in workflowId: [114f1ff1-732d-494b-bf0b-8ad801fd8afd]
[2026-02-11T00:02:30.074Z] INFO Activity Executor taskQueue="hydra-billing-tasks", namespace="ncm-cg": 1 DailyBillPublisher:271 [] No Bill paths present for customerHash: [59d5de78-a964-5746-8c6e-677c4c7a79df] for date: [20251006] in workflowId: [114f1ff1-732d-494b-bf0b-8ad801fd8afd]
[2026-02-11T00:02:30.074Z] INFO Activity Executor taskQueue="hydra-billing-tasks", namespace="ncm-cg": 1 DailyBillPublisher:271 [] No Bill paths present for customerHash: [59d5de78-a964-5746-8c6e-677c4c7a79df] for date: [20251001] in workflowId: [114f1ff1-732d-494b-bf0b-8ad801fd8afd]
[2026-02-11T00:02:30.074Z] INFO Activity Executor taskQueue="hydra-billing-tasks", namespace="ncm-cg": 1 DailyBillPublisher:271 [] No Bill paths present for customerHash: [59d5de78-a964-5746-8c6e-677c4c7a79df] for date: [20251003] in workflowId: [114f1ff1-732d-494b-bf0b-8ad801fd8afd]
[2026-02-11T00:02:30.075Z] INFO Activity Executor taskQueue="hydra-billing-tasks", namespace="ncm-cg": 1 DailyBillPublisher:271 [] No Bill paths present for customerHash: [59d5de78-a964-5746-8c6e-677c4c7a79df] for date: [20251002] in workflowId: [114f1ff1-732d-494b-bf0b-8ad801fd8afd]
[2026-02-11T00:02:30.075Z] INFO Activity Executor taskQueue="hydra-billing-tasks", namespace="ncm-cg": 1 DailyBillPublisher:271 [] No Bill paths present for customerHash: [59d5de78-a964-5746-8c6e-677c4c7a79df] for date: [20260205] in workflowId: [114f1ff1-732d-494b-bf0b-8ad801fd8afd]
[2026-02-11T00:02:30.075Z] INFO Activity Executor taskQueue="hydra-billing-tasks", namespace="ncm-cg": 1 DailyBillPublisher:271 [] No Bill paths present for customerHash: [59d5de78-a964-5746-8c6e-677c4c7a79df] for date: [20260204] in workflowId: [114f1ff1-732d-494b-bf0b-8ad801fd8afd]
[2026-02-11T00:02:30.084Z] INFO Activity Executor taskQueue="hydra-billing-tasks", namespace="ncm-cg": 1 AwsClient:67 [] Putting object at path: /tmp/114f1ff1-732d-494b-bf0b-8ad801fd8afd/59d5de78-a964-5746-8c6e-677c4c7a79df/2026/FEBRUARY/7/bill-0.csv.gz, to S3 bucket: nx-bills at key: v2/59d5de78-a964-5746-8c6e-677c4c7a79df/2026/2/7/114f1ff1-732d-494b-bf0b-8ad801fd8afd/part-0.csv.gz
[2026-02-11T00:02:30.222Z] INFO Activity Executor taskQueue="hydra-billing-tasks", namespace="ncm-cg": 1 AwsClient:79 [] Object uploaded to bucket: nx-bills, with key: v2/59d5de78-a964-5746-8c6e-677c4c7a79df/2026/2/7/114f1ff1-732d-494b-bf0b-8ad801fd8afd/part-0.csv.gz from path: /tmp/114f1ff1-732d-494b-bf0b-8ad801fd8afd/59d5de78-a964-5746-8c6e-677c4c7a79df/2026/FEBRUARY/7/bill-0.csv.gz with version: 1
[2026-02-11T00:02:30.222Z] INFO Activity Executor taskQueue="hydra-billing-tasks", namespace="ncm-cg": 1 DailyBillPublisher:271 [] No Bill paths present for customerHash: [59d5de78-a964-5746-8c6e-677c4c7a79df] for date: [20260206] in workflowId: [114f1ff1-732d-494b-bf0b-8ad801fd8afd]
[2026-02-11T00:02:30.222Z] INFO Activity Executor taskQueue="hydra-billing-tasks", namespace="ncm-cg": 1 DailyBillPublisher:271 [] No Bill paths present for customerHash: [59d5de78-a964-5746-8c6e-677c4c7a79df] for date: [20260201] in workflowId: [114f1ff1-732d-494b-bf0b-8ad801fd8afd]
[2026-02-11T00:02:30.222Z] INFO Activity Executor taskQueue="hydra-billing-tasks", namespace="ncm-cg": 1 DailyBillPublisher:271 [] No Bill paths present for customerHash: [59d5de78-a964-5746-8c6e-677c4c7a79df] for date: [20260203] in workflowId: [114f1ff1-732d-494b-bf0b-8ad801fd8afd]
[2026-02-11T00:02:30.222Z] INFO Activity Executor taskQueue="hydra-billing-tasks", namespace="ncm-cg": 1 DailyBillPublisher:271 [] No Bill paths present for customerHash: [59d5de78-a964-5746-8c6e-677c4c7a79df] for date: [20260202] in workflowId: [114f1ff1-732d-494b-bf0b-8ad801fd8afd]
[2026-02-11T00:02:30.222Z] INFO Activity Executor taskQueue="hydra-billing-tasks", namespace="ncm-cg": 1 DailyBillPublisher:271 [] No Bill paths present for customerHash: [59d5de78-a964-5746-8c6e-677c4c7a79df] for date: [20251029] in workflowId: [114f1ff1-732d-494b-bf0b-8ad801fd8afd]
[2026-02-11T00:02:30.222Z] INFO Activity Executor taskQueue="hydra-billing-tasks", namespace="ncm-cg": 1 DailyBillPublisher:271 [] No Bill paths present for customerHash: [59d5de78-a964-5746-8c6e-677c4c7a79df] for date: [20251028] in workflowId: [114f1ff1-732d-494b-bf0b-8ad801fd8afd]
[2026-02-11T00:02:30.223Z] INFO Activity Executor taskQueue="hydra-billing-tasks", namespace="ncm-cg": 1 DailyBillPublisher:271 [] No Bill paths present for customerHash: [59d5de78-a964-5746-8c6e-677c4c7a79df] for date: [20251031] in workflowId: [114f1ff1-732d-494b-bf0b-8ad801fd8afd]
[2026-02-11T00:02:30.223Z] INFO Activity Executor taskQueue="hydra-billing-tasks", namespace="ncm-cg": 1 DailyBillPublisher:271 [] No Bill paths present for customerHash: [59d5de78-a964-5746-8c6e-677c4c7a79df] for date: [20251030] in workflowId: [114f1ff1-732d-494b-bf0b-8ad801fd8afd]
[2026-02-11T00:02:30.223Z] INFO Activity Executor taskQueue="hydra-billing-tasks", namespace="ncm-cg": 1 DailyBillPublisher:271 [] No Bill paths present for customerHash: [59d5de78-a964-5746-8c6e-677c4c7a79df] for date: [20251025] in workflowId: [114f1ff1-732d-494b-bf0b-8ad801fd8afd]
[2026-02-11T00:02:30.223Z] INFO Activity Executor taskQueue="hydra-billing-tasks", namespace="ncm-cg": 1 DailyBillPublisher:271 [] No Bill paths present for customerHash: [59d5de78-a964-5746-8c6e-677c4c7a79df] for date: [20251024] in workflowId: [114f1ff1-732d-494b-bf0b-8ad801fd8afd]
[2026-02-11T00:02:30.223Z] INFO Activity Executor taskQueue="hydra-billing-tasks", namespace="ncm-cg": 1 DailyBillPublisher:271 [] No Bill paths present for customerHash: [59d5de78-a964-5746-8c6e-677c4c7a79df] for date: [20251027] in workflowId: [114f1ff1-732d-494b-bf0b-8ad801fd8afd]
[2026-02-11T00:02:30.223Z] INFO Activity Executor taskQueue="hydra-billing-tasks", namespace="ncm-cg": 1 DailyBillPublisher:271 [] No Bill paths present for customerHash: [59d5de78-a964-5746-8c6e-677c4c7a79df] for date: [20251026] in workflowId: [114f1ff1-732d-494b-bf0b-8ad801fd8afd]
[2026-02-11T00:02:30.223Z] INFO Activity Executor taskQueue="hydra-billing-tasks", namespace="ncm-cg": 1 DailyBillPublisher:271 [] No Bill paths present for customerHash: [59d5de78-a964-5746-8c6e-677c4c7a79df] for date: [20251013] in workflowId: [114f1ff1-732d-494b-bf0b-8ad801fd8afd]
[2026-02-11T00:02:30.224Z] INFO Activity Executor taskQueue="hydra-billing-tasks", namespace="ncm-cg": 1 DailyBillPublisher:271 [] No Bill paths present for customerHash: [59d5de78-a964-5746-8c6e-677c4c7a79df] for date: [20251012] in workflowId: [114f1ff1-732d-494b-bf0b-8ad801fd8afd]
[2026-02-11T00:02:30.224Z] INFO Activity Executor taskQueue="hydra-billing-tasks", namespace="ncm-cg": 1 DailyBillPublisher:271 [] No Bill paths present for customerHash: [59d5de78-a964-5746-8c6e-677c4c7a79df] for date: [20251015] in workflowId: [114f1ff1-732d-494b-bf0b-8ad801fd8afd]
[2026-02-11T00:02:30.224Z] INFO Activity Executor taskQueue="hydra-billing-tasks", namespace="ncm-cg": 1 DailyBillPublisher:271 [] No Bill paths present for customerHash: [59d5de78-a964-5746-8c6e-677c4c7a79df] for date: [20251014] in workflowId: [114f1ff1-732d-494b-bf0b-8ad801fd8afd]
[2026-02-11T00:02:30.224Z] INFO Activity Executor taskQueue="hydra-billing-tasks", namespace="ncm-cg": 1 DailyBillPublisher:271 [] No Bill paths present for customerHash: [59d5de78-a964-5746-8c6e-677c4c7a79df] for date: [20251009] in workflowId: [114f1ff1-732d-494b-bf0b-8ad801fd8afd]
[2026-02-11T00:02:30.224Z] INFO Activity Executor taskQueue="hydra-billing-tasks", namespace="ncm-cg": 1 DailyBillPublisher:271 [] No Bill paths present for customerHash: [59d5de78-a964-5746-8c6e-677c4c7a79df] for date: [20251008] in workflowId: [114f1ff1-732d-494b-bf0b-8ad801fd8afd]
[2026-02-11T00:02:30.224Z] INFO Activity Executor taskQueue="hydra-billing-tasks", namespace="ncm-cg": 1 DailyBillPublisher:271 [] No Bill paths present for customerHash: [59d5de78-a964-5746-8c6e-677c4c7a79df] for date: [20251011] in workflowId: [114f1ff1-732d-494b-bf0b-8ad801fd8afd]
[2026-02-11T00:02:30.224Z] INFO Activity Executor taskQueue="hydra-billing-tasks", namespace="ncm-cg": 1 DailyBillPublisher:271 [] No Bill paths present for customerHash: [59d5de78-a964-5746-8c6e-677c4c7a79df] for date: [20251010] in workflowId: [114f1ff1-732d-494b-bf0b-8ad801fd8afd]
[2026-02-11T00:02:30.224Z] INFO Activity Executor taskQueue="hydra-billing-tasks", namespace="ncm-cg": 1 DailyBillPublisher:271 [] No Bill paths present for customerHash: [59d5de78-a964-5746-8c6e-677c4c7a79df] for date: [20251021] in workflowId: [114f1ff1-732d-494b-bf0b-8ad801fd8afd]
[2026-02-11T00:02:30.225Z] INFO Activity Executor taskQueue="hydra-billing-tasks", namespace="ncm-cg": 1 DailyBillPublisher:271 [] No Bill paths present for customerHash: [59d5de78-a964-5746-8c6e-677c4c7a79df] for date: [20251020] in workflowId: [114f1ff1-732d-494b-bf0b-8ad801fd8afd]
[2026-02-11T00:02:30.225Z] INFO Activity Executor taskQueue="hydra-billing-tasks", namespace="ncm-cg": 1 DailyBillPublisher:271 [] No Bill paths present for customerHash: [59d5de78-a964-5746-8c6e-677c4c7a79df] for date: [20251023] in workflowId: [114f1ff1-732d-494b-bf0b-8ad801fd8afd]
[2026-02-11T00:02:30.225Z] INFO Activity Executor taskQueue="hydra-billing-tasks", namespace="ncm-cg": 1 DailyBillPublisher:271 [] No Bill paths present for customerHash: [59d5de78-a964-5746-8c6e-677c4c7a79df] for date: [20251022] in workflowId: [114f1ff1-732d-494b-bf0b-8ad801fd8afd]
[2026-02-11T00:02:30.225Z] INFO Activity Executor taskQueue="hydra-billing-tasks", namespace="ncm-cg": 1 DailyBillPublisher:271 [] No Bill paths present for customerHash: [59d5de78-a964-5746-8c6e-677c4c7a79df] for date: [20251017] in workflowId: [114f1ff1-732d-494b-bf0b-8ad801fd8afd]
[2026-02-11T00:02:30.225Z] INFO Activity Executor taskQueue="hydra-billing-tasks", namespace="ncm-cg": 1 DailyBillPublisher:271 [] No Bill paths present for customerHash: [59d5de78-a964-5746-8c6e-677c4c7a79df] for date: [20251016] in workflowId: [114f1ff1-732d-494b-bf0b-8ad801fd8afd]
[2026-02-11T00:02:30.225Z] INFO Activity Executor taskQueue="hydra-billing-tasks", namespace="ncm-cg": 1 DailyBillPublisher:271 [] No Bill paths present for customerHash: [59d5de78-a964-5746-8c6e-677c4c7a79df] for date: [20251019] in workflowId: [114f1ff1-732d-494b-bf0b-8ad801fd8afd]
[2026-02-11T00:02:30.225Z] INFO Activity Executor taskQueue="hydra-billing-tasks", namespace="ncm-cg": 1 DailyBillPublisher:271 [] No Bill paths present for customerHash: [59d5de78-a964-5746-8c6e-677c4c7a79df] for date: [20251018] in workflowId: [114f1ff1-732d-494b-bf0b-8ad801fd8afd]
[2026-02-11T00:02:30.226Z] INFO Activity Executor taskQueue="hydra-billing-tasks", namespace="ncm-cg": 1 DailyBillPublisher:271 [] No Bill paths present for customerHash: [59d5de78-a964-5746-8c6e-677c4c7a79df] for date: [20251125] in workflowId: [114f1ff1-732d-494b-bf0b-8ad801fd8afd]
[2026-02-11T00:02:30.226Z] INFO Activity Executor taskQueue="hydra-billing-tasks", namespace="ncm-cg": 1 DailyBillPublisher:271 [] No Bill paths present for customerHash: [59d5de78-a964-5746-8c6e-677c4c7a79df] for date: [20251124] in workflowId: [114f1ff1-732d-494b-bf0b-8ad801fd8afd]
[2026-02-11T00:02:30.226Z] INFO Activity Executor taskQueue="hydra-billing-tasks", namespace="ncm-cg": 1 DailyBillPublisher:271 [] No Bill paths present for customerHash: [59d5de78-a964-5746-8c6e-677c4c7a79df] for date: [20251127] in workflowId: [114f1ff1-732d-494b-bf0b-8ad801fd8afd]
[2026-02-11T00:02:30.226Z] INFO Activity Executor taskQueue="hydra-billing-tasks", namespace="ncm-cg": 1 DailyBillPublisher:271 [] No Bill paths present for customerHash: [59d5de78-a964-5746-8c6e-677c4c7a79df] for date: [20251126] in workflowId: [114f1ff1-732d-494b-bf0b-8ad801fd8afd]
[2026-02-11T00:02:30.226Z] INFO Activity Executor taskQueue="hydra-billing-tasks", namespace="ncm-cg": 1 DailyBillPublisher:271 [] No Bill paths present for customerHash: [59d5de78-a964-5746-8c6e-677c4c7a79df] for date: [20251121] in workflowId: [114f1ff1-732d-494b-bf0b-8ad801fd8afd]
[2026-02-11T00:02:30.226Z] INFO Activity Executor taskQueue="hydra-billing-tasks", namespace="ncm-cg": 1 DailyBillPublisher:271 [] No Bill paths present for customerHash: [59d5de78-a964-5746-8c6e-677c4c7a79df] for date: [20251120] in workflowId: [114f1ff1-732d-494b-bf0b-8ad801fd8afd]
[2026-02-11T00:02:30.226Z] INFO Activity Executor taskQueue="hydra-billing-tasks", namespace="ncm-cg": 1 DailyBillPublisher:271 [] No Bill paths present for customerHash: [59d5de78-a964-5746-8c6e-677c4c7a79df] for date: [20251123] in workflowId: [114f1ff1-732d-494b-bf0b-8ad801fd8afd]
[2026-02-11T00:02:30.226Z] INFO Activity Executor taskQueue="hydra-billing-tasks", namespace="ncm-cg": 1 DailyBillPublisher:271 [] No Bill paths present for customerHash: [59d5de78-a964-5746-8c6e-677c4c7a79df] for date: [20251122] in workflowId: [114f1ff1-732d-494b-bf0b-8ad801fd8afd]
[2026-02-11T00:02:30.227Z] INFO Activity Executor taskQueue="hydra-billing-tasks", namespace="ncm-cg": 1 DailyBillPublisher:271 [] No Bill paths present for customerHash: [59d5de78-a964-5746-8c6e-677c4c7a79df] for date: [20251129] in workflowId: [114f1ff1-732d-494b-bf0b-8ad801fd8afd]
[2026-02-11T00:02:30.227Z] INFO Activity Executor taskQueue="hydra-billing-tasks", namespace="ncm-cg": 1 DailyBillPublisher:271 [] No Bill paths present for customerHash: [59d5de78-a964-5746-8c6e-677c4c7a79df] for date: [20251128] in workflowId: [114f1ff1-732d-494b-bf0b-8ad801fd8afd]
[2026-02-11T00:02:30.227Z] INFO Activity Executor taskQueue="hydra-billing-tasks", namespace="ncm-cg": 1 DailyBillPublisher:271 [] No Bill paths present for customerHash: [59d5de78-a964-5746-8c6e-677c4c7a79df] for date: [20251130] in workflowId: [114f1ff1-732d-494b-bf0b-8ad801fd8afd]
[2026-02-11T00:02:30.227Z] INFO Activity Executor taskQueue="hydra-billing-tasks", namespace="ncm-cg": 1 DailyBillPublisher:271 [] No Bill paths present for customerHash: [59d5de78-a964-5746-8c6e-677c4c7a79df] for date: [20251109] in workflowId: [114f1ff1-732d-494b-bf0b-8ad801fd8afd]
[2026-02-11T00:02:30.227Z] INFO Activity Executor taskQueue="hydra-billing-tasks", namespace="ncm-cg": 1 DailyBillPublisher:271 [] No Bill paths present for customerHash: [59d5de78-a964-5746-8c6e-677c4c7a79df] for date: [20251108] in workflowId: [114f1ff1-732d-494b-bf0b-8ad801fd8afd]
[2026-02-11T00:02:30.227Z] INFO Activity Executor taskQueue="hydra-billing-tasks", namespace="ncm-cg": 1 DailyBillPublisher:271 [] No Bill paths present for customerHash: [59d5de78-a964-5746-8c6e-677c4c7a79df] for date: [20251111] in workflowId: [114f1ff1-732d-494b-bf0b-8ad801fd8afd]
[2026-02-11T00:02:30.227Z] INFO Activity Executor taskQueue="hydra-billing-tasks", namespace="ncm-cg": 1 DailyBillPublisher:271 [] No Bill paths present for customerHash: [59d5de78-a964-5746-8c6e-677c4c7a79df] for date: [20251110] in workflowId: [114f1ff1-732d-494b-bf0b-8ad801fd8afd]
[2026-02-11T00:02:30.227Z] INFO Activity Executor taskQueue="hydra-billing-tasks", namespace="ncm-cg": 1 DailyBillPublisher:271 [] No Bill paths present for customerHash: [59d5de78-a964-5746-8c6e-677c4c7a79df] for date: [20251105] in workflowId: [114f1ff1-732d-494b-bf0b-8ad801fd8afd]
[2026-02-11T00:02:30.227Z] INFO Activity Executor taskQueue="hydra-billing-tasks", namespace="ncm-cg": 1 DailyBillPublisher:271 [] No Bill paths present for customerHash: [59d5de78-a964-5746-8c6e-677c4c7a79df] for date: [20251104] in workflowId: [114f1ff1-732d-494b-bf0b-8ad801fd8afd]
[2026-02-11T00:02:30.228Z] INFO Activity Executor taskQueue="hydra-billing-tasks", namespace="ncm-cg": 1 DailyBillPublisher:271 [] No Bill paths present for customerHash: [59d5de78-a964-5746-8c6e-677c4c7a79df] for date: [20251107] in workflowId: [114f1ff1-732d-494b-bf0b-8ad801fd8afd]
[2026-02-11T00:02:30.228Z] INFO Activity Executor taskQueue="hydra-billing-tasks", namespace="ncm-cg": 1 DailyBillPublisher:271 [] No Bill paths present for customerHash: [59d5de78-a964-5746-8c6e-677c4c7a79df] for date: [20251106] in workflowId: [114f1ff1-732d-494b-bf0b-8ad801fd8afd]
[2026-02-11T00:02:30.228Z] INFO Activity Executor taskQueue="hydra-billing-tasks", namespace="ncm-cg": 1 DailyBillPublisher:271 [] No Bill paths present for customerHash: [59d5de78-a964-5746-8c6e-677c4c7a79df] for date: [20251117] in workflowId: [114f1ff1-732d-494b-bf0b-8ad801fd8afd]
[2026-02-11T00:02:30.228Z] INFO Activity Executor taskQueue="hydra-billing-tasks", namespace="ncm-cg": 1 DailyBillPublisher:271 [] No Bill paths present for customerHash: [59d5de78-a964-5746-8c6e-677c4c7a79df] for date: [20251116] in workflowId: [114f1ff1-732d-494b-bf0b-8ad801fd8afd]
[2026-02-11T00:02:30.228Z] INFO Activity Executor taskQueue="hydra-billing-tasks", namespace="ncm-cg": 1 DailyBillPublisher:271 [] No Bill paths present for customerHash: [59d5de78-a964-5746-8c6e-677c4c7a79df] for date: [20251119] in workflowId: [114f1ff1-732d-494b-bf0b-8ad801fd8afd]
[2026-02-11T00:02:30.228Z] INFO Activity Executor taskQueue="hydra-billing-tasks", namespace="ncm-cg": 1 DailyBillPublisher:271 [] No Bill paths present for customerHash: [59d5de78-a964-5746-8c6e-677c4c7a79df] for date: [20251118] in workflowId: [114f1ff1-732d-494b-bf0b-8ad801fd8afd]
[2026-02-11T00:02:30.228Z] INFO Activity Executor taskQueue="hydra-billing-tasks", namespace="ncm-cg": 1 DailyBillPublisher:271 [] No Bill paths present for customerHash: [59d5de78-a964-5746-8c6e-677c4c7a79df] for date: [20251113] in workflowId: [114f1ff1-732d-494b-bf0b-8ad801fd8afd]
[2026-02-11T00:02:30.229Z] INFO Activity Executor taskQueue="hydra-billing-tasks", namespace="ncm-cg": 1 DailyBillPublisher:271 [] No Bill paths present for customerHash: [59d5de78-a964-5746-8c6e-677c4c7a79df] for date: [20251112] in workflowId: [114f1ff1-732d-494b-bf0b-8ad801fd8afd]
[2026-02-11T00:02:30.229Z] INFO Activity Executor taskQueue="hydra-billing-tasks", namespace="ncm-cg": 1 DailyBillPublisher:271 [] No Bill paths present for customerHash: [59d5de78-a964-5746-8c6e-677c4c7a79df] for date: [20251115] in workflowId: [114f1ff1-732d-494b-bf0b-8ad801fd8afd]
[2026-02-11T00:02:30.229Z] INFO Activity Executor taskQueue="hydra-billing-tasks", namespace="ncm-cg": 1 DailyBillPublisher:271 [] No Bill paths present for customerHash: [59d5de78-a964-5746-8c6e-677c4c7a79df] for date: [20251114] in workflowId: [114f1ff1-732d-494b-bf0b-8ad801fd8afd]
[2026-02-11T00:02:30.229Z] INFO Activity Executor taskQueue="hydra-billing-tasks", namespace="ncm-cg": 1 DailyBillPublisher:271 [] No Bill paths present for customerHash: [59d5de78-a964-5746-8c6e-677c4c7a79df] for date: [20251101] in workflowId: [114f1ff1-732d-494b-bf0b-8ad801fd8afd]
[2026-02-11T00:02:30.229Z] INFO Activity Executor taskQueue="hydra-billing-tasks", namespace="ncm-cg": 1 DailyBillPublisher:271 [] No Bill paths present for customerHash: [59d5de78-a964-5746-8c6e-677c4c7a79df] for date: [20251103] in workflowId: [114f1ff1-732d-494b-bf0b-8ad801fd8afd]
[2026-02-11T00:02:30.229Z] INFO Activity Executor taskQueue="hydra-billing-tasks", namespace="ncm-cg": 1 DailyBillPublisher:271 [] No Bill paths present for customerHash: [59d5de78-a964-5746-8c6e-677c4c7a79df] for date: [20251102] in workflowId: [114f1ff1-732d-494b-bf0b-8ad801fd8afd]
[2026-02-11T00:02:30.229Z] INFO Activity Executor taskQueue="hydra-billing-tasks", namespace="ncm-cg": 1 DailyBillPublisher:271 [] No Bill paths present for customerHash: [59d5de78-a964-5746-8c6e-677c4c7a79df] for date: [20250629] in workflowId: [114f1ff1-732d-494b-bf0b-8ad801fd8afd]
[2026-02-11T00:02:30.229Z] INFO Activity Executor taskQueue="hydra-billing-tasks", namespace="ncm-cg": 1 DailyBillPublisher:271 [] No Bill paths present for customerHash: [59d5de78-a964-5746-8c6e-677c4c7a79df] for date: [20250628] in workflowId: [114f1ff1-732d-494b-bf0b-8ad801fd8afd]
[2026-02-11T00:02:30.230Z] INFO Activity Executor taskQueue="hydra-billing-tasks", namespace="ncm-cg": 1 DailyBillPublisher:271 [] No Bill paths present for customerHash: [59d5de78-a964-5746-8c6e-677c4c7a79df] for date: [20250630] in workflowId: [114f1ff1-732d-494b-bf0b-8ad801fd8afd]
[2026-02-11T00:02:30.230Z] INFO Activity Executor taskQueue="hydra-billing-tasks", namespace="ncm-cg": 1 DailyBillPublisher:271 [] No Bill paths present for customerHash: [59d5de78-a964-5746-8c6e-677c4c7a79df] for date: [20250625] in workflowId: [114f1ff1-732d-494b-bf0b-8ad801fd8afd]
[2026-02-11T00:02:30.230Z] INFO Activity Executor taskQueue="hydra-billing-tasks", namespace="ncm-cg": 1 DailyBillPublisher:271 [] No Bill paths present for customerHash: [59d5de78-a964-5746-8c6e-677c4c7a79df] for date: [20250624] in workflowId: [114f1ff1-732d-494b-bf0b-8ad801fd8afd]
[2026-02-11T00:02:30.230Z] INFO Activity Executor taskQueue="hydra-billing-tasks", namespace="ncm-cg": 1 DailyBillPublisher:271 [] No Bill paths present for customerHash: [59d5de78-a964-5746-8c6e-677c4c7a79df] for date: [20250627] in workflowId: [114f1ff1-732d-494b-bf0b-8ad801fd8afd]
[2026-02-11T00:02:30.230Z] INFO Activity Executor taskQueue="hydra-billing-tasks", namespace="ncm-cg": 1 DailyBillPublisher:271 [] No Bill paths present for customerHash: [59d5de78-a964-5746-8c6e-677c4c7a79df] for date: [20250626] in workflowId: [114f1ff1-732d-494b-bf0b-8ad801fd8afd]
[2026-02-11T00:02:30.230Z] INFO Activity Executor taskQueue="hydra-billing-tasks", namespace="ncm-cg": 1 DailyBillPublisher:271 [] No Bill paths present for customerHash: [59d5de78-a964-5746-8c6e-677c4c7a79df] for date: [20250725] in workflowId: [114f1ff1-732d-494b-bf0b-8ad801fd8afd]
[2026-02-11T00:02:30.230Z] INFO Activity Executor taskQueue="hydra-billing-tasks", namespace="ncm-cg": 1 DailyBillPublisher:271 [] No Bill paths present for customerHash: [59d5de78-a964-5746-8c6e-677c4c7a79df] for date: [20250724] in workflowId: [114f1ff1-732d-494b-bf0b-8ad801fd8afd]
[2026-02-11T00:02:30.230Z] INFO Activity Executor taskQueue="hydra-billing-tasks", namespace="ncm-cg": 1 DailyBillPublisher:271 [] No Bill paths present for customerHash: [59d5de78-a964-5746-8c6e-677c4c7a79df] for date: [20250727] in workflowId: [114f1ff1-732d-494b-bf0b-8ad801fd8afd]
[2026-02-11T00:02:30.230Z] INFO Activity Executor taskQueue="hydra-billing-tasks", namespace="ncm-cg": 1 DailyBillPublisher:271 [] No Bill paths present for customerHash: [59d5de78-a964-5746-8c6e-677c4c7a79df] for date: [20250726] in workflowId: [114f1ff1-732d-494b-bf0b-8ad801fd8afd]
[2026-02-11T00:02:30.231Z] INFO Activity Executor taskQueue="hydra-billing-tasks", namespace="ncm-cg": 1 DailyBillPublisher:271 [] No Bill paths present for customerHash: [59d5de78-a964-5746-8c6e-677c4c7a79df] for date: [20250721] in workflowId: [114f1ff1-732d-494b-bf0b-8ad801fd8afd]
[2026-02-11T00:02:30.231Z] INFO Activity Executor taskQueue="hydra-billing-tasks", namespace="ncm-cg": 1 DailyBillPublisher:271 [] No Bill paths present for customerHash: [59d5de78-a964-5746-8c6e-677c4c7a79df] for date: [20250720] in workflowId: [114f1ff1-732d-494b-bf0b-8ad801fd8afd]
[2026-02-11T00:02:30.231Z] INFO Activity Executor taskQueue="hydra-billing-tasks", namespace="ncm-cg": 1 DailyBillPublisher:271 [] No Bill paths present for customerHash: [59d5de78-a964-5746-8c6e-677c4c7a79df] for date: [20250723] in workflowId: [114f1ff1-732d-494b-bf0b-8ad801fd8afd]
[2026-02-11T00:02:30.231Z] INFO Activity Executor taskQueue="hydra-billing-tasks", namespace="ncm-cg": 1 DailyBillPublisher:271 [] No Bill paths present for customerHash: [59d5de78-a964-5746-8c6e-677c4c7a79df] for date: [20250722] in workflowId: [114f1ff1-732d-494b-bf0b-8ad801fd8afd]
[2026-02-11T00:02:30.231Z] INFO Activity Executor taskQueue="hydra-billing-tasks", namespace="ncm-cg": 1 DailyBillPublisher:271 [] No Bill paths present for customerHash: [59d5de78-a964-5746-8c6e-677c4c7a79df] for date: [20250729] in workflowId: [114f1ff1-732d-494b-bf0b-8ad801fd8afd]
[2026-02-11T00:02:30.231Z] INFO Activity Executor taskQueue="hydra-billing-tasks", namespace="ncm-cg": 1 DailyBillPublisher:271 [] No Bill paths present for customerHash: [59d5de78-a964-5746-8c6e-677c4c7a79df] for date: [20250728] in workflowId: [114f1ff1-732d-494b-bf0b-8ad801fd8afd]
[2026-02-11T00:02:30.231Z] INFO Activity Executor taskQueue="hydra-billing-tasks", namespace="ncm-cg": 1 DailyBillPublisher:271 [] No Bill paths present for customerHash: [59d5de78-a964-5746-8c6e-677c4c7a79df] for date: [20250731] in workflowId: [114f1ff1-732d-494b-bf0b-8ad801fd8afd]
[2026-02-11T00:02:30.231Z] INFO Activity Executor taskQueue="hydra-billing-tasks", namespace="ncm-cg": 1 DailyBillPublisher:271 [] No Bill paths present for customerHash: [59d5de78-a964-5746-8c6e-677c4c7a79df] for date: [20250730] in workflowId: [114f1ff1-732d-494b-bf0b-8ad801fd8afd]
[2026-02-11T00:02:30.231Z] INFO Activity Executor taskQueue="hydra-billing-tasks", namespace="ncm-cg": 1 DailyBillPublisher:271 [] No Bill paths present for customerHash: [59d5de78-a964-5746-8c6e-677c4c7a79df] for date: [20250709] in workflowId: [114f1ff1-732d-494b-bf0b-8ad801fd8afd]
[2026-02-11T00:02:30.232Z] INFO Activity Executor taskQueue="hydra-billing-tasks", namespace="ncm-cg": 1 DailyBillPublisher:271 [] No Bill paths present for customerHash: [59d5de78-a964-5746-8c6e-677c4c7a79df] for date: [20250708] in workflowId: [114f1ff1-732d-494b-bf0b-8ad801fd8afd]
[2026-02-11T00:02:30.232Z] INFO Activity Executor taskQueue="hydra-billing-tasks", namespace="ncm-cg": 1 DailyBillPublisher:271 [] No Bill paths present for customerHash: [59d5de78-a964-5746-8c6e-677c4c7a79df] for date: [20250711] in workflowId: [114f1ff1-732d-494b-bf0b-8ad801fd8afd]
[2026-02-11T00:02:30.232Z] INFO Activity Executor taskQueue="hydra-billing-tasks", namespace="ncm-cg": 1 DailyBillPublisher:271 [] No Bill paths present for customerHash: [59d5de78-a964-5746-8c6e-677c4c7a79df] for date: [20250710] in workflowId: [114f1ff1-732d-494b-bf0b-8ad801fd8afd]
[2026-02-11T00:02:30.232Z] INFO Activity Executor taskQueue="hydra-billing-tasks", namespace="ncm-cg": 1 DailyBillPublisher:271 [] No Bill paths present for customerHash: [59d5de78-a964-5746-8c6e-677c4c7a79df] for date: [20250705] in workflowId: [114f1ff1-732d-494b-bf0b-8ad801fd8afd]
[2026-02-11T00:02:30.232Z] INFO Activity Executor taskQueue="hydra-billing-tasks", namespace="ncm-cg": 1 DailyBillPublisher:271 [] No Bill paths present for customerHash: [59d5de78-a964-5746-8c6e-677c4c7a79df] for date: [20250704] in workflowId: [114f1ff1-732d-494b-bf0b-8ad801fd8afd]
[2026-02-11T00:02:30.232Z] INFO Activity Executor taskQueue="hydra-billing-tasks", namespace="ncm-cg": 1 DailyBillPublisher:271 [] No Bill paths present for customerHash: [59d5de78-a964-5746-8c6e-677c4c7a79df] for date: [20250707] in workflowId: [114f1ff1-732d-494b-bf0b-8ad801fd8afd]
[2026-02-11T00:02:30.232Z] INFO Activity Executor taskQueue="hydra-billing-tasks", namespace="ncm-cg": 1 DailyBillPublisher:271 [] No Bill paths present for customerHash: [59d5de78-a964-5746-8c6e-677c4c7a79df] for date: [20250706] in workflowId: [114f1ff1-732d-494b-bf0b-8ad801fd8afd]
[2026-02-11T00:02:30.232Z] INFO Activity Executor taskQueue="hydra-billing-tasks", namespace="ncm-cg": 1 DailyBillPublisher:271 [] No Bill paths present for customerHash: [59d5de78-a964-5746-8c6e-677c4c7a79df] for date: [20250717] in workflowId: [114f1ff1-732d-494b-bf0b-8ad801fd8afd]
[2026-02-11T00:02:30.232Z] INFO Activity Executor taskQueue="hydra-billing-tasks", namespace="ncm-cg": 1 DailyBillPublisher:271 [] No Bill paths present for customerHash: [59d5de78-a964-5746-8c6e-677c4c7a79df] for date: [20250716] in workflowId: [114f1ff1-732d-494b-bf0b-8ad801fd8afd]
[2026-02-11T00:02:30.233Z] INFO Activity Executor taskQueue="hydra-billing-tasks", namespace="ncm-cg": 1 DailyBillPublisher:271 [] No Bill paths present for customerHash: [59d5de78-a964-5746-8c6e-677c4c7a79df] for date: [20250719] in workflowId: [114f1ff1-732d-494b-bf0b-8ad801fd8afd]
[2026-02-11T00:02:30.233Z] INFO Activity Executor taskQueue="hydra-billing-tasks", namespace="ncm-cg": 1 DailyBillPublisher:271 [] No Bill paths present for customerHash: [59d5de78-a964-5746-8c6e-677c4c7a79df] for date: [20250718] in workflowId: [114f1ff1-732d-494b-bf0b-8ad801fd8afd]
[2026-02-11T00:02:30.233Z] INFO Activity Executor taskQueue="hydra-billing-tasks", namespace="ncm-cg": 1 DailyBillPublisher:271 [] No Bill paths present for customerHash: [59d5de78-a964-5746-8c6e-677c4c7a79df] for date: [20250713] in workflowId: [114f1ff1-732d-494b-bf0b-8ad801fd8afd]
[2026-02-11T00:02:30.233Z] INFO Activity Executor taskQueue="hydra-billing-tasks", namespace="ncm-cg": 1 DailyBillPublisher:271 [] No Bill paths present for customerHash: [59d5de78-a964-5746-8c6e-677c4c7a79df] for date: [20250712] in workflowId: [114f1ff1-732d-494b-bf0b-8ad801fd8afd]
[2026-02-11T00:02:30.233Z] INFO Activity Executor taskQueue="hydra-billing-tasks", namespace="ncm-cg": 1 DailyBillPublisher:271 [] No Bill paths present for customerHash: [59d5de78-a964-5746-8c6e-677c4c7a79df] for date: [20250715] in workflowId: [114f1ff1-732d-494b-bf0b-8ad801fd8afd]
[2026-02-11T00:02:30.233Z] INFO Activity Executor taskQueue="hydra-billing-tasks", namespace="ncm-cg": 1 DailyBillPublisher:271 [] No Bill paths present for customerHash: [59d5de78-a964-5746-8c6e-677c4c7a79df] for date: [20250714] in workflowId: [114f1ff1-732d-494b-bf0b-8ad801fd8afd]
[2026-02-11T00:02:30.233Z] INFO Activity Executor taskQueue="hydra-billing-tasks", namespace="ncm-cg": 1 DailyBillPublisher:271 [] No Bill paths present for customerHash: [59d5de78-a964-5746-8c6e-677c4c7a79df] for date: [20250701] in workflowId: [114f1ff1-732d-494b-bf0b-8ad801fd8afd]
[2026-02-11T00:02:30.234Z] INFO Activity Executor taskQueue="hydra-billing-tasks", namespace="ncm-cg": 1 DailyBillPublisher:271 [] No Bill paths present for customerHash: [59d5de78-a964-5746-8c6e-677c4c7a79df] for date: [20250703] in workflowId: [114f1ff1-732d-494b-bf0b-8ad801fd8afd]
[2026-02-11T00:02:30.234Z] INFO Activity Executor taskQueue="hydra-billing-tasks", namespace="ncm-cg": 1 DailyBillPublisher:271 [] No Bill paths present for customerHash: [59d5de78-a964-5746-8c6e-677c4c7a79df] for date: [20250702] in workflowId: [114f1ff1-732d-494b-bf0b-8ad801fd8afd]
[2026-02-11T00:02:30.234Z] INFO Activity Executor taskQueue="hydra-billing-tasks", namespace="ncm-cg": 1 DailyBillPublisher:271 [] No Bill paths present for customerHash: [59d5de78-a964-5746-8c6e-677c4c7a79df] for date: [20250805] in workflowId: [114f1ff1-732d-494b-bf0b-8ad801fd8afd]
[2026-02-11T00:02:30.234Z] INFO Activity Executor taskQueue="hydra-billing-tasks", namespace="ncm-cg": 1 DailyBillPublisher:271 [] No Bill paths present for customerHash: [59d5de78-a964-5746-8c6e-677c4c7a79df] for date: [20250804] in workflowId: [114f1ff1-732d-494b-bf0b-8ad801fd8afd]
[2026-02-11T00:02:30.234Z] INFO Activity Executor taskQueue="hydra-billing-tasks", namespace="ncm-cg": 1 DailyBillPublisher:271 [] No Bill paths present for customerHash: [59d5de78-a964-5746-8c6e-677c4c7a79df] for date: [20250807] in workflowId: [114f1ff1-732d-494b-bf0b-8ad801fd8afd]
[2026-02-11T00:02:30.234Z] INFO Activity Executor taskQueue="hydra-billing-tasks", namespace="ncm-cg": 1 DailyBillPublisher:271 [] No Bill paths present for customerHash: [59d5de78-a964-5746-8c6e-677c4c7a79df] for date: [20250806] in workflowId: [114f1ff1-732d-494b-bf0b-8ad801fd8afd]
[2026-02-11T00:02:30.234Z] INFO Activity Executor taskQueue="hydra-billing-tasks", namespace="ncm-cg": 1 DailyBillPublisher:271 [] No Bill paths present for customerHash: [59d5de78-a964-5746-8c6e-677c4c7a79df] for date: [20250801] in workflowId: [114f1ff1-732d-494b-bf0b-8ad801fd8afd]
[2026-02-11T00:02:30.234Z] INFO Activity Executor taskQueue="hydra-billing-tasks", namespace="ncm-cg": 1 DailyBillPublisher:271 [] No Bill paths present for customerHash: [59d5de78-a964-5746-8c6e-677c4c7a79df] for date: [20250803] in workflowId: [114f1ff1-732d-494b-bf0b-8ad801fd8afd]
[2026-02-11T00:02:30.235Z] INFO Activity Executor taskQueue="hydra-billing-tasks", namespace="ncm-cg": 1 DailyBillPublisher:271 [] No Bill paths present for customerHash: [59d5de78-a964-5746-8c6e-677c4c7a79df] for date: [20250802] in workflowId: [114f1ff1-732d-494b-bf0b-8ad801fd8afd]
[2026-02-11T00:02:30.235Z] INFO Activity Executor taskQueue="hydra-billing-tasks", namespace="ncm-cg": 1 DailyBillPublisher:271 [] No Bill paths present for customerHash: [59d5de78-a964-5746-8c6e-677c4c7a79df] for date: [20250813] in workflowId: [114f1ff1-732d-494b-bf0b-8ad801fd8afd]
[2026-02-11T00:02:30.235Z] INFO Activity Executor taskQueue="hydra-billing-tasks", namespace="ncm-cg": 1 DailyBillPublisher:271 [] No Bill paths present for customerHash: [59d5de78-a964-5746-8c6e-677c4c7a79df] for date: [20250812] in workflowId: [114f1ff1-732d-494b-bf0b-8ad801fd8afd]
[2026-02-11T00:02:30.235Z] INFO Activity Executor taskQueue="hydra-billing-tasks", namespace="ncm-cg": 1 DailyBillPublisher:271 [] No Bill paths present for customerHash: [59d5de78-a964-5746-8c6e-677c4c7a79df] for date: [20250815] in workflowId: [114f1ff1-732d-494b-bf0b-8ad801fd8afd]
[2026-02-11T00:02:30.235Z] INFO Activity Executor taskQueue="hydra-billing-tasks", namespace="ncm-cg": 1 DailyBillPublisher:271 [] No Bill paths present for customerHash: [59d5de78-a964-5746-8c6e-677c4c7a79df] for date: [20250814] in workflowId: [114f1ff1-732d-494b-bf0b-8ad801fd8afd]
[2026-02-11T00:02:30.235Z] INFO Activity Executor taskQueue="hydra-billing-tasks", namespace="ncm-cg": 1 DailyBillPublisher:271 [] No Bill paths present for customerHash: [59d5de78-a964-5746-8c6e-677c4c7a79df] for date: [20250809] in workflowId: [114f1ff1-732d-494b-bf0b-8ad801fd8afd]
[2026-02-11T00:02:30.235Z] INFO Activity Executor taskQueue="hydra-billing-tasks", namespace="ncm-cg": 1 DailyBillPublisher:271 [] No Bill paths present for customerHash: [59d5de78-a964-5746-8c6e-677c4c7a79df] for date: [20250808] in workflowId: [114f1ff1-732d-494b-bf0b-8ad801fd8afd]
[2026-02-11T00:02:30.235Z] INFO Activity Executor taskQueue="hydra-billing-tasks", namespace="ncm-cg": 1 DailyBillPublisher:271 [] No Bill paths present for customerHash: [59d5de78-a964-5746-8c6e-677c4c7a79df] for date: [20250811] in workflowId: [114f1ff1-732d-494b-bf0b-8ad801fd8afd]
[2026-02-11T00:02:30.235Z] INFO Activity Executor taskQueue="hydra-billing-tasks", namespace="ncm-cg": 1 DailyBillPublisher:271 [] No Bill paths present for customerHash: [59d5de78-a964-5746-8c6e-677c4c7a79df] for date: [20250810] in workflowId: [114f1ff1-732d-494b-bf0b-8ad801fd8afd]
[2026-02-11T00:02:30.236Z] INFO Activity Executor taskQueue="hydra-billing-tasks", namespace="ncm-cg": 1 DailyBillPublisher:271 [] No Bill paths present for customerHash: [59d5de78-a964-5746-8c6e-677c4c7a79df] for date: [20250821] in workflowId: [114f1ff1-732d-494b-bf0b-8ad801fd8afd]
[2026-02-11T00:02:30.236Z] INFO Activity Executor taskQueue="hydra-billing-tasks", namespace="ncm-cg": 1 DailyBillPublisher:271 [] No Bill paths present for customerHash: [59d5de78-a964-5746-8c6e-677c4c7a79df] for date: [20250820] in workflowId: [114f1ff1-732d-494b-bf0b-8ad801fd8afd]
[2026-02-11T00:02:30.236Z] INFO Activity Executor taskQueue="hydra-billing-tasks", namespace="ncm-cg": 1 DailyBillPublisher:271 [] No Bill paths present for customerHash: [59d5de78-a964-5746-8c6e-677c4c7a79df] for date: [20250823] in workflowId: [114f1ff1-732d-494b-bf0b-8ad801fd8afd]
[2026-02-11T00:02:30.236Z] INFO Activity Executor taskQueue="hydra-billing-tasks", namespace="ncm-cg": 1 DailyBillPublisher:271 [] No Bill paths present for customerHash: [59d5de78-a964-5746-8c6e-677c4c7a79df] for date: [20250822] in workflowId: [114f1ff1-732d-494b-bf0b-8ad801fd8afd]
[2026-02-11T00:02:30.236Z] INFO Activity Executor taskQueue="hydra-billing-tasks", namespace="ncm-cg": 1 DailyBillPublisher:271 [] No Bill paths present for customerHash: [59d5de78-a964-5746-8c6e-677c4c7a79df] for date: [20250817] in workflowId: [114f1ff1-732d-494b-bf0b-8ad801fd8afd]
[2026-02-11T00:02:30.236Z] INFO Activity Executor taskQueue="hydra-billing-tasks", namespace="ncm-cg": 1 DailyBillPublisher:271 [] No Bill paths present for customerHash: [59d5de78-a964-5746-8c6e-677c4c7a79df] for date: [20250816] in workflowId: [114f1ff1-732d-494b-bf0b-8ad801fd8afd]
[2026-02-11T00:02:30.236Z] INFO Activity Executor taskQueue="hydra-billing-tasks", namespace="ncm-cg": 1 DailyBillPublisher:271 [] No Bill paths present for customerHash: [59d5de78-a964-5746-8c6e-677c4c7a79df] for date: [20250819] in workflowId: [114f1ff1-732d-494b-bf0b-8ad801fd8afd]
[2026-02-11T00:02:30.237Z] INFO Activity Executor taskQueue="hydra-billing-tasks", namespace="ncm-cg": 1 DailyBillPublisher:271 [] No Bill paths present for customerHash: [59d5de78-a964-5746-8c6e-677c4c7a79df] for date: [20250818] in workflowId: [114f1ff1-732d-494b-bf0b-8ad801fd8afd]
[2026-02-11T00:02:30.237Z] INFO Activity Executor taskQueue="hydra-billing-tasks", namespace="ncm-cg": 1 DailyBillPublisher:271 [] No Bill paths present for customerHash: [59d5de78-a964-5746-8c6e-677c4c7a79df] for date: [20250829] in workflowId: [114f1ff1-732d-494b-bf0b-8ad801fd8afd]
[2026-02-11T00:02:30.237Z] INFO Activity Executor taskQueue="hydra-billing-tasks", namespace="ncm-cg": 1 DailyBillPublisher:271 [] No Bill paths present for customerHash: [59d5de78-a964-5746-8c6e-677c4c7a79df] for date: [20250828] in workflowId: [114f1ff1-732d-494b-bf0b-8ad801fd8afd]
[2026-02-11T00:02:30.237Z] INFO Activity Executor taskQueue="hydra-billing-tasks", namespace="ncm-cg": 1 DailyBillPublisher:271 [] No Bill paths present for customerHash: [59d5de78-a964-5746-8c6e-677c4c7a79df] for date: [20250831] in workflowId: [114f1ff1-732d-494b-bf0b-8ad801fd8afd]
[2026-02-11T00:02:30.237Z] INFO Activity Executor taskQueue="hydra-billing-tasks", namespace="ncm-cg": 1 DailyBillPublisher:271 [] No Bill paths present for customerHash: [59d5de78-a964-5746-8c6e-677c4c7a79df] for date: [20250830] in workflowId: [114f1ff1-732d-494b-bf0b-8ad801fd8afd]
[2026-02-11T00:02:30.237Z] INFO Activity Executor taskQueue="hydra-billing-tasks", namespace="ncm-cg": 1 DailyBillPublisher:271 [] No Bill paths present for customerHash: [59d5de78-a964-5746-8c6e-677c4c7a79df] for date: [20250825] in workflowId: [114f1ff1-732d-494b-bf0b-8ad801fd8afd]
[2026-02-11T00:02:30.237Z] INFO Activity Executor taskQueue="hydra-billing-tasks", namespace="ncm-cg": 1 DailyBillPublisher:271 [] No Bill paths present for customerHash: [59d5de78-a964-5746-8c6e-677c4c7a79df] for date: [20250824] in workflowId: [114f1ff1-732d-494b-bf0b-8ad801fd8afd]
[2026-02-11T00:02:30.237Z] INFO Activity Executor taskQueue="hydra-billing-tasks", namespace="ncm-cg": 1 DailyBillPublisher:271 [] No Bill paths present for customerHash: [59d5de78-a964-5746-8c6e-677c4c7a79df] for date: [20250827] in workflowId: [114f1ff1-732d-494b-bf0b-8ad801fd8afd]
[2026-02-11T00:02:30.238Z] INFO Activity Executor taskQueue="hydra-billing-tasks", namespace="ncm-cg": 1 DailyBillPublisher:271 [] No Bill paths present for customerHash: [59d5de78-a964-5746-8c6e-677c4c7a79df] for date: [20250826] in workflowId: [114f1ff1-732d-494b-bf0b-8ad801fd8afd]
[2026-02-11T00:02:30.238Z] INFO Activity Executor taskQueue="hydra-billing-tasks", namespace="ncm-cg": 1 DailyBillPublisher:271 [] No Bill paths present for customerHash: [59d5de78-a964-5746-8c6e-677c4c7a79df] for date: [20250420] in workflowId: [114f1ff1-732d-494b-bf0b-8ad801fd8afd]
[2026-02-11T00:02:30.238Z] INFO Activity Executor taskQueue="hydra-billing-tasks", namespace="ncm-cg": 1 DailyBillPublisher:271 [] No Bill paths present for customerHash: [59d5de78-a964-5746-8c6e-677c4c7a79df] for date: [20250421] in workflowId: [114f1ff1-732d-494b-bf0b-8ad801fd8afd]
[2026-02-11T00:02:30.238Z] INFO Activity Executor taskQueue="hydra-billing-tasks", namespace="ncm-cg": 1 DailyBillPublisher:271 [] No Bill paths present for customerHash: [59d5de78-a964-5746-8c6e-677c4c7a79df] for date: [20250422] in workflowId: [114f1ff1-732d-494b-bf0b-8ad801fd8afd]
[2026-02-11T00:02:30.238Z] INFO Activity Executor taskQueue="hydra-billing-tasks", namespace="ncm-cg": 1 DailyBillPublisher:271 [] No Bill paths present for customerHash: [59d5de78-a964-5746-8c6e-677c4c7a79df] for date: [20250423] in workflowId: [114f1ff1-732d-494b-bf0b-8ad801fd8afd]
[2026-02-11T00:02:30.238Z] INFO Activity Executor taskQueue="hydra-billing-tasks", namespace="ncm-cg": 1 DailyBillPublisher:271 [] No Bill paths present for customerHash: [59d5de78-a964-5746-8c6e-677c4c7a79df] for date: [20250416] in workflowId: [114f1ff1-732d-494b-bf0b-8ad801fd8afd]
[2026-02-11T00:02:30.238Z] INFO Activity Executor taskQueue="hydra-billing-tasks", namespace="ncm-cg": 1 DailyBillPublisher:271 [] No Bill paths present for customerHash: [59d5de78-a964-5746-8c6e-677c4c7a79df] for date: [20250417] in workflowId: [114f1ff1-732d-494b-bf0b-8ad801fd8afd]
[2026-02-11T00:02:30.239Z] INFO Activity Executor taskQueue="hydra-billing-tasks", namespace="ncm-cg": 1 DailyBillPublisher:271 [] No Bill paths present for customerHash: [59d5de78-a964-5746-8c6e-677c4c7a79df] for date: [20250418] in workflowId: [114f1ff1-732d-494b-bf0b-8ad801fd8afd]
[2026-02-11T00:02:30.239Z] INFO Activity Executor taskQueue="hydra-billing-tasks", namespace="ncm-cg": 1 DailyBillPublisher:271 [] No Bill paths present for customerHash: [59d5de78-a964-5746-8c6e-677c4c7a79df] for date: [20250419] in workflowId: [114f1ff1-732d-494b-bf0b-8ad801fd8afd]
[2026-02-11T00:02:30.239Z] INFO Activity Executor taskQueue="hydra-billing-tasks", namespace="ncm-cg": 1 DailyBillPublisher:271 [] No Bill paths present for customerHash: [59d5de78-a964-5746-8c6e-677c4c7a79df] for date: [20250428] in workflowId: [114f1ff1-732d-494b-bf0b-8ad801fd8afd]
[2026-02-11T00:02:30.239Z] INFO Activity Executor taskQueue="hydra-billing-tasks", namespace="ncm-cg": 1 DailyBillPublisher:271 [] No Bill paths present for customerHash: [59d5de78-a964-5746-8c6e-677c4c7a79df] for date: [20250429] in workflowId: [114f1ff1-732d-494b-bf0b-8ad801fd8afd]
[2026-02-11T00:02:30.239Z] INFO Activity Executor taskQueue="hydra-billing-tasks", namespace="ncm-cg": 1 DailyBillPublisher:271 [] No Bill paths present for customerHash: [59d5de78-a964-5746-8c6e-677c4c7a79df] for date: [20250430] in workflowId: [114f1ff1-732d-494b-bf0b-8ad801fd8afd]
[2026-02-11T00:02:30.239Z] INFO Activity Executor taskQueue="hydra-billing-tasks", namespace="ncm-cg": 1 DailyBillPublisher:271 [] No Bill paths present for customerHash: [59d5de78-a964-5746-8c6e-677c4c7a79df] for date: [20250424] in workflowId: [114f1ff1-732d-494b-bf0b-8ad801fd8afd]
[2026-02-11T00:02:30.239Z] INFO Activity Executor taskQueue="hydra-billing-tasks", namespace="ncm-cg": 1 DailyBillPublisher:271 [] No Bill paths present for customerHash: [59d5de78-a964-5746-8c6e-677c4c7a79df] for date: [20250425] in workflowId: [114f1ff1-732d-494b-bf0b-8ad801fd8afd]
[2026-02-11T00:02:30.239Z] INFO Activity Executor taskQueue="hydra-billing-tasks", namespace="ncm-cg": 1 DailyBillPublisher:271 [] No Bill paths present for customerHash: [59d5de78-a964-5746-8c6e-677c4c7a79df] for date: [20250426] in workflowId: [114f1ff1-732d-494b-bf0b-8ad801fd8afd]
[2026-02-11T00:02:30.240Z] INFO Activity Executor taskQueue="hydra-billing-tasks", namespace="ncm-cg": 1 DailyBillPublisher:271 [] No Bill paths present for customerHash: [59d5de78-a964-5746-8c6e-677c4c7a79df] for date: [20250427] in workflowId: [114f1ff1-732d-494b-bf0b-8ad801fd8afd]
[2026-02-11T00:02:30.240Z] INFO Activity Executor taskQueue="hydra-billing-tasks", namespace="ncm-cg": 1 DailyBillPublisher:271 [] No Bill paths present for customerHash: [59d5de78-a964-5746-8c6e-677c4c7a79df] for date: [20250404] in workflowId: [114f1ff1-732d-494b-bf0b-8ad801fd8afd]
[2026-02-11T00:02:30.240Z] INFO Activity Executor taskQueue="hydra-billing-tasks", namespace="ncm-cg": 1 DailyBillPublisher:271 [] No Bill paths present for customerHash: [59d5de78-a964-5746-8c6e-677c4c7a79df] for date: [20250405] in workflowId: [114f1ff1-732d-494b-bf0b-8ad801fd8afd]
[2026-02-11T00:02:30.240Z] INFO Activity Executor taskQueue="hydra-billing-tasks", namespace="ncm-cg": 1 DailyBillPublisher:271 [] No Bill paths present for customerHash: [59d5de78-a964-5746-8c6e-677c4c7a79df] for date: [20250406] in workflowId: [114f1ff1-732d-494b-bf0b-8ad801fd8afd]
[2026-02-11T00:02:30.240Z] INFO Activity Executor taskQueue="hydra-billing-tasks", namespace="ncm-cg": 1 DailyBillPublisher:271 [] No Bill paths present for customerHash: [59d5de78-a964-5746-8c6e-677c4c7a79df] for date: [20250407] in workflowId: [114f1ff1-732d-494b-bf0b-8ad801fd8afd]
[2026-02-11T00:02:30.240Z] INFO Activity Executor taskQueue="hydra-billing-tasks", namespace="ncm-cg": 1 DailyBillPublisher:271 [] No Bill paths present for customerHash: [59d5de78-a964-5746-8c6e-677c4c7a79df] for date: [20250401] in workflowId: [114f1ff1-732d-494b-bf0b-8ad801fd8afd]
[2026-02-11T00:02:30.240Z] INFO Activity Executor taskQueue="hydra-billing-tasks", namespace="ncm-cg": 1 DailyBillPublisher:271 [] No Bill paths present for customerHash: [59d5de78-a964-5746-8c6e-677c4c7a79df] for date: [20250402] in workflowId: [114f1ff1-732d-494b-bf0b-8ad801fd8afd]
[2026-02-11T00:02:30.240Z] INFO Activity Executor taskQueue="hydra-billing-tasks", namespace="ncm-cg": 1 DailyBillPublisher:271 [] No Bill paths present for customerHash: [59d5de78-a964-5746-8c6e-677c4c7a79df] for date: [20250403] in workflowId: [114f1ff1-732d-494b-bf0b-8ad801fd8afd]
[2026-02-11T00:02:30.240Z] INFO Activity Executor taskQueue="hydra-billing-tasks", namespace="ncm-cg": 1 DailyBillPublisher:271 [] No Bill paths present for customerHash: [59d5de78-a964-5746-8c6e-677c4c7a79df] for date: [20250412] in workflowId: [114f1ff1-732d-494b-bf0b-8ad801fd8afd]
[2026-02-11T00:02:30.241Z] INFO Activity Executor taskQueue="hydra-billing-tasks", namespace="ncm-cg": 1 DailyBillPublisher:271 [] No Bill paths present for customerHash: [59d5de78-a964-5746-8c6e-677c4c7a79df] for date: [20250413] in workflowId: [114f1ff1-732d-494b-bf0b-8ad801fd8afd]
[2026-02-11T00:02:30.241Z] INFO Activity Executor taskQueue="hydra-billing-tasks", namespace="ncm-cg": 1 DailyBillPublisher:271 [] No Bill paths present for customerHash: [59d5de78-a964-5746-8c6e-677c4c7a79df] for date: [20250414] in workflowId: [114f1ff1-732d-494b-bf0b-8ad801fd8afd]
[2026-02-11T00:02:30.241Z] INFO Activity Executor taskQueue="hydra-billing-tasks", namespace="ncm-cg": 1 DailyBillPublisher:271 [] No Bill paths present for customerHash: [59d5de78-a964-5746-8c6e-677c4c7a79df] for date: [20250415] in workflowId: [114f1ff1-732d-494b-bf0b-8ad801fd8afd]
[2026-02-11T00:02:30.241Z] INFO Activity Executor taskQueue="hydra-billing-tasks", namespace="ncm-cg": 1 DailyBillPublisher:271 [] No Bill paths present for customerHash: [59d5de78-a964-5746-8c6e-677c4c7a79df] for date: [20250408] in workflowId: [114f1ff1-732d-494b-bf0b-8ad801fd8afd]
[2026-02-11T00:02:30.241Z] INFO Activity Executor taskQueue="hydra-billing-tasks", namespace="ncm-cg": 1 DailyBillPublisher:271 [] No Bill paths present for customerHash: [59d5de78-a964-5746-8c6e-677c4c7a79df] for date: [20250409] in workflowId: [114f1ff1-732d-494b-bf0b-8ad801fd8afd]
[2026-02-11T00:02:30.241Z] INFO Activity Executor taskQueue="hydra-billing-tasks", namespace="ncm-cg": 1 DailyBillPublisher:271 [] No Bill paths present for customerHash: [59d5de78-a964-5746-8c6e-677c4c7a79df] for date: [20250410] in workflowId: [114f1ff1-732d-494b-bf0b-8ad801fd8afd]
[2026-02-11T00:02:30.241Z] INFO Activity Executor taskQueue="hydra-billing-tasks", namespace="ncm-cg": 1 DailyBillPublisher:271 [] No Bill paths present for customerHash: [59d5de78-a964-5746-8c6e-677c4c7a79df] for date: [20250411] in workflowId: [114f1ff1-732d-494b-bf0b-8ad801fd8afd]
[2026-02-11T00:02:30.242Z] INFO Activity Executor taskQueue="hydra-billing-tasks", namespace="ncm-cg": 1 DailyBillPublisher:271 [] No Bill paths present for customerHash: [59d5de78-a964-5746-8c6e-677c4c7a79df] for date: [20250528] in workflowId: [114f1ff1-732d-494b-bf0b-8ad801fd8afd]
[2026-02-11T00:02:30.242Z] INFO Activity Executor taskQueue="hydra-billing-tasks", namespace="ncm-cg": 1 DailyBillPublisher:271 [] No Bill paths present for customerHash: [59d5de78-a964-5746-8c6e-677c4c7a79df] for date: [20250529] in workflowId: [114f1ff1-732d-494b-bf0b-8ad801fd8afd]
[2026-02-11T00:02:30.242Z] INFO Activity Executor taskQueue="hydra-billing-tasks", namespace="ncm-cg": 1 DailyBillPublisher:271 [] No Bill paths present for customerHash: [59d5de78-a964-5746-8c6e-677c4c7a79df] for date: [20250530] in workflowId: [114f1ff1-732d-494b-bf0b-8ad801fd8afd]
[2026-02-11T00:02:30.242Z] INFO Activity Executor taskQueue="hydra-billing-tasks", namespace="ncm-cg": 1 DailyBillPublisher:271 [] No Bill paths present for customerHash: [59d5de78-a964-5746-8c6e-677c4c7a79df] for date: [20250531] in workflowId: [114f1ff1-732d-494b-bf0b-8ad801fd8afd]
[2026-02-11T00:02:30.242Z] INFO Activity Executor taskQueue="hydra-billing-tasks", namespace="ncm-cg": 1 DailyBillPublisher:271 [] No Bill paths present for customerHash: [59d5de78-a964-5746-8c6e-677c4c7a79df] for date: [20250516] in workflowId: [114f1ff1-732d-494b-bf0b-8ad801fd8afd]
[2026-02-11T00:02:30.242Z] INFO Activity Executor taskQueue="hydra-billing-tasks", namespace="ncm-cg": 1 DailyBillPublisher:271 [] No Bill paths present for customerHash: [59d5de78-a964-5746-8c6e-677c4c7a79df] for date: [20250517] in workflowId: [114f1ff1-732d-494b-bf0b-8ad801fd8afd]
[2026-02-11T00:02:30.242Z] INFO Activity Executor taskQueue="hydra-billing-tasks", namespace="ncm-cg": 1 DailyBillPublisher:271 [] No Bill paths present for customerHash: [59d5de78-a964-5746-8c6e-677c4c7a79df] for date: [20250518] in workflowId: [114f1ff1-732d-494b-bf0b-8ad801fd8afd]
[2026-02-11T00:02:30.242Z] INFO Activity Executor taskQueue="hydra-billing-tasks", namespace="ncm-cg": 1 DailyBillPublisher:271 [] No Bill paths present for customerHash: [59d5de78-a964-5746-8c6e-677c4c7a79df] for date: [20250519] in workflowId: [114f1ff1-732d-494b-bf0b-8ad801fd8afd]
[2026-02-11T00:02:30.243Z] INFO Activity Executor taskQueue="hydra-billing-tasks", namespace="ncm-cg": 1 DailyBillPublisher:271 [] No Bill paths present for customerHash: [59d5de78-a964-5746-8c6e-677c4c7a79df] for date: [20250512] in workflowId: [114f1ff1-732d-494b-bf0b-8ad801fd8afd]
[2026-02-11T00:02:30.243Z] INFO Activity Executor taskQueue="hydra-billing-tasks", namespace="ncm-cg": 1 DailyBillPublisher:271 [] No Bill paths present for customerHash: [59d5de78-a964-5746-8c6e-677c4c7a79df] for date: [20250513] in workflowId: [114f1ff1-732d-494b-bf0b-8ad801fd8afd]
[2026-02-11T00:02:30.243Z] INFO Activity Executor taskQueue="hydra-billing-tasks", namespace="ncm-cg": 1 DailyBillPublisher:271 [] No Bill paths present for customerHash: [59d5de78-a964-5746-8c6e-677c4c7a79df] for date: [20250514] in workflowId: [114f1ff1-732d-494b-bf0b-8ad801fd8afd]
[2026-02-11T00:02:30.243Z] INFO Activity Executor taskQueue="hydra-billing-tasks", namespace="ncm-cg": 1 DailyBillPublisher:271 [] No Bill paths present for customerHash: [59d5de78-a964-5746-8c6e-677c4c7a79df] for date: [20250515] in workflowId: [114f1ff1-732d-494b-bf0b-8ad801fd8afd]
[2026-02-11T00:02:30.243Z] INFO Activity Executor taskQueue="hydra-billing-tasks", namespace="ncm-cg": 1 DailyBillPublisher:271 [] No Bill paths present for customerHash: [59d5de78-a964-5746-8c6e-677c4c7a79df] for date: [20250524] in workflowId: [114f1ff1-732d-494b-bf0b-8ad801fd8afd]
[2026-02-11T00:02:30.243Z] INFO Activity Executor taskQueue="hydra-billing-tasks", namespace="ncm-cg": 1 DailyBillPublisher:271 [] No Bill paths present for customerHash: [59d5de78-a964-5746-8c6e-677c4c7a79df] for date: [20250525] in workflowId: [114f1ff1-732d-494b-bf0b-8ad801fd8afd]
[2026-02-11T00:02:30.243Z] INFO Activity Executor taskQueue="hydra-billing-tasks", namespace="ncm-cg": 1 DailyBillPublisher:271 [] No Bill paths present for customerHash: [59d5de78-a964-5746-8c6e-677c4c7a79df] for date: [20250526] in workflowId: [114f1ff1-732d-494b-bf0b-8ad801fd8afd]
[2026-02-11T00:02:30.243Z] INFO Activity Executor taskQueue="hydra-billing-tasks", namespace="ncm-cg": 1 DailyBillPublisher:271 [] No Bill paths present for customerHash: [59d5de78-a964-5746-8c6e-677c4c7a79df] for date: [20250527] in workflowId: [114f1ff1-732d-494b-bf0b-8ad801fd8afd]
[2026-02-11T00:02:30.243Z] INFO Activity Executor taskQueue="hydra-billing-tasks", namespace="ncm-cg": 1 DailyBillPublisher:271 [] No Bill paths present for customerHash: [59d5de78-a964-5746-8c6e-677c4c7a79df] for date: [20250520] in workflowId: [114f1ff1-732d-494b-bf0b-8ad801fd8afd]
[2026-02-11T00:02:30.244Z] INFO Activity Executor taskQueue="hydra-billing-tasks", namespace="ncm-cg": 1 DailyBillPublisher:271 [] No Bill paths present for customerHash: [59d5de78-a964-5746-8c6e-677c4c7a79df] for date: [20250521] in workflowId: [114f1ff1-732d-494b-bf0b-8ad801fd8afd]
[2026-02-11T00:02:30.244Z] INFO Activity Executor taskQueue="hydra-billing-tasks", namespace="ncm-cg": 1 DailyBillPublisher:271 [] No Bill paths present for customerHash: [59d5de78-a964-5746-8c6e-677c4c7a79df] for date: [20250522] in workflowId: [114f1ff1-732d-494b-bf0b-8ad801fd8afd]
[2026-02-11T00:02:30.244Z] INFO Activity Executor taskQueue="hydra-billing-tasks", namespace="ncm-cg": 1 DailyBillPublisher:271 [] No Bill paths present for customerHash: [59d5de78-a964-5746-8c6e-677c4c7a79df] for date: [20250523] in workflowId: [114f1ff1-732d-494b-bf0b-8ad801fd8afd]
[2026-02-11T00:02:30.244Z] INFO Activity Executor taskQueue="hydra-billing-tasks", namespace="ncm-cg": 1 DailyBillPublisher:271 [] No Bill paths present for customerHash: [59d5de78-a964-5746-8c6e-677c4c7a79df] for date: [20250501] in workflowId: [114f1ff1-732d-494b-bf0b-8ad801fd8afd]
[2026-02-11T00:02:30.244Z] INFO Activity Executor taskQueue="hydra-billing-tasks", namespace="ncm-cg": 1 DailyBillPublisher:271 [] No Bill paths present for customerHash: [59d5de78-a964-5746-8c6e-677c4c7a79df] for date: [20250502] in workflowId: [114f1ff1-732d-494b-bf0b-8ad801fd8afd]
[2026-02-11T00:02:30.244Z] INFO Activity Executor taskQueue="hydra-billing-tasks", namespace="ncm-cg": 1 DailyBillPublisher:271 [] No Bill paths present for customerHash: [59d5de78-a964-5746-8c6e-677c4c7a79df] for date: [20250503] in workflowId: [114f1ff1-732d-494b-bf0b-8ad801fd8afd]
[2026-02-11T00:02:30.244Z] INFO Activity Executor taskQueue="hydra-billing-tasks", namespace="ncm-cg": 1 DailyBillPublisher:271 [] No Bill paths present for customerHash: [59d5de78-a964-5746-8c6e-677c4c7a79df] for date: [20250508] in workflowId: [114f1ff1-732d-494b-bf0b-8ad801fd8afd]
[2026-02-11T00:02:30.244Z] INFO Activity Executor taskQueue="hydra-billing-tasks", namespace="ncm-cg": 1 DailyBillPublisher:271 [] No Bill paths present for customerHash: [59d5de78-a964-5746-8c6e-677c4c7a79df] for date: [20250509] in workflowId: [114f1ff1-732d-494b-bf0b-8ad801fd8afd]
[2026-02-11T00:02:30.244Z] INFO Activity Executor taskQueue="hydra-billing-tasks", namespace="ncm-cg": 1 DailyBillPublisher:271 [] No Bill paths present for customerHash: [59d5de78-a964-5746-8c6e-677c4c7a79df] for date: [20250510] in workflowId: [114f1ff1-732d-494b-bf0b-8ad801fd8afd]
[2026-02-11T00:02:30.245Z] INFO Activity Executor taskQueue="hydra-billing-tasks", namespace="ncm-cg": 1 DailyBillPublisher:271 [] No Bill paths present for customerHash: [59d5de78-a964-5746-8c6e-677c4c7a79df] for date: [20250511] in workflowId: [114f1ff1-732d-494b-bf0b-8ad801fd8afd]
[2026-02-11T00:02:30.245Z] INFO Activity Executor taskQueue="hydra-billing-tasks", namespace="ncm-cg": 1 DailyBillPublisher:271 [] No Bill paths present for customerHash: [59d5de78-a964-5746-8c6e-677c4c7a79df] for date: [20250504] in workflowId: [114f1ff1-732d-494b-bf0b-8ad801fd8afd]
[2026-02-11T00:02:30.245Z] INFO Activity Executor taskQueue="hydra-billing-tasks", namespace="ncm-cg": 1 DailyBillPublisher:271 [] No Bill paths present for customerHash: [59d5de78-a964-5746-8c6e-677c4c7a79df] for date: [20250505] in workflowId: [114f1ff1-732d-494b-bf0b-8ad801fd8afd]
[2026-02-11T00:02:30.245Z] INFO Activity Executor taskQueue="hydra-billing-tasks", namespace="ncm-cg": 1 DailyBillPublisher:271 [] No Bill paths present for customerHash: [59d5de78-a964-5746-8c6e-677c4c7a79df] for date: [20250506] in workflowId: [114f1ff1-732d-494b-bf0b-8ad801fd8afd]
[2026-02-11T00:02:30.245Z] INFO Activity Executor taskQueue="hydra-billing-tasks", namespace="ncm-cg": 1 DailyBillPublisher:271 [] No Bill paths present for customerHash: [59d5de78-a964-5746-8c6e-677c4c7a79df] for date: [20250507] in workflowId: [114f1ff1-732d-494b-bf0b-8ad801fd8afd]
[2026-02-11T00:02:30.245Z] INFO Activity Executor taskQueue="hydra-billing-tasks", namespace="ncm-cg": 1 DailyBillPublisher:271 [] No Bill paths present for customerHash: [59d5de78-a964-5746-8c6e-677c4c7a79df] for date: [20250612] in workflowId: [114f1ff1-732d-494b-bf0b-8ad801fd8afd]
[2026-02-11T00:02:30.245Z] INFO Activity Executor taskQueue="hydra-billing-tasks", namespace="ncm-cg": 1 DailyBillPublisher:271 [] No Bill paths present for customerHash: [59d5de78-a964-5746-8c6e-677c4c7a79df] for date: [20250613] in workflowId: [114f1ff1-732d-494b-bf0b-8ad801fd8afd]
[2026-02-11T00:02:30.245Z] INFO Activity Executor taskQueue="hydra-billing-tasks", namespace="ncm-cg": 1 DailyBillPublisher:271 [] No Bill paths present for customerHash: [59d5de78-a964-5746-8c6e-677c4c7a79df] for date: [20250614] in workflowId: [114f1ff1-732d-494b-bf0b-8ad801fd8afd]
[2026-02-11T00:02:30.245Z] INFO Activity Executor taskQueue="hydra-billing-tasks", namespace="ncm-cg": 1 DailyBillPublisher:271 [] No Bill paths present for customerHash: [59d5de78-a964-5746-8c6e-677c4c7a79df] for date: [20250615] in workflowId: [114f1ff1-732d-494b-bf0b-8ad801fd8afd]
[2026-02-11T00:02:30.245Z] INFO Activity Executor taskQueue="hydra-billing-tasks", namespace="ncm-cg": 1 DailyBillPublisher:271 [] No Bill paths present for customerHash: [59d5de78-a964-5746-8c6e-677c4c7a79df] for date: [20250608] in workflowId: [114f1ff1-732d-494b-bf0b-8ad801fd8afd]
[2026-02-11T00:02:30.246Z] INFO Activity Executor taskQueue="hydra-billing-tasks", namespace="ncm-cg": 1 DailyBillPublisher:271 [] No Bill paths present for customerHash: [59d5de78-a964-5746-8c6e-677c4c7a79df] for date: [20250609] in workflowId: [114f1ff1-732d-494b-bf0b-8ad801fd8afd]
[2026-02-11T00:02:30.246Z] INFO Activity Executor taskQueue="hydra-billing-tasks", namespace="ncm-cg": 1 DailyBillPublisher:271 [] No Bill paths present for customerHash: [59d5de78-a964-5746-8c6e-677c4c7a79df] for date: [20250610] in workflowId: [114f1ff1-732d-494b-bf0b-8ad801fd8afd]
[2026-02-11T00:02:30.246Z] INFO Activity Executor taskQueue="hydra-billing-tasks", namespace="ncm-cg": 1 DailyBillPublisher:271 [] No Bill paths present for customerHash: [59d5de78-a964-5746-8c6e-677c4c7a79df] for date: [20250611] in workflowId: [114f1ff1-732d-494b-bf0b-8ad801fd8afd]
[2026-02-11T00:02:30.246Z] INFO Activity Executor taskQueue="hydra-billing-tasks", namespace="ncm-cg": 1 DailyBillPublisher:271 [] No Bill paths present for customerHash: [59d5de78-a964-5746-8c6e-677c4c7a79df] for date: [20250620] in workflowId: [114f1ff1-732d-494b-bf0b-8ad801fd8afd]
[2026-02-11T00:02:30.246Z] INFO Activity Executor taskQueue="hydra-billing-tasks", namespace="ncm-cg": 1 DailyBillPublisher:271 [] No Bill paths present for customerHash: [59d5de78-a964-5746-8c6e-677c4c7a79df] for date: [20250621] in workflowId: [114f1ff1-732d-494b-bf0b-8ad801fd8afd]
[2026-02-11T00:02:30.246Z] INFO Activity Executor taskQueue="hydra-billing-tasks", namespace="ncm-cg": 1 DailyBillPublisher:271 [] No Bill paths present for customerHash: [59d5de78-a964-5746-8c6e-677c4c7a79df] for date: [20250622] in workflowId: [114f1ff1-732d-494b-bf0b-8ad801fd8afd]
[2026-02-11T00:02:30.246Z] INFO Activity Executor taskQueue="hydra-billing-tasks", namespace="ncm-cg": 1 DailyBillPublisher:271 [] No Bill paths present for customerHash: [59d5de78-a964-5746-8c6e-677c4c7a79df] for date: [20250623] in workflowId: [114f1ff1-732d-494b-bf0b-8ad801fd8afd]
[2026-02-11T00:02:30.246Z] INFO Activity Executor taskQueue="hydra-billing-tasks", namespace="ncm-cg": 1 DailyBillPublisher:271 [] No Bill paths present for customerHash: [59d5de78-a964-5746-8c6e-677c4c7a79df] for date: [20250616] in workflowId: [114f1ff1-732d-494b-bf0b-8ad801fd8afd]
[2026-02-11T00:02:30.246Z] INFO Activity Executor taskQueue="hydra-billing-tasks", namespace="ncm-cg": 1 DailyBillPublisher:271 [] No Bill paths present for customerHash: [59d5de78-a964-5746-8c6e-677c4c7a79df] for date: [20250617] in workflowId: [114f1ff1-732d-494b-bf0b-8ad801fd8afd]
[2026-02-11T00:02:30.246Z] INFO Activity Executor taskQueue="hydra-billing-tasks", namespace="ncm-cg": 1 DailyBillPublisher:271 [] No Bill paths present for customerHash: [59d5de78-a964-5746-8c6e-677c4c7a79df] for date: [20250618] in workflowId: [114f1ff1-732d-494b-bf0b-8ad801fd8afd]
[2026-02-11T00:02:30.246Z] INFO Activity Executor taskQueue="hydra-billing-tasks", namespace="ncm-cg": 1 DailyBillPublisher:271 [] No Bill paths present for customerHash: [59d5de78-a964-5746-8c6e-677c4c7a79df] for date: [20250619] in workflowId: [114f1ff1-732d-494b-bf0b-8ad801fd8afd]
[2026-02-11T00:02:30.247Z] INFO Activity Executor taskQueue="hydra-billing-tasks", namespace="ncm-cg": 1 DailyBillPublisher:271 [] No Bill paths present for customerHash: [59d5de78-a964-5746-8c6e-677c4c7a79df] for date: [20250604] in workflowId: [114f1ff1-732d-494b-bf0b-8ad801fd8afd]
[2026-02-11T00:02:30.247Z] INFO Activity Executor taskQueue="hydra-billing-tasks", namespace="ncm-cg": 1 DailyBillPublisher:271 [] No Bill paths present for customerHash: [59d5de78-a964-5746-8c6e-677c4c7a79df] for date: [20250605] in workflowId: [114f1ff1-732d-494b-bf0b-8ad801fd8afd]
[2026-02-11T00:02:30.247Z] INFO Activity Executor taskQueue="hydra-billing-tasks", namespace="ncm-cg": 1 DailyBillPublisher:271 [] No Bill paths present for customerHash: [59d5de78-a964-5746-8c6e-677c4c7a79df] for date: [20250606] in workflowId: [114f1ff1-732d-494b-bf0b-8ad801fd8afd]
[2026-02-11T00:02:30.247Z] INFO Activity Executor taskQueue="hydra-billing-tasks", namespace="ncm-cg": 1 DailyBillPublisher:271 [] No Bill paths present for customerHash: [59d5de78-a964-5746-8c6e-677c4c7a79df] for date: [20250607] in workflowId: [114f1ff1-732d-494b-bf0b-8ad801fd8afd]
[2026-02-11T00:02:30.247Z] INFO Activity Executor taskQueue="hydra-billing-tasks", namespace="ncm-cg": 1 DailyBillPublisher:271 [] No Bill paths present for customerHash: [59d5de78-a964-5746-8c6e-677c4c7a79df] for date: [20250601] in workflowId: [114f1ff1-732d-494b-bf0b-8ad801fd8afd]
[2026-02-11T00:02:30.247Z] INFO Activity Executor taskQueue="hydra-billing-tasks", namespace="ncm-cg": 1 DailyBillPublisher:271 [] No Bill paths present for customerHash: [59d5de78-a964-5746-8c6e-677c4c7a79df] for date: [20250602] in workflowId: [114f1ff1-732d-494b-bf0b-8ad801fd8afd]
[2026-02-11T00:02:30.247Z] INFO Activity Executor taskQueue="hydra-billing-tasks", namespace="ncm-cg": 1 DailyBillPublisher:271 [] No Bill paths present for customerHash: [59d5de78-a964-5746-8c6e-677c4c7a79df] for date: [20250603] in workflowId: [114f1ff1-732d-494b-bf0b-8ad801fd8afd]
[2026-02-11T00:02:30.247Z] INFO Activity Executor taskQueue="hydra-billing-tasks", namespace="ncm-cg": 1 DailyBillPublisher:271 [] No Bill paths present for customerHash: [59d5de78-a964-5746-8c6e-677c4c7a79df] for date: [20250228] in workflowId: [114f1ff1-732d-494b-bf0b-8ad801fd8afd]
[2026-02-11T00:02:30.247Z] INFO Activity Executor taskQueue="hydra-billing-tasks", namespace="ncm-cg": 1 DailyBillPublisher:271 [] No Bill paths present for customerHash: [59d5de78-a964-5746-8c6e-677c4c7a79df] for date: [20250224] in workflowId: [114f1ff1-732d-494b-bf0b-8ad801fd8afd]
[2026-02-11T00:02:30.248Z] INFO Activity Executor taskQueue="hydra-billing-tasks", namespace="ncm-cg": 1 DailyBillPublisher:271 [] No Bill paths present for customerHash: [59d5de78-a964-5746-8c6e-677c4c7a79df] for date: [20250225] in workflowId: [114f1ff1-732d-494b-bf0b-8ad801fd8afd]
[2026-02-11T00:02:30.248Z] INFO Activity Executor taskQueue="hydra-billing-tasks", namespace="ncm-cg": 1 DailyBillPublisher:271 [] No Bill paths present for customerHash: [59d5de78-a964-5746-8c6e-677c4c7a79df] for date: [20250226] in workflowId: [114f1ff1-732d-494b-bf0b-8ad801fd8afd]
[2026-02-11T00:02:30.248Z] INFO Activity Executor taskQueue="hydra-billing-tasks", namespace="ncm-cg": 1 DailyBillPublisher:271 [] No Bill paths present for customerHash: [59d5de78-a964-5746-8c6e-677c4c7a79df] for date: [20250227] in workflowId: [114f1ff1-732d-494b-bf0b-8ad801fd8afd]
[2026-02-11T00:02:30.248Z] INFO Activity Executor taskQueue="hydra-billing-tasks", namespace="ncm-cg": 1 DailyBillPublisher:271 [] No Bill paths present for customerHash: [59d5de78-a964-5746-8c6e-677c4c7a79df] for date: [20250212] in workflowId: [114f1ff1-732d-494b-bf0b-8ad801fd8afd]
[2026-02-11T00:02:30.248Z] INFO Activity Executor taskQueue="hydra-billing-tasks", namespace="ncm-cg": 1 DailyBillPublisher:271 [] No Bill paths present for customerHash: [59d5de78-a964-5746-8c6e-677c4c7a79df] for date: [20250213] in workflowId: [114f1ff1-732d-494b-bf0b-8ad801fd8afd]
[2026-02-11T00:02:30.248Z] INFO Activity Executor taskQueue="hydra-billing-tasks", namespace="ncm-cg": 1 DailyBillPublisher:271 [] No Bill paths present for customerHash: [59d5de78-a964-5746-8c6e-677c4c7a79df] for date: [20250214] in workflowId: [114f1ff1-732d-494b-bf0b-8ad801fd8afd]
[2026-02-11T00:02:30.248Z] INFO Activity Executor taskQueue="hydra-billing-tasks", namespace="ncm-cg": 1 DailyBillPublisher:271 [] No Bill paths present for customerHash: [59d5de78-a964-5746-8c6e-677c4c7a79df] for date: [20250215] in workflowId: [114f1ff1-732d-494b-bf0b-8ad801fd8afd]
[2026-02-11T00:02:30.248Z] INFO Activity Executor taskQueue="hydra-billing-tasks", namespace="ncm-cg": 1 DailyBillPublisher:271 [] No Bill paths present for customerHash: [59d5de78-a964-5746-8c6e-677c4c7a79df] for date: [20250208] in workflowId: [114f1ff1-732d-494b-bf0b-8ad801fd8afd]
[2026-02-11T00:02:30.248Z] INFO Activity Executor taskQueue="hydra-billing-tasks", namespace="ncm-cg": 1 DailyBillPublisher:271 [] No Bill paths present for customerHash: [59d5de78-a964-5746-8c6e-677c4c7a79df] for date: [20250209] in workflowId: [114f1ff1-732d-494b-bf0b-8ad801fd8afd]
[2026-02-11T00:02:30.248Z] INFO Activity Executor taskQueue="hydra-billing-tasks", namespace="ncm-cg": 1 DailyBillPublisher:271 [] No Bill paths present for customerHash: [59d5de78-a964-5746-8c6e-677c4c7a79df] for date: [20250210] in workflowId: [114f1ff1-732d-494b-bf0b-8ad801fd8afd]
[2026-02-11T00:02:30.249Z] INFO Activity Executor taskQueue="hydra-billing-tasks", namespace="ncm-cg": 1 DailyBillPublisher:271 [] No Bill paths present for customerHash: [59d5de78-a964-5746-8c6e-677c4c7a79df] for date: [20250211] in workflowId: [114f1ff1-732d-494b-bf0b-8ad801fd8afd]
[2026-02-11T00:02:30.249Z] INFO Activity Executor taskQueue="hydra-billing-tasks", namespace="ncm-cg": 1 DailyBillPublisher:271 [] No Bill paths present for customerHash: [59d5de78-a964-5746-8c6e-677c4c7a79df] for date: [20250220] in workflowId: [114f1ff1-732d-494b-bf0b-8ad801fd8afd]
[2026-02-11T00:02:30.249Z] INFO Activity Executor taskQueue="hydra-billing-tasks", namespace="ncm-cg": 1 DailyBillPublisher:271 [] No Bill paths present for customerHash: [59d5de78-a964-5746-8c6e-677c4c7a79df] for date: [20250221] in workflowId: [114f1ff1-732d-494b-bf0b-8ad801fd8afd]
[2026-02-11T00:02:30.249Z] INFO Activity Executor taskQueue="hydra-billing-tasks", namespace="ncm-cg": 1 DailyBillPublisher:271 [] No Bill paths present for customerHash: [59d5de78-a964-5746-8c6e-677c4c7a79df] for date: [20250222] in workflowId: [114f1ff1-732d-494b-bf0b-8ad801fd8afd]
[2026-02-11T00:02:30.249Z] INFO Activity Executor taskQueue="hydra-billing-tasks", namespace="ncm-cg": 1 DailyBillPublisher:271 [] No Bill paths present for customerHash: [59d5de78-a964-5746-8c6e-677c4c7a79df] for date: [20250223] in workflowId: [114f1ff1-732d-494b-bf0b-8ad801fd8afd]
[2026-02-11T00:02:30.249Z] INFO Activity Executor taskQueue="hydra-billing-tasks", namespace="ncm-cg": 1 DailyBillPublisher:271 [] No Bill paths present for customerHash: [59d5de78-a964-5746-8c6e-677c4c7a79df] for date: [20250216] in workflowId: [114f1ff1-732d-494b-bf0b-8ad801fd8afd]
[2026-02-11T00:02:30.249Z] INFO Activity Executor taskQueue="hydra-billing-tasks", namespace="ncm-cg": 1 DailyBillPublisher:271 [] No Bill paths present for customerHash: [59d5de78-a964-5746-8c6e-677c4c7a79df] for date: [20250217] in workflowId: [114f1ff1-732d-494b-bf0b-8ad801fd8afd]
[2026-02-11T00:02:30.249Z] INFO Activity Executor taskQueue="hydra-billing-tasks", namespace="ncm-cg": 1 DailyBillPublisher:271 [] No Bill paths present for customerHash: [59d5de78-a964-5746-8c6e-677c4c7a79df] for date: [20250218] in workflowId: [114f1ff1-732d-494b-bf0b-8ad801fd8afd]
[2026-02-11T00:02:30.249Z] INFO Activity Executor taskQueue="hydra-billing-tasks", namespace="ncm-cg": 1 DailyBillPublisher:271 [] No Bill paths present for customerHash: [59d5de78-a964-5746-8c6e-677c4c7a79df] for date: [20250219] in workflowId: [114f1ff1-732d-494b-bf0b-8ad801fd8afd]
[2026-02-11T00:02:30.249Z] INFO Activity Executor taskQueue="hydra-billing-tasks", namespace="ncm-cg": 1 DailyBillPublisher:271 [] No Bill paths present for customerHash: [59d5de78-a964-5746-8c6e-677c4c7a79df] for date: [20251221] in workflowId: [114f1ff1-732d-494b-bf0b-8ad801fd8afd]
[2026-02-11T00:02:30.250Z] INFO Activity Executor taskQueue="hydra-billing-tasks", namespace="ncm-cg": 1 DailyBillPublisher:271 [] No Bill paths present for customerHash: [59d5de78-a964-5746-8c6e-677c4c7a79df] for date: [20251220] in workflowId: [114f1ff1-732d-494b-bf0b-8ad801fd8afd]
[2026-02-11T00:02:30.250Z] INFO Activity Executor taskQueue="hydra-billing-tasks", namespace="ncm-cg": 1 DailyBillPublisher:271 [] No Bill paths present for customerHash: [59d5de78-a964-5746-8c6e-677c4c7a79df] for date: [20251223] in workflowId: [114f1ff1-732d-494b-bf0b-8ad801fd8afd]
[2026-02-11T00:02:30.250Z] INFO Activity Executor taskQueue="hydra-billing-tasks", namespace="ncm-cg": 1 DailyBillPublisher:271 [] No Bill paths present for customerHash: [59d5de78-a964-5746-8c6e-677c4c7a79df] for date: [20251222] in workflowId: [114f1ff1-732d-494b-bf0b-8ad801fd8afd]
[2026-02-11T00:02:30.250Z] INFO Activity Executor taskQueue="hydra-billing-tasks", namespace="ncm-cg": 1 DailyBillPublisher:271 [] No Bill paths present for customerHash: [59d5de78-a964-5746-8c6e-677c4c7a79df] for date: [20251217] in workflowId: [114f1ff1-732d-494b-bf0b-8ad801fd8afd]
[2026-02-11T00:02:30.250Z] INFO Activity Executor taskQueue="hydra-billing-tasks", namespace="ncm-cg": 1 DailyBillPublisher:271 [] No Bill paths present for customerHash: [59d5de78-a964-5746-8c6e-677c4c7a79df] for date: [20251216] in workflowId: [114f1ff1-732d-494b-bf0b-8ad801fd8afd]
[2026-02-11T00:02:30.250Z] INFO Activity Executor taskQueue="hydra-billing-tasks", namespace="ncm-cg": 1 DailyBillPublisher:271 [] No Bill paths present for customerHash: [59d5de78-a964-5746-8c6e-677c4c7a79df] for date: [20251219] in workflowId: [114f1ff1-732d-494b-bf0b-8ad801fd8afd]
[2026-02-11T00:02:30.250Z] INFO Activity Executor taskQueue="hydra-billing-tasks", namespace="ncm-cg": 1 DailyBillPublisher:271 [] No Bill paths present for customerHash: [59d5de78-a964-5746-8c6e-677c4c7a79df] for date: [20251218] in workflowId: [114f1ff1-732d-494b-bf0b-8ad801fd8afd]
[2026-02-11T00:02:30.250Z] INFO Activity Executor taskQueue="hydra-billing-tasks", namespace="ncm-cg": 1 DailyBillPublisher:271 [] No Bill paths present for customerHash: [59d5de78-a964-5746-8c6e-677c4c7a79df] for date: [20250204] in workflowId: [114f1ff1-732d-494b-bf0b-8ad801fd8afd]
[2026-02-11T00:02:30.250Z] INFO Activity Executor taskQueue="hydra-billing-tasks", namespace="ncm-cg": 1 DailyBillPublisher:271 [] No Bill paths present for customerHash: [59d5de78-a964-5746-8c6e-677c4c7a79df] for date: [20251229] in workflowId: [114f1ff1-732d-494b-bf0b-8ad801fd8afd]
[2026-02-11T00:02:30.250Z] INFO Activity Executor taskQueue="hydra-billing-tasks", namespace="ncm-cg": 1 DailyBillPublisher:271 [] No Bill paths present for customerHash: [59d5de78-a964-5746-8c6e-677c4c7a79df] for date: [20250205] in workflowId: [114f1ff1-732d-494b-bf0b-8ad801fd8afd]
[2026-02-11T00:02:30.251Z] INFO Activity Executor taskQueue="hydra-billing-tasks", namespace="ncm-cg": 1 DailyBillPublisher:271 [] No Bill paths present for customerHash: [59d5de78-a964-5746-8c6e-677c4c7a79df] for date: [20251228] in workflowId: [114f1ff1-732d-494b-bf0b-8ad801fd8afd]
[2026-02-11T00:02:30.251Z] INFO Activity Executor taskQueue="hydra-billing-tasks", namespace="ncm-cg": 1 DailyBillPublisher:271 [] No Bill paths present for customerHash: [59d5de78-a964-5746-8c6e-677c4c7a79df] for date: [20250206] in workflowId: [114f1ff1-732d-494b-bf0b-8ad801fd8afd]
[2026-02-11T00:02:30.251Z] INFO Activity Executor taskQueue="hydra-billing-tasks", namespace="ncm-cg": 1 DailyBillPublisher:271 [] No Bill paths present for customerHash: [59d5de78-a964-5746-8c6e-677c4c7a79df] for date: [20251231] in workflowId: [114f1ff1-732d-494b-bf0b-8ad801fd8afd]
[2026-02-11T00:02:30.251Z] INFO Activity Executor taskQueue="hydra-billing-tasks", namespace="ncm-cg": 1 DailyBillPublisher:271 [] No Bill paths present for customerHash: [59d5de78-a964-5746-8c6e-677c4c7a79df] for date: [20250207] in workflowId: [114f1ff1-732d-494b-bf0b-8ad801fd8afd]
[2026-02-11T00:02:30.251Z] INFO Activity Executor taskQueue="hydra-billing-tasks", namespace="ncm-cg": 1 DailyBillPublisher:271 [] No Bill paths present for customerHash: [59d5de78-a964-5746-8c6e-677c4c7a79df] for date: [20251230] in workflowId: [114f1ff1-732d-494b-bf0b-8ad801fd8afd]
[2026-02-11T00:02:30.251Z] INFO Activity Executor taskQueue="hydra-billing-tasks", namespace="ncm-cg": 1 DailyBillPublisher:271 [] No Bill paths present for customerHash: [59d5de78-a964-5746-8c6e-677c4c7a79df] for date: [20251225] in workflowId: [114f1ff1-732d-494b-bf0b-8ad801fd8afd]
[2026-02-11T00:02:30.251Z] INFO Activity Executor taskQueue="hydra-billing-tasks", namespace="ncm-cg": 1 DailyBillPublisher:271 [] No Bill paths present for customerHash: [59d5de78-a964-5746-8c6e-677c4c7a79df] for date: [20250201] in workflowId: [114f1ff1-732d-494b-bf0b-8ad801fd8afd]
[2026-02-11T00:02:30.251Z] INFO Activity Executor taskQueue="hydra-billing-tasks", namespace="ncm-cg": 1 DailyBillPublisher:271 [] No Bill paths present for customerHash: [59d5de78-a964-5746-8c6e-677c4c7a79df] for date: [20251224] in workflowId: [114f1ff1-732d-494b-bf0b-8ad801fd8afd]
[2026-02-11T00:02:30.252Z] INFO Activity Executor taskQueue="hydra-billing-tasks", namespace="ncm-cg": 1 DailyBillPublisher:271 [] No Bill paths present for customerHash: [59d5de78-a964-5746-8c6e-677c4c7a79df] for date: [20250202] in workflowId: [114f1ff1-732d-494b-bf0b-8ad801fd8afd]
[2026-02-11T00:02:30.252Z] INFO Activity Executor taskQueue="hydra-billing-tasks", namespace="ncm-cg": 1 DailyBillPublisher:271 [] No Bill paths present for customerHash: [59d5de78-a964-5746-8c6e-677c4c7a79df] for date: [20251227] in workflowId: [114f1ff1-732d-494b-bf0b-8ad801fd8afd]
[2026-02-11T00:02:30.252Z] INFO Activity Executor taskQueue="hydra-billing-tasks", namespace="ncm-cg": 1 DailyBillPublisher:271 [] No Bill paths present for customerHash: [59d5de78-a964-5746-8c6e-677c4c7a79df] for date: [20250203] in workflowId: [114f1ff1-732d-494b-bf0b-8ad801fd8afd]
[2026-02-11T00:02:30.252Z] INFO Activity Executor taskQueue="hydra-billing-tasks", namespace="ncm-cg": 1 DailyBillPublisher:271 [] No Bill paths present for customerHash: [59d5de78-a964-5746-8c6e-677c4c7a79df] for date: [20251226] in workflowId: [114f1ff1-732d-494b-bf0b-8ad801fd8afd]
[2026-02-11T00:02:30.252Z] INFO Activity Executor taskQueue="hydra-billing-tasks", namespace="ncm-cg": 1 DailyBillPublisher:271 [] No Bill paths present for customerHash: [59d5de78-a964-5746-8c6e-677c4c7a79df] for date: [20251205] in workflowId: [114f1ff1-732d-494b-bf0b-8ad801fd8afd]
[2026-02-11T00:02:30.252Z] INFO Activity Executor taskQueue="hydra-billing-tasks", namespace="ncm-cg": 1 DailyBillPublisher:271 [] No Bill paths present for customerHash: [59d5de78-a964-5746-8c6e-677c4c7a79df] for date: [20251204] in workflowId: [114f1ff1-732d-494b-bf0b-8ad801fd8afd]
[2026-02-11T00:02:30.252Z] INFO Activity Executor taskQueue="hydra-billing-tasks", namespace="ncm-cg": 1 DailyBillPublisher:271 [] No Bill paths present for customerHash: [59d5de78-a964-5746-8c6e-677c4c7a79df] for date: [20251207] in workflowId: [114f1ff1-732d-494b-bf0b-8ad801fd8afd]
[2026-02-11T00:02:30.252Z] INFO Activity Executor taskQueue="hydra-billing-tasks", namespace="ncm-cg": 1 DailyBillPublisher:271 [] No Bill paths present for customerHash: [59d5de78-a964-5746-8c6e-677c4c7a79df] for date: [20251206] in workflowId: [114f1ff1-732d-494b-bf0b-8ad801fd8afd]
[2026-02-11T00:02:30.252Z] INFO Activity Executor taskQueue="hydra-billing-tasks", namespace="ncm-cg": 1 DailyBillPublisher:271 [] No Bill paths present for customerHash: [59d5de78-a964-5746-8c6e-677c4c7a79df] for date: [20251201] in workflowId: [114f1ff1-732d-494b-bf0b-8ad801fd8afd]
[2026-02-11T00:02:30.252Z] INFO Activity Executor taskQueue="hydra-billing-tasks", namespace="ncm-cg": 1 DailyBillPublisher:271 [] No Bill paths present for customerHash: [59d5de78-a964-5746-8c6e-677c4c7a79df] for date: [20251203] in workflowId: [114f1ff1-732d-494b-bf0b-8ad801fd8afd]
[2026-02-11T00:02:30.253Z] INFO Activity Executor taskQueue="hydra-billing-tasks", namespace="ncm-cg": 1 DailyBillPublisher:271 [] No Bill paths present for customerHash: [59d5de78-a964-5746-8c6e-677c4c7a79df] for date: [20251202] in workflowId: [114f1ff1-732d-494b-bf0b-8ad801fd8afd]
[2026-02-11T00:02:30.253Z] INFO Activity Executor taskQueue="hydra-billing-tasks", namespace="ncm-cg": 1 DailyBillPublisher:271 [] No Bill paths present for customerHash: [59d5de78-a964-5746-8c6e-677c4c7a79df] for date: [20251213] in workflowId: [114f1ff1-732d-494b-bf0b-8ad801fd8afd]
[2026-02-11T00:02:30.253Z] INFO Activity Executor taskQueue="hydra-billing-tasks", namespace="ncm-cg": 1 DailyBillPublisher:271 [] No Bill paths present for customerHash: [59d5de78-a964-5746-8c6e-677c4c7a79df] for date: [20251212] in workflowId: [114f1ff1-732d-494b-bf0b-8ad801fd8afd]
[2026-02-11T00:02:30.253Z] INFO Activity Executor taskQueue="hydra-billing-tasks", namespace="ncm-cg": 1 DailyBillPublisher:271 [] No Bill paths present for customerHash: [59d5de78-a964-5746-8c6e-677c4c7a79df] for date: [20251215] in workflowId: [114f1ff1-732d-494b-bf0b-8ad801fd8afd]
[2026-02-11T00:02:30.253Z] INFO Activity Executor taskQueue="hydra-billing-tasks", namespace="ncm-cg": 1 DailyBillPublisher:271 [] No Bill paths present for customerHash: [59d5de78-a964-5746-8c6e-677c4c7a79df] for date: [20251214] in workflowId: [114f1ff1-732d-494b-bf0b-8ad801fd8afd]
[2026-02-11T00:02:30.253Z] INFO Activity Executor taskQueue="hydra-billing-tasks", namespace="ncm-cg": 1 DailyBillPublisher:271 [] No Bill paths present for customerHash: [59d5de78-a964-5746-8c6e-677c4c7a79df] for date: [20251209] in workflowId: [114f1ff1-732d-494b-bf0b-8ad801fd8afd]
[2026-02-11T00:02:30.253Z] INFO Activity Executor taskQueue="hydra-billing-tasks", namespace="ncm-cg": 1 DailyBillPublisher:271 [] No Bill paths present for customerHash: [59d5de78-a964-5746-8c6e-677c4c7a79df] for date: [20251208] in workflowId: [114f1ff1-732d-494b-bf0b-8ad801fd8afd]
[2026-02-11T00:02:30.253Z] INFO Activity Executor taskQueue="hydra-billing-tasks", namespace="ncm-cg": 1 DailyBillPublisher:271 [] No Bill paths present for customerHash: [59d5de78-a964-5746-8c6e-677c4c7a79df] for date: [20251211] in workflowId: [114f1ff1-732d-494b-bf0b-8ad801fd8afd]
[2026-02-11T00:02:30.253Z] INFO Activity Executor taskQueue="hydra-billing-tasks", namespace="ncm-cg": 1 DailyBillPublisher:271 [] No Bill paths present for customerHash: [59d5de78-a964-5746-8c6e-677c4c7a79df] for date: [20251210] in workflowId: [114f1ff1-732d-494b-bf0b-8ad801fd8afd]
[2026-02-11T00:02:30.253Z] INFO Activity Executor taskQueue="hydra-billing-tasks", namespace="ncm-cg": 1 DailyBillPublisher:271 [] No Bill paths present for customerHash: [59d5de78-a964-5746-8c6e-677c4c7a79df] for date: [20250301] in workflowId: [114f1ff1-732d-494b-bf0b-8ad801fd8afd]
[2026-02-11T00:02:30.254Z] INFO Activity Executor taskQueue="hydra-billing-tasks", namespace="ncm-cg": 1 DailyBillPublisher:271 [] No Bill paths present for customerHash: [59d5de78-a964-5746-8c6e-677c4c7a79df] for date: [20250302] in workflowId: [114f1ff1-732d-494b-bf0b-8ad801fd8afd]
[2026-02-11T00:02:30.254Z] INFO Activity Executor taskQueue="hydra-billing-tasks", namespace="ncm-cg": 1 DailyBillPublisher:271 [] No Bill paths present for customerHash: [59d5de78-a964-5746-8c6e-677c4c7a79df] for date: [20250303] in workflowId: [114f1ff1-732d-494b-bf0b-8ad801fd8afd]
[2026-02-11T00:02:30.254Z] INFO Activity Executor taskQueue="hydra-billing-tasks", namespace="ncm-cg": 1 DailyBillPublisher:271 [] No Bill paths present for customerHash: [59d5de78-a964-5746-8c6e-677c4c7a79df] for date: [20250324] in workflowId: [114f1ff1-732d-494b-bf0b-8ad801fd8afd]
[2026-02-11T00:02:30.254Z] INFO Activity Executor taskQueue="hydra-billing-tasks", namespace="ncm-cg": 1 DailyBillPublisher:271 [] No Bill paths present for customerHash: [59d5de78-a964-5746-8c6e-677c4c7a79df] for date: [20250325] in workflowId: [114f1ff1-732d-494b-bf0b-8ad801fd8afd]
[2026-02-11T00:02:30.254Z] INFO Activity Executor taskQueue="hydra-billing-tasks", namespace="ncm-cg": 1 DailyBillPublisher:271 [] No Bill paths present for customerHash: [59d5de78-a964-5746-8c6e-677c4c7a79df] for date: [20250326] in workflowId: [114f1ff1-732d-494b-bf0b-8ad801fd8afd]
[2026-02-11T00:02:30.254Z] INFO Activity Executor taskQueue="hydra-billing-tasks", namespace="ncm-cg": 1 DailyBillPublisher:271 [] No Bill paths present for customerHash: [59d5de78-a964-5746-8c6e-677c4c7a79df] for date: [20250327] in workflowId: [114f1ff1-732d-494b-bf0b-8ad801fd8afd]
[2026-02-11T00:02:30.254Z] INFO Activity Executor taskQueue="hydra-billing-tasks", namespace="ncm-cg": 1 DailyBillPublisher:271 [] No Bill paths present for customerHash: [59d5de78-a964-5746-8c6e-677c4c7a79df] for date: [20250320] in workflowId: [114f1ff1-732d-494b-bf0b-8ad801fd8afd]
[2026-02-11T00:02:30.254Z] INFO Activity Executor taskQueue="hydra-billing-tasks", namespace="ncm-cg": 1 DailyBillPublisher:271 [] No Bill paths present for customerHash: [59d5de78-a964-5746-8c6e-677c4c7a79df] for date: [20250321] in workflowId: [114f1ff1-732d-494b-bf0b-8ad801fd8afd]
[2026-02-11T00:02:30.254Z] INFO Activity Executor taskQueue="hydra-billing-tasks", namespace="ncm-cg": 1 DailyBillPublisher:271 [] No Bill paths present for customerHash: [59d5de78-a964-5746-8c6e-677c4c7a79df] for date: [20250322] in workflowId: [114f1ff1-732d-494b-bf0b-8ad801fd8afd]
[2026-02-11T00:02:30.254Z] INFO Activity Executor taskQueue="hydra-billing-tasks", namespace="ncm-cg": 1 DailyBillPublisher:271 [] No Bill paths present for customerHash: [59d5de78-a964-5746-8c6e-677c4c7a79df] for date: [20250323] in workflowId: [114f1ff1-732d-494b-bf0b-8ad801fd8afd]
[2026-02-11T00:02:30.254Z] INFO Activity Executor taskQueue="hydra-billing-tasks", namespace="ncm-cg": 1 DailyBillPublisher:271 [] No Bill paths present for customerHash: [59d5de78-a964-5746-8c6e-677c4c7a79df] for date: [20250328] in workflowId: [114f1ff1-732d-494b-bf0b-8ad801fd8afd]
[2026-02-11T00:02:30.255Z] INFO Activity Executor taskQueue="hydra-billing-tasks", namespace="ncm-cg": 1 DailyBillPublisher:271 [] No Bill paths present for customerHash: [59d5de78-a964-5746-8c6e-677c4c7a79df] for date: [20250329] in workflowId: [114f1ff1-732d-494b-bf0b-8ad801fd8afd]
[2026-02-11T00:02:30.255Z] INFO Activity Executor taskQueue="hydra-billing-tasks", namespace="ncm-cg": 1 DailyBillPublisher:271 [] No Bill paths present for customerHash: [59d5de78-a964-5746-8c6e-677c4c7a79df] for date: [20250330] in workflowId: [114f1ff1-732d-494b-bf0b-8ad801fd8afd]
[2026-02-11T00:02:30.255Z] INFO Activity Executor taskQueue="hydra-billing-tasks", namespace="ncm-cg": 1 DailyBillPublisher:271 [] No Bill paths present for customerHash: [59d5de78-a964-5746-8c6e-677c4c7a79df] for date: [20250331] in workflowId: [114f1ff1-732d-494b-bf0b-8ad801fd8afd]
[2026-02-11T00:02:30.255Z] INFO Activity Executor taskQueue="hydra-billing-tasks", namespace="ncm-cg": 1 DailyBillPublisher:271 [] No Bill paths present for customerHash: [59d5de78-a964-5746-8c6e-677c4c7a79df] for date: [20250308] in workflowId: [114f1ff1-732d-494b-bf0b-8ad801fd8afd]
[2026-02-11T00:02:30.255Z] INFO Activity Executor taskQueue="hydra-billing-tasks", namespace="ncm-cg": 1 DailyBillPublisher:271 [] No Bill paths present for customerHash: [59d5de78-a964-5746-8c6e-677c4c7a79df] for date: [20250309] in workflowId: [114f1ff1-732d-494b-bf0b-8ad801fd8afd]
[2026-02-11T00:02:30.255Z] INFO Activity Executor taskQueue="hydra-billing-tasks", namespace="ncm-cg": 1 DailyBillPublisher:271 [] No Bill paths present for customerHash: [59d5de78-a964-5746-8c6e-677c4c7a79df] for date: [20250310] in workflowId: [114f1ff1-732d-494b-bf0b-8ad801fd8afd]
[2026-02-11T00:02:30.255Z] INFO Activity Executor taskQueue="hydra-billing-tasks", namespace="ncm-cg": 1 DailyBillPublisher:271 [] No Bill paths present for customerHash: [59d5de78-a964-5746-8c6e-677c4c7a79df] for date: [20250311] in workflowId: [114f1ff1-732d-494b-bf0b-8ad801fd8afd]
[2026-02-11T00:02:30.255Z] INFO Activity Executor taskQueue="hydra-billing-tasks", namespace="ncm-cg": 1 DailyBillPublisher:271 [] No Bill paths present for customerHash: [59d5de78-a964-5746-8c6e-677c4c7a79df] for date: [20250304] in workflowId: [114f1ff1-732d-494b-bf0b-8ad801fd8afd]
[2026-02-11T00:02:30.255Z] INFO Activity Executor taskQueue="hydra-billing-tasks", namespace="ncm-cg": 1 DailyBillPublisher:271 [] No Bill paths present for customerHash: [59d5de78-a964-5746-8c6e-677c4c7a79df] for date: [20250305] in workflowId: [114f1ff1-732d-494b-bf0b-8ad801fd8afd]
[2026-02-11T00:02:30.255Z] INFO Activity Executor taskQueue="hydra-billing-tasks", namespace="ncm-cg": 1 DailyBillPublisher:271 [] No Bill paths present for customerHash: [59d5de78-a964-5746-8c6e-677c4c7a79df] for date: [20250306] in workflowId: [114f1ff1-732d-494b-bf0b-8ad801fd8afd]
[2026-02-11T00:02:30.255Z] INFO Activity Executor taskQueue="hydra-billing-tasks", namespace="ncm-cg": 1 DailyBillPublisher:271 [] No Bill paths present for customerHash: [59d5de78-a964-5746-8c6e-677c4c7a79df] for date: [20250307] in workflowId: [114f1ff1-732d-494b-bf0b-8ad801fd8afd]
[2026-02-11T00:02:30.255Z] INFO Activity Executor taskQueue="hydra-billing-tasks", namespace="ncm-cg": 1 DailyBillPublisher:271 [] No Bill paths present for customerHash: [59d5de78-a964-5746-8c6e-677c4c7a79df] for date: [20250316] in workflowId: [114f1ff1-732d-494b-bf0b-8ad801fd8afd]
[2026-02-11T00:02:30.255Z] INFO Activity Executor taskQueue="hydra-billing-tasks", namespace="ncm-cg": 1 DailyBillPublisher:271 [] No Bill paths present for customerHash: [59d5de78-a964-5746-8c6e-677c4c7a79df] for date: [20250317] in workflowId: [114f1ff1-732d-494b-bf0b-8ad801fd8afd]
[2026-02-11T00:02:30.256Z] INFO Activity Executor taskQueue="hydra-billing-tasks", namespace="ncm-cg": 1 DailyBillPublisher:271 [] No Bill paths present for customerHash: [59d5de78-a964-5746-8c6e-677c4c7a79df] for date: [20250318] in workflowId: [114f1ff1-732d-494b-bf0b-8ad801fd8afd]
[2026-02-11T00:02:30.256Z] INFO Activity Executor taskQueue="hydra-billing-tasks", namespace="ncm-cg": 1 DailyBillPublisher:271 [] No Bill paths present for customerHash: [59d5de78-a964-5746-8c6e-677c4c7a79df] for date: [20250319] in workflowId: [114f1ff1-732d-494b-bf0b-8ad801fd8afd]
[2026-02-11T00:02:30.256Z] INFO Activity Executor taskQueue="hydra-billing-tasks", namespace="ncm-cg": 1 DailyBillPublisher:271 [] No Bill paths present for customerHash: [59d5de78-a964-5746-8c6e-677c4c7a79df] for date: [20250312] in workflowId: [114f1ff1-732d-494b-bf0b-8ad801fd8afd]
[2026-02-11T00:02:30.256Z] INFO Activity Executor taskQueue="hydra-billing-tasks", namespace="ncm-cg": 1 DailyBillPublisher:271 [] No Bill paths present for customerHash: [59d5de78-a964-5746-8c6e-677c4c7a79df] for date: [20250313] in workflowId: [114f1ff1-732d-494b-bf0b-8ad801fd8afd]
[2026-02-11T00:02:30.256Z] INFO Activity Executor taskQueue="hydra-billing-tasks", namespace="ncm-cg": 1 DailyBillPublisher:271 [] No Bill paths present for customerHash: [59d5de78-a964-5746-8c6e-677c4c7a79df] for date: [20250314] in workflowId: [114f1ff1-732d-494b-bf0b-8ad801fd8afd]
[2026-02-11T00:02:30.256Z] INFO Activity Executor taskQueue="hydra-billing-tasks", namespace="ncm-cg": 1 DailyBillPublisher:271 [] No Bill paths present for customerHash: [59d5de78-a964-5746-8c6e-677c4c7a79df] for date: [20250315] in workflowId: [114f1ff1-732d-494b-bf0b-8ad801fd8afd]
[2026-02-11T00:02:30.256Z] INFO Activity Executor taskQueue="hydra-billing-tasks", namespace="ncm-cg": 1 DailyBillPublisher:290 [] Successfully uploaded all bills for days(s): [[20250929, 20250928, 20250930, 20250917, 20250916, 20250919, 20250918, 20250913, 20260129, 20250912, 20260128, 20250915, 20260131, 20250914, 20260130, 20250925, 20250924, 20250927, 20250926, 20250921, 20250920, 20250923, 20250922, 20250901, 20260117, 20260116, 20250903, 20260119, 20250902, 20260118, 20260113, 20260112, 20260115, 20260114, 20250909, 20260125, 20250908, 20260124, 20250911, 20260127, 20250910, 20260126, 20250905, 20260121, 20250904, 20260120, 20250907, 20260123, 20250906, 20260122, 20260101, 20260103, 20260102, 20260109, 20260108, 20260111, 20260110, 20260105, 20260104, 20260107, 20260106, 20260209, 20260208, 20260210, 20251005, 20251004, 20251007, 20251006, 20251001, 20251003, 20251002, 20260205, 20260204, 20260207, 20260206, 20260201, 20260203, 20260202, 20251029, 20251028, 20251031, 20251030, 20251025, 20251024, 20251027, 20251026, 20251013, 20251012, 20251015, 20251014, 20251009, 20251008, 20251011, 20251010, 20251021, 20251020, 20251023, 20251022, 20251017, 20251016, 20251019, 20251018, 20251125, 20251124, 20251127, 20251126, 20251121, 20251120, 20251123, 20251122, 20251129, 20251128, 20251130, 20251109, 20251108, 20251111, 20251110, 20251105, 20251104, 20251107, 20251106, 20251117, 20251116, 20251119, 20251118, 20251113, 20251112, 20251115, 20251114, 20251101, 20251103, 20251102, 20250629, 20250628, 20250630, 20250625, 20250624, 20250627, 20250626, 20250725, 20250724, 20250727, 20250726, 20250721, 20250720, 20250723, 20250722, 20250729, 20250728, 20250731, 20250730, 20250709, 20250708, 20250711, 20250710, 20250705, 20250704, 20250707, 20250706, 20250717, 20250716, 20250719, 20250718, 20250713, 20250712, 20250715, 20250714, 20250701, 20250703, 20250702, 20250805, 20250804, 20250807, 20250806, 20250801, 20250803, 20250802, 20250813, 20250812, 20250815, 20250814, 20250809, 20250808, 20250811, 20250810, 20250821, 20250820, 20250823, 20250822, 20250817, 20250816, 20250819, 20250818, 20250829, 20250828, 20250831, 20250830, 20250825, 20250824, 20250827, 20250826, 20250420, 20250421, 20250422, 20250423, 20250416, 20250417, 20250418, 20250419, 20250428, 20250429, 20250430, 20250424, 20250425, 20250426, 20250427, 20250404, 20250405, 20250406, 20250407, 20250401, 20250402, 20250403, 20250412, 20250413, 20250414, 20250415, 20250408, 20250409, 20250410, 20250411, 20250528, 20250529, 20250530, 20250531, 20250516, 20250517, 20250518, 20250519, 20250512, 20250513, 20250514, 20250515, 20250524, 20250525, 20250526, 20250527, 20250520, 20250521, 20250522, 20250523, 20250501, 20250502, 20250503, 20250508, 20250509, 20250510, 20250511, 20250504, 20250505, 20250506, 20250507, 20250612, 20250613, 20250614, 20250615, 20250608, 20250609, 20250610, 20250611, 20250620, 20250621, 20250622, 20250623, 20250616, 20250617, 20250618, 20250619, 20250604, 20250605, 20250606, 20250607, 20250601, 20250602, 20250603, 20250228, 20250224, 20250225, 20250226, 20250227, 20250212, 20250213, 20250214, 20250215, 20250208, 20250209, 20250210, 20250211, 20250220, 20250221, 20250222, 20250223, 20250216, 20250217, 20250218, 20250219, 20251221, 20251220, 20251223, 20251222, 20251217, 20251216, 20251219, 20251218, 20250204, 20251229, 20250205, 20251228, 20250206, 20251231, 20250207, 20251230, 20251225, 20250201, 20251224, 20250202, 20251227, 20250203, 20251226, 20251205, 20251204, 20251207, 20251206, 20251201, 20251203, 20251202, 20251213, 20251212, 20251215, 20251214, 20251209, 20251208, 20251211, 20251210, 20250301, 20250302, 20250303, 20250324, 20250325, 20250326, 20250327, 20250320, 20250321, 20250322, 20250323, 20250328, 20250329, 20250330, 20250331, 20250308, 20250309, 20250310, 20250311, 20250304, 20250305, 20250306, 20250307, 20250316, 20250317, 20250318, 20250319, 20250312, 20250313, 20250314, 20250315]] for customerHash: [59d5de78-a964-5746-8c6e-677c4c7a79df] to bucket: [nx-bills]
[2026-02-11T00:02:30.257Z] INFO Activity Executor taskQueue="hydra-billing-tasks", namespace="ncm-cg": 1 DailyBillPublisher:108 [] Generating new manifest for customerHash: [59d5de78-a964-5746-8c6e-677c4c7a79df] with publishEpoch: [1770768150257]
[2026-02-11T00:02:30.259Z] INFO Activity Executor taskQueue="hydra-billing-tasks", namespace="ncm-cg": 1 DailyBillPublisher:326 [] Adding new bills metadata for date: [20260209] in manifest for customerHash: [59d5de78-a964-5746-8c6e-677c4c7a79df]
[2026-02-11T00:02:30.260Z] INFO Activity Executor taskQueue="hydra-billing-tasks", namespace="ncm-cg": 1 DailyBillPublisher:326 [] Adding new bills metadata for date: [20260208] in manifest for customerHash: [59d5de78-a964-5746-8c6e-677c4c7a79df]
[2026-02-11T00:02:30.261Z] INFO Activity Executor taskQueue="hydra-billing-tasks", namespace="ncm-cg": 1 DailyBillPublisher:326 [] Adding new bills metadata for date: [20260210] in manifest for customerHash: [59d5de78-a964-5746-8c6e-677c4c7a79df]
[2026-02-11T00:02:30.261Z] INFO Activity Executor taskQueue="hydra-billing-tasks", namespace="ncm-cg": 1 DailyBillPublisher:326 [] Adding new bills metadata for date: [20260207] in manifest for customerHash: [59d5de78-a964-5746-8c6e-677c4c7a79df]
[2026-02-11T00:02:30.310Z] INFO Activity Executor taskQueue="hydra-billing-tasks", namespace="ncm-cg": 1 AwsClient:101 [] Object uploaded to bucket: nx-bills, with key: v2/59d5de78-a964-5746-8c6e-677c4c7a79df/manifest.json with version: 1
[2026-02-11T00:02:30.348Z] INFO Activity Executor taskQueue="hydra-billing-tasks", namespace="ncm-cg": 1 DailyBillPublisher:113 [] Successfully uploaded manifest to s3 bucket with versionId: [1] for customerHash: [59d5de78-a964-5746-8c6e-677c4c7a79df]
[2026-02-11T00:02:30.564Z] INFO Activity Executor taskQueue="hydra-billing-tasks", namespace="ncm-cg": 1 DailyBillPublisher:243 [] Successfully persisted updates for yearMonth(s): [[20260209, 20260208, 20260210, 20260207]] for customerHash: [59d5de78-a964-5746-8c6e-677c4c7a79df], publishEpoch: [1770768150257], manifestVersionId: [1]
[2026-02-11T00:02:30.564Z] INFO Activity Executor taskQueue="hydra-billing-tasks", namespace="ncm-cg": 1 DailyBillPublisher:118 [] Published bills for customerHash: [59d5de78-a964-5746-8c6e-677c4c7a79df] in [2] secs!
[2026-02-11T00:02:30.568Z] INFO Activity Executor taskQueue="hydra-billing-tasks", namespace="ncm-cg": 1 DailyBillPublisher:155 [] Raising billing end event for customerHash: [59d5de78-a964-5746-8c6e-677c4c7a79df], event: [NXCBillingEndEventEntity(super=NXCEventBaseEntity(customerHash=59d5de78-a964-5746-8c6e-677c4c7a79df, updatedAtEpochMillis=1770768150568), manifestVersionId=1770768150257, clusterIds=null)]
[2026-02-11T00:02:30.685Z] INFO Activity Executor taskQueue="hydra-billing-tasks", namespace="ncm-cg": 1 StatusTracker:25 [] Successfully added event for customerHash: [59d5de78-a964-5746-8c6e-677c4c7a79df], with eventEntity: [NXCBillingEndEventEntity(super=NXCEventBaseEntity(customerHash=59d5de78-a964-5746-8c6e-677c4c7a79df, updatedAtEpochMillis=1770768150568), manifestVersionId=1770768150257, clusterIds=null)]
[2026-02-11T00:02:40.696Z] INFO Activity Executor taskQueue="hydra-billing-tasks", namespace="ncm-cg": 1 BillingTaskConsumer:64 [] Marking payload: [BillingTaskPayload(customerHash=59d5de78-a964-5746-8c6e-677c4c7a79df, workflowId=114f1ff1-732d-494b-bf0b-8ad801fd8afd, startDate=2026-02-01, endDate=2026-02-10, clusterIds=null, isOnboardingOrDeletion=false, deletionPCs=[], activePcs=[cd3caa79-323c-4844-9041-a007cbb87a86], onboardingPCs=[])] as COMPLETE
[2026-02-11T00:02:40.767Z] INFO Activity Executor taskQueue="hydra-billing-tasks", namespace="ncm-cg": 1 HydraModuleRoutineActivitiesImpl:55 [] Trigger Ingestion Activity Starts for jobId 114f1ff1-732d-494b-bf0b-8ad801fd8afd
[2026-02-11T00:02:50.768Z] INFO Activity Executor taskQueue="hydra-billing-tasks", namespace="ncm-cg": 1 TriggerIngestionTaskHandler:21 [] Handling ingestion task for customerHash: 59d5de78-a964-5746-8c6e-677c4c7a79df
[2026-02-11T01:01:23.277Z] INFO workflow-method-50ee8a37-0305-4e83-b716-ce5c154ee1e2-019c4a37-972d-774c-861f-fd8833ed5c5c HydraModuleRoutineWorkflowImpl:27 [] Hydra Workflow Starts for job Id 50ee8a37-0305-4e83-b716-ce5c154ee1e2
[2026-02-11T01:01:23.315Z] INFO Activity Executor taskQueue="hydra-billing-tasks", namespace="ncm-cg": 2 HydraModuleRoutineActivitiesImpl:47 [] Metering Activity Starts for jobId 50ee8a37-0305-4e83-b716-ce5c154ee1e2
[2026-02-11T01:01:33.316Z] INFO Activity Executor taskQueue="hydra-billing-tasks", namespace="ncm-cg": 2 MeteringTaskHandler:107 [] Processing metering for customerHash: 59d5de78-a964-5746-8c6e-677c4c7a79df with batchId : 66bd2ec8-a5f4-480c-a0f1-e127d50d5d0a
[2026-02-11T01:01:33.326Z] INFO Activity Executor taskQueue="hydra-billing-tasks", namespace="ncm-cg": 2 MeteringTaskHandler:128 [] Processing metering for segment start: [2026-02-01], end: [2026-02-11]
[2026-02-11T01:01:33.666Z] WARN Activity Executor taskQueue="hydra-billing-tasks", namespace="ncm-cg": 2 FilesMeteringLicenceUsageProvider:57 [] storage config not provided for the requested clusters : [[cd3caa79-323c-4844-9041-a007cbb87a86]]
[2026-02-11T01:01:33.667Z] WARN Activity Executor taskQueue="hydra-billing-tasks", namespace="ncm-cg": 2 ObjectsMeteringLicenceUsageProvider:52 [] storage config not provided for the requested clusters : [[cd3caa79-323c-4844-9041-a007cbb87a86]]
[2026-02-11T01:01:33.667Z] WARN Activity Executor taskQueue="hydra-billing-tasks", namespace="ncm-cg": 2 NUSMeteringLicenceUsageProvider:53 [] storage config not provided for the requested clusters : [[cd3caa79-323c-4844-9041-a007cbb87a86]]
[2026-02-11T01:01:33.668Z] INFO pool-12-thread-1 GuestVmRmProcessor:69 [] Processing GuestVM Resource metering and Instance costing for customer: [59d5de78-a964-5746-8c6e-677c4c7a79df] , batch : [66bd2ec8-a5f4-480c-a0f1-e127d50d5d0a]
[2026-02-11T01:01:33.669Z] INFO pool-12-thread-1 GuestVmRmProcessor:112 [] Computed IC for date : [10-02-2026] for customer: [59d5de78-a964-5746-8c6e-677c4c7a79df] , batch : [66bd2ec8-a5f4-480c-a0f1-e127d50d5d0a]
[2026-02-11T01:01:33.669Z] INFO pool-12-thread-1 GuestVmRmProcessor:112 [] Computed IC for date : [08-02-2026] for customer: [59d5de78-a964-5746-8c6e-677c4c7a79df] , batch : [66bd2ec8-a5f4-480c-a0f1-e127d50d5d0a]
[2026-02-11T01:01:33.669Z] INFO pool-12-thread-1 GuestVmRmProcessor:112 [] Computed IC for date : [07-02-2026] for customer: [59d5de78-a964-5746-8c6e-677c4c7a79df] , batch : [66bd2ec8-a5f4-480c-a0f1-e127d50d5d0a]
[2026-02-11T01:01:33.669Z] INFO pool-12-thread-1 GuestVmRmProcessor:112 [] Computed IC for date : [11-02-2026] for customer: [59d5de78-a964-5746-8c6e-677c4c7a79df] , batch : [66bd2ec8-a5f4-480c-a0f1-e127d50d5d0a]
[2026-02-11T01:01:33.669Z] INFO pool-12-thread-1 GuestVmRmProcessor:112 [] Computed IC for date : [09-02-2026] for customer: [59d5de78-a964-5746-8c6e-677c4c7a79df] , batch : [66bd2ec8-a5f4-480c-a0f1-e127d50d5d0a]
[2026-02-11T01:01:33.776Z] INFO pool-12-thread-1 GuestVmRmProcessor:121 [] Successfully processed RM and IC for customer: [59d5de78-a964-5746-8c6e-677c4c7a79df] , batch : [66bd2ec8-a5f4-480c-a0f1-e127d50d5d0a]
[2026-02-11T01:01:33.848Z] INFO pool-12-thread-1 UnProvisionedRmProcessor:68 [] Processing Unprovisioned Resource metering and Instance costing for customer: [59d5de78-a964-5746-8c6e-677c4c7a79df] , batch : [66bd2ec8-a5f4-480c-a0f1-e127d50d5d0a]
[2026-02-11T01:01:33.849Z] INFO pool-12-thread-1 UnProvisionedRmProcessor:122 [] Successfully processed Unprovisioned RM and IC for customer: [59d5de78-a964-5746-8c6e-677c4c7a79df] , batch : [66bd2ec8-a5f4-480c-a0f1-e127d50d5d0a]
[2026-02-11T01:01:33.849Z] INFO pool-12-thread-1 OverProvisionedRmProcessor:56 [] Processing OverProvisioned Resource metering and Instance costing for customer: [59d5de78-a964-5746-8c6e-677c4c7a79df] , batch : [66bd2ec8-a5f4-480c-a0f1-e127d50d5d0a]
[2026-02-11T01:01:33.849Z] INFO pool-12-thread-1 OverProvisionedRmProcessor:93 [] Successfully processed OverProvisioned RM and IC for customer: [59d5de78-a964-5746-8c6e-677c4c7a79df] , batch : [66bd2ec8-a5f4-480c-a0f1-e127d50d5d0a]
[2026-02-11T01:01:33.849Z] INFO pool-12-thread-1 MeteringManager:44 [] Successfully processed metering for task : RmUnitTask{customerHash='59d5de78-a964-5746-8c6e-677c4c7a79df', clusterId='00063fb0-c3eb-3105-0000-00000001c483', batchId='66bd2ec8-a5f4-480c-a0f1-e127d50d5d0a', timePeriod=RmUnitTask.TimePeriod(start=1769904000, end=1770854399), taskId=4870cb52-e1c0-46c6-867a-d6c57e0daec8}
[2026-02-11T01:01:33.850Z] INFO pool-12-thread-1 GuestVmRmProcessor:69 [] Processing GuestVM Resource metering and Instance costing for customer: [59d5de78-a964-5746-8c6e-677c4c7a79df] , batch : [66bd2ec8-a5f4-480c-a0f1-e127d50d5d0a]
[2026-02-11T01:01:33.850Z] INFO pool-12-thread-1 GuestVmRmProcessor:112 [] Computed IC for date : [10-02-2026] for customer: [59d5de78-a964-5746-8c6e-677c4c7a79df] , batch : [66bd2ec8-a5f4-480c-a0f1-e127d50d5d0a]
[2026-02-11T01:01:33.850Z] INFO pool-12-thread-1 GuestVmRmProcessor:112 [] Computed IC for date : [08-02-2026] for customer: [59d5de78-a964-5746-8c6e-677c4c7a79df] , batch : [66bd2ec8-a5f4-480c-a0f1-e127d50d5d0a]
[2026-02-11T01:01:33.850Z] INFO pool-12-thread-1 GuestVmRmProcessor:112 [] Computed IC for date : [07-02-2026] for customer: [59d5de78-a964-5746-8c6e-677c4c7a79df] , batch : [66bd2ec8-a5f4-480c-a0f1-e127d50d5d0a]
[2026-02-11T01:01:33.851Z] INFO pool-12-thread-1 GuestVmRmProcessor:112 [] Computed IC for date : [09-02-2026] for customer: [59d5de78-a964-5746-8c6e-677c4c7a79df] , batch : [66bd2ec8-a5f4-480c-a0f1-e127d50d5d0a]
[2026-02-11T01:01:33.872Z] INFO pool-12-thread-1 GuestVmRmProcessor:121 [] Successfully processed RM and IC for customer: [59d5de78-a964-5746-8c6e-677c4c7a79df] , batch : [66bd2ec8-a5f4-480c-a0f1-e127d50d5d0a]
[2026-02-11T01:01:33.873Z] INFO pool-12-thread-1 UnProvisionedRmProcessor:68 [] Processing Unprovisioned Resource metering and Instance costing for customer: [59d5de78-a964-5746-8c6e-677c4c7a79df] , batch : [66bd2ec8-a5f4-480c-a0f1-e127d50d5d0a]
[2026-02-11T01:01:33.873Z] INFO pool-12-thread-1 UnProvisionedRmProcessor:122 [] Successfully processed Unprovisioned RM and IC for customer: [59d5de78-a964-5746-8c6e-677c4c7a79df] , batch : [66bd2ec8-a5f4-480c-a0f1-e127d50d5d0a]
[2026-02-11T01:01:33.948Z] INFO pool-12-thread-1 OverProvisionedRmProcessor:56 [] Processing OverProvisioned Resource metering and Instance costing for customer: [59d5de78-a964-5746-8c6e-677c4c7a79df] , batch : [66bd2ec8-a5f4-480c-a0f1-e127d50d5d0a]
[2026-02-11T01:01:33.949Z] INFO pool-12-thread-1 OverProvisionedRmProcessor:93 [] Successfully processed OverProvisioned RM and IC for customer: [59d5de78-a964-5746-8c6e-677c4c7a79df] , batch : [66bd2ec8-a5f4-480c-a0f1-e127d50d5d0a]
[2026-02-11T01:01:33.949Z] INFO pool-12-thread-1 MeteringManager:44 [] Successfully processed metering for task : RmUnitTask{customerHash='59d5de78-a964-5746-8c6e-677c4c7a79df', clusterId='0006437f-fcaf-c4c4-0000-0000000193e2', batchId='66bd2ec8-a5f4-480c-a0f1-e127d50d5d0a', timePeriod=RmUnitTask.TimePeriod(start=1769904000, end=1770854399), taskId=1f628cdc-6f5f-4e35-b3d0-642ca766d152}
[2026-02-11T01:01:34.351Z] WARN Activity Executor taskQueue="hydra-billing-tasks", namespace="ncm-cg": 2 FilesMeteringLicenceUsageProvider:57 [] storage config not provided for the requested clusters : [[cd3caa79-323c-4844-9041-a007cbb87a86]]
[2026-02-11T01:01:34.351Z] WARN Activity Executor taskQueue="hydra-billing-tasks", namespace="ncm-cg": 2 ObjectsMeteringLicenceUsageProvider:52 [] storage config not provided for the requested clusters : [[cd3caa79-323c-4844-9041-a007cbb87a86]]
[2026-02-11T01:01:34.352Z] WARN Activity Executor taskQueue="hydra-billing-tasks", namespace="ncm-cg": 2 NUSMeteringLicenceUsageProvider:53 [] storage config not provided for the requested clusters : [[cd3caa79-323c-4844-9041-a007cbb87a86]]
[2026-02-11T01:01:34.353Z] INFO pool-12-thread-1 GuestVmRmProcessor:69 [] Processing GuestVM Resource metering and Instance costing for customer: [59d5de78-a964-5746-8c6e-677c4c7a79df] , batch : [66bd2ec8-a5f4-480c-a0f1-e127d50d5d0a]
[2026-02-11T01:01:34.353Z] INFO pool-12-thread-1 GuestVmRmProcessor:112 [] Computed IC for date : [10-02-2026] for customer: [59d5de78-a964-5746-8c6e-677c4c7a79df] , batch : [66bd2ec8-a5f4-480c-a0f1-e127d50d5d0a]
[2026-02-11T01:01:34.353Z] INFO pool-12-thread-1 GuestVmRmProcessor:112 [] Computed IC for date : [08-02-2026] for customer: [59d5de78-a964-5746-8c6e-677c4c7a79df] , batch : [66bd2ec8-a5f4-480c-a0f1-e127d50d5d0a]
[2026-02-11T01:01:34.354Z] INFO pool-12-thread-1 GuestVmRmProcessor:112 [] Computed IC for date : [07-02-2026] for customer: [59d5de78-a964-5746-8c6e-677c4c7a79df] , batch : [66bd2ec8-a5f4-480c-a0f1-e127d50d5d0a]
[2026-02-11T01:01:34.354Z] INFO pool-12-thread-1 GuestVmRmProcessor:112 [] Computed IC for date : [11-02-2026] for customer: [59d5de78-a964-5746-8c6e-677c4c7a79df] , batch : [66bd2ec8-a5f4-480c-a0f1-e127d50d5d0a]
[2026-02-11T01:01:34.354Z] INFO pool-12-thread-1 GuestVmRmProcessor:112 [] Computed IC for date : [09-02-2026] for customer: [59d5de78-a964-5746-8c6e-677c4c7a79df] , batch : [66bd2ec8-a5f4-480c-a0f1-e127d50d5d0a]
[2026-02-11T01:01:34.454Z] INFO pool-12-thread-1 GuestVmRmProcessor:121 [] Successfully processed RM and IC for customer: [59d5de78-a964-5746-8c6e-677c4c7a79df] , batch : [66bd2ec8-a5f4-480c-a0f1-e127d50d5d0a]
[2026-02-11T01:01:34.454Z] INFO pool-12-thread-1 UnProvisionedRmProcessor:68 [] Processing Unprovisioned Resource metering and Instance costing for customer: [59d5de78-a964-5746-8c6e-677c4c7a79df] , batch : [66bd2ec8-a5f4-480c-a0f1-e127d50d5d0a]
[2026-02-11T01:01:34.455Z] INFO pool-12-thread-1 UnProvisionedRmProcessor:113 [] Computed Unprovisioned IC for date : [10-02-2026] for customer: [59d5de78-a964-5746-8c6e-677c4c7a79df] , batch : [66bd2ec8-a5f4-480c-a0f1-e127d50d5d0a]
[2026-02-11T01:01:34.455Z] INFO pool-12-thread-1 UnProvisionedRmProcessor:113 [] Computed Unprovisioned IC for date : [08-02-2026] for customer: [59d5de78-a964-5746-8c6e-677c4c7a79df] , batch : [66bd2ec8-a5f4-480c-a0f1-e127d50d5d0a]
[2026-02-11T01:01:34.455Z] INFO pool-12-thread-1 UnProvisionedRmProcessor:113 [] Computed Unprovisioned IC for date : [07-02-2026] for customer: [59d5de78-a964-5746-8c6e-677c4c7a79df] , batch : [66bd2ec8-a5f4-480c-a0f1-e127d50d5d0a]
[2026-02-11T01:01:34.455Z] INFO pool-12-thread-1 UnProvisionedRmProcessor:113 [] Computed Unprovisioned IC for date : [09-02-2026] for customer: [59d5de78-a964-5746-8c6e-677c4c7a79df] , batch : [66bd2ec8-a5f4-480c-a0f1-e127d50d5d0a]
[2026-02-11T01:01:34.548Z] INFO pool-12-thread-1 UnProvisionedRmProcessor:122 [] Successfully processed Unprovisioned RM and IC for customer: [59d5de78-a964-5746-8c6e-677c4c7a79df] , batch : [66bd2ec8-a5f4-480c-a0f1-e127d50d5d0a]
[2026-02-11T01:01:34.549Z] INFO pool-12-thread-1 OverProvisionedRmProcessor:56 [] Processing OverProvisioned Resource metering and Instance costing for customer: [59d5de78-a964-5746-8c6e-677c4c7a79df] , batch : [66bd2ec8-a5f4-480c-a0f1-e127d50d5d0a]
[2026-02-11T01:01:34.549Z] INFO pool-12-thread-1 OverProvisionedRmProcessor:84 [] Computed OverProvisioned IC for date : [10-02-2026] for customer: [59d5de78-a964-5746-8c6e-677c4c7a79df] , batch : [66bd2ec8-a5f4-480c-a0f1-e127d50d5d0a]
[2026-02-11T01:01:34.549Z] INFO pool-12-thread-1 OverProvisionedRmProcessor:84 [] Computed OverProvisioned IC for date : [08-02-2026] for customer: [59d5de78-a964-5746-8c6e-677c4c7a79df] , batch : [66bd2ec8-a5f4-480c-a0f1-e127d50d5d0a]
[2026-02-11T01:01:34.549Z] INFO pool-12-thread-1 OverProvisionedRmProcessor:84 [] Computed OverProvisioned IC for date : [07-02-2026] for customer: [59d5de78-a964-5746-8c6e-677c4c7a79df] , batch : [66bd2ec8-a5f4-480c-a0f1-e127d50d5d0a]
[2026-02-11T01:01:34.549Z] INFO pool-12-thread-1 OverProvisionedRmProcessor:84 [] Computed OverProvisioned IC for date : [09-02-2026] for customer: [59d5de78-a964-5746-8c6e-677c4c7a79df] , batch : [66bd2ec8-a5f4-480c-a0f1-e127d50d5d0a]
[2026-02-11T01:01:34.567Z] INFO pool-12-thread-1 OverProvisionedRmProcessor:93 [] Successfully processed OverProvisioned RM and IC for customer: [59d5de78-a964-5746-8c6e-677c4c7a79df] , batch : [66bd2ec8-a5f4-480c-a0f1-e127d50d5d0a]
[2026-02-11T01:01:34.567Z] INFO pool-12-thread-1 MeteringManager:44 [] Successfully processed metering for task : RmUnitTask{customerHash='59d5de78-a964-5746-8c6e-677c4c7a79df', clusterId='00063fb0-c3eb-3105-0000-00000001c483', batchId='66bd2ec8-a5f4-480c-a0f1-e127d50d5d0a', timePeriod=RmUnitTask.TimePeriod(start=1769904000, end=1770854399), taskId=ac3d41d9-d988-4878-9d28-5f3906974613}
[2026-02-11T01:01:34.567Z] INFO pool-12-thread-1 GuestVmRmProcessor:69 [] Processing GuestVM Resource metering and Instance costing for customer: [59d5de78-a964-5746-8c6e-677c4c7a79df] , batch : [66bd2ec8-a5f4-480c-a0f1-e127d50d5d0a]
[2026-02-11T01:01:34.567Z] INFO pool-12-thread-1 GuestVmRmProcessor:112 [] Computed IC for date : [10-02-2026] for customer: [59d5de78-a964-5746-8c6e-677c4c7a79df] , batch : [66bd2ec8-a5f4-480c-a0f1-e127d50d5d0a]
[2026-02-11T01:01:34.567Z] INFO pool-12-thread-1 GuestVmRmProcessor:112 [] Computed IC for date : [08-02-2026] for customer: [59d5de78-a964-5746-8c6e-677c4c7a79df] , batch : [66bd2ec8-a5f4-480c-a0f1-e127d50d5d0a]
[2026-02-11T01:01:34.567Z] INFO pool-12-thread-1 GuestVmRmProcessor:112 [] Computed IC for date : [07-02-2026] for customer: [59d5de78-a964-5746-8c6e-677c4c7a79df] , batch : [66bd2ec8-a5f4-480c-a0f1-e127d50d5d0a]
[2026-02-11T01:01:34.568Z] INFO pool-12-thread-1 GuestVmRmProcessor:112 [] Computed IC for date : [09-02-2026] for customer: [59d5de78-a964-5746-8c6e-677c4c7a79df] , batch : [66bd2ec8-a5f4-480c-a0f1-e127d50d5d0a]
[2026-02-11T01:01:34.660Z] INFO pool-12-thread-1 GuestVmRmProcessor:121 [] Successfully processed RM and IC for customer: [59d5de78-a964-5746-8c6e-677c4c7a79df] , batch : [66bd2ec8-a5f4-480c-a0f1-e127d50d5d0a]
[2026-02-11T01:01:34.660Z] INFO pool-12-thread-1 UnProvisionedRmProcessor:68 [] Processing Unprovisioned Resource metering and Instance costing for customer: [59d5de78-a964-5746-8c6e-677c4c7a79df] , batch : [66bd2ec8-a5f4-480c-a0f1-e127d50d5d0a]
[2026-02-11T01:01:34.661Z] INFO pool-12-thread-1 UnProvisionedRmProcessor:113 [] Computed Unprovisioned IC for date : [10-02-2026] for customer: [59d5de78-a964-5746-8c6e-677c4c7a79df] , batch : [66bd2ec8-a5f4-480c-a0f1-e127d50d5d0a]
[2026-02-11T01:01:34.661Z] INFO pool-12-thread-1 UnProvisionedRmProcessor:113 [] Computed Unprovisioned IC for date : [08-02-2026] for customer: [59d5de78-a964-5746-8c6e-677c4c7a79df] , batch : [66bd2ec8-a5f4-480c-a0f1-e127d50d5d0a]
[2026-02-11T01:01:34.661Z] INFO pool-12-thread-1 UnProvisionedRmProcessor:113 [] Computed Unprovisioned IC for date : [07-02-2026] for customer: [59d5de78-a964-5746-8c6e-677c4c7a79df] , batch : [66bd2ec8-a5f4-480c-a0f1-e127d50d5d0a]
[2026-02-11T01:01:34.661Z] INFO pool-12-thread-1 UnProvisionedRmProcessor:113 [] Computed Unprovisioned IC for date : [09-02-2026] for customer: [59d5de78-a964-5746-8c6e-677c4c7a79df] , batch : [66bd2ec8-a5f4-480c-a0f1-e127d50d5d0a]
[2026-02-11T01:01:34.750Z] INFO pool-12-thread-1 UnProvisionedRmProcessor:122 [] Successfully processed Unprovisioned RM and IC for customer: [59d5de78-a964-5746-8c6e-677c4c7a79df] , batch : [66bd2ec8-a5f4-480c-a0f1-e127d50d5d0a]
[2026-02-11T01:01:34.751Z] INFO pool-12-thread-1 OverProvisionedRmProcessor:56 [] Processing OverProvisioned Resource metering and Instance costing for customer: [59d5de78-a964-5746-8c6e-677c4c7a79df] , batch : [66bd2ec8-a5f4-480c-a0f1-e127d50d5d0a]
[2026-02-11T01:01:34.751Z] INFO pool-12-thread-1 OverProvisionedRmProcessor:84 [] Computed OverProvisioned IC for date : [10-02-2026] for customer: [59d5de78-a964-5746-8c6e-677c4c7a79df] , batch : [66bd2ec8-a5f4-480c-a0f1-e127d50d5d0a]
[2026-02-11T01:01:34.751Z] INFO pool-12-thread-1 OverProvisionedRmProcessor:84 [] Computed OverProvisioned IC for date : [08-02-2026] for customer: [59d5de78-a964-5746-8c6e-677c4c7a79df] , batch : [66bd2ec8-a5f4-480c-a0f1-e127d50d5d0a]
[2026-02-11T01:01:34.751Z] INFO pool-12-thread-1 OverProvisionedRmProcessor:84 [] Computed OverProvisioned IC for date : [07-02-2026] for customer: [59d5de78-a964-5746-8c6e-677c4c7a79df] , batch : [66bd2ec8-a5f4-480c-a0f1-e127d50d5d0a]
[2026-02-11T01:01:34.751Z] INFO pool-12-thread-1 OverProvisionedRmProcessor:84 [] Computed OverProvisioned IC for date : [09-02-2026] for customer: [59d5de78-a964-5746-8c6e-677c4c7a79df] , batch : [66bd2ec8-a5f4-480c-a0f1-e127d50d5d0a]
[2026-02-11T01:01:34.770Z] INFO pool-12-thread-1 OverProvisionedRmProcessor:93 [] Successfully processed OverProvisioned RM and IC for customer: [59d5de78-a964-5746-8c6e-677c4c7a79df] , batch : [66bd2ec8-a5f4-480c-a0f1-e127d50d5d0a]
[2026-02-11T01:01:34.770Z] INFO pool-12-thread-1 MeteringManager:44 [] Successfully processed metering for task : RmUnitTask{customerHash='59d5de78-a964-5746-8c6e-677c4c7a79df', clusterId='0006437f-fcaf-c4c4-0000-0000000193e2', batchId='66bd2ec8-a5f4-480c-a0f1-e127d50d5d0a', timePeriod=RmUnitTask.TimePeriod(start=1769904000, end=1770854399), taskId=11963ed5-17fc-4e04-9457-b262fa23329e}
[2026-02-11T01:01:34.783Z] INFO Activity Executor taskQueue="hydra-billing-tasks", namespace="ncm-cg": 2 MeteringTaskHandler:234 [] Processed metering for customerHash: [59d5de78-a964-5746-8c6e-677c4c7a79df] with batchId : [66bd2ec8-a5f4-480c-a0f1-e127d50d5d0a] in time: [1] secs!
[2026-02-11T01:01:34.878Z] INFO Activity Executor taskQueue="hydra-billing-tasks", namespace="ncm-cg": 2 HydraModuleRoutineActivitiesImpl:34 [] Billing Activity Starts for jobId 50ee8a37-0305-4e83-b716-ce5c154ee1e2
[2026-02-11T01:01:34.879Z] INFO Activity Executor taskQueue="hydra-billing-tasks", namespace="ncm-cg": 2 DailyBillGenerator:99 [] Starting generating bills for customerHash: [59d5de78-a964-5746-8c6e-677c4c7a79df] from [2026-02-01] to [2026-02-11], workflowId: [50ee8a37-0305-4e83-b716-ce5c154ee1e2]
[2026-02-11T01:01:34.901Z] INFO Activity Executor taskQueue="hydra-billing-tasks", namespace="ncm-cg": 2 DailyBillGenerator:277 [] Found un-metered clusters on dates: [[2026-02-11]] for customerHash: [59d5de78-a964-5746-8c6e-677c4c7a79df]
[2026-02-11T01:01:34.953Z] INFO Activity Executor taskQueue="hydra-billing-tasks", namespace="ncm-cg": 2 DailyBillGenerator:119 [] Starting writing bill entities for segment start: [2026-02-01], end: [2026-02-11]
[2026-02-11T01:01:39.549Z] INFO Activity Executor taskQueue="hydra-billing-tasks", namespace="ncm-cg": 2 DailyBillGenerator:188 [] Found [2] clusters for customerHash : [59d5de78-a964-5746-8c6e-677c4c7a79df]
[2026-02-11T01:01:39.870Z] INFO Activity Executor taskQueue="hydra-billing-tasks", namespace="ncm-cg": 2 UnMeteredEntityWriter:107 [] Un-metered clustersId: [[00063fb0-c3eb-3105-0000-00000001c483, 0006437f-fcaf-c4c4-0000-0000000193e2]] found on date: [2026-02-11] for customerHash: [59d5de78-a964-5746-8c6e-677c4c7a79df]
[2026-02-11T01:01:39.872Z] INFO Activity Executor taskQueue="hydra-billing-tasks", namespace="ncm-cg": 2 UnprovisionedEntityWriter:117 [] Un-provisioned entity found for clusterIds: [[00063fb0-c3eb-3105-0000-00000001c483, 0006437f-fcaf-c4c4-0000-0000000193e2]] on date: [2026-02-07]
[2026-02-11T01:01:39.872Z] WARN Activity Executor taskQueue="hydra-billing-tasks", namespace="ncm-cg": 2 EntitiesWriter:259 [] Optional Target model exclusive hardware exists for clusterId : [00063fb0-c3eb-3105-0000-00000001c483] , date : [2026-02-07], hardware: [UNPROVISIONED_VCPU]
[2026-02-11T01:01:39.872Z] WARN Activity Executor taskQueue="hydra-billing-tasks", namespace="ncm-cg": 2 UnprovisionedEntityWriter:180 [] [Found selective Target model exclusive Hardware] : [Returning null.]
[2026-02-11T01:01:39.873Z] WARN Activity Executor taskQueue="hydra-billing-tasks", namespace="ncm-cg": 2 EntitiesWriter:259 [] Optional Target model exclusive hardware exists for clusterId : [0006437f-fcaf-c4c4-0000-0000000193e2] , date : [2026-02-07], hardware: [UNPROVISIONED_VCPU]
[2026-02-11T01:01:39.873Z] WARN Activity Executor taskQueue="hydra-billing-tasks", namespace="ncm-cg": 2 UnprovisionedEntityWriter:180 [] [Found selective Target model exclusive Hardware] : [Returning null.]
[2026-02-11T01:01:39.873Z] INFO Activity Executor taskQueue="hydra-billing-tasks", namespace="ncm-cg": 2 UnprovisionedEntityWriter:117 [] Un-provisioned entity found for clusterIds: [[00063fb0-c3eb-3105-0000-00000001c483, 0006437f-fcaf-c4c4-0000-0000000193e2]] on date: [2026-02-08]
[2026-02-11T01:01:39.874Z] WARN Activity Executor taskQueue="hydra-billing-tasks", namespace="ncm-cg": 2 EntitiesWriter:259 [] Optional Target model exclusive hardware exists for clusterId : [00063fb0-c3eb-3105-0000-00000001c483] , date : [2026-02-08], hardware: [UNPROVISIONED_VCPU]
[2026-02-11T01:01:39.874Z] WARN Activity Executor taskQueue="hydra-billing-tasks", namespace="ncm-cg": 2 UnprovisionedEntityWriter:180 [] [Found selective Target model exclusive Hardware] : [Returning null.]
[2026-02-11T01:01:39.874Z] WARN Activity Executor taskQueue="hydra-billing-tasks", namespace="ncm-cg": 2 EntitiesWriter:259 [] Optional Target model exclusive hardware exists for clusterId : [0006437f-fcaf-c4c4-0000-0000000193e2] , date : [2026-02-08], hardware: [UNPROVISIONED_VCPU]
[2026-02-11T01:01:39.874Z] WARN Activity Executor taskQueue="hydra-billing-tasks", namespace="ncm-cg": 2 UnprovisionedEntityWriter:180 [] [Found selective Target model exclusive Hardware] : [Returning null.]
[2026-02-11T01:01:39.874Z] INFO Activity Executor taskQueue="hydra-billing-tasks", namespace="ncm-cg": 2 UnprovisionedEntityWriter:117 [] Un-provisioned entity found for clusterIds: [[00063fb0-c3eb-3105-0000-00000001c483, 0006437f-fcaf-c4c4-0000-0000000193e2]] on date: [2026-02-09]
[2026-02-11T01:01:39.875Z] WARN Activity Executor taskQueue="hydra-billing-tasks", namespace="ncm-cg": 2 EntitiesWriter:259 [] Optional Target model exclusive hardware exists for clusterId : [00063fb0-c3eb-3105-0000-00000001c483] , date : [2026-02-09], hardware: [UNPROVISIONED_VCPU]
[2026-02-11T01:01:39.875Z] WARN Activity Executor taskQueue="hydra-billing-tasks", namespace="ncm-cg": 2 UnprovisionedEntityWriter:180 [] [Found selective Target model exclusive Hardware] : [Returning null.]
[2026-02-11T01:01:39.875Z] WARN Activity Executor taskQueue="hydra-billing-tasks", namespace="ncm-cg": 2 EntitiesWriter:259 [] Optional Target model exclusive hardware exists for clusterId : [0006437f-fcaf-c4c4-0000-0000000193e2] , date : [2026-02-09], hardware: [UNPROVISIONED_VCPU]
[2026-02-11T01:01:39.875Z] WARN Activity Executor taskQueue="hydra-billing-tasks", namespace="ncm-cg": 2 UnprovisionedEntityWriter:180 [] [Found selective Target model exclusive Hardware] : [Returning null.]
[2026-02-11T01:01:39.876Z] INFO Activity Executor taskQueue="hydra-billing-tasks", namespace="ncm-cg": 2 UnprovisionedEntityWriter:117 [] Un-provisioned entity found for clusterIds: [[00063fb0-c3eb-3105-0000-00000001c483, 0006437f-fcaf-c4c4-0000-0000000193e2]] on date: [2026-02-10]
[2026-02-11T01:01:39.876Z] WARN Activity Executor taskQueue="hydra-billing-tasks", namespace="ncm-cg": 2 EntitiesWriter:259 [] Optional Target model exclusive hardware exists for clusterId : [00063fb0-c3eb-3105-0000-00000001c483] , date : [2026-02-10], hardware: [UNPROVISIONED_VCPU]
[2026-02-11T01:01:39.948Z] WARN Activity Executor taskQueue="hydra-billing-tasks", namespace="ncm-cg": 2 UnprovisionedEntityWriter:180 [] [Found selective Target model exclusive Hardware] : [Returning null.]
[2026-02-11T01:01:39.949Z] WARN Activity Executor taskQueue="hydra-billing-tasks", namespace="ncm-cg": 2 EntitiesWriter:259 [] Optional Target model exclusive hardware exists for clusterId : [00063fb0-c3eb-3105-0000-00000001c483] , date : [2026-02-10], hardware: [UNPROVISIONED_VDISK]
[2026-02-11T01:01:39.949Z] WARN Activity Executor taskQueue="hydra-billing-tasks", namespace="ncm-cg": 2 UnprovisionedEntityWriter:198 [] [Found selective Target model exclusive Hardware] : [Returning null.]
[2026-02-11T01:01:39.949Z] WARN Activity Executor taskQueue="hydra-billing-tasks", namespace="ncm-cg": 2 EntitiesWriter:259 [] Optional Target model exclusive hardware exists for clusterId : [0006437f-fcaf-c4c4-0000-0000000193e2] , date : [2026-02-10], hardware: [UNPROVISIONED_VCPU]
[2026-02-11T01:01:39.949Z] WARN Activity Executor taskQueue="hydra-billing-tasks", namespace="ncm-cg": 2 UnprovisionedEntityWriter:180 [] [Found selective Target model exclusive Hardware] : [Returning null.]
[2026-02-11T01:01:39.950Z] INFO Activity Executor taskQueue="hydra-billing-tasks", namespace="ncm-cg": 2 UnprovisionedEntityWriter:117 [] Un-provisioned entity found for clusterIds: [[]] on date: [2026-02-11]
[2026-02-11T01:01:39.950Z] INFO Activity Executor taskQueue="hydra-billing-tasks", namespace="ncm-cg": 2 OverprovisionedEntityWriter:117 [] Over-provisioned entity found for clusterIds: [[00063fb0-c3eb-3105-0000-00000001c483, 0006437f-fcaf-c4c4-0000-0000000193e2]] on date: [2026-02-07] for customerHash: [59d5de78-a964-5746-8c6e-677c4c7a79df]
[2026-02-11T01:01:39.950Z] WARN Activity Executor taskQueue="hydra-billing-tasks", namespace="ncm-cg": 2 EntitiesWriter:259 [] Optional Target model exclusive hardware exists for clusterId : [00063fb0-c3eb-3105-0000-00000001c483] , date : [2026-02-07], hardware: [OVERPROVISIONED_VRAM]
[2026-02-11T01:01:39.950Z] WARN Activity Executor taskQueue="hydra-billing-tasks", namespace="ncm-cg": 2 OverprovisionedEntityWriter:190 [] [Found selective Target model exclusive Hardware] : [Returning null.]
[2026-02-11T01:01:39.951Z] WARN Activity Executor taskQueue="hydra-billing-tasks", namespace="ncm-cg": 2 EntitiesWriter:259 [] Optional Target model exclusive hardware exists for clusterId : [00063fb0-c3eb-3105-0000-00000001c483] , date : [2026-02-07], hardware: [OVERPROVISIONED_VDISK]
[2026-02-11T01:01:39.951Z] WARN Activity Executor taskQueue="hydra-billing-tasks", namespace="ncm-cg": 2 OverprovisionedEntityWriter:199 [] [Found selective Target model exclusive Hardware] : [Returning null.]
[2026-02-11T01:01:39.951Z] WARN Activity Executor taskQueue="hydra-billing-tasks", namespace="ncm-cg": 2 EntitiesWriter:259 [] Optional Target model exclusive hardware exists for clusterId : [0006437f-fcaf-c4c4-0000-0000000193e2] , date : [2026-02-07], hardware: [OVERPROVISIONED_VRAM]
[2026-02-11T01:01:39.951Z] WARN Activity Executor taskQueue="hydra-billing-tasks", namespace="ncm-cg": 2 OverprovisionedEntityWriter:190 [] [Found selective Target model exclusive Hardware] : [Returning null.]
[2026-02-11T01:01:39.951Z] WARN Activity Executor taskQueue="hydra-billing-tasks", namespace="ncm-cg": 2 EntitiesWriter:259 [] Optional Target model exclusive hardware exists for clusterId : [0006437f-fcaf-c4c4-0000-0000000193e2] , date : [2026-02-07], hardware: [OVERPROVISIONED_VDISK]
[2026-02-11T01:01:39.951Z] WARN Activity Executor taskQueue="hydra-billing-tasks", namespace="ncm-cg": 2 OverprovisionedEntityWriter:199 [] [Found selective Target model exclusive Hardware] : [Returning null.]
[2026-02-11T01:01:39.951Z] INFO Activity Executor taskQueue="hydra-billing-tasks", namespace="ncm-cg": 2 OverprovisionedEntityWriter:117 [] Over-provisioned entity found for clusterIds: [[00063fb0-c3eb-3105-0000-00000001c483, 0006437f-fcaf-c4c4-0000-0000000193e2]] on date: [2026-02-08] for customerHash: [59d5de78-a964-5746-8c6e-677c4c7a79df]
[2026-02-11T01:01:39.952Z] WARN Activity Executor taskQueue="hydra-billing-tasks", namespace="ncm-cg": 2 EntitiesWriter:259 [] Optional Target model exclusive hardware exists for clusterId : [00063fb0-c3eb-3105-0000-00000001c483] , date : [2026-02-08], hardware: [OVERPROVISIONED_VRAM]
[2026-02-11T01:01:39.952Z] WARN Activity Executor taskQueue="hydra-billing-tasks", namespace="ncm-cg": 2 OverprovisionedEntityWriter:190 [] [Found selective Target model exclusive Hardware] : [Returning null.]
[2026-02-11T01:01:39.952Z] WARN Activity Executor taskQueue="hydra-billing-tasks", namespace="ncm-cg": 2 EntitiesWriter:259 [] Optional Target model exclusive hardware exists for clusterId : [00063fb0-c3eb-3105-0000-00000001c483] , date : [2026-02-08], hardware: [OVERPROVISIONED_VDISK]
[2026-02-11T01:01:39.952Z] WARN Activity Executor taskQueue="hydra-billing-tasks", namespace="ncm-cg": 2 OverprovisionedEntityWriter:199 [] [Found selective Target model exclusive Hardware] : [Returning null.]
[2026-02-11T01:01:39.952Z] WARN Activity Executor taskQueue="hydra-billing-tasks", namespace="ncm-cg": 2 EntitiesWriter:259 [] Optional Target model exclusive hardware exists for clusterId : [0006437f-fcaf-c4c4-0000-0000000193e2] , date : [2026-02-08], hardware: [OVERPROVISIONED_VRAM]
[2026-02-11T01:01:39.952Z] WARN Activity Executor taskQueue="hydra-billing-tasks", namespace="ncm-cg": 2 OverprovisionedEntityWriter:190 [] [Found selective Target model exclusive Hardware] : [Returning null.]
[2026-02-11T01:01:39.952Z] WARN Activity Executor taskQueue="hydra-billing-tasks", namespace="ncm-cg": 2 EntitiesWriter:259 [] Optional Target model exclusive hardware exists for clusterId : [0006437f-fcaf-c4c4-0000-0000000193e2] , date : [2026-02-08], hardware: [OVERPROVISIONED_VDISK]
[2026-02-11T01:01:39.953Z] WARN Activity Executor taskQueue="hydra-billing-tasks", namespace="ncm-cg": 2 OverprovisionedEntityWriter:199 [] [Found selective Target model exclusive Hardware] : [Returning null.]
[2026-02-11T01:01:39.953Z] INFO Activity Executor taskQueue="hydra-billing-tasks", namespace="ncm-cg": 2 OverprovisionedEntityWriter:117 [] Over-provisioned entity found for clusterIds: [[00063fb0-c3eb-3105-0000-00000001c483, 0006437f-fcaf-c4c4-0000-0000000193e2]] on date: [2026-02-09] for customerHash: [59d5de78-a964-5746-8c6e-677c4c7a79df]
[2026-02-11T01:01:39.953Z] WARN Activity Executor taskQueue="hydra-billing-tasks", namespace="ncm-cg": 2 EntitiesWriter:259 [] Optional Target model exclusive hardware exists for clusterId : [00063fb0-c3eb-3105-0000-00000001c483] , date : [2026-02-09], hardware: [OVERPROVISIONED_VRAM]
[2026-02-11T01:01:39.953Z] WARN Activity Executor taskQueue="hydra-billing-tasks", namespace="ncm-cg": 2 OverprovisionedEntityWriter:190 [] [Found selective Target model exclusive Hardware] : [Returning null.]
[2026-02-11T01:01:39.953Z] WARN Activity Executor taskQueue="hydra-billing-tasks", namespace="ncm-cg": 2 EntitiesWriter:259 [] Optional Target model exclusive hardware exists for clusterId : [00063fb0-c3eb-3105-0000-00000001c483] , date : [2026-02-09], hardware: [OVERPROVISIONED_VDISK]
[2026-02-11T01:01:39.953Z] WARN Activity Executor taskQueue="hydra-billing-tasks", namespace="ncm-cg": 2 OverprovisionedEntityWriter:199 [] [Found selective Target model exclusive Hardware] : [Returning null.]
[2026-02-11T01:01:39.953Z] WARN Activity Executor taskQueue="hydra-billing-tasks", namespace="ncm-cg": 2 EntitiesWriter:259 [] Optional Target model exclusive hardware exists for clusterId : [0006437f-fcaf-c4c4-0000-0000000193e2] , date : [2026-02-09], hardware: [OVERPROVISIONED_VRAM]
[2026-02-11T01:01:39.954Z] WARN Activity Executor taskQueue="hydra-billing-tasks", namespace="ncm-cg": 2 OverprovisionedEntityWriter:190 [] [Found selective Target model exclusive Hardware] : [Returning null.]
[2026-02-11T01:01:39.954Z] WARN Activity Executor taskQueue="hydra-billing-tasks", namespace="ncm-cg": 2 EntitiesWriter:259 [] Optional Target model exclusive hardware exists for clusterId : [0006437f-fcaf-c4c4-0000-0000000193e2] , date : [2026-02-09], hardware: [OVERPROVISIONED_VDISK]
[2026-02-11T01:01:39.954Z] WARN Activity Executor taskQueue="hydra-billing-tasks", namespace="ncm-cg": 2 OverprovisionedEntityWriter:199 [] [Found selective Target model exclusive Hardware] : [Returning null.]
[2026-02-11T01:01:39.954Z] INFO Activity Executor taskQueue="hydra-billing-tasks", namespace="ncm-cg": 2 OverprovisionedEntityWriter:117 [] Over-provisioned entity found for clusterIds: [[00063fb0-c3eb-3105-0000-00000001c483, 0006437f-fcaf-c4c4-0000-0000000193e2]] on date: [2026-02-10] for customerHash: [59d5de78-a964-5746-8c6e-677c4c7a79df]
[2026-02-11T01:01:39.954Z] WARN Activity Executor taskQueue="hydra-billing-tasks", namespace="ncm-cg": 2 EntitiesWriter:259 [] Optional Target model exclusive hardware exists for clusterId : [00063fb0-c3eb-3105-0000-00000001c483] , date : [2026-02-10], hardware: [OVERPROVISIONED_VRAM]
[2026-02-11T01:01:39.954Z] WARN Activity Executor taskQueue="hydra-billing-tasks", namespace="ncm-cg": 2 OverprovisionedEntityWriter:190 [] [Found selective Target model exclusive Hardware] : [Returning null.]
[2026-02-11T01:01:39.955Z] WARN Activity Executor taskQueue="hydra-billing-tasks", namespace="ncm-cg": 2 EntitiesWriter:259 [] Optional Target model exclusive hardware exists for clusterId : [0006437f-fcaf-c4c4-0000-0000000193e2] , date : [2026-02-10], hardware: [OVERPROVISIONED_VRAM]
[2026-02-11T01:01:39.955Z] WARN Activity Executor taskQueue="hydra-billing-tasks", namespace="ncm-cg": 2 OverprovisionedEntityWriter:190 [] [Found selective Target model exclusive Hardware] : [Returning null.]
[2026-02-11T01:01:39.955Z] WARN Activity Executor taskQueue="hydra-billing-tasks", namespace="ncm-cg": 2 EntitiesWriter:259 [] Optional Target model exclusive hardware exists for clusterId : [0006437f-fcaf-c4c4-0000-0000000193e2] , date : [2026-02-10], hardware: [OVERPROVISIONED_VDISK]
[2026-02-11T01:01:39.955Z] WARN Activity Executor taskQueue="hydra-billing-tasks", namespace="ncm-cg": 2 OverprovisionedEntityWriter:199 [] [Found selective Target model exclusive Hardware] : [Returning null.]
[2026-02-11T01:01:39.955Z] INFO Activity Executor taskQueue="hydra-billing-tasks", namespace="ncm-cg": 2 OverprovisionedEntityWriter:117 [] Over-provisioned entity found for clusterIds: [[]] on date: [2026-02-11] for customerHash: [59d5de78-a964-5746-8c6e-677c4c7a79df]
[2026-02-11T01:01:41.048Z] INFO Activity Executor taskQueue="hydra-billing-tasks", namespace="ncm-cg": 2 VmEntitiesWriter:176 [] [0] :: VMs found for cluster : [00063fb0-c3eb-3105-0000-00000001c483]
[2026-02-11T01:01:43.151Z] INFO Activity Executor taskQueue="hydra-billing-tasks", namespace="ncm-cg": 2 EntitiesWriter:152 [] Row count for day: [2026-02-07] is count: [12255], parts: [0]
[2026-02-11T01:01:44.303Z] INFO Activity Executor taskQueue="hydra-billing-tasks", namespace="ncm-cg": 2 EntitiesWriter:152 [] Row count for day: [2026-02-08] is count: [12255], parts: [0]
[2026-02-11T01:01:45.377Z] INFO Activity Executor taskQueue="hydra-billing-tasks", namespace="ncm-cg": 2 EntitiesWriter:152 [] Row count for day: [2026-02-09] is count: [12255], parts: [0]
[2026-02-11T01:01:46.672Z] INFO Activity Executor taskQueue="hydra-billing-tasks", namespace="ncm-cg": 2 EntitiesWriter:169 [] No configuration found clusterId: [00063fb0-c3eb-3105-0000-00000001c483] on date: [2026-02-11]
[2026-02-11T01:01:46.673Z] INFO Activity Executor taskQueue="hydra-billing-tasks", namespace="ncm-cg": 2 EntitiesWriter:169 [] No configuration found clusterId: [00063fb0-c3eb-3105-0000-00000001c483] on date: [2026-02-11]
[2026-02-11T01:01:46.673Z] INFO Activity Executor taskQueue="hydra-billing-tasks", namespace="ncm-cg": 2 EntitiesWriter:169 [] No configuration found clusterId: [00063fb0-c3eb-3105-0000-00000001c483] on date: [2026-02-11]
[2026-02-11T01:01:46.673Z] INFO Activity Executor taskQueue="hydra-billing-tasks", namespace="ncm-cg": 2 EntitiesWriter:169 [] No configuration found clusterId: [00063fb0-c3eb-3105-0000-00000001c483] on date: [2026-02-11]
[2026-02-11T01:01:46.673Z] INFO Activity Executor taskQueue="hydra-billing-tasks", namespace="ncm-cg": 2 EntitiesWriter:169 [] No configuration found clusterId: [00063fb0-c3eb-3105-0000-00000001c483] on date: [2026-02-11]
[2026-02-11T01:01:46.673Z] INFO Activity Executor taskQueue="hydra-billing-tasks", namespace="ncm-cg": 2 EntitiesWriter:169 [] No configuration found clusterId: [00063fb0-c3eb-3105-0000-00000001c483] on date: [2026-02-11]
[2026-02-11T01:01:46.673Z] INFO Activity Executor taskQueue="hydra-billing-tasks", namespace="ncm-cg": 2 EntitiesWriter:169 [] No configuration found clusterId: [00063fb0-c3eb-3105-0000-00000001c483] on date: [2026-02-11]
[2026-02-11T01:01:46.673Z] INFO Activity Executor taskQueue="hydra-billing-tasks", namespace="ncm-cg": 2 EntitiesWriter:169 [] No configuration found clusterId: [00063fb0-c3eb-3105-0000-00000001c483] on date: [2026-02-11]
[2026-02-11T01:01:46.674Z] INFO Activity Executor taskQueue="hydra-billing-tasks", namespace="ncm-cg": 2 EntitiesWriter:169 [] No configuration found clusterId: [00063fb0-c3eb-3105-0000-00000001c483] on date: [2026-02-11]
[2026-02-11T01:01:46.674Z] INFO Activity Executor taskQueue="hydra-billing-tasks", namespace="ncm-cg": 2 EntitiesWriter:169 [] No configuration found clusterId: [00063fb0-c3eb-3105-0000-00000001c483] on date: [2026-02-11]
[2026-02-11T01:01:46.674Z] INFO Activity Executor taskQueue="hydra-billing-tasks", namespace="ncm-cg": 2 EntitiesWriter:169 [] No configuration found clusterId: [00063fb0-c3eb-3105-0000-00000001c483] on date: [2026-02-11]
[2026-02-11T01:01:46.674Z] INFO Activity Executor taskQueue="hydra-billing-tasks", namespace="ncm-cg": 2 EntitiesWriter:169 [] No configuration found clusterId: [00063fb0-c3eb-3105-0000-00000001c483] on date: [2026-02-11]
[2026-02-11T01:01:46.674Z] INFO Activity Executor taskQueue="hydra-billing-tasks", namespace="ncm-cg": 2 EntitiesWriter:169 [] No configuration found clusterId: [00063fb0-c3eb-3105-0000-00000001c483] on date: [2026-02-11]
[2026-02-11T01:01:46.674Z] INFO Activity Executor taskQueue="hydra-billing-tasks", namespace="ncm-cg": 2 EntitiesWriter:169 [] No configuration found clusterId: [00063fb0-c3eb-3105-0000-00000001c483] on date: [2026-02-11]
[2026-02-11T01:01:46.674Z] INFO Activity Executor taskQueue="hydra-billing-tasks", namespace="ncm-cg": 2 EntitiesWriter:169 [] No configuration found clusterId: [00063fb0-c3eb-3105-0000-00000001c483] on date: [2026-02-11]
[2026-02-11T01:01:46.674Z] INFO Activity Executor taskQueue="hydra-billing-tasks", namespace="ncm-cg": 2 EntitiesWriter:152 [] Row count for day: [2026-02-10] is count: [12264], parts: [0]
[2026-02-11T01:01:46.711Z] INFO Activity Executor taskQueue="hydra-billing-tasks", namespace="ncm-cg": 2 VmEntitiesWriter:176 [] [1] :: VMs found for cluster : [0006437f-fcaf-c4c4-0000-0000000193e2]
[2026-02-11T01:01:46.711Z] INFO Activity Executor taskQueue="hydra-billing-tasks", namespace="ncm-cg": 2 EntitiesWriter:152 [] Row count for day: [2026-02-10] is count: [12264], parts: [0]
[2026-02-11T01:01:46.716Z] INFO Activity Executor taskQueue="hydra-billing-tasks", namespace="ncm-cg": 2 EntitiesWriter:152 [] Row count for day: [2026-02-07] is count: [12408], parts: [0]
[2026-02-11T01:01:46.722Z] INFO Activity Executor taskQueue="hydra-billing-tasks", namespace="ncm-cg": 2 EntitiesWriter:152 [] Row count for day: [2026-02-08] is count: [12408], parts: [0]
[2026-02-11T01:01:46.727Z] INFO Activity Executor taskQueue="hydra-billing-tasks", namespace="ncm-cg": 2 EntitiesWriter:152 [] Row count for day: [2026-02-09] is count: [12408], parts: [0]
[2026-02-11T01:01:46.752Z] INFO Activity Executor taskQueue="hydra-billing-tasks", namespace="ncm-cg": 2 EntitiesWriter:152 [] Row count for day: [2026-02-10] is count: [12417], parts: [0]
[2026-02-11T01:01:46.753Z] INFO Activity Executor taskQueue="hydra-billing-tasks", namespace="ncm-cg": 2 VmEntitiesWriter:238 [] Total VM config rows scanned: [16539] for customerHash: [59d5de78-a964-5746-8c6e-677c4c7a79df], startDate: [2026-02-01], endDate: [2026-02-11]
[2026-02-11T01:01:46.753Z] INFO Activity Executor taskQueue="hydra-billing-tasks", namespace="ncm-cg": 2 DailyBillGenerator:141 [] Generated bills for customerHash: [59d5de78-a964-5746-8c6e-677c4c7a79df] in time: [12] secs!
[2026-02-11T01:01:46.760Z] INFO Activity Executor taskQueue="hydra-billing-tasks", namespace="ncm-cg": 2 DailyBillPublisher:91 [] Max current Publish Date: [2026-02-11], Max published date: [2026-02-10], Max date for bill to be published: [2026-02-11]
[2026-02-11T01:01:46.760Z] INFO Activity Executor taskQueue="hydra-billing-tasks", namespace="ncm-cg": 2 DailyBillPublisher:174 [] No dates to remove found for startPublishDate: [2025-02-01]
[2026-02-11T01:01:46.765Z] INFO Activity Executor taskQueue="hydra-billing-tasks", namespace="ncm-cg": 2 DailyBillPublisher:101 [] Publishing new bills for date(s): [[20260209, 20260208, 20260211, 20260210, 20260205, 20260204, 20260207, 20260206, 20260201, 20260203, 20260202]], bills for date(s): [[20260209, 20260208, 20260210, 20260207]] already exist.
[2026-02-11T01:01:46.775Z] INFO Activity Executor taskQueue="hydra-billing-tasks", namespace="ncm-cg": 2 AwsClient:67 [] Putting object at path: /tmp/50ee8a37-0305-4e83-b716-ce5c154ee1e2/59d5de78-a964-5746-8c6e-677c4c7a79df/2026/FEBRUARY/9/bill-0.csv.gz, to S3 bucket: nx-bills at key: v2/59d5de78-a964-5746-8c6e-677c4c7a79df/2026/2/9/50ee8a37-0305-4e83-b716-ce5c154ee1e2/part-0.csv.gz
[2026-02-11T01:01:46.818Z] INFO Activity Executor taskQueue="hydra-billing-tasks", namespace="ncm-cg": 2 AwsClient:79 [] Object uploaded to bucket: nx-bills, with key: v2/59d5de78-a964-5746-8c6e-677c4c7a79df/2026/2/9/50ee8a37-0305-4e83-b716-ce5c154ee1e2/part-0.csv.gz from path: /tmp/50ee8a37-0305-4e83-b716-ce5c154ee1e2/59d5de78-a964-5746-8c6e-677c4c7a79df/2026/FEBRUARY/9/bill-0.csv.gz with version: 1
[2026-02-11T01:01:46.825Z] INFO Activity Executor taskQueue="hydra-billing-tasks", namespace="ncm-cg": 2 AwsClient:67 [] Putting object at path: /tmp/50ee8a37-0305-4e83-b716-ce5c154ee1e2/59d5de78-a964-5746-8c6e-677c4c7a79df/2026/FEBRUARY/8/bill-0.csv.gz, to S3 bucket: nx-bills at key: v2/59d5de78-a964-5746-8c6e-677c4c7a79df/2026/2/8/50ee8a37-0305-4e83-b716-ce5c154ee1e2/part-0.csv.gz
[2026-02-11T01:01:46.884Z] INFO Activity Executor taskQueue="hydra-billing-tasks", namespace="ncm-cg": 2 AwsClient:79 [] Object uploaded to bucket: nx-bills, with key: v2/59d5de78-a964-5746-8c6e-677c4c7a79df/2026/2/8/50ee8a37-0305-4e83-b716-ce5c154ee1e2/part-0.csv.gz from path: /tmp/50ee8a37-0305-4e83-b716-ce5c154ee1e2/59d5de78-a964-5746-8c6e-677c4c7a79df/2026/FEBRUARY/8/bill-0.csv.gz with version: 1
[2026-02-11T01:01:46.891Z] INFO Activity Executor taskQueue="hydra-billing-tasks", namespace="ncm-cg": 2 AwsClient:67 [] Putting object at path: /tmp/50ee8a37-0305-4e83-b716-ce5c154ee1e2/59d5de78-a964-5746-8c6e-677c4c7a79df/2026/FEBRUARY/11/bill-0.csv.gz, to S3 bucket: nx-bills at key: v2/59d5de78-a964-5746-8c6e-677c4c7a79df/2026/2/11/50ee8a37-0305-4e83-b716-ce5c154ee1e2/part-0.csv.gz
[2026-02-11T01:01:46.913Z] INFO Activity Executor taskQueue="hydra-billing-tasks", namespace="ncm-cg": 2 AwsClient:79 [] Object uploaded to bucket: nx-bills, with key: v2/59d5de78-a964-5746-8c6e-677c4c7a79df/2026/2/11/50ee8a37-0305-4e83-b716-ce5c154ee1e2/part-0.csv.gz from path: /tmp/50ee8a37-0305-4e83-b716-ce5c154ee1e2/59d5de78-a964-5746-8c6e-677c4c7a79df/2026/FEBRUARY/11/bill-0.csv.gz with version: 1
[2026-02-11T01:01:46.920Z] INFO Activity Executor taskQueue="hydra-billing-tasks", namespace="ncm-cg": 2 AwsClient:67 [] Putting object at path: /tmp/50ee8a37-0305-4e83-b716-ce5c154ee1e2/59d5de78-a964-5746-8c6e-677c4c7a79df/2026/FEBRUARY/10/bill-0.csv.gz, to S3 bucket: nx-bills at key: v2/59d5de78-a964-5746-8c6e-677c4c7a79df/2026/2/10/50ee8a37-0305-4e83-b716-ce5c154ee1e2/part-0.csv.gz
[2026-02-11T01:01:46.991Z] INFO Activity Executor taskQueue="hydra-billing-tasks", namespace="ncm-cg": 2 AwsClient:79 [] Object uploaded to bucket: nx-bills, with key: v2/59d5de78-a964-5746-8c6e-677c4c7a79df/2026/2/10/50ee8a37-0305-4e83-b716-ce5c154ee1e2/part-0.csv.gz from path: /tmp/50ee8a37-0305-4e83-b716-ce5c154ee1e2/59d5de78-a964-5746-8c6e-677c4c7a79df/2026/FEBRUARY/10/bill-0.csv.gz with version: 1
[2026-02-11T01:01:46.991Z] INFO Activity Executor taskQueue="hydra-billing-tasks", namespace="ncm-cg": 2 DailyBillPublisher:271 [] No Bill paths present for customerHash: [59d5de78-a964-5746-8c6e-677c4c7a79df] for date: [20260205] in workflowId: [50ee8a37-0305-4e83-b716-ce5c154ee1e2]
[2026-02-11T01:01:46.991Z] INFO Activity Executor taskQueue="hydra-billing-tasks", namespace="ncm-cg": 2 DailyBillPublisher:271 [] No Bill paths present for customerHash: [59d5de78-a964-5746-8c6e-677c4c7a79df] for date: [20260204] in workflowId: [50ee8a37-0305-4e83-b716-ce5c154ee1e2]
[2026-02-11T01:01:47.002Z] INFO Activity Executor taskQueue="hydra-billing-tasks", namespace="ncm-cg": 2 AwsClient:67 [] Putting object at path: /tmp/50ee8a37-0305-4e83-b716-ce5c154ee1e2/59d5de78-a964-5746-8c6e-677c4c7a79df/2026/FEBRUARY/7/bill-0.csv.gz, to S3 bucket: nx-bills at key: v2/59d5de78-a964-5746-8c6e-677c4c7a79df/2026/2/7/50ee8a37-0305-4e83-b716-ce5c154ee1e2/part-0.csv.gz
[2026-02-11T01:01:47.039Z] INFO Activity Executor taskQueue="hydra-billing-tasks", namespace="ncm-cg": 2 AwsClient:79 [] Object uploaded to bucket: nx-bills, with key: v2/59d5de78-a964-5746-8c6e-677c4c7a79df/2026/2/7/50ee8a37-0305-4e83-b716-ce5c154ee1e2/part-0.csv.gz from path: /tmp/50ee8a37-0305-4e83-b716-ce5c154ee1e2/59d5de78-a964-5746-8c6e-677c4c7a79df/2026/FEBRUARY/7/bill-0.csv.gz with version: 1
[2026-02-11T01:01:47.039Z] INFO Activity Executor taskQueue="hydra-billing-tasks", namespace="ncm-cg": 2 DailyBillPublisher:271 [] No Bill paths present for customerHash: [59d5de78-a964-5746-8c6e-677c4c7a79df] for date: [20260206] in workflowId: [50ee8a37-0305-4e83-b716-ce5c154ee1e2]
[2026-02-11T01:01:47.039Z] INFO Activity Executor taskQueue="hydra-billing-tasks", namespace="ncm-cg": 2 DailyBillPublisher:271 [] No Bill paths present for customerHash: [59d5de78-a964-5746-8c6e-677c4c7a79df] for date: [20260201] in workflowId: [50ee8a37-0305-4e83-b716-ce5c154ee1e2]
[2026-02-11T01:01:47.039Z] INFO Activity Executor taskQueue="hydra-billing-tasks", namespace="ncm-cg": 2 DailyBillPublisher:271 [] No Bill paths present for customerHash: [59d5de78-a964-5746-8c6e-677c4c7a79df] for date: [20260203] in workflowId: [50ee8a37-0305-4e83-b716-ce5c154ee1e2]
[2026-02-11T01:01:47.040Z] INFO Activity Executor taskQueue="hydra-billing-tasks", namespace="ncm-cg": 2 DailyBillPublisher:271 [] No Bill paths present for customerHash: [59d5de78-a964-5746-8c6e-677c4c7a79df] for date: [20260202] in workflowId: [50ee8a37-0305-4e83-b716-ce5c154ee1e2]
[2026-02-11T01:01:47.040Z] INFO Activity Executor taskQueue="hydra-billing-tasks", namespace="ncm-cg": 2 DailyBillPublisher:290 [] Successfully uploaded all bills for days(s): [[20260209, 20260208, 20260211, 20260210, 20260205, 20260204, 20260207, 20260206, 20260201, 20260203, 20260202]] for customerHash: [59d5de78-a964-5746-8c6e-677c4c7a79df] to bucket: [nx-bills]
[2026-02-11T01:01:47.040Z] INFO Activity Executor taskQueue="hydra-billing-tasks", namespace="ncm-cg": 2 DailyBillPublisher:108 [] Generating new manifest for customerHash: [59d5de78-a964-5746-8c6e-677c4c7a79df] with publishEpoch: [1770771707040]
[2026-02-11T01:01:47.040Z] INFO Activity Executor taskQueue="hydra-billing-tasks", namespace="ncm-cg": 2 DailyBillPublisher:326 [] Adding new bills metadata for date: [20260209] in manifest for customerHash: [59d5de78-a964-5746-8c6e-677c4c7a79df]
[2026-02-11T01:01:47.040Z] INFO Activity Executor taskQueue="hydra-billing-tasks", namespace="ncm-cg": 2 DailyBillPublisher:326 [] Adding new bills metadata for date: [20260208] in manifest for customerHash: [59d5de78-a964-5746-8c6e-677c4c7a79df]
[2026-02-11T01:01:47.041Z] INFO Activity Executor taskQueue="hydra-billing-tasks", namespace="ncm-cg": 2 DailyBillPublisher:326 [] Adding new bills metadata for date: [20260211] in manifest for customerHash: [59d5de78-a964-5746-8c6e-677c4c7a79df]
[2026-02-11T01:01:47.041Z] INFO Activity Executor taskQueue="hydra-billing-tasks", namespace="ncm-cg": 2 DailyBillPublisher:326 [] Adding new bills metadata for date: [20260210] in manifest for customerHash: [59d5de78-a964-5746-8c6e-677c4c7a79df]
[2026-02-11T01:01:47.041Z] INFO Activity Executor taskQueue="hydra-billing-tasks", namespace="ncm-cg": 2 DailyBillPublisher:326 [] Adding new bills metadata for date: [20260207] in manifest for customerHash: [59d5de78-a964-5746-8c6e-677c4c7a79df]
[2026-02-11T01:01:47.069Z] INFO Activity Executor taskQueue="hydra-billing-tasks", namespace="ncm-cg": 2 AwsClient:101 [] Object uploaded to bucket: nx-bills, with key: v2/59d5de78-a964-5746-8c6e-677c4c7a79df/manifest.json with version: 2
[2026-02-11T01:01:47.070Z] INFO Activity Executor taskQueue="hydra-billing-tasks", namespace="ncm-cg": 2 DailyBillPublisher:113 [] Successfully uploaded manifest to s3 bucket with versionId: [2] for customerHash: [59d5de78-a964-5746-8c6e-677c4c7a79df]
[2026-02-11T01:01:47.156Z] INFO Activity Executor taskQueue="hydra-billing-tasks", namespace="ncm-cg": 2 DailyBillPublisher:243 [] Successfully persisted updates for yearMonth(s): [[20260209, 20260208, 20260211, 20260210, 20260207]] for customerHash: [59d5de78-a964-5746-8c6e-677c4c7a79df], publishEpoch: [1770771707040], manifestVersionId: [2]
[2026-02-11T01:01:47.157Z] INFO Activity Executor taskQueue="hydra-billing-tasks", namespace="ncm-cg": 2 DailyBillPublisher:118 [] Published bills for customerHash: [59d5de78-a964-5746-8c6e-677c4c7a79df] in [1] secs!
[2026-02-11T01:01:47.157Z] INFO Activity Executor taskQueue="hydra-billing-tasks", namespace="ncm-cg": 2 DailyBillPublisher:155 [] Raising billing end event for customerHash: [59d5de78-a964-5746-8c6e-677c4c7a79df], event: [NXCBillingEndEventEntity(super=NXCEventBaseEntity(customerHash=59d5de78-a964-5746-8c6e-677c4c7a79df, updatedAtEpochMillis=1770771707157), manifestVersionId=1770771707040, clusterIds=null)]
[2026-02-11T01:01:47.159Z] INFO Activity Executor taskQueue="hydra-billing-tasks", namespace="ncm-cg": 2 StatusTracker:25 [] Successfully added event for customerHash: [59d5de78-a964-5746-8c6e-677c4c7a79df], with eventEntity: [NXCBillingEndEventEntity(super=NXCEventBaseEntity(customerHash=59d5de78-a964-5746-8c6e-677c4c7a79df, updatedAtEpochMillis=1770771707157), manifestVersionId=1770771707040, clusterIds=null)]
[2026-02-11T01:01:57.165Z] INFO Activity Executor taskQueue="hydra-billing-tasks", namespace="ncm-cg": 2 BillingTaskConsumer:64 [] Marking payload: [BillingTaskPayload(customerHash=59d5de78-a964-5746-8c6e-677c4c7a79df, workflowId=50ee8a37-0305-4e83-b716-ce5c154ee1e2, startDate=2026-02-01, endDate=2026-02-11, clusterIds=null, isOnboardingOrDeletion=false, deletionPCs=[], activePcs=[cd3caa79-323c-4844-9041-a007cbb87a86], onboardingPCs=[])] as COMPLETE
[2026-02-11T01:01:57.231Z] INFO Activity Executor taskQueue="hydra-billing-tasks", namespace="ncm-cg": 2 HydraModuleRoutineActivitiesImpl:55 [] Trigger Ingestion Activity Starts for jobId 50ee8a37-0305-4e83-b716-ce5c154ee1e2
[2026-02-11T01:02:07.233Z] INFO Activity Executor taskQueue="hydra-billing-tasks", namespace="ncm-cg": 2 TriggerIngestionTaskHandler:21 [] Handling ingestion task for customerHash: 59d5de78-a964-5746-8c6e-677c4c7a79df
[2026-02-11T09:01:09.582Z] INFO workflow-method-75f24bd8-d7f8-451f-bc7a-6ffcf72e5e15-019c4bee-d4ce-7304-b5d6-95d7e9a16c2d HydraModuleRoutineWorkflowImpl:27 [] Hydra Workflow Starts for job Id 75f24bd8-d7f8-451f-bc7a-6ffcf72e5e15
[2026-02-11T09:01:09.606Z] INFO Activity Executor taskQueue="hydra-billing-tasks", namespace="ncm-cg": 3 HydraModuleRoutineActivitiesImpl:47 [] Metering Activity Starts for jobId 75f24bd8-d7f8-451f-bc7a-6ffcf72e5e15
[2026-02-11T09:01:19.607Z] INFO Activity Executor taskQueue="hydra-billing-tasks", namespace="ncm-cg": 3 MeteringTaskHandler:107 [] Processing metering for customerHash: 59d5de78-a964-5746-8c6e-677c4c7a79df with batchId : 1468bdfc-232a-4fb2-b540-7c9d39ebdb49
[2026-02-11T09:01:19.619Z] INFO Activity Executor taskQueue="hydra-billing-tasks", namespace="ncm-cg": 3 MeteringTaskHandler:128 [] Processing metering for segment start: [2026-02-01], end: [2026-02-11]
[2026-02-11T09:01:19.963Z] WARN Activity Executor taskQueue="hydra-billing-tasks", namespace="ncm-cg": 3 FilesMeteringLicenceUsageProvider:57 [] storage config not provided for the requested clusters : [[cd3caa79-323c-4844-9041-a007cbb87a86]]
[2026-02-11T09:01:19.963Z] WARN Activity Executor taskQueue="hydra-billing-tasks", namespace="ncm-cg": 3 ObjectsMeteringLicenceUsageProvider:52 [] storage config not provided for the requested clusters : [[cd3caa79-323c-4844-9041-a007cbb87a86]]
[2026-02-11T09:01:19.963Z] WARN Activity Executor taskQueue="hydra-billing-tasks", namespace="ncm-cg": 3 NUSMeteringLicenceUsageProvider:53 [] storage config not provided for the requested clusters : [[cd3caa79-323c-4844-9041-a007cbb87a86]]
[2026-02-11T09:01:19.965Z] INFO pool-12-thread-1 GuestVmRmProcessor:69 [] Processing GuestVM Resource metering and Instance costing for customer: [59d5de78-a964-5746-8c6e-677c4c7a79df] , batch : [1468bdfc-232a-4fb2-b540-7c9d39ebdb49]
[2026-02-11T09:01:19.965Z] INFO pool-12-thread-1 GuestVmRmProcessor:112 [] Computed IC for date : [10-02-2026] for customer: [59d5de78-a964-5746-8c6e-677c4c7a79df] , batch : [1468bdfc-232a-4fb2-b540-7c9d39ebdb49]
[2026-02-11T09:01:19.965Z] INFO pool-12-thread-1 GuestVmRmProcessor:112 [] Computed IC for date : [08-02-2026] for customer: [59d5de78-a964-5746-8c6e-677c4c7a79df] , batch : [1468bdfc-232a-4fb2-b540-7c9d39ebdb49]
[2026-02-11T09:01:19.965Z] INFO pool-12-thread-1 GuestVmRmProcessor:112 [] Computed IC for date : [07-02-2026] for customer: [59d5de78-a964-5746-8c6e-677c4c7a79df] , batch : [1468bdfc-232a-4fb2-b540-7c9d39ebdb49]
[2026-02-11T09:01:19.965Z] INFO pool-12-thread-1 GuestVmRmProcessor:112 [] Computed IC for date : [11-02-2026] for customer: [59d5de78-a964-5746-8c6e-677c4c7a79df] , batch : [1468bdfc-232a-4fb2-b540-7c9d39ebdb49]
[2026-02-11T09:01:19.965Z] INFO pool-12-thread-1 GuestVmRmProcessor:112 [] Computed IC for date : [09-02-2026] for customer: [59d5de78-a964-5746-8c6e-677c4c7a79df] , batch : [1468bdfc-232a-4fb2-b540-7c9d39ebdb49]
[2026-02-11T09:01:20.063Z] INFO pool-12-thread-1 GuestVmRmProcessor:121 [] Successfully processed RM and IC for customer: [59d5de78-a964-5746-8c6e-677c4c7a79df] , batch : [1468bdfc-232a-4fb2-b540-7c9d39ebdb49]
[2026-02-11T09:01:20.063Z] INFO pool-12-thread-1 UnProvisionedRmProcessor:68 [] Processing Unprovisioned Resource metering and Instance costing for customer: [59d5de78-a964-5746-8c6e-677c4c7a79df] , batch : [1468bdfc-232a-4fb2-b540-7c9d39ebdb49]
[2026-02-11T09:01:20.063Z] INFO pool-12-thread-1 UnProvisionedRmProcessor:122 [] Successfully processed Unprovisioned RM and IC for customer: [59d5de78-a964-5746-8c6e-677c4c7a79df] , batch : [1468bdfc-232a-4fb2-b540-7c9d39ebdb49]
[2026-02-11T09:01:20.063Z] INFO pool-12-thread-1 OverProvisionedRmProcessor:56 [] Processing OverProvisioned Resource metering and Instance costing for customer: [59d5de78-a964-5746-8c6e-677c4c7a79df] , batch : [1468bdfc-232a-4fb2-b540-7c9d39ebdb49]
[2026-02-11T09:01:20.064Z] INFO pool-12-thread-1 OverProvisionedRmProcessor:93 [] Successfully processed OverProvisioned RM and IC for customer: [59d5de78-a964-5746-8c6e-677c4c7a79df] , batch : [1468bdfc-232a-4fb2-b540-7c9d39ebdb49]
[2026-02-11T09:01:20.064Z] INFO pool-12-thread-1 MeteringManager:44 [] Successfully processed metering for task : RmUnitTask{customerHash='59d5de78-a964-5746-8c6e-677c4c7a79df', clusterId='00063fb0-c3eb-3105-0000-00000001c483', batchId='1468bdfc-232a-4fb2-b540-7c9d39ebdb49', timePeriod=RmUnitTask.TimePeriod(start=1769904000, end=1770854399), taskId=c242f23d-4126-402d-a576-96478a4c0a85}
[2026-02-11T09:01:20.064Z] INFO pool-12-thread-1 GuestVmRmProcessor:69 [] Processing GuestVM Resource metering and Instance costing for customer: [59d5de78-a964-5746-8c6e-677c4c7a79df] , batch : [1468bdfc-232a-4fb2-b540-7c9d39ebdb49]
[2026-02-11T09:01:20.064Z] INFO pool-12-thread-1 GuestVmRmProcessor:112 [] Computed IC for date : [10-02-2026] for customer: [59d5de78-a964-5746-8c6e-677c4c7a79df] , batch : [1468bdfc-232a-4fb2-b540-7c9d39ebdb49]
[2026-02-11T09:01:20.064Z] INFO pool-12-thread-1 GuestVmRmProcessor:112 [] Computed IC for date : [08-02-2026] for customer: [59d5de78-a964-5746-8c6e-677c4c7a79df] , batch : [1468bdfc-232a-4fb2-b540-7c9d39ebdb49]
[2026-02-11T09:01:20.064Z] INFO pool-12-thread-1 GuestVmRmProcessor:112 [] Computed IC for date : [07-02-2026] for customer: [59d5de78-a964-5746-8c6e-677c4c7a79df] , batch : [1468bdfc-232a-4fb2-b540-7c9d39ebdb49]
[2026-02-11T09:01:20.065Z] INFO pool-12-thread-1 GuestVmRmProcessor:112 [] Computed IC for date : [11-02-2026] for customer: [59d5de78-a964-5746-8c6e-677c4c7a79df] , batch : [1468bdfc-232a-4fb2-b540-7c9d39ebdb49]
[2026-02-11T09:01:20.065Z] INFO pool-12-thread-1 GuestVmRmProcessor:112 [] Computed IC for date : [09-02-2026] for customer: [59d5de78-a964-5746-8c6e-677c4c7a79df] , batch : [1468bdfc-232a-4fb2-b540-7c9d39ebdb49]
[2026-02-11T09:01:20.162Z] INFO pool-12-thread-1 GuestVmRmProcessor:121 [] Successfully processed RM and IC for customer: [59d5de78-a964-5746-8c6e-677c4c7a79df] , batch : [1468bdfc-232a-4fb2-b540-7c9d39ebdb49]
[2026-02-11T09:01:20.162Z] INFO pool-12-thread-1 UnProvisionedRmProcessor:68 [] Processing Unprovisioned Resource metering and Instance costing for customer: [59d5de78-a964-5746-8c6e-677c4c7a79df] , batch : [1468bdfc-232a-4fb2-b540-7c9d39ebdb49]
[2026-02-11T09:01:20.162Z] INFO pool-12-thread-1 UnProvisionedRmProcessor:122 [] Successfully processed Unprovisioned RM and IC for customer: [59d5de78-a964-5746-8c6e-677c4c7a79df] , batch : [1468bdfc-232a-4fb2-b540-7c9d39ebdb49]
[2026-02-11T09:01:20.162Z] INFO pool-12-thread-1 OverProvisionedRmProcessor:56 [] Processing OverProvisioned Resource metering and Instance costing for customer: [59d5de78-a964-5746-8c6e-677c4c7a79df] , batch : [1468bdfc-232a-4fb2-b540-7c9d39ebdb49]
[2026-02-11T09:01:20.162Z] INFO pool-12-thread-1 OverProvisionedRmProcessor:93 [] Successfully processed OverProvisioned RM and IC for customer: [59d5de78-a964-5746-8c6e-677c4c7a79df] , batch : [1468bdfc-232a-4fb2-b540-7c9d39ebdb49]
[2026-02-11T09:01:20.162Z] INFO pool-12-thread-1 MeteringManager:44 [] Successfully processed metering for task : RmUnitTask{customerHash='59d5de78-a964-5746-8c6e-677c4c7a79df', clusterId='0006437f-fcaf-c4c4-0000-0000000193e2', batchId='1468bdfc-232a-4fb2-b540-7c9d39ebdb49', timePeriod=RmUnitTask.TimePeriod(start=1769904000, end=1770854399), taskId=2f155e9f-2019-4787-b950-64fc59112eae}
[2026-02-11T09:01:20.472Z] WARN Activity Executor taskQueue="hydra-billing-tasks", namespace="ncm-cg": 3 FilesMeteringLicenceUsageProvider:57 [] storage config not provided for the requested clusters : [[cd3caa79-323c-4844-9041-a007cbb87a86]]
[2026-02-11T09:01:20.473Z] WARN Activity Executor taskQueue="hydra-billing-tasks", namespace="ncm-cg": 3 ObjectsMeteringLicenceUsageProvider:52 [] storage config not provided for the requested clusters : [[cd3caa79-323c-4844-9041-a007cbb87a86]]
[2026-02-11T09:01:20.473Z] WARN Activity Executor taskQueue="hydra-billing-tasks", namespace="ncm-cg": 3 NUSMeteringLicenceUsageProvider:53 [] storage config not provided for the requested clusters : [[cd3caa79-323c-4844-9041-a007cbb87a86]]
[2026-02-11T09:01:20.475Z] INFO pool-12-thread-1 GuestVmRmProcessor:69 [] Processing GuestVM Resource metering and Instance costing for customer: [59d5de78-a964-5746-8c6e-677c4c7a79df] , batch : [1468bdfc-232a-4fb2-b540-7c9d39ebdb49]
[2026-02-11T09:01:20.475Z] INFO pool-12-thread-1 GuestVmRmProcessor:112 [] Computed IC for date : [10-02-2026] for customer: [59d5de78-a964-5746-8c6e-677c4c7a79df] , batch : [1468bdfc-232a-4fb2-b540-7c9d39ebdb49]
[2026-02-11T09:01:20.475Z] INFO pool-12-thread-1 GuestVmRmProcessor:112 [] Computed IC for date : [08-02-2026] for customer: [59d5de78-a964-5746-8c6e-677c4c7a79df] , batch : [1468bdfc-232a-4fb2-b540-7c9d39ebdb49]
[2026-02-11T09:01:20.476Z] INFO pool-12-thread-1 GuestVmRmProcessor:112 [] Computed IC for date : [07-02-2026] for customer: [59d5de78-a964-5746-8c6e-677c4c7a79df] , batch : [1468bdfc-232a-4fb2-b540-7c9d39ebdb49]
[2026-02-11T09:01:20.476Z] INFO pool-12-thread-1 GuestVmRmProcessor:112 [] Computed IC for date : [11-02-2026] for customer: [59d5de78-a964-5746-8c6e-677c4c7a79df] , batch : [1468bdfc-232a-4fb2-b540-7c9d39ebdb49]
[2026-02-11T09:01:20.476Z] INFO pool-12-thread-1 GuestVmRmProcessor:112 [] Computed IC for date : [09-02-2026] for customer: [59d5de78-a964-5746-8c6e-677c4c7a79df] , batch : [1468bdfc-232a-4fb2-b540-7c9d39ebdb49]
[2026-02-11T09:01:20.560Z] INFO pool-12-thread-1 GuestVmRmProcessor:121 [] Successfully processed RM and IC for customer: [59d5de78-a964-5746-8c6e-677c4c7a79df] , batch : [1468bdfc-232a-4fb2-b540-7c9d39ebdb49]
[2026-02-11T09:01:20.561Z] INFO pool-12-thread-1 UnProvisionedRmProcessor:68 [] Processing Unprovisioned Resource metering and Instance costing for customer: [59d5de78-a964-5746-8c6e-677c4c7a79df] , batch : [1468bdfc-232a-4fb2-b540-7c9d39ebdb49]
[2026-02-11T09:01:20.561Z] INFO pool-12-thread-1 UnProvisionedRmProcessor:113 [] Computed Unprovisioned IC for date : [10-02-2026] for customer: [59d5de78-a964-5746-8c6e-677c4c7a79df] , batch : [1468bdfc-232a-4fb2-b540-7c9d39ebdb49]
[2026-02-11T09:01:20.561Z] INFO pool-12-thread-1 UnProvisionedRmProcessor:113 [] Computed Unprovisioned IC for date : [08-02-2026] for customer: [59d5de78-a964-5746-8c6e-677c4c7a79df] , batch : [1468bdfc-232a-4fb2-b540-7c9d39ebdb49]
[2026-02-11T09:01:20.561Z] INFO pool-12-thread-1 UnProvisionedRmProcessor:113 [] Computed Unprovisioned IC for date : [07-02-2026] for customer: [59d5de78-a964-5746-8c6e-677c4c7a79df] , batch : [1468bdfc-232a-4fb2-b540-7c9d39ebdb49]
[2026-02-11T09:01:20.561Z] INFO pool-12-thread-1 UnProvisionedRmProcessor:113 [] Computed Unprovisioned IC for date : [09-02-2026] for customer: [59d5de78-a964-5746-8c6e-677c4c7a79df] , batch : [1468bdfc-232a-4fb2-b540-7c9d39ebdb49]
[2026-02-11T09:01:20.577Z] INFO pool-12-thread-1 UnProvisionedRmProcessor:122 [] Successfully processed Unprovisioned RM and IC for customer: [59d5de78-a964-5746-8c6e-677c4c7a79df] , batch : [1468bdfc-232a-4fb2-b540-7c9d39ebdb49]
[2026-02-11T09:01:20.578Z] INFO pool-12-thread-1 OverProvisionedRmProcessor:56 [] Processing OverProvisioned Resource metering and Instance costing for customer: [59d5de78-a964-5746-8c6e-677c4c7a79df] , batch : [1468bdfc-232a-4fb2-b540-7c9d39ebdb49]
[2026-02-11T09:01:20.578Z] INFO pool-12-thread-1 OverProvisionedRmProcessor:84 [] Computed OverProvisioned IC for date : [10-02-2026] for customer: [59d5de78-a964-5746-8c6e-677c4c7a79df] , batch : [1468bdfc-232a-4fb2-b540-7c9d39ebdb49]
[2026-02-11T09:01:20.578Z] INFO pool-12-thread-1 OverProvisionedRmProcessor:84 [] Computed OverProvisioned IC for date : [08-02-2026] for customer: [59d5de78-a964-5746-8c6e-677c4c7a79df] , batch : [1468bdfc-232a-4fb2-b540-7c9d39ebdb49]
[2026-02-11T09:01:20.578Z] INFO pool-12-thread-1 OverProvisionedRmProcessor:84 [] Computed OverProvisioned IC for date : [07-02-2026] for customer: [59d5de78-a964-5746-8c6e-677c4c7a79df] , batch : [1468bdfc-232a-4fb2-b540-7c9d39ebdb49]
[2026-02-11T09:01:20.648Z] INFO pool-12-thread-1 OverProvisionedRmProcessor:84 [] Computed OverProvisioned IC for date : [09-02-2026] for customer: [59d5de78-a964-5746-8c6e-677c4c7a79df] , batch : [1468bdfc-232a-4fb2-b540-7c9d39ebdb49]
[2026-02-11T09:01:20.663Z] INFO pool-12-thread-1 OverProvisionedRmProcessor:93 [] Successfully processed OverProvisioned RM and IC for customer: [59d5de78-a964-5746-8c6e-677c4c7a79df] , batch : [1468bdfc-232a-4fb2-b540-7c9d39ebdb49]
[2026-02-11T09:01:20.663Z] INFO pool-12-thread-1 MeteringManager:44 [] Successfully processed metering for task : RmUnitTask{customerHash='59d5de78-a964-5746-8c6e-677c4c7a79df', clusterId='00063fb0-c3eb-3105-0000-00000001c483', batchId='1468bdfc-232a-4fb2-b540-7c9d39ebdb49', timePeriod=RmUnitTask.TimePeriod(start=1769904000, end=1770854399), taskId=7adc50b5-5deb-4122-ba84-1adc62cc249c}
[2026-02-11T09:01:20.663Z] INFO pool-12-thread-1 GuestVmRmProcessor:69 [] Processing GuestVM Resource metering and Instance costing for customer: [59d5de78-a964-5746-8c6e-677c4c7a79df] , batch : [1468bdfc-232a-4fb2-b540-7c9d39ebdb49]
[2026-02-11T09:01:20.664Z] INFO pool-12-thread-1 GuestVmRmProcessor:112 [] Computed IC for date : [10-02-2026] for customer: [59d5de78-a964-5746-8c6e-677c4c7a79df] , batch : [1468bdfc-232a-4fb2-b540-7c9d39ebdb49]
[2026-02-11T09:01:20.664Z] INFO pool-12-thread-1 GuestVmRmProcessor:112 [] Computed IC for date : [08-02-2026] for customer: [59d5de78-a964-5746-8c6e-677c4c7a79df] , batch : [1468bdfc-232a-4fb2-b540-7c9d39ebdb49]
[2026-02-11T09:01:20.664Z] INFO pool-12-thread-1 GuestVmRmProcessor:112 [] Computed IC for date : [07-02-2026] for customer: [59d5de78-a964-5746-8c6e-677c4c7a79df] , batch : [1468bdfc-232a-4fb2-b540-7c9d39ebdb49]
[2026-02-11T09:01:20.664Z] INFO pool-12-thread-1 GuestVmRmProcessor:112 [] Computed IC for date : [11-02-2026] for customer: [59d5de78-a964-5746-8c6e-677c4c7a79df] , batch : [1468bdfc-232a-4fb2-b540-7c9d39ebdb49]
[2026-02-11T09:01:20.664Z] INFO pool-12-thread-1 GuestVmRmProcessor:112 [] Computed IC for date : [09-02-2026] for customer: [59d5de78-a964-5746-8c6e-677c4c7a79df] , batch : [1468bdfc-232a-4fb2-b540-7c9d39ebdb49]
[2026-02-11T09:01:20.758Z] INFO pool-12-thread-1 GuestVmRmProcessor:121 [] Successfully processed RM and IC for customer: [59d5de78-a964-5746-8c6e-677c4c7a79df] , batch : [1468bdfc-232a-4fb2-b540-7c9d39ebdb49]
[2026-02-11T09:01:20.758Z] INFO pool-12-thread-1 UnProvisionedRmProcessor:68 [] Processing Unprovisioned Resource metering and Instance costing for customer: [59d5de78-a964-5746-8c6e-677c4c7a79df] , batch : [1468bdfc-232a-4fb2-b540-7c9d39ebdb49]
[2026-02-11T09:01:20.758Z] INFO pool-12-thread-1 UnProvisionedRmProcessor:113 [] Computed Unprovisioned IC for date : [10-02-2026] for customer: [59d5de78-a964-5746-8c6e-677c4c7a79df] , batch : [1468bdfc-232a-4fb2-b540-7c9d39ebdb49]
[2026-02-11T09:01:20.758Z] INFO pool-12-thread-1 UnProvisionedRmProcessor:113 [] Computed Unprovisioned IC for date : [08-02-2026] for customer: [59d5de78-a964-5746-8c6e-677c4c7a79df] , batch : [1468bdfc-232a-4fb2-b540-7c9d39ebdb49]
[2026-02-11T09:01:20.758Z] INFO pool-12-thread-1 UnProvisionedRmProcessor:113 [] Computed Unprovisioned IC for date : [07-02-2026] for customer: [59d5de78-a964-5746-8c6e-677c4c7a79df] , batch : [1468bdfc-232a-4fb2-b540-7c9d39ebdb49]
[2026-02-11T09:01:20.758Z] INFO pool-12-thread-1 UnProvisionedRmProcessor:113 [] Computed Unprovisioned IC for date : [09-02-2026] for customer: [59d5de78-a964-5746-8c6e-677c4c7a79df] , batch : [1468bdfc-232a-4fb2-b540-7c9d39ebdb49]
[2026-02-11T09:01:20.850Z] INFO pool-12-thread-1 UnProvisionedRmProcessor:122 [] Successfully processed Unprovisioned RM and IC for customer: [59d5de78-a964-5746-8c6e-677c4c7a79df] , batch : [1468bdfc-232a-4fb2-b540-7c9d39ebdb49]
[2026-02-11T09:01:20.850Z] INFO pool-12-thread-1 OverProvisionedRmProcessor:56 [] Processing OverProvisioned Resource metering and Instance costing for customer: [59d5de78-a964-5746-8c6e-677c4c7a79df] , batch : [1468bdfc-232a-4fb2-b540-7c9d39ebdb49]
[2026-02-11T09:01:20.850Z] INFO pool-12-thread-1 OverProvisionedRmProcessor:84 [] Computed OverProvisioned IC for date : [10-02-2026] for customer: [59d5de78-a964-5746-8c6e-677c4c7a79df] , batch : [1468bdfc-232a-4fb2-b540-7c9d39ebdb49]
[2026-02-11T09:01:20.850Z] INFO pool-12-thread-1 OverProvisionedRmProcessor:84 [] Computed OverProvisioned IC for date : [08-02-2026] for customer: [59d5de78-a964-5746-8c6e-677c4c7a79df] , batch : [1468bdfc-232a-4fb2-b540-7c9d39ebdb49]
[2026-02-11T09:01:20.850Z] INFO pool-12-thread-1 OverProvisionedRmProcessor:84 [] Computed OverProvisioned IC for date : [07-02-2026] for customer: [59d5de78-a964-5746-8c6e-677c4c7a79df] , batch : [1468bdfc-232a-4fb2-b540-7c9d39ebdb49]
[2026-02-11T09:01:20.851Z] INFO pool-12-thread-1 OverProvisionedRmProcessor:84 [] Computed OverProvisioned IC for date : [09-02-2026] for customer: [59d5de78-a964-5746-8c6e-677c4c7a79df] , batch : [1468bdfc-232a-4fb2-b540-7c9d39ebdb49]
[2026-02-11T09:01:20.864Z] INFO pool-12-thread-1 OverProvisionedRmProcessor:93 [] Successfully processed OverProvisioned RM and IC for customer: [59d5de78-a964-5746-8c6e-677c4c7a79df] , batch : [1468bdfc-232a-4fb2-b540-7c9d39ebdb49]
[2026-02-11T09:01:20.864Z] INFO pool-12-thread-1 MeteringManager:44 [] Successfully processed metering for task : RmUnitTask{customerHash='59d5de78-a964-5746-8c6e-677c4c7a79df', clusterId='0006437f-fcaf-c4c4-0000-0000000193e2', batchId='1468bdfc-232a-4fb2-b540-7c9d39ebdb49', timePeriod=RmUnitTask.TimePeriod(start=1769904000, end=1770854399), taskId=23e07f23-ab2e-4166-888d-ccfe74b6f3cc}
[2026-02-11T09:01:20.875Z] INFO Activity Executor taskQueue="hydra-billing-tasks", namespace="ncm-cg": 3 MeteringTaskHandler:234 [] Processed metering for customerHash: [59d5de78-a964-5746-8c6e-677c4c7a79df] with batchId : [1468bdfc-232a-4fb2-b540-7c9d39ebdb49] in time: [1] secs!
[2026-02-11T09:01:21.049Z] INFO Activity Executor taskQueue="hydra-billing-tasks", namespace="ncm-cg": 3 HydraModuleRoutineActivitiesImpl:34 [] Billing Activity Starts for jobId 75f24bd8-d7f8-451f-bc7a-6ffcf72e5e15
[2026-02-11T09:01:21.051Z] INFO Activity Executor taskQueue="hydra-billing-tasks", namespace="ncm-cg": 3 DailyBillGenerator:99 [] Starting generating bills for customerHash: [59d5de78-a964-5746-8c6e-677c4c7a79df] from [2026-02-01] to [2026-02-11], workflowId: [75f24bd8-d7f8-451f-bc7a-6ffcf72e5e15]
[2026-02-11T09:01:21.079Z] INFO Activity Executor taskQueue="hydra-billing-tasks", namespace="ncm-cg": 3 DailyBillGenerator:277 [] Found un-metered clusters on dates: [[2026-02-11]] for customerHash: [59d5de78-a964-5746-8c6e-677c4c7a79df]
[2026-02-11T09:01:21.083Z] INFO Activity Executor taskQueue="hydra-billing-tasks", namespace="ncm-cg": 3 DailyBillGenerator:119 [] Starting writing bill entities for segment start: [2026-02-01], end: [2026-02-11]
[2026-02-11T09:01:23.163Z] INFO Activity Executor taskQueue="hydra-billing-tasks", namespace="ncm-cg": 3 DailyBillGenerator:188 [] Found [2] clusters for customerHash : [59d5de78-a964-5746-8c6e-677c4c7a79df]
[2026-02-11T09:01:23.337Z] INFO Activity Executor taskQueue="hydra-billing-tasks", namespace="ncm-cg": 3 UnMeteredEntityWriter:107 [] Un-metered clustersId: [[00063fb0-c3eb-3105-0000-00000001c483, 0006437f-fcaf-c4c4-0000-0000000193e2]] found on date: [2026-02-11] for customerHash: [59d5de78-a964-5746-8c6e-677c4c7a79df]
[2026-02-11T09:01:23.339Z] INFO Activity Executor taskQueue="hydra-billing-tasks", namespace="ncm-cg": 3 UnprovisionedEntityWriter:117 [] Un-provisioned entity found for clusterIds: [[00063fb0-c3eb-3105-0000-00000001c483, 0006437f-fcaf-c4c4-0000-0000000193e2]] on date: [2026-02-07]
[2026-02-11T09:01:23.339Z] WARN Activity Executor taskQueue="hydra-billing-tasks", namespace="ncm-cg": 3 EntitiesWriter:259 [] Optional Target model exclusive hardware exists for clusterId : [00063fb0-c3eb-3105-0000-00000001c483] , date : [2026-02-07], hardware: [UNPROVISIONED_VCPU]
[2026-02-11T09:01:23.339Z] WARN Activity Executor taskQueue="hydra-billing-tasks", namespace="ncm-cg": 3 UnprovisionedEntityWriter:180 [] [Found selective Target model exclusive Hardware] : [Returning null.]
[2026-02-11T09:01:23.340Z] WARN Activity Executor taskQueue="hydra-billing-tasks", namespace="ncm-cg": 3 EntitiesWriter:259 [] Optional Target model exclusive hardware exists for clusterId : [0006437f-fcaf-c4c4-0000-0000000193e2] , date : [2026-02-07], hardware: [UNPROVISIONED_VCPU]
[2026-02-11T09:01:23.340Z] WARN Activity Executor taskQueue="hydra-billing-tasks", namespace="ncm-cg": 3 UnprovisionedEntityWriter:180 [] [Found selective Target model exclusive Hardware] : [Returning null.]
[2026-02-11T09:01:23.340Z] INFO Activity Executor taskQueue="hydra-billing-tasks", namespace="ncm-cg": 3 UnprovisionedEntityWriter:117 [] Un-provisioned entity found for clusterIds: [[00063fb0-c3eb-3105-0000-00000001c483, 0006437f-fcaf-c4c4-0000-0000000193e2]] on date: [2026-02-08]
[2026-02-11T09:01:23.340Z] WARN Activity Executor taskQueue="hydra-billing-tasks", namespace="ncm-cg": 3 EntitiesWriter:259 [] Optional Target model exclusive hardware exists for clusterId : [00063fb0-c3eb-3105-0000-00000001c483] , date : [2026-02-08], hardware: [UNPROVISIONED_VCPU]
[2026-02-11T09:01:23.341Z] WARN Activity Executor taskQueue="hydra-billing-tasks", namespace="ncm-cg": 3 UnprovisionedEntityWriter:180 [] [Found selective Target model exclusive Hardware] : [Returning null.]
[2026-02-11T09:01:23.341Z] WARN Activity Executor taskQueue="hydra-billing-tasks", namespace="ncm-cg": 3 EntitiesWriter:259 [] Optional Target model exclusive hardware exists for clusterId : [0006437f-fcaf-c4c4-0000-0000000193e2] , date : [2026-02-08], hardware: [UNPROVISIONED_VCPU]
[2026-02-11T09:01:23.341Z] WARN Activity Executor taskQueue="hydra-billing-tasks", namespace="ncm-cg": 3 UnprovisionedEntityWriter:180 [] [Found selective Target model exclusive Hardware] : [Returning null.]
[2026-02-11T09:01:23.341Z] INFO Activity Executor taskQueue="hydra-billing-tasks", namespace="ncm-cg": 3 UnprovisionedEntityWriter:117 [] Un-provisioned entity found for clusterIds: [[00063fb0-c3eb-3105-0000-00000001c483, 0006437f-fcaf-c4c4-0000-0000000193e2]] on date: [2026-02-09]
[2026-02-11T09:01:23.342Z] WARN Activity Executor taskQueue="hydra-billing-tasks", namespace="ncm-cg": 3 EntitiesWriter:259 [] Optional Target model exclusive hardware exists for clusterId : [00063fb0-c3eb-3105-0000-00000001c483] , date : [2026-02-09], hardware: [UNPROVISIONED_VCPU]
[2026-02-11T09:01:23.342Z] WARN Activity Executor taskQueue="hydra-billing-tasks", namespace="ncm-cg": 3 UnprovisionedEntityWriter:180 [] [Found selective Target model exclusive Hardware] : [Returning null.]
[2026-02-11T09:01:23.342Z] WARN Activity Executor taskQueue="hydra-billing-tasks", namespace="ncm-cg": 3 EntitiesWriter:259 [] Optional Target model exclusive hardware exists for clusterId : [0006437f-fcaf-c4c4-0000-0000000193e2] , date : [2026-02-09], hardware: [UNPROVISIONED_VCPU]
[2026-02-11T09:01:23.342Z] WARN Activity Executor taskQueue="hydra-billing-tasks", namespace="ncm-cg": 3 UnprovisionedEntityWriter:180 [] [Found selective Target model exclusive Hardware] : [Returning null.]
[2026-02-11T09:01:23.342Z] INFO Activity Executor taskQueue="hydra-billing-tasks", namespace="ncm-cg": 3 UnprovisionedEntityWriter:117 [] Un-provisioned entity found for clusterIds: [[00063fb0-c3eb-3105-0000-00000001c483, 0006437f-fcaf-c4c4-0000-0000000193e2]] on date: [2026-02-10]
[2026-02-11T09:01:23.343Z] WARN Activity Executor taskQueue="hydra-billing-tasks", namespace="ncm-cg": 3 EntitiesWriter:259 [] Optional Target model exclusive hardware exists for clusterId : [00063fb0-c3eb-3105-0000-00000001c483] , date : [2026-02-10], hardware: [UNPROVISIONED_VCPU]
[2026-02-11T09:01:23.343Z] WARN Activity Executor taskQueue="hydra-billing-tasks", namespace="ncm-cg": 3 UnprovisionedEntityWriter:180 [] [Found selective Target model exclusive Hardware] : [Returning null.]
[2026-02-11T09:01:23.343Z] WARN Activity Executor taskQueue="hydra-billing-tasks", namespace="ncm-cg": 3 EntitiesWriter:259 [] Optional Target model exclusive hardware exists for clusterId : [00063fb0-c3eb-3105-0000-00000001c483] , date : [2026-02-10], hardware: [UNPROVISIONED_VDISK]
[2026-02-11T09:01:23.343Z] WARN Activity Executor taskQueue="hydra-billing-tasks", namespace="ncm-cg": 3 UnprovisionedEntityWriter:198 [] [Found selective Target model exclusive Hardware] : [Returning null.]
[2026-02-11T09:01:23.343Z] WARN Activity Executor taskQueue="hydra-billing-tasks", namespace="ncm-cg": 3 EntitiesWriter:259 [] Optional Target model exclusive hardware exists for clusterId : [0006437f-fcaf-c4c4-0000-0000000193e2] , date : [2026-02-10], hardware: [UNPROVISIONED_VCPU]
[2026-02-11T09:01:23.343Z] WARN Activity Executor taskQueue="hydra-billing-tasks", namespace="ncm-cg": 3 UnprovisionedEntityWriter:180 [] [Found selective Target model exclusive Hardware] : [Returning null.]
[2026-02-11T09:01:23.343Z] INFO Activity Executor taskQueue="hydra-billing-tasks", namespace="ncm-cg": 3 UnprovisionedEntityWriter:117 [] Un-provisioned entity found for clusterIds: [[]] on date: [2026-02-11]
[2026-02-11T09:01:23.344Z] INFO Activity Executor taskQueue="hydra-billing-tasks", namespace="ncm-cg": 3 OverprovisionedEntityWriter:117 [] Over-provisioned entity found for clusterIds: [[00063fb0-c3eb-3105-0000-00000001c483, 0006437f-fcaf-c4c4-0000-0000000193e2]] on date: [2026-02-07] for customerHash: [59d5de78-a964-5746-8c6e-677c4c7a79df]
[2026-02-11T09:01:23.344Z] WARN Activity Executor taskQueue="hydra-billing-tasks", namespace="ncm-cg": 3 EntitiesWriter:259 [] Optional Target model exclusive hardware exists for clusterId : [00063fb0-c3eb-3105-0000-00000001c483] , date : [2026-02-07], hardware: [OVERPROVISIONED_VRAM]
[2026-02-11T09:01:23.344Z] WARN Activity Executor taskQueue="hydra-billing-tasks", namespace="ncm-cg": 3 OverprovisionedEntityWriter:190 [] [Found selective Target model exclusive Hardware] : [Returning null.]
[2026-02-11T09:01:23.344Z] WARN Activity Executor taskQueue="hydra-billing-tasks", namespace="ncm-cg": 3 EntitiesWriter:259 [] Optional Target model exclusive hardware exists for clusterId : [00063fb0-c3eb-3105-0000-00000001c483] , date : [2026-02-07], hardware: [OVERPROVISIONED_VDISK]
[2026-02-11T09:01:23.344Z] WARN Activity Executor taskQueue="hydra-billing-tasks", namespace="ncm-cg": 3 OverprovisionedEntityWriter:199 [] [Found selective Target model exclusive Hardware] : [Returning null.]
[2026-02-11T09:01:23.344Z] WARN Activity Executor taskQueue="hydra-billing-tasks", namespace="ncm-cg": 3 EntitiesWriter:259 [] Optional Target model exclusive hardware exists for clusterId : [0006437f-fcaf-c4c4-0000-0000000193e2] , date : [2026-02-07], hardware: [OVERPROVISIONED_VRAM]
[2026-02-11T09:01:23.345Z] WARN Activity Executor taskQueue="hydra-billing-tasks", namespace="ncm-cg": 3 OverprovisionedEntityWriter:190 [] [Found selective Target model exclusive Hardware] : [Returning null.]
[2026-02-11T09:01:23.345Z] WARN Activity Executor taskQueue="hydra-billing-tasks", namespace="ncm-cg": 3 EntitiesWriter:259 [] Optional Target model exclusive hardware exists for clusterId : [0006437f-fcaf-c4c4-0000-0000000193e2] , date : [2026-02-07], hardware: [OVERPROVISIONED_VDISK]
[2026-02-11T09:01:23.345Z] WARN Activity Executor taskQueue="hydra-billing-tasks", namespace="ncm-cg": 3 OverprovisionedEntityWriter:199 [] [Found selective Target model exclusive Hardware] : [Returning null.]
[2026-02-11T09:01:23.345Z] INFO Activity Executor taskQueue="hydra-billing-tasks", namespace="ncm-cg": 3 OverprovisionedEntityWriter:117 [] Over-provisioned entity found for clusterIds: [[00063fb0-c3eb-3105-0000-00000001c483, 0006437f-fcaf-c4c4-0000-0000000193e2]] on date: [2026-02-08] for customerHash: [59d5de78-a964-5746-8c6e-677c4c7a79df]
[2026-02-11T09:01:23.345Z] WARN Activity Executor taskQueue="hydra-billing-tasks", namespace="ncm-cg": 3 EntitiesWriter:259 [] Optional Target model exclusive hardware exists for clusterId : [00063fb0-c3eb-3105-0000-00000001c483] , date : [2026-02-08], hardware: [OVERPROVISIONED_VRAM]
[2026-02-11T09:01:23.345Z] WARN Activity Executor taskQueue="hydra-billing-tasks", namespace="ncm-cg": 3 OverprovisionedEntityWriter:190 [] [Found selective Target model exclusive Hardware] : [Returning null.]
[2026-02-11T09:01:23.345Z] WARN Activity Executor taskQueue="hydra-billing-tasks", namespace="ncm-cg": 3 EntitiesWriter:259 [] Optional Target model exclusive hardware exists for clusterId : [00063fb0-c3eb-3105-0000-00000001c483] , date : [2026-02-08], hardware: [OVERPROVISIONED_VDISK]
[2026-02-11T09:01:23.345Z] WARN Activity Executor taskQueue="hydra-billing-tasks", namespace="ncm-cg": 3 OverprovisionedEntityWriter:199 [] [Found selective Target model exclusive Hardware] : [Returning null.]
[2026-02-11T09:01:23.346Z] WARN Activity Executor taskQueue="hydra-billing-tasks", namespace="ncm-cg": 3 EntitiesWriter:259 [] Optional Target model exclusive hardware exists for clusterId : [0006437f-fcaf-c4c4-0000-0000000193e2] , date : [2026-02-08], hardware: [OVERPROVISIONED_VRAM]
[2026-02-11T09:01:23.346Z] WARN Activity Executor taskQueue="hydra-billing-tasks", namespace="ncm-cg": 3 OverprovisionedEntityWriter:190 [] [Found selective Target model exclusive Hardware] : [Returning null.]
[2026-02-11T09:01:23.346Z] WARN Activity Executor taskQueue="hydra-billing-tasks", namespace="ncm-cg": 3 EntitiesWriter:259 [] Optional Target model exclusive hardware exists for clusterId : [0006437f-fcaf-c4c4-0000-0000000193e2] , date : [2026-02-08], hardware: [OVERPROVISIONED_VDISK]
[2026-02-11T09:01:23.346Z] WARN Activity Executor taskQueue="hydra-billing-tasks", namespace="ncm-cg": 3 OverprovisionedEntityWriter:199 [] [Found selective Target model exclusive Hardware] : [Returning null.]
[2026-02-11T09:01:23.346Z] INFO Activity Executor taskQueue="hydra-billing-tasks", namespace="ncm-cg": 3 OverprovisionedEntityWriter:117 [] Over-provisioned entity found for clusterIds: [[00063fb0-c3eb-3105-0000-00000001c483, 0006437f-fcaf-c4c4-0000-0000000193e2]] on date: [2026-02-09] for customerHash: [59d5de78-a964-5746-8c6e-677c4c7a79df]
[2026-02-11T09:01:23.346Z] WARN Activity Executor taskQueue="hydra-billing-tasks", namespace="ncm-cg": 3 EntitiesWriter:259 [] Optional Target model exclusive hardware exists for clusterId : [00063fb0-c3eb-3105-0000-00000001c483] , date : [2026-02-09], hardware: [OVERPROVISIONED_VRAM]
[2026-02-11T09:01:23.346Z] WARN Activity Executor taskQueue="hydra-billing-tasks", namespace="ncm-cg": 3 OverprovisionedEntityWriter:190 [] [Found selective Target model exclusive Hardware] : [Returning null.]
[2026-02-11T09:01:23.346Z] WARN Activity Executor taskQueue="hydra-billing-tasks", namespace="ncm-cg": 3 EntitiesWriter:259 [] Optional Target model exclusive hardware exists for clusterId : [00063fb0-c3eb-3105-0000-00000001c483] , date : [2026-02-09], hardware: [OVERPROVISIONED_VDISK]
[2026-02-11T09:01:23.347Z] WARN Activity Executor taskQueue="hydra-billing-tasks", namespace="ncm-cg": 3 OverprovisionedEntityWriter:199 [] [Found selective Target model exclusive Hardware] : [Returning null.]
[2026-02-11T09:01:23.347Z] WARN Activity Executor taskQueue="hydra-billing-tasks", namespace="ncm-cg": 3 EntitiesWriter:259 [] Optional Target model exclusive hardware exists for clusterId : [0006437f-fcaf-c4c4-0000-0000000193e2] , date : [2026-02-09], hardware: [OVERPROVISIONED_VRAM]
[2026-02-11T09:01:23.347Z] WARN Activity Executor taskQueue="hydra-billing-tasks", namespace="ncm-cg": 3 OverprovisionedEntityWriter:190 [] [Found selective Target model exclusive Hardware] : [Returning null.]
[2026-02-11T09:01:23.347Z] WARN Activity Executor taskQueue="hydra-billing-tasks", namespace="ncm-cg": 3 EntitiesWriter:259 [] Optional Target model exclusive hardware exists for clusterId : [0006437f-fcaf-c4c4-0000-0000000193e2] , date : [2026-02-09], hardware: [OVERPROVISIONED_VDISK]
[2026-02-11T09:01:23.347Z] WARN Activity Executor taskQueue="hydra-billing-tasks", namespace="ncm-cg": 3 OverprovisionedEntityWriter:199 [] [Found selective Target model exclusive Hardware] : [Returning null.]
[2026-02-11T09:01:23.347Z] INFO Activity Executor taskQueue="hydra-billing-tasks", namespace="ncm-cg": 3 OverprovisionedEntityWriter:117 [] Over-provisioned entity found for clusterIds: [[00063fb0-c3eb-3105-0000-00000001c483, 0006437f-fcaf-c4c4-0000-0000000193e2]] on date: [2026-02-10] for customerHash: [59d5de78-a964-5746-8c6e-677c4c7a79df]
[2026-02-11T09:01:23.347Z] WARN Activity Executor taskQueue="hydra-billing-tasks", namespace="ncm-cg": 3 EntitiesWriter:259 [] Optional Target model exclusive hardware exists for clusterId : [00063fb0-c3eb-3105-0000-00000001c483] , date : [2026-02-10], hardware: [OVERPROVISIONED_VRAM]
[2026-02-11T09:01:23.348Z] WARN Activity Executor taskQueue="hydra-billing-tasks", namespace="ncm-cg": 3 OverprovisionedEntityWriter:190 [] [Found selective Target model exclusive Hardware] : [Returning null.]
[2026-02-11T09:01:23.348Z] WARN Activity Executor taskQueue="hydra-billing-tasks", namespace="ncm-cg": 3 EntitiesWriter:259 [] Optional Target model exclusive hardware exists for clusterId : [0006437f-fcaf-c4c4-0000-0000000193e2] , date : [2026-02-10], hardware: [OVERPROVISIONED_VRAM]
[2026-02-11T09:01:23.348Z] WARN Activity Executor taskQueue="hydra-billing-tasks", namespace="ncm-cg": 3 OverprovisionedEntityWriter:190 [] [Found selective Target model exclusive Hardware] : [Returning null.]
[2026-02-11T09:01:23.348Z] WARN Activity Executor taskQueue="hydra-billing-tasks", namespace="ncm-cg": 3 EntitiesWriter:259 [] Optional Target model exclusive hardware exists for clusterId : [0006437f-fcaf-c4c4-0000-0000000193e2] , date : [2026-02-10], hardware: [OVERPROVISIONED_VDISK]
[2026-02-11T09:01:23.348Z] WARN Activity Executor taskQueue="hydra-billing-tasks", namespace="ncm-cg": 3 OverprovisionedEntityWriter:199 [] [Found selective Target model exclusive Hardware] : [Returning null.]
[2026-02-11T09:01:23.348Z] INFO Activity Executor taskQueue="hydra-billing-tasks", namespace="ncm-cg": 3 OverprovisionedEntityWriter:117 [] Over-provisioned entity found for clusterIds: [[]] on date: [2026-02-11] for customerHash: [59d5de78-a964-5746-8c6e-677c4c7a79df]
[2026-02-11T09:01:24.049Z] INFO Activity Executor taskQueue="hydra-billing-tasks", namespace="ncm-cg": 3 VmEntitiesWriter:176 [] [0] :: VMs found for cluster : [00063fb0-c3eb-3105-0000-00000001c483]
[2026-02-11T09:01:25.672Z] INFO Activity Executor taskQueue="hydra-billing-tasks", namespace="ncm-cg": 3 EntitiesWriter:152 [] Row count for day: [2026-02-07] is count: [12255], parts: [0]
[2026-02-11T09:01:26.598Z] INFO Activity Executor taskQueue="hydra-billing-tasks", namespace="ncm-cg": 3 EntitiesWriter:152 [] Row count for day: [2026-02-08] is count: [12255], parts: [0]
[2026-02-11T09:01:27.372Z] INFO Activity Executor taskQueue="hydra-billing-tasks", namespace="ncm-cg": 3 EntitiesWriter:152 [] Row count for day: [2026-02-09] is count: [12255], parts: [0]
[2026-02-11T09:01:28.102Z] INFO Activity Executor taskQueue="hydra-billing-tasks", namespace="ncm-cg": 3 EntitiesWriter:169 [] No configuration found clusterId: [00063fb0-c3eb-3105-0000-00000001c483] on date: [2026-02-11]
[2026-02-11T09:01:28.102Z] INFO Activity Executor taskQueue="hydra-billing-tasks", namespace="ncm-cg": 3 EntitiesWriter:169 [] No configuration found clusterId: [00063fb0-c3eb-3105-0000-00000001c483] on date: [2026-02-11]
[2026-02-11T09:01:28.103Z] INFO Activity Executor taskQueue="hydra-billing-tasks", namespace="ncm-cg": 3 EntitiesWriter:169 [] No configuration found clusterId: [00063fb0-c3eb-3105-0000-00000001c483] on date: [2026-02-11]
[2026-02-11T09:01:28.103Z] INFO Activity Executor taskQueue="hydra-billing-tasks", namespace="ncm-cg": 3 EntitiesWriter:169 [] No configuration found clusterId: [00063fb0-c3eb-3105-0000-00000001c483] on date: [2026-02-11]
[2026-02-11T09:01:28.103Z] INFO Activity Executor taskQueue="hydra-billing-tasks", namespace="ncm-cg": 3 EntitiesWriter:169 [] No configuration found clusterId: [00063fb0-c3eb-3105-0000-00000001c483] on date: [2026-02-11]
[2026-02-11T09:01:28.103Z] INFO Activity Executor taskQueue="hydra-billing-tasks", namespace="ncm-cg": 3 EntitiesWriter:169 [] No configuration found clusterId: [00063fb0-c3eb-3105-0000-00000001c483] on date: [2026-02-11]
[2026-02-11T09:01:28.103Z] INFO Activity Executor taskQueue="hydra-billing-tasks", namespace="ncm-cg": 3 EntitiesWriter:169 [] No configuration found clusterId: [00063fb0-c3eb-3105-0000-00000001c483] on date: [2026-02-11]
[2026-02-11T09:01:28.103Z] INFO Activity Executor taskQueue="hydra-billing-tasks", namespace="ncm-cg": 3 EntitiesWriter:169 [] No configuration found clusterId: [00063fb0-c3eb-3105-0000-00000001c483] on date: [2026-02-11]
[2026-02-11T09:01:28.103Z] INFO Activity Executor taskQueue="hydra-billing-tasks", namespace="ncm-cg": 3 EntitiesWriter:169 [] No configuration found clusterId: [00063fb0-c3eb-3105-0000-00000001c483] on date: [2026-02-11]
[2026-02-11T09:01:28.103Z] INFO Activity Executor taskQueue="hydra-billing-tasks", namespace="ncm-cg": 3 EntitiesWriter:169 [] No configuration found clusterId: [00063fb0-c3eb-3105-0000-00000001c483] on date: [2026-02-11]
[2026-02-11T09:01:28.103Z] INFO Activity Executor taskQueue="hydra-billing-tasks", namespace="ncm-cg": 3 EntitiesWriter:169 [] No configuration found clusterId: [00063fb0-c3eb-3105-0000-00000001c483] on date: [2026-02-11]
[2026-02-11T09:01:28.103Z] INFO Activity Executor taskQueue="hydra-billing-tasks", namespace="ncm-cg": 3 EntitiesWriter:169 [] No configuration found clusterId: [00063fb0-c3eb-3105-0000-00000001c483] on date: [2026-02-11]
[2026-02-11T09:01:28.103Z] INFO Activity Executor taskQueue="hydra-billing-tasks", namespace="ncm-cg": 3 EntitiesWriter:169 [] No configuration found clusterId: [00063fb0-c3eb-3105-0000-00000001c483] on date: [2026-02-11]
[2026-02-11T09:01:28.103Z] INFO Activity Executor taskQueue="hydra-billing-tasks", namespace="ncm-cg": 3 EntitiesWriter:169 [] No configuration found clusterId: [00063fb0-c3eb-3105-0000-00000001c483] on date: [2026-02-11]
[2026-02-11T09:01:28.103Z] INFO Activity Executor taskQueue="hydra-billing-tasks", namespace="ncm-cg": 3 EntitiesWriter:169 [] No configuration found clusterId: [00063fb0-c3eb-3105-0000-00000001c483] on date: [2026-02-11]
[2026-02-11T09:01:28.103Z] INFO Activity Executor taskQueue="hydra-billing-tasks", namespace="ncm-cg": 3 EntitiesWriter:169 [] No configuration found clusterId: [00063fb0-c3eb-3105-0000-00000001c483] on date: [2026-02-11]
[2026-02-11T09:01:28.103Z] INFO Activity Executor taskQueue="hydra-billing-tasks", namespace="ncm-cg": 3 EntitiesWriter:169 [] No configuration found clusterId: [00063fb0-c3eb-3105-0000-00000001c483] on date: [2026-02-11]
[2026-02-11T09:01:28.103Z] INFO Activity Executor taskQueue="hydra-billing-tasks", namespace="ncm-cg": 3 EntitiesWriter:169 [] No configuration found clusterId: [00063fb0-c3eb-3105-0000-00000001c483] on date: [2026-02-11]
[2026-02-11T09:01:28.103Z] INFO Activity Executor taskQueue="hydra-billing-tasks", namespace="ncm-cg": 3 EntitiesWriter:169 [] No configuration found clusterId: [00063fb0-c3eb-3105-0000-00000001c483] on date: [2026-02-11]
[2026-02-11T09:01:28.103Z] INFO Activity Executor taskQueue="hydra-billing-tasks", namespace="ncm-cg": 3 EntitiesWriter:169 [] No configuration found clusterId: [00063fb0-c3eb-3105-0000-00000001c483] on date: [2026-02-11]
[2026-02-11T09:01:28.103Z] INFO Activity Executor taskQueue="hydra-billing-tasks", namespace="ncm-cg": 3 EntitiesWriter:169 [] No configuration found clusterId: [00063fb0-c3eb-3105-0000-00000001c483] on date: [2026-02-11]
[2026-02-11T09:01:28.104Z] INFO Activity Executor taskQueue="hydra-billing-tasks", namespace="ncm-cg": 3 EntitiesWriter:169 [] No configuration found clusterId: [00063fb0-c3eb-3105-0000-00000001c483] on date: [2026-02-11]
[2026-02-11T09:01:28.104Z] INFO Activity Executor taskQueue="hydra-billing-tasks", namespace="ncm-cg": 3 EntitiesWriter:169 [] No configuration found clusterId: [00063fb0-c3eb-3105-0000-00000001c483] on date: [2026-02-11]
[2026-02-11T09:01:28.104Z] INFO Activity Executor taskQueue="hydra-billing-tasks", namespace="ncm-cg": 3 EntitiesWriter:169 [] No configuration found clusterId: [00063fb0-c3eb-3105-0000-00000001c483] on date: [2026-02-11]
[2026-02-11T09:01:28.104Z] INFO Activity Executor taskQueue="hydra-billing-tasks", namespace="ncm-cg": 3 EntitiesWriter:169 [] No configuration found clusterId: [00063fb0-c3eb-3105-0000-00000001c483] on date: [2026-02-11]
[2026-02-11T09:01:28.104Z] INFO Activity Executor taskQueue="hydra-billing-tasks", namespace="ncm-cg": 3 EntitiesWriter:169 [] No configuration found clusterId: [00063fb0-c3eb-3105-0000-00000001c483] on date: [2026-02-11]
[2026-02-11T09:01:28.104Z] INFO Activity Executor taskQueue="hydra-billing-tasks", namespace="ncm-cg": 3 EntitiesWriter:169 [] No configuration found clusterId: [00063fb0-c3eb-3105-0000-00000001c483] on date: [2026-02-11]
[2026-02-11T09:01:28.104Z] INFO Activity Executor taskQueue="hydra-billing-tasks", namespace="ncm-cg": 3 EntitiesWriter:169 [] No configuration found clusterId: [00063fb0-c3eb-3105-0000-00000001c483] on date: [2026-02-11]
[2026-02-11T09:01:28.104Z] INFO Activity Executor taskQueue="hydra-billing-tasks", namespace="ncm-cg": 3 EntitiesWriter:169 [] No configuration found clusterId: [00063fb0-c3eb-3105-0000-00000001c483] on date: [2026-02-11]
[2026-02-11T09:01:28.104Z] INFO Activity Executor taskQueue="hydra-billing-tasks", namespace="ncm-cg": 3 EntitiesWriter:169 [] No configuration found clusterId: [00063fb0-c3eb-3105-0000-00000001c483] on date: [2026-02-11]
[2026-02-11T09:01:28.104Z] INFO Activity Executor taskQueue="hydra-billing-tasks", namespace="ncm-cg": 3 EntitiesWriter:169 [] No configuration found clusterId: [00063fb0-c3eb-3105-0000-00000001c483] on date: [2026-02-11]
[2026-02-11T09:01:28.104Z] INFO Activity Executor taskQueue="hydra-billing-tasks", namespace="ncm-cg": 3 EntitiesWriter:169 [] No configuration found clusterId: [00063fb0-c3eb-3105-0000-00000001c483] on date: [2026-02-11]
[2026-02-11T09:01:28.104Z] INFO Activity Executor taskQueue="hydra-billing-tasks", namespace="ncm-cg": 3 EntitiesWriter:169 [] No configuration found clusterId: [00063fb0-c3eb-3105-0000-00000001c483] on date: [2026-02-11]
[2026-02-11T09:01:28.104Z] INFO Activity Executor taskQueue="hydra-billing-tasks", namespace="ncm-cg": 3 EntitiesWriter:169 [] No configuration found clusterId: [00063fb0-c3eb-3105-0000-00000001c483] on date: [2026-02-11]
[2026-02-11T09:01:28.104Z] INFO Activity Executor taskQueue="hydra-billing-tasks", namespace="ncm-cg": 3 EntitiesWriter:169 [] No configuration found clusterId: [00063fb0-c3eb-3105-0000-00000001c483] on date: [2026-02-11]
[2026-02-11T09:01:28.104Z] INFO Activity Executor taskQueue="hydra-billing-tasks", namespace="ncm-cg": 3 EntitiesWriter:169 [] No configuration found clusterId: [00063fb0-c3eb-3105-0000-00000001c483] on date: [2026-02-11]
[2026-02-11T09:01:28.104Z] INFO Activity Executor taskQueue="hydra-billing-tasks", namespace="ncm-cg": 3 EntitiesWriter:169 [] No configuration found clusterId: [00063fb0-c3eb-3105-0000-00000001c483] on date: [2026-02-11]
[2026-02-11T09:01:28.105Z] INFO Activity Executor taskQueue="hydra-billing-tasks", namespace="ncm-cg": 3 EntitiesWriter:169 [] No configuration found clusterId: [00063fb0-c3eb-3105-0000-00000001c483] on date: [2026-02-11]
[2026-02-11T09:01:28.105Z] INFO Activity Executor taskQueue="hydra-billing-tasks", namespace="ncm-cg": 3 EntitiesWriter:169 [] No configuration found clusterId: [00063fb0-c3eb-3105-0000-00000001c483] on date: [2026-02-11]
[2026-02-11T09:01:28.105Z] INFO Activity Executor taskQueue="hydra-billing-tasks", namespace="ncm-cg": 3 EntitiesWriter:169 [] No configuration found clusterId: [00063fb0-c3eb-3105-0000-00000001c483] on date: [2026-02-11]
[2026-02-11T09:01:28.105Z] INFO Activity Executor taskQueue="hydra-billing-tasks", namespace="ncm-cg": 3 EntitiesWriter:169 [] No configuration found clusterId: [00063fb0-c3eb-3105-0000-00000001c483] on date: [2026-02-11]
[2026-02-11T09:01:28.105Z] INFO Activity Executor taskQueue="hydra-billing-tasks", namespace="ncm-cg": 3 EntitiesWriter:169 [] No configuration found clusterId: [00063fb0-c3eb-3105-0000-00000001c483] on date: [2026-02-11]
[2026-02-11T09:01:28.105Z] INFO Activity Executor taskQueue="hydra-billing-tasks", namespace="ncm-cg": 3 EntitiesWriter:169 [] No configuration found clusterId: [00063fb0-c3eb-3105-0000-00000001c483] on date: [2026-02-11]
[2026-02-11T09:01:28.105Z] INFO Activity Executor taskQueue="hydra-billing-tasks", namespace="ncm-cg": 3 EntitiesWriter:169 [] No configuration found clusterId: [00063fb0-c3eb-3105-0000-00000001c483] on date: [2026-02-11]
[2026-02-11T09:01:28.105Z] INFO Activity Executor taskQueue="hydra-billing-tasks", namespace="ncm-cg": 3 EntitiesWriter:169 [] No configuration found clusterId: [00063fb0-c3eb-3105-0000-00000001c483] on date: [2026-02-11]
[2026-02-11T09:01:28.105Z] INFO Activity Executor taskQueue="hydra-billing-tasks", namespace="ncm-cg": 3 EntitiesWriter:169 [] No configuration found clusterId: [00063fb0-c3eb-3105-0000-00000001c483] on date: [2026-02-11]
[2026-02-11T09:01:28.105Z] INFO Activity Executor taskQueue="hydra-billing-tasks", namespace="ncm-cg": 3 EntitiesWriter:169 [] No configuration found clusterId: [00063fb0-c3eb-3105-0000-00000001c483] on date: [2026-02-11]
[2026-02-11T09:01:28.105Z] INFO Activity Executor taskQueue="hydra-billing-tasks", namespace="ncm-cg": 3 EntitiesWriter:169 [] No configuration found clusterId: [00063fb0-c3eb-3105-0000-00000001c483] on date: [2026-02-11]
[2026-02-11T09:01:28.105Z] INFO Activity Executor taskQueue="hydra-billing-tasks", namespace="ncm-cg": 3 EntitiesWriter:169 [] No configuration found clusterId: [00063fb0-c3eb-3105-0000-00000001c483] on date: [2026-02-11]
[2026-02-11T09:01:28.105Z] INFO Activity Executor taskQueue="hydra-billing-tasks", namespace="ncm-cg": 3 EntitiesWriter:169 [] No configuration found clusterId: [00063fb0-c3eb-3105-0000-00000001c483] on date: [2026-02-11]
[2026-02-11T09:01:28.106Z] INFO Activity Executor taskQueue="hydra-billing-tasks", namespace="ncm-cg": 3 EntitiesWriter:169 [] No configuration found clusterId: [00063fb0-c3eb-3105-0000-00000001c483] on date: [2026-02-11]
[2026-02-11T09:01:28.106Z] INFO Activity Executor taskQueue="hydra-billing-tasks", namespace="ncm-cg": 3 EntitiesWriter:169 [] No configuration found clusterId: [00063fb0-c3eb-3105-0000-00000001c483] on date: [2026-02-11]
[2026-02-11T09:01:28.106Z] INFO Activity Executor taskQueue="hydra-billing-tasks", namespace="ncm-cg": 3 EntitiesWriter:169 [] No configuration found clusterId: [00063fb0-c3eb-3105-0000-00000001c483] on date: [2026-02-11]
[2026-02-11T09:01:28.106Z] INFO Activity Executor taskQueue="hydra-billing-tasks", namespace="ncm-cg": 3 EntitiesWriter:169 [] No configuration found clusterId: [00063fb0-c3eb-3105-0000-00000001c483] on date: [2026-02-11]
[2026-02-11T09:01:28.106Z] INFO Activity Executor taskQueue="hydra-billing-tasks", namespace="ncm-cg": 3 EntitiesWriter:169 [] No configuration found clusterId: [00063fb0-c3eb-3105-0000-00000001c483] on date: [2026-02-11]
[2026-02-11T09:01:28.106Z] INFO Activity Executor taskQueue="hydra-billing-tasks", namespace="ncm-cg": 3 EntitiesWriter:169 [] No configuration found clusterId: [00063fb0-c3eb-3105-0000-00000001c483] on date: [2026-02-11]
[2026-02-11T09:01:28.106Z] INFO Activity Executor taskQueue="hydra-billing-tasks", namespace="ncm-cg": 3 EntitiesWriter:169 [] No configuration found clusterId: [00063fb0-c3eb-3105-0000-00000001c483] on date: [2026-02-11]
[2026-02-11T09:01:28.106Z] INFO Activity Executor taskQueue="hydra-billing-tasks", namespace="ncm-cg": 3 EntitiesWriter:169 [] No configuration found clusterId: [00063fb0-c3eb-3105-0000-00000001c483] on date: [2026-02-11]
[2026-02-11T09:01:28.106Z] INFO Activity Executor taskQueue="hydra-billing-tasks", namespace="ncm-cg": 3 EntitiesWriter:169 [] No configuration found clusterId: [00063fb0-c3eb-3105-0000-00000001c483] on date: [2026-02-11]
[2026-02-11T09:01:28.106Z] INFO Activity Executor taskQueue="hydra-billing-tasks", namespace="ncm-cg": 3 EntitiesWriter:169 [] No configuration found clusterId: [00063fb0-c3eb-3105-0000-00000001c483] on date: [2026-02-11]
[2026-02-11T09:01:28.106Z] INFO Activity Executor taskQueue="hydra-billing-tasks", namespace="ncm-cg": 3 EntitiesWriter:169 [] No configuration found clusterId: [00063fb0-c3eb-3105-0000-00000001c483] on date: [2026-02-11]
[2026-02-11T09:01:28.106Z] INFO Activity Executor taskQueue="hydra-billing-tasks", namespace="ncm-cg": 3 EntitiesWriter:169 [] No configuration found clusterId: [00063fb0-c3eb-3105-0000-00000001c483] on date: [2026-02-11]
[2026-02-11T09:01:28.106Z] INFO Activity Executor taskQueue="hydra-billing-tasks", namespace="ncm-cg": 3 EntitiesWriter:169 [] No configuration found clusterId: [00063fb0-c3eb-3105-0000-00000001c483] on date: [2026-02-11]
[2026-02-11T09:01:28.107Z] INFO Activity Executor taskQueue="hydra-billing-tasks", namespace="ncm-cg": 3 EntitiesWriter:169 [] No configuration found clusterId: [00063fb0-c3eb-3105-0000-00000001c483] on date: [2026-02-11]
[2026-02-11T09:01:28.107Z] INFO Activity Executor taskQueue="hydra-billing-tasks", namespace="ncm-cg": 3 EntitiesWriter:169 [] No configuration found clusterId: [00063fb0-c3eb-3105-0000-00000001c483] on date: [2026-02-11]
[2026-02-11T09:01:28.107Z] INFO Activity Executor taskQueue="hydra-billing-tasks", namespace="ncm-cg": 3 EntitiesWriter:169 [] No configuration found clusterId: [00063fb0-c3eb-3105-0000-00000001c483] on date: [2026-02-11]
[2026-02-11T09:01:28.107Z] INFO Activity Executor taskQueue="hydra-billing-tasks", namespace="ncm-cg": 3 EntitiesWriter:169 [] No configuration found clusterId: [00063fb0-c3eb-3105-0000-00000001c483] on date: [2026-02-11]
[2026-02-11T09:01:28.107Z] INFO Activity Executor taskQueue="hydra-billing-tasks", namespace="ncm-cg": 3 EntitiesWriter:169 [] No configuration found clusterId: [00063fb0-c3eb-3105-0000-00000001c483] on date: [2026-02-11]
[2026-02-11T09:01:28.107Z] INFO Activity Executor taskQueue="hydra-billing-tasks", namespace="ncm-cg": 3 EntitiesWriter:169 [] No configuration found clusterId: [00063fb0-c3eb-3105-0000-00000001c483] on date: [2026-02-11]
[2026-02-11T09:01:28.107Z] INFO Activity Executor taskQueue="hydra-billing-tasks", namespace="ncm-cg": 3 EntitiesWriter:169 [] No configuration found clusterId: [00063fb0-c3eb-3105-0000-00000001c483] on date: [2026-02-11]
[2026-02-11T09:01:28.107Z] INFO Activity Executor taskQueue="hydra-billing-tasks", namespace="ncm-cg": 3 EntitiesWriter:169 [] No configuration found clusterId: [00063fb0-c3eb-3105-0000-00000001c483] on date: [2026-02-11]
[2026-02-11T09:01:28.107Z] INFO Activity Executor taskQueue="hydra-billing-tasks", namespace="ncm-cg": 3 EntitiesWriter:169 [] No configuration found clusterId: [00063fb0-c3eb-3105-0000-00000001c483] on date: [2026-02-11]
[2026-02-11T09:01:28.107Z] INFO Activity Executor taskQueue="hydra-billing-tasks", namespace="ncm-cg": 3 EntitiesWriter:169 [] No configuration found clusterId: [00063fb0-c3eb-3105-0000-00000001c483] on date: [2026-02-11]
[2026-02-11T09:01:28.107Z] INFO Activity Executor taskQueue="hydra-billing-tasks", namespace="ncm-cg": 3 EntitiesWriter:169 [] No configuration found clusterId: [00063fb0-c3eb-3105-0000-00000001c483] on date: [2026-02-11]
[2026-02-11T09:01:28.107Z] INFO Activity Executor taskQueue="hydra-billing-tasks", namespace="ncm-cg": 3 EntitiesWriter:169 [] No configuration found clusterId: [00063fb0-c3eb-3105-0000-00000001c483] on date: [2026-02-11]
[2026-02-11T09:01:28.107Z] INFO Activity Executor taskQueue="hydra-billing-tasks", namespace="ncm-cg": 3 EntitiesWriter:169 [] No configuration found clusterId: [00063fb0-c3eb-3105-0000-00000001c483] on date: [2026-02-11]
[2026-02-11T09:01:28.108Z] INFO Activity Executor taskQueue="hydra-billing-tasks", namespace="ncm-cg": 3 EntitiesWriter:169 [] No configuration found clusterId: [00063fb0-c3eb-3105-0000-00000001c483] on date: [2026-02-11]
[2026-02-11T09:01:28.108Z] INFO Activity Executor taskQueue="hydra-billing-tasks", namespace="ncm-cg": 3 EntitiesWriter:169 [] No configuration found clusterId: [00063fb0-c3eb-3105-0000-00000001c483] on date: [2026-02-11]
[2026-02-11T09:01:28.108Z] INFO Activity Executor taskQueue="hydra-billing-tasks", namespace="ncm-cg": 3 EntitiesWriter:169 [] No configuration found clusterId: [00063fb0-c3eb-3105-0000-00000001c483] on date: [2026-02-11]
[2026-02-11T09:01:28.108Z] INFO Activity Executor taskQueue="hydra-billing-tasks", namespace="ncm-cg": 3 EntitiesWriter:169 [] No configuration found clusterId: [00063fb0-c3eb-3105-0000-00000001c483] on date: [2026-02-11]
[2026-02-11T09:01:28.108Z] INFO Activity Executor taskQueue="hydra-billing-tasks", namespace="ncm-cg": 3 EntitiesWriter:169 [] No configuration found clusterId: [00063fb0-c3eb-3105-0000-00000001c483] on date: [2026-02-11]
[2026-02-11T09:01:28.108Z] INFO Activity Executor taskQueue="hydra-billing-tasks", namespace="ncm-cg": 3 EntitiesWriter:169 [] No configuration found clusterId: [00063fb0-c3eb-3105-0000-00000001c483] on date: [2026-02-11]
[2026-02-11T09:01:28.108Z] INFO Activity Executor taskQueue="hydra-billing-tasks", namespace="ncm-cg": 3 EntitiesWriter:169 [] No configuration found clusterId: [00063fb0-c3eb-3105-0000-00000001c483] on date: [2026-02-11]
[2026-02-11T09:01:28.108Z] INFO Activity Executor taskQueue="hydra-billing-tasks", namespace="ncm-cg": 3 EntitiesWriter:169 [] No configuration found clusterId: [00063fb0-c3eb-3105-0000-00000001c483] on date: [2026-02-11]
[2026-02-11T09:01:28.108Z] INFO Activity Executor taskQueue="hydra-billing-tasks", namespace="ncm-cg": 3 EntitiesWriter:169 [] No configuration found clusterId: [00063fb0-c3eb-3105-0000-00000001c483] on date: [2026-02-11]
[2026-02-11T09:01:28.108Z] INFO Activity Executor taskQueue="hydra-billing-tasks", namespace="ncm-cg": 3 EntitiesWriter:169 [] No configuration found clusterId: [00063fb0-c3eb-3105-0000-00000001c483] on date: [2026-02-11]
[2026-02-11T09:01:28.108Z] INFO Activity Executor taskQueue="hydra-billing-tasks", namespace="ncm-cg": 3 EntitiesWriter:169 [] No configuration found clusterId: [00063fb0-c3eb-3105-0000-00000001c483] on date: [2026-02-11]
[2026-02-11T09:01:28.108Z] INFO Activity Executor taskQueue="hydra-billing-tasks", namespace="ncm-cg": 3 EntitiesWriter:169 [] No configuration found clusterId: [00063fb0-c3eb-3105-0000-00000001c483] on date: [2026-02-11]
[2026-02-11T09:01:28.108Z] INFO Activity Executor taskQueue="hydra-billing-tasks", namespace="ncm-cg": 3 EntitiesWriter:169 [] No configuration found clusterId: [00063fb0-c3eb-3105-0000-00000001c483] on date: [2026-02-11]
[2026-02-11T09:01:28.109Z] INFO Activity Executor taskQueue="hydra-billing-tasks", namespace="ncm-cg": 3 EntitiesWriter:169 [] No configuration found clusterId: [00063fb0-c3eb-3105-0000-00000001c483] on date: [2026-02-11]
[2026-02-11T09:01:28.109Z] INFO Activity Executor taskQueue="hydra-billing-tasks", namespace="ncm-cg": 3 EntitiesWriter:169 [] No configuration found clusterId: [00063fb0-c3eb-3105-0000-00000001c483] on date: [2026-02-11]
[2026-02-11T09:01:28.109Z] INFO Activity Executor taskQueue="hydra-billing-tasks", namespace="ncm-cg": 3 EntitiesWriter:169 [] No configuration found clusterId: [00063fb0-c3eb-3105-0000-00000001c483] on date: [2026-02-11]
[2026-02-11T09:01:28.109Z] INFO Activity Executor taskQueue="hydra-billing-tasks", namespace="ncm-cg": 3 EntitiesWriter:169 [] No configuration found clusterId: [00063fb0-c3eb-3105-0000-00000001c483] on date: [2026-02-11]
[2026-02-11T09:01:28.109Z] INFO Activity Executor taskQueue="hydra-billing-tasks", namespace="ncm-cg": 3 EntitiesWriter:169 [] No configuration found clusterId: [00063fb0-c3eb-3105-0000-00000001c483] on date: [2026-02-11]
[2026-02-11T09:01:28.109Z] INFO Activity Executor taskQueue="hydra-billing-tasks", namespace="ncm-cg": 3 EntitiesWriter:169 [] No configuration found clusterId: [00063fb0-c3eb-3105-0000-00000001c483] on date: [2026-02-11]
[2026-02-11T09:01:28.109Z] INFO Activity Executor taskQueue="hydra-billing-tasks", namespace="ncm-cg": 3 EntitiesWriter:169 [] No configuration found clusterId: [00063fb0-c3eb-3105-0000-00000001c483] on date: [2026-02-11]
[2026-02-11T09:01:28.109Z] INFO Activity Executor taskQueue="hydra-billing-tasks", namespace="ncm-cg": 3 EntitiesWriter:169 [] No configuration found clusterId: [00063fb0-c3eb-3105-0000-00000001c483] on date: [2026-02-11]
[2026-02-11T09:01:28.109Z] INFO Activity Executor taskQueue="hydra-billing-tasks", namespace="ncm-cg": 3 EntitiesWriter:169 [] No configuration found clusterId: [00063fb0-c3eb-3105-0000-00000001c483] on date: [2026-02-11]
[2026-02-11T09:01:28.109Z] INFO Activity Executor taskQueue="hydra-billing-tasks", namespace="ncm-cg": 3 EntitiesWriter:169 [] No configuration found clusterId: [00063fb0-c3eb-3105-0000-00000001c483] on date: [2026-02-11]
[2026-02-11T09:01:28.109Z] INFO Activity Executor taskQueue="hydra-billing-tasks", namespace="ncm-cg": 3 EntitiesWriter:169 [] No configuration found clusterId: [00063fb0-c3eb-3105-0000-00000001c483] on date: [2026-02-11]
[2026-02-11T09:01:28.109Z] INFO Activity Executor taskQueue="hydra-billing-tasks", namespace="ncm-cg": 3 EntitiesWriter:169 [] No configuration found clusterId: [00063fb0-c3eb-3105-0000-00000001c483] on date: [2026-02-11]
[2026-02-11T09:01:28.109Z] INFO Activity Executor taskQueue="hydra-billing-tasks", namespace="ncm-cg": 3 EntitiesWriter:169 [] No configuration found clusterId: [00063fb0-c3eb-3105-0000-00000001c483] on date: [2026-02-11]
[2026-02-11T09:01:28.110Z] INFO Activity Executor taskQueue="hydra-billing-tasks", namespace="ncm-cg": 3 EntitiesWriter:169 [] No configuration found clusterId: [00063fb0-c3eb-3105-0000-00000001c483] on date: [2026-02-11]
[2026-02-11T09:01:28.110Z] INFO Activity Executor taskQueue="hydra-billing-tasks", namespace="ncm-cg": 3 EntitiesWriter:169 [] No configuration found clusterId: [00063fb0-c3eb-3105-0000-00000001c483] on date: [2026-02-11]
[2026-02-11T09:01:28.110Z] INFO Activity Executor taskQueue="hydra-billing-tasks", namespace="ncm-cg": 3 EntitiesWriter:169 [] No configuration found clusterId: [00063fb0-c3eb-3105-0000-00000001c483] on date: [2026-02-11]
[2026-02-11T09:01:28.110Z] INFO Activity Executor taskQueue="hydra-billing-tasks", namespace="ncm-cg": 3 EntitiesWriter:169 [] No configuration found clusterId: [00063fb0-c3eb-3105-0000-00000001c483] on date: [2026-02-11]
[2026-02-11T09:01:28.110Z] INFO Activity Executor taskQueue="hydra-billing-tasks", namespace="ncm-cg": 3 EntitiesWriter:169 [] No configuration found clusterId: [00063fb0-c3eb-3105-0000-00000001c483] on date: [2026-02-11]
[2026-02-11T09:01:28.110Z] INFO Activity Executor taskQueue="hydra-billing-tasks", namespace="ncm-cg": 3 EntitiesWriter:169 [] No configuration found clusterId: [00063fb0-c3eb-3105-0000-00000001c483] on date: [2026-02-11]
[2026-02-11T09:01:28.110Z] INFO Activity Executor taskQueue="hydra-billing-tasks", namespace="ncm-cg": 3 EntitiesWriter:169 [] No configuration found clusterId: [00063fb0-c3eb-3105-0000-00000001c483] on date: [2026-02-11]
[2026-02-11T09:01:28.110Z] INFO Activity Executor taskQueue="hydra-billing-tasks", namespace="ncm-cg": 3 EntitiesWriter:169 [] No configuration found clusterId: [00063fb0-c3eb-3105-0000-00000001c483] on date: [2026-02-11]
[2026-02-11T09:01:28.110Z] INFO Activity Executor taskQueue="hydra-billing-tasks", namespace="ncm-cg": 3 EntitiesWriter:169 [] No configuration found clusterId: [00063fb0-c3eb-3105-0000-00000001c483] on date: [2026-02-11]
[2026-02-11T09:01:28.110Z] INFO Activity Executor taskQueue="hydra-billing-tasks", namespace="ncm-cg": 3 EntitiesWriter:169 [] No configuration found clusterId: [00063fb0-c3eb-3105-0000-00000001c483] on date: [2026-02-11]
[2026-02-11T09:01:28.110Z] INFO Activity Executor taskQueue="hydra-billing-tasks", namespace="ncm-cg": 3 EntitiesWriter:169 [] No configuration found clusterId: [00063fb0-c3eb-3105-0000-00000001c483] on date: [2026-02-11]
[2026-02-11T09:01:28.110Z] INFO Activity Executor taskQueue="hydra-billing-tasks", namespace="ncm-cg": 3 EntitiesWriter:169 [] No configuration found clusterId: [00063fb0-c3eb-3105-0000-00000001c483] on date: [2026-02-11]
[2026-02-11T09:01:28.110Z] INFO Activity Executor taskQueue="hydra-billing-tasks", namespace="ncm-cg": 3 EntitiesWriter:169 [] No configuration found clusterId: [00063fb0-c3eb-3105-0000-00000001c483] on date: [2026-02-11]
[2026-02-11T09:01:28.111Z] INFO Activity Executor taskQueue="hydra-billing-tasks", namespace="ncm-cg": 3 EntitiesWriter:169 [] No configuration found clusterId: [00063fb0-c3eb-3105-0000-00000001c483] on date: [2026-02-11]
[2026-02-11T09:01:28.111Z] INFO Activity Executor taskQueue="hydra-billing-tasks", namespace="ncm-cg": 3 EntitiesWriter:169 [] No configuration found clusterId: [00063fb0-c3eb-3105-0000-00000001c483] on date: [2026-02-11]
[2026-02-11T09:01:28.111Z] INFO Activity Executor taskQueue="hydra-billing-tasks", namespace="ncm-cg": 3 EntitiesWriter:169 [] No configuration found clusterId: [00063fb0-c3eb-3105-0000-00000001c483] on date: [2026-02-11]
[2026-02-11T09:01:28.111Z] INFO Activity Executor taskQueue="hydra-billing-tasks", namespace="ncm-cg": 3 EntitiesWriter:169 [] No configuration found clusterId: [00063fb0-c3eb-3105-0000-00000001c483] on date: [2026-02-11]
[2026-02-11T09:01:28.111Z] INFO Activity Executor taskQueue="hydra-billing-tasks", namespace="ncm-cg": 3 EntitiesWriter:169 [] No configuration found clusterId: [00063fb0-c3eb-3105-0000-00000001c483] on date: [2026-02-11]
[2026-02-11T09:01:28.111Z] INFO Activity Executor taskQueue="hydra-billing-tasks", namespace="ncm-cg": 3 EntitiesWriter:169 [] No configuration found clusterId: [00063fb0-c3eb-3105-0000-00000001c483] on date: [2026-02-11]
[2026-02-11T09:01:28.111Z] INFO Activity Executor taskQueue="hydra-billing-tasks", namespace="ncm-cg": 3 EntitiesWriter:169 [] No configuration found clusterId: [00063fb0-c3eb-3105-0000-00000001c483] on date: [2026-02-11]
[2026-02-11T09:01:28.111Z] INFO Activity Executor taskQueue="hydra-billing-tasks", namespace="ncm-cg": 3 EntitiesWriter:169 [] No configuration found clusterId: [00063fb0-c3eb-3105-0000-00000001c483] on date: [2026-02-11]
[2026-02-11T09:01:28.111Z] INFO Activity Executor taskQueue="hydra-billing-tasks", namespace="ncm-cg": 3 EntitiesWriter:169 [] No configuration found clusterId: [00063fb0-c3eb-3105-0000-00000001c483] on date: [2026-02-11]
[2026-02-11T09:01:28.111Z] INFO Activity Executor taskQueue="hydra-billing-tasks", namespace="ncm-cg": 3 EntitiesWriter:169 [] No configuration found clusterId: [00063fb0-c3eb-3105-0000-00000001c483] on date: [2026-02-11]
[2026-02-11T09:01:28.111Z] INFO Activity Executor taskQueue="hydra-billing-tasks", namespace="ncm-cg": 3 EntitiesWriter:169 [] No configuration found clusterId: [00063fb0-c3eb-3105-0000-00000001c483] on date: [2026-02-11]
[2026-02-11T09:01:28.111Z] INFO Activity Executor taskQueue="hydra-billing-tasks", namespace="ncm-cg": 3 EntitiesWriter:169 [] No configuration found clusterId: [00063fb0-c3eb-3105-0000-00000001c483] on date: [2026-02-11]
[2026-02-11T09:01:28.111Z] INFO Activity Executor taskQueue="hydra-billing-tasks", namespace="ncm-cg": 3 EntitiesWriter:169 [] No configuration found clusterId: [00063fb0-c3eb-3105-0000-00000001c483] on date: [2026-02-11]
[2026-02-11T09:01:28.111Z] INFO Activity Executor taskQueue="hydra-billing-tasks", namespace="ncm-cg": 3 EntitiesWriter:169 [] No configuration found clusterId: [00063fb0-c3eb-3105-0000-00000001c483] on date: [2026-02-11]
[2026-02-11T09:01:28.112Z] INFO Activity Executor taskQueue="hydra-billing-tasks", namespace="ncm-cg": 3 EntitiesWriter:169 [] No configuration found clusterId: [00063fb0-c3eb-3105-0000-00000001c483] on date: [2026-02-11]
[2026-02-11T09:01:28.112Z] INFO Activity Executor taskQueue="hydra-billing-tasks", namespace="ncm-cg": 3 EntitiesWriter:169 [] No configuration found clusterId: [00063fb0-c3eb-3105-0000-00000001c483] on date: [2026-02-11]
[2026-02-11T09:01:28.112Z] INFO Activity Executor taskQueue="hydra-billing-tasks", namespace="ncm-cg": 3 EntitiesWriter:169 [] No configuration found clusterId: [00063fb0-c3eb-3105-0000-00000001c483] on date: [2026-02-11]
[2026-02-11T09:01:28.112Z] INFO Activity Executor taskQueue="hydra-billing-tasks", namespace="ncm-cg": 3 EntitiesWriter:169 [] No configuration found clusterId: [00063fb0-c3eb-3105-0000-00000001c483] on date: [2026-02-11]
[2026-02-11T09:01:28.112Z] INFO Activity Executor taskQueue="hydra-billing-tasks", namespace="ncm-cg": 3 EntitiesWriter:169 [] No configuration found clusterId: [00063fb0-c3eb-3105-0000-00000001c483] on date: [2026-02-11]
[2026-02-11T09:01:28.112Z] INFO Activity Executor taskQueue="hydra-billing-tasks", namespace="ncm-cg": 3 EntitiesWriter:169 [] No configuration found clusterId: [00063fb0-c3eb-3105-0000-00000001c483] on date: [2026-02-11]
[2026-02-11T09:01:28.148Z] INFO Activity Executor taskQueue="hydra-billing-tasks", namespace="ncm-cg": 3 EntitiesWriter:169 [] No configuration found clusterId: [00063fb0-c3eb-3105-0000-00000001c483] on date: [2026-02-11]
[2026-02-11T09:01:28.148Z] INFO Activity Executor taskQueue="hydra-billing-tasks", namespace="ncm-cg": 3 EntitiesWriter:169 [] No configuration found clusterId: [00063fb0-c3eb-3105-0000-00000001c483] on date: [2026-02-11]
[2026-02-11T09:01:28.149Z] INFO Activity Executor taskQueue="hydra-billing-tasks", namespace="ncm-cg": 3 EntitiesWriter:169 [] No configuration found clusterId: [00063fb0-c3eb-3105-0000-00000001c483] on date: [2026-02-11]
[2026-02-11T09:01:28.149Z] INFO Activity Executor taskQueue="hydra-billing-tasks", namespace="ncm-cg": 3 EntitiesWriter:169 [] No configuration found clusterId: [00063fb0-c3eb-3105-0000-00000001c483] on date: [2026-02-11]
[2026-02-11T09:01:28.149Z] INFO Activity Executor taskQueue="hydra-billing-tasks", namespace="ncm-cg": 3 EntitiesWriter:169 [] No configuration found clusterId: [00063fb0-c3eb-3105-0000-00000001c483] on date: [2026-02-11]
[2026-02-11T09:01:28.149Z] INFO Activity Executor taskQueue="hydra-billing-tasks", namespace="ncm-cg": 3 EntitiesWriter:169 [] No configuration found clusterId: [00063fb0-c3eb-3105-0000-00000001c483] on date: [2026-02-11]
[2026-02-11T09:01:28.150Z] INFO Activity Executor taskQueue="hydra-billing-tasks", namespace="ncm-cg": 3 EntitiesWriter:169 [] No configuration found clusterId: [00063fb0-c3eb-3105-0000-00000001c483] on date: [2026-02-11]
[2026-02-11T09:01:28.150Z] INFO Activity Executor taskQueue="hydra-billing-tasks", namespace="ncm-cg": 3 EntitiesWriter:169 [] No configuration found clusterId: [00063fb0-c3eb-3105-0000-00000001c483] on date: [2026-02-11]
[2026-02-11T09:01:28.150Z] INFO Activity Executor taskQueue="hydra-billing-tasks", namespace="ncm-cg": 3 EntitiesWriter:169 [] No configuration found clusterId: [00063fb0-c3eb-3105-0000-00000001c483] on date: [2026-02-11]
[2026-02-11T09:01:28.150Z] INFO Activity Executor taskQueue="hydra-billing-tasks", namespace="ncm-cg": 3 EntitiesWriter:169 [] No configuration found clusterId: [00063fb0-c3eb-3105-0000-00000001c483] on date: [2026-02-11]
[2026-02-11T09:01:28.150Z] INFO Activity Executor taskQueue="hydra-billing-tasks", namespace="ncm-cg": 3 EntitiesWriter:169 [] No configuration found clusterId: [00063fb0-c3eb-3105-0000-00000001c483] on date: [2026-02-11]
[2026-02-11T09:01:28.150Z] INFO Activity Executor taskQueue="hydra-billing-tasks", namespace="ncm-cg": 3 EntitiesWriter:169 [] No configuration found clusterId: [00063fb0-c3eb-3105-0000-00000001c483] on date: [2026-02-11]
[2026-02-11T09:01:28.150Z] INFO Activity Executor taskQueue="hydra-billing-tasks", namespace="ncm-cg": 3 EntitiesWriter:169 [] No configuration found clusterId: [00063fb0-c3eb-3105-0000-00000001c483] on date: [2026-02-11]
[2026-02-11T09:01:28.150Z] INFO Activity Executor taskQueue="hydra-billing-tasks", namespace="ncm-cg": 3 EntitiesWriter:169 [] No configuration found clusterId: [00063fb0-c3eb-3105-0000-00000001c483] on date: [2026-02-11]
[2026-02-11T09:01:28.150Z] INFO Activity Executor taskQueue="hydra-billing-tasks", namespace="ncm-cg": 3 EntitiesWriter:169 [] No configuration found clusterId: [00063fb0-c3eb-3105-0000-00000001c483] on date: [2026-02-11]
[2026-02-11T09:01:28.151Z] INFO Activity Executor taskQueue="hydra-billing-tasks", namespace="ncm-cg": 3 EntitiesWriter:169 [] No configuration found clusterId: [00063fb0-c3eb-3105-0000-00000001c483] on date: [2026-02-11]
[2026-02-11T09:01:28.151Z] INFO Activity Executor taskQueue="hydra-billing-tasks", namespace="ncm-cg": 3 EntitiesWriter:169 [] No configuration found clusterId: [00063fb0-c3eb-3105-0000-00000001c483] on date: [2026-02-11]
[2026-02-11T09:01:28.151Z] INFO Activity Executor taskQueue="hydra-billing-tasks", namespace="ncm-cg": 3 EntitiesWriter:169 [] No configuration found clusterId: [00063fb0-c3eb-3105-0000-00000001c483] on date: [2026-02-11]
[2026-02-11T09:01:28.151Z] INFO Activity Executor taskQueue="hydra-billing-tasks", namespace="ncm-cg": 3 EntitiesWriter:169 [] No configuration found clusterId: [00063fb0-c3eb-3105-0000-00000001c483] on date: [2026-02-11]
[2026-02-11T09:01:28.151Z] INFO Activity Executor taskQueue="hydra-billing-tasks", namespace="ncm-cg": 3 EntitiesWriter:169 [] No configuration found clusterId: [00063fb0-c3eb-3105-0000-00000001c483] on date: [2026-02-11]
[2026-02-11T09:01:28.151Z] INFO Activity Executor taskQueue="hydra-billing-tasks", namespace="ncm-cg": 3 EntitiesWriter:169 [] No configuration found clusterId: [00063fb0-c3eb-3105-0000-00000001c483] on date: [2026-02-11]
[2026-02-11T09:01:28.151Z] INFO Activity Executor taskQueue="hydra-billing-tasks", namespace="ncm-cg": 3 EntitiesWriter:169 [] No configuration found clusterId: [00063fb0-c3eb-3105-0000-00000001c483] on date: [2026-02-11]
[2026-02-11T09:01:28.151Z] INFO Activity Executor taskQueue="hydra-billing-tasks", namespace="ncm-cg": 3 EntitiesWriter:169 [] No configuration found clusterId: [00063fb0-c3eb-3105-0000-00000001c483] on date: [2026-02-11]
[2026-02-11T09:01:28.152Z] INFO Activity Executor taskQueue="hydra-billing-tasks", namespace="ncm-cg": 3 EntitiesWriter:169 [] No configuration found clusterId: [00063fb0-c3eb-3105-0000-00000001c483] on date: [2026-02-11]
[2026-02-11T09:01:28.152Z] INFO Activity Executor taskQueue="hydra-billing-tasks", namespace="ncm-cg": 3 EntitiesWriter:169 [] No configuration found clusterId: [00063fb0-c3eb-3105-0000-00000001c483] on date: [2026-02-11]
[2026-02-11T09:01:28.152Z] INFO Activity Executor taskQueue="hydra-billing-tasks", namespace="ncm-cg": 3 EntitiesWriter:169 [] No configuration found clusterId: [00063fb0-c3eb-3105-0000-00000001c483] on date: [2026-02-11]
[2026-02-11T09:01:28.152Z] INFO Activity Executor taskQueue="hydra-billing-tasks", namespace="ncm-cg": 3 EntitiesWriter:169 [] No configuration found clusterId: [00063fb0-c3eb-3105-0000-00000001c483] on date: [2026-02-11]
[2026-02-11T09:01:28.152Z] INFO Activity Executor taskQueue="hydra-billing-tasks", namespace="ncm-cg": 3 EntitiesWriter:169 [] No configuration found clusterId: [00063fb0-c3eb-3105-0000-00000001c483] on date: [2026-02-11]
[2026-02-11T09:01:28.152Z] INFO Activity Executor taskQueue="hydra-billing-tasks", namespace="ncm-cg": 3 EntitiesWriter:169 [] No configuration found clusterId: [00063fb0-c3eb-3105-0000-00000001c483] on date: [2026-02-11]
[2026-02-11T09:01:28.152Z] INFO Activity Executor taskQueue="hydra-billing-tasks", namespace="ncm-cg": 3 EntitiesWriter:169 [] No configuration found clusterId: [00063fb0-c3eb-3105-0000-00000001c483] on date: [2026-02-11]
[2026-02-11T09:01:28.152Z] INFO Activity Executor taskQueue="hydra-billing-tasks", namespace="ncm-cg": 3 EntitiesWriter:169 [] No configuration found clusterId: [00063fb0-c3eb-3105-0000-00000001c483] on date: [2026-02-11]
[2026-02-11T09:01:28.152Z] INFO Activity Executor taskQueue="hydra-billing-tasks", namespace="ncm-cg": 3 EntitiesWriter:169 [] No configuration found clusterId: [00063fb0-c3eb-3105-0000-00000001c483] on date: [2026-02-11]
[2026-02-11T09:01:28.152Z] INFO Activity Executor taskQueue="hydra-billing-tasks", namespace="ncm-cg": 3 EntitiesWriter:169 [] No configuration found clusterId: [00063fb0-c3eb-3105-0000-00000001c483] on date: [2026-02-11]
[2026-02-11T09:01:28.153Z] INFO Activity Executor taskQueue="hydra-billing-tasks", namespace="ncm-cg": 3 EntitiesWriter:169 [] No configuration found clusterId: [00063fb0-c3eb-3105-0000-00000001c483] on date: [2026-02-11]
[2026-02-11T09:01:28.153Z] INFO Activity Executor taskQueue="hydra-billing-tasks", namespace="ncm-cg": 3 EntitiesWriter:169 [] No configuration found clusterId: [00063fb0-c3eb-3105-0000-00000001c483] on date: [2026-02-11]
[2026-02-11T09:01:28.153Z] INFO Activity Executor taskQueue="hydra-billing-tasks", namespace="ncm-cg": 3 EntitiesWriter:169 [] No configuration found clusterId: [00063fb0-c3eb-3105-0000-00000001c483] on date: [2026-02-11]
[2026-02-11T09:01:28.153Z] INFO Activity Executor taskQueue="hydra-billing-tasks", namespace="ncm-cg": 3 EntitiesWriter:169 [] No configuration found clusterId: [00063fb0-c3eb-3105-0000-00000001c483] on date: [2026-02-11]
[2026-02-11T09:01:28.153Z] INFO Activity Executor taskQueue="hydra-billing-tasks", namespace="ncm-cg": 3 EntitiesWriter:169 [] No configuration found clusterId: [00063fb0-c3eb-3105-0000-00000001c483] on date: [2026-02-11]
[2026-02-11T09:01:28.153Z] INFO Activity Executor taskQueue="hydra-billing-tasks", namespace="ncm-cg": 3 EntitiesWriter:169 [] No configuration found clusterId: [00063fb0-c3eb-3105-0000-00000001c483] on date: [2026-02-11]
[2026-02-11T09:01:28.153Z] INFO Activity Executor taskQueue="hydra-billing-tasks", namespace="ncm-cg": 3 EntitiesWriter:169 [] No configuration found clusterId: [00063fb0-c3eb-3105-0000-00000001c483] on date: [2026-02-11]
[2026-02-11T09:01:28.153Z] INFO Activity Executor taskQueue="hydra-billing-tasks", namespace="ncm-cg": 3 EntitiesWriter:169 [] No configuration found clusterId: [00063fb0-c3eb-3105-0000-00000001c483] on date: [2026-02-11]
[2026-02-11T09:01:28.154Z] INFO Activity Executor taskQueue="hydra-billing-tasks", namespace="ncm-cg": 3 EntitiesWriter:169 [] No configuration found clusterId: [00063fb0-c3eb-3105-0000-00000001c483] on date: [2026-02-11]
[2026-02-11T09:01:28.154Z] INFO Activity Executor taskQueue="hydra-billing-tasks", namespace="ncm-cg": 3 EntitiesWriter:169 [] No configuration found clusterId: [00063fb0-c3eb-3105-0000-00000001c483] on date: [2026-02-11]
[2026-02-11T09:01:28.154Z] INFO Activity Executor taskQueue="hydra-billing-tasks", namespace="ncm-cg": 3 EntitiesWriter:169 [] No configuration found clusterId: [00063fb0-c3eb-3105-0000-00000001c483] on date: [2026-02-11]
[2026-02-11T09:01:28.154Z] INFO Activity Executor taskQueue="hydra-billing-tasks", namespace="ncm-cg": 3 EntitiesWriter:169 [] No configuration found clusterId: [00063fb0-c3eb-3105-0000-00000001c483] on date: [2026-02-11]
[2026-02-11T09:01:28.154Z] INFO Activity Executor taskQueue="hydra-billing-tasks", namespace="ncm-cg": 3 EntitiesWriter:169 [] No configuration found clusterId: [00063fb0-c3eb-3105-0000-00000001c483] on date: [2026-02-11]
[2026-02-11T09:01:28.154Z] INFO Activity Executor taskQueue="hydra-billing-tasks", namespace="ncm-cg": 3 EntitiesWriter:169 [] No configuration found clusterId: [00063fb0-c3eb-3105-0000-00000001c483] on date: [2026-02-11]
[2026-02-11T09:01:28.154Z] INFO Activity Executor taskQueue="hydra-billing-tasks", namespace="ncm-cg": 3 EntitiesWriter:169 [] No configuration found clusterId: [00063fb0-c3eb-3105-0000-00000001c483] on date: [2026-02-11]
[2026-02-11T09:01:28.154Z] INFO Activity Executor taskQueue="hydra-billing-tasks", namespace="ncm-cg": 3 EntitiesWriter:169 [] No configuration found clusterId: [00063fb0-c3eb-3105-0000-00000001c483] on date: [2026-02-11]
[2026-02-11T09:01:28.154Z] INFO Activity Executor taskQueue="hydra-billing-tasks", namespace="ncm-cg": 3 EntitiesWriter:169 [] No configuration found clusterId: [00063fb0-c3eb-3105-0000-00000001c483] on date: [2026-02-11]
[2026-02-11T09:01:28.155Z] INFO Activity Executor taskQueue="hydra-billing-tasks", namespace="ncm-cg": 3 EntitiesWriter:169 [] No configuration found clusterId: [00063fb0-c3eb-3105-0000-00000001c483] on date: [2026-02-11]
[2026-02-11T09:01:28.155Z] INFO Activity Executor taskQueue="hydra-billing-tasks", namespace="ncm-cg": 3 EntitiesWriter:169 [] No configuration found clusterId: [00063fb0-c3eb-3105-0000-00000001c483] on date: [2026-02-11]
[2026-02-11T09:01:28.155Z] INFO Activity Executor taskQueue="hydra-billing-tasks", namespace="ncm-cg": 3 EntitiesWriter:169 [] No configuration found clusterId: [00063fb0-c3eb-3105-0000-00000001c483] on date: [2026-02-11]
[2026-02-11T09:01:28.155Z] INFO Activity Executor taskQueue="hydra-billing-tasks", namespace="ncm-cg": 3 EntitiesWriter:169 [] No configuration found clusterId: [00063fb0-c3eb-3105-0000-00000001c483] on date: [2026-02-11]
[2026-02-11T09:01:28.155Z] INFO Activity Executor taskQueue="hydra-billing-tasks", namespace="ncm-cg": 3 EntitiesWriter:169 [] No configuration found clusterId: [00063fb0-c3eb-3105-0000-00000001c483] on date: [2026-02-11]
[2026-02-11T09:01:28.155Z] INFO Activity Executor taskQueue="hydra-billing-tasks", namespace="ncm-cg": 3 EntitiesWriter:169 [] No configuration found clusterId: [00063fb0-c3eb-3105-0000-00000001c483] on date: [2026-02-11]
[2026-02-11T09:01:28.155Z] INFO Activity Executor taskQueue="hydra-billing-tasks", namespace="ncm-cg": 3 EntitiesWriter:169 [] No configuration found clusterId: [00063fb0-c3eb-3105-0000-00000001c483] on date: [2026-02-11]
[2026-02-11T09:01:28.155Z] INFO Activity Executor taskQueue="hydra-billing-tasks", namespace="ncm-cg": 3 EntitiesWriter:169 [] No configuration found clusterId: [00063fb0-c3eb-3105-0000-00000001c483] on date: [2026-02-11]
[2026-02-11T09:01:28.155Z] INFO Activity Executor taskQueue="hydra-billing-tasks", namespace="ncm-cg": 3 EntitiesWriter:169 [] No configuration found clusterId: [00063fb0-c3eb-3105-0000-00000001c483] on date: [2026-02-11]
[2026-02-11T09:01:28.155Z] INFO Activity Executor taskQueue="hydra-billing-tasks", namespace="ncm-cg": 3 EntitiesWriter:169 [] No configuration found clusterId: [00063fb0-c3eb-3105-0000-00000001c483] on date: [2026-02-11]
[2026-02-11T09:01:28.156Z] INFO Activity Executor taskQueue="hydra-billing-tasks", namespace="ncm-cg": 3 EntitiesWriter:169 [] No configuration found clusterId: [00063fb0-c3eb-3105-0000-00000001c483] on date: [2026-02-11]
[2026-02-11T09:01:28.156Z] INFO Activity Executor taskQueue="hydra-billing-tasks", namespace="ncm-cg": 3 EntitiesWriter:169 [] No configuration found clusterId: [00063fb0-c3eb-3105-0000-00000001c483] on date: [2026-02-11]
[2026-02-11T09:01:28.156Z] INFO Activity Executor taskQueue="hydra-billing-tasks", namespace="ncm-cg": 3 EntitiesWriter:169 [] No configuration found clusterId: [00063fb0-c3eb-3105-0000-00000001c483] on date: [2026-02-11]
[2026-02-11T09:01:28.156Z] INFO Activity Executor taskQueue="hydra-billing-tasks", namespace="ncm-cg": 3 EntitiesWriter:169 [] No configuration found clusterId: [00063fb0-c3eb-3105-0000-00000001c483] on date: [2026-02-11]
[2026-02-11T09:01:28.156Z] INFO Activity Executor taskQueue="hydra-billing-tasks", namespace="ncm-cg": 3 EntitiesWriter:169 [] No configuration found clusterId: [00063fb0-c3eb-3105-0000-00000001c483] on date: [2026-02-11]
[2026-02-11T09:01:28.156Z] INFO Activity Executor taskQueue="hydra-billing-tasks", namespace="ncm-cg": 3 EntitiesWriter:169 [] No configuration found clusterId: [00063fb0-c3eb-3105-0000-00000001c483] on date: [2026-02-11]
[2026-02-11T09:01:28.156Z] INFO Activity Executor taskQueue="hydra-billing-tasks", namespace="ncm-cg": 3 EntitiesWriter:169 [] No configuration found clusterId: [00063fb0-c3eb-3105-0000-00000001c483] on date: [2026-02-11]
[2026-02-11T09:01:28.156Z] INFO Activity Executor taskQueue="hydra-billing-tasks", namespace="ncm-cg": 3 EntitiesWriter:169 [] No configuration found clusterId: [00063fb0-c3eb-3105-0000-00000001c483] on date: [2026-02-11]
[2026-02-11T09:01:28.156Z] INFO Activity Executor taskQueue="hydra-billing-tasks", namespace="ncm-cg": 3 EntitiesWriter:169 [] No configuration found clusterId: [00063fb0-c3eb-3105-0000-00000001c483] on date: [2026-02-11]
[2026-02-11T09:01:28.156Z] INFO Activity Executor taskQueue="hydra-billing-tasks", namespace="ncm-cg": 3 EntitiesWriter:169 [] No configuration found clusterId: [00063fb0-c3eb-3105-0000-00000001c483] on date: [2026-02-11]
[2026-02-11T09:01:28.156Z] INFO Activity Executor taskQueue="hydra-billing-tasks", namespace="ncm-cg": 3 EntitiesWriter:169 [] No configuration found clusterId: [00063fb0-c3eb-3105-0000-00000001c483] on date: [2026-02-11]
[2026-02-11T09:01:28.157Z] INFO Activity Executor taskQueue="hydra-billing-tasks", namespace="ncm-cg": 3 EntitiesWriter:169 [] No configuration found clusterId: [00063fb0-c3eb-3105-0000-00000001c483] on date: [2026-02-11]
[2026-02-11T09:01:28.157Z] INFO Activity Executor taskQueue="hydra-billing-tasks", namespace="ncm-cg": 3 EntitiesWriter:169 [] No configuration found clusterId: [00063fb0-c3eb-3105-0000-00000001c483] on date: [2026-02-11]
[2026-02-11T09:01:28.157Z] INFO Activity Executor taskQueue="hydra-billing-tasks", namespace="ncm-cg": 3 EntitiesWriter:169 [] No configuration found clusterId: [00063fb0-c3eb-3105-0000-00000001c483] on date: [2026-02-11]
[2026-02-11T09:01:28.157Z] INFO Activity Executor taskQueue="hydra-billing-tasks", namespace="ncm-cg": 3 EntitiesWriter:169 [] No configuration found clusterId: [00063fb0-c3eb-3105-0000-00000001c483] on date: [2026-02-11]
[2026-02-11T09:01:28.157Z] INFO Activity Executor taskQueue="hydra-billing-tasks", namespace="ncm-cg": 3 EntitiesWriter:169 [] No configuration found clusterId: [00063fb0-c3eb-3105-0000-00000001c483] on date: [2026-02-11]
[2026-02-11T09:01:28.157Z] INFO Activity Executor taskQueue="hydra-billing-tasks", namespace="ncm-cg": 3 EntitiesWriter:169 [] No configuration found clusterId: [00063fb0-c3eb-3105-0000-00000001c483] on date: [2026-02-11]
[2026-02-11T09:01:28.157Z] INFO Activity Executor taskQueue="hydra-billing-tasks", namespace="ncm-cg": 3 EntitiesWriter:169 [] No configuration found clusterId: [00063fb0-c3eb-3105-0000-00000001c483] on date: [2026-02-11]
[2026-02-11T09:01:28.157Z] INFO Activity Executor taskQueue="hydra-billing-tasks", namespace="ncm-cg": 3 EntitiesWriter:169 [] No configuration found clusterId: [00063fb0-c3eb-3105-0000-00000001c483] on date: [2026-02-11]
[2026-02-11T09:01:28.157Z] INFO Activity Executor taskQueue="hydra-billing-tasks", namespace="ncm-cg": 3 EntitiesWriter:169 [] No configuration found clusterId: [00063fb0-c3eb-3105-0000-00000001c483] on date: [2026-02-11]
[2026-02-11T09:01:28.157Z] INFO Activity Executor taskQueue="hydra-billing-tasks", namespace="ncm-cg": 3 EntitiesWriter:169 [] No configuration found clusterId: [00063fb0-c3eb-3105-0000-00000001c483] on date: [2026-02-11]
[2026-02-11T09:01:28.157Z] INFO Activity Executor taskQueue="hydra-billing-tasks", namespace="ncm-cg": 3 EntitiesWriter:169 [] No configuration found clusterId: [00063fb0-c3eb-3105-0000-00000001c483] on date: [2026-02-11]
[2026-02-11T09:01:28.157Z] INFO Activity Executor taskQueue="hydra-billing-tasks", namespace="ncm-cg": 3 EntitiesWriter:169 [] No configuration found clusterId: [00063fb0-c3eb-3105-0000-00000001c483] on date: [2026-02-11]
[2026-02-11T09:01:28.158Z] INFO Activity Executor taskQueue="hydra-billing-tasks", namespace="ncm-cg": 3 EntitiesWriter:169 [] No configuration found clusterId: [00063fb0-c3eb-3105-0000-00000001c483] on date: [2026-02-11]
[2026-02-11T09:01:28.158Z] INFO Activity Executor taskQueue="hydra-billing-tasks", namespace="ncm-cg": 3 EntitiesWriter:169 [] No configuration found clusterId: [00063fb0-c3eb-3105-0000-00000001c483] on date: [2026-02-11]
[2026-02-11T09:01:28.158Z] INFO Activity Executor taskQueue="hydra-billing-tasks", namespace="ncm-cg": 3 EntitiesWriter:169 [] No configuration found clusterId: [00063fb0-c3eb-3105-0000-00000001c483] on date: [2026-02-11]
[2026-02-11T09:01:28.158Z] INFO Activity Executor taskQueue="hydra-billing-tasks", namespace="ncm-cg": 3 EntitiesWriter:169 [] No configuration found clusterId: [00063fb0-c3eb-3105-0000-00000001c483] on date: [2026-02-11]
[2026-02-11T09:01:28.158Z] INFO Activity Executor taskQueue="hydra-billing-tasks", namespace="ncm-cg": 3 EntitiesWriter:169 [] No configuration found clusterId: [00063fb0-c3eb-3105-0000-00000001c483] on date: [2026-02-11]
[2026-02-11T09:01:28.158Z] INFO Activity Executor taskQueue="hydra-billing-tasks", namespace="ncm-cg": 3 EntitiesWriter:169 [] No configuration found clusterId: [00063fb0-c3eb-3105-0000-00000001c483] on date: [2026-02-11]
[2026-02-11T09:01:28.158Z] INFO Activity Executor taskQueue="hydra-billing-tasks", namespace="ncm-cg": 3 EntitiesWriter:169 [] No configuration found clusterId: [00063fb0-c3eb-3105-0000-00000001c483] on date: [2026-02-11]
[2026-02-11T09:01:28.158Z] INFO Activity Executor taskQueue="hydra-billing-tasks", namespace="ncm-cg": 3 EntitiesWriter:169 [] No configuration found clusterId: [00063fb0-c3eb-3105-0000-00000001c483] on date: [2026-02-11]
[2026-02-11T09:01:28.158Z] INFO Activity Executor taskQueue="hydra-billing-tasks", namespace="ncm-cg": 3 EntitiesWriter:169 [] No configuration found clusterId: [00063fb0-c3eb-3105-0000-00000001c483] on date: [2026-02-11]
[2026-02-11T09:01:28.158Z] INFO Activity Executor taskQueue="hydra-billing-tasks", namespace="ncm-cg": 3 EntitiesWriter:169 [] No configuration found clusterId: [00063fb0-c3eb-3105-0000-00000001c483] on date: [2026-02-11]
[2026-02-11T09:01:28.158Z] INFO Activity Executor taskQueue="hydra-billing-tasks", namespace="ncm-cg": 3 EntitiesWriter:169 [] No configuration found clusterId: [00063fb0-c3eb-3105-0000-00000001c483] on date: [2026-02-11]
[2026-02-11T09:01:28.158Z] INFO Activity Executor taskQueue="hydra-billing-tasks", namespace="ncm-cg": 3 EntitiesWriter:169 [] No configuration found clusterId: [00063fb0-c3eb-3105-0000-00000001c483] on date: [2026-02-11]
[2026-02-11T09:01:28.159Z] INFO Activity Executor taskQueue="hydra-billing-tasks", namespace="ncm-cg": 3 EntitiesWriter:169 [] No configuration found clusterId: [00063fb0-c3eb-3105-0000-00000001c483] on date: [2026-02-11]
[2026-02-11T09:01:28.159Z] INFO Activity Executor taskQueue="hydra-billing-tasks", namespace="ncm-cg": 3 EntitiesWriter:169 [] No configuration found clusterId: [00063fb0-c3eb-3105-0000-00000001c483] on date: [2026-02-11]
[2026-02-11T09:01:28.159Z] INFO Activity Executor taskQueue="hydra-billing-tasks", namespace="ncm-cg": 3 EntitiesWriter:169 [] No configuration found clusterId: [00063fb0-c3eb-3105-0000-00000001c483] on date: [2026-02-11]
[2026-02-11T09:01:28.159Z] INFO Activity Executor taskQueue="hydra-billing-tasks", namespace="ncm-cg": 3 EntitiesWriter:169 [] No configuration found clusterId: [00063fb0-c3eb-3105-0000-00000001c483] on date: [2026-02-11]
[2026-02-11T09:01:28.159Z] INFO Activity Executor taskQueue="hydra-billing-tasks", namespace="ncm-cg": 3 EntitiesWriter:169 [] No configuration found clusterId: [00063fb0-c3eb-3105-0000-00000001c483] on date: [2026-02-11]
[2026-02-11T09:01:28.159Z] INFO Activity Executor taskQueue="hydra-billing-tasks", namespace="ncm-cg": 3 EntitiesWriter:169 [] No configuration found clusterId: [00063fb0-c3eb-3105-0000-00000001c483] on date: [2026-02-11]
[2026-02-11T09:01:28.159Z] INFO Activity Executor taskQueue="hydra-billing-tasks", namespace="ncm-cg": 3 EntitiesWriter:169 [] No configuration found clusterId: [00063fb0-c3eb-3105-0000-00000001c483] on date: [2026-02-11]
[2026-02-11T09:01:28.159Z] INFO Activity Executor taskQueue="hydra-billing-tasks", namespace="ncm-cg": 3 EntitiesWriter:169 [] No configuration found clusterId: [00063fb0-c3eb-3105-0000-00000001c483] on date: [2026-02-11]
[2026-02-11T09:01:28.160Z] INFO Activity Executor taskQueue="hydra-billing-tasks", namespace="ncm-cg": 3 EntitiesWriter:169 [] No configuration found clusterId: [00063fb0-c3eb-3105-0000-00000001c483] on date: [2026-02-11]
[2026-02-11T09:01:28.160Z] INFO Activity Executor taskQueue="hydra-billing-tasks", namespace="ncm-cg": 3 EntitiesWriter:169 [] No configuration found clusterId: [00063fb0-c3eb-3105-0000-00000001c483] on date: [2026-02-11]
[2026-02-11T09:01:28.160Z] INFO Activity Executor taskQueue="hydra-billing-tasks", namespace="ncm-cg": 3 EntitiesWriter:169 [] No configuration found clusterId: [00063fb0-c3eb-3105-0000-00000001c483] on date: [2026-02-11]
[2026-02-11T09:01:28.160Z] INFO Activity Executor taskQueue="hydra-billing-tasks", namespace="ncm-cg": 3 EntitiesWriter:169 [] No configuration found clusterId: [00063fb0-c3eb-3105-0000-00000001c483] on date: [2026-02-11]
[2026-02-11T09:01:28.160Z] INFO Activity Executor taskQueue="hydra-billing-tasks", namespace="ncm-cg": 3 EntitiesWriter:169 [] No configuration found clusterId: [00063fb0-c3eb-3105-0000-00000001c483] on date: [2026-02-11]
[2026-02-11T09:01:28.160Z] INFO Activity Executor taskQueue="hydra-billing-tasks", namespace="ncm-cg": 3 EntitiesWriter:169 [] No configuration found clusterId: [00063fb0-c3eb-3105-0000-00000001c483] on date: [2026-02-11]
[2026-02-11T09:01:28.160Z] INFO Activity Executor taskQueue="hydra-billing-tasks", namespace="ncm-cg": 3 EntitiesWriter:169 [] No configuration found clusterId: [00063fb0-c3eb-3105-0000-00000001c483] on date: [2026-02-11]
[2026-02-11T09:01:28.160Z] INFO Activity Executor taskQueue="hydra-billing-tasks", namespace="ncm-cg": 3 EntitiesWriter:169 [] No configuration found clusterId: [00063fb0-c3eb-3105-0000-00000001c483] on date: [2026-02-11]
[2026-02-11T09:01:28.160Z] INFO Activity Executor taskQueue="hydra-billing-tasks", namespace="ncm-cg": 3 EntitiesWriter:169 [] No configuration found clusterId: [00063fb0-c3eb-3105-0000-00000001c483] on date: [2026-02-11]
[2026-02-11T09:01:28.160Z] INFO Activity Executor taskQueue="hydra-billing-tasks", namespace="ncm-cg": 3 EntitiesWriter:169 [] No configuration found clusterId: [00063fb0-c3eb-3105-0000-00000001c483] on date: [2026-02-11]
[2026-02-11T09:01:28.160Z] INFO Activity Executor taskQueue="hydra-billing-tasks", namespace="ncm-cg": 3 EntitiesWriter:169 [] No configuration found clusterId: [00063fb0-c3eb-3105-0000-00000001c483] on date: [2026-02-11]
[2026-02-11T09:01:28.161Z] INFO Activity Executor taskQueue="hydra-billing-tasks", namespace="ncm-cg": 3 EntitiesWriter:169 [] No configuration found clusterId: [00063fb0-c3eb-3105-0000-00000001c483] on date: [2026-02-11]
[2026-02-11T09:01:28.161Z] INFO Activity Executor taskQueue="hydra-billing-tasks", namespace="ncm-cg": 3 EntitiesWriter:169 [] No configuration found clusterId: [00063fb0-c3eb-3105-0000-00000001c483] on date: [2026-02-11]
[2026-02-11T09:01:28.161Z] INFO Activity Executor taskQueue="hydra-billing-tasks", namespace="ncm-cg": 3 EntitiesWriter:169 [] No configuration found clusterId: [00063fb0-c3eb-3105-0000-00000001c483] on date: [2026-02-11]
[2026-02-11T09:01:28.161Z] INFO Activity Executor taskQueue="hydra-billing-tasks", namespace="ncm-cg": 3 EntitiesWriter:169 [] No configuration found clusterId: [00063fb0-c3eb-3105-0000-00000001c483] on date: [2026-02-11]
[2026-02-11T09:01:28.161Z] INFO Activity Executor taskQueue="hydra-billing-tasks", namespace="ncm-cg": 3 EntitiesWriter:169 [] No configuration found clusterId: [00063fb0-c3eb-3105-0000-00000001c483] on date: [2026-02-11]
[2026-02-11T09:01:28.161Z] INFO Activity Executor taskQueue="hydra-billing-tasks", namespace="ncm-cg": 3 EntitiesWriter:169 [] No configuration found clusterId: [00063fb0-c3eb-3105-0000-00000001c483] on date: [2026-02-11]
[2026-02-11T09:01:28.161Z] INFO Activity Executor taskQueue="hydra-billing-tasks", namespace="ncm-cg": 3 EntitiesWriter:169 [] No configuration found clusterId: [00063fb0-c3eb-3105-0000-00000001c483] on date: [2026-02-11]
[2026-02-11T09:01:28.162Z] INFO Activity Executor taskQueue="hydra-billing-tasks", namespace="ncm-cg": 3 EntitiesWriter:169 [] No configuration found clusterId: [00063fb0-c3eb-3105-0000-00000001c483] on date: [2026-02-11]
[2026-02-11T09:01:28.162Z] INFO Activity Executor taskQueue="hydra-billing-tasks", namespace="ncm-cg": 3 EntitiesWriter:169 [] No configuration found clusterId: [00063fb0-c3eb-3105-0000-00000001c483] on date: [2026-02-11]
[2026-02-11T09:01:28.162Z] INFO Activity Executor taskQueue="hydra-billing-tasks", namespace="ncm-cg": 3 EntitiesWriter:169 [] No configuration found clusterId: [00063fb0-c3eb-3105-0000-00000001c483] on date: [2026-02-11]
[2026-02-11T09:01:28.162Z] INFO Activity Executor taskQueue="hydra-billing-tasks", namespace="ncm-cg": 3 EntitiesWriter:169 [] No configuration found clusterId: [00063fb0-c3eb-3105-0000-00000001c483] on date: [2026-02-11]
[2026-02-11T09:01:28.162Z] INFO Activity Executor taskQueue="hydra-billing-tasks", namespace="ncm-cg": 3 EntitiesWriter:169 [] No configuration found clusterId: [00063fb0-c3eb-3105-0000-00000001c483] on date: [2026-02-11]
[2026-02-11T09:01:28.162Z] INFO Activity Executor taskQueue="hydra-billing-tasks", namespace="ncm-cg": 3 EntitiesWriter:169 [] No configuration found clusterId: [00063fb0-c3eb-3105-0000-00000001c483] on date: [2026-02-11]
[2026-02-11T09:01:28.162Z] INFO Activity Executor taskQueue="hydra-billing-tasks", namespace="ncm-cg": 3 EntitiesWriter:169 [] No configuration found clusterId: [00063fb0-c3eb-3105-0000-00000001c483] on date: [2026-02-11]
[2026-02-11T09:01:28.162Z] INFO Activity Executor taskQueue="hydra-billing-tasks", namespace="ncm-cg": 3 EntitiesWriter:169 [] No configuration found clusterId: [00063fb0-c3eb-3105-0000-00000001c483] on date: [2026-02-11]
[2026-02-11T09:01:28.163Z] INFO Activity Executor taskQueue="hydra-billing-tasks", namespace="ncm-cg": 3 EntitiesWriter:169 [] No configuration found clusterId: [00063fb0-c3eb-3105-0000-00000001c483] on date: [2026-02-11]
[2026-02-11T09:01:28.163Z] INFO Activity Executor taskQueue="hydra-billing-tasks", namespace="ncm-cg": 3 EntitiesWriter:169 [] No configuration found clusterId: [00063fb0-c3eb-3105-0000-00000001c483] on date: [2026-02-11]
[2026-02-11T09:01:28.163Z] INFO Activity Executor taskQueue="hydra-billing-tasks", namespace="ncm-cg": 3 EntitiesWriter:169 [] No configuration found clusterId: [00063fb0-c3eb-3105-0000-00000001c483] on date: [2026-02-11]
[2026-02-11T09:01:28.163Z] INFO Activity Executor taskQueue="hydra-billing-tasks", namespace="ncm-cg": 3 EntitiesWriter:169 [] No configuration found clusterId: [00063fb0-c3eb-3105-0000-00000001c483] on date: [2026-02-11]
[2026-02-11T09:01:28.163Z] INFO Activity Executor taskQueue="hydra-billing-tasks", namespace="ncm-cg": 3 EntitiesWriter:169 [] No configuration found clusterId: [00063fb0-c3eb-3105-0000-00000001c483] on date: [2026-02-11]
[2026-02-11T09:01:28.163Z] INFO Activity Executor taskQueue="hydra-billing-tasks", namespace="ncm-cg": 3 EntitiesWriter:169 [] No configuration found clusterId: [00063fb0-c3eb-3105-0000-00000001c483] on date: [2026-02-11]
[2026-02-11T09:01:28.163Z] INFO Activity Executor taskQueue="hydra-billing-tasks", namespace="ncm-cg": 3 EntitiesWriter:169 [] No configuration found clusterId: [00063fb0-c3eb-3105-0000-00000001c483] on date: [2026-02-11]
[2026-02-11T09:01:28.163Z] INFO Activity Executor taskQueue="hydra-billing-tasks", namespace="ncm-cg": 3 EntitiesWriter:169 [] No configuration found clusterId: [00063fb0-c3eb-3105-0000-00000001c483] on date: [2026-02-11]
[2026-02-11T09:01:28.163Z] INFO Activity Executor taskQueue="hydra-billing-tasks", namespace="ncm-cg": 3 EntitiesWriter:169 [] No configuration found clusterId: [00063fb0-c3eb-3105-0000-00000001c483] on date: [2026-02-11]
[2026-02-11T09:01:28.164Z] INFO Activity Executor taskQueue="hydra-billing-tasks", namespace="ncm-cg": 3 EntitiesWriter:169 [] No configuration found clusterId: [00063fb0-c3eb-3105-0000-00000001c483] on date: [2026-02-11]
[2026-02-11T09:01:28.164Z] INFO Activity Executor taskQueue="hydra-billing-tasks", namespace="ncm-cg": 3 EntitiesWriter:169 [] No configuration found clusterId: [00063fb0-c3eb-3105-0000-00000001c483] on date: [2026-02-11]
[2026-02-11T09:01:28.164Z] INFO Activity Executor taskQueue="hydra-billing-tasks", namespace="ncm-cg": 3 EntitiesWriter:169 [] No configuration found clusterId: [00063fb0-c3eb-3105-0000-00000001c483] on date: [2026-02-11]
[2026-02-11T09:01:28.164Z] INFO Activity Executor taskQueue="hydra-billing-tasks", namespace="ncm-cg": 3 EntitiesWriter:169 [] No configuration found clusterId: [00063fb0-c3eb-3105-0000-00000001c483] on date: [2026-02-11]
[2026-02-11T09:01:28.164Z] INFO Activity Executor taskQueue="hydra-billing-tasks", namespace="ncm-cg": 3 EntitiesWriter:169 [] No configuration found clusterId: [00063fb0-c3eb-3105-0000-00000001c483] on date: [2026-02-11]
[2026-02-11T09:01:28.164Z] INFO Activity Executor taskQueue="hydra-billing-tasks", namespace="ncm-cg": 3 EntitiesWriter:169 [] No configuration found clusterId: [00063fb0-c3eb-3105-0000-00000001c483] on date: [2026-02-11]
[2026-02-11T09:01:28.164Z] INFO Activity Executor taskQueue="hydra-billing-tasks", namespace="ncm-cg": 3 EntitiesWriter:169 [] No configuration found clusterId: [00063fb0-c3eb-3105-0000-00000001c483] on date: [2026-02-11]
[2026-02-11T09:01:28.164Z] INFO Activity Executor taskQueue="hydra-billing-tasks", namespace="ncm-cg": 3 EntitiesWriter:169 [] No configuration found clusterId: [00063fb0-c3eb-3105-0000-00000001c483] on date: [2026-02-11]
[2026-02-11T09:01:28.165Z] INFO Activity Executor taskQueue="hydra-billing-tasks", namespace="ncm-cg": 3 EntitiesWriter:169 [] No configuration found clusterId: [00063fb0-c3eb-3105-0000-00000001c483] on date: [2026-02-11]
[2026-02-11T09:01:28.165Z] INFO Activity Executor taskQueue="hydra-billing-tasks", namespace="ncm-cg": 3 EntitiesWriter:169 [] No configuration found clusterId: [00063fb0-c3eb-3105-0000-00000001c483] on date: [2026-02-11]
[2026-02-11T09:01:28.165Z] INFO Activity Executor taskQueue="hydra-billing-tasks", namespace="ncm-cg": 3 EntitiesWriter:169 [] No configuration found clusterId: [00063fb0-c3eb-3105-0000-00000001c483] on date: [2026-02-11]
[2026-02-11T09:01:28.165Z] INFO Activity Executor taskQueue="hydra-billing-tasks", namespace="ncm-cg": 3 EntitiesWriter:169 [] No configuration found clusterId: [00063fb0-c3eb-3105-0000-00000001c483] on date: [2026-02-11]
[2026-02-11T09:01:28.165Z] INFO Activity Executor taskQueue="hydra-billing-tasks", namespace="ncm-cg": 3 EntitiesWriter:169 [] No configuration found clusterId: [00063fb0-c3eb-3105-0000-00000001c483] on date: [2026-02-11]
[2026-02-11T09:01:28.165Z] INFO Activity Executor taskQueue="hydra-billing-tasks", namespace="ncm-cg": 3 EntitiesWriter:169 [] No configuration found clusterId: [00063fb0-c3eb-3105-0000-00000001c483] on date: [2026-02-11]
[2026-02-11T09:01:28.165Z] INFO Activity Executor taskQueue="hydra-billing-tasks", namespace="ncm-cg": 3 EntitiesWriter:169 [] No configuration found clusterId: [00063fb0-c3eb-3105-0000-00000001c483] on date: [2026-02-11]
[2026-02-11T09:01:28.165Z] INFO Activity Executor taskQueue="hydra-billing-tasks", namespace="ncm-cg": 3 EntitiesWriter:169 [] No configuration found clusterId: [00063fb0-c3eb-3105-0000-00000001c483] on date: [2026-02-11]
[2026-02-11T09:01:28.166Z] INFO Activity Executor taskQueue="hydra-billing-tasks", namespace="ncm-cg": 3 EntitiesWriter:169 [] No configuration found clusterId: [00063fb0-c3eb-3105-0000-00000001c483] on date: [2026-02-11]
[2026-02-11T09:01:28.166Z] INFO Activity Executor taskQueue="hydra-billing-tasks", namespace="ncm-cg": 3 EntitiesWriter:169 [] No configuration found clusterId: [00063fb0-c3eb-3105-0000-00000001c483] on date: [2026-02-11]
[2026-02-11T09:01:28.166Z] INFO Activity Executor taskQueue="hydra-billing-tasks", namespace="ncm-cg": 3 EntitiesWriter:169 [] No configuration found clusterId: [00063fb0-c3eb-3105-0000-00000001c483] on date: [2026-02-11]
[2026-02-11T09:01:28.166Z] INFO Activity Executor taskQueue="hydra-billing-tasks", namespace="ncm-cg": 3 EntitiesWriter:169 [] No configuration found clusterId: [00063fb0-c3eb-3105-0000-00000001c483] on date: [2026-02-11]
[2026-02-11T09:01:28.166Z] INFO Activity Executor taskQueue="hydra-billing-tasks", namespace="ncm-cg": 3 EntitiesWriter:169 [] No configuration found clusterId: [00063fb0-c3eb-3105-0000-00000001c483] on date: [2026-02-11]
[2026-02-11T09:01:28.166Z] INFO Activity Executor taskQueue="hydra-billing-tasks", namespace="ncm-cg": 3 EntitiesWriter:169 [] No configuration found clusterId: [00063fb0-c3eb-3105-0000-00000001c483] on date: [2026-02-11]
[2026-02-11T09:01:28.166Z] INFO Activity Executor taskQueue="hydra-billing-tasks", namespace="ncm-cg": 3 EntitiesWriter:169 [] No configuration found clusterId: [00063fb0-c3eb-3105-0000-00000001c483] on date: [2026-02-11]
[2026-02-11T09:01:28.166Z] INFO Activity Executor taskQueue="hydra-billing-tasks", namespace="ncm-cg": 3 EntitiesWriter:169 [] No configuration found clusterId: [00063fb0-c3eb-3105-0000-00000001c483] on date: [2026-02-11]
[2026-02-11T09:01:28.167Z] INFO Activity Executor taskQueue="hydra-billing-tasks", namespace="ncm-cg": 3 EntitiesWriter:169 [] No configuration found clusterId: [00063fb0-c3eb-3105-0000-00000001c483] on date: [2026-02-11]
[2026-02-11T09:01:28.167Z] INFO Activity Executor taskQueue="hydra-billing-tasks", namespace="ncm-cg": 3 EntitiesWriter:169 [] No configuration found clusterId: [00063fb0-c3eb-3105-0000-00000001c483] on date: [2026-02-11]
[2026-02-11T09:01:28.167Z] INFO Activity Executor taskQueue="hydra-billing-tasks", namespace="ncm-cg": 3 EntitiesWriter:169 [] No configuration found clusterId: [00063fb0-c3eb-3105-0000-00000001c483] on date: [2026-02-11]
[2026-02-11T09:01:28.167Z] INFO Activity Executor taskQueue="hydra-billing-tasks", namespace="ncm-cg": 3 EntitiesWriter:169 [] No configuration found clusterId: [00063fb0-c3eb-3105-0000-00000001c483] on date: [2026-02-11]
[2026-02-11T09:01:28.167Z] INFO Activity Executor taskQueue="hydra-billing-tasks", namespace="ncm-cg": 3 EntitiesWriter:169 [] No configuration found clusterId: [00063fb0-c3eb-3105-0000-00000001c483] on date: [2026-02-11]
[2026-02-11T09:01:28.167Z] INFO Activity Executor taskQueue="hydra-billing-tasks", namespace="ncm-cg": 3 EntitiesWriter:169 [] No configuration found clusterId: [00063fb0-c3eb-3105-0000-00000001c483] on date: [2026-02-11]
[2026-02-11T09:01:28.167Z] INFO Activity Executor taskQueue="hydra-billing-tasks", namespace="ncm-cg": 3 EntitiesWriter:169 [] No configuration found clusterId: [00063fb0-c3eb-3105-0000-00000001c483] on date: [2026-02-11]
[2026-02-11T09:01:28.167Z] INFO Activity Executor taskQueue="hydra-billing-tasks", namespace="ncm-cg": 3 EntitiesWriter:169 [] No configuration found clusterId: [00063fb0-c3eb-3105-0000-00000001c483] on date: [2026-02-11]
[2026-02-11T09:01:28.168Z] INFO Activity Executor taskQueue="hydra-billing-tasks", namespace="ncm-cg": 3 EntitiesWriter:169 [] No configuration found clusterId: [00063fb0-c3eb-3105-0000-00000001c483] on date: [2026-02-11]
[2026-02-11T09:01:28.168Z] INFO Activity Executor taskQueue="hydra-billing-tasks", namespace="ncm-cg": 3 EntitiesWriter:169 [] No configuration found clusterId: [00063fb0-c3eb-3105-0000-00000001c483] on date: [2026-02-11]
[2026-02-11T09:01:28.168Z] INFO Activity Executor taskQueue="hydra-billing-tasks", namespace="ncm-cg": 3 EntitiesWriter:169 [] No configuration found clusterId: [00063fb0-c3eb-3105-0000-00000001c483] on date: [2026-02-11]
[2026-02-11T09:01:28.168Z] INFO Activity Executor taskQueue="hydra-billing-tasks", namespace="ncm-cg": 3 EntitiesWriter:169 [] No configuration found clusterId: [00063fb0-c3eb-3105-0000-00000001c483] on date: [2026-02-11]
[2026-02-11T09:01:28.168Z] INFO Activity Executor taskQueue="hydra-billing-tasks", namespace="ncm-cg": 3 EntitiesWriter:169 [] No configuration found clusterId: [00063fb0-c3eb-3105-0000-00000001c483] on date: [2026-02-11]
[2026-02-11T09:01:28.168Z] INFO Activity Executor taskQueue="hydra-billing-tasks", namespace="ncm-cg": 3 EntitiesWriter:169 [] No configuration found clusterId: [00063fb0-c3eb-3105-0000-00000001c483] on date: [2026-02-11]
[2026-02-11T09:01:28.168Z] INFO Activity Executor taskQueue="hydra-billing-tasks", namespace="ncm-cg": 3 EntitiesWriter:169 [] No configuration found clusterId: [00063fb0-c3eb-3105-0000-00000001c483] on date: [2026-02-11]
[2026-02-11T09:01:28.168Z] INFO Activity Executor taskQueue="hydra-billing-tasks", namespace="ncm-cg": 3 EntitiesWriter:169 [] No configuration found clusterId: [00063fb0-c3eb-3105-0000-00000001c483] on date: [2026-02-11]
[2026-02-11T09:01:28.168Z] INFO Activity Executor taskQueue="hydra-billing-tasks", namespace="ncm-cg": 3 EntitiesWriter:169 [] No configuration found clusterId: [00063fb0-c3eb-3105-0000-00000001c483] on date: [2026-02-11]
[2026-02-11T09:01:28.168Z] INFO Activity Executor taskQueue="hydra-billing-tasks", namespace="ncm-cg": 3 EntitiesWriter:169 [] No configuration found clusterId: [00063fb0-c3eb-3105-0000-00000001c483] on date: [2026-02-11]
[2026-02-11T09:01:28.168Z] INFO Activity Executor taskQueue="hydra-billing-tasks", namespace="ncm-cg": 3 EntitiesWriter:169 [] No configuration found clusterId: [00063fb0-c3eb-3105-0000-00000001c483] on date: [2026-02-11]
[2026-02-11T09:01:28.168Z] INFO Activity Executor taskQueue="hydra-billing-tasks", namespace="ncm-cg": 3 EntitiesWriter:169 [] No configuration found clusterId: [00063fb0-c3eb-3105-0000-00000001c483] on date: [2026-02-11]
[2026-02-11T09:01:28.169Z] INFO Activity Executor taskQueue="hydra-billing-tasks", namespace="ncm-cg": 3 EntitiesWriter:169 [] No configuration found clusterId: [00063fb0-c3eb-3105-0000-00000001c483] on date: [2026-02-11]
[2026-02-11T09:01:28.169Z] INFO Activity Executor taskQueue="hydra-billing-tasks", namespace="ncm-cg": 3 EntitiesWriter:169 [] No configuration found clusterId: [00063fb0-c3eb-3105-0000-00000001c483] on date: [2026-02-11]
[2026-02-11T09:01:28.169Z] INFO Activity Executor taskQueue="hydra-billing-tasks", namespace="ncm-cg": 3 EntitiesWriter:169 [] No configuration found clusterId: [00063fb0-c3eb-3105-0000-00000001c483] on date: [2026-02-11]
[2026-02-11T09:01:28.169Z] INFO Activity Executor taskQueue="hydra-billing-tasks", namespace="ncm-cg": 3 EntitiesWriter:169 [] No configuration found clusterId: [00063fb0-c3eb-3105-0000-00000001c483] on date: [2026-02-11]
[2026-02-11T09:01:28.169Z] INFO Activity Executor taskQueue="hydra-billing-tasks", namespace="ncm-cg": 3 EntitiesWriter:169 [] No configuration found clusterId: [00063fb0-c3eb-3105-0000-00000001c483] on date: [2026-02-11]
[2026-02-11T09:01:28.169Z] INFO Activity Executor taskQueue="hydra-billing-tasks", namespace="ncm-cg": 3 EntitiesWriter:169 [] No configuration found clusterId: [00063fb0-c3eb-3105-0000-00000001c483] on date: [2026-02-11]
[2026-02-11T09:01:28.169Z] INFO Activity Executor taskQueue="hydra-billing-tasks", namespace="ncm-cg": 3 EntitiesWriter:169 [] No configuration found clusterId: [00063fb0-c3eb-3105-0000-00000001c483] on date: [2026-02-11]
[2026-02-11T09:01:28.169Z] INFO Activity Executor taskQueue="hydra-billing-tasks", namespace="ncm-cg": 3 EntitiesWriter:169 [] No configuration found clusterId: [00063fb0-c3eb-3105-0000-00000001c483] on date: [2026-02-11]
[2026-02-11T09:01:28.169Z] INFO Activity Executor taskQueue="hydra-billing-tasks", namespace="ncm-cg": 3 EntitiesWriter:169 [] No configuration found clusterId: [00063fb0-c3eb-3105-0000-00000001c483] on date: [2026-02-11]
[2026-02-11T09:01:28.169Z] INFO Activity Executor taskQueue="hydra-billing-tasks", namespace="ncm-cg": 3 EntitiesWriter:169 [] No configuration found clusterId: [00063fb0-c3eb-3105-0000-00000001c483] on date: [2026-02-11]
[2026-02-11T09:01:28.169Z] INFO Activity Executor taskQueue="hydra-billing-tasks", namespace="ncm-cg": 3 EntitiesWriter:169 [] No configuration found clusterId: [00063fb0-c3eb-3105-0000-00000001c483] on date: [2026-02-11]
[2026-02-11T09:01:28.169Z] INFO Activity Executor taskQueue="hydra-billing-tasks", namespace="ncm-cg": 3 EntitiesWriter:169 [] No configuration found clusterId: [00063fb0-c3eb-3105-0000-00000001c483] on date: [2026-02-11]
[2026-02-11T09:01:28.169Z] INFO Activity Executor taskQueue="hydra-billing-tasks", namespace="ncm-cg": 3 EntitiesWriter:169 [] No configuration found clusterId: [00063fb0-c3eb-3105-0000-00000001c483] on date: [2026-02-11]
[2026-02-11T09:01:28.169Z] INFO Activity Executor taskQueue="hydra-billing-tasks", namespace="ncm-cg": 3 EntitiesWriter:169 [] No configuration found clusterId: [00063fb0-c3eb-3105-0000-00000001c483] on date: [2026-02-11]
[2026-02-11T09:01:28.169Z] INFO Activity Executor taskQueue="hydra-billing-tasks", namespace="ncm-cg": 3 EntitiesWriter:169 [] No configuration found clusterId: [00063fb0-c3eb-3105-0000-00000001c483] on date: [2026-02-11]
[2026-02-11T09:01:28.169Z] INFO Activity Executor taskQueue="hydra-billing-tasks", namespace="ncm-cg": 3 EntitiesWriter:169 [] No configuration found clusterId: [00063fb0-c3eb-3105-0000-00000001c483] on date: [2026-02-11]
[2026-02-11T09:01:28.170Z] INFO Activity Executor taskQueue="hydra-billing-tasks", namespace="ncm-cg": 3 EntitiesWriter:169 [] No configuration found clusterId: [00063fb0-c3eb-3105-0000-00000001c483] on date: [2026-02-11]
[2026-02-11T09:01:28.170Z] INFO Activity Executor taskQueue="hydra-billing-tasks", namespace="ncm-cg": 3 EntitiesWriter:169 [] No configuration found clusterId: [00063fb0-c3eb-3105-0000-00000001c483] on date: [2026-02-11]
[2026-02-11T09:01:28.170Z] INFO Activity Executor taskQueue="hydra-billing-tasks", namespace="ncm-cg": 3 EntitiesWriter:169 [] No configuration found clusterId: [00063fb0-c3eb-3105-0000-00000001c483] on date: [2026-02-11]
[2026-02-11T09:01:28.170Z] INFO Activity Executor taskQueue="hydra-billing-tasks", namespace="ncm-cg": 3 EntitiesWriter:169 [] No configuration found clusterId: [00063fb0-c3eb-3105-0000-00000001c483] on date: [2026-02-11]
[2026-02-11T09:01:28.170Z] INFO Activity Executor taskQueue="hydra-billing-tasks", namespace="ncm-cg": 3 EntitiesWriter:169 [] No configuration found clusterId: [00063fb0-c3eb-3105-0000-00000001c483] on date: [2026-02-11]
[2026-02-11T09:01:28.170Z] INFO Activity Executor taskQueue="hydra-billing-tasks", namespace="ncm-cg": 3 EntitiesWriter:169 [] No configuration found clusterId: [00063fb0-c3eb-3105-0000-00000001c483] on date: [2026-02-11]
[2026-02-11T09:01:28.170Z] INFO Activity Executor taskQueue="hydra-billing-tasks", namespace="ncm-cg": 3 EntitiesWriter:169 [] No configuration found clusterId: [00063fb0-c3eb-3105-0000-00000001c483] on date: [2026-02-11]
[2026-02-11T09:01:28.170Z] INFO Activity Executor taskQueue="hydra-billing-tasks", namespace="ncm-cg": 3 EntitiesWriter:169 [] No configuration found clusterId: [00063fb0-c3eb-3105-0000-00000001c483] on date: [2026-02-11]
[2026-02-11T09:01:28.170Z] INFO Activity Executor taskQueue="hydra-billing-tasks", namespace="ncm-cg": 3 EntitiesWriter:169 [] No configuration found clusterId: [00063fb0-c3eb-3105-0000-00000001c483] on date: [2026-02-11]
[2026-02-11T09:01:28.170Z] INFO Activity Executor taskQueue="hydra-billing-tasks", namespace="ncm-cg": 3 EntitiesWriter:169 [] No configuration found clusterId: [00063fb0-c3eb-3105-0000-00000001c483] on date: [2026-02-11]
[2026-02-11T09:01:28.170Z] INFO Activity Executor taskQueue="hydra-billing-tasks", namespace="ncm-cg": 3 EntitiesWriter:169 [] No configuration found clusterId: [00063fb0-c3eb-3105-0000-00000001c483] on date: [2026-02-11]
[2026-02-11T09:01:28.170Z] INFO Activity Executor taskQueue="hydra-billing-tasks", namespace="ncm-cg": 3 EntitiesWriter:169 [] No configuration found clusterId: [00063fb0-c3eb-3105-0000-00000001c483] on date: [2026-02-11]
[2026-02-11T09:01:28.170Z] INFO Activity Executor taskQueue="hydra-billing-tasks", namespace="ncm-cg": 3 EntitiesWriter:169 [] No configuration found clusterId: [00063fb0-c3eb-3105-0000-00000001c483] on date: [2026-02-11]
[2026-02-11T09:01:28.170Z] INFO Activity Executor taskQueue="hydra-billing-tasks", namespace="ncm-cg": 3 EntitiesWriter:169 [] No configuration found clusterId: [00063fb0-c3eb-3105-0000-00000001c483] on date: [2026-02-11]
[2026-02-11T09:01:28.170Z] INFO Activity Executor taskQueue="hydra-billing-tasks", namespace="ncm-cg": 3 EntitiesWriter:169 [] No configuration found clusterId: [00063fb0-c3eb-3105-0000-00000001c483] on date: [2026-02-11]
[2026-02-11T09:01:28.170Z] INFO Activity Executor taskQueue="hydra-billing-tasks", namespace="ncm-cg": 3 EntitiesWriter:169 [] No configuration found clusterId: [00063fb0-c3eb-3105-0000-00000001c483] on date: [2026-02-11]
[2026-02-11T09:01:28.170Z] INFO Activity Executor taskQueue="hydra-billing-tasks", namespace="ncm-cg": 3 EntitiesWriter:169 [] No configuration found clusterId: [00063fb0-c3eb-3105-0000-00000001c483] on date: [2026-02-11]
[2026-02-11T09:01:28.170Z] INFO Activity Executor taskQueue="hydra-billing-tasks", namespace="ncm-cg": 3 EntitiesWriter:169 [] No configuration found clusterId: [00063fb0-c3eb-3105-0000-00000001c483] on date: [2026-02-11]
[2026-02-11T09:01:28.171Z] INFO Activity Executor taskQueue="hydra-billing-tasks", namespace="ncm-cg": 3 EntitiesWriter:169 [] No configuration found clusterId: [00063fb0-c3eb-3105-0000-00000001c483] on date: [2026-02-11]
[2026-02-11T09:01:28.171Z] INFO Activity Executor taskQueue="hydra-billing-tasks", namespace="ncm-cg": 3 EntitiesWriter:169 [] No configuration found clusterId: [00063fb0-c3eb-3105-0000-00000001c483] on date: [2026-02-11]
[2026-02-11T09:01:28.171Z] INFO Activity Executor taskQueue="hydra-billing-tasks", namespace="ncm-cg": 3 EntitiesWriter:169 [] No configuration found clusterId: [00063fb0-c3eb-3105-0000-00000001c483] on date: [2026-02-11]
[2026-02-11T09:01:28.171Z] INFO Activity Executor taskQueue="hydra-billing-tasks", namespace="ncm-cg": 3 EntitiesWriter:169 [] No configuration found clusterId: [00063fb0-c3eb-3105-0000-00000001c483] on date: [2026-02-11]
[2026-02-11T09:01:28.171Z] INFO Activity Executor taskQueue="hydra-billing-tasks", namespace="ncm-cg": 3 EntitiesWriter:169 [] No configuration found clusterId: [00063fb0-c3eb-3105-0000-00000001c483] on date: [2026-02-11]
[2026-02-11T09:01:28.171Z] INFO Activity Executor taskQueue="hydra-billing-tasks", namespace="ncm-cg": 3 EntitiesWriter:169 [] No configuration found clusterId: [00063fb0-c3eb-3105-0000-00000001c483] on date: [2026-02-11]
[2026-02-11T09:01:28.171Z] INFO Activity Executor taskQueue="hydra-billing-tasks", namespace="ncm-cg": 3 EntitiesWriter:169 [] No configuration found clusterId: [00063fb0-c3eb-3105-0000-00000001c483] on date: [2026-02-11]
[2026-02-11T09:01:28.171Z] INFO Activity Executor taskQueue="hydra-billing-tasks", namespace="ncm-cg": 3 EntitiesWriter:169 [] No configuration found clusterId: [00063fb0-c3eb-3105-0000-00000001c483] on date: [2026-02-11]
[2026-02-11T09:01:28.171Z] INFO Activity Executor taskQueue="hydra-billing-tasks", namespace="ncm-cg": 3 EntitiesWriter:169 [] No configuration found clusterId: [00063fb0-c3eb-3105-0000-00000001c483] on date: [2026-02-11]
[2026-02-11T09:01:28.171Z] INFO Activity Executor taskQueue="hydra-billing-tasks", namespace="ncm-cg": 3 EntitiesWriter:169 [] No configuration found clusterId: [00063fb0-c3eb-3105-0000-00000001c483] on date: [2026-02-11]
[2026-02-11T09:01:28.171Z] INFO Activity Executor taskQueue="hydra-billing-tasks", namespace="ncm-cg": 3 EntitiesWriter:169 [] No configuration found clusterId: [00063fb0-c3eb-3105-0000-00000001c483] on date: [2026-02-11]
[2026-02-11T09:01:28.171Z] INFO Activity Executor taskQueue="hydra-billing-tasks", namespace="ncm-cg": 3 EntitiesWriter:169 [] No configuration found clusterId: [00063fb0-c3eb-3105-0000-00000001c483] on date: [2026-02-11]
[2026-02-11T09:01:28.171Z] INFO Activity Executor taskQueue="hydra-billing-tasks", namespace="ncm-cg": 3 EntitiesWriter:169 [] No configuration found clusterId: [00063fb0-c3eb-3105-0000-00000001c483] on date: [2026-02-11]
[2026-02-11T09:01:28.171Z] INFO Activity Executor taskQueue="hydra-billing-tasks", namespace="ncm-cg": 3 EntitiesWriter:169 [] No configuration found clusterId: [00063fb0-c3eb-3105-0000-00000001c483] on date: [2026-02-11]
[2026-02-11T09:01:28.171Z] INFO Activity Executor taskQueue="hydra-billing-tasks", namespace="ncm-cg": 3 EntitiesWriter:169 [] No configuration found clusterId: [00063fb0-c3eb-3105-0000-00000001c483] on date: [2026-02-11]
[2026-02-11T09:01:28.171Z] INFO Activity Executor taskQueue="hydra-billing-tasks", namespace="ncm-cg": 3 EntitiesWriter:169 [] No configuration found clusterId: [00063fb0-c3eb-3105-0000-00000001c483] on date: [2026-02-11]
[2026-02-11T09:01:28.172Z] INFO Activity Executor taskQueue="hydra-billing-tasks", namespace="ncm-cg": 3 EntitiesWriter:169 [] No configuration found clusterId: [00063fb0-c3eb-3105-0000-00000001c483] on date: [2026-02-11]
[2026-02-11T09:01:28.172Z] INFO Activity Executor taskQueue="hydra-billing-tasks", namespace="ncm-cg": 3 EntitiesWriter:169 [] No configuration found clusterId: [00063fb0-c3eb-3105-0000-00000001c483] on date: [2026-02-11]
[2026-02-11T09:01:28.172Z] INFO Activity Executor taskQueue="hydra-billing-tasks", namespace="ncm-cg": 3 EntitiesWriter:169 [] No configuration found clusterId: [00063fb0-c3eb-3105-0000-00000001c483] on date: [2026-02-11]
[2026-02-11T09:01:28.172Z] INFO Activity Executor taskQueue="hydra-billing-tasks", namespace="ncm-cg": 3 EntitiesWriter:169 [] No configuration found clusterId: [00063fb0-c3eb-3105-0000-00000001c483] on date: [2026-02-11]
[2026-02-11T09:01:28.172Z] INFO Activity Executor taskQueue="hydra-billing-tasks", namespace="ncm-cg": 3 EntitiesWriter:169 [] No configuration found clusterId: [00063fb0-c3eb-3105-0000-00000001c483] on date: [2026-02-11]
[2026-02-11T09:01:28.172Z] INFO Activity Executor taskQueue="hydra-billing-tasks", namespace="ncm-cg": 3 EntitiesWriter:169 [] No configuration found clusterId: [00063fb0-c3eb-3105-0000-00000001c483] on date: [2026-02-11]
[2026-02-11T09:01:28.172Z] INFO Activity Executor taskQueue="hydra-billing-tasks", namespace="ncm-cg": 3 EntitiesWriter:169 [] No configuration found clusterId: [00063fb0-c3eb-3105-0000-00000001c483] on date: [2026-02-11]
[2026-02-11T09:01:28.172Z] INFO Activity Executor taskQueue="hydra-billing-tasks", namespace="ncm-cg": 3 EntitiesWriter:169 [] No configuration found clusterId: [00063fb0-c3eb-3105-0000-00000001c483] on date: [2026-02-11]
[2026-02-11T09:01:28.172Z] INFO Activity Executor taskQueue="hydra-billing-tasks", namespace="ncm-cg": 3 EntitiesWriter:169 [] No configuration found clusterId: [00063fb0-c3eb-3105-0000-00000001c483] on date: [2026-02-11]
[2026-02-11T09:01:28.172Z] INFO Activity Executor taskQueue="hydra-billing-tasks", namespace="ncm-cg": 3 EntitiesWriter:169 [] No configuration found clusterId: [00063fb0-c3eb-3105-0000-00000001c483] on date: [2026-02-11]
[2026-02-11T09:01:28.172Z] INFO Activity Executor taskQueue="hydra-billing-tasks", namespace="ncm-cg": 3 EntitiesWriter:169 [] No configuration found clusterId: [00063fb0-c3eb-3105-0000-00000001c483] on date: [2026-02-11]
[2026-02-11T09:01:28.172Z] INFO Activity Executor taskQueue="hydra-billing-tasks", namespace="ncm-cg": 3 EntitiesWriter:169 [] No configuration found clusterId: [00063fb0-c3eb-3105-0000-00000001c483] on date: [2026-02-11]
[2026-02-11T09:01:28.172Z] INFO Activity Executor taskQueue="hydra-billing-tasks", namespace="ncm-cg": 3 EntitiesWriter:169 [] No configuration found clusterId: [00063fb0-c3eb-3105-0000-00000001c483] on date: [2026-02-11]
[2026-02-11T09:01:28.172Z] INFO Activity Executor taskQueue="hydra-billing-tasks", namespace="ncm-cg": 3 EntitiesWriter:169 [] No configuration found clusterId: [00063fb0-c3eb-3105-0000-00000001c483] on date: [2026-02-11]
[2026-02-11T09:01:28.172Z] INFO Activity Executor taskQueue="hydra-billing-tasks", namespace="ncm-cg": 3 EntitiesWriter:169 [] No configuration found clusterId: [00063fb0-c3eb-3105-0000-00000001c483] on date: [2026-02-11]
[2026-02-11T09:01:28.172Z] INFO Activity Executor taskQueue="hydra-billing-tasks", namespace="ncm-cg": 3 EntitiesWriter:169 [] No configuration found clusterId: [00063fb0-c3eb-3105-0000-00000001c483] on date: [2026-02-11]
[2026-02-11T09:01:28.172Z] INFO Activity Executor taskQueue="hydra-billing-tasks", namespace="ncm-cg": 3 EntitiesWriter:169 [] No configuration found clusterId: [00063fb0-c3eb-3105-0000-00000001c483] on date: [2026-02-11]
[2026-02-11T09:01:28.172Z] INFO Activity Executor taskQueue="hydra-billing-tasks", namespace="ncm-cg": 3 EntitiesWriter:169 [] No configuration found clusterId: [00063fb0-c3eb-3105-0000-00000001c483] on date: [2026-02-11]
[2026-02-11T09:01:28.173Z] INFO Activity Executor taskQueue="hydra-billing-tasks", namespace="ncm-cg": 3 EntitiesWriter:169 [] No configuration found clusterId: [00063fb0-c3eb-3105-0000-00000001c483] on date: [2026-02-11]
[2026-02-11T09:01:28.173Z] INFO Activity Executor taskQueue="hydra-billing-tasks", namespace="ncm-cg": 3 EntitiesWriter:169 [] No configuration found clusterId: [00063fb0-c3eb-3105-0000-00000001c483] on date: [2026-02-11]
[2026-02-11T09:01:28.173Z] INFO Activity Executor taskQueue="hydra-billing-tasks", namespace="ncm-cg": 3 EntitiesWriter:169 [] No configuration found clusterId: [00063fb0-c3eb-3105-0000-00000001c483] on date: [2026-02-11]
[2026-02-11T09:01:28.173Z] INFO Activity Executor taskQueue="hydra-billing-tasks", namespace="ncm-cg": 3 EntitiesWriter:169 [] No configuration found clusterId: [00063fb0-c3eb-3105-0000-00000001c483] on date: [2026-02-11]
[2026-02-11T09:01:28.173Z] INFO Activity Executor taskQueue="hydra-billing-tasks", namespace="ncm-cg": 3 EntitiesWriter:169 [] No configuration found clusterId: [00063fb0-c3eb-3105-0000-00000001c483] on date: [2026-02-11]
[2026-02-11T09:01:28.173Z] INFO Activity Executor taskQueue="hydra-billing-tasks", namespace="ncm-cg": 3 EntitiesWriter:169 [] No configuration found clusterId: [00063fb0-c3eb-3105-0000-00000001c483] on date: [2026-02-11]
[2026-02-11T09:01:28.173Z] INFO Activity Executor taskQueue="hydra-billing-tasks", namespace="ncm-cg": 3 EntitiesWriter:169 [] No configuration found clusterId: [00063fb0-c3eb-3105-0000-00000001c483] on date: [2026-02-11]
[2026-02-11T09:01:28.173Z] INFO Activity Executor taskQueue="hydra-billing-tasks", namespace="ncm-cg": 3 EntitiesWriter:169 [] No configuration found clusterId: [00063fb0-c3eb-3105-0000-00000001c483] on date: [2026-02-11]
[2026-02-11T09:01:28.173Z] INFO Activity Executor taskQueue="hydra-billing-tasks", namespace="ncm-cg": 3 EntitiesWriter:169 [] No configuration found clusterId: [00063fb0-c3eb-3105-0000-00000001c483] on date: [2026-02-11]
[2026-02-11T09:01:28.173Z] INFO Activity Executor taskQueue="hydra-billing-tasks", namespace="ncm-cg": 3 EntitiesWriter:169 [] No configuration found clusterId: [00063fb0-c3eb-3105-0000-00000001c483] on date: [2026-02-11]
[2026-02-11T09:01:28.173Z] INFO Activity Executor taskQueue="hydra-billing-tasks", namespace="ncm-cg": 3 EntitiesWriter:169 [] No configuration found clusterId: [00063fb0-c3eb-3105-0000-00000001c483] on date: [2026-02-11]
[2026-02-11T09:01:28.173Z] INFO Activity Executor taskQueue="hydra-billing-tasks", namespace="ncm-cg": 3 EntitiesWriter:169 [] No configuration found clusterId: [00063fb0-c3eb-3105-0000-00000001c483] on date: [2026-02-11]
[2026-02-11T09:01:28.173Z] INFO Activity Executor taskQueue="hydra-billing-tasks", namespace="ncm-cg": 3 EntitiesWriter:169 [] No configuration found clusterId: [00063fb0-c3eb-3105-0000-00000001c483] on date: [2026-02-11]
[2026-02-11T09:01:28.173Z] INFO Activity Executor taskQueue="hydra-billing-tasks", namespace="ncm-cg": 3 EntitiesWriter:169 [] No configuration found clusterId: [00063fb0-c3eb-3105-0000-00000001c483] on date: [2026-02-11]
[2026-02-11T09:01:28.173Z] INFO Activity Executor taskQueue="hydra-billing-tasks", namespace="ncm-cg": 3 EntitiesWriter:169 [] No configuration found clusterId: [00063fb0-c3eb-3105-0000-00000001c483] on date: [2026-02-11]
[2026-02-11T09:01:28.173Z] INFO Activity Executor taskQueue="hydra-billing-tasks", namespace="ncm-cg": 3 EntitiesWriter:169 [] No configuration found clusterId: [00063fb0-c3eb-3105-0000-00000001c483] on date: [2026-02-11]
[2026-02-11T09:01:28.173Z] INFO Activity Executor taskQueue="hydra-billing-tasks", namespace="ncm-cg": 3 EntitiesWriter:169 [] No configuration found clusterId: [00063fb0-c3eb-3105-0000-00000001c483] on date: [2026-02-11]
[2026-02-11T09:01:28.174Z] INFO Activity Executor taskQueue="hydra-billing-tasks", namespace="ncm-cg": 3 EntitiesWriter:169 [] No configuration found clusterId: [00063fb0-c3eb-3105-0000-00000001c483] on date: [2026-02-11]
[2026-02-11T09:01:28.174Z] INFO Activity Executor taskQueue="hydra-billing-tasks", namespace="ncm-cg": 3 EntitiesWriter:169 [] No configuration found clusterId: [00063fb0-c3eb-3105-0000-00000001c483] on date: [2026-02-11]
[2026-02-11T09:01:28.174Z] INFO Activity Executor taskQueue="hydra-billing-tasks", namespace="ncm-cg": 3 EntitiesWriter:169 [] No configuration found clusterId: [00063fb0-c3eb-3105-0000-00000001c483] on date: [2026-02-11]
[2026-02-11T09:01:28.174Z] INFO Activity Executor taskQueue="hydra-billing-tasks", namespace="ncm-cg": 3 EntitiesWriter:169 [] No configuration found clusterId: [00063fb0-c3eb-3105-0000-00000001c483] on date: [2026-02-11]
[2026-02-11T09:01:28.174Z] INFO Activity Executor taskQueue="hydra-billing-tasks", namespace="ncm-cg": 3 EntitiesWriter:169 [] No configuration found clusterId: [00063fb0-c3eb-3105-0000-00000001c483] on date: [2026-02-11]
[2026-02-11T09:01:28.174Z] INFO Activity Executor taskQueue="hydra-billing-tasks", namespace="ncm-cg": 3 EntitiesWriter:169 [] No configuration found clusterId: [00063fb0-c3eb-3105-0000-00000001c483] on date: [2026-02-11]
[2026-02-11T09:01:28.174Z] INFO Activity Executor taskQueue="hydra-billing-tasks", namespace="ncm-cg": 3 EntitiesWriter:169 [] No configuration found clusterId: [00063fb0-c3eb-3105-0000-00000001c483] on date: [2026-02-11]
[2026-02-11T09:01:28.174Z] INFO Activity Executor taskQueue="hydra-billing-tasks", namespace="ncm-cg": 3 EntitiesWriter:169 [] No configuration found clusterId: [00063fb0-c3eb-3105-0000-00000001c483] on date: [2026-02-11]
[2026-02-11T09:01:28.174Z] INFO Activity Executor taskQueue="hydra-billing-tasks", namespace="ncm-cg": 3 EntitiesWriter:169 [] No configuration found clusterId: [00063fb0-c3eb-3105-0000-00000001c483] on date: [2026-02-11]
[2026-02-11T09:01:28.174Z] INFO Activity Executor taskQueue="hydra-billing-tasks", namespace="ncm-cg": 3 EntitiesWriter:169 [] No configuration found clusterId: [00063fb0-c3eb-3105-0000-00000001c483] on date: [2026-02-11]
[2026-02-11T09:01:28.174Z] INFO Activity Executor taskQueue="hydra-billing-tasks", namespace="ncm-cg": 3 EntitiesWriter:169 [] No configuration found clusterId: [00063fb0-c3eb-3105-0000-00000001c483] on date: [2026-02-11]
[2026-02-11T09:01:28.174Z] INFO Activity Executor taskQueue="hydra-billing-tasks", namespace="ncm-cg": 3 EntitiesWriter:169 [] No configuration found clusterId: [00063fb0-c3eb-3105-0000-00000001c483] on date: [2026-02-11]
[2026-02-11T09:01:28.174Z] INFO Activity Executor taskQueue="hydra-billing-tasks", namespace="ncm-cg": 3 EntitiesWriter:169 [] No configuration found clusterId: [00063fb0-c3eb-3105-0000-00000001c483] on date: [2026-02-11]
[2026-02-11T09:01:28.174Z] INFO Activity Executor taskQueue="hydra-billing-tasks", namespace="ncm-cg": 3 EntitiesWriter:169 [] No configuration found clusterId: [00063fb0-c3eb-3105-0000-00000001c483] on date: [2026-02-11]
[2026-02-11T09:01:28.174Z] INFO Activity Executor taskQueue="hydra-billing-tasks", namespace="ncm-cg": 3 EntitiesWriter:169 [] No configuration found clusterId: [00063fb0-c3eb-3105-0000-00000001c483] on date: [2026-02-11]
[2026-02-11T09:01:28.174Z] INFO Activity Executor taskQueue="hydra-billing-tasks", namespace="ncm-cg": 3 EntitiesWriter:169 [] No configuration found clusterId: [00063fb0-c3eb-3105-0000-00000001c483] on date: [2026-02-11]
[2026-02-11T09:01:28.175Z] INFO Activity Executor taskQueue="hydra-billing-tasks", namespace="ncm-cg": 3 EntitiesWriter:169 [] No configuration found clusterId: [00063fb0-c3eb-3105-0000-00000001c483] on date: [2026-02-11]
[2026-02-11T09:01:28.175Z] INFO Activity Executor taskQueue="hydra-billing-tasks", namespace="ncm-cg": 3 EntitiesWriter:169 [] No configuration found clusterId: [00063fb0-c3eb-3105-0000-00000001c483] on date: [2026-02-11]
[2026-02-11T09:01:28.175Z] INFO Activity Executor taskQueue="hydra-billing-tasks", namespace="ncm-cg": 3 EntitiesWriter:169 [] No configuration found clusterId: [00063fb0-c3eb-3105-0000-00000001c483] on date: [2026-02-11]
[2026-02-11T09:01:28.175Z] INFO Activity Executor taskQueue="hydra-billing-tasks", namespace="ncm-cg": 3 EntitiesWriter:169 [] No configuration found clusterId: [00063fb0-c3eb-3105-0000-00000001c483] on date: [2026-02-11]
[2026-02-11T09:01:28.175Z] INFO Activity Executor taskQueue="hydra-billing-tasks", namespace="ncm-cg": 3 EntitiesWriter:169 [] No configuration found clusterId: [00063fb0-c3eb-3105-0000-00000001c483] on date: [2026-02-11]
[2026-02-11T09:01:28.175Z] INFO Activity Executor taskQueue="hydra-billing-tasks", namespace="ncm-cg": 3 EntitiesWriter:169 [] No configuration found clusterId: [00063fb0-c3eb-3105-0000-00000001c483] on date: [2026-02-11]
[2026-02-11T09:01:28.175Z] INFO Activity Executor taskQueue="hydra-billing-tasks", namespace="ncm-cg": 3 EntitiesWriter:169 [] No configuration found clusterId: [00063fb0-c3eb-3105-0000-00000001c483] on date: [2026-02-11]
[2026-02-11T09:01:28.175Z] INFO Activity Executor taskQueue="hydra-billing-tasks", namespace="ncm-cg": 3 EntitiesWriter:169 [] No configuration found clusterId: [00063fb0-c3eb-3105-0000-00000001c483] on date: [2026-02-11]
[2026-02-11T09:01:28.175Z] INFO Activity Executor taskQueue="hydra-billing-tasks", namespace="ncm-cg": 3 EntitiesWriter:169 [] No configuration found clusterId: [00063fb0-c3eb-3105-0000-00000001c483] on date: [2026-02-11]
[2026-02-11T09:01:28.175Z] INFO Activity Executor taskQueue="hydra-billing-tasks", namespace="ncm-cg": 3 EntitiesWriter:169 [] No configuration found clusterId: [00063fb0-c3eb-3105-0000-00000001c483] on date: [2026-02-11]
[2026-02-11T09:01:28.175Z] INFO Activity Executor taskQueue="hydra-billing-tasks", namespace="ncm-cg": 3 EntitiesWriter:169 [] No configuration found clusterId: [00063fb0-c3eb-3105-0000-00000001c483] on date: [2026-02-11]
[2026-02-11T09:01:28.175Z] INFO Activity Executor taskQueue="hydra-billing-tasks", namespace="ncm-cg": 3 EntitiesWriter:169 [] No configuration found clusterId: [00063fb0-c3eb-3105-0000-00000001c483] on date: [2026-02-11]
[2026-02-11T09:01:28.175Z] INFO Activity Executor taskQueue="hydra-billing-tasks", namespace="ncm-cg": 3 EntitiesWriter:169 [] No configuration found clusterId: [00063fb0-c3eb-3105-0000-00000001c483] on date: [2026-02-11]
[2026-02-11T09:01:28.176Z] INFO Activity Executor taskQueue="hydra-billing-tasks", namespace="ncm-cg": 3 EntitiesWriter:169 [] No configuration found clusterId: [00063fb0-c3eb-3105-0000-00000001c483] on date: [2026-02-11]
[2026-02-11T09:01:28.176Z] INFO Activity Executor taskQueue="hydra-billing-tasks", namespace="ncm-cg": 3 EntitiesWriter:169 [] No configuration found clusterId: [00063fb0-c3eb-3105-0000-00000001c483] on date: [2026-02-11]
[2026-02-11T09:01:28.176Z] INFO Activity Executor taskQueue="hydra-billing-tasks", namespace="ncm-cg": 3 EntitiesWriter:169 [] No configuration found clusterId: [00063fb0-c3eb-3105-0000-00000001c483] on date: [2026-02-11]
[2026-02-11T09:01:28.176Z] INFO Activity Executor taskQueue="hydra-billing-tasks", namespace="ncm-cg": 3 EntitiesWriter:169 [] No configuration found clusterId: [00063fb0-c3eb-3105-0000-00000001c483] on date: [2026-02-11]
[2026-02-11T09:01:28.176Z] INFO Activity Executor taskQueue="hydra-billing-tasks", namespace="ncm-cg": 3 EntitiesWriter:169 [] No configuration found clusterId: [00063fb0-c3eb-3105-0000-00000001c483] on date: [2026-02-11]
[2026-02-11T09:01:28.176Z] INFO Activity Executor taskQueue="hydra-billing-tasks", namespace="ncm-cg": 3 EntitiesWriter:169 [] No configuration found clusterId: [00063fb0-c3eb-3105-0000-00000001c483] on date: [2026-02-11]
[2026-02-11T09:01:28.176Z] INFO Activity Executor taskQueue="hydra-billing-tasks", namespace="ncm-cg": 3 EntitiesWriter:169 [] No configuration found clusterId: [00063fb0-c3eb-3105-0000-00000001c483] on date: [2026-02-11]
[2026-02-11T09:01:28.176Z] INFO Activity Executor taskQueue="hydra-billing-tasks", namespace="ncm-cg": 3 EntitiesWriter:169 [] No configuration found clusterId: [00063fb0-c3eb-3105-0000-00000001c483] on date: [2026-02-11]
[2026-02-11T09:01:28.176Z] INFO Activity Executor taskQueue="hydra-billing-tasks", namespace="ncm-cg": 3 EntitiesWriter:169 [] No configuration found clusterId: [00063fb0-c3eb-3105-0000-00000001c483] on date: [2026-02-11]
[2026-02-11T09:01:28.176Z] INFO Activity Executor taskQueue="hydra-billing-tasks", namespace="ncm-cg": 3 EntitiesWriter:169 [] No configuration found clusterId: [00063fb0-c3eb-3105-0000-00000001c483] on date: [2026-02-11]
[2026-02-11T09:01:28.176Z] INFO Activity Executor taskQueue="hydra-billing-tasks", namespace="ncm-cg": 3 EntitiesWriter:169 [] No configuration found clusterId: [00063fb0-c3eb-3105-0000-00000001c483] on date: [2026-02-11]
[2026-02-11T09:01:28.176Z] INFO Activity Executor taskQueue="hydra-billing-tasks", namespace="ncm-cg": 3 EntitiesWriter:169 [] No configuration found clusterId: [00063fb0-c3eb-3105-0000-00000001c483] on date: [2026-02-11]
[2026-02-11T09:01:28.177Z] INFO Activity Executor taskQueue="hydra-billing-tasks", namespace="ncm-cg": 3 EntitiesWriter:169 [] No configuration found clusterId: [00063fb0-c3eb-3105-0000-00000001c483] on date: [2026-02-11]
[2026-02-11T09:01:28.177Z] INFO Activity Executor taskQueue="hydra-billing-tasks", namespace="ncm-cg": 3 EntitiesWriter:169 [] No configuration found clusterId: [00063fb0-c3eb-3105-0000-00000001c483] on date: [2026-02-11]
[2026-02-11T09:01:28.177Z] INFO Activity Executor taskQueue="hydra-billing-tasks", namespace="ncm-cg": 3 EntitiesWriter:169 [] No configuration found clusterId: [00063fb0-c3eb-3105-0000-00000001c483] on date: [2026-02-11]
[2026-02-11T09:01:28.177Z] INFO Activity Executor taskQueue="hydra-billing-tasks", namespace="ncm-cg": 3 EntitiesWriter:169 [] No configuration found clusterId: [00063fb0-c3eb-3105-0000-00000001c483] on date: [2026-02-11]
[2026-02-11T09:01:28.177Z] INFO Activity Executor taskQueue="hydra-billing-tasks", namespace="ncm-cg": 3 EntitiesWriter:169 [] No configuration found clusterId: [00063fb0-c3eb-3105-0000-00000001c483] on date: [2026-02-11]
[2026-02-11T09:01:28.177Z] INFO Activity Executor taskQueue="hydra-billing-tasks", namespace="ncm-cg": 3 EntitiesWriter:169 [] No configuration found clusterId: [00063fb0-c3eb-3105-0000-00000001c483] on date: [2026-02-11]
[2026-02-11T09:01:28.177Z] INFO Activity Executor taskQueue="hydra-billing-tasks", namespace="ncm-cg": 3 EntitiesWriter:169 [] No configuration found clusterId: [00063fb0-c3eb-3105-0000-00000001c483] on date: [2026-02-11]
[2026-02-11T09:01:28.177Z] INFO Activity Executor taskQueue="hydra-billing-tasks", namespace="ncm-cg": 3 EntitiesWriter:169 [] No configuration found clusterId: [00063fb0-c3eb-3105-0000-00000001c483] on date: [2026-02-11]
[2026-02-11T09:01:28.177Z] INFO Activity Executor taskQueue="hydra-billing-tasks", namespace="ncm-cg": 3 EntitiesWriter:169 [] No configuration found clusterId: [00063fb0-c3eb-3105-0000-00000001c483] on date: [2026-02-11]
[2026-02-11T09:01:28.177Z] INFO Activity Executor taskQueue="hydra-billing-tasks", namespace="ncm-cg": 3 EntitiesWriter:169 [] No configuration found clusterId: [00063fb0-c3eb-3105-0000-00000001c483] on date: [2026-02-11]
[2026-02-11T09:01:28.177Z] INFO Activity Executor taskQueue="hydra-billing-tasks", namespace="ncm-cg": 3 EntitiesWriter:169 [] No configuration found clusterId: [00063fb0-c3eb-3105-0000-00000001c483] on date: [2026-02-11]
[2026-02-11T09:01:28.177Z] INFO Activity Executor taskQueue="hydra-billing-tasks", namespace="ncm-cg": 3 EntitiesWriter:169 [] No configuration found clusterId: [00063fb0-c3eb-3105-0000-00000001c483] on date: [2026-02-11]
[2026-02-11T09:01:28.178Z] INFO Activity Executor taskQueue="hydra-billing-tasks", namespace="ncm-cg": 3 EntitiesWriter:169 [] No configuration found clusterId: [00063fb0-c3eb-3105-0000-00000001c483] on date: [2026-02-11]
[2026-02-11T09:01:28.178Z] INFO Activity Executor taskQueue="hydra-billing-tasks", namespace="ncm-cg": 3 EntitiesWriter:169 [] No configuration found clusterId: [00063fb0-c3eb-3105-0000-00000001c483] on date: [2026-02-11]
[2026-02-11T09:01:28.178Z] INFO Activity Executor taskQueue="hydra-billing-tasks", namespace="ncm-cg": 3 EntitiesWriter:169 [] No configuration found clusterId: [00063fb0-c3eb-3105-0000-00000001c483] on date: [2026-02-11]
[2026-02-11T09:01:28.178Z] INFO Activity Executor taskQueue="hydra-billing-tasks", namespace="ncm-cg": 3 EntitiesWriter:169 [] No configuration found clusterId: [00063fb0-c3eb-3105-0000-00000001c483] on date: [2026-02-11]
[2026-02-11T09:01:28.178Z] INFO Activity Executor taskQueue="hydra-billing-tasks", namespace="ncm-cg": 3 EntitiesWriter:169 [] No configuration found clusterId: [00063fb0-c3eb-3105-0000-00000001c483] on date: [2026-02-11]
[2026-02-11T09:01:28.178Z] INFO Activity Executor taskQueue="hydra-billing-tasks", namespace="ncm-cg": 3 EntitiesWriter:169 [] No configuration found clusterId: [00063fb0-c3eb-3105-0000-00000001c483] on date: [2026-02-11]
[2026-02-11T09:01:28.178Z] INFO Activity Executor taskQueue="hydra-billing-tasks", namespace="ncm-cg": 3 EntitiesWriter:169 [] No configuration found clusterId: [00063fb0-c3eb-3105-0000-00000001c483] on date: [2026-02-11]
[2026-02-11T09:01:28.178Z] INFO Activity Executor taskQueue="hydra-billing-tasks", namespace="ncm-cg": 3 EntitiesWriter:169 [] No configuration found clusterId: [00063fb0-c3eb-3105-0000-00000001c483] on date: [2026-02-11]
[2026-02-11T09:01:28.178Z] INFO Activity Executor taskQueue="hydra-billing-tasks", namespace="ncm-cg": 3 EntitiesWriter:169 [] No configuration found clusterId: [00063fb0-c3eb-3105-0000-00000001c483] on date: [2026-02-11]
[2026-02-11T09:01:28.178Z] INFO Activity Executor taskQueue="hydra-billing-tasks", namespace="ncm-cg": 3 EntitiesWriter:169 [] No configuration found clusterId: [00063fb0-c3eb-3105-0000-00000001c483] on date: [2026-02-11]
[2026-02-11T09:01:28.178Z] INFO Activity Executor taskQueue="hydra-billing-tasks", namespace="ncm-cg": 3 EntitiesWriter:169 [] No configuration found clusterId: [00063fb0-c3eb-3105-0000-00000001c483] on date: [2026-02-11]
[2026-02-11T09:01:28.178Z] INFO Activity Executor taskQueue="hydra-billing-tasks", namespace="ncm-cg": 3 EntitiesWriter:169 [] No configuration found clusterId: [00063fb0-c3eb-3105-0000-00000001c483] on date: [2026-02-11]
[2026-02-11T09:01:28.178Z] INFO Activity Executor taskQueue="hydra-billing-tasks", namespace="ncm-cg": 3 EntitiesWriter:169 [] No configuration found clusterId: [00063fb0-c3eb-3105-0000-00000001c483] on date: [2026-02-11]
[2026-02-11T09:01:28.179Z] INFO Activity Executor taskQueue="hydra-billing-tasks", namespace="ncm-cg": 3 EntitiesWriter:169 [] No configuration found clusterId: [00063fb0-c3eb-3105-0000-00000001c483] on date: [2026-02-11]
[2026-02-11T09:01:28.179Z] INFO Activity Executor taskQueue="hydra-billing-tasks", namespace="ncm-cg": 3 EntitiesWriter:169 [] No configuration found clusterId: [00063fb0-c3eb-3105-0000-00000001c483] on date: [2026-02-11]
[2026-02-11T09:01:28.179Z] INFO Activity Executor taskQueue="hydra-billing-tasks", namespace="ncm-cg": 3 EntitiesWriter:169 [] No configuration found clusterId: [00063fb0-c3eb-3105-0000-00000001c483] on date: [2026-02-11]
[2026-02-11T09:01:28.179Z] INFO Activity Executor taskQueue="hydra-billing-tasks", namespace="ncm-cg": 3 EntitiesWriter:169 [] No configuration found clusterId: [00063fb0-c3eb-3105-0000-00000001c483] on date: [2026-02-11]
[2026-02-11T09:01:28.179Z] INFO Activity Executor taskQueue="hydra-billing-tasks", namespace="ncm-cg": 3 EntitiesWriter:169 [] No configuration found clusterId: [00063fb0-c3eb-3105-0000-00000001c483] on date: [2026-02-11]
[2026-02-11T09:01:28.179Z] INFO Activity Executor taskQueue="hydra-billing-tasks", namespace="ncm-cg": 3 EntitiesWriter:169 [] No configuration found clusterId: [00063fb0-c3eb-3105-0000-00000001c483] on date: [2026-02-11]
[2026-02-11T09:01:28.179Z] INFO Activity Executor taskQueue="hydra-billing-tasks", namespace="ncm-cg": 3 EntitiesWriter:169 [] No configuration found clusterId: [00063fb0-c3eb-3105-0000-00000001c483] on date: [2026-02-11]
[2026-02-11T09:01:28.179Z] INFO Activity Executor taskQueue="hydra-billing-tasks", namespace="ncm-cg": 3 EntitiesWriter:169 [] No configuration found clusterId: [00063fb0-c3eb-3105-0000-00000001c483] on date: [2026-02-11]
[2026-02-11T09:01:28.179Z] INFO Activity Executor taskQueue="hydra-billing-tasks", namespace="ncm-cg": 3 EntitiesWriter:169 [] No configuration found clusterId: [00063fb0-c3eb-3105-0000-00000001c483] on date: [2026-02-11]
[2026-02-11T09:01:28.179Z] INFO Activity Executor taskQueue="hydra-billing-tasks", namespace="ncm-cg": 3 EntitiesWriter:169 [] No configuration found clusterId: [00063fb0-c3eb-3105-0000-00000001c483] on date: [2026-02-11]
[2026-02-11T09:01:28.179Z] INFO Activity Executor taskQueue="hydra-billing-tasks", namespace="ncm-cg": 3 EntitiesWriter:169 [] No configuration found clusterId: [00063fb0-c3eb-3105-0000-00000001c483] on date: [2026-02-11]
[2026-02-11T09:01:28.179Z] INFO Activity Executor taskQueue="hydra-billing-tasks", namespace="ncm-cg": 3 EntitiesWriter:169 [] No configuration found clusterId: [00063fb0-c3eb-3105-0000-00000001c483] on date: [2026-02-11]
[2026-02-11T09:01:28.180Z] INFO Activity Executor taskQueue="hydra-billing-tasks", namespace="ncm-cg": 3 EntitiesWriter:169 [] No configuration found clusterId: [00063fb0-c3eb-3105-0000-00000001c483] on date: [2026-02-11]
[2026-02-11T09:01:28.180Z] INFO Activity Executor taskQueue="hydra-billing-tasks", namespace="ncm-cg": 3 EntitiesWriter:169 [] No configuration found clusterId: [00063fb0-c3eb-3105-0000-00000001c483] on date: [2026-02-11]
[2026-02-11T09:01:28.180Z] INFO Activity Executor taskQueue="hydra-billing-tasks", namespace="ncm-cg": 3 EntitiesWriter:169 [] No configuration found clusterId: [00063fb0-c3eb-3105-0000-00000001c483] on date: [2026-02-11]
[2026-02-11T09:01:28.180Z] INFO Activity Executor taskQueue="hydra-billing-tasks", namespace="ncm-cg": 3 EntitiesWriter:169 [] No configuration found clusterId: [00063fb0-c3eb-3105-0000-00000001c483] on date: [2026-02-11]
[2026-02-11T09:01:28.180Z] INFO Activity Executor taskQueue="hydra-billing-tasks", namespace="ncm-cg": 3 EntitiesWriter:169 [] No configuration found clusterId: [00063fb0-c3eb-3105-0000-00000001c483] on date: [2026-02-11]
[2026-02-11T09:01:28.180Z] INFO Activity Executor taskQueue="hydra-billing-tasks", namespace="ncm-cg": 3 EntitiesWriter:169 [] No configuration found clusterId: [00063fb0-c3eb-3105-0000-00000001c483] on date: [2026-02-11]
[2026-02-11T09:01:28.180Z] INFO Activity Executor taskQueue="hydra-billing-tasks", namespace="ncm-cg": 3 EntitiesWriter:169 [] No configuration found clusterId: [00063fb0-c3eb-3105-0000-00000001c483] on date: [2026-02-11]
[2026-02-11T09:01:28.180Z] INFO Activity Executor taskQueue="hydra-billing-tasks", namespace="ncm-cg": 3 EntitiesWriter:169 [] No configuration found clusterId: [00063fb0-c3eb-3105-0000-00000001c483] on date: [2026-02-11]
[2026-02-11T09:01:28.180Z] INFO Activity Executor taskQueue="hydra-billing-tasks", namespace="ncm-cg": 3 EntitiesWriter:169 [] No configuration found clusterId: [00063fb0-c3eb-3105-0000-00000001c483] on date: [2026-02-11]
[2026-02-11T09:01:28.180Z] INFO Activity Executor taskQueue="hydra-billing-tasks", namespace="ncm-cg": 3 EntitiesWriter:169 [] No configuration found clusterId: [00063fb0-c3eb-3105-0000-00000001c483] on date: [2026-02-11]
[2026-02-11T09:01:28.180Z] INFO Activity Executor taskQueue="hydra-billing-tasks", namespace="ncm-cg": 3 EntitiesWriter:169 [] No configuration found clusterId: [00063fb0-c3eb-3105-0000-00000001c483] on date: [2026-02-11]
[2026-02-11T09:01:28.180Z] INFO Activity Executor taskQueue="hydra-billing-tasks", namespace="ncm-cg": 3 EntitiesWriter:169 [] No configuration found clusterId: [00063fb0-c3eb-3105-0000-00000001c483] on date: [2026-02-11]
[2026-02-11T09:01:28.181Z] INFO Activity Executor taskQueue="hydra-billing-tasks", namespace="ncm-cg": 3 EntitiesWriter:169 [] No configuration found clusterId: [00063fb0-c3eb-3105-0000-00000001c483] on date: [2026-02-11]
[2026-02-11T09:01:28.181Z] INFO Activity Executor taskQueue="hydra-billing-tasks", namespace="ncm-cg": 3 EntitiesWriter:169 [] No configuration found clusterId: [00063fb0-c3eb-3105-0000-00000001c483] on date: [2026-02-11]
[2026-02-11T09:01:28.181Z] INFO Activity Executor taskQueue="hydra-billing-tasks", namespace="ncm-cg": 3 EntitiesWriter:169 [] No configuration found clusterId: [00063fb0-c3eb-3105-0000-00000001c483] on date: [2026-02-11]
[2026-02-11T09:01:28.181Z] INFO Activity Executor taskQueue="hydra-billing-tasks", namespace="ncm-cg": 3 EntitiesWriter:169 [] No configuration found clusterId: [00063fb0-c3eb-3105-0000-00000001c483] on date: [2026-02-11]
[2026-02-11T09:01:28.181Z] INFO Activity Executor taskQueue="hydra-billing-tasks", namespace="ncm-cg": 3 EntitiesWriter:169 [] No configuration found clusterId: [00063fb0-c3eb-3105-0000-00000001c483] on date: [2026-02-11]
[2026-02-11T09:01:28.181Z] INFO Activity Executor taskQueue="hydra-billing-tasks", namespace="ncm-cg": 3 EntitiesWriter:169 [] No configuration found clusterId: [00063fb0-c3eb-3105-0000-00000001c483] on date: [2026-02-11]
[2026-02-11T09:01:28.181Z] INFO Activity Executor taskQueue="hydra-billing-tasks", namespace="ncm-cg": 3 EntitiesWriter:169 [] No configuration found clusterId: [00063fb0-c3eb-3105-0000-00000001c483] on date: [2026-02-11]
[2026-02-11T09:01:28.181Z] INFO Activity Executor taskQueue="hydra-billing-tasks", namespace="ncm-cg": 3 EntitiesWriter:169 [] No configuration found clusterId: [00063fb0-c3eb-3105-0000-00000001c483] on date: [2026-02-11]
[2026-02-11T09:01:28.181Z] INFO Activity Executor taskQueue="hydra-billing-tasks", namespace="ncm-cg": 3 EntitiesWriter:169 [] No configuration found clusterId: [00063fb0-c3eb-3105-0000-00000001c483] on date: [2026-02-11]
[2026-02-11T09:01:28.181Z] INFO Activity Executor taskQueue="hydra-billing-tasks", namespace="ncm-cg": 3 EntitiesWriter:169 [] No configuration found clusterId: [00063fb0-c3eb-3105-0000-00000001c483] on date: [2026-02-11]
[2026-02-11T09:01:28.181Z] INFO Activity Executor taskQueue="hydra-billing-tasks", namespace="ncm-cg": 3 EntitiesWriter:169 [] No configuration found clusterId: [00063fb0-c3eb-3105-0000-00000001c483] on date: [2026-02-11]
[2026-02-11T09:01:28.181Z] INFO Activity Executor taskQueue="hydra-billing-tasks", namespace="ncm-cg": 3 EntitiesWriter:169 [] No configuration found clusterId: [00063fb0-c3eb-3105-0000-00000001c483] on date: [2026-02-11]
[2026-02-11T09:01:28.181Z] INFO Activity Executor taskQueue="hydra-billing-tasks", namespace="ncm-cg": 3 EntitiesWriter:169 [] No configuration found clusterId: [00063fb0-c3eb-3105-0000-00000001c483] on date: [2026-02-11]
[2026-02-11T09:01:28.182Z] INFO Activity Executor taskQueue="hydra-billing-tasks", namespace="ncm-cg": 3 EntitiesWriter:169 [] No configuration found clusterId: [00063fb0-c3eb-3105-0000-00000001c483] on date: [2026-02-11]
[2026-02-11T09:01:28.182Z] INFO Activity Executor taskQueue="hydra-billing-tasks", namespace="ncm-cg": 3 EntitiesWriter:169 [] No configuration found clusterId: [00063fb0-c3eb-3105-0000-00000001c483] on date: [2026-02-11]
[2026-02-11T09:01:28.182Z] INFO Activity Executor taskQueue="hydra-billing-tasks", namespace="ncm-cg": 3 EntitiesWriter:169 [] No configuration found clusterId: [00063fb0-c3eb-3105-0000-00000001c483] on date: [2026-02-11]
[2026-02-11T09:01:28.182Z] INFO Activity Executor taskQueue="hydra-billing-tasks", namespace="ncm-cg": 3 EntitiesWriter:169 [] No configuration found clusterId: [00063fb0-c3eb-3105-0000-00000001c483] on date: [2026-02-11]
[2026-02-11T09:01:28.182Z] INFO Activity Executor taskQueue="hydra-billing-tasks", namespace="ncm-cg": 3 EntitiesWriter:169 [] No configuration found clusterId: [00063fb0-c3eb-3105-0000-00000001c483] on date: [2026-02-11]
[2026-02-11T09:01:28.248Z] INFO Activity Executor taskQueue="hydra-billing-tasks", namespace="ncm-cg": 3 EntitiesWriter:169 [] No configuration found clusterId: [00063fb0-c3eb-3105-0000-00000001c483] on date: [2026-02-11]
[2026-02-11T09:01:28.249Z] INFO Activity Executor taskQueue="hydra-billing-tasks", namespace="ncm-cg": 3 EntitiesWriter:169 [] No configuration found clusterId: [00063fb0-c3eb-3105-0000-00000001c483] on date: [2026-02-11]
[2026-02-11T09:01:28.249Z] INFO Activity Executor taskQueue="hydra-billing-tasks", namespace="ncm-cg": 3 EntitiesWriter:169 [] No configuration found clusterId: [00063fb0-c3eb-3105-0000-00000001c483] on date: [2026-02-11]
[2026-02-11T09:01:28.249Z] INFO Activity Executor taskQueue="hydra-billing-tasks", namespace="ncm-cg": 3 EntitiesWriter:169 [] No configuration found clusterId: [00063fb0-c3eb-3105-0000-00000001c483] on date: [2026-02-11]
[2026-02-11T09:01:28.249Z] INFO Activity Executor taskQueue="hydra-billing-tasks", namespace="ncm-cg": 3 EntitiesWriter:169 [] No configuration found clusterId: [00063fb0-c3eb-3105-0000-00000001c483] on date: [2026-02-11]
[2026-02-11T09:01:28.249Z] INFO Activity Executor taskQueue="hydra-billing-tasks", namespace="ncm-cg": 3 EntitiesWriter:169 [] No configuration found clusterId: [00063fb0-c3eb-3105-0000-00000001c483] on date: [2026-02-11]
[2026-02-11T09:01:28.249Z] INFO Activity Executor taskQueue="hydra-billing-tasks", namespace="ncm-cg": 3 EntitiesWriter:169 [] No configuration found clusterId: [00063fb0-c3eb-3105-0000-00000001c483] on date: [2026-02-11]
[2026-02-11T09:01:28.249Z] INFO Activity Executor taskQueue="hydra-billing-tasks", namespace="ncm-cg": 3 EntitiesWriter:169 [] No configuration found clusterId: [00063fb0-c3eb-3105-0000-00000001c483] on date: [2026-02-11]
[2026-02-11T09:01:28.249Z] INFO Activity Executor taskQueue="hydra-billing-tasks", namespace="ncm-cg": 3 EntitiesWriter:169 [] No configuration found clusterId: [00063fb0-c3eb-3105-0000-00000001c483] on date: [2026-02-11]
[2026-02-11T09:01:28.249Z] INFO Activity Executor taskQueue="hydra-billing-tasks", namespace="ncm-cg": 3 EntitiesWriter:169 [] No configuration found clusterId: [00063fb0-c3eb-3105-0000-00000001c483] on date: [2026-02-11]
[2026-02-11T09:01:28.249Z] INFO Activity Executor taskQueue="hydra-billing-tasks", namespace="ncm-cg": 3 EntitiesWriter:169 [] No configuration found clusterId: [00063fb0-c3eb-3105-0000-00000001c483] on date: [2026-02-11]
[2026-02-11T09:01:28.249Z] INFO Activity Executor taskQueue="hydra-billing-tasks", namespace="ncm-cg": 3 EntitiesWriter:169 [] No configuration found clusterId: [00063fb0-c3eb-3105-0000-00000001c483] on date: [2026-02-11]
[2026-02-11T09:01:28.249Z] INFO Activity Executor taskQueue="hydra-billing-tasks", namespace="ncm-cg": 3 EntitiesWriter:169 [] No configuration found clusterId: [00063fb0-c3eb-3105-0000-00000001c483] on date: [2026-02-11]
[2026-02-11T09:01:28.249Z] INFO Activity Executor taskQueue="hydra-billing-tasks", namespace="ncm-cg": 3 EntitiesWriter:169 [] No configuration found clusterId: [00063fb0-c3eb-3105-0000-00000001c483] on date: [2026-02-11]
[2026-02-11T09:01:28.249Z] INFO Activity Executor taskQueue="hydra-billing-tasks", namespace="ncm-cg": 3 EntitiesWriter:169 [] No configuration found clusterId: [00063fb0-c3eb-3105-0000-00000001c483] on date: [2026-02-11]
[2026-02-11T09:01:28.250Z] INFO Activity Executor taskQueue="hydra-billing-tasks", namespace="ncm-cg": 3 EntitiesWriter:169 [] No configuration found clusterId: [00063fb0-c3eb-3105-0000-00000001c483] on date: [2026-02-11]
[2026-02-11T09:01:28.250Z] INFO Activity Executor taskQueue="hydra-billing-tasks", namespace="ncm-cg": 3 EntitiesWriter:169 [] No configuration found clusterId: [00063fb0-c3eb-3105-0000-00000001c483] on date: [2026-02-11]
[2026-02-11T09:01:28.250Z] INFO Activity Executor taskQueue="hydra-billing-tasks", namespace="ncm-cg": 3 EntitiesWriter:169 [] No configuration found clusterId: [00063fb0-c3eb-3105-0000-00000001c483] on date: [2026-02-11]
[2026-02-11T09:01:28.250Z] INFO Activity Executor taskQueue="hydra-billing-tasks", namespace="ncm-cg": 3 EntitiesWriter:169 [] No configuration found clusterId: [00063fb0-c3eb-3105-0000-00000001c483] on date: [2026-02-11]
[2026-02-11T09:01:28.250Z] INFO Activity Executor taskQueue="hydra-billing-tasks", namespace="ncm-cg": 3 EntitiesWriter:169 [] No configuration found clusterId: [00063fb0-c3eb-3105-0000-00000001c483] on date: [2026-02-11]
[2026-02-11T09:01:28.250Z] INFO Activity Executor taskQueue="hydra-billing-tasks", namespace="ncm-cg": 3 EntitiesWriter:169 [] No configuration found clusterId: [00063fb0-c3eb-3105-0000-00000001c483] on date: [2026-02-11]
[2026-02-11T09:01:28.250Z] INFO Activity Executor taskQueue="hydra-billing-tasks", namespace="ncm-cg": 3 EntitiesWriter:169 [] No configuration found clusterId: [00063fb0-c3eb-3105-0000-00000001c483] on date: [2026-02-11]
[2026-02-11T09:01:28.250Z] INFO Activity Executor taskQueue="hydra-billing-tasks", namespace="ncm-cg": 3 EntitiesWriter:169 [] No configuration found clusterId: [00063fb0-c3eb-3105-0000-00000001c483] on date: [2026-02-11]
[2026-02-11T09:01:28.250Z] INFO Activity Executor taskQueue="hydra-billing-tasks", namespace="ncm-cg": 3 EntitiesWriter:169 [] No configuration found clusterId: [00063fb0-c3eb-3105-0000-00000001c483] on date: [2026-02-11]
[2026-02-11T09:01:28.250Z] INFO Activity Executor taskQueue="hydra-billing-tasks", namespace="ncm-cg": 3 EntitiesWriter:169 [] No configuration found clusterId: [00063fb0-c3eb-3105-0000-00000001c483] on date: [2026-02-11]
[2026-02-11T09:01:28.250Z] INFO Activity Executor taskQueue="hydra-billing-tasks", namespace="ncm-cg": 3 EntitiesWriter:169 [] No configuration found clusterId: [00063fb0-c3eb-3105-0000-00000001c483] on date: [2026-02-11]
[2026-02-11T09:01:28.250Z] INFO Activity Executor taskQueue="hydra-billing-tasks", namespace="ncm-cg": 3 EntitiesWriter:169 [] No configuration found clusterId: [00063fb0-c3eb-3105-0000-00000001c483] on date: [2026-02-11]
[2026-02-11T09:01:28.250Z] INFO Activity Executor taskQueue="hydra-billing-tasks", namespace="ncm-cg": 3 EntitiesWriter:169 [] No configuration found clusterId: [00063fb0-c3eb-3105-0000-00000001c483] on date: [2026-02-11]
[2026-02-11T09:01:28.250Z] INFO Activity Executor taskQueue="hydra-billing-tasks", namespace="ncm-cg": 3 EntitiesWriter:169 [] No configuration found clusterId: [00063fb0-c3eb-3105-0000-00000001c483] on date: [2026-02-11]
[2026-02-11T09:01:28.251Z] INFO Activity Executor taskQueue="hydra-billing-tasks", namespace="ncm-cg": 3 EntitiesWriter:169 [] No configuration found clusterId: [00063fb0-c3eb-3105-0000-00000001c483] on date: [2026-02-11]
[2026-02-11T09:01:28.251Z] INFO Activity Executor taskQueue="hydra-billing-tasks", namespace="ncm-cg": 3 EntitiesWriter:169 [] No configuration found clusterId: [00063fb0-c3eb-3105-0000-00000001c483] on date: [2026-02-11]
[2026-02-11T09:01:28.251Z] INFO Activity Executor taskQueue="hydra-billing-tasks", namespace="ncm-cg": 3 EntitiesWriter:169 [] No configuration found clusterId: [00063fb0-c3eb-3105-0000-00000001c483] on date: [2026-02-11]
[2026-02-11T09:01:28.251Z] INFO Activity Executor taskQueue="hydra-billing-tasks", namespace="ncm-cg": 3 EntitiesWriter:169 [] No configuration found clusterId: [00063fb0-c3eb-3105-0000-00000001c483] on date: [2026-02-11]
[2026-02-11T09:01:28.251Z] INFO Activity Executor taskQueue="hydra-billing-tasks", namespace="ncm-cg": 3 EntitiesWriter:169 [] No configuration found clusterId: [00063fb0-c3eb-3105-0000-00000001c483] on date: [2026-02-11]
[2026-02-11T09:01:28.251Z] INFO Activity Executor taskQueue="hydra-billing-tasks", namespace="ncm-cg": 3 EntitiesWriter:169 [] No configuration found clusterId: [00063fb0-c3eb-3105-0000-00000001c483] on date: [2026-02-11]
[2026-02-11T09:01:28.251Z] INFO Activity Executor taskQueue="hydra-billing-tasks", namespace="ncm-cg": 3 EntitiesWriter:169 [] No configuration found clusterId: [00063fb0-c3eb-3105-0000-00000001c483] on date: [2026-02-11]
[2026-02-11T09:01:28.251Z] INFO Activity Executor taskQueue="hydra-billing-tasks", namespace="ncm-cg": 3 EntitiesWriter:169 [] No configuration found clusterId: [00063fb0-c3eb-3105-0000-00000001c483] on date: [2026-02-11]
[2026-02-11T09:01:28.251Z] INFO Activity Executor taskQueue="hydra-billing-tasks", namespace="ncm-cg": 3 EntitiesWriter:169 [] No configuration found clusterId: [00063fb0-c3eb-3105-0000-00000001c483] on date: [2026-02-11]
[2026-02-11T09:01:28.251Z] INFO Activity Executor taskQueue="hydra-billing-tasks", namespace="ncm-cg": 3 EntitiesWriter:169 [] No configuration found clusterId: [00063fb0-c3eb-3105-0000-00000001c483] on date: [2026-02-11]
[2026-02-11T09:01:28.251Z] INFO Activity Executor taskQueue="hydra-billing-tasks", namespace="ncm-cg": 3 EntitiesWriter:169 [] No configuration found clusterId: [00063fb0-c3eb-3105-0000-00000001c483] on date: [2026-02-11]
[2026-02-11T09:01:28.251Z] INFO Activity Executor taskQueue="hydra-billing-tasks", namespace="ncm-cg": 3 EntitiesWriter:169 [] No configuration found clusterId: [00063fb0-c3eb-3105-0000-00000001c483] on date: [2026-02-11]
[2026-02-11T09:01:28.251Z] INFO Activity Executor taskQueue="hydra-billing-tasks", namespace="ncm-cg": 3 EntitiesWriter:169 [] No configuration found clusterId: [00063fb0-c3eb-3105-0000-00000001c483] on date: [2026-02-11]
[2026-02-11T09:01:28.251Z] INFO Activity Executor taskQueue="hydra-billing-tasks", namespace="ncm-cg": 3 EntitiesWriter:169 [] No configuration found clusterId: [00063fb0-c3eb-3105-0000-00000001c483] on date: [2026-02-11]
[2026-02-11T09:01:28.252Z] INFO Activity Executor taskQueue="hydra-billing-tasks", namespace="ncm-cg": 3 EntitiesWriter:169 [] No configuration found clusterId: [00063fb0-c3eb-3105-0000-00000001c483] on date: [2026-02-11]
[2026-02-11T09:01:28.252Z] INFO Activity Executor taskQueue="hydra-billing-tasks", namespace="ncm-cg": 3 EntitiesWriter:169 [] No configuration found clusterId: [00063fb0-c3eb-3105-0000-00000001c483] on date: [2026-02-11]
[2026-02-11T09:01:28.252Z] INFO Activity Executor taskQueue="hydra-billing-tasks", namespace="ncm-cg": 3 EntitiesWriter:169 [] No configuration found clusterId: [00063fb0-c3eb-3105-0000-00000001c483] on date: [2026-02-11]
[2026-02-11T09:01:28.252Z] INFO Activity Executor taskQueue="hydra-billing-tasks", namespace="ncm-cg": 3 EntitiesWriter:169 [] No configuration found clusterId: [00063fb0-c3eb-3105-0000-00000001c483] on date: [2026-02-11]
[2026-02-11T09:01:28.252Z] INFO Activity Executor taskQueue="hydra-billing-tasks", namespace="ncm-cg": 3 EntitiesWriter:169 [] No configuration found clusterId: [00063fb0-c3eb-3105-0000-00000001c483] on date: [2026-02-11]
[2026-02-11T09:01:28.252Z] INFO Activity Executor taskQueue="hydra-billing-tasks", namespace="ncm-cg": 3 EntitiesWriter:169 [] No configuration found clusterId: [00063fb0-c3eb-3105-0000-00000001c483] on date: [2026-02-11]
[2026-02-11T09:01:28.252Z] INFO Activity Executor taskQueue="hydra-billing-tasks", namespace="ncm-cg": 3 EntitiesWriter:169 [] No configuration found clusterId: [00063fb0-c3eb-3105-0000-00000001c483] on date: [2026-02-11]
[2026-02-11T09:01:28.252Z] INFO Activity Executor taskQueue="hydra-billing-tasks", namespace="ncm-cg": 3 EntitiesWriter:169 [] No configuration found clusterId: [00063fb0-c3eb-3105-0000-00000001c483] on date: [2026-02-11]
[2026-02-11T09:01:28.252Z] INFO Activity Executor taskQueue="hydra-billing-tasks", namespace="ncm-cg": 3 EntitiesWriter:169 [] No configuration found clusterId: [00063fb0-c3eb-3105-0000-00000001c483] on date: [2026-02-11]
[2026-02-11T09:01:28.252Z] INFO Activity Executor taskQueue="hydra-billing-tasks", namespace="ncm-cg": 3 EntitiesWriter:169 [] No configuration found clusterId: [00063fb0-c3eb-3105-0000-00000001c483] on date: [2026-02-11]
[2026-02-11T09:01:28.252Z] INFO Activity Executor taskQueue="hydra-billing-tasks", namespace="ncm-cg": 3 EntitiesWriter:169 [] No configuration found clusterId: [00063fb0-c3eb-3105-0000-00000001c483] on date: [2026-02-11]
[2026-02-11T09:01:28.252Z] INFO Activity Executor taskQueue="hydra-billing-tasks", namespace="ncm-cg": 3 EntitiesWriter:169 [] No configuration found clusterId: [00063fb0-c3eb-3105-0000-00000001c483] on date: [2026-02-11]
[2026-02-11T09:01:28.252Z] INFO Activity Executor taskQueue="hydra-billing-tasks", namespace="ncm-cg": 3 EntitiesWriter:169 [] No configuration found clusterId: [00063fb0-c3eb-3105-0000-00000001c483] on date: [2026-02-11]
[2026-02-11T09:01:28.252Z] INFO Activity Executor taskQueue="hydra-billing-tasks", namespace="ncm-cg": 3 EntitiesWriter:169 [] No configuration found clusterId: [00063fb0-c3eb-3105-0000-00000001c483] on date: [2026-02-11]
[2026-02-11T09:01:28.252Z] INFO Activity Executor taskQueue="hydra-billing-tasks", namespace="ncm-cg": 3 EntitiesWriter:169 [] No configuration found clusterId: [00063fb0-c3eb-3105-0000-00000001c483] on date: [2026-02-11]
[2026-02-11T09:01:28.253Z] INFO Activity Executor taskQueue="hydra-billing-tasks", namespace="ncm-cg": 3 EntitiesWriter:169 [] No configuration found clusterId: [00063fb0-c3eb-3105-0000-00000001c483] on date: [2026-02-11]
[2026-02-11T09:01:28.253Z] INFO Activity Executor taskQueue="hydra-billing-tasks", namespace="ncm-cg": 3 EntitiesWriter:169 [] No configuration found clusterId: [00063fb0-c3eb-3105-0000-00000001c483] on date: [2026-02-11]
[2026-02-11T09:01:28.253Z] INFO Activity Executor taskQueue="hydra-billing-tasks", namespace="ncm-cg": 3 EntitiesWriter:169 [] No configuration found clusterId: [00063fb0-c3eb-3105-0000-00000001c483] on date: [2026-02-11]
[2026-02-11T09:01:28.253Z] INFO Activity Executor taskQueue="hydra-billing-tasks", namespace="ncm-cg": 3 EntitiesWriter:169 [] No configuration found clusterId: [00063fb0-c3eb-3105-0000-00000001c483] on date: [2026-02-11]
[2026-02-11T09:01:28.253Z] INFO Activity Executor taskQueue="hydra-billing-tasks", namespace="ncm-cg": 3 EntitiesWriter:169 [] No configuration found clusterId: [00063fb0-c3eb-3105-0000-00000001c483] on date: [2026-02-11]
[2026-02-11T09:01:28.253Z] INFO Activity Executor taskQueue="hydra-billing-tasks", namespace="ncm-cg": 3 EntitiesWriter:169 [] No configuration found clusterId: [00063fb0-c3eb-3105-0000-00000001c483] on date: [2026-02-11]
[2026-02-11T09:01:28.253Z] INFO Activity Executor taskQueue="hydra-billing-tasks", namespace="ncm-cg": 3 EntitiesWriter:169 [] No configuration found clusterId: [00063fb0-c3eb-3105-0000-00000001c483] on date: [2026-02-11]
[2026-02-11T09:01:28.253Z] INFO Activity Executor taskQueue="hydra-billing-tasks", namespace="ncm-cg": 3 EntitiesWriter:169 [] No configuration found clusterId: [00063fb0-c3eb-3105-0000-00000001c483] on date: [2026-02-11]
[2026-02-11T09:01:28.253Z] INFO Activity Executor taskQueue="hydra-billing-tasks", namespace="ncm-cg": 3 EntitiesWriter:169 [] No configuration found clusterId: [00063fb0-c3eb-3105-0000-00000001c483] on date: [2026-02-11]
[2026-02-11T09:01:28.253Z] INFO Activity Executor taskQueue="hydra-billing-tasks", namespace="ncm-cg": 3 EntitiesWriter:169 [] No configuration found clusterId: [00063fb0-c3eb-3105-0000-00000001c483] on date: [2026-02-11]
[2026-02-11T09:01:28.253Z] INFO Activity Executor taskQueue="hydra-billing-tasks", namespace="ncm-cg": 3 EntitiesWriter:169 [] No configuration found clusterId: [00063fb0-c3eb-3105-0000-00000001c483] on date: [2026-02-11]
[2026-02-11T09:01:28.253Z] INFO Activity Executor taskQueue="hydra-billing-tasks", namespace="ncm-cg": 3 EntitiesWriter:169 [] No configuration found clusterId: [00063fb0-c3eb-3105-0000-00000001c483] on date: [2026-02-11]
[2026-02-11T09:01:28.253Z] INFO Activity Executor taskQueue="hydra-billing-tasks", namespace="ncm-cg": 3 EntitiesWriter:169 [] No configuration found clusterId: [00063fb0-c3eb-3105-0000-00000001c483] on date: [2026-02-11]
[2026-02-11T09:01:28.253Z] INFO Activity Executor taskQueue="hydra-billing-tasks", namespace="ncm-cg": 3 EntitiesWriter:169 [] No configuration found clusterId: [00063fb0-c3eb-3105-0000-00000001c483] on date: [2026-02-11]
[2026-02-11T09:01:28.254Z] INFO Activity Executor taskQueue="hydra-billing-tasks", namespace="ncm-cg": 3 EntitiesWriter:169 [] No configuration found clusterId: [00063fb0-c3eb-3105-0000-00000001c483] on date: [2026-02-11]
[2026-02-11T09:01:28.254Z] INFO Activity Executor taskQueue="hydra-billing-tasks", namespace="ncm-cg": 3 EntitiesWriter:169 [] No configuration found clusterId: [00063fb0-c3eb-3105-0000-00000001c483] on date: [2026-02-11]
[2026-02-11T09:01:28.254Z] INFO Activity Executor taskQueue="hydra-billing-tasks", namespace="ncm-cg": 3 EntitiesWriter:169 [] No configuration found clusterId: [00063fb0-c3eb-3105-0000-00000001c483] on date: [2026-02-11]
[2026-02-11T09:01:28.254Z] INFO Activity Executor taskQueue="hydra-billing-tasks", namespace="ncm-cg": 3 EntitiesWriter:169 [] No configuration found clusterId: [00063fb0-c3eb-3105-0000-00000001c483] on date: [2026-02-11]
[2026-02-11T09:01:28.254Z] INFO Activity Executor taskQueue="hydra-billing-tasks", namespace="ncm-cg": 3 EntitiesWriter:169 [] No configuration found clusterId: [00063fb0-c3eb-3105-0000-00000001c483] on date: [2026-02-11]
[2026-02-11T09:01:28.254Z] INFO Activity Executor taskQueue="hydra-billing-tasks", namespace="ncm-cg": 3 EntitiesWriter:169 [] No configuration found clusterId: [00063fb0-c3eb-3105-0000-00000001c483] on date: [2026-02-11]
[2026-02-11T09:01:28.254Z] INFO Activity Executor taskQueue="hydra-billing-tasks", namespace="ncm-cg": 3 EntitiesWriter:169 [] No configuration found clusterId: [00063fb0-c3eb-3105-0000-00000001c483] on date: [2026-02-11]
[2026-02-11T09:01:28.254Z] INFO Activity Executor taskQueue="hydra-billing-tasks", namespace="ncm-cg": 3 EntitiesWriter:169 [] No configuration found clusterId: [00063fb0-c3eb-3105-0000-00000001c483] on date: [2026-02-11]
[2026-02-11T09:01:28.254Z] INFO Activity Executor taskQueue="hydra-billing-tasks", namespace="ncm-cg": 3 EntitiesWriter:169 [] No configuration found clusterId: [00063fb0-c3eb-3105-0000-00000001c483] on date: [2026-02-11]
[2026-02-11T09:01:28.254Z] INFO Activity Executor taskQueue="hydra-billing-tasks", namespace="ncm-cg": 3 EntitiesWriter:169 [] No configuration found clusterId: [00063fb0-c3eb-3105-0000-00000001c483] on date: [2026-02-11]
[2026-02-11T09:01:28.254Z] INFO Activity Executor taskQueue="hydra-billing-tasks", namespace="ncm-cg": 3 EntitiesWriter:169 [] No configuration found clusterId: [00063fb0-c3eb-3105-0000-00000001c483] on date: [2026-02-11]
[2026-02-11T09:01:28.254Z] INFO Activity Executor taskQueue="hydra-billing-tasks", namespace="ncm-cg": 3 EntitiesWriter:169 [] No configuration found clusterId: [00063fb0-c3eb-3105-0000-00000001c483] on date: [2026-02-11]
[2026-02-11T09:01:28.254Z] INFO Activity Executor taskQueue="hydra-billing-tasks", namespace="ncm-cg": 3 EntitiesWriter:169 [] No configuration found clusterId: [00063fb0-c3eb-3105-0000-00000001c483] on date: [2026-02-11]
[2026-02-11T09:01:28.255Z] INFO Activity Executor taskQueue="hydra-billing-tasks", namespace="ncm-cg": 3 EntitiesWriter:169 [] No configuration found clusterId: [00063fb0-c3eb-3105-0000-00000001c483] on date: [2026-02-11]
[2026-02-11T09:01:28.255Z] INFO Activity Executor taskQueue="hydra-billing-tasks", namespace="ncm-cg": 3 EntitiesWriter:169 [] No configuration found clusterId: [00063fb0-c3eb-3105-0000-00000001c483] on date: [2026-02-11]
[2026-02-11T09:01:28.255Z] INFO Activity Executor taskQueue="hydra-billing-tasks", namespace="ncm-cg": 3 EntitiesWriter:169 [] No configuration found clusterId: [00063fb0-c3eb-3105-0000-00000001c483] on date: [2026-02-11]
[2026-02-11T09:01:28.255Z] INFO Activity Executor taskQueue="hydra-billing-tasks", namespace="ncm-cg": 3 EntitiesWriter:169 [] No configuration found clusterId: [00063fb0-c3eb-3105-0000-00000001c483] on date: [2026-02-11]
[2026-02-11T09:01:28.255Z] INFO Activity Executor taskQueue="hydra-billing-tasks", namespace="ncm-cg": 3 EntitiesWriter:169 [] No configuration found clusterId: [00063fb0-c3eb-3105-0000-00000001c483] on date: [2026-02-11]
[2026-02-11T09:01:28.255Z] INFO Activity Executor taskQueue="hydra-billing-tasks", namespace="ncm-cg": 3 EntitiesWriter:169 [] No configuration found clusterId: [00063fb0-c3eb-3105-0000-00000001c483] on date: [2026-02-11]
[2026-02-11T09:01:28.255Z] INFO Activity Executor taskQueue="hydra-billing-tasks", namespace="ncm-cg": 3 EntitiesWriter:169 [] No configuration found clusterId: [00063fb0-c3eb-3105-0000-00000001c483] on date: [2026-02-11]
[2026-02-11T09:01:28.255Z] INFO Activity Executor taskQueue="hydra-billing-tasks", namespace="ncm-cg": 3 EntitiesWriter:169 [] No configuration found clusterId: [00063fb0-c3eb-3105-0000-00000001c483] on date: [2026-02-11]
[2026-02-11T09:01:28.255Z] INFO Activity Executor taskQueue="hydra-billing-tasks", namespace="ncm-cg": 3 EntitiesWriter:169 [] No configuration found clusterId: [00063fb0-c3eb-3105-0000-00000001c483] on date: [2026-02-11]
[2026-02-11T09:01:28.255Z] INFO Activity Executor taskQueue="hydra-billing-tasks", namespace="ncm-cg": 3 EntitiesWriter:169 [] No configuration found clusterId: [00063fb0-c3eb-3105-0000-00000001c483] on date: [2026-02-11]
[2026-02-11T09:01:28.255Z] INFO Activity Executor taskQueue="hydra-billing-tasks", namespace="ncm-cg": 3 EntitiesWriter:169 [] No configuration found clusterId: [00063fb0-c3eb-3105-0000-00000001c483] on date: [2026-02-11]
[2026-02-11T09:01:28.255Z] INFO Activity Executor taskQueue="hydra-billing-tasks", namespace="ncm-cg": 3 EntitiesWriter:169 [] No configuration found clusterId: [00063fb0-c3eb-3105-0000-00000001c483] on date: [2026-02-11]
[2026-02-11T09:01:28.255Z] INFO Activity Executor taskQueue="hydra-billing-tasks", namespace="ncm-cg": 3 EntitiesWriter:169 [] No configuration found clusterId: [00063fb0-c3eb-3105-0000-00000001c483] on date: [2026-02-11]
[2026-02-11T09:01:28.256Z] INFO Activity Executor taskQueue="hydra-billing-tasks", namespace="ncm-cg": 3 EntitiesWriter:169 [] No configuration found clusterId: [00063fb0-c3eb-3105-0000-00000001c483] on date: [2026-02-11]
[2026-02-11T09:01:28.256Z] INFO Activity Executor taskQueue="hydra-billing-tasks", namespace="ncm-cg": 3 EntitiesWriter:169 [] No configuration found clusterId: [00063fb0-c3eb-3105-0000-00000001c483] on date: [2026-02-11]
[2026-02-11T09:01:28.256Z] INFO Activity Executor taskQueue="hydra-billing-tasks", namespace="ncm-cg": 3 EntitiesWriter:169 [] No configuration found clusterId: [00063fb0-c3eb-3105-0000-00000001c483] on date: [2026-02-11]
[2026-02-11T09:01:28.256Z] INFO Activity Executor taskQueue="hydra-billing-tasks", namespace="ncm-cg": 3 EntitiesWriter:169 [] No configuration found clusterId: [00063fb0-c3eb-3105-0000-00000001c483] on date: [2026-02-11]
[2026-02-11T09:01:28.256Z] INFO Activity Executor taskQueue="hydra-billing-tasks", namespace="ncm-cg": 3 EntitiesWriter:169 [] No configuration found clusterId: [00063fb0-c3eb-3105-0000-00000001c483] on date: [2026-02-11]
[2026-02-11T09:01:28.256Z] INFO Activity Executor taskQueue="hydra-billing-tasks", namespace="ncm-cg": 3 EntitiesWriter:169 [] No configuration found clusterId: [00063fb0-c3eb-3105-0000-00000001c483] on date: [2026-02-11]
[2026-02-11T09:01:28.256Z] INFO Activity Executor taskQueue="hydra-billing-tasks", namespace="ncm-cg": 3 EntitiesWriter:169 [] No configuration found clusterId: [00063fb0-c3eb-3105-0000-00000001c483] on date: [2026-02-11]
[2026-02-11T09:01:28.256Z] INFO Activity Executor taskQueue="hydra-billing-tasks", namespace="ncm-cg": 3 EntitiesWriter:169 [] No configuration found clusterId: [00063fb0-c3eb-3105-0000-00000001c483] on date: [2026-02-11]
[2026-02-11T09:01:28.256Z] INFO Activity Executor taskQueue="hydra-billing-tasks", namespace="ncm-cg": 3 EntitiesWriter:169 [] No configuration found clusterId: [00063fb0-c3eb-3105-0000-00000001c483] on date: [2026-02-11]
[2026-02-11T09:01:28.256Z] INFO Activity Executor taskQueue="hydra-billing-tasks", namespace="ncm-cg": 3 EntitiesWriter:169 [] No configuration found clusterId: [00063fb0-c3eb-3105-0000-00000001c483] on date: [2026-02-11]
[2026-02-11T09:01:28.256Z] INFO Activity Executor taskQueue="hydra-billing-tasks", namespace="ncm-cg": 3 EntitiesWriter:169 [] No configuration found clusterId: [00063fb0-c3eb-3105-0000-00000001c483] on date: [2026-02-11]
[2026-02-11T09:01:28.256Z] INFO Activity Executor taskQueue="hydra-billing-tasks", namespace="ncm-cg": 3 EntitiesWriter:169 [] No configuration found clusterId: [00063fb0-c3eb-3105-0000-00000001c483] on date: [2026-02-11]
[2026-02-11T09:01:28.256Z] INFO Activity Executor taskQueue="hydra-billing-tasks", namespace="ncm-cg": 3 EntitiesWriter:169 [] No configuration found clusterId: [00063fb0-c3eb-3105-0000-00000001c483] on date: [2026-02-11]
[2026-02-11T09:01:28.256Z] INFO Activity Executor taskQueue="hydra-billing-tasks", namespace="ncm-cg": 3 EntitiesWriter:169 [] No configuration found clusterId: [00063fb0-c3eb-3105-0000-00000001c483] on date: [2026-02-11]
[2026-02-11T09:01:28.256Z] INFO Activity Executor taskQueue="hydra-billing-tasks", namespace="ncm-cg": 3 EntitiesWriter:169 [] No configuration found clusterId: [00063fb0-c3eb-3105-0000-00000001c483] on date: [2026-02-11]
[2026-02-11T09:01:28.256Z] INFO Activity Executor taskQueue="hydra-billing-tasks", namespace="ncm-cg": 3 EntitiesWriter:169 [] No configuration found clusterId: [00063fb0-c3eb-3105-0000-00000001c483] on date: [2026-02-11]
[2026-02-11T09:01:28.257Z] INFO Activity Executor taskQueue="hydra-billing-tasks", namespace="ncm-cg": 3 EntitiesWriter:169 [] No configuration found clusterId: [00063fb0-c3eb-3105-0000-00000001c483] on date: [2026-02-11]
[2026-02-11T09:01:28.257Z] INFO Activity Executor taskQueue="hydra-billing-tasks", namespace="ncm-cg": 3 EntitiesWriter:169 [] No configuration found clusterId: [00063fb0-c3eb-3105-0000-00000001c483] on date: [2026-02-11]
[2026-02-11T09:01:28.257Z] INFO Activity Executor taskQueue="hydra-billing-tasks", namespace="ncm-cg": 3 EntitiesWriter:169 [] No configuration found clusterId: [00063fb0-c3eb-3105-0000-00000001c483] on date: [2026-02-11]
[2026-02-11T09:01:28.257Z] INFO Activity Executor taskQueue="hydra-billing-tasks", namespace="ncm-cg": 3 EntitiesWriter:169 [] No configuration found clusterId: [00063fb0-c3eb-3105-0000-00000001c483] on date: [2026-02-11]
[2026-02-11T09:01:28.257Z] INFO Activity Executor taskQueue="hydra-billing-tasks", namespace="ncm-cg": 3 EntitiesWriter:169 [] No configuration found clusterId: [00063fb0-c3eb-3105-0000-00000001c483] on date: [2026-02-11]
[2026-02-11T09:01:28.257Z] INFO Activity Executor taskQueue="hydra-billing-tasks", namespace="ncm-cg": 3 EntitiesWriter:169 [] No configuration found clusterId: [00063fb0-c3eb-3105-0000-00000001c483] on date: [2026-02-11]
[2026-02-11T09:01:28.257Z] INFO Activity Executor taskQueue="hydra-billing-tasks", namespace="ncm-cg": 3 EntitiesWriter:169 [] No configuration found clusterId: [00063fb0-c3eb-3105-0000-00000001c483] on date: [2026-02-11]
[2026-02-11T09:01:28.257Z] INFO Activity Executor taskQueue="hydra-billing-tasks", namespace="ncm-cg": 3 EntitiesWriter:169 [] No configuration found clusterId: [00063fb0-c3eb-3105-0000-00000001c483] on date: [2026-02-11]
[2026-02-11T09:01:28.257Z] INFO Activity Executor taskQueue="hydra-billing-tasks", namespace="ncm-cg": 3 EntitiesWriter:169 [] No configuration found clusterId: [00063fb0-c3eb-3105-0000-00000001c483] on date: [2026-02-11]
[2026-02-11T09:01:28.257Z] INFO Activity Executor taskQueue="hydra-billing-tasks", namespace="ncm-cg": 3 EntitiesWriter:169 [] No configuration found clusterId: [00063fb0-c3eb-3105-0000-00000001c483] on date: [2026-02-11]
[2026-02-11T09:01:28.257Z] INFO Activity Executor taskQueue="hydra-billing-tasks", namespace="ncm-cg": 3 EntitiesWriter:169 [] No configuration found clusterId: [00063fb0-c3eb-3105-0000-00000001c483] on date: [2026-02-11]
[2026-02-11T09:01:28.257Z] INFO Activity Executor taskQueue="hydra-billing-tasks", namespace="ncm-cg": 3 EntitiesWriter:169 [] No configuration found clusterId: [00063fb0-c3eb-3105-0000-00000001c483] on date: [2026-02-11]
[2026-02-11T09:01:28.257Z] INFO Activity Executor taskQueue="hydra-billing-tasks", namespace="ncm-cg": 3 EntitiesWriter:169 [] No configuration found clusterId: [00063fb0-c3eb-3105-0000-00000001c483] on date: [2026-02-11]
[2026-02-11T09:01:28.257Z] INFO Activity Executor taskQueue="hydra-billing-tasks", namespace="ncm-cg": 3 EntitiesWriter:169 [] No configuration found clusterId: [00063fb0-c3eb-3105-0000-00000001c483] on date: [2026-02-11]
[2026-02-11T09:01:28.258Z] INFO Activity Executor taskQueue="hydra-billing-tasks", namespace="ncm-cg": 3 EntitiesWriter:169 [] No configuration found clusterId: [00063fb0-c3eb-3105-0000-00000001c483] on date: [2026-02-11]
[2026-02-11T09:01:28.258Z] INFO Activity Executor taskQueue="hydra-billing-tasks", namespace="ncm-cg": 3 EntitiesWriter:169 [] No configuration found clusterId: [00063fb0-c3eb-3105-0000-00000001c483] on date: [2026-02-11]
[2026-02-11T09:01:28.258Z] INFO Activity Executor taskQueue="hydra-billing-tasks", namespace="ncm-cg": 3 EntitiesWriter:169 [] No configuration found clusterId: [00063fb0-c3eb-3105-0000-00000001c483] on date: [2026-02-11]
[2026-02-11T09:01:28.258Z] INFO Activity Executor taskQueue="hydra-billing-tasks", namespace="ncm-cg": 3 EntitiesWriter:169 [] No configuration found clusterId: [00063fb0-c3eb-3105-0000-00000001c483] on date: [2026-02-11]
[2026-02-11T09:01:28.258Z] INFO Activity Executor taskQueue="hydra-billing-tasks", namespace="ncm-cg": 3 EntitiesWriter:169 [] No configuration found clusterId: [00063fb0-c3eb-3105-0000-00000001c483] on date: [2026-02-11]
[2026-02-11T09:01:28.258Z] INFO Activity Executor taskQueue="hydra-billing-tasks", namespace="ncm-cg": 3 EntitiesWriter:169 [] No configuration found clusterId: [00063fb0-c3eb-3105-0000-00000001c483] on date: [2026-02-11]
[2026-02-11T09:01:28.258Z] INFO Activity Executor taskQueue="hydra-billing-tasks", namespace="ncm-cg": 3 EntitiesWriter:169 [] No configuration found clusterId: [00063fb0-c3eb-3105-0000-00000001c483] on date: [2026-02-11]
[2026-02-11T09:01:28.258Z] INFO Activity Executor taskQueue="hydra-billing-tasks", namespace="ncm-cg": 3 EntitiesWriter:169 [] No configuration found clusterId: [00063fb0-c3eb-3105-0000-00000001c483] on date: [2026-02-11]
[2026-02-11T09:01:28.258Z] INFO Activity Executor taskQueue="hydra-billing-tasks", namespace="ncm-cg": 3 EntitiesWriter:169 [] No configuration found clusterId: [00063fb0-c3eb-3105-0000-00000001c483] on date: [2026-02-11]
[2026-02-11T09:01:28.258Z] INFO Activity Executor taskQueue="hydra-billing-tasks", namespace="ncm-cg": 3 EntitiesWriter:169 [] No configuration found clusterId: [00063fb0-c3eb-3105-0000-00000001c483] on date: [2026-02-11]
[2026-02-11T09:01:28.258Z] INFO Activity Executor taskQueue="hydra-billing-tasks", namespace="ncm-cg": 3 EntitiesWriter:169 [] No configuration found clusterId: [00063fb0-c3eb-3105-0000-00000001c483] on date: [2026-02-11]
[2026-02-11T09:01:28.258Z] INFO Activity Executor taskQueue="hydra-billing-tasks", namespace="ncm-cg": 3 EntitiesWriter:169 [] No configuration found clusterId: [00063fb0-c3eb-3105-0000-00000001c483] on date: [2026-02-11]
[2026-02-11T09:01:28.258Z] INFO Activity Executor taskQueue="hydra-billing-tasks", namespace="ncm-cg": 3 EntitiesWriter:169 [] No configuration found clusterId: [00063fb0-c3eb-3105-0000-00000001c483] on date: [2026-02-11]
[2026-02-11T09:01:28.259Z] INFO Activity Executor taskQueue="hydra-billing-tasks", namespace="ncm-cg": 3 EntitiesWriter:169 [] No configuration found clusterId: [00063fb0-c3eb-3105-0000-00000001c483] on date: [2026-02-11]
[2026-02-11T09:01:28.259Z] INFO Activity Executor taskQueue="hydra-billing-tasks", namespace="ncm-cg": 3 EntitiesWriter:169 [] No configuration found clusterId: [00063fb0-c3eb-3105-0000-00000001c483] on date: [2026-02-11]
[2026-02-11T09:01:28.259Z] INFO Activity Executor taskQueue="hydra-billing-tasks", namespace="ncm-cg": 3 EntitiesWriter:169 [] No configuration found clusterId: [00063fb0-c3eb-3105-0000-00000001c483] on date: [2026-02-11]
[2026-02-11T09:01:28.259Z] INFO Activity Executor taskQueue="hydra-billing-tasks", namespace="ncm-cg": 3 EntitiesWriter:169 [] No configuration found clusterId: [00063fb0-c3eb-3105-0000-00000001c483] on date: [2026-02-11]
[2026-02-11T09:01:28.259Z] INFO Activity Executor taskQueue="hydra-billing-tasks", namespace="ncm-cg": 3 EntitiesWriter:169 [] No configuration found clusterId: [00063fb0-c3eb-3105-0000-00000001c483] on date: [2026-02-11]
[2026-02-11T09:01:28.259Z] INFO Activity Executor taskQueue="hydra-billing-tasks", namespace="ncm-cg": 3 EntitiesWriter:169 [] No configuration found clusterId: [00063fb0-c3eb-3105-0000-00000001c483] on date: [2026-02-11]
[2026-02-11T09:01:28.259Z] INFO Activity Executor taskQueue="hydra-billing-tasks", namespace="ncm-cg": 3 EntitiesWriter:169 [] No configuration found clusterId: [00063fb0-c3eb-3105-0000-00000001c483] on date: [2026-02-11]
[2026-02-11T09:01:28.259Z] INFO Activity Executor taskQueue="hydra-billing-tasks", namespace="ncm-cg": 3 EntitiesWriter:169 [] No configuration found clusterId: [00063fb0-c3eb-3105-0000-00000001c483] on date: [2026-02-11]
[2026-02-11T09:01:28.259Z] INFO Activity Executor taskQueue="hydra-billing-tasks", namespace="ncm-cg": 3 EntitiesWriter:169 [] No configuration found clusterId: [00063fb0-c3eb-3105-0000-00000001c483] on date: [2026-02-11]
[2026-02-11T09:01:28.259Z] INFO Activity Executor taskQueue="hydra-billing-tasks", namespace="ncm-cg": 3 EntitiesWriter:169 [] No configuration found clusterId: [00063fb0-c3eb-3105-0000-00000001c483] on date: [2026-02-11]
[2026-02-11T09:01:28.259Z] INFO Activity Executor taskQueue="hydra-billing-tasks", namespace="ncm-cg": 3 EntitiesWriter:169 [] No configuration found clusterId: [00063fb0-c3eb-3105-0000-00000001c483] on date: [2026-02-11]
[2026-02-11T09:01:28.259Z] INFO Activity Executor taskQueue="hydra-billing-tasks", namespace="ncm-cg": 3 EntitiesWriter:169 [] No configuration found clusterId: [00063fb0-c3eb-3105-0000-00000001c483] on date: [2026-02-11]
[2026-02-11T09:01:28.259Z] INFO Activity Executor taskQueue="hydra-billing-tasks", namespace="ncm-cg": 3 EntitiesWriter:169 [] No configuration found clusterId: [00063fb0-c3eb-3105-0000-00000001c483] on date: [2026-02-11]
[2026-02-11T09:01:28.259Z] INFO Activity Executor taskQueue="hydra-billing-tasks", namespace="ncm-cg": 3 EntitiesWriter:169 [] No configuration found clusterId: [00063fb0-c3eb-3105-0000-00000001c483] on date: [2026-02-11]
[2026-02-11T09:01:28.259Z] INFO Activity Executor taskQueue="hydra-billing-tasks", namespace="ncm-cg": 3 EntitiesWriter:169 [] No configuration found clusterId: [00063fb0-c3eb-3105-0000-00000001c483] on date: [2026-02-11]
[2026-02-11T09:01:28.260Z] INFO Activity Executor taskQueue="hydra-billing-tasks", namespace="ncm-cg": 3 EntitiesWriter:169 [] No configuration found clusterId: [00063fb0-c3eb-3105-0000-00000001c483] on date: [2026-02-11]
[2026-02-11T09:01:28.260Z] INFO Activity Executor taskQueue="hydra-billing-tasks", namespace="ncm-cg": 3 EntitiesWriter:169 [] No configuration found clusterId: [00063fb0-c3eb-3105-0000-00000001c483] on date: [2026-02-11]
[2026-02-11T09:01:28.260Z] INFO Activity Executor taskQueue="hydra-billing-tasks", namespace="ncm-cg": 3 EntitiesWriter:169 [] No configuration found clusterId: [00063fb0-c3eb-3105-0000-00000001c483] on date: [2026-02-11]
[2026-02-11T09:01:28.260Z] INFO Activity Executor taskQueue="hydra-billing-tasks", namespace="ncm-cg": 3 EntitiesWriter:169 [] No configuration found clusterId: [00063fb0-c3eb-3105-0000-00000001c483] on date: [2026-02-11]
[2026-02-11T09:01:28.260Z] INFO Activity Executor taskQueue="hydra-billing-tasks", namespace="ncm-cg": 3 EntitiesWriter:169 [] No configuration found clusterId: [00063fb0-c3eb-3105-0000-00000001c483] on date: [2026-02-11]
[2026-02-11T09:01:28.260Z] INFO Activity Executor taskQueue="hydra-billing-tasks", namespace="ncm-cg": 3 EntitiesWriter:169 [] No configuration found clusterId: [00063fb0-c3eb-3105-0000-00000001c483] on date: [2026-02-11]
[2026-02-11T09:01:28.260Z] INFO Activity Executor taskQueue="hydra-billing-tasks", namespace="ncm-cg": 3 EntitiesWriter:169 [] No configuration found clusterId: [00063fb0-c3eb-3105-0000-00000001c483] on date: [2026-02-11]
[2026-02-11T09:01:28.260Z] INFO Activity Executor taskQueue="hydra-billing-tasks", namespace="ncm-cg": 3 EntitiesWriter:169 [] No configuration found clusterId: [00063fb0-c3eb-3105-0000-00000001c483] on date: [2026-02-11]
[2026-02-11T09:01:28.260Z] INFO Activity Executor taskQueue="hydra-billing-tasks", namespace="ncm-cg": 3 EntitiesWriter:169 [] No configuration found clusterId: [00063fb0-c3eb-3105-0000-00000001c483] on date: [2026-02-11]
[2026-02-11T09:01:28.260Z] INFO Activity Executor taskQueue="hydra-billing-tasks", namespace="ncm-cg": 3 EntitiesWriter:169 [] No configuration found clusterId: [00063fb0-c3eb-3105-0000-00000001c483] on date: [2026-02-11]
[2026-02-11T09:01:28.260Z] INFO Activity Executor taskQueue="hydra-billing-tasks", namespace="ncm-cg": 3 EntitiesWriter:169 [] No configuration found clusterId: [00063fb0-c3eb-3105-0000-00000001c483] on date: [2026-02-11]
[2026-02-11T09:01:28.260Z] INFO Activity Executor taskQueue="hydra-billing-tasks", namespace="ncm-cg": 3 EntitiesWriter:169 [] No configuration found clusterId: [00063fb0-c3eb-3105-0000-00000001c483] on date: [2026-02-11]
[2026-02-11T09:01:28.260Z] INFO Activity Executor taskQueue="hydra-billing-tasks", namespace="ncm-cg": 3 EntitiesWriter:169 [] No configuration found clusterId: [00063fb0-c3eb-3105-0000-00000001c483] on date: [2026-02-11]
[2026-02-11T09:01:28.260Z] INFO Activity Executor taskQueue="hydra-billing-tasks", namespace="ncm-cg": 3 EntitiesWriter:169 [] No configuration found clusterId: [00063fb0-c3eb-3105-0000-00000001c483] on date: [2026-02-11]
[2026-02-11T09:01:28.260Z] INFO Activity Executor taskQueue="hydra-billing-tasks", namespace="ncm-cg": 3 EntitiesWriter:169 [] No configuration found clusterId: [00063fb0-c3eb-3105-0000-00000001c483] on date: [2026-02-11]
[2026-02-11T09:01:28.260Z] INFO Activity Executor taskQueue="hydra-billing-tasks", namespace="ncm-cg": 3 EntitiesWriter:169 [] No configuration found clusterId: [00063fb0-c3eb-3105-0000-00000001c483] on date: [2026-02-11]
[2026-02-11T09:01:28.260Z] INFO Activity Executor taskQueue="hydra-billing-tasks", namespace="ncm-cg": 3 EntitiesWriter:169 [] No configuration found clusterId: [00063fb0-c3eb-3105-0000-00000001c483] on date: [2026-02-11]
[2026-02-11T09:01:28.261Z] INFO Activity Executor taskQueue="hydra-billing-tasks", namespace="ncm-cg": 3 EntitiesWriter:169 [] No configuration found clusterId: [00063fb0-c3eb-3105-0000-00000001c483] on date: [2026-02-11]
[2026-02-11T09:01:28.261Z] INFO Activity Executor taskQueue="hydra-billing-tasks", namespace="ncm-cg": 3 EntitiesWriter:169 [] No configuration found clusterId: [00063fb0-c3eb-3105-0000-00000001c483] on date: [2026-02-11]
[2026-02-11T09:01:28.261Z] INFO Activity Executor taskQueue="hydra-billing-tasks", namespace="ncm-cg": 3 EntitiesWriter:169 [] No configuration found clusterId: [00063fb0-c3eb-3105-0000-00000001c483] on date: [2026-02-11]
[2026-02-11T09:01:28.261Z] INFO Activity Executor taskQueue="hydra-billing-tasks", namespace="ncm-cg": 3 EntitiesWriter:169 [] No configuration found clusterId: [00063fb0-c3eb-3105-0000-00000001c483] on date: [2026-02-11]
[2026-02-11T09:01:28.261Z] INFO Activity Executor taskQueue="hydra-billing-tasks", namespace="ncm-cg": 3 EntitiesWriter:169 [] No configuration found clusterId: [00063fb0-c3eb-3105-0000-00000001c483] on date: [2026-02-11]
[2026-02-11T09:01:28.261Z] INFO Activity Executor taskQueue="hydra-billing-tasks", namespace="ncm-cg": 3 EntitiesWriter:169 [] No configuration found clusterId: [00063fb0-c3eb-3105-0000-00000001c483] on date: [2026-02-11]
[2026-02-11T09:01:28.261Z] INFO Activity Executor taskQueue="hydra-billing-tasks", namespace="ncm-cg": 3 EntitiesWriter:169 [] No configuration found clusterId: [00063fb0-c3eb-3105-0000-00000001c483] on date: [2026-02-11]
[2026-02-11T09:01:28.261Z] INFO Activity Executor taskQueue="hydra-billing-tasks", namespace="ncm-cg": 3 EntitiesWriter:169 [] No configuration found clusterId: [00063fb0-c3eb-3105-0000-00000001c483] on date: [2026-02-11]
[2026-02-11T09:01:28.261Z] INFO Activity Executor taskQueue="hydra-billing-tasks", namespace="ncm-cg": 3 EntitiesWriter:169 [] No configuration found clusterId: [00063fb0-c3eb-3105-0000-00000001c483] on date: [2026-02-11]
[2026-02-11T09:01:28.261Z] INFO Activity Executor taskQueue="hydra-billing-tasks", namespace="ncm-cg": 3 EntitiesWriter:169 [] No configuration found clusterId: [00063fb0-c3eb-3105-0000-00000001c483] on date: [2026-02-11]
[2026-02-11T09:01:28.261Z] INFO Activity Executor taskQueue="hydra-billing-tasks", namespace="ncm-cg": 3 EntitiesWriter:169 [] No configuration found clusterId: [00063fb0-c3eb-3105-0000-00000001c483] on date: [2026-02-11]
[2026-02-11T09:01:28.261Z] INFO Activity Executor taskQueue="hydra-billing-tasks", namespace="ncm-cg": 3 EntitiesWriter:169 [] No configuration found clusterId: [00063fb0-c3eb-3105-0000-00000001c483] on date: [2026-02-11]
[2026-02-11T09:01:28.261Z] INFO Activity Executor taskQueue="hydra-billing-tasks", namespace="ncm-cg": 3 EntitiesWriter:169 [] No configuration found clusterId: [00063fb0-c3eb-3105-0000-00000001c483] on date: [2026-02-11]
[2026-02-11T09:01:28.261Z] INFO Activity Executor taskQueue="hydra-billing-tasks", namespace="ncm-cg": 3 EntitiesWriter:169 [] No configuration found clusterId: [00063fb0-c3eb-3105-0000-00000001c483] on date: [2026-02-11]
[2026-02-11T09:01:28.261Z] INFO Activity Executor taskQueue="hydra-billing-tasks", namespace="ncm-cg": 3 EntitiesWriter:169 [] No configuration found clusterId: [00063fb0-c3eb-3105-0000-00000001c483] on date: [2026-02-11]
[2026-02-11T09:01:28.261Z] INFO Activity Executor taskQueue="hydra-billing-tasks", namespace="ncm-cg": 3 EntitiesWriter:169 [] No configuration found clusterId: [00063fb0-c3eb-3105-0000-00000001c483] on date: [2026-02-11]
[2026-02-11T09:01:28.262Z] INFO Activity Executor taskQueue="hydra-billing-tasks", namespace="ncm-cg": 3 EntitiesWriter:169 [] No configuration found clusterId: [00063fb0-c3eb-3105-0000-00000001c483] on date: [2026-02-11]
[2026-02-11T09:01:28.262Z] INFO Activity Executor taskQueue="hydra-billing-tasks", namespace="ncm-cg": 3 EntitiesWriter:169 [] No configuration found clusterId: [00063fb0-c3eb-3105-0000-00000001c483] on date: [2026-02-11]
[2026-02-11T09:01:28.262Z] INFO Activity Executor taskQueue="hydra-billing-tasks", namespace="ncm-cg": 3 EntitiesWriter:169 [] No configuration found clusterId: [00063fb0-c3eb-3105-0000-00000001c483] on date: [2026-02-11]
[2026-02-11T09:01:28.262Z] INFO Activity Executor taskQueue="hydra-billing-tasks", namespace="ncm-cg": 3 EntitiesWriter:169 [] No configuration found clusterId: [00063fb0-c3eb-3105-0000-00000001c483] on date: [2026-02-11]
[2026-02-11T09:01:28.262Z] INFO Activity Executor taskQueue="hydra-billing-tasks", namespace="ncm-cg": 3 EntitiesWriter:169 [] No configuration found clusterId: [00063fb0-c3eb-3105-0000-00000001c483] on date: [2026-02-11]
[2026-02-11T09:01:28.262Z] INFO Activity Executor taskQueue="hydra-billing-tasks", namespace="ncm-cg": 3 EntitiesWriter:169 [] No configuration found clusterId: [00063fb0-c3eb-3105-0000-00000001c483] on date: [2026-02-11]
[2026-02-11T09:01:28.262Z] INFO Activity Executor taskQueue="hydra-billing-tasks", namespace="ncm-cg": 3 EntitiesWriter:169 [] No configuration found clusterId: [00063fb0-c3eb-3105-0000-00000001c483] on date: [2026-02-11]
[2026-02-11T09:01:28.262Z] INFO Activity Executor taskQueue="hydra-billing-tasks", namespace="ncm-cg": 3 EntitiesWriter:169 [] No configuration found clusterId: [00063fb0-c3eb-3105-0000-00000001c483] on date: [2026-02-11]
[2026-02-11T09:01:28.262Z] INFO Activity Executor taskQueue="hydra-billing-tasks", namespace="ncm-cg": 3 EntitiesWriter:169 [] No configuration found clusterId: [00063fb0-c3eb-3105-0000-00000001c483] on date: [2026-02-11]
[2026-02-11T09:01:28.262Z] INFO Activity Executor taskQueue="hydra-billing-tasks", namespace="ncm-cg": 3 EntitiesWriter:169 [] No configuration found clusterId: [00063fb0-c3eb-3105-0000-00000001c483] on date: [2026-02-11]
[2026-02-11T09:01:28.262Z] INFO Activity Executor taskQueue="hydra-billing-tasks", namespace="ncm-cg": 3 EntitiesWriter:169 [] No configuration found clusterId: [00063fb0-c3eb-3105-0000-00000001c483] on date: [2026-02-11]
[2026-02-11T09:01:28.262Z] INFO Activity Executor taskQueue="hydra-billing-tasks", namespace="ncm-cg": 3 EntitiesWriter:169 [] No configuration found clusterId: [00063fb0-c3eb-3105-0000-00000001c483] on date: [2026-02-11]
[2026-02-11T09:01:28.262Z] INFO Activity Executor taskQueue="hydra-billing-tasks", namespace="ncm-cg": 3 EntitiesWriter:169 [] No configuration found clusterId: [00063fb0-c3eb-3105-0000-00000001c483] on date: [2026-02-11]
[2026-02-11T09:01:28.262Z] INFO Activity Executor taskQueue="hydra-billing-tasks", namespace="ncm-cg": 3 EntitiesWriter:169 [] No configuration found clusterId: [00063fb0-c3eb-3105-0000-00000001c483] on date: [2026-02-11]
[2026-02-11T09:01:28.262Z] INFO Activity Executor taskQueue="hydra-billing-tasks", namespace="ncm-cg": 3 EntitiesWriter:169 [] No configuration found clusterId: [00063fb0-c3eb-3105-0000-00000001c483] on date: [2026-02-11]
[2026-02-11T09:01:28.262Z] INFO Activity Executor taskQueue="hydra-billing-tasks", namespace="ncm-cg": 3 EntitiesWriter:169 [] No configuration found clusterId: [00063fb0-c3eb-3105-0000-00000001c483] on date: [2026-02-11]
[2026-02-11T09:01:28.262Z] INFO Activity Executor taskQueue="hydra-billing-tasks", namespace="ncm-cg": 3 EntitiesWriter:169 [] No configuration found clusterId: [00063fb0-c3eb-3105-0000-00000001c483] on date: [2026-02-11]
[2026-02-11T09:01:28.263Z] INFO Activity Executor taskQueue="hydra-billing-tasks", namespace="ncm-cg": 3 EntitiesWriter:169 [] No configuration found clusterId: [00063fb0-c3eb-3105-0000-00000001c483] on date: [2026-02-11]
[2026-02-11T09:01:28.263Z] INFO Activity Executor taskQueue="hydra-billing-tasks", namespace="ncm-cg": 3 EntitiesWriter:169 [] No configuration found clusterId: [00063fb0-c3eb-3105-0000-00000001c483] on date: [2026-02-11]
[2026-02-11T09:01:28.263Z] INFO Activity Executor taskQueue="hydra-billing-tasks", namespace="ncm-cg": 3 EntitiesWriter:169 [] No configuration found clusterId: [00063fb0-c3eb-3105-0000-00000001c483] on date: [2026-02-11]
[2026-02-11T09:01:28.263Z] INFO Activity Executor taskQueue="hydra-billing-tasks", namespace="ncm-cg": 3 EntitiesWriter:169 [] No configuration found clusterId: [00063fb0-c3eb-3105-0000-00000001c483] on date: [2026-02-11]
[2026-02-11T09:01:28.263Z] INFO Activity Executor taskQueue="hydra-billing-tasks", namespace="ncm-cg": 3 EntitiesWriter:169 [] No configuration found clusterId: [00063fb0-c3eb-3105-0000-00000001c483] on date: [2026-02-11]
[2026-02-11T09:01:28.263Z] INFO Activity Executor taskQueue="hydra-billing-tasks", namespace="ncm-cg": 3 EntitiesWriter:169 [] No configuration found clusterId: [00063fb0-c3eb-3105-0000-00000001c483] on date: [2026-02-11]
[2026-02-11T09:01:28.263Z] INFO Activity Executor taskQueue="hydra-billing-tasks", namespace="ncm-cg": 3 EntitiesWriter:169 [] No configuration found clusterId: [00063fb0-c3eb-3105-0000-00000001c483] on date: [2026-02-11]
[2026-02-11T09:01:28.263Z] INFO Activity Executor taskQueue="hydra-billing-tasks", namespace="ncm-cg": 3 EntitiesWriter:169 [] No configuration found clusterId: [00063fb0-c3eb-3105-0000-00000001c483] on date: [2026-02-11]
[2026-02-11T09:01:28.263Z] INFO Activity Executor taskQueue="hydra-billing-tasks", namespace="ncm-cg": 3 EntitiesWriter:169 [] No configuration found clusterId: [00063fb0-c3eb-3105-0000-00000001c483] on date: [2026-02-11]
[2026-02-11T09:01:28.263Z] INFO Activity Executor taskQueue="hydra-billing-tasks", namespace="ncm-cg": 3 EntitiesWriter:169 [] No configuration found clusterId: [00063fb0-c3eb-3105-0000-00000001c483] on date: [2026-02-11]
[2026-02-11T09:01:28.263Z] INFO Activity Executor taskQueue="hydra-billing-tasks", namespace="ncm-cg": 3 EntitiesWriter:169 [] No configuration found clusterId: [00063fb0-c3eb-3105-0000-00000001c483] on date: [2026-02-11]
[2026-02-11T09:01:28.263Z] INFO Activity Executor taskQueue="hydra-billing-tasks", namespace="ncm-cg": 3 EntitiesWriter:169 [] No configuration found clusterId: [00063fb0-c3eb-3105-0000-00000001c483] on date: [2026-02-11]
[2026-02-11T09:01:28.263Z] INFO Activity Executor taskQueue="hydra-billing-tasks", namespace="ncm-cg": 3 EntitiesWriter:169 [] No configuration found clusterId: [00063fb0-c3eb-3105-0000-00000001c483] on date: [2026-02-11]
[2026-02-11T09:01:28.263Z] INFO Activity Executor taskQueue="hydra-billing-tasks", namespace="ncm-cg": 3 EntitiesWriter:169 [] No configuration found clusterId: [00063fb0-c3eb-3105-0000-00000001c483] on date: [2026-02-11]
[2026-02-11T09:01:28.263Z] INFO Activity Executor taskQueue="hydra-billing-tasks", namespace="ncm-cg": 3 EntitiesWriter:169 [] No configuration found clusterId: [00063fb0-c3eb-3105-0000-00000001c483] on date: [2026-02-11]
[2026-02-11T09:01:28.263Z] INFO Activity Executor taskQueue="hydra-billing-tasks", namespace="ncm-cg": 3 EntitiesWriter:169 [] No configuration found clusterId: [00063fb0-c3eb-3105-0000-00000001c483] on date: [2026-02-11]
[2026-02-11T09:01:28.263Z] INFO Activity Executor taskQueue="hydra-billing-tasks", namespace="ncm-cg": 3 EntitiesWriter:169 [] No configuration found clusterId: [00063fb0-c3eb-3105-0000-00000001c483] on date: [2026-02-11]
[2026-02-11T09:01:28.264Z] INFO Activity Executor taskQueue="hydra-billing-tasks", namespace="ncm-cg": 3 EntitiesWriter:169 [] No configuration found clusterId: [00063fb0-c3eb-3105-0000-00000001c483] on date: [2026-02-11]
[2026-02-11T09:01:28.264Z] INFO Activity Executor taskQueue="hydra-billing-tasks", namespace="ncm-cg": 3 EntitiesWriter:169 [] No configuration found clusterId: [00063fb0-c3eb-3105-0000-00000001c483] on date: [2026-02-11]
[2026-02-11T09:01:28.264Z] INFO Activity Executor taskQueue="hydra-billing-tasks", namespace="ncm-cg": 3 EntitiesWriter:169 [] No configuration found clusterId: [00063fb0-c3eb-3105-0000-00000001c483] on date: [2026-02-11]
[2026-02-11T09:01:28.264Z] INFO Activity Executor taskQueue="hydra-billing-tasks", namespace="ncm-cg": 3 EntitiesWriter:169 [] No configuration found clusterId: [00063fb0-c3eb-3105-0000-00000001c483] on date: [2026-02-11]
[2026-02-11T09:01:28.264Z] INFO Activity Executor taskQueue="hydra-billing-tasks", namespace="ncm-cg": 3 EntitiesWriter:169 [] No configuration found clusterId: [00063fb0-c3eb-3105-0000-00000001c483] on date: [2026-02-11]
[2026-02-11T09:01:28.264Z] INFO Activity Executor taskQueue="hydra-billing-tasks", namespace="ncm-cg": 3 EntitiesWriter:169 [] No configuration found clusterId: [00063fb0-c3eb-3105-0000-00000001c483] on date: [2026-02-11]
[2026-02-11T09:01:28.264Z] INFO Activity Executor taskQueue="hydra-billing-tasks", namespace="ncm-cg": 3 EntitiesWriter:169 [] No configuration found clusterId: [00063fb0-c3eb-3105-0000-00000001c483] on date: [2026-02-11]
[2026-02-11T09:01:28.264Z] INFO Activity Executor taskQueue="hydra-billing-tasks", namespace="ncm-cg": 3 EntitiesWriter:169 [] No configuration found clusterId: [00063fb0-c3eb-3105-0000-00000001c483] on date: [2026-02-11]
[2026-02-11T09:01:28.264Z] INFO Activity Executor taskQueue="hydra-billing-tasks", namespace="ncm-cg": 3 EntitiesWriter:169 [] No configuration found clusterId: [00063fb0-c3eb-3105-0000-00000001c483] on date: [2026-02-11]
[2026-02-11T09:01:28.264Z] INFO Activity Executor taskQueue="hydra-billing-tasks", namespace="ncm-cg": 3 EntitiesWriter:169 [] No configuration found clusterId: [00063fb0-c3eb-3105-0000-00000001c483] on date: [2026-02-11]
[2026-02-11T09:01:28.264Z] INFO Activity Executor taskQueue="hydra-billing-tasks", namespace="ncm-cg": 3 EntitiesWriter:169 [] No configuration found clusterId: [00063fb0-c3eb-3105-0000-00000001c483] on date: [2026-02-11]
[2026-02-11T09:01:28.264Z] INFO Activity Executor taskQueue="hydra-billing-tasks", namespace="ncm-cg": 3 EntitiesWriter:169 [] No configuration found clusterId: [00063fb0-c3eb-3105-0000-00000001c483] on date: [2026-02-11]
[2026-02-11T09:01:28.264Z] INFO Activity Executor taskQueue="hydra-billing-tasks", namespace="ncm-cg": 3 EntitiesWriter:169 [] No configuration found clusterId: [00063fb0-c3eb-3105-0000-00000001c483] on date: [2026-02-11]
[2026-02-11T09:01:28.264Z] INFO Activity Executor taskQueue="hydra-billing-tasks", namespace="ncm-cg": 3 EntitiesWriter:169 [] No configuration found clusterId: [00063fb0-c3eb-3105-0000-00000001c483] on date: [2026-02-11]
[2026-02-11T09:01:28.264Z] INFO Activity Executor taskQueue="hydra-billing-tasks", namespace="ncm-cg": 3 EntitiesWriter:169 [] No configuration found clusterId: [00063fb0-c3eb-3105-0000-00000001c483] on date: [2026-02-11]
[2026-02-11T09:01:28.265Z] INFO Activity Executor taskQueue="hydra-billing-tasks", namespace="ncm-cg": 3 EntitiesWriter:169 [] No configuration found clusterId: [00063fb0-c3eb-3105-0000-00000001c483] on date: [2026-02-11]
[2026-02-11T09:01:28.265Z] INFO Activity Executor taskQueue="hydra-billing-tasks", namespace="ncm-cg": 3 EntitiesWriter:169 [] No configuration found clusterId: [00063fb0-c3eb-3105-0000-00000001c483] on date: [2026-02-11]
[2026-02-11T09:01:28.265Z] INFO Activity Executor taskQueue="hydra-billing-tasks", namespace="ncm-cg": 3 EntitiesWriter:169 [] No configuration found clusterId: [00063fb0-c3eb-3105-0000-00000001c483] on date: [2026-02-11]
[2026-02-11T09:01:28.265Z] INFO Activity Executor taskQueue="hydra-billing-tasks", namespace="ncm-cg": 3 EntitiesWriter:169 [] No configuration found clusterId: [00063fb0-c3eb-3105-0000-00000001c483] on date: [2026-02-11]
[2026-02-11T09:01:28.265Z] INFO Activity Executor taskQueue="hydra-billing-tasks", namespace="ncm-cg": 3 EntitiesWriter:169 [] No configuration found clusterId: [00063fb0-c3eb-3105-0000-00000001c483] on date: [2026-02-11]
[2026-02-11T09:01:28.265Z] INFO Activity Executor taskQueue="hydra-billing-tasks", namespace="ncm-cg": 3 EntitiesWriter:169 [] No configuration found clusterId: [00063fb0-c3eb-3105-0000-00000001c483] on date: [2026-02-11]
[2026-02-11T09:01:28.265Z] INFO Activity Executor taskQueue="hydra-billing-tasks", namespace="ncm-cg": 3 EntitiesWriter:169 [] No configuration found clusterId: [00063fb0-c3eb-3105-0000-00000001c483] on date: [2026-02-11]
[2026-02-11T09:01:28.265Z] INFO Activity Executor taskQueue="hydra-billing-tasks", namespace="ncm-cg": 3 EntitiesWriter:169 [] No configuration found clusterId: [00063fb0-c3eb-3105-0000-00000001c483] on date: [2026-02-11]
[2026-02-11T09:01:28.265Z] INFO Activity Executor taskQueue="hydra-billing-tasks", namespace="ncm-cg": 3 EntitiesWriter:169 [] No configuration found clusterId: [00063fb0-c3eb-3105-0000-00000001c483] on date: [2026-02-11]
[2026-02-11T09:01:28.265Z] INFO Activity Executor taskQueue="hydra-billing-tasks", namespace="ncm-cg": 3 EntitiesWriter:169 [] No configuration found clusterId: [00063fb0-c3eb-3105-0000-00000001c483] on date: [2026-02-11]
[2026-02-11T09:01:28.265Z] INFO Activity Executor taskQueue="hydra-billing-tasks", namespace="ncm-cg": 3 EntitiesWriter:169 [] No configuration found clusterId: [00063fb0-c3eb-3105-0000-00000001c483] on date: [2026-02-11]
[2026-02-11T09:01:28.265Z] INFO Activity Executor taskQueue="hydra-billing-tasks", namespace="ncm-cg": 3 EntitiesWriter:169 [] No configuration found clusterId: [00063fb0-c3eb-3105-0000-00000001c483] on date: [2026-02-11]
[2026-02-11T09:01:28.265Z] INFO Activity Executor taskQueue="hydra-billing-tasks", namespace="ncm-cg": 3 EntitiesWriter:169 [] No configuration found clusterId: [00063fb0-c3eb-3105-0000-00000001c483] on date: [2026-02-11]
[2026-02-11T09:01:28.266Z] INFO Activity Executor taskQueue="hydra-billing-tasks", namespace="ncm-cg": 3 EntitiesWriter:169 [] No configuration found clusterId: [00063fb0-c3eb-3105-0000-00000001c483] on date: [2026-02-11]
[2026-02-11T09:01:28.266Z] INFO Activity Executor taskQueue="hydra-billing-tasks", namespace="ncm-cg": 3 EntitiesWriter:169 [] No configuration found clusterId: [00063fb0-c3eb-3105-0000-00000001c483] on date: [2026-02-11]
[2026-02-11T09:01:28.266Z] INFO Activity Executor taskQueue="hydra-billing-tasks", namespace="ncm-cg": 3 EntitiesWriter:169 [] No configuration found clusterId: [00063fb0-c3eb-3105-0000-00000001c483] on date: [2026-02-11]
[2026-02-11T09:01:28.266Z] INFO Activity Executor taskQueue="hydra-billing-tasks", namespace="ncm-cg": 3 EntitiesWriter:169 [] No configuration found clusterId: [00063fb0-c3eb-3105-0000-00000001c483] on date: [2026-02-11]
[2026-02-11T09:01:28.266Z] INFO Activity Executor taskQueue="hydra-billing-tasks", namespace="ncm-cg": 3 EntitiesWriter:169 [] No configuration found clusterId: [00063fb0-c3eb-3105-0000-00000001c483] on date: [2026-02-11]
[2026-02-11T09:01:28.266Z] INFO Activity Executor taskQueue="hydra-billing-tasks", namespace="ncm-cg": 3 EntitiesWriter:169 [] No configuration found clusterId: [00063fb0-c3eb-3105-0000-00000001c483] on date: [2026-02-11]
[2026-02-11T09:01:28.266Z] INFO Activity Executor taskQueue="hydra-billing-tasks", namespace="ncm-cg": 3 EntitiesWriter:169 [] No configuration found clusterId: [00063fb0-c3eb-3105-0000-00000001c483] on date: [2026-02-11]
[2026-02-11T09:01:28.266Z] INFO Activity Executor taskQueue="hydra-billing-tasks", namespace="ncm-cg": 3 EntitiesWriter:169 [] No configuration found clusterId: [00063fb0-c3eb-3105-0000-00000001c483] on date: [2026-02-11]
[2026-02-11T09:01:28.266Z] INFO Activity Executor taskQueue="hydra-billing-tasks", namespace="ncm-cg": 3 EntitiesWriter:169 [] No configuration found clusterId: [00063fb0-c3eb-3105-0000-00000001c483] on date: [2026-02-11]
[2026-02-11T09:01:28.266Z] INFO Activity Executor taskQueue="hydra-billing-tasks", namespace="ncm-cg": 3 EntitiesWriter:169 [] No configuration found clusterId: [00063fb0-c3eb-3105-0000-00000001c483] on date: [2026-02-11]
[2026-02-11T09:01:28.266Z] INFO Activity Executor taskQueue="hydra-billing-tasks", namespace="ncm-cg": 3 EntitiesWriter:169 [] No configuration found clusterId: [00063fb0-c3eb-3105-0000-00000001c483] on date: [2026-02-11]
[2026-02-11T09:01:28.266Z] INFO Activity Executor taskQueue="hydra-billing-tasks", namespace="ncm-cg": 3 EntitiesWriter:169 [] No configuration found clusterId: [00063fb0-c3eb-3105-0000-00000001c483] on date: [2026-02-11]
[2026-02-11T09:01:28.266Z] INFO Activity Executor taskQueue="hydra-billing-tasks", namespace="ncm-cg": 3 EntitiesWriter:169 [] No configuration found clusterId: [00063fb0-c3eb-3105-0000-00000001c483] on date: [2026-02-11]
[2026-02-11T09:01:28.266Z] INFO Activity Executor taskQueue="hydra-billing-tasks", namespace="ncm-cg": 3 EntitiesWriter:169 [] No configuration found clusterId: [00063fb0-c3eb-3105-0000-00000001c483] on date: [2026-02-11]
[2026-02-11T09:01:28.266Z] INFO Activity Executor taskQueue="hydra-billing-tasks", namespace="ncm-cg": 3 EntitiesWriter:169 [] No configuration found clusterId: [00063fb0-c3eb-3105-0000-00000001c483] on date: [2026-02-11]
[2026-02-11T09:01:28.266Z] INFO Activity Executor taskQueue="hydra-billing-tasks", namespace="ncm-cg": 3 EntitiesWriter:169 [] No configuration found clusterId: [00063fb0-c3eb-3105-0000-00000001c483] on date: [2026-02-11]
[2026-02-11T09:01:28.266Z] INFO Activity Executor taskQueue="hydra-billing-tasks", namespace="ncm-cg": 3 EntitiesWriter:169 [] No configuration found clusterId: [00063fb0-c3eb-3105-0000-00000001c483] on date: [2026-02-11]
[2026-02-11T09:01:28.267Z] INFO Activity Executor taskQueue="hydra-billing-tasks", namespace="ncm-cg": 3 EntitiesWriter:169 [] No configuration found clusterId: [00063fb0-c3eb-3105-0000-00000001c483] on date: [2026-02-11]
[2026-02-11T09:01:28.267Z] INFO Activity Executor taskQueue="hydra-billing-tasks", namespace="ncm-cg": 3 EntitiesWriter:169 [] No configuration found clusterId: [00063fb0-c3eb-3105-0000-00000001c483] on date: [2026-02-11]
[2026-02-11T09:01:28.267Z] INFO Activity Executor taskQueue="hydra-billing-tasks", namespace="ncm-cg": 3 EntitiesWriter:169 [] No configuration found clusterId: [00063fb0-c3eb-3105-0000-00000001c483] on date: [2026-02-11]
[2026-02-11T09:01:28.267Z] INFO Activity Executor taskQueue="hydra-billing-tasks", namespace="ncm-cg": 3 EntitiesWriter:169 [] No configuration found clusterId: [00063fb0-c3eb-3105-0000-00000001c483] on date: [2026-02-11]
[2026-02-11T09:01:28.267Z] INFO Activity Executor taskQueue="hydra-billing-tasks", namespace="ncm-cg": 3 EntitiesWriter:169 [] No configuration found clusterId: [00063fb0-c3eb-3105-0000-00000001c483] on date: [2026-02-11]
[2026-02-11T09:01:28.267Z] INFO Activity Executor taskQueue="hydra-billing-tasks", namespace="ncm-cg": 3 EntitiesWriter:169 [] No configuration found clusterId: [00063fb0-c3eb-3105-0000-00000001c483] on date: [2026-02-11]
[2026-02-11T09:01:28.267Z] INFO Activity Executor taskQueue="hydra-billing-tasks", namespace="ncm-cg": 3 EntitiesWriter:169 [] No configuration found clusterId: [00063fb0-c3eb-3105-0000-00000001c483] on date: [2026-02-11]
[2026-02-11T09:01:28.267Z] INFO Activity Executor taskQueue="hydra-billing-tasks", namespace="ncm-cg": 3 EntitiesWriter:169 [] No configuration found clusterId: [00063fb0-c3eb-3105-0000-00000001c483] on date: [2026-02-11]
[2026-02-11T09:01:28.267Z] INFO Activity Executor taskQueue="hydra-billing-tasks", namespace="ncm-cg": 3 EntitiesWriter:169 [] No configuration found clusterId: [00063fb0-c3eb-3105-0000-00000001c483] on date: [2026-02-11]
[2026-02-11T09:01:28.267Z] INFO Activity Executor taskQueue="hydra-billing-tasks", namespace="ncm-cg": 3 EntitiesWriter:169 [] No configuration found clusterId: [00063fb0-c3eb-3105-0000-00000001c483] on date: [2026-02-11]
[2026-02-11T09:01:28.267Z] INFO Activity Executor taskQueue="hydra-billing-tasks", namespace="ncm-cg": 3 EntitiesWriter:169 [] No configuration found clusterId: [00063fb0-c3eb-3105-0000-00000001c483] on date: [2026-02-11]
[2026-02-11T09:01:28.267Z] INFO Activity Executor taskQueue="hydra-billing-tasks", namespace="ncm-cg": 3 EntitiesWriter:169 [] No configuration found clusterId: [00063fb0-c3eb-3105-0000-00000001c483] on date: [2026-02-11]
[2026-02-11T09:01:28.267Z] INFO Activity Executor taskQueue="hydra-billing-tasks", namespace="ncm-cg": 3 EntitiesWriter:169 [] No configuration found clusterId: [00063fb0-c3eb-3105-0000-00000001c483] on date: [2026-02-11]
[2026-02-11T09:01:28.267Z] INFO Activity Executor taskQueue="hydra-billing-tasks", namespace="ncm-cg": 3 EntitiesWriter:169 [] No configuration found clusterId: [00063fb0-c3eb-3105-0000-00000001c483] on date: [2026-02-11]
[2026-02-11T09:01:28.268Z] INFO Activity Executor taskQueue="hydra-billing-tasks", namespace="ncm-cg": 3 EntitiesWriter:169 [] No configuration found clusterId: [00063fb0-c3eb-3105-0000-00000001c483] on date: [2026-02-11]
[2026-02-11T09:01:28.268Z] INFO Activity Executor taskQueue="hydra-billing-tasks", namespace="ncm-cg": 3 EntitiesWriter:169 [] No configuration found clusterId: [00063fb0-c3eb-3105-0000-00000001c483] on date: [2026-02-11]
[2026-02-11T09:01:28.268Z] INFO Activity Executor taskQueue="hydra-billing-tasks", namespace="ncm-cg": 3 EntitiesWriter:169 [] No configuration found clusterId: [00063fb0-c3eb-3105-0000-00000001c483] on date: [2026-02-11]
[2026-02-11T09:01:28.268Z] INFO Activity Executor taskQueue="hydra-billing-tasks", namespace="ncm-cg": 3 EntitiesWriter:169 [] No configuration found clusterId: [00063fb0-c3eb-3105-0000-00000001c483] on date: [2026-02-11]
[2026-02-11T09:01:28.268Z] INFO Activity Executor taskQueue="hydra-billing-tasks", namespace="ncm-cg": 3 EntitiesWriter:169 [] No configuration found clusterId: [00063fb0-c3eb-3105-0000-00000001c483] on date: [2026-02-11]
[2026-02-11T09:01:28.268Z] INFO Activity Executor taskQueue="hydra-billing-tasks", namespace="ncm-cg": 3 EntitiesWriter:169 [] No configuration found clusterId: [00063fb0-c3eb-3105-0000-00000001c483] on date: [2026-02-11]
[2026-02-11T09:01:28.268Z] INFO Activity Executor taskQueue="hydra-billing-tasks", namespace="ncm-cg": 3 EntitiesWriter:169 [] No configuration found clusterId: [00063fb0-c3eb-3105-0000-00000001c483] on date: [2026-02-11]
[2026-02-11T09:01:28.268Z] INFO Activity Executor taskQueue="hydra-billing-tasks", namespace="ncm-cg": 3 EntitiesWriter:169 [] No configuration found clusterId: [00063fb0-c3eb-3105-0000-00000001c483] on date: [2026-02-11]
[2026-02-11T09:01:28.268Z] INFO Activity Executor taskQueue="hydra-billing-tasks", namespace="ncm-cg": 3 EntitiesWriter:169 [] No configuration found clusterId: [00063fb0-c3eb-3105-0000-00000001c483] on date: [2026-02-11]
[2026-02-11T09:01:28.268Z] INFO Activity Executor taskQueue="hydra-billing-tasks", namespace="ncm-cg": 3 EntitiesWriter:169 [] No configuration found clusterId: [00063fb0-c3eb-3105-0000-00000001c483] on date: [2026-02-11]
[2026-02-11T09:01:28.268Z] INFO Activity Executor taskQueue="hydra-billing-tasks", namespace="ncm-cg": 3 EntitiesWriter:169 [] No configuration found clusterId: [00063fb0-c3eb-3105-0000-00000001c483] on date: [2026-02-11]
[2026-02-11T09:01:28.268Z] INFO Activity Executor taskQueue="hydra-billing-tasks", namespace="ncm-cg": 3 EntitiesWriter:169 [] No configuration found clusterId: [00063fb0-c3eb-3105-0000-00000001c483] on date: [2026-02-11]
[2026-02-11T09:01:28.268Z] INFO Activity Executor taskQueue="hydra-billing-tasks", namespace="ncm-cg": 3 EntitiesWriter:169 [] No configuration found clusterId: [00063fb0-c3eb-3105-0000-00000001c483] on date: [2026-02-11]
[2026-02-11T09:01:28.269Z] INFO Activity Executor taskQueue="hydra-billing-tasks", namespace="ncm-cg": 3 EntitiesWriter:169 [] No configuration found clusterId: [00063fb0-c3eb-3105-0000-00000001c483] on date: [2026-02-11]
[2026-02-11T09:01:28.269Z] INFO Activity Executor taskQueue="hydra-billing-tasks", namespace="ncm-cg": 3 EntitiesWriter:169 [] No configuration found clusterId: [00063fb0-c3eb-3105-0000-00000001c483] on date: [2026-02-11]
[2026-02-11T09:01:28.269Z] INFO Activity Executor taskQueue="hydra-billing-tasks", namespace="ncm-cg": 3 EntitiesWriter:169 [] No configuration found clusterId: [00063fb0-c3eb-3105-0000-00000001c483] on date: [2026-02-11]
[2026-02-11T09:01:28.269Z] INFO Activity Executor taskQueue="hydra-billing-tasks", namespace="ncm-cg": 3 EntitiesWriter:169 [] No configuration found clusterId: [00063fb0-c3eb-3105-0000-00000001c483] on date: [2026-02-11]
[2026-02-11T09:01:28.269Z] INFO Activity Executor taskQueue="hydra-billing-tasks", namespace="ncm-cg": 3 EntitiesWriter:169 [] No configuration found clusterId: [00063fb0-c3eb-3105-0000-00000001c483] on date: [2026-02-11]
[2026-02-11T09:01:28.269Z] INFO Activity Executor taskQueue="hydra-billing-tasks", namespace="ncm-cg": 3 EntitiesWriter:169 [] No configuration found clusterId: [00063fb0-c3eb-3105-0000-00000001c483] on date: [2026-02-11]
[2026-02-11T09:01:28.269Z] INFO Activity Executor taskQueue="hydra-billing-tasks", namespace="ncm-cg": 3 EntitiesWriter:169 [] No configuration found clusterId: [00063fb0-c3eb-3105-0000-00000001c483] on date: [2026-02-11]
[2026-02-11T09:01:28.269Z] INFO Activity Executor taskQueue="hydra-billing-tasks", namespace="ncm-cg": 3 EntitiesWriter:169 [] No configuration found clusterId: [00063fb0-c3eb-3105-0000-00000001c483] on date: [2026-02-11]
[2026-02-11T09:01:28.269Z] INFO Activity Executor taskQueue="hydra-billing-tasks", namespace="ncm-cg": 3 EntitiesWriter:169 [] No configuration found clusterId: [00063fb0-c3eb-3105-0000-00000001c483] on date: [2026-02-11]
[2026-02-11T09:01:28.269Z] INFO Activity Executor taskQueue="hydra-billing-tasks", namespace="ncm-cg": 3 EntitiesWriter:169 [] No configuration found clusterId: [00063fb0-c3eb-3105-0000-00000001c483] on date: [2026-02-11]
[2026-02-11T09:01:28.269Z] INFO Activity Executor taskQueue="hydra-billing-tasks", namespace="ncm-cg": 3 EntitiesWriter:169 [] No configuration found clusterId: [00063fb0-c3eb-3105-0000-00000001c483] on date: [2026-02-11]
[2026-02-11T09:01:28.269Z] INFO Activity Executor taskQueue="hydra-billing-tasks", namespace="ncm-cg": 3 EntitiesWriter:169 [] No configuration found clusterId: [00063fb0-c3eb-3105-0000-00000001c483] on date: [2026-02-11]
[2026-02-11T09:01:28.269Z] INFO Activity Executor taskQueue="hydra-billing-tasks", namespace="ncm-cg": 3 EntitiesWriter:169 [] No configuration found clusterId: [00063fb0-c3eb-3105-0000-00000001c483] on date: [2026-02-11]
[2026-02-11T09:01:28.269Z] INFO Activity Executor taskQueue="hydra-billing-tasks", namespace="ncm-cg": 3 EntitiesWriter:169 [] No configuration found clusterId: [00063fb0-c3eb-3105-0000-00000001c483] on date: [2026-02-11]
[2026-02-11T09:01:28.270Z] INFO Activity Executor taskQueue="hydra-billing-tasks", namespace="ncm-cg": 3 EntitiesWriter:169 [] No configuration found clusterId: [00063fb0-c3eb-3105-0000-00000001c483] on date: [2026-02-11]
[2026-02-11T09:01:28.270Z] INFO Activity Executor taskQueue="hydra-billing-tasks", namespace="ncm-cg": 3 EntitiesWriter:169 [] No configuration found clusterId: [00063fb0-c3eb-3105-0000-00000001c483] on date: [2026-02-11]
[2026-02-11T09:01:28.270Z] INFO Activity Executor taskQueue="hydra-billing-tasks", namespace="ncm-cg": 3 EntitiesWriter:169 [] No configuration found clusterId: [00063fb0-c3eb-3105-0000-00000001c483] on date: [2026-02-11]
[2026-02-11T09:01:28.270Z] INFO Activity Executor taskQueue="hydra-billing-tasks", namespace="ncm-cg": 3 EntitiesWriter:169 [] No configuration found clusterId: [00063fb0-c3eb-3105-0000-00000001c483] on date: [2026-02-11]
[2026-02-11T09:01:28.270Z] INFO Activity Executor taskQueue="hydra-billing-tasks", namespace="ncm-cg": 3 EntitiesWriter:169 [] No configuration found clusterId: [00063fb0-c3eb-3105-0000-00000001c483] on date: [2026-02-11]
[2026-02-11T09:01:28.270Z] INFO Activity Executor taskQueue="hydra-billing-tasks", namespace="ncm-cg": 3 EntitiesWriter:169 [] No configuration found clusterId: [00063fb0-c3eb-3105-0000-00000001c483] on date: [2026-02-11]
[2026-02-11T09:01:28.270Z] INFO Activity Executor taskQueue="hydra-billing-tasks", namespace="ncm-cg": 3 EntitiesWriter:169 [] No configuration found clusterId: [00063fb0-c3eb-3105-0000-00000001c483] on date: [2026-02-11]
[2026-02-11T09:01:28.270Z] INFO Activity Executor taskQueue="hydra-billing-tasks", namespace="ncm-cg": 3 EntitiesWriter:169 [] No configuration found clusterId: [00063fb0-c3eb-3105-0000-00000001c483] on date: [2026-02-11]
[2026-02-11T09:01:28.270Z] INFO Activity Executor taskQueue="hydra-billing-tasks", namespace="ncm-cg": 3 EntitiesWriter:169 [] No configuration found clusterId: [00063fb0-c3eb-3105-0000-00000001c483] on date: [2026-02-11]
[2026-02-11T09:01:28.270Z] INFO Activity Executor taskQueue="hydra-billing-tasks", namespace="ncm-cg": 3 EntitiesWriter:169 [] No configuration found clusterId: [00063fb0-c3eb-3105-0000-00000001c483] on date: [2026-02-11]
[2026-02-11T09:01:28.270Z] INFO Activity Executor taskQueue="hydra-billing-tasks", namespace="ncm-cg": 3 EntitiesWriter:169 [] No configuration found clusterId: [00063fb0-c3eb-3105-0000-00000001c483] on date: [2026-02-11]
[2026-02-11T09:01:28.270Z] INFO Activity Executor taskQueue="hydra-billing-tasks", namespace="ncm-cg": 3 EntitiesWriter:169 [] No configuration found clusterId: [00063fb0-c3eb-3105-0000-00000001c483] on date: [2026-02-11]
[2026-02-11T09:01:28.270Z] INFO Activity Executor taskQueue="hydra-billing-tasks", namespace="ncm-cg": 3 EntitiesWriter:169 [] No configuration found clusterId: [00063fb0-c3eb-3105-0000-00000001c483] on date: [2026-02-11]
[2026-02-11T09:01:28.271Z] INFO Activity Executor taskQueue="hydra-billing-tasks", namespace="ncm-cg": 3 EntitiesWriter:169 [] No configuration found clusterId: [00063fb0-c3eb-3105-0000-00000001c483] on date: [2026-02-11]
[2026-02-11T09:01:28.271Z] INFO Activity Executor taskQueue="hydra-billing-tasks", namespace="ncm-cg": 3 EntitiesWriter:169 [] No configuration found clusterId: [00063fb0-c3eb-3105-0000-00000001c483] on date: [2026-02-11]
[2026-02-11T09:01:28.271Z] INFO Activity Executor taskQueue="hydra-billing-tasks", namespace="ncm-cg": 3 EntitiesWriter:169 [] No configuration found clusterId: [00063fb0-c3eb-3105-0000-00000001c483] on date: [2026-02-11]
[2026-02-11T09:01:28.271Z] INFO Activity Executor taskQueue="hydra-billing-tasks", namespace="ncm-cg": 3 EntitiesWriter:169 [] No configuration found clusterId: [00063fb0-c3eb-3105-0000-00000001c483] on date: [2026-02-11]
[2026-02-11T09:01:28.271Z] INFO Activity Executor taskQueue="hydra-billing-tasks", namespace="ncm-cg": 3 EntitiesWriter:169 [] No configuration found clusterId: [00063fb0-c3eb-3105-0000-00000001c483] on date: [2026-02-11]
[2026-02-11T09:01:28.271Z] INFO Activity Executor taskQueue="hydra-billing-tasks", namespace="ncm-cg": 3 EntitiesWriter:169 [] No configuration found clusterId: [00063fb0-c3eb-3105-0000-00000001c483] on date: [2026-02-11]
[2026-02-11T09:01:28.271Z] INFO Activity Executor taskQueue="hydra-billing-tasks", namespace="ncm-cg": 3 EntitiesWriter:169 [] No configuration found clusterId: [00063fb0-c3eb-3105-0000-00000001c483] on date: [2026-02-11]
[2026-02-11T09:01:28.271Z] INFO Activity Executor taskQueue="hydra-billing-tasks", namespace="ncm-cg": 3 EntitiesWriter:169 [] No configuration found clusterId: [00063fb0-c3eb-3105-0000-00000001c483] on date: [2026-02-11]
[2026-02-11T09:01:28.271Z] INFO Activity Executor taskQueue="hydra-billing-tasks", namespace="ncm-cg": 3 EntitiesWriter:169 [] No configuration found clusterId: [00063fb0-c3eb-3105-0000-00000001c483] on date: [2026-02-11]
[2026-02-11T09:01:28.271Z] INFO Activity Executor taskQueue="hydra-billing-tasks", namespace="ncm-cg": 3 EntitiesWriter:169 [] No configuration found clusterId: [00063fb0-c3eb-3105-0000-00000001c483] on date: [2026-02-11]
[2026-02-11T09:01:28.271Z] INFO Activity Executor taskQueue="hydra-billing-tasks", namespace="ncm-cg": 3 EntitiesWriter:169 [] No configuration found clusterId: [00063fb0-c3eb-3105-0000-00000001c483] on date: [2026-02-11]
[2026-02-11T09:01:28.271Z] INFO Activity Executor taskQueue="hydra-billing-tasks", namespace="ncm-cg": 3 EntitiesWriter:169 [] No configuration found clusterId: [00063fb0-c3eb-3105-0000-00000001c483] on date: [2026-02-11]
[2026-02-11T09:01:28.271Z] INFO Activity Executor taskQueue="hydra-billing-tasks", namespace="ncm-cg": 3 EntitiesWriter:169 [] No configuration found clusterId: [00063fb0-c3eb-3105-0000-00000001c483] on date: [2026-02-11]
[2026-02-11T09:01:28.271Z] INFO Activity Executor taskQueue="hydra-billing-tasks", namespace="ncm-cg": 3 EntitiesWriter:169 [] No configuration found clusterId: [00063fb0-c3eb-3105-0000-00000001c483] on date: [2026-02-11]
[2026-02-11T09:01:28.272Z] INFO Activity Executor taskQueue="hydra-billing-tasks", namespace="ncm-cg": 3 EntitiesWriter:169 [] No configuration found clusterId: [00063fb0-c3eb-3105-0000-00000001c483] on date: [2026-02-11]
[2026-02-11T09:01:28.272Z] INFO Activity Executor taskQueue="hydra-billing-tasks", namespace="ncm-cg": 3 EntitiesWriter:169 [] No configuration found clusterId: [00063fb0-c3eb-3105-0000-00000001c483] on date: [2026-02-11]
[2026-02-11T09:01:28.272Z] INFO Activity Executor taskQueue="hydra-billing-tasks", namespace="ncm-cg": 3 EntitiesWriter:169 [] No configuration found clusterId: [00063fb0-c3eb-3105-0000-00000001c483] on date: [2026-02-11]
[2026-02-11T09:01:28.272Z] INFO Activity Executor taskQueue="hydra-billing-tasks", namespace="ncm-cg": 3 EntitiesWriter:169 [] No configuration found clusterId: [00063fb0-c3eb-3105-0000-00000001c483] on date: [2026-02-11]
[2026-02-11T09:01:28.272Z] INFO Activity Executor taskQueue="hydra-billing-tasks", namespace="ncm-cg": 3 EntitiesWriter:169 [] No configuration found clusterId: [00063fb0-c3eb-3105-0000-00000001c483] on date: [2026-02-11]
[2026-02-11T09:01:28.272Z] INFO Activity Executor taskQueue="hydra-billing-tasks", namespace="ncm-cg": 3 EntitiesWriter:169 [] No configuration found clusterId: [00063fb0-c3eb-3105-0000-00000001c483] on date: [2026-02-11]
[2026-02-11T09:01:28.272Z] INFO Activity Executor taskQueue="hydra-billing-tasks", namespace="ncm-cg": 3 EntitiesWriter:169 [] No configuration found clusterId: [00063fb0-c3eb-3105-0000-00000001c483] on date: [2026-02-11]
[2026-02-11T09:01:28.272Z] INFO Activity Executor taskQueue="hydra-billing-tasks", namespace="ncm-cg": 3 EntitiesWriter:169 [] No configuration found clusterId: [00063fb0-c3eb-3105-0000-00000001c483] on date: [2026-02-11]
[2026-02-11T09:01:28.272Z] INFO Activity Executor taskQueue="hydra-billing-tasks", namespace="ncm-cg": 3 EntitiesWriter:169 [] No configuration found clusterId: [00063fb0-c3eb-3105-0000-00000001c483] on date: [2026-02-11]
[2026-02-11T09:01:28.272Z] INFO Activity Executor taskQueue="hydra-billing-tasks", namespace="ncm-cg": 3 EntitiesWriter:169 [] No configuration found clusterId: [00063fb0-c3eb-3105-0000-00000001c483] on date: [2026-02-11]
[2026-02-11T09:01:28.272Z] INFO Activity Executor taskQueue="hydra-billing-tasks", namespace="ncm-cg": 3 EntitiesWriter:169 [] No configuration found clusterId: [00063fb0-c3eb-3105-0000-00000001c483] on date: [2026-02-11]
[2026-02-11T09:01:28.272Z] INFO Activity Executor taskQueue="hydra-billing-tasks", namespace="ncm-cg": 3 EntitiesWriter:169 [] No configuration found clusterId: [00063fb0-c3eb-3105-0000-00000001c483] on date: [2026-02-11]
[2026-02-11T09:01:28.272Z] INFO Activity Executor taskQueue="hydra-billing-tasks", namespace="ncm-cg": 3 EntitiesWriter:169 [] No configuration found clusterId: [00063fb0-c3eb-3105-0000-00000001c483] on date: [2026-02-11]
[2026-02-11T09:01:28.273Z] INFO Activity Executor taskQueue="hydra-billing-tasks", namespace="ncm-cg": 3 EntitiesWriter:169 [] No configuration found clusterId: [00063fb0-c3eb-3105-0000-00000001c483] on date: [2026-02-11]
[2026-02-11T09:01:28.273Z] INFO Activity Executor taskQueue="hydra-billing-tasks", namespace="ncm-cg": 3 EntitiesWriter:169 [] No configuration found clusterId: [00063fb0-c3eb-3105-0000-00000001c483] on date: [2026-02-11]
[2026-02-11T09:01:28.273Z] INFO Activity Executor taskQueue="hydra-billing-tasks", namespace="ncm-cg": 3 EntitiesWriter:169 [] No configuration found clusterId: [00063fb0-c3eb-3105-0000-00000001c483] on date: [2026-02-11]
[2026-02-11T09:01:28.273Z] INFO Activity Executor taskQueue="hydra-billing-tasks", namespace="ncm-cg": 3 EntitiesWriter:169 [] No configuration found clusterId: [00063fb0-c3eb-3105-0000-00000001c483] on date: [2026-02-11]
[2026-02-11T09:01:28.273Z] INFO Activity Executor taskQueue="hydra-billing-tasks", namespace="ncm-cg": 3 EntitiesWriter:169 [] No configuration found clusterId: [00063fb0-c3eb-3105-0000-00000001c483] on date: [2026-02-11]
[2026-02-11T09:01:28.273Z] INFO Activity Executor taskQueue="hydra-billing-tasks", namespace="ncm-cg": 3 EntitiesWriter:169 [] No configuration found clusterId: [00063fb0-c3eb-3105-0000-00000001c483] on date: [2026-02-11]
[2026-02-11T09:01:28.273Z] INFO Activity Executor taskQueue="hydra-billing-tasks", namespace="ncm-cg": 3 EntitiesWriter:169 [] No configuration found clusterId: [00063fb0-c3eb-3105-0000-00000001c483] on date: [2026-02-11]
[2026-02-11T09:01:28.273Z] INFO Activity Executor taskQueue="hydra-billing-tasks", namespace="ncm-cg": 3 EntitiesWriter:169 [] No configuration found clusterId: [00063fb0-c3eb-3105-0000-00000001c483] on date: [2026-02-11]
[2026-02-11T09:01:28.273Z] INFO Activity Executor taskQueue="hydra-billing-tasks", namespace="ncm-cg": 3 EntitiesWriter:169 [] No configuration found clusterId: [00063fb0-c3eb-3105-0000-00000001c483] on date: [2026-02-11]
[2026-02-11T09:01:28.273Z] INFO Activity Executor taskQueue="hydra-billing-tasks", namespace="ncm-cg": 3 EntitiesWriter:169 [] No configuration found clusterId: [00063fb0-c3eb-3105-0000-00000001c483] on date: [2026-02-11]
[2026-02-11T09:01:28.273Z] INFO Activity Executor taskQueue="hydra-billing-tasks", namespace="ncm-cg": 3 EntitiesWriter:169 [] No configuration found clusterId: [00063fb0-c3eb-3105-0000-00000001c483] on date: [2026-02-11]
[2026-02-11T09:01:28.273Z] INFO Activity Executor taskQueue="hydra-billing-tasks", namespace="ncm-cg": 3 EntitiesWriter:169 [] No configuration found clusterId: [00063fb0-c3eb-3105-0000-00000001c483] on date: [2026-02-11]
[2026-02-11T09:01:28.273Z] INFO Activity Executor taskQueue="hydra-billing-tasks", namespace="ncm-cg": 3 EntitiesWriter:169 [] No configuration found clusterId: [00063fb0-c3eb-3105-0000-00000001c483] on date: [2026-02-11]
[2026-02-11T09:01:28.273Z] INFO Activity Executor taskQueue="hydra-billing-tasks", namespace="ncm-cg": 3 EntitiesWriter:169 [] No configuration found clusterId: [00063fb0-c3eb-3105-0000-00000001c483] on date: [2026-02-11]
[2026-02-11T09:01:28.274Z] INFO Activity Executor taskQueue="hydra-billing-tasks", namespace="ncm-cg": 3 EntitiesWriter:169 [] No configuration found clusterId: [00063fb0-c3eb-3105-0000-00000001c483] on date: [2026-02-11]
[2026-02-11T09:01:28.274Z] INFO Activity Executor taskQueue="hydra-billing-tasks", namespace="ncm-cg": 3 EntitiesWriter:169 [] No configuration found clusterId: [00063fb0-c3eb-3105-0000-00000001c483] on date: [2026-02-11]
[2026-02-11T09:01:28.274Z] INFO Activity Executor taskQueue="hydra-billing-tasks", namespace="ncm-cg": 3 EntitiesWriter:169 [] No configuration found clusterId: [00063fb0-c3eb-3105-0000-00000001c483] on date: [2026-02-11]
[2026-02-11T09:01:28.274Z] INFO Activity Executor taskQueue="hydra-billing-tasks", namespace="ncm-cg": 3 EntitiesWriter:169 [] No configuration found clusterId: [00063fb0-c3eb-3105-0000-00000001c483] on date: [2026-02-11]
[2026-02-11T09:01:28.274Z] INFO Activity Executor taskQueue="hydra-billing-tasks", namespace="ncm-cg": 3 EntitiesWriter:169 [] No configuration found clusterId: [00063fb0-c3eb-3105-0000-00000001c483] on date: [2026-02-11]
[2026-02-11T09:01:28.274Z] INFO Activity Executor taskQueue="hydra-billing-tasks", namespace="ncm-cg": 3 EntitiesWriter:169 [] No configuration found clusterId: [00063fb0-c3eb-3105-0000-00000001c483] on date: [2026-02-11]
[2026-02-11T09:01:28.274Z] INFO Activity Executor taskQueue="hydra-billing-tasks", namespace="ncm-cg": 3 EntitiesWriter:169 [] No configuration found clusterId: [00063fb0-c3eb-3105-0000-00000001c483] on date: [2026-02-11]
[2026-02-11T09:01:28.274Z] INFO Activity Executor taskQueue="hydra-billing-tasks", namespace="ncm-cg": 3 EntitiesWriter:169 [] No configuration found clusterId: [00063fb0-c3eb-3105-0000-00000001c483] on date: [2026-02-11]
[2026-02-11T09:01:28.274Z] INFO Activity Executor taskQueue="hydra-billing-tasks", namespace="ncm-cg": 3 EntitiesWriter:169 [] No configuration found clusterId: [00063fb0-c3eb-3105-0000-00000001c483] on date: [2026-02-11]
[2026-02-11T09:01:28.274Z] INFO Activity Executor taskQueue="hydra-billing-tasks", namespace="ncm-cg": 3 EntitiesWriter:169 [] No configuration found clusterId: [00063fb0-c3eb-3105-0000-00000001c483] on date: [2026-02-11]
[2026-02-11T09:01:28.274Z] INFO Activity Executor taskQueue="hydra-billing-tasks", namespace="ncm-cg": 3 EntitiesWriter:169 [] No configuration found clusterId: [00063fb0-c3eb-3105-0000-00000001c483] on date: [2026-02-11]
[2026-02-11T09:01:28.274Z] INFO Activity Executor taskQueue="hydra-billing-tasks", namespace="ncm-cg": 3 EntitiesWriter:169 [] No configuration found clusterId: [00063fb0-c3eb-3105-0000-00000001c483] on date: [2026-02-11]
[2026-02-11T09:01:28.274Z] INFO Activity Executor taskQueue="hydra-billing-tasks", namespace="ncm-cg": 3 EntitiesWriter:169 [] No configuration found clusterId: [00063fb0-c3eb-3105-0000-00000001c483] on date: [2026-02-11]
[2026-02-11T09:01:28.274Z] INFO Activity Executor taskQueue="hydra-billing-tasks", namespace="ncm-cg": 3 EntitiesWriter:169 [] No configuration found clusterId: [00063fb0-c3eb-3105-0000-00000001c483] on date: [2026-02-11]
[2026-02-11T09:01:28.275Z] INFO Activity Executor taskQueue="hydra-billing-tasks", namespace="ncm-cg": 3 EntitiesWriter:169 [] No configuration found clusterId: [00063fb0-c3eb-3105-0000-00000001c483] on date: [2026-02-11]
[2026-02-11T09:01:28.275Z] INFO Activity Executor taskQueue="hydra-billing-tasks", namespace="ncm-cg": 3 EntitiesWriter:169 [] No configuration found clusterId: [00063fb0-c3eb-3105-0000-00000001c483] on date: [2026-02-11]
[2026-02-11T09:01:28.275Z] INFO Activity Executor taskQueue="hydra-billing-tasks", namespace="ncm-cg": 3 EntitiesWriter:169 [] No configuration found clusterId: [00063fb0-c3eb-3105-0000-00000001c483] on date: [2026-02-11]
[2026-02-11T09:01:28.275Z] INFO Activity Executor taskQueue="hydra-billing-tasks", namespace="ncm-cg": 3 EntitiesWriter:169 [] No configuration found clusterId: [00063fb0-c3eb-3105-0000-00000001c483] on date: [2026-02-11]
[2026-02-11T09:01:28.275Z] INFO Activity Executor taskQueue="hydra-billing-tasks", namespace="ncm-cg": 3 EntitiesWriter:169 [] No configuration found clusterId: [00063fb0-c3eb-3105-0000-00000001c483] on date: [2026-02-11]
[2026-02-11T09:01:28.275Z] INFO Activity Executor taskQueue="hydra-billing-tasks", namespace="ncm-cg": 3 EntitiesWriter:169 [] No configuration found clusterId: [00063fb0-c3eb-3105-0000-00000001c483] on date: [2026-02-11]
[2026-02-11T09:01:28.275Z] INFO Activity Executor taskQueue="hydra-billing-tasks", namespace="ncm-cg": 3 EntitiesWriter:169 [] No configuration found clusterId: [00063fb0-c3eb-3105-0000-00000001c483] on date: [2026-02-11]
[2026-02-11T09:01:28.275Z] INFO Activity Executor taskQueue="hydra-billing-tasks", namespace="ncm-cg": 3 EntitiesWriter:169 [] No configuration found clusterId: [00063fb0-c3eb-3105-0000-00000001c483] on date: [2026-02-11]
[2026-02-11T09:01:28.275Z] INFO Activity Executor taskQueue="hydra-billing-tasks", namespace="ncm-cg": 3 EntitiesWriter:169 [] No configuration found clusterId: [00063fb0-c3eb-3105-0000-00000001c483] on date: [2026-02-11]
[2026-02-11T09:01:28.275Z] INFO Activity Executor taskQueue="hydra-billing-tasks", namespace="ncm-cg": 3 EntitiesWriter:169 [] No configuration found clusterId: [00063fb0-c3eb-3105-0000-00000001c483] on date: [2026-02-11]
[2026-02-11T09:01:28.275Z] INFO Activity Executor taskQueue="hydra-billing-tasks", namespace="ncm-cg": 3 EntitiesWriter:169 [] No configuration found clusterId: [00063fb0-c3eb-3105-0000-00000001c483] on date: [2026-02-11]
[2026-02-11T09:01:28.275Z] INFO Activity Executor taskQueue="hydra-billing-tasks", namespace="ncm-cg": 3 EntitiesWriter:169 [] No configuration found clusterId: [00063fb0-c3eb-3105-0000-00000001c483] on date: [2026-02-11]
[2026-02-11T09:01:28.275Z] INFO Activity Executor taskQueue="hydra-billing-tasks", namespace="ncm-cg": 3 EntitiesWriter:169 [] No configuration found clusterId: [00063fb0-c3eb-3105-0000-00000001c483] on date: [2026-02-11]
[2026-02-11T09:01:28.275Z] INFO Activity Executor taskQueue="hydra-billing-tasks", namespace="ncm-cg": 3 EntitiesWriter:169 [] No configuration found clusterId: [00063fb0-c3eb-3105-0000-00000001c483] on date: [2026-02-11]
[2026-02-11T09:01:28.275Z] INFO Activity Executor taskQueue="hydra-billing-tasks", namespace="ncm-cg": 3 EntitiesWriter:169 [] No configuration found clusterId: [00063fb0-c3eb-3105-0000-00000001c483] on date: [2026-02-11]
[2026-02-11T09:01:28.275Z] INFO Activity Executor taskQueue="hydra-billing-tasks", namespace="ncm-cg": 3 EntitiesWriter:169 [] No configuration found clusterId: [00063fb0-c3eb-3105-0000-00000001c483] on date: [2026-02-11]
[2026-02-11T09:01:28.276Z] INFO Activity Executor taskQueue="hydra-billing-tasks", namespace="ncm-cg": 3 EntitiesWriter:169 [] No configuration found clusterId: [00063fb0-c3eb-3105-0000-00000001c483] on date: [2026-02-11]
[2026-02-11T09:01:28.276Z] INFO Activity Executor taskQueue="hydra-billing-tasks", namespace="ncm-cg": 3 EntitiesWriter:169 [] No configuration found clusterId: [00063fb0-c3eb-3105-0000-00000001c483] on date: [2026-02-11]
[2026-02-11T09:01:28.276Z] INFO Activity Executor taskQueue="hydra-billing-tasks", namespace="ncm-cg": 3 EntitiesWriter:169 [] No configuration found clusterId: [00063fb0-c3eb-3105-0000-00000001c483] on date: [2026-02-11]
[2026-02-11T09:01:28.276Z] INFO Activity Executor taskQueue="hydra-billing-tasks", namespace="ncm-cg": 3 EntitiesWriter:169 [] No configuration found clusterId: [00063fb0-c3eb-3105-0000-00000001c483] on date: [2026-02-11]
[2026-02-11T09:01:28.276Z] INFO Activity Executor taskQueue="hydra-billing-tasks", namespace="ncm-cg": 3 EntitiesWriter:169 [] No configuration found clusterId: [00063fb0-c3eb-3105-0000-00000001c483] on date: [2026-02-11]
[2026-02-11T09:01:28.276Z] INFO Activity Executor taskQueue="hydra-billing-tasks", namespace="ncm-cg": 3 EntitiesWriter:169 [] No configuration found clusterId: [00063fb0-c3eb-3105-0000-00000001c483] on date: [2026-02-11]
[2026-02-11T09:01:28.276Z] INFO Activity Executor taskQueue="hydra-billing-tasks", namespace="ncm-cg": 3 EntitiesWriter:169 [] No configuration found clusterId: [00063fb0-c3eb-3105-0000-00000001c483] on date: [2026-02-11]
[2026-02-11T09:01:28.276Z] INFO Activity Executor taskQueue="hydra-billing-tasks", namespace="ncm-cg": 3 EntitiesWriter:169 [] No configuration found clusterId: [00063fb0-c3eb-3105-0000-00000001c483] on date: [2026-02-11]
[2026-02-11T09:01:28.276Z] INFO Activity Executor taskQueue="hydra-billing-tasks", namespace="ncm-cg": 3 EntitiesWriter:169 [] No configuration found clusterId: [00063fb0-c3eb-3105-0000-00000001c483] on date: [2026-02-11]
[2026-02-11T09:01:28.276Z] INFO Activity Executor taskQueue="hydra-billing-tasks", namespace="ncm-cg": 3 EntitiesWriter:169 [] No configuration found clusterId: [00063fb0-c3eb-3105-0000-00000001c483] on date: [2026-02-11]
[2026-02-11T09:01:28.276Z] INFO Activity Executor taskQueue="hydra-billing-tasks", namespace="ncm-cg": 3 EntitiesWriter:169 [] No configuration found clusterId: [00063fb0-c3eb-3105-0000-00000001c483] on date: [2026-02-11]
[2026-02-11T09:01:28.276Z] INFO Activity Executor taskQueue="hydra-billing-tasks", namespace="ncm-cg": 3 EntitiesWriter:169 [] No configuration found clusterId: [00063fb0-c3eb-3105-0000-00000001c483] on date: [2026-02-11]
[2026-02-11T09:01:28.276Z] INFO Activity Executor taskQueue="hydra-billing-tasks", namespace="ncm-cg": 3 EntitiesWriter:169 [] No configuration found clusterId: [00063fb0-c3eb-3105-0000-00000001c483] on date: [2026-02-11]
[2026-02-11T09:01:28.276Z] INFO Activity Executor taskQueue="hydra-billing-tasks", namespace="ncm-cg": 3 EntitiesWriter:169 [] No configuration found clusterId: [00063fb0-c3eb-3105-0000-00000001c483] on date: [2026-02-11]
[2026-02-11T09:01:28.276Z] INFO Activity Executor taskQueue="hydra-billing-tasks", namespace="ncm-cg": 3 EntitiesWriter:169 [] No configuration found clusterId: [00063fb0-c3eb-3105-0000-00000001c483] on date: [2026-02-11]
[2026-02-11T09:01:28.276Z] INFO Activity Executor taskQueue="hydra-billing-tasks", namespace="ncm-cg": 3 EntitiesWriter:169 [] No configuration found clusterId: [00063fb0-c3eb-3105-0000-00000001c483] on date: [2026-02-11]
[2026-02-11T09:01:28.277Z] INFO Activity Executor taskQueue="hydra-billing-tasks", namespace="ncm-cg": 3 EntitiesWriter:169 [] No configuration found clusterId: [00063fb0-c3eb-3105-0000-00000001c483] on date: [2026-02-11]
[2026-02-11T09:01:28.277Z] INFO Activity Executor taskQueue="hydra-billing-tasks", namespace="ncm-cg": 3 EntitiesWriter:169 [] No configuration found clusterId: [00063fb0-c3eb-3105-0000-00000001c483] on date: [2026-02-11]
[2026-02-11T09:01:28.277Z] INFO Activity Executor taskQueue="hydra-billing-tasks", namespace="ncm-cg": 3 EntitiesWriter:169 [] No configuration found clusterId: [00063fb0-c3eb-3105-0000-00000001c483] on date: [2026-02-11]
[2026-02-11T09:01:28.277Z] INFO Activity Executor taskQueue="hydra-billing-tasks", namespace="ncm-cg": 3 EntitiesWriter:169 [] No configuration found clusterId: [00063fb0-c3eb-3105-0000-00000001c483] on date: [2026-02-11]
[2026-02-11T09:01:28.277Z] INFO Activity Executor taskQueue="hydra-billing-tasks", namespace="ncm-cg": 3 EntitiesWriter:169 [] No configuration found clusterId: [00063fb0-c3eb-3105-0000-00000001c483] on date: [2026-02-11]
[2026-02-11T09:01:28.277Z] INFO Activity Executor taskQueue="hydra-billing-tasks", namespace="ncm-cg": 3 EntitiesWriter:169 [] No configuration found clusterId: [00063fb0-c3eb-3105-0000-00000001c483] on date: [2026-02-11]
[2026-02-11T09:01:28.277Z] INFO Activity Executor taskQueue="hydra-billing-tasks", namespace="ncm-cg": 3 EntitiesWriter:169 [] No configuration found clusterId: [00063fb0-c3eb-3105-0000-00000001c483] on date: [2026-02-11]
[2026-02-11T09:01:28.277Z] INFO Activity Executor taskQueue="hydra-billing-tasks", namespace="ncm-cg": 3 EntitiesWriter:169 [] No configuration found clusterId: [00063fb0-c3eb-3105-0000-00000001c483] on date: [2026-02-11]
[2026-02-11T09:01:28.277Z] INFO Activity Executor taskQueue="hydra-billing-tasks", namespace="ncm-cg": 3 EntitiesWriter:169 [] No configuration found clusterId: [00063fb0-c3eb-3105-0000-00000001c483] on date: [2026-02-11]
[2026-02-11T09:01:28.277Z] INFO Activity Executor taskQueue="hydra-billing-tasks", namespace="ncm-cg": 3 EntitiesWriter:169 [] No configuration found clusterId: [00063fb0-c3eb-3105-0000-00000001c483] on date: [2026-02-11]
[2026-02-11T09:01:28.277Z] INFO Activity Executor taskQueue="hydra-billing-tasks", namespace="ncm-cg": 3 EntitiesWriter:169 [] No configuration found clusterId: [00063fb0-c3eb-3105-0000-00000001c483] on date: [2026-02-11]
[2026-02-11T09:01:28.277Z] INFO Activity Executor taskQueue="hydra-billing-tasks", namespace="ncm-cg": 3 EntitiesWriter:169 [] No configuration found clusterId: [00063fb0-c3eb-3105-0000-00000001c483] on date: [2026-02-11]
[2026-02-11T09:01:28.277Z] INFO Activity Executor taskQueue="hydra-billing-tasks", namespace="ncm-cg": 3 EntitiesWriter:169 [] No configuration found clusterId: [00063fb0-c3eb-3105-0000-00000001c483] on date: [2026-02-11]
[2026-02-11T09:01:28.277Z] INFO Activity Executor taskQueue="hydra-billing-tasks", namespace="ncm-cg": 3 EntitiesWriter:169 [] No configuration found clusterId: [00063fb0-c3eb-3105-0000-00000001c483] on date: [2026-02-11]
[2026-02-11T09:01:28.278Z] INFO Activity Executor taskQueue="hydra-billing-tasks", namespace="ncm-cg": 3 EntitiesWriter:169 [] No configuration found clusterId: [00063fb0-c3eb-3105-0000-00000001c483] on date: [2026-02-11]
[2026-02-11T09:01:28.278Z] INFO Activity Executor taskQueue="hydra-billing-tasks", namespace="ncm-cg": 3 EntitiesWriter:169 [] No configuration found clusterId: [00063fb0-c3eb-3105-0000-00000001c483] on date: [2026-02-11]
[2026-02-11T09:01:28.278Z] INFO Activity Executor taskQueue="hydra-billing-tasks", namespace="ncm-cg": 3 EntitiesWriter:169 [] No configuration found clusterId: [00063fb0-c3eb-3105-0000-00000001c483] on date: [2026-02-11]
[2026-02-11T09:01:28.278Z] INFO Activity Executor taskQueue="hydra-billing-tasks", namespace="ncm-cg": 3 EntitiesWriter:169 [] No configuration found clusterId: [00063fb0-c3eb-3105-0000-00000001c483] on date: [2026-02-11]
[2026-02-11T09:01:28.278Z] INFO Activity Executor taskQueue="hydra-billing-tasks", namespace="ncm-cg": 3 EntitiesWriter:169 [] No configuration found clusterId: [00063fb0-c3eb-3105-0000-00000001c483] on date: [2026-02-11]
[2026-02-11T09:01:28.278Z] INFO Activity Executor taskQueue="hydra-billing-tasks", namespace="ncm-cg": 3 EntitiesWriter:169 [] No configuration found clusterId: [00063fb0-c3eb-3105-0000-00000001c483] on date: [2026-02-11]
[2026-02-11T09:01:28.278Z] INFO Activity Executor taskQueue="hydra-billing-tasks", namespace="ncm-cg": 3 EntitiesWriter:169 [] No configuration found clusterId: [00063fb0-c3eb-3105-0000-00000001c483] on date: [2026-02-11]
[2026-02-11T09:01:28.278Z] INFO Activity Executor taskQueue="hydra-billing-tasks", namespace="ncm-cg": 3 EntitiesWriter:169 [] No configuration found clusterId: [00063fb0-c3eb-3105-0000-00000001c483] on date: [2026-02-11]
[2026-02-11T09:01:28.278Z] INFO Activity Executor taskQueue="hydra-billing-tasks", namespace="ncm-cg": 3 EntitiesWriter:169 [] No configuration found clusterId: [00063fb0-c3eb-3105-0000-00000001c483] on date: [2026-02-11]
[2026-02-11T09:01:28.278Z] INFO Activity Executor taskQueue="hydra-billing-tasks", namespace="ncm-cg": 3 EntitiesWriter:169 [] No configuration found clusterId: [00063fb0-c3eb-3105-0000-00000001c483] on date: [2026-02-11]
[2026-02-11T09:01:28.278Z] INFO Activity Executor taskQueue="hydra-billing-tasks", namespace="ncm-cg": 3 EntitiesWriter:169 [] No configuration found clusterId: [00063fb0-c3eb-3105-0000-00000001c483] on date: [2026-02-11]
[2026-02-11T09:01:28.278Z] INFO Activity Executor taskQueue="hydra-billing-tasks", namespace="ncm-cg": 3 EntitiesWriter:169 [] No configuration found clusterId: [00063fb0-c3eb-3105-0000-00000001c483] on date: [2026-02-11]
[2026-02-11T09:01:28.278Z] INFO Activity Executor taskQueue="hydra-billing-tasks", namespace="ncm-cg": 3 EntitiesWriter:169 [] No configuration found clusterId: [00063fb0-c3eb-3105-0000-00000001c483] on date: [2026-02-11]
[2026-02-11T09:01:28.278Z] INFO Activity Executor taskQueue="hydra-billing-tasks", namespace="ncm-cg": 3 EntitiesWriter:169 [] No configuration found clusterId: [00063fb0-c3eb-3105-0000-00000001c483] on date: [2026-02-11]
[2026-02-11T09:01:28.278Z] INFO Activity Executor taskQueue="hydra-billing-tasks", namespace="ncm-cg": 3 EntitiesWriter:169 [] No configuration found clusterId: [00063fb0-c3eb-3105-0000-00000001c483] on date: [2026-02-11]
[2026-02-11T09:01:28.279Z] INFO Activity Executor taskQueue="hydra-billing-tasks", namespace="ncm-cg": 3 EntitiesWriter:169 [] No configuration found clusterId: [00063fb0-c3eb-3105-0000-00000001c483] on date: [2026-02-11]
[2026-02-11T09:01:28.279Z] INFO Activity Executor taskQueue="hydra-billing-tasks", namespace="ncm-cg": 3 EntitiesWriter:169 [] No configuration found clusterId: [00063fb0-c3eb-3105-0000-00000001c483] on date: [2026-02-11]
[2026-02-11T09:01:28.279Z] INFO Activity Executor taskQueue="hydra-billing-tasks", namespace="ncm-cg": 3 EntitiesWriter:169 [] No configuration found clusterId: [00063fb0-c3eb-3105-0000-00000001c483] on date: [2026-02-11]
[2026-02-11T09:01:28.279Z] INFO Activity Executor taskQueue="hydra-billing-tasks", namespace="ncm-cg": 3 EntitiesWriter:169 [] No configuration found clusterId: [00063fb0-c3eb-3105-0000-00000001c483] on date: [2026-02-11]
[2026-02-11T09:01:28.279Z] INFO Activity Executor taskQueue="hydra-billing-tasks", namespace="ncm-cg": 3 EntitiesWriter:169 [] No configuration found clusterId: [00063fb0-c3eb-3105-0000-00000001c483] on date: [2026-02-11]
[2026-02-11T09:01:28.279Z] INFO Activity Executor taskQueue="hydra-billing-tasks", namespace="ncm-cg": 3 EntitiesWriter:169 [] No configuration found clusterId: [00063fb0-c3eb-3105-0000-00000001c483] on date: [2026-02-11]
[2026-02-11T09:01:28.279Z] INFO Activity Executor taskQueue="hydra-billing-tasks", namespace="ncm-cg": 3 EntitiesWriter:169 [] No configuration found clusterId: [00063fb0-c3eb-3105-0000-00000001c483] on date: [2026-02-11]
[2026-02-11T09:01:28.279Z] INFO Activity Executor taskQueue="hydra-billing-tasks", namespace="ncm-cg": 3 EntitiesWriter:169 [] No configuration found clusterId: [00063fb0-c3eb-3105-0000-00000001c483] on date: [2026-02-11]
[2026-02-11T09:01:28.279Z] INFO Activity Executor taskQueue="hydra-billing-tasks", namespace="ncm-cg": 3 EntitiesWriter:169 [] No configuration found clusterId: [00063fb0-c3eb-3105-0000-00000001c483] on date: [2026-02-11]
[2026-02-11T09:01:28.279Z] INFO Activity Executor taskQueue="hydra-billing-tasks", namespace="ncm-cg": 3 EntitiesWriter:169 [] No configuration found clusterId: [00063fb0-c3eb-3105-0000-00000001c483] on date: [2026-02-11]
[2026-02-11T09:01:28.279Z] INFO Activity Executor taskQueue="hydra-billing-tasks", namespace="ncm-cg": 3 EntitiesWriter:169 [] No configuration found clusterId: [00063fb0-c3eb-3105-0000-00000001c483] on date: [2026-02-11]
[2026-02-11T09:01:28.279Z] INFO Activity Executor taskQueue="hydra-billing-tasks", namespace="ncm-cg": 3 EntitiesWriter:169 [] No configuration found clusterId: [00063fb0-c3eb-3105-0000-00000001c483] on date: [2026-02-11]
[2026-02-11T09:01:28.279Z] INFO Activity Executor taskQueue="hydra-billing-tasks", namespace="ncm-cg": 3 EntitiesWriter:169 [] No configuration found clusterId: [00063fb0-c3eb-3105-0000-00000001c483] on date: [2026-02-11]
[2026-02-11T09:01:28.280Z] INFO Activity Executor taskQueue="hydra-billing-tasks", namespace="ncm-cg": 3 EntitiesWriter:169 [] No configuration found clusterId: [00063fb0-c3eb-3105-0000-00000001c483] on date: [2026-02-11]
[2026-02-11T09:01:28.280Z] INFO Activity Executor taskQueue="hydra-billing-tasks", namespace="ncm-cg": 3 EntitiesWriter:169 [] No configuration found clusterId: [00063fb0-c3eb-3105-0000-00000001c483] on date: [2026-02-11]
[2026-02-11T09:01:28.280Z] INFO Activity Executor taskQueue="hydra-billing-tasks", namespace="ncm-cg": 3 EntitiesWriter:169 [] No configuration found clusterId: [00063fb0-c3eb-3105-0000-00000001c483] on date: [2026-02-11]
[2026-02-11T09:01:28.280Z] INFO Activity Executor taskQueue="hydra-billing-tasks", namespace="ncm-cg": 3 EntitiesWriter:169 [] No configuration found clusterId: [00063fb0-c3eb-3105-0000-00000001c483] on date: [2026-02-11]
[2026-02-11T09:01:28.280Z] INFO Activity Executor taskQueue="hydra-billing-tasks", namespace="ncm-cg": 3 EntitiesWriter:169 [] No configuration found clusterId: [00063fb0-c3eb-3105-0000-00000001c483] on date: [2026-02-11]
[2026-02-11T09:01:28.280Z] INFO Activity Executor taskQueue="hydra-billing-tasks", namespace="ncm-cg": 3 EntitiesWriter:169 [] No configuration found clusterId: [00063fb0-c3eb-3105-0000-00000001c483] on date: [2026-02-11]
[2026-02-11T09:01:28.280Z] INFO Activity Executor taskQueue="hydra-billing-tasks", namespace="ncm-cg": 3 EntitiesWriter:169 [] No configuration found clusterId: [00063fb0-c3eb-3105-0000-00000001c483] on date: [2026-02-11]
[2026-02-11T09:01:28.280Z] INFO Activity Executor taskQueue="hydra-billing-tasks", namespace="ncm-cg": 3 EntitiesWriter:169 [] No configuration found clusterId: [00063fb0-c3eb-3105-0000-00000001c483] on date: [2026-02-11]
[2026-02-11T09:01:28.280Z] INFO Activity Executor taskQueue="hydra-billing-tasks", namespace="ncm-cg": 3 EntitiesWriter:169 [] No configuration found clusterId: [00063fb0-c3eb-3105-0000-00000001c483] on date: [2026-02-11]
[2026-02-11T09:01:28.280Z] INFO Activity Executor taskQueue="hydra-billing-tasks", namespace="ncm-cg": 3 EntitiesWriter:169 [] No configuration found clusterId: [00063fb0-c3eb-3105-0000-00000001c483] on date: [2026-02-11]
[2026-02-11T09:01:28.280Z] INFO Activity Executor taskQueue="hydra-billing-tasks", namespace="ncm-cg": 3 EntitiesWriter:169 [] No configuration found clusterId: [00063fb0-c3eb-3105-0000-00000001c483] on date: [2026-02-11]
[2026-02-11T09:01:28.280Z] INFO Activity Executor taskQueue="hydra-billing-tasks", namespace="ncm-cg": 3 EntitiesWriter:169 [] No configuration found clusterId: [00063fb0-c3eb-3105-0000-00000001c483] on date: [2026-02-11]
[2026-02-11T09:01:28.280Z] INFO Activity Executor taskQueue="hydra-billing-tasks", namespace="ncm-cg": 3 EntitiesWriter:169 [] No configuration found clusterId: [00063fb0-c3eb-3105-0000-00000001c483] on date: [2026-02-11]
[2026-02-11T09:01:28.280Z] INFO Activity Executor taskQueue="hydra-billing-tasks", namespace="ncm-cg": 3 EntitiesWriter:169 [] No configuration found clusterId: [00063fb0-c3eb-3105-0000-00000001c483] on date: [2026-02-11]
[2026-02-11T09:01:28.280Z] INFO Activity Executor taskQueue="hydra-billing-tasks", namespace="ncm-cg": 3 EntitiesWriter:169 [] No configuration found clusterId: [00063fb0-c3eb-3105-0000-00000001c483] on date: [2026-02-11]
[2026-02-11T09:01:28.280Z] INFO Activity Executor taskQueue="hydra-billing-tasks", namespace="ncm-cg": 3 EntitiesWriter:169 [] No configuration found clusterId: [00063fb0-c3eb-3105-0000-00000001c483] on date: [2026-02-11]
[2026-02-11T09:01:28.280Z] INFO Activity Executor taskQueue="hydra-billing-tasks", namespace="ncm-cg": 3 EntitiesWriter:169 [] No configuration found clusterId: [00063fb0-c3eb-3105-0000-00000001c483] on date: [2026-02-11]
[2026-02-11T09:01:28.281Z] INFO Activity Executor taskQueue="hydra-billing-tasks", namespace="ncm-cg": 3 EntitiesWriter:169 [] No configuration found clusterId: [00063fb0-c3eb-3105-0000-00000001c483] on date: [2026-02-11]
[2026-02-11T09:01:28.281Z] INFO Activity Executor taskQueue="hydra-billing-tasks", namespace="ncm-cg": 3 EntitiesWriter:169 [] No configuration found clusterId: [00063fb0-c3eb-3105-0000-00000001c483] on date: [2026-02-11]
[2026-02-11T09:01:28.281Z] INFO Activity Executor taskQueue="hydra-billing-tasks", namespace="ncm-cg": 3 EntitiesWriter:169 [] No configuration found clusterId: [00063fb0-c3eb-3105-0000-00000001c483] on date: [2026-02-11]
[2026-02-11T09:01:28.281Z] INFO Activity Executor taskQueue="hydra-billing-tasks", namespace="ncm-cg": 3 EntitiesWriter:169 [] No configuration found clusterId: [00063fb0-c3eb-3105-0000-00000001c483] on date: [2026-02-11]
[2026-02-11T09:01:28.281Z] INFO Activity Executor taskQueue="hydra-billing-tasks", namespace="ncm-cg": 3 EntitiesWriter:169 [] No configuration found clusterId: [00063fb0-c3eb-3105-0000-00000001c483] on date: [2026-02-11]
[2026-02-11T09:01:28.281Z] INFO Activity Executor taskQueue="hydra-billing-tasks", namespace="ncm-cg": 3 EntitiesWriter:169 [] No configuration found clusterId: [00063fb0-c3eb-3105-0000-00000001c483] on date: [2026-02-11]
[2026-02-11T09:01:28.281Z] INFO Activity Executor taskQueue="hydra-billing-tasks", namespace="ncm-cg": 3 EntitiesWriter:169 [] No configuration found clusterId: [00063fb0-c3eb-3105-0000-00000001c483] on date: [2026-02-11]
[2026-02-11T09:01:28.281Z] INFO Activity Executor taskQueue="hydra-billing-tasks", namespace="ncm-cg": 3 EntitiesWriter:169 [] No configuration found clusterId: [00063fb0-c3eb-3105-0000-00000001c483] on date: [2026-02-11]
[2026-02-11T09:01:28.281Z] INFO Activity Executor taskQueue="hydra-billing-tasks", namespace="ncm-cg": 3 EntitiesWriter:169 [] No configuration found clusterId: [00063fb0-c3eb-3105-0000-00000001c483] on date: [2026-02-11]
[2026-02-11T09:01:28.281Z] INFO Activity Executor taskQueue="hydra-billing-tasks", namespace="ncm-cg": 3 EntitiesWriter:169 [] No configuration found clusterId: [00063fb0-c3eb-3105-0000-00000001c483] on date: [2026-02-11]
[2026-02-11T09:01:28.281Z] INFO Activity Executor taskQueue="hydra-billing-tasks", namespace="ncm-cg": 3 EntitiesWriter:169 [] No configuration found clusterId: [00063fb0-c3eb-3105-0000-00000001c483] on date: [2026-02-11]
[2026-02-11T09:01:28.281Z] INFO Activity Executor taskQueue="hydra-billing-tasks", namespace="ncm-cg": 3 EntitiesWriter:169 [] No configuration found clusterId: [00063fb0-c3eb-3105-0000-00000001c483] on date: [2026-02-11]
[2026-02-11T09:01:28.281Z] INFO Activity Executor taskQueue="hydra-billing-tasks", namespace="ncm-cg": 3 EntitiesWriter:169 [] No configuration found clusterId: [00063fb0-c3eb-3105-0000-00000001c483] on date: [2026-02-11]
[2026-02-11T09:01:28.281Z] INFO Activity Executor taskQueue="hydra-billing-tasks", namespace="ncm-cg": 3 EntitiesWriter:169 [] No configuration found clusterId: [00063fb0-c3eb-3105-0000-00000001c483] on date: [2026-02-11]
[2026-02-11T09:01:28.281Z] INFO Activity Executor taskQueue="hydra-billing-tasks", namespace="ncm-cg": 3 EntitiesWriter:169 [] No configuration found clusterId: [00063fb0-c3eb-3105-0000-00000001c483] on date: [2026-02-11]
[2026-02-11T09:01:28.281Z] INFO Activity Executor taskQueue="hydra-billing-tasks", namespace="ncm-cg": 3 EntitiesWriter:169 [] No configuration found clusterId: [00063fb0-c3eb-3105-0000-00000001c483] on date: [2026-02-11]
[2026-02-11T09:01:28.281Z] INFO Activity Executor taskQueue="hydra-billing-tasks", namespace="ncm-cg": 3 EntitiesWriter:169 [] No configuration found clusterId: [00063fb0-c3eb-3105-0000-00000001c483] on date: [2026-02-11]
[2026-02-11T09:01:28.281Z] INFO Activity Executor taskQueue="hydra-billing-tasks", namespace="ncm-cg": 3 EntitiesWriter:169 [] No configuration found clusterId: [00063fb0-c3eb-3105-0000-00000001c483] on date: [2026-02-11]
[2026-02-11T09:01:28.281Z] INFO Activity Executor taskQueue="hydra-billing-tasks", namespace="ncm-cg": 3 EntitiesWriter:169 [] No configuration found clusterId: [00063fb0-c3eb-3105-0000-00000001c483] on date: [2026-02-11]
[2026-02-11T09:01:28.281Z] INFO Activity Executor taskQueue="hydra-billing-tasks", namespace="ncm-cg": 3 EntitiesWriter:169 [] No configuration found clusterId: [00063fb0-c3eb-3105-0000-00000001c483] on date: [2026-02-11]
[2026-02-11T09:01:28.281Z] INFO Activity Executor taskQueue="hydra-billing-tasks", namespace="ncm-cg": 3 EntitiesWriter:169 [] No configuration found clusterId: [00063fb0-c3eb-3105-0000-00000001c483] on date: [2026-02-11]
[2026-02-11T09:01:28.282Z] INFO Activity Executor taskQueue="hydra-billing-tasks", namespace="ncm-cg": 3 EntitiesWriter:169 [] No configuration found clusterId: [00063fb0-c3eb-3105-0000-00000001c483] on date: [2026-02-11]
[2026-02-11T09:01:28.282Z] INFO Activity Executor taskQueue="hydra-billing-tasks", namespace="ncm-cg": 3 EntitiesWriter:169 [] No configuration found clusterId: [00063fb0-c3eb-3105-0000-00000001c483] on date: [2026-02-11]
[2026-02-11T09:01:28.282Z] INFO Activity Executor taskQueue="hydra-billing-tasks", namespace="ncm-cg": 3 EntitiesWriter:169 [] No configuration found clusterId: [00063fb0-c3eb-3105-0000-00000001c483] on date: [2026-02-11]
[2026-02-11T09:01:28.282Z] INFO Activity Executor taskQueue="hydra-billing-tasks", namespace="ncm-cg": 3 EntitiesWriter:169 [] No configuration found clusterId: [00063fb0-c3eb-3105-0000-00000001c483] on date: [2026-02-11]
[2026-02-11T09:01:28.282Z] INFO Activity Executor taskQueue="hydra-billing-tasks", namespace="ncm-cg": 3 EntitiesWriter:169 [] No configuration found clusterId: [00063fb0-c3eb-3105-0000-00000001c483] on date: [2026-02-11]
[2026-02-11T09:01:28.282Z] INFO Activity Executor taskQueue="hydra-billing-tasks", namespace="ncm-cg": 3 EntitiesWriter:169 [] No configuration found clusterId: [00063fb0-c3eb-3105-0000-00000001c483] on date: [2026-02-11]
[2026-02-11T09:01:28.282Z] INFO Activity Executor taskQueue="hydra-billing-tasks", namespace="ncm-cg": 3 EntitiesWriter:169 [] No configuration found clusterId: [00063fb0-c3eb-3105-0000-00000001c483] on date: [2026-02-11]
[2026-02-11T09:01:28.282Z] INFO Activity Executor taskQueue="hydra-billing-tasks", namespace="ncm-cg": 3 EntitiesWriter:169 [] No configuration found clusterId: [00063fb0-c3eb-3105-0000-00000001c483] on date: [2026-02-11]
[2026-02-11T09:01:28.282Z] INFO Activity Executor taskQueue="hydra-billing-tasks", namespace="ncm-cg": 3 EntitiesWriter:169 [] No configuration found clusterId: [00063fb0-c3eb-3105-0000-00000001c483] on date: [2026-02-11]
[2026-02-11T09:01:28.282Z] INFO Activity Executor taskQueue="hydra-billing-tasks", namespace="ncm-cg": 3 EntitiesWriter:169 [] No configuration found clusterId: [00063fb0-c3eb-3105-0000-00000001c483] on date: [2026-02-11]
[2026-02-11T09:01:28.282Z] INFO Activity Executor taskQueue="hydra-billing-tasks", namespace="ncm-cg": 3 EntitiesWriter:169 [] No configuration found clusterId: [00063fb0-c3eb-3105-0000-00000001c483] on date: [2026-02-11]
[2026-02-11T09:01:28.282Z] INFO Activity Executor taskQueue="hydra-billing-tasks", namespace="ncm-cg": 3 EntitiesWriter:169 [] No configuration found clusterId: [00063fb0-c3eb-3105-0000-00000001c483] on date: [2026-02-11]
[2026-02-11T09:01:28.282Z] INFO Activity Executor taskQueue="hydra-billing-tasks", namespace="ncm-cg": 3 EntitiesWriter:169 [] No configuration found clusterId: [00063fb0-c3eb-3105-0000-00000001c483] on date: [2026-02-11]
[2026-02-11T09:01:28.283Z] INFO Activity Executor taskQueue="hydra-billing-tasks", namespace="ncm-cg": 3 EntitiesWriter:169 [] No configuration found clusterId: [00063fb0-c3eb-3105-0000-00000001c483] on date: [2026-02-11]
[2026-02-11T09:01:28.283Z] INFO Activity Executor taskQueue="hydra-billing-tasks", namespace="ncm-cg": 3 EntitiesWriter:169 [] No configuration found clusterId: [00063fb0-c3eb-3105-0000-00000001c483] on date: [2026-02-11]
[2026-02-11T09:01:28.283Z] INFO Activity Executor taskQueue="hydra-billing-tasks", namespace="ncm-cg": 3 EntitiesWriter:169 [] No configuration found clusterId: [00063fb0-c3eb-3105-0000-00000001c483] on date: [2026-02-11]
[2026-02-11T09:01:28.283Z] INFO Activity Executor taskQueue="hydra-billing-tasks", namespace="ncm-cg": 3 EntitiesWriter:169 [] No configuration found clusterId: [00063fb0-c3eb-3105-0000-00000001c483] on date: [2026-02-11]
[2026-02-11T09:01:28.283Z] INFO Activity Executor taskQueue="hydra-billing-tasks", namespace="ncm-cg": 3 EntitiesWriter:169 [] No configuration found clusterId: [00063fb0-c3eb-3105-0000-00000001c483] on date: [2026-02-11]
[2026-02-11T09:01:28.283Z] INFO Activity Executor taskQueue="hydra-billing-tasks", namespace="ncm-cg": 3 EntitiesWriter:169 [] No configuration found clusterId: [00063fb0-c3eb-3105-0000-00000001c483] on date: [2026-02-11]
[2026-02-11T09:01:28.283Z] INFO Activity Executor taskQueue="hydra-billing-tasks", namespace="ncm-cg": 3 EntitiesWriter:169 [] No configuration found clusterId: [00063fb0-c3eb-3105-0000-00000001c483] on date: [2026-02-11]
[2026-02-11T09:01:28.283Z] INFO Activity Executor taskQueue="hydra-billing-tasks", namespace="ncm-cg": 3 EntitiesWriter:169 [] No configuration found clusterId: [00063fb0-c3eb-3105-0000-00000001c483] on date: [2026-02-11]
[2026-02-11T09:01:28.283Z] INFO Activity Executor taskQueue="hydra-billing-tasks", namespace="ncm-cg": 3 EntitiesWriter:169 [] No configuration found clusterId: [00063fb0-c3eb-3105-0000-00000001c483] on date: [2026-02-11]
[2026-02-11T09:01:28.283Z] INFO Activity Executor taskQueue="hydra-billing-tasks", namespace="ncm-cg": 3 EntitiesWriter:169 [] No configuration found clusterId: [00063fb0-c3eb-3105-0000-00000001c483] on date: [2026-02-11]
[2026-02-11T09:01:28.283Z] INFO Activity Executor taskQueue="hydra-billing-tasks", namespace="ncm-cg": 3 EntitiesWriter:169 [] No configuration found clusterId: [00063fb0-c3eb-3105-0000-00000001c483] on date: [2026-02-11]
[2026-02-11T09:01:28.283Z] INFO Activity Executor taskQueue="hydra-billing-tasks", namespace="ncm-cg": 3 EntitiesWriter:169 [] No configuration found clusterId: [00063fb0-c3eb-3105-0000-00000001c483] on date: [2026-02-11]
[2026-02-11T09:01:28.283Z] INFO Activity Executor taskQueue="hydra-billing-tasks", namespace="ncm-cg": 3 EntitiesWriter:169 [] No configuration found clusterId: [00063fb0-c3eb-3105-0000-00000001c483] on date: [2026-02-11]
[2026-02-11T09:01:28.283Z] INFO Activity Executor taskQueue="hydra-billing-tasks", namespace="ncm-cg": 3 EntitiesWriter:169 [] No configuration found clusterId: [00063fb0-c3eb-3105-0000-00000001c483] on date: [2026-02-11]
[2026-02-11T09:01:28.284Z] INFO Activity Executor taskQueue="hydra-billing-tasks", namespace="ncm-cg": 3 EntitiesWriter:169 [] No configuration found clusterId: [00063fb0-c3eb-3105-0000-00000001c483] on date: [2026-02-11]
[2026-02-11T09:01:28.284Z] INFO Activity Executor taskQueue="hydra-billing-tasks", namespace="ncm-cg": 3 EntitiesWriter:169 [] No configuration found clusterId: [00063fb0-c3eb-3105-0000-00000001c483] on date: [2026-02-11]
[2026-02-11T09:01:28.284Z] INFO Activity Executor taskQueue="hydra-billing-tasks", namespace="ncm-cg": 3 EntitiesWriter:169 [] No configuration found clusterId: [00063fb0-c3eb-3105-0000-00000001c483] on date: [2026-02-11]
[2026-02-11T09:01:28.284Z] INFO Activity Executor taskQueue="hydra-billing-tasks", namespace="ncm-cg": 3 EntitiesWriter:169 [] No configuration found clusterId: [00063fb0-c3eb-3105-0000-00000001c483] on date: [2026-02-11]
[2026-02-11T09:01:28.284Z] INFO Activity Executor taskQueue="hydra-billing-tasks", namespace="ncm-cg": 3 EntitiesWriter:169 [] No configuration found clusterId: [00063fb0-c3eb-3105-0000-00000001c483] on date: [2026-02-11]
[2026-02-11T09:01:28.284Z] INFO Activity Executor taskQueue="hydra-billing-tasks", namespace="ncm-cg": 3 EntitiesWriter:169 [] No configuration found clusterId: [00063fb0-c3eb-3105-0000-00000001c483] on date: [2026-02-11]
[2026-02-11T09:01:28.284Z] INFO Activity Executor taskQueue="hydra-billing-tasks", namespace="ncm-cg": 3 EntitiesWriter:169 [] No configuration found clusterId: [00063fb0-c3eb-3105-0000-00000001c483] on date: [2026-02-11]
[2026-02-11T09:01:28.348Z] INFO Activity Executor taskQueue="hydra-billing-tasks", namespace="ncm-cg": 3 EntitiesWriter:169 [] No configuration found clusterId: [00063fb0-c3eb-3105-0000-00000001c483] on date: [2026-02-11]
[2026-02-11T09:01:28.348Z] INFO Activity Executor taskQueue="hydra-billing-tasks", namespace="ncm-cg": 3 EntitiesWriter:169 [] No configuration found clusterId: [00063fb0-c3eb-3105-0000-00000001c483] on date: [2026-02-11]
[2026-02-11T09:01:28.348Z] INFO Activity Executor taskQueue="hydra-billing-tasks", namespace="ncm-cg": 3 EntitiesWriter:169 [] No configuration found clusterId: [00063fb0-c3eb-3105-0000-00000001c483] on date: [2026-02-11]
[2026-02-11T09:01:28.349Z] INFO Activity Executor taskQueue="hydra-billing-tasks", namespace="ncm-cg": 3 EntitiesWriter:169 [] No configuration found clusterId: [00063fb0-c3eb-3105-0000-00000001c483] on date: [2026-02-11]
[2026-02-11T09:01:28.349Z] INFO Activity Executor taskQueue="hydra-billing-tasks", namespace="ncm-cg": 3 EntitiesWriter:169 [] No configuration found clusterId: [00063fb0-c3eb-3105-0000-00000001c483] on date: [2026-02-11]
[2026-02-11T09:01:28.349Z] INFO Activity Executor taskQueue="hydra-billing-tasks", namespace="ncm-cg": 3 EntitiesWriter:169 [] No configuration found clusterId: [00063fb0-c3eb-3105-0000-00000001c483] on date: [2026-02-11]
[2026-02-11T09:01:28.349Z] INFO Activity Executor taskQueue="hydra-billing-tasks", namespace="ncm-cg": 3 EntitiesWriter:169 [] No configuration found clusterId: [00063fb0-c3eb-3105-0000-00000001c483] on date: [2026-02-11]
[2026-02-11T09:01:28.349Z] INFO Activity Executor taskQueue="hydra-billing-tasks", namespace="ncm-cg": 3 EntitiesWriter:169 [] No configuration found clusterId: [00063fb0-c3eb-3105-0000-00000001c483] on date: [2026-02-11]
[2026-02-11T09:01:28.349Z] INFO Activity Executor taskQueue="hydra-billing-tasks", namespace="ncm-cg": 3 EntitiesWriter:169 [] No configuration found clusterId: [00063fb0-c3eb-3105-0000-00000001c483] on date: [2026-02-11]
[2026-02-11T09:01:28.349Z] INFO Activity Executor taskQueue="hydra-billing-tasks", namespace="ncm-cg": 3 EntitiesWriter:169 [] No configuration found clusterId: [00063fb0-c3eb-3105-0000-00000001c483] on date: [2026-02-11]
[2026-02-11T09:01:28.349Z] INFO Activity Executor taskQueue="hydra-billing-tasks", namespace="ncm-cg": 3 EntitiesWriter:169 [] No configuration found clusterId: [00063fb0-c3eb-3105-0000-00000001c483] on date: [2026-02-11]
[2026-02-11T09:01:28.349Z] INFO Activity Executor taskQueue="hydra-billing-tasks", namespace="ncm-cg": 3 EntitiesWriter:169 [] No configuration found clusterId: [00063fb0-c3eb-3105-0000-00000001c483] on date: [2026-02-11]
[2026-02-11T09:01:28.349Z] INFO Activity Executor taskQueue="hydra-billing-tasks", namespace="ncm-cg": 3 EntitiesWriter:169 [] No configuration found clusterId: [00063fb0-c3eb-3105-0000-00000001c483] on date: [2026-02-11]
[2026-02-11T09:01:28.349Z] INFO Activity Executor taskQueue="hydra-billing-tasks", namespace="ncm-cg": 3 EntitiesWriter:169 [] No configuration found clusterId: [00063fb0-c3eb-3105-0000-00000001c483] on date: [2026-02-11]
[2026-02-11T09:01:28.349Z] INFO Activity Executor taskQueue="hydra-billing-tasks", namespace="ncm-cg": 3 EntitiesWriter:169 [] No configuration found clusterId: [00063fb0-c3eb-3105-0000-00000001c483] on date: [2026-02-11]
[2026-02-11T09:01:28.349Z] INFO Activity Executor taskQueue="hydra-billing-tasks", namespace="ncm-cg": 3 EntitiesWriter:169 [] No configuration found clusterId: [00063fb0-c3eb-3105-0000-00000001c483] on date: [2026-02-11]
[2026-02-11T09:01:28.349Z] INFO Activity Executor taskQueue="hydra-billing-tasks", namespace="ncm-cg": 3 EntitiesWriter:169 [] No configuration found clusterId: [00063fb0-c3eb-3105-0000-00000001c483] on date: [2026-02-11]
[2026-02-11T09:01:28.349Z] INFO Activity Executor taskQueue="hydra-billing-tasks", namespace="ncm-cg": 3 EntitiesWriter:169 [] No configuration found clusterId: [00063fb0-c3eb-3105-0000-00000001c483] on date: [2026-02-11]
[2026-02-11T09:01:28.349Z] INFO Activity Executor taskQueue="hydra-billing-tasks", namespace="ncm-cg": 3 EntitiesWriter:169 [] No configuration found clusterId: [00063fb0-c3eb-3105-0000-00000001c483] on date: [2026-02-11]
[2026-02-11T09:01:28.349Z] INFO Activity Executor taskQueue="hydra-billing-tasks", namespace="ncm-cg": 3 EntitiesWriter:169 [] No configuration found clusterId: [00063fb0-c3eb-3105-0000-00000001c483] on date: [2026-02-11]
[2026-02-11T09:01:28.349Z] INFO Activity Executor taskQueue="hydra-billing-tasks", namespace="ncm-cg": 3 EntitiesWriter:169 [] No configuration found clusterId: [00063fb0-c3eb-3105-0000-00000001c483] on date: [2026-02-11]
[2026-02-11T09:01:28.349Z] INFO Activity Executor taskQueue="hydra-billing-tasks", namespace="ncm-cg": 3 EntitiesWriter:169 [] No configuration found clusterId: [00063fb0-c3eb-3105-0000-00000001c483] on date: [2026-02-11]
[2026-02-11T09:01:28.349Z] INFO Activity Executor taskQueue="hydra-billing-tasks", namespace="ncm-cg": 3 EntitiesWriter:169 [] No configuration found clusterId: [00063fb0-c3eb-3105-0000-00000001c483] on date: [2026-02-11]
[2026-02-11T09:01:28.350Z] INFO Activity Executor taskQueue="hydra-billing-tasks", namespace="ncm-cg": 3 EntitiesWriter:169 [] No configuration found clusterId: [00063fb0-c3eb-3105-0000-00000001c483] on date: [2026-02-11]
[2026-02-11T09:01:28.350Z] INFO Activity Executor taskQueue="hydra-billing-tasks", namespace="ncm-cg": 3 EntitiesWriter:169 [] No configuration found clusterId: [00063fb0-c3eb-3105-0000-00000001c483] on date: [2026-02-11]
[2026-02-11T09:01:28.350Z] INFO Activity Executor taskQueue="hydra-billing-tasks", namespace="ncm-cg": 3 EntitiesWriter:169 [] No configuration found clusterId: [00063fb0-c3eb-3105-0000-00000001c483] on date: [2026-02-11]
[2026-02-11T09:01:28.350Z] INFO Activity Executor taskQueue="hydra-billing-tasks", namespace="ncm-cg": 3 EntitiesWriter:169 [] No configuration found clusterId: [00063fb0-c3eb-3105-0000-00000001c483] on date: [2026-02-11]
[2026-02-11T09:01:28.350Z] INFO Activity Executor taskQueue="hydra-billing-tasks", namespace="ncm-cg": 3 EntitiesWriter:169 [] No configuration found clusterId: [00063fb0-c3eb-3105-0000-00000001c483] on date: [2026-02-11]
[2026-02-11T09:01:28.350Z] INFO Activity Executor taskQueue="hydra-billing-tasks", namespace="ncm-cg": 3 EntitiesWriter:169 [] No configuration found clusterId: [00063fb0-c3eb-3105-0000-00000001c483] on date: [2026-02-11]
[2026-02-11T09:01:28.350Z] INFO Activity Executor taskQueue="hydra-billing-tasks", namespace="ncm-cg": 3 EntitiesWriter:169 [] No configuration found clusterId: [00063fb0-c3eb-3105-0000-00000001c483] on date: [2026-02-11]
[2026-02-11T09:01:28.350Z] INFO Activity Executor taskQueue="hydra-billing-tasks", namespace="ncm-cg": 3 EntitiesWriter:169 [] No configuration found clusterId: [00063fb0-c3eb-3105-0000-00000001c483] on date: [2026-02-11]
[2026-02-11T09:01:28.350Z] INFO Activity Executor taskQueue="hydra-billing-tasks", namespace="ncm-cg": 3 EntitiesWriter:169 [] No configuration found clusterId: [00063fb0-c3eb-3105-0000-00000001c483] on date: [2026-02-11]
[2026-02-11T09:01:28.350Z] INFO Activity Executor taskQueue="hydra-billing-tasks", namespace="ncm-cg": 3 EntitiesWriter:169 [] No configuration found clusterId: [00063fb0-c3eb-3105-0000-00000001c483] on date: [2026-02-11]
[2026-02-11T09:01:28.350Z] INFO Activity Executor taskQueue="hydra-billing-tasks", namespace="ncm-cg": 3 EntitiesWriter:169 [] No configuration found clusterId: [00063fb0-c3eb-3105-0000-00000001c483] on date: [2026-02-11]
[2026-02-11T09:01:28.350Z] INFO Activity Executor taskQueue="hydra-billing-tasks", namespace="ncm-cg": 3 EntitiesWriter:169 [] No configuration found clusterId: [00063fb0-c3eb-3105-0000-00000001c483] on date: [2026-02-11]
[2026-02-11T09:01:28.350Z] INFO Activity Executor taskQueue="hydra-billing-tasks", namespace="ncm-cg": 3 EntitiesWriter:169 [] No configuration found clusterId: [00063fb0-c3eb-3105-0000-00000001c483] on date: [2026-02-11]
[2026-02-11T09:01:28.350Z] INFO Activity Executor taskQueue="hydra-billing-tasks", namespace="ncm-cg": 3 EntitiesWriter:169 [] No configuration found clusterId: [00063fb0-c3eb-3105-0000-00000001c483] on date: [2026-02-11]
[2026-02-11T09:01:28.350Z] INFO Activity Executor taskQueue="hydra-billing-tasks", namespace="ncm-cg": 3 EntitiesWriter:169 [] No configuration found clusterId: [00063fb0-c3eb-3105-0000-00000001c483] on date: [2026-02-11]
[2026-02-11T09:01:28.350Z] INFO Activity Executor taskQueue="hydra-billing-tasks", namespace="ncm-cg": 3 EntitiesWriter:169 [] No configuration found clusterId: [00063fb0-c3eb-3105-0000-00000001c483] on date: [2026-02-11]
[2026-02-11T09:01:28.350Z] INFO Activity Executor taskQueue="hydra-billing-tasks", namespace="ncm-cg": 3 EntitiesWriter:169 [] No configuration found clusterId: [00063fb0-c3eb-3105-0000-00000001c483] on date: [2026-02-11]
[2026-02-11T09:01:28.350Z] INFO Activity Executor taskQueue="hydra-billing-tasks", namespace="ncm-cg": 3 EntitiesWriter:169 [] No configuration found clusterId: [00063fb0-c3eb-3105-0000-00000001c483] on date: [2026-02-11]
[2026-02-11T09:01:28.351Z] INFO Activity Executor taskQueue="hydra-billing-tasks", namespace="ncm-cg": 3 EntitiesWriter:169 [] No configuration found clusterId: [00063fb0-c3eb-3105-0000-00000001c483] on date: [2026-02-11]
[2026-02-11T09:01:28.351Z] INFO Activity Executor taskQueue="hydra-billing-tasks", namespace="ncm-cg": 3 EntitiesWriter:169 [] No configuration found clusterId: [00063fb0-c3eb-3105-0000-00000001c483] on date: [2026-02-11]
[2026-02-11T09:01:28.351Z] INFO Activity Executor taskQueue="hydra-billing-tasks", namespace="ncm-cg": 3 EntitiesWriter:169 [] No configuration found clusterId: [00063fb0-c3eb-3105-0000-00000001c483] on date: [2026-02-11]
[2026-02-11T09:01:28.351Z] INFO Activity Executor taskQueue="hydra-billing-tasks", namespace="ncm-cg": 3 EntitiesWriter:169 [] No configuration found clusterId: [00063fb0-c3eb-3105-0000-00000001c483] on date: [2026-02-11]
[2026-02-11T09:01:28.351Z] INFO Activity Executor taskQueue="hydra-billing-tasks", namespace="ncm-cg": 3 EntitiesWriter:169 [] No configuration found clusterId: [00063fb0-c3eb-3105-0000-00000001c483] on date: [2026-02-11]
[2026-02-11T09:01:28.351Z] INFO Activity Executor taskQueue="hydra-billing-tasks", namespace="ncm-cg": 3 EntitiesWriter:169 [] No configuration found clusterId: [00063fb0-c3eb-3105-0000-00000001c483] on date: [2026-02-11]
[2026-02-11T09:01:28.351Z] INFO Activity Executor taskQueue="hydra-billing-tasks", namespace="ncm-cg": 3 EntitiesWriter:169 [] No configuration found clusterId: [00063fb0-c3eb-3105-0000-00000001c483] on date: [2026-02-11]
[2026-02-11T09:01:28.351Z] INFO Activity Executor taskQueue="hydra-billing-tasks", namespace="ncm-cg": 3 EntitiesWriter:169 [] No configuration found clusterId: [00063fb0-c3eb-3105-0000-00000001c483] on date: [2026-02-11]
[2026-02-11T09:01:28.351Z] INFO Activity Executor taskQueue="hydra-billing-tasks", namespace="ncm-cg": 3 EntitiesWriter:169 [] No configuration found clusterId: [00063fb0-c3eb-3105-0000-00000001c483] on date: [2026-02-11]
[2026-02-11T09:01:28.351Z] INFO Activity Executor taskQueue="hydra-billing-tasks", namespace="ncm-cg": 3 EntitiesWriter:169 [] No configuration found clusterId: [00063fb0-c3eb-3105-0000-00000001c483] on date: [2026-02-11]
[2026-02-11T09:01:28.351Z] INFO Activity Executor taskQueue="hydra-billing-tasks", namespace="ncm-cg": 3 EntitiesWriter:169 [] No configuration found clusterId: [00063fb0-c3eb-3105-0000-00000001c483] on date: [2026-02-11]
[2026-02-11T09:01:28.352Z] INFO Activity Executor taskQueue="hydra-billing-tasks", namespace="ncm-cg": 3 EntitiesWriter:169 [] No configuration found clusterId: [00063fb0-c3eb-3105-0000-00000001c483] on date: [2026-02-11]
[2026-02-11T09:01:28.352Z] INFO Activity Executor taskQueue="hydra-billing-tasks", namespace="ncm-cg": 3 EntitiesWriter:169 [] No configuration found clusterId: [00063fb0-c3eb-3105-0000-00000001c483] on date: [2026-02-11]
[2026-02-11T09:01:28.352Z] INFO Activity Executor taskQueue="hydra-billing-tasks", namespace="ncm-cg": 3 EntitiesWriter:169 [] No configuration found clusterId: [00063fb0-c3eb-3105-0000-00000001c483] on date: [2026-02-11]
[2026-02-11T09:01:28.352Z] INFO Activity Executor taskQueue="hydra-billing-tasks", namespace="ncm-cg": 3 EntitiesWriter:169 [] No configuration found clusterId: [00063fb0-c3eb-3105-0000-00000001c483] on date: [2026-02-11]
[2026-02-11T09:01:28.352Z] INFO Activity Executor taskQueue="hydra-billing-tasks", namespace="ncm-cg": 3 EntitiesWriter:169 [] No configuration found clusterId: [00063fb0-c3eb-3105-0000-00000001c483] on date: [2026-02-11]
[2026-02-11T09:01:28.352Z] INFO Activity Executor taskQueue="hydra-billing-tasks", namespace="ncm-cg": 3 EntitiesWriter:169 [] No configuration found clusterId: [00063fb0-c3eb-3105-0000-00000001c483] on date: [2026-02-11]
[2026-02-11T09:01:28.352Z] INFO Activity Executor taskQueue="hydra-billing-tasks", namespace="ncm-cg": 3 EntitiesWriter:169 [] No configuration found clusterId: [00063fb0-c3eb-3105-0000-00000001c483] on date: [2026-02-11]
[2026-02-11T09:01:28.352Z] INFO Activity Executor taskQueue="hydra-billing-tasks", namespace="ncm-cg": 3 EntitiesWriter:169 [] No configuration found clusterId: [00063fb0-c3eb-3105-0000-00000001c483] on date: [2026-02-11]
[2026-02-11T09:01:28.352Z] INFO Activity Executor taskQueue="hydra-billing-tasks", namespace="ncm-cg": 3 EntitiesWriter:169 [] No configuration found clusterId: [00063fb0-c3eb-3105-0000-00000001c483] on date: [2026-02-11]
[2026-02-11T09:01:28.352Z] INFO Activity Executor taskQueue="hydra-billing-tasks", namespace="ncm-cg": 3 EntitiesWriter:169 [] No configuration found clusterId: [00063fb0-c3eb-3105-0000-00000001c483] on date: [2026-02-11]
[2026-02-11T09:01:28.352Z] INFO Activity Executor taskQueue="hydra-billing-tasks", namespace="ncm-cg": 3 EntitiesWriter:169 [] No configuration found clusterId: [00063fb0-c3eb-3105-0000-00000001c483] on date: [2026-02-11]
[2026-02-11T09:01:28.352Z] INFO Activity Executor taskQueue="hydra-billing-tasks", namespace="ncm-cg": 3 EntitiesWriter:169 [] No configuration found clusterId: [00063fb0-c3eb-3105-0000-00000001c483] on date: [2026-02-11]
[2026-02-11T09:01:28.352Z] INFO Activity Executor taskQueue="hydra-billing-tasks", namespace="ncm-cg": 3 EntitiesWriter:169 [] No configuration found clusterId: [00063fb0-c3eb-3105-0000-00000001c483] on date: [2026-02-11]
[2026-02-11T09:01:28.352Z] INFO Activity Executor taskQueue="hydra-billing-tasks", namespace="ncm-cg": 3 EntitiesWriter:169 [] No configuration found clusterId: [00063fb0-c3eb-3105-0000-00000001c483] on date: [2026-02-11]
[2026-02-11T09:01:28.352Z] INFO Activity Executor taskQueue="hydra-billing-tasks", namespace="ncm-cg": 3 EntitiesWriter:169 [] No configuration found clusterId: [00063fb0-c3eb-3105-0000-00000001c483] on date: [2026-02-11]
[2026-02-11T09:01:28.352Z] INFO Activity Executor taskQueue="hydra-billing-tasks", namespace="ncm-cg": 3 EntitiesWriter:169 [] No configuration found clusterId: [00063fb0-c3eb-3105-0000-00000001c483] on date: [2026-02-11]
[2026-02-11T09:01:28.352Z] INFO Activity Executor taskQueue="hydra-billing-tasks", namespace="ncm-cg": 3 EntitiesWriter:169 [] No configuration found clusterId: [00063fb0-c3eb-3105-0000-00000001c483] on date: [2026-02-11]
[2026-02-11T09:01:28.353Z] INFO Activity Executor taskQueue="hydra-billing-tasks", namespace="ncm-cg": 3 EntitiesWriter:169 [] No configuration found clusterId: [00063fb0-c3eb-3105-0000-00000001c483] on date: [2026-02-11]
[2026-02-11T09:01:28.353Z] INFO Activity Executor taskQueue="hydra-billing-tasks", namespace="ncm-cg": 3 EntitiesWriter:169 [] No configuration found clusterId: [00063fb0-c3eb-3105-0000-00000001c483] on date: [2026-02-11]
[2026-02-11T09:01:28.353Z] INFO Activity Executor taskQueue="hydra-billing-tasks", namespace="ncm-cg": 3 EntitiesWriter:169 [] No configuration found clusterId: [00063fb0-c3eb-3105-0000-00000001c483] on date: [2026-02-11]
[2026-02-11T09:01:28.353Z] INFO Activity Executor taskQueue="hydra-billing-tasks", namespace="ncm-cg": 3 EntitiesWriter:169 [] No configuration found clusterId: [00063fb0-c3eb-3105-0000-00000001c483] on date: [2026-02-11]
[2026-02-11T09:01:28.353Z] INFO Activity Executor taskQueue="hydra-billing-tasks", namespace="ncm-cg": 3 EntitiesWriter:169 [] No configuration found clusterId: [00063fb0-c3eb-3105-0000-00000001c483] on date: [2026-02-11]
[2026-02-11T09:01:28.353Z] INFO Activity Executor taskQueue="hydra-billing-tasks", namespace="ncm-cg": 3 EntitiesWriter:169 [] No configuration found clusterId: [00063fb0-c3eb-3105-0000-00000001c483] on date: [2026-02-11]
[2026-02-11T09:01:28.353Z] INFO Activity Executor taskQueue="hydra-billing-tasks", namespace="ncm-cg": 3 EntitiesWriter:169 [] No configuration found clusterId: [00063fb0-c3eb-3105-0000-00000001c483] on date: [2026-02-11]
[2026-02-11T09:01:28.353Z] INFO Activity Executor taskQueue="hydra-billing-tasks", namespace="ncm-cg": 3 EntitiesWriter:169 [] No configuration found clusterId: [00063fb0-c3eb-3105-0000-00000001c483] on date: [2026-02-11]
[2026-02-11T09:01:28.353Z] INFO Activity Executor taskQueue="hydra-billing-tasks", namespace="ncm-cg": 3 EntitiesWriter:169 [] No configuration found clusterId: [00063fb0-c3eb-3105-0000-00000001c483] on date: [2026-02-11]
[2026-02-11T09:01:28.353Z] INFO Activity Executor taskQueue="hydra-billing-tasks", namespace="ncm-cg": 3 EntitiesWriter:169 [] No configuration found clusterId: [00063fb0-c3eb-3105-0000-00000001c483] on date: [2026-02-11]
[2026-02-11T09:01:28.353Z] INFO Activity Executor taskQueue="hydra-billing-tasks", namespace="ncm-cg": 3 EntitiesWriter:169 [] No configuration found clusterId: [00063fb0-c3eb-3105-0000-00000001c483] on date: [2026-02-11]
[2026-02-11T09:01:28.353Z] INFO Activity Executor taskQueue="hydra-billing-tasks", namespace="ncm-cg": 3 EntitiesWriter:169 [] No configuration found clusterId: [00063fb0-c3eb-3105-0000-00000001c483] on date: [2026-02-11]
[2026-02-11T09:01:28.353Z] INFO Activity Executor taskQueue="hydra-billing-tasks", namespace="ncm-cg": 3 EntitiesWriter:169 [] No configuration found clusterId: [00063fb0-c3eb-3105-0000-00000001c483] on date: [2026-02-11]
[2026-02-11T09:01:28.353Z] INFO Activity Executor taskQueue="hydra-billing-tasks", namespace="ncm-cg": 3 EntitiesWriter:169 [] No configuration found clusterId: [00063fb0-c3eb-3105-0000-00000001c483] on date: [2026-02-11]
[2026-02-11T09:01:28.353Z] INFO Activity Executor taskQueue="hydra-billing-tasks", namespace="ncm-cg": 3 EntitiesWriter:169 [] No configuration found clusterId: [00063fb0-c3eb-3105-0000-00000001c483] on date: [2026-02-11]
[2026-02-11T09:01:28.353Z] INFO Activity Executor taskQueue="hydra-billing-tasks", namespace="ncm-cg": 3 EntitiesWriter:169 [] No configuration found clusterId: [00063fb0-c3eb-3105-0000-00000001c483] on date: [2026-02-11]
[2026-02-11T09:01:28.353Z] INFO Activity Executor taskQueue="hydra-billing-tasks", namespace="ncm-cg": 3 EntitiesWriter:169 [] No configuration found clusterId: [00063fb0-c3eb-3105-0000-00000001c483] on date: [2026-02-11]
[2026-02-11T09:01:28.354Z] INFO Activity Executor taskQueue="hydra-billing-tasks", namespace="ncm-cg": 3 EntitiesWriter:169 [] No configuration found clusterId: [00063fb0-c3eb-3105-0000-00000001c483] on date: [2026-02-11]
[2026-02-11T09:01:28.354Z] INFO Activity Executor taskQueue="hydra-billing-tasks", namespace="ncm-cg": 3 EntitiesWriter:169 [] No configuration found clusterId: [00063fb0-c3eb-3105-0000-00000001c483] on date: [2026-02-11]
[2026-02-11T09:01:28.354Z] INFO Activity Executor taskQueue="hydra-billing-tasks", namespace="ncm-cg": 3 EntitiesWriter:169 [] No configuration found clusterId: [00063fb0-c3eb-3105-0000-00000001c483] on date: [2026-02-11]
[2026-02-11T09:01:28.354Z] INFO Activity Executor taskQueue="hydra-billing-tasks", namespace="ncm-cg": 3 EntitiesWriter:169 [] No configuration found clusterId: [00063fb0-c3eb-3105-0000-00000001c483] on date: [2026-02-11]
[2026-02-11T09:01:28.354Z] INFO Activity Executor taskQueue="hydra-billing-tasks", namespace="ncm-cg": 3 EntitiesWriter:169 [] No configuration found clusterId: [00063fb0-c3eb-3105-0000-00000001c483] on date: [2026-02-11]
[2026-02-11T09:01:28.354Z] INFO Activity Executor taskQueue="hydra-billing-tasks", namespace="ncm-cg": 3 EntitiesWriter:169 [] No configuration found clusterId: [00063fb0-c3eb-3105-0000-00000001c483] on date: [2026-02-11]
[2026-02-11T09:01:28.354Z] INFO Activity Executor taskQueue="hydra-billing-tasks", namespace="ncm-cg": 3 EntitiesWriter:169 [] No configuration found clusterId: [00063fb0-c3eb-3105-0000-00000001c483] on date: [2026-02-11]
[2026-02-11T09:01:28.354Z] INFO Activity Executor taskQueue="hydra-billing-tasks", namespace="ncm-cg": 3 EntitiesWriter:169 [] No configuration found clusterId: [00063fb0-c3eb-3105-0000-00000001c483] on date: [2026-02-11]
[2026-02-11T09:01:28.354Z] INFO Activity Executor taskQueue="hydra-billing-tasks", namespace="ncm-cg": 3 EntitiesWriter:169 [] No configuration found clusterId: [00063fb0-c3eb-3105-0000-00000001c483] on date: [2026-02-11]
[2026-02-11T09:01:28.354Z] INFO Activity Executor taskQueue="hydra-billing-tasks", namespace="ncm-cg": 3 EntitiesWriter:169 [] No configuration found clusterId: [00063fb0-c3eb-3105-0000-00000001c483] on date: [2026-02-11]
[2026-02-11T09:01:28.354Z] INFO Activity Executor taskQueue="hydra-billing-tasks", namespace="ncm-cg": 3 EntitiesWriter:169 [] No configuration found clusterId: [00063fb0-c3eb-3105-0000-00000001c483] on date: [2026-02-11]
[2026-02-11T09:01:28.354Z] INFO Activity Executor taskQueue="hydra-billing-tasks", namespace="ncm-cg": 3 EntitiesWriter:169 [] No configuration found clusterId: [00063fb0-c3eb-3105-0000-00000001c483] on date: [2026-02-11]
[2026-02-11T09:01:28.354Z] INFO Activity Executor taskQueue="hydra-billing-tasks", namespace="ncm-cg": 3 EntitiesWriter:169 [] No configuration found clusterId: [00063fb0-c3eb-3105-0000-00000001c483] on date: [2026-02-11]
[2026-02-11T09:01:28.354Z] INFO Activity Executor taskQueue="hydra-billing-tasks", namespace="ncm-cg": 3 EntitiesWriter:169 [] No configuration found clusterId: [00063fb0-c3eb-3105-0000-00000001c483] on date: [2026-02-11]
[2026-02-11T09:01:28.354Z] INFO Activity Executor taskQueue="hydra-billing-tasks", namespace="ncm-cg": 3 EntitiesWriter:169 [] No configuration found clusterId: [00063fb0-c3eb-3105-0000-00000001c483] on date: [2026-02-11]
[2026-02-11T09:01:28.354Z] INFO Activity Executor taskQueue="hydra-billing-tasks", namespace="ncm-cg": 3 EntitiesWriter:169 [] No configuration found clusterId: [00063fb0-c3eb-3105-0000-00000001c483] on date: [2026-02-11]
[2026-02-11T09:01:28.355Z] INFO Activity Executor taskQueue="hydra-billing-tasks", namespace="ncm-cg": 3 EntitiesWriter:169 [] No configuration found clusterId: [00063fb0-c3eb-3105-0000-00000001c483] on date: [2026-02-11]
[2026-02-11T09:01:28.355Z] INFO Activity Executor taskQueue="hydra-billing-tasks", namespace="ncm-cg": 3 EntitiesWriter:169 [] No configuration found clusterId: [00063fb0-c3eb-3105-0000-00000001c483] on date: [2026-02-11]
[2026-02-11T09:01:28.355Z] INFO Activity Executor taskQueue="hydra-billing-tasks", namespace="ncm-cg": 3 EntitiesWriter:169 [] No configuration found clusterId: [00063fb0-c3eb-3105-0000-00000001c483] on date: [2026-02-11]
[2026-02-11T09:01:28.355Z] INFO Activity Executor taskQueue="hydra-billing-tasks", namespace="ncm-cg": 3 EntitiesWriter:169 [] No configuration found clusterId: [00063fb0-c3eb-3105-0000-00000001c483] on date: [2026-02-11]
[2026-02-11T09:01:28.355Z] INFO Activity Executor taskQueue="hydra-billing-tasks", namespace="ncm-cg": 3 EntitiesWriter:169 [] No configuration found clusterId: [00063fb0-c3eb-3105-0000-00000001c483] on date: [2026-02-11]
[2026-02-11T09:01:28.355Z] INFO Activity Executor taskQueue="hydra-billing-tasks", namespace="ncm-cg": 3 EntitiesWriter:169 [] No configuration found clusterId: [00063fb0-c3eb-3105-0000-00000001c483] on date: [2026-02-11]
[2026-02-11T09:01:28.355Z] INFO Activity Executor taskQueue="hydra-billing-tasks", namespace="ncm-cg": 3 EntitiesWriter:169 [] No configuration found clusterId: [00063fb0-c3eb-3105-0000-00000001c483] on date: [2026-02-11]
[2026-02-11T09:01:28.355Z] INFO Activity Executor taskQueue="hydra-billing-tasks", namespace="ncm-cg": 3 EntitiesWriter:169 [] No configuration found clusterId: [00063fb0-c3eb-3105-0000-00000001c483] on date: [2026-02-11]
[2026-02-11T09:01:28.355Z] INFO Activity Executor taskQueue="hydra-billing-tasks", namespace="ncm-cg": 3 EntitiesWriter:169 [] No configuration found clusterId: [00063fb0-c3eb-3105-0000-00000001c483] on date: [2026-02-11]
[2026-02-11T09:01:28.355Z] INFO Activity Executor taskQueue="hydra-billing-tasks", namespace="ncm-cg": 3 EntitiesWriter:169 [] No configuration found clusterId: [00063fb0-c3eb-3105-0000-00000001c483] on date: [2026-02-11]
[2026-02-11T09:01:28.355Z] INFO Activity Executor taskQueue="hydra-billing-tasks", namespace="ncm-cg": 3 EntitiesWriter:169 [] No configuration found clusterId: [00063fb0-c3eb-3105-0000-00000001c483] on date: [2026-02-11]
[2026-02-11T09:01:28.355Z] INFO Activity Executor taskQueue="hydra-billing-tasks", namespace="ncm-cg": 3 EntitiesWriter:169 [] No configuration found clusterId: [00063fb0-c3eb-3105-0000-00000001c483] on date: [2026-02-11]
[2026-02-11T09:01:28.355Z] INFO Activity Executor taskQueue="hydra-billing-tasks", namespace="ncm-cg": 3 EntitiesWriter:169 [] No configuration found clusterId: [00063fb0-c3eb-3105-0000-00000001c483] on date: [2026-02-11]
[2026-02-11T09:01:28.355Z] INFO Activity Executor taskQueue="hydra-billing-tasks", namespace="ncm-cg": 3 EntitiesWriter:169 [] No configuration found clusterId: [00063fb0-c3eb-3105-0000-00000001c483] on date: [2026-02-11]
[2026-02-11T09:01:28.355Z] INFO Activity Executor taskQueue="hydra-billing-tasks", namespace="ncm-cg": 3 EntitiesWriter:169 [] No configuration found clusterId: [00063fb0-c3eb-3105-0000-00000001c483] on date: [2026-02-11]
[2026-02-11T09:01:28.355Z] INFO Activity Executor taskQueue="hydra-billing-tasks", namespace="ncm-cg": 3 EntitiesWriter:169 [] No configuration found clusterId: [00063fb0-c3eb-3105-0000-00000001c483] on date: [2026-02-11]
[2026-02-11T09:01:28.355Z] INFO Activity Executor taskQueue="hydra-billing-tasks", namespace="ncm-cg": 3 EntitiesWriter:169 [] No configuration found clusterId: [00063fb0-c3eb-3105-0000-00000001c483] on date: [2026-02-11]
[2026-02-11T09:01:28.355Z] INFO Activity Executor taskQueue="hydra-billing-tasks", namespace="ncm-cg": 3 EntitiesWriter:169 [] No configuration found clusterId: [00063fb0-c3eb-3105-0000-00000001c483] on date: [2026-02-11]
[2026-02-11T09:01:28.356Z] INFO Activity Executor taskQueue="hydra-billing-tasks", namespace="ncm-cg": 3 EntitiesWriter:169 [] No configuration found clusterId: [00063fb0-c3eb-3105-0000-00000001c483] on date: [2026-02-11]
[2026-02-11T09:01:28.356Z] INFO Activity Executor taskQueue="hydra-billing-tasks", namespace="ncm-cg": 3 EntitiesWriter:169 [] No configuration found clusterId: [00063fb0-c3eb-3105-0000-00000001c483] on date: [2026-02-11]
[2026-02-11T09:01:28.356Z] INFO Activity Executor taskQueue="hydra-billing-tasks", namespace="ncm-cg": 3 EntitiesWriter:169 [] No configuration found clusterId: [00063fb0-c3eb-3105-0000-00000001c483] on date: [2026-02-11]
[2026-02-11T09:01:28.356Z] INFO Activity Executor taskQueue="hydra-billing-tasks", namespace="ncm-cg": 3 EntitiesWriter:169 [] No configuration found clusterId: [00063fb0-c3eb-3105-0000-00000001c483] on date: [2026-02-11]
[2026-02-11T09:01:28.356Z] INFO Activity Executor taskQueue="hydra-billing-tasks", namespace="ncm-cg": 3 EntitiesWriter:169 [] No configuration found clusterId: [00063fb0-c3eb-3105-0000-00000001c483] on date: [2026-02-11]
[2026-02-11T09:01:28.356Z] INFO Activity Executor taskQueue="hydra-billing-tasks", namespace="ncm-cg": 3 EntitiesWriter:169 [] No configuration found clusterId: [00063fb0-c3eb-3105-0000-00000001c483] on date: [2026-02-11]
[2026-02-11T09:01:28.356Z] INFO Activity Executor taskQueue="hydra-billing-tasks", namespace="ncm-cg": 3 EntitiesWriter:169 [] No configuration found clusterId: [00063fb0-c3eb-3105-0000-00000001c483] on date: [2026-02-11]
[2026-02-11T09:01:28.356Z] INFO Activity Executor taskQueue="hydra-billing-tasks", namespace="ncm-cg": 3 EntitiesWriter:169 [] No configuration found clusterId: [00063fb0-c3eb-3105-0000-00000001c483] on date: [2026-02-11]
[2026-02-11T09:01:28.356Z] INFO Activity Executor taskQueue="hydra-billing-tasks", namespace="ncm-cg": 3 EntitiesWriter:169 [] No configuration found clusterId: [00063fb0-c3eb-3105-0000-00000001c483] on date: [2026-02-11]
[2026-02-11T09:01:28.356Z] INFO Activity Executor taskQueue="hydra-billing-tasks", namespace="ncm-cg": 3 EntitiesWriter:169 [] No configuration found clusterId: [00063fb0-c3eb-3105-0000-00000001c483] on date: [2026-02-11]
[2026-02-11T09:01:28.356Z] INFO Activity Executor taskQueue="hydra-billing-tasks", namespace="ncm-cg": 3 EntitiesWriter:169 [] No configuration found clusterId: [00063fb0-c3eb-3105-0000-00000001c483] on date: [2026-02-11]
[2026-02-11T09:01:28.356Z] INFO Activity Executor taskQueue="hydra-billing-tasks", namespace="ncm-cg": 3 EntitiesWriter:169 [] No configuration found clusterId: [00063fb0-c3eb-3105-0000-00000001c483] on date: [2026-02-11]
[2026-02-11T09:01:28.356Z] INFO Activity Executor taskQueue="hydra-billing-tasks", namespace="ncm-cg": 3 EntitiesWriter:169 [] No configuration found clusterId: [00063fb0-c3eb-3105-0000-00000001c483] on date: [2026-02-11]
[2026-02-11T09:01:28.356Z] INFO Activity Executor taskQueue="hydra-billing-tasks", namespace="ncm-cg": 3 EntitiesWriter:169 [] No configuration found clusterId: [00063fb0-c3eb-3105-0000-00000001c483] on date: [2026-02-11]
[2026-02-11T09:01:28.356Z] INFO Activity Executor taskQueue="hydra-billing-tasks", namespace="ncm-cg": 3 EntitiesWriter:169 [] No configuration found clusterId: [00063fb0-c3eb-3105-0000-00000001c483] on date: [2026-02-11]
[2026-02-11T09:01:28.356Z] INFO Activity Executor taskQueue="hydra-billing-tasks", namespace="ncm-cg": 3 EntitiesWriter:169 [] No configuration found clusterId: [00063fb0-c3eb-3105-0000-00000001c483] on date: [2026-02-11]
[2026-02-11T09:01:28.356Z] INFO Activity Executor taskQueue="hydra-billing-tasks", namespace="ncm-cg": 3 EntitiesWriter:169 [] No configuration found clusterId: [00063fb0-c3eb-3105-0000-00000001c483] on date: [2026-02-11]
[2026-02-11T09:01:28.356Z] INFO Activity Executor taskQueue="hydra-billing-tasks", namespace="ncm-cg": 3 EntitiesWriter:169 [] No configuration found clusterId: [00063fb0-c3eb-3105-0000-00000001c483] on date: [2026-02-11]
[2026-02-11T09:01:28.357Z] INFO Activity Executor taskQueue="hydra-billing-tasks", namespace="ncm-cg": 3 EntitiesWriter:169 [] No configuration found clusterId: [00063fb0-c3eb-3105-0000-00000001c483] on date: [2026-02-11]
[2026-02-11T09:01:28.357Z] INFO Activity Executor taskQueue="hydra-billing-tasks", namespace="ncm-cg": 3 EntitiesWriter:169 [] No configuration found clusterId: [00063fb0-c3eb-3105-0000-00000001c483] on date: [2026-02-11]
[2026-02-11T09:01:28.357Z] INFO Activity Executor taskQueue="hydra-billing-tasks", namespace="ncm-cg": 3 EntitiesWriter:169 [] No configuration found clusterId: [00063fb0-c3eb-3105-0000-00000001c483] on date: [2026-02-11]
[2026-02-11T09:01:28.357Z] INFO Activity Executor taskQueue="hydra-billing-tasks", namespace="ncm-cg": 3 EntitiesWriter:169 [] No configuration found clusterId: [00063fb0-c3eb-3105-0000-00000001c483] on date: [2026-02-11]
[2026-02-11T09:01:28.357Z] INFO Activity Executor taskQueue="hydra-billing-tasks", namespace="ncm-cg": 3 EntitiesWriter:169 [] No configuration found clusterId: [00063fb0-c3eb-3105-0000-00000001c483] on date: [2026-02-11]
[2026-02-11T09:01:28.357Z] INFO Activity Executor taskQueue="hydra-billing-tasks", namespace="ncm-cg": 3 EntitiesWriter:169 [] No configuration found clusterId: [00063fb0-c3eb-3105-0000-00000001c483] on date: [2026-02-11]
[2026-02-11T09:01:28.357Z] INFO Activity Executor taskQueue="hydra-billing-tasks", namespace="ncm-cg": 3 EntitiesWriter:169 [] No configuration found clusterId: [00063fb0-c3eb-3105-0000-00000001c483] on date: [2026-02-11]
[2026-02-11T09:01:28.357Z] INFO Activity Executor taskQueue="hydra-billing-tasks", namespace="ncm-cg": 3 EntitiesWriter:169 [] No configuration found clusterId: [00063fb0-c3eb-3105-0000-00000001c483] on date: [2026-02-11]
[2026-02-11T09:01:28.357Z] INFO Activity Executor taskQueue="hydra-billing-tasks", namespace="ncm-cg": 3 EntitiesWriter:169 [] No configuration found clusterId: [00063fb0-c3eb-3105-0000-00000001c483] on date: [2026-02-11]
[2026-02-11T09:01:28.357Z] INFO Activity Executor taskQueue="hydra-billing-tasks", namespace="ncm-cg": 3 EntitiesWriter:169 [] No configuration found clusterId: [00063fb0-c3eb-3105-0000-00000001c483] on date: [2026-02-11]
[2026-02-11T09:01:28.357Z] INFO Activity Executor taskQueue="hydra-billing-tasks", namespace="ncm-cg": 3 EntitiesWriter:169 [] No configuration found clusterId: [00063fb0-c3eb-3105-0000-00000001c483] on date: [2026-02-11]
[2026-02-11T09:01:28.357Z] INFO Activity Executor taskQueue="hydra-billing-tasks", namespace="ncm-cg": 3 EntitiesWriter:169 [] No configuration found clusterId: [00063fb0-c3eb-3105-0000-00000001c483] on date: [2026-02-11]
[2026-02-11T09:01:28.357Z] INFO Activity Executor taskQueue="hydra-billing-tasks", namespace="ncm-cg": 3 EntitiesWriter:169 [] No configuration found clusterId: [00063fb0-c3eb-3105-0000-00000001c483] on date: [2026-02-11]
[2026-02-11T09:01:28.357Z] INFO Activity Executor taskQueue="hydra-billing-tasks", namespace="ncm-cg": 3 EntitiesWriter:169 [] No configuration found clusterId: [00063fb0-c3eb-3105-0000-00000001c483] on date: [2026-02-11]
[2026-02-11T09:01:28.357Z] INFO Activity Executor taskQueue="hydra-billing-tasks", namespace="ncm-cg": 3 EntitiesWriter:169 [] No configuration found clusterId: [00063fb0-c3eb-3105-0000-00000001c483] on date: [2026-02-11]
[2026-02-11T09:01:28.357Z] INFO Activity Executor taskQueue="hydra-billing-tasks", namespace="ncm-cg": 3 EntitiesWriter:169 [] No configuration found clusterId: [00063fb0-c3eb-3105-0000-00000001c483] on date: [2026-02-11]
[2026-02-11T09:01:28.357Z] INFO Activity Executor taskQueue="hydra-billing-tasks", namespace="ncm-cg": 3 EntitiesWriter:169 [] No configuration found clusterId: [00063fb0-c3eb-3105-0000-00000001c483] on date: [2026-02-11]
[2026-02-11T09:01:28.357Z] INFO Activity Executor taskQueue="hydra-billing-tasks", namespace="ncm-cg": 3 EntitiesWriter:169 [] No configuration found clusterId: [00063fb0-c3eb-3105-0000-00000001c483] on date: [2026-02-11]
[2026-02-11T09:01:28.357Z] INFO Activity Executor taskQueue="hydra-billing-tasks", namespace="ncm-cg": 3 EntitiesWriter:169 [] No configuration found clusterId: [00063fb0-c3eb-3105-0000-00000001c483] on date: [2026-02-11]
[2026-02-11T09:01:28.357Z] INFO Activity Executor taskQueue="hydra-billing-tasks", namespace="ncm-cg": 3 EntitiesWriter:169 [] No configuration found clusterId: [00063fb0-c3eb-3105-0000-00000001c483] on date: [2026-02-11]
[2026-02-11T09:01:28.358Z] INFO Activity Executor taskQueue="hydra-billing-tasks", namespace="ncm-cg": 3 EntitiesWriter:169 [] No configuration found clusterId: [00063fb0-c3eb-3105-0000-00000001c483] on date: [2026-02-11]
[2026-02-11T09:01:28.358Z] INFO Activity Executor taskQueue="hydra-billing-tasks", namespace="ncm-cg": 3 EntitiesWriter:169 [] No configuration found clusterId: [00063fb0-c3eb-3105-0000-00000001c483] on date: [2026-02-11]
[2026-02-11T09:01:28.358Z] INFO Activity Executor taskQueue="hydra-billing-tasks", namespace="ncm-cg": 3 EntitiesWriter:169 [] No configuration found clusterId: [00063fb0-c3eb-3105-0000-00000001c483] on date: [2026-02-11]
[2026-02-11T09:01:28.358Z] INFO Activity Executor taskQueue="hydra-billing-tasks", namespace="ncm-cg": 3 EntitiesWriter:169 [] No configuration found clusterId: [00063fb0-c3eb-3105-0000-00000001c483] on date: [2026-02-11]
[2026-02-11T09:01:28.358Z] INFO Activity Executor taskQueue="hydra-billing-tasks", namespace="ncm-cg": 3 EntitiesWriter:169 [] No configuration found clusterId: [00063fb0-c3eb-3105-0000-00000001c483] on date: [2026-02-11]
[2026-02-11T09:01:28.358Z] INFO Activity Executor taskQueue="hydra-billing-tasks", namespace="ncm-cg": 3 EntitiesWriter:169 [] No configuration found clusterId: [00063fb0-c3eb-3105-0000-00000001c483] on date: [2026-02-11]
[2026-02-11T09:01:28.358Z] INFO Activity Executor taskQueue="hydra-billing-tasks", namespace="ncm-cg": 3 EntitiesWriter:169 [] No configuration found clusterId: [00063fb0-c3eb-3105-0000-00000001c483] on date: [2026-02-11]
[2026-02-11T09:01:28.358Z] INFO Activity Executor taskQueue="hydra-billing-tasks", namespace="ncm-cg": 3 EntitiesWriter:169 [] No configuration found clusterId: [00063fb0-c3eb-3105-0000-00000001c483] on date: [2026-02-11]
[2026-02-11T09:01:28.358Z] INFO Activity Executor taskQueue="hydra-billing-tasks", namespace="ncm-cg": 3 EntitiesWriter:169 [] No configuration found clusterId: [00063fb0-c3eb-3105-0000-00000001c483] on date: [2026-02-11]
[2026-02-11T09:01:28.358Z] INFO Activity Executor taskQueue="hydra-billing-tasks", namespace="ncm-cg": 3 EntitiesWriter:169 [] No configuration found clusterId: [00063fb0-c3eb-3105-0000-00000001c483] on date: [2026-02-11]
[2026-02-11T09:01:28.358Z] INFO Activity Executor taskQueue="hydra-billing-tasks", namespace="ncm-cg": 3 EntitiesWriter:169 [] No configuration found clusterId: [00063fb0-c3eb-3105-0000-00000001c483] on date: [2026-02-11]
[2026-02-11T09:01:28.358Z] INFO Activity Executor taskQueue="hydra-billing-tasks", namespace="ncm-cg": 3 EntitiesWriter:169 [] No configuration found clusterId: [00063fb0-c3eb-3105-0000-00000001c483] on date: [2026-02-11]
[2026-02-11T09:01:28.358Z] INFO Activity Executor taskQueue="hydra-billing-tasks", namespace="ncm-cg": 3 EntitiesWriter:169 [] No configuration found clusterId: [00063fb0-c3eb-3105-0000-00000001c483] on date: [2026-02-11]
[2026-02-11T09:01:28.358Z] INFO Activity Executor taskQueue="hydra-billing-tasks", namespace="ncm-cg": 3 EntitiesWriter:169 [] No configuration found clusterId: [00063fb0-c3eb-3105-0000-00000001c483] on date: [2026-02-11]
[2026-02-11T09:01:28.358Z] INFO Activity Executor taskQueue="hydra-billing-tasks", namespace="ncm-cg": 3 EntitiesWriter:169 [] No configuration found clusterId: [00063fb0-c3eb-3105-0000-00000001c483] on date: [2026-02-11]
[2026-02-11T09:01:28.358Z] INFO Activity Executor taskQueue="hydra-billing-tasks", namespace="ncm-cg": 3 EntitiesWriter:169 [] No configuration found clusterId: [00063fb0-c3eb-3105-0000-00000001c483] on date: [2026-02-11]
[2026-02-11T09:01:28.358Z] INFO Activity Executor taskQueue="hydra-billing-tasks", namespace="ncm-cg": 3 EntitiesWriter:169 [] No configuration found clusterId: [00063fb0-c3eb-3105-0000-00000001c483] on date: [2026-02-11]
[2026-02-11T09:01:28.358Z] INFO Activity Executor taskQueue="hydra-billing-tasks", namespace="ncm-cg": 3 EntitiesWriter:169 [] No configuration found clusterId: [00063fb0-c3eb-3105-0000-00000001c483] on date: [2026-02-11]
[2026-02-11T09:01:28.358Z] INFO Activity Executor taskQueue="hydra-billing-tasks", namespace="ncm-cg": 3 EntitiesWriter:169 [] No configuration found clusterId: [00063fb0-c3eb-3105-0000-00000001c483] on date: [2026-02-11]
[2026-02-11T09:01:28.358Z] INFO Activity Executor taskQueue="hydra-billing-tasks", namespace="ncm-cg": 3 EntitiesWriter:169 [] No configuration found clusterId: [00063fb0-c3eb-3105-0000-00000001c483] on date: [2026-02-11]
[2026-02-11T09:01:28.358Z] INFO Activity Executor taskQueue="hydra-billing-tasks", namespace="ncm-cg": 3 EntitiesWriter:169 [] No configuration found clusterId: [00063fb0-c3eb-3105-0000-00000001c483] on date: [2026-02-11]
[2026-02-11T09:01:28.359Z] INFO Activity Executor taskQueue="hydra-billing-tasks", namespace="ncm-cg": 3 EntitiesWriter:169 [] No configuration found clusterId: [00063fb0-c3eb-3105-0000-00000001c483] on date: [2026-02-11]
[2026-02-11T09:01:28.359Z] INFO Activity Executor taskQueue="hydra-billing-tasks", namespace="ncm-cg": 3 EntitiesWriter:169 [] No configuration found clusterId: [00063fb0-c3eb-3105-0000-00000001c483] on date: [2026-02-11]
[2026-02-11T09:01:28.359Z] INFO Activity Executor taskQueue="hydra-billing-tasks", namespace="ncm-cg": 3 EntitiesWriter:169 [] No configuration found clusterId: [00063fb0-c3eb-3105-0000-00000001c483] on date: [2026-02-11]
[2026-02-11T09:01:28.359Z] INFO Activity Executor taskQueue="hydra-billing-tasks", namespace="ncm-cg": 3 EntitiesWriter:169 [] No configuration found clusterId: [00063fb0-c3eb-3105-0000-00000001c483] on date: [2026-02-11]
[2026-02-11T09:01:28.359Z] INFO Activity Executor taskQueue="hydra-billing-tasks", namespace="ncm-cg": 3 EntitiesWriter:169 [] No configuration found clusterId: [00063fb0-c3eb-3105-0000-00000001c483] on date: [2026-02-11]
[2026-02-11T09:01:28.359Z] INFO Activity Executor taskQueue="hydra-billing-tasks", namespace="ncm-cg": 3 EntitiesWriter:169 [] No configuration found clusterId: [00063fb0-c3eb-3105-0000-00000001c483] on date: [2026-02-11]
[2026-02-11T09:01:28.359Z] INFO Activity Executor taskQueue="hydra-billing-tasks", namespace="ncm-cg": 3 EntitiesWriter:169 [] No configuration found clusterId: [00063fb0-c3eb-3105-0000-00000001c483] on date: [2026-02-11]
[2026-02-11T09:01:28.359Z] INFO Activity Executor taskQueue="hydra-billing-tasks", namespace="ncm-cg": 3 EntitiesWriter:169 [] No configuration found clusterId: [00063fb0-c3eb-3105-0000-00000001c483] on date: [2026-02-11]
[2026-02-11T09:01:28.359Z] INFO Activity Executor taskQueue="hydra-billing-tasks", namespace="ncm-cg": 3 EntitiesWriter:169 [] No configuration found clusterId: [00063fb0-c3eb-3105-0000-00000001c483] on date: [2026-02-11]
[2026-02-11T09:01:28.359Z] INFO Activity Executor taskQueue="hydra-billing-tasks", namespace="ncm-cg": 3 EntitiesWriter:169 [] No configuration found clusterId: [00063fb0-c3eb-3105-0000-00000001c483] on date: [2026-02-11]
[2026-02-11T09:01:28.359Z] INFO Activity Executor taskQueue="hydra-billing-tasks", namespace="ncm-cg": 3 EntitiesWriter:169 [] No configuration found clusterId: [00063fb0-c3eb-3105-0000-00000001c483] on date: [2026-02-11]
[2026-02-11T09:01:28.359Z] INFO Activity Executor taskQueue="hydra-billing-tasks", namespace="ncm-cg": 3 EntitiesWriter:169 [] No configuration found clusterId: [00063fb0-c3eb-3105-0000-00000001c483] on date: [2026-02-11]
[2026-02-11T09:01:28.359Z] INFO Activity Executor taskQueue="hydra-billing-tasks", namespace="ncm-cg": 3 EntitiesWriter:169 [] No configuration found clusterId: [00063fb0-c3eb-3105-0000-00000001c483] on date: [2026-02-11]
[2026-02-11T09:01:28.359Z] INFO Activity Executor taskQueue="hydra-billing-tasks", namespace="ncm-cg": 3 EntitiesWriter:169 [] No configuration found clusterId: [00063fb0-c3eb-3105-0000-00000001c483] on date: [2026-02-11]
[2026-02-11T09:01:28.359Z] INFO Activity Executor taskQueue="hydra-billing-tasks", namespace="ncm-cg": 3 EntitiesWriter:169 [] No configuration found clusterId: [00063fb0-c3eb-3105-0000-00000001c483] on date: [2026-02-11]
[2026-02-11T09:01:28.359Z] INFO Activity Executor taskQueue="hydra-billing-tasks", namespace="ncm-cg": 3 EntitiesWriter:169 [] No configuration found clusterId: [00063fb0-c3eb-3105-0000-00000001c483] on date: [2026-02-11]
[2026-02-11T09:01:28.359Z] INFO Activity Executor taskQueue="hydra-billing-tasks", namespace="ncm-cg": 3 EntitiesWriter:169 [] No configuration found clusterId: [00063fb0-c3eb-3105-0000-00000001c483] on date: [2026-02-11]
[2026-02-11T09:01:28.359Z] INFO Activity Executor taskQueue="hydra-billing-tasks", namespace="ncm-cg": 3 EntitiesWriter:169 [] No configuration found clusterId: [00063fb0-c3eb-3105-0000-00000001c483] on date: [2026-02-11]
[2026-02-11T09:01:28.359Z] INFO Activity Executor taskQueue="hydra-billing-tasks", namespace="ncm-cg": 3 EntitiesWriter:169 [] No configuration found clusterId: [00063fb0-c3eb-3105-0000-00000001c483] on date: [2026-02-11]
[2026-02-11T09:01:28.359Z] INFO Activity Executor taskQueue="hydra-billing-tasks", namespace="ncm-cg": 3 EntitiesWriter:169 [] No configuration found clusterId: [00063fb0-c3eb-3105-0000-00000001c483] on date: [2026-02-11]
[2026-02-11T09:01:28.360Z] INFO Activity Executor taskQueue="hydra-billing-tasks", namespace="ncm-cg": 3 EntitiesWriter:169 [] No configuration found clusterId: [00063fb0-c3eb-3105-0000-00000001c483] on date: [2026-02-11]
[2026-02-11T09:01:28.360Z] INFO Activity Executor taskQueue="hydra-billing-tasks", namespace="ncm-cg": 3 EntitiesWriter:169 [] No configuration found clusterId: [00063fb0-c3eb-3105-0000-00000001c483] on date: [2026-02-11]
[2026-02-11T09:01:28.360Z] INFO Activity Executor taskQueue="hydra-billing-tasks", namespace="ncm-cg": 3 EntitiesWriter:169 [] No configuration found clusterId: [00063fb0-c3eb-3105-0000-00000001c483] on date: [2026-02-11]
[2026-02-11T09:01:28.360Z] INFO Activity Executor taskQueue="hydra-billing-tasks", namespace="ncm-cg": 3 EntitiesWriter:169 [] No configuration found clusterId: [00063fb0-c3eb-3105-0000-00000001c483] on date: [2026-02-11]
[2026-02-11T09:01:28.360Z] INFO Activity Executor taskQueue="hydra-billing-tasks", namespace="ncm-cg": 3 EntitiesWriter:169 [] No configuration found clusterId: [00063fb0-c3eb-3105-0000-00000001c483] on date: [2026-02-11]
[2026-02-11T09:01:28.360Z] INFO Activity Executor taskQueue="hydra-billing-tasks", namespace="ncm-cg": 3 EntitiesWriter:169 [] No configuration found clusterId: [00063fb0-c3eb-3105-0000-00000001c483] on date: [2026-02-11]
[2026-02-11T09:01:28.360Z] INFO Activity Executor taskQueue="hydra-billing-tasks", namespace="ncm-cg": 3 EntitiesWriter:169 [] No configuration found clusterId: [00063fb0-c3eb-3105-0000-00000001c483] on date: [2026-02-11]
[2026-02-11T09:01:28.360Z] INFO Activity Executor taskQueue="hydra-billing-tasks", namespace="ncm-cg": 3 EntitiesWriter:169 [] No configuration found clusterId: [00063fb0-c3eb-3105-0000-00000001c483] on date: [2026-02-11]
[2026-02-11T09:01:28.360Z] INFO Activity Executor taskQueue="hydra-billing-tasks", namespace="ncm-cg": 3 EntitiesWriter:169 [] No configuration found clusterId: [00063fb0-c3eb-3105-0000-00000001c483] on date: [2026-02-11]
[2026-02-11T09:01:28.360Z] INFO Activity Executor taskQueue="hydra-billing-tasks", namespace="ncm-cg": 3 EntitiesWriter:169 [] No configuration found clusterId: [00063fb0-c3eb-3105-0000-00000001c483] on date: [2026-02-11]
[2026-02-11T09:01:28.360Z] INFO Activity Executor taskQueue="hydra-billing-tasks", namespace="ncm-cg": 3 EntitiesWriter:169 [] No configuration found clusterId: [00063fb0-c3eb-3105-0000-00000001c483] on date: [2026-02-11]
[2026-02-11T09:01:28.360Z] INFO Activity Executor taskQueue="hydra-billing-tasks", namespace="ncm-cg": 3 EntitiesWriter:169 [] No configuration found clusterId: [00063fb0-c3eb-3105-0000-00000001c483] on date: [2026-02-11]
[2026-02-11T09:01:28.360Z] INFO Activity Executor taskQueue="hydra-billing-tasks", namespace="ncm-cg": 3 EntitiesWriter:169 [] No configuration found clusterId: [00063fb0-c3eb-3105-0000-00000001c483] on date: [2026-02-11]
[2026-02-11T09:01:28.360Z] INFO Activity Executor taskQueue="hydra-billing-tasks", namespace="ncm-cg": 3 EntitiesWriter:169 [] No configuration found clusterId: [00063fb0-c3eb-3105-0000-00000001c483] on date: [2026-02-11]
[2026-02-11T09:01:28.360Z] INFO Activity Executor taskQueue="hydra-billing-tasks", namespace="ncm-cg": 3 EntitiesWriter:169 [] No configuration found clusterId: [00063fb0-c3eb-3105-0000-00000001c483] on date: [2026-02-11]
[2026-02-11T09:01:28.360Z] INFO Activity Executor taskQueue="hydra-billing-tasks", namespace="ncm-cg": 3 EntitiesWriter:169 [] No configuration found clusterId: [00063fb0-c3eb-3105-0000-00000001c483] on date: [2026-02-11]
[2026-02-11T09:01:28.360Z] INFO Activity Executor taskQueue="hydra-billing-tasks", namespace="ncm-cg": 3 EntitiesWriter:169 [] No configuration found clusterId: [00063fb0-c3eb-3105-0000-00000001c483] on date: [2026-02-11]
[2026-02-11T09:01:28.361Z] INFO Activity Executor taskQueue="hydra-billing-tasks", namespace="ncm-cg": 3 EntitiesWriter:169 [] No configuration found clusterId: [00063fb0-c3eb-3105-0000-00000001c483] on date: [2026-02-11]
[2026-02-11T09:01:28.361Z] INFO Activity Executor taskQueue="hydra-billing-tasks", namespace="ncm-cg": 3 EntitiesWriter:169 [] No configuration found clusterId: [00063fb0-c3eb-3105-0000-00000001c483] on date: [2026-02-11]
[2026-02-11T09:01:28.361Z] INFO Activity Executor taskQueue="hydra-billing-tasks", namespace="ncm-cg": 3 EntitiesWriter:169 [] No configuration found clusterId: [00063fb0-c3eb-3105-0000-00000001c483] on date: [2026-02-11]
[2026-02-11T09:01:28.361Z] INFO Activity Executor taskQueue="hydra-billing-tasks", namespace="ncm-cg": 3 EntitiesWriter:169 [] No configuration found clusterId: [00063fb0-c3eb-3105-0000-00000001c483] on date: [2026-02-11]
[2026-02-11T09:01:28.361Z] INFO Activity Executor taskQueue="hydra-billing-tasks", namespace="ncm-cg": 3 EntitiesWriter:169 [] No configuration found clusterId: [00063fb0-c3eb-3105-0000-00000001c483] on date: [2026-02-11]
[2026-02-11T09:01:28.361Z] INFO Activity Executor taskQueue="hydra-billing-tasks", namespace="ncm-cg": 3 EntitiesWriter:169 [] No configuration found clusterId: [00063fb0-c3eb-3105-0000-00000001c483] on date: [2026-02-11]
[2026-02-11T09:01:28.361Z] INFO Activity Executor taskQueue="hydra-billing-tasks", namespace="ncm-cg": 3 EntitiesWriter:169 [] No configuration found clusterId: [00063fb0-c3eb-3105-0000-00000001c483] on date: [2026-02-11]
[2026-02-11T09:01:28.361Z] INFO Activity Executor taskQueue="hydra-billing-tasks", namespace="ncm-cg": 3 EntitiesWriter:169 [] No configuration found clusterId: [00063fb0-c3eb-3105-0000-00000001c483] on date: [2026-02-11]
[2026-02-11T09:01:28.361Z] INFO Activity Executor taskQueue="hydra-billing-tasks", namespace="ncm-cg": 3 EntitiesWriter:169 [] No configuration found clusterId: [00063fb0-c3eb-3105-0000-00000001c483] on date: [2026-02-11]
[2026-02-11T09:01:28.361Z] INFO Activity Executor taskQueue="hydra-billing-tasks", namespace="ncm-cg": 3 EntitiesWriter:169 [] No configuration found clusterId: [00063fb0-c3eb-3105-0000-00000001c483] on date: [2026-02-11]
[2026-02-11T09:01:28.361Z] INFO Activity Executor taskQueue="hydra-billing-tasks", namespace="ncm-cg": 3 EntitiesWriter:169 [] No configuration found clusterId: [00063fb0-c3eb-3105-0000-00000001c483] on date: [2026-02-11]
[2026-02-11T09:01:28.361Z] INFO Activity Executor taskQueue="hydra-billing-tasks", namespace="ncm-cg": 3 EntitiesWriter:169 [] No configuration found clusterId: [00063fb0-c3eb-3105-0000-00000001c483] on date: [2026-02-11]
[2026-02-11T09:01:28.361Z] INFO Activity Executor taskQueue="hydra-billing-tasks", namespace="ncm-cg": 3 EntitiesWriter:169 [] No configuration found clusterId: [00063fb0-c3eb-3105-0000-00000001c483] on date: [2026-02-11]
[2026-02-11T09:01:28.361Z] INFO Activity Executor taskQueue="hydra-billing-tasks", namespace="ncm-cg": 3 EntitiesWriter:169 [] No configuration found clusterId: [00063fb0-c3eb-3105-0000-00000001c483] on date: [2026-02-11]
[2026-02-11T09:01:28.361Z] INFO Activity Executor taskQueue="hydra-billing-tasks", namespace="ncm-cg": 3 EntitiesWriter:169 [] No configuration found clusterId: [00063fb0-c3eb-3105-0000-00000001c483] on date: [2026-02-11]
[2026-02-11T09:01:28.361Z] INFO Activity Executor taskQueue="hydra-billing-tasks", namespace="ncm-cg": 3 EntitiesWriter:169 [] No configuration found clusterId: [00063fb0-c3eb-3105-0000-00000001c483] on date: [2026-02-11]
[2026-02-11T09:01:28.362Z] INFO Activity Executor taskQueue="hydra-billing-tasks", namespace="ncm-cg": 3 EntitiesWriter:169 [] No configuration found clusterId: [00063fb0-c3eb-3105-0000-00000001c483] on date: [2026-02-11]
[2026-02-11T09:01:28.362Z] INFO Activity Executor taskQueue="hydra-billing-tasks", namespace="ncm-cg": 3 EntitiesWriter:169 [] No configuration found clusterId: [00063fb0-c3eb-3105-0000-00000001c483] on date: [2026-02-11]
[2026-02-11T09:01:28.362Z] INFO Activity Executor taskQueue="hydra-billing-tasks", namespace="ncm-cg": 3 EntitiesWriter:169 [] No configuration found clusterId: [00063fb0-c3eb-3105-0000-00000001c483] on date: [2026-02-11]
[2026-02-11T09:01:28.362Z] INFO Activity Executor taskQueue="hydra-billing-tasks", namespace="ncm-cg": 3 EntitiesWriter:169 [] No configuration found clusterId: [00063fb0-c3eb-3105-0000-00000001c483] on date: [2026-02-11]
[2026-02-11T09:01:28.362Z] INFO Activity Executor taskQueue="hydra-billing-tasks", namespace="ncm-cg": 3 EntitiesWriter:169 [] No configuration found clusterId: [00063fb0-c3eb-3105-0000-00000001c483] on date: [2026-02-11]
[2026-02-11T09:01:28.362Z] INFO Activity Executor taskQueue="hydra-billing-tasks", namespace="ncm-cg": 3 EntitiesWriter:169 [] No configuration found clusterId: [00063fb0-c3eb-3105-0000-00000001c483] on date: [2026-02-11]
[2026-02-11T09:01:28.362Z] INFO Activity Executor taskQueue="hydra-billing-tasks", namespace="ncm-cg": 3 EntitiesWriter:169 [] No configuration found clusterId: [00063fb0-c3eb-3105-0000-00000001c483] on date: [2026-02-11]
[2026-02-11T09:01:28.362Z] INFO Activity Executor taskQueue="hydra-billing-tasks", namespace="ncm-cg": 3 EntitiesWriter:169 [] No configuration found clusterId: [00063fb0-c3eb-3105-0000-00000001c483] on date: [2026-02-11]
[2026-02-11T09:01:28.362Z] INFO Activity Executor taskQueue="hydra-billing-tasks", namespace="ncm-cg": 3 EntitiesWriter:169 [] No configuration found clusterId: [00063fb0-c3eb-3105-0000-00000001c483] on date: [2026-02-11]
[2026-02-11T09:01:28.362Z] INFO Activity Executor taskQueue="hydra-billing-tasks", namespace="ncm-cg": 3 EntitiesWriter:169 [] No configuration found clusterId: [00063fb0-c3eb-3105-0000-00000001c483] on date: [2026-02-11]
[2026-02-11T09:01:28.362Z] INFO Activity Executor taskQueue="hydra-billing-tasks", namespace="ncm-cg": 3 EntitiesWriter:169 [] No configuration found clusterId: [00063fb0-c3eb-3105-0000-00000001c483] on date: [2026-02-11]
[2026-02-11T09:01:28.362Z] INFO Activity Executor taskQueue="hydra-billing-tasks", namespace="ncm-cg": 3 EntitiesWriter:169 [] No configuration found clusterId: [00063fb0-c3eb-3105-0000-00000001c483] on date: [2026-02-11]
[2026-02-11T09:01:28.363Z] INFO Activity Executor taskQueue="hydra-billing-tasks", namespace="ncm-cg": 3 EntitiesWriter:169 [] No configuration found clusterId: [00063fb0-c3eb-3105-0000-00000001c483] on date: [2026-02-11]
[2026-02-11T09:01:28.363Z] INFO Activity Executor taskQueue="hydra-billing-tasks", namespace="ncm-cg": 3 EntitiesWriter:169 [] No configuration found clusterId: [00063fb0-c3eb-3105-0000-00000001c483] on date: [2026-02-11]
[2026-02-11T09:01:28.363Z] INFO Activity Executor taskQueue="hydra-billing-tasks", namespace="ncm-cg": 3 EntitiesWriter:169 [] No configuration found clusterId: [00063fb0-c3eb-3105-0000-00000001c483] on date: [2026-02-11]
[2026-02-11T09:01:28.363Z] INFO Activity Executor taskQueue="hydra-billing-tasks", namespace="ncm-cg": 3 EntitiesWriter:169 [] No configuration found clusterId: [00063fb0-c3eb-3105-0000-00000001c483] on date: [2026-02-11]
[2026-02-11T09:01:28.363Z] INFO Activity Executor taskQueue="hydra-billing-tasks", namespace="ncm-cg": 3 EntitiesWriter:169 [] No configuration found clusterId: [00063fb0-c3eb-3105-0000-00000001c483] on date: [2026-02-11]
[2026-02-11T09:01:28.363Z] INFO Activity Executor taskQueue="hydra-billing-tasks", namespace="ncm-cg": 3 EntitiesWriter:169 [] No configuration found clusterId: [00063fb0-c3eb-3105-0000-00000001c483] on date: [2026-02-11]
[2026-02-11T09:01:28.363Z] INFO Activity Executor taskQueue="hydra-billing-tasks", namespace="ncm-cg": 3 EntitiesWriter:169 [] No configuration found clusterId: [00063fb0-c3eb-3105-0000-00000001c483] on date: [2026-02-11]
[2026-02-11T09:01:28.363Z] INFO Activity Executor taskQueue="hydra-billing-tasks", namespace="ncm-cg": 3 EntitiesWriter:169 [] No configuration found clusterId: [00063fb0-c3eb-3105-0000-00000001c483] on date: [2026-02-11]
[2026-02-11T09:01:28.363Z] INFO Activity Executor taskQueue="hydra-billing-tasks", namespace="ncm-cg": 3 EntitiesWriter:169 [] No configuration found clusterId: [00063fb0-c3eb-3105-0000-00000001c483] on date: [2026-02-11]
[2026-02-11T09:01:28.363Z] INFO Activity Executor taskQueue="hydra-billing-tasks", namespace="ncm-cg": 3 EntitiesWriter:169 [] No configuration found clusterId: [00063fb0-c3eb-3105-0000-00000001c483] on date: [2026-02-11]
[2026-02-11T09:01:28.363Z] INFO Activity Executor taskQueue="hydra-billing-tasks", namespace="ncm-cg": 3 EntitiesWriter:169 [] No configuration found clusterId: [00063fb0-c3eb-3105-0000-00000001c483] on date: [2026-02-11]
[2026-02-11T09:01:28.363Z] INFO Activity Executor taskQueue="hydra-billing-tasks", namespace="ncm-cg": 3 EntitiesWriter:169 [] No configuration found clusterId: [00063fb0-c3eb-3105-0000-00000001c483] on date: [2026-02-11]
[2026-02-11T09:01:28.364Z] INFO Activity Executor taskQueue="hydra-billing-tasks", namespace="ncm-cg": 3 EntitiesWriter:152 [] Row count for day: [2026-02-10] is count: [12264], parts: [0]
[2026-02-11T09:01:28.405Z] INFO Activity Executor taskQueue="hydra-billing-tasks", namespace="ncm-cg": 3 VmEntitiesWriter:176 [] [1] :: VMs found for cluster : [0006437f-fcaf-c4c4-0000-0000000193e2]
[2026-02-11T09:01:28.406Z] INFO Activity Executor taskQueue="hydra-billing-tasks", namespace="ncm-cg": 3 EntitiesWriter:152 [] Row count for day: [2026-02-10] is count: [12264], parts: [0]
[2026-02-11T09:01:28.410Z] INFO Activity Executor taskQueue="hydra-billing-tasks", namespace="ncm-cg": 3 EntitiesWriter:152 [] Row count for day: [2026-02-07] is count: [12408], parts: [0]
[2026-02-11T09:01:28.415Z] INFO Activity Executor taskQueue="hydra-billing-tasks", namespace="ncm-cg": 3 EntitiesWriter:152 [] Row count for day: [2026-02-08] is count: [12408], parts: [0]
[2026-02-11T09:01:28.420Z] INFO Activity Executor taskQueue="hydra-billing-tasks", namespace="ncm-cg": 3 EntitiesWriter:152 [] Row count for day: [2026-02-09] is count: [12408], parts: [0]
[2026-02-11T09:01:28.425Z] INFO Activity Executor taskQueue="hydra-billing-tasks", namespace="ncm-cg": 3 EntitiesWriter:169 [] No configuration found clusterId: [0006437f-fcaf-c4c4-0000-0000000193e2] on date: [2026-02-11]
[2026-02-11T09:01:28.425Z] INFO Activity Executor taskQueue="hydra-billing-tasks", namespace="ncm-cg": 3 EntitiesWriter:169 [] No configuration found clusterId: [0006437f-fcaf-c4c4-0000-0000000193e2] on date: [2026-02-11]
[2026-02-11T09:01:28.425Z] INFO Activity Executor taskQueue="hydra-billing-tasks", namespace="ncm-cg": 3 EntitiesWriter:169 [] No configuration found clusterId: [0006437f-fcaf-c4c4-0000-0000000193e2] on date: [2026-02-11]
[2026-02-11T09:01:28.425Z] INFO Activity Executor taskQueue="hydra-billing-tasks", namespace="ncm-cg": 3 EntitiesWriter:169 [] No configuration found clusterId: [0006437f-fcaf-c4c4-0000-0000000193e2] on date: [2026-02-11]
[2026-02-11T09:01:28.425Z] INFO Activity Executor taskQueue="hydra-billing-tasks", namespace="ncm-cg": 3 EntitiesWriter:169 [] No configuration found clusterId: [0006437f-fcaf-c4c4-0000-0000000193e2] on date: [2026-02-11]
[2026-02-11T09:01:28.425Z] INFO Activity Executor taskQueue="hydra-billing-tasks", namespace="ncm-cg": 3 EntitiesWriter:169 [] No configuration found clusterId: [0006437f-fcaf-c4c4-0000-0000000193e2] on date: [2026-02-11]
[2026-02-11T09:01:28.425Z] INFO Activity Executor taskQueue="hydra-billing-tasks", namespace="ncm-cg": 3 EntitiesWriter:169 [] No configuration found clusterId: [0006437f-fcaf-c4c4-0000-0000000193e2] on date: [2026-02-11]
[2026-02-11T09:01:28.425Z] INFO Activity Executor taskQueue="hydra-billing-tasks", namespace="ncm-cg": 3 EntitiesWriter:152 [] Row count for day: [2026-02-10] is count: [12417], parts: [0]
[2026-02-11T09:01:28.425Z] INFO Activity Executor taskQueue="hydra-billing-tasks", namespace="ncm-cg": 3 VmEntitiesWriter:238 [] Total VM config rows scanned: [16539] for customerHash: [59d5de78-a964-5746-8c6e-677c4c7a79df], startDate: [2026-02-01], endDate: [2026-02-11]
[2026-02-11T09:01:28.426Z] INFO Activity Executor taskQueue="hydra-billing-tasks", namespace="ncm-cg": 3 DailyBillGenerator:141 [] Generated bills for customerHash: [59d5de78-a964-5746-8c6e-677c4c7a79df] in time: [7] secs!
[2026-02-11T09:01:28.453Z] INFO Activity Executor taskQueue="hydra-billing-tasks", namespace="ncm-cg": 3 DailyBillPublisher:91 [] Max current Publish Date: [2026-02-11], Max published date: [2026-02-11], Max date for bill to be published: [2026-02-11]
[2026-02-11T09:01:28.453Z] INFO Activity Executor taskQueue="hydra-billing-tasks", namespace="ncm-cg": 3 DailyBillPublisher:174 [] No dates to remove found for startPublishDate: [2025-02-01]
[2026-02-11T09:01:28.458Z] INFO Activity Executor taskQueue="hydra-billing-tasks", namespace="ncm-cg": 3 DailyBillPublisher:101 [] Publishing new bills for date(s): [[20260209, 20260208, 20260211, 20260210, 20260205, 20260204, 20260207, 20260206, 20260201, 20260203, 20260202]], bills for date(s): [[20260209, 20260208, 20260211, 20260210, 20260207]] already exist.
[2026-02-11T09:01:28.485Z] INFO Activity Executor taskQueue="hydra-billing-tasks", namespace="ncm-cg": 3 AwsClient:67 [] Putting object at path: /tmp/75f24bd8-d7f8-451f-bc7a-6ffcf72e5e15/59d5de78-a964-5746-8c6e-677c4c7a79df/2026/FEBRUARY/9/bill-0.csv.gz, to S3 bucket: nx-bills at key: v2/59d5de78-a964-5746-8c6e-677c4c7a79df/2026/2/9/75f24bd8-d7f8-451f-bc7a-6ffcf72e5e15/part-0.csv.gz
[2026-02-11T09:01:28.684Z] INFO Activity Executor taskQueue="hydra-billing-tasks", namespace="ncm-cg": 3 AwsClient:79 [] Object uploaded to bucket: nx-bills, with key: v2/59d5de78-a964-5746-8c6e-677c4c7a79df/2026/2/9/75f24bd8-d7f8-451f-bc7a-6ffcf72e5e15/part-0.csv.gz from path: /tmp/75f24bd8-d7f8-451f-bc7a-6ffcf72e5e15/59d5de78-a964-5746-8c6e-677c4c7a79df/2026/FEBRUARY/9/bill-0.csv.gz with version: 1
[2026-02-11T09:01:28.694Z] INFO Activity Executor taskQueue="hydra-billing-tasks", namespace="ncm-cg": 3 AwsClient:67 [] Putting object at path: /tmp/75f24bd8-d7f8-451f-bc7a-6ffcf72e5e15/59d5de78-a964-5746-8c6e-677c4c7a79df/2026/FEBRUARY/8/bill-0.csv.gz, to S3 bucket: nx-bills at key: v2/59d5de78-a964-5746-8c6e-677c4c7a79df/2026/2/8/75f24bd8-d7f8-451f-bc7a-6ffcf72e5e15/part-0.csv.gz
[2026-02-11T09:01:28.840Z] INFO Activity Executor taskQueue="hydra-billing-tasks", namespace="ncm-cg": 3 AwsClient:79 [] Object uploaded to bucket: nx-bills, with key: v2/59d5de78-a964-5746-8c6e-677c4c7a79df/2026/2/8/75f24bd8-d7f8-451f-bc7a-6ffcf72e5e15/part-0.csv.gz from path: /tmp/75f24bd8-d7f8-451f-bc7a-6ffcf72e5e15/59d5de78-a964-5746-8c6e-677c4c7a79df/2026/FEBRUARY/8/bill-0.csv.gz with version: 1
[2026-02-11T09:01:28.847Z] INFO Activity Executor taskQueue="hydra-billing-tasks", namespace="ncm-cg": 3 AwsClient:67 [] Putting object at path: /tmp/75f24bd8-d7f8-451f-bc7a-6ffcf72e5e15/59d5de78-a964-5746-8c6e-677c4c7a79df/2026/FEBRUARY/11/bill-0.csv.gz, to S3 bucket: nx-bills at key: v2/59d5de78-a964-5746-8c6e-677c4c7a79df/2026/2/11/75f24bd8-d7f8-451f-bc7a-6ffcf72e5e15/part-0.csv.gz
[2026-02-11T09:01:28.945Z] INFO Activity Executor taskQueue="hydra-billing-tasks", namespace="ncm-cg": 3 AwsClient:79 [] Object uploaded to bucket: nx-bills, with key: v2/59d5de78-a964-5746-8c6e-677c4c7a79df/2026/2/11/75f24bd8-d7f8-451f-bc7a-6ffcf72e5e15/part-0.csv.gz from path: /tmp/75f24bd8-d7f8-451f-bc7a-6ffcf72e5e15/59d5de78-a964-5746-8c6e-677c4c7a79df/2026/FEBRUARY/11/bill-0.csv.gz with version: 1
[2026-02-11T09:01:28.952Z] INFO Activity Executor taskQueue="hydra-billing-tasks", namespace="ncm-cg": 3 AwsClient:67 [] Putting object at path: /tmp/75f24bd8-d7f8-451f-bc7a-6ffcf72e5e15/59d5de78-a964-5746-8c6e-677c4c7a79df/2026/FEBRUARY/10/bill-0.csv.gz, to S3 bucket: nx-bills at key: v2/59d5de78-a964-5746-8c6e-677c4c7a79df/2026/2/10/75f24bd8-d7f8-451f-bc7a-6ffcf72e5e15/part-0.csv.gz
[2026-02-11T09:01:29.095Z] INFO Activity Executor taskQueue="hydra-billing-tasks", namespace="ncm-cg": 3 AwsClient:79 [] Object uploaded to bucket: nx-bills, with key: v2/59d5de78-a964-5746-8c6e-677c4c7a79df/2026/2/10/75f24bd8-d7f8-451f-bc7a-6ffcf72e5e15/part-0.csv.gz from path: /tmp/75f24bd8-d7f8-451f-bc7a-6ffcf72e5e15/59d5de78-a964-5746-8c6e-677c4c7a79df/2026/FEBRUARY/10/bill-0.csv.gz with version: 1
[2026-02-11T09:01:29.095Z] INFO Activity Executor taskQueue="hydra-billing-tasks", namespace="ncm-cg": 3 DailyBillPublisher:271 [] No Bill paths present for customerHash: [59d5de78-a964-5746-8c6e-677c4c7a79df] for date: [20260205] in workflowId: [75f24bd8-d7f8-451f-bc7a-6ffcf72e5e15]
[2026-02-11T09:01:29.095Z] INFO Activity Executor taskQueue="hydra-billing-tasks", namespace="ncm-cg": 3 DailyBillPublisher:271 [] No Bill paths present for customerHash: [59d5de78-a964-5746-8c6e-677c4c7a79df] for date: [20260204] in workflowId: [75f24bd8-d7f8-451f-bc7a-6ffcf72e5e15]
[2026-02-11T09:01:29.101Z] INFO Activity Executor taskQueue="hydra-billing-tasks", namespace="ncm-cg": 3 AwsClient:67 [] Putting object at path: /tmp/75f24bd8-d7f8-451f-bc7a-6ffcf72e5e15/59d5de78-a964-5746-8c6e-677c4c7a79df/2026/FEBRUARY/7/bill-0.csv.gz, to S3 bucket: nx-bills at key: v2/59d5de78-a964-5746-8c6e-677c4c7a79df/2026/2/7/75f24bd8-d7f8-451f-bc7a-6ffcf72e5e15/part-0.csv.gz
[2026-02-11T09:01:29.133Z] INFO Activity Executor taskQueue="hydra-billing-tasks", namespace="ncm-cg": 3 AwsClient:79 [] Object uploaded to bucket: nx-bills, with key: v2/59d5de78-a964-5746-8c6e-677c4c7a79df/2026/2/7/75f24bd8-d7f8-451f-bc7a-6ffcf72e5e15/part-0.csv.gz from path: /tmp/75f24bd8-d7f8-451f-bc7a-6ffcf72e5e15/59d5de78-a964-5746-8c6e-677c4c7a79df/2026/FEBRUARY/7/bill-0.csv.gz with version: 1
[2026-02-11T09:01:29.133Z] INFO Activity Executor taskQueue="hydra-billing-tasks", namespace="ncm-cg": 3 DailyBillPublisher:271 [] No Bill paths present for customerHash: [59d5de78-a964-5746-8c6e-677c4c7a79df] for date: [20260206] in workflowId: [75f24bd8-d7f8-451f-bc7a-6ffcf72e5e15]
[2026-02-11T09:01:29.134Z] INFO Activity Executor taskQueue="hydra-billing-tasks", namespace="ncm-cg": 3 DailyBillPublisher:271 [] No Bill paths present for customerHash: [59d5de78-a964-5746-8c6e-677c4c7a79df] for date: [20260201] in workflowId: [75f24bd8-d7f8-451f-bc7a-6ffcf72e5e15]
[2026-02-11T09:01:29.134Z] INFO Activity Executor taskQueue="hydra-billing-tasks", namespace="ncm-cg": 3 DailyBillPublisher:271 [] No Bill paths present for customerHash: [59d5de78-a964-5746-8c6e-677c4c7a79df] for date: [20260203] in workflowId: [75f24bd8-d7f8-451f-bc7a-6ffcf72e5e15]
[2026-02-11T09:01:29.134Z] INFO Activity Executor taskQueue="hydra-billing-tasks", namespace="ncm-cg": 3 DailyBillPublisher:271 [] No Bill paths present for customerHash: [59d5de78-a964-5746-8c6e-677c4c7a79df] for date: [20260202] in workflowId: [75f24bd8-d7f8-451f-bc7a-6ffcf72e5e15]
[2026-02-11T09:01:29.134Z] INFO Activity Executor taskQueue="hydra-billing-tasks", namespace="ncm-cg": 3 DailyBillPublisher:290 [] Successfully uploaded all bills for days(s): [[20260209, 20260208, 20260211, 20260210, 20260205, 20260204, 20260207, 20260206, 20260201, 20260203, 20260202]] for customerHash: [59d5de78-a964-5746-8c6e-677c4c7a79df] to bucket: [nx-bills]
[2026-02-11T09:01:29.134Z] INFO Activity Executor taskQueue="hydra-billing-tasks", namespace="ncm-cg": 3 DailyBillPublisher:108 [] Generating new manifest for customerHash: [59d5de78-a964-5746-8c6e-677c4c7a79df] with publishEpoch: [1770800489134]
[2026-02-11T09:01:29.134Z] INFO Activity Executor taskQueue="hydra-billing-tasks", namespace="ncm-cg": 3 DailyBillPublisher:326 [] Adding new bills metadata for date: [20260209] in manifest for customerHash: [59d5de78-a964-5746-8c6e-677c4c7a79df]
[2026-02-11T09:01:29.134Z] INFO Activity Executor taskQueue="hydra-billing-tasks", namespace="ncm-cg": 3 DailyBillPublisher:326 [] Adding new bills metadata for date: [20260208] in manifest for customerHash: [59d5de78-a964-5746-8c6e-677c4c7a79df]
[2026-02-11T09:01:29.134Z] INFO Activity Executor taskQueue="hydra-billing-tasks", namespace="ncm-cg": 3 DailyBillPublisher:326 [] Adding new bills metadata for date: [20260211] in manifest for customerHash: [59d5de78-a964-5746-8c6e-677c4c7a79df]
[2026-02-11T09:01:29.134Z] INFO Activity Executor taskQueue="hydra-billing-tasks", namespace="ncm-cg": 3 DailyBillPublisher:326 [] Adding new bills metadata for date: [20260210] in manifest for customerHash: [59d5de78-a964-5746-8c6e-677c4c7a79df]
[2026-02-11T09:01:29.134Z] INFO Activity Executor taskQueue="hydra-billing-tasks", namespace="ncm-cg": 3 DailyBillPublisher:326 [] Adding new bills metadata for date: [20260207] in manifest for customerHash: [59d5de78-a964-5746-8c6e-677c4c7a79df]
[2026-02-11T09:01:29.154Z] INFO Activity Executor taskQueue="hydra-billing-tasks", namespace="ncm-cg": 3 AwsClient:101 [] Object uploaded to bucket: nx-bills, with key: v2/59d5de78-a964-5746-8c6e-677c4c7a79df/manifest.json with version: 3
[2026-02-11T09:01:29.154Z] INFO Activity Executor taskQueue="hydra-billing-tasks", namespace="ncm-cg": 3 DailyBillPublisher:113 [] Successfully uploaded manifest to s3 bucket with versionId: [3] for customerHash: [59d5de78-a964-5746-8c6e-677c4c7a79df]
[2026-02-11T09:01:29.175Z] INFO Activity Executor taskQueue="hydra-billing-tasks", namespace="ncm-cg": 3 DailyBillPublisher:243 [] Successfully persisted updates for yearMonth(s): [[20260209, 20260208, 20260211, 20260210, 20260207]] for customerHash: [59d5de78-a964-5746-8c6e-677c4c7a79df], publishEpoch: [1770800489134], manifestVersionId: [3]
[2026-02-11T09:01:29.175Z] INFO Activity Executor taskQueue="hydra-billing-tasks", namespace="ncm-cg": 3 DailyBillPublisher:118 [] Published bills for customerHash: [59d5de78-a964-5746-8c6e-677c4c7a79df] in [1] secs!
[2026-02-11T09:01:29.175Z] INFO Activity Executor taskQueue="hydra-billing-tasks", namespace="ncm-cg": 3 DailyBillPublisher:155 [] Raising billing end event for customerHash: [59d5de78-a964-5746-8c6e-677c4c7a79df], event: [NXCBillingEndEventEntity(super=NXCEventBaseEntity(customerHash=59d5de78-a964-5746-8c6e-677c4c7a79df, updatedAtEpochMillis=1770800489175), manifestVersionId=1770800489134, clusterIds=null)]
[2026-02-11T09:01:29.177Z] INFO Activity Executor taskQueue="hydra-billing-tasks", namespace="ncm-cg": 3 StatusTracker:25 [] Successfully added event for customerHash: [59d5de78-a964-5746-8c6e-677c4c7a79df], with eventEntity: [NXCBillingEndEventEntity(super=NXCEventBaseEntity(customerHash=59d5de78-a964-5746-8c6e-677c4c7a79df, updatedAtEpochMillis=1770800489175), manifestVersionId=1770800489134, clusterIds=null)]
[2026-02-11T09:01:39.182Z] INFO Activity Executor taskQueue="hydra-billing-tasks", namespace="ncm-cg": 3 BillingTaskConsumer:64 [] Marking payload: [BillingTaskPayload(customerHash=59d5de78-a964-5746-8c6e-677c4c7a79df, workflowId=75f24bd8-d7f8-451f-bc7a-6ffcf72e5e15, startDate=2026-02-01, endDate=2026-02-11, clusterIds=null, isOnboardingOrDeletion=false, deletionPCs=[], activePcs=[cd3caa79-323c-4844-9041-a007cbb87a86], onboardingPCs=[])] as COMPLETE
[2026-02-11T09:01:39.292Z] INFO Activity Executor taskQueue="hydra-billing-tasks", namespace="ncm-cg": 3 HydraModuleRoutineActivitiesImpl:55 [] Trigger Ingestion Activity Starts for jobId 75f24bd8-d7f8-451f-bc7a-6ffcf72e5e15
[2026-02-11T09:01:49.293Z] INFO Activity Executor taskQueue="hydra-billing-tasks", namespace="ncm-cg": 3 TriggerIngestionTaskHandler:21 [] Handling ingestion task for customerHash: 59d5de78-a964-5746-8c6e-677c4c7a79df
[2026-02-11T17:01:10.700Z] INFO workflow-method-ce9e6284-b308-4261-9346-48e6c53c88d0-019c4da6-4e3c-7ec0-b175-087e9ef2897d HydraModuleRoutineWorkflowImpl:27 [] Hydra Workflow Starts for job Id ce9e6284-b308-4261-9346-48e6c53c88d0
[2026-02-11T17:01:10.722Z] INFO Activity Executor taskQueue="hydra-billing-tasks", namespace="ncm-cg": 4 HydraModuleRoutineActivitiesImpl:47 [] Metering Activity Starts for jobId ce9e6284-b308-4261-9346-48e6c53c88d0
[2026-02-11T17:01:20.724Z] INFO Activity Executor taskQueue="hydra-billing-tasks", namespace="ncm-cg": 4 MeteringTaskHandler:107 [] Processing metering for customerHash: 59d5de78-a964-5746-8c6e-677c4c7a79df with batchId : c85ab078-33da-40f7-b8b6-76e66f68eb60
[2026-02-11T17:01:20.732Z] INFO Activity Executor taskQueue="hydra-billing-tasks", namespace="ncm-cg": 4 MeteringTaskHandler:128 [] Processing metering for segment start: [2026-02-01], end: [2026-02-11]
[2026-02-11T17:01:21.063Z] WARN Activity Executor taskQueue="hydra-billing-tasks", namespace="ncm-cg": 4 FilesMeteringLicenceUsageProvider:57 [] storage config not provided for the requested clusters : [[cd3caa79-323c-4844-9041-a007cbb87a86]]
[2026-02-11T17:01:21.064Z] WARN Activity Executor taskQueue="hydra-billing-tasks", namespace="ncm-cg": 4 ObjectsMeteringLicenceUsageProvider:52 [] storage config not provided for the requested clusters : [[cd3caa79-323c-4844-9041-a007cbb87a86]]
[2026-02-11T17:01:21.064Z] WARN Activity Executor taskQueue="hydra-billing-tasks", namespace="ncm-cg": 4 NUSMeteringLicenceUsageProvider:53 [] storage config not provided for the requested clusters : [[cd3caa79-323c-4844-9041-a007cbb87a86]]
[2026-02-11T17:01:21.065Z] INFO pool-12-thread-1 GuestVmRmProcessor:69 [] Processing GuestVM Resource metering and Instance costing for customer: [59d5de78-a964-5746-8c6e-677c4c7a79df] , batch : [c85ab078-33da-40f7-b8b6-76e66f68eb60]
[2026-02-11T17:01:21.065Z] INFO pool-12-thread-1 GuestVmRmProcessor:112 [] Computed IC for date : [10-02-2026] for customer: [59d5de78-a964-5746-8c6e-677c4c7a79df] , batch : [c85ab078-33da-40f7-b8b6-76e66f68eb60]
[2026-02-11T17:01:21.065Z] INFO pool-12-thread-1 GuestVmRmProcessor:112 [] Computed IC for date : [08-02-2026] for customer: [59d5de78-a964-5746-8c6e-677c4c7a79df] , batch : [c85ab078-33da-40f7-b8b6-76e66f68eb60]
[2026-02-11T17:01:21.065Z] INFO pool-12-thread-1 GuestVmRmProcessor:112 [] Computed IC for date : [07-02-2026] for customer: [59d5de78-a964-5746-8c6e-677c4c7a79df] , batch : [c85ab078-33da-40f7-b8b6-76e66f68eb60]
[2026-02-11T17:01:21.066Z] INFO pool-12-thread-1 GuestVmRmProcessor:112 [] Computed IC for date : [11-02-2026] for customer: [59d5de78-a964-5746-8c6e-677c4c7a79df] , batch : [c85ab078-33da-40f7-b8b6-76e66f68eb60]
[2026-02-11T17:01:21.066Z] INFO pool-12-thread-1 GuestVmRmProcessor:112 [] Computed IC for date : [09-02-2026] for customer: [59d5de78-a964-5746-8c6e-677c4c7a79df] , batch : [c85ab078-33da-40f7-b8b6-76e66f68eb60]
[2026-02-11T17:01:21.163Z] INFO pool-12-thread-1 GuestVmRmProcessor:121 [] Successfully processed RM and IC for customer: [59d5de78-a964-5746-8c6e-677c4c7a79df] , batch : [c85ab078-33da-40f7-b8b6-76e66f68eb60]
[2026-02-11T17:01:21.163Z] INFO pool-12-thread-1 UnProvisionedRmProcessor:68 [] Processing Unprovisioned Resource metering and Instance costing for customer: [59d5de78-a964-5746-8c6e-677c4c7a79df] , batch : [c85ab078-33da-40f7-b8b6-76e66f68eb60]
[2026-02-11T17:01:21.163Z] INFO pool-12-thread-1 UnProvisionedRmProcessor:122 [] Successfully processed Unprovisioned RM and IC for customer: [59d5de78-a964-5746-8c6e-677c4c7a79df] , batch : [c85ab078-33da-40f7-b8b6-76e66f68eb60]
[2026-02-11T17:01:21.163Z] INFO pool-12-thread-1 OverProvisionedRmProcessor:56 [] Processing OverProvisioned Resource metering and Instance costing for customer: [59d5de78-a964-5746-8c6e-677c4c7a79df] , batch : [c85ab078-33da-40f7-b8b6-76e66f68eb60]
[2026-02-11T17:01:21.163Z] INFO pool-12-thread-1 OverProvisionedRmProcessor:93 [] Successfully processed OverProvisioned RM and IC for customer: [59d5de78-a964-5746-8c6e-677c4c7a79df] , batch : [c85ab078-33da-40f7-b8b6-76e66f68eb60]
[2026-02-11T17:01:21.164Z] INFO pool-12-thread-1 MeteringManager:44 [] Successfully processed metering for task : RmUnitTask{customerHash='59d5de78-a964-5746-8c6e-677c4c7a79df', clusterId='00063fb0-c3eb-3105-0000-00000001c483', batchId='c85ab078-33da-40f7-b8b6-76e66f68eb60', timePeriod=RmUnitTask.TimePeriod(start=1769904000, end=1770854399), taskId=8aad1e3e-d757-45c0-b487-aaaab30ec852}
[2026-02-11T17:01:21.164Z] INFO pool-12-thread-1 GuestVmRmProcessor:69 [] Processing GuestVM Resource metering and Instance costing for customer: [59d5de78-a964-5746-8c6e-677c4c7a79df] , batch : [c85ab078-33da-40f7-b8b6-76e66f68eb60]
[2026-02-11T17:01:21.164Z] INFO pool-12-thread-1 GuestVmRmProcessor:112 [] Computed IC for date : [10-02-2026] for customer: [59d5de78-a964-5746-8c6e-677c4c7a79df] , batch : [c85ab078-33da-40f7-b8b6-76e66f68eb60]
[2026-02-11T17:01:21.164Z] INFO pool-12-thread-1 GuestVmRmProcessor:112 [] Computed IC for date : [08-02-2026] for customer: [59d5de78-a964-5746-8c6e-677c4c7a79df] , batch : [c85ab078-33da-40f7-b8b6-76e66f68eb60]
[2026-02-11T17:01:21.164Z] INFO pool-12-thread-1 GuestVmRmProcessor:112 [] Computed IC for date : [07-02-2026] for customer: [59d5de78-a964-5746-8c6e-677c4c7a79df] , batch : [c85ab078-33da-40f7-b8b6-76e66f68eb60]
[2026-02-11T17:01:21.164Z] INFO pool-12-thread-1 GuestVmRmProcessor:112 [] Computed IC for date : [11-02-2026] for customer: [59d5de78-a964-5746-8c6e-677c4c7a79df] , batch : [c85ab078-33da-40f7-b8b6-76e66f68eb60]
[2026-02-11T17:01:21.164Z] INFO pool-12-thread-1 GuestVmRmProcessor:112 [] Computed IC for date : [09-02-2026] for customer: [59d5de78-a964-5746-8c6e-677c4c7a79df] , batch : [c85ab078-33da-40f7-b8b6-76e66f68eb60]
[2026-02-11T17:01:21.249Z] INFO pool-12-thread-1 GuestVmRmProcessor:121 [] Successfully processed RM and IC for customer: [59d5de78-a964-5746-8c6e-677c4c7a79df] , batch : [c85ab078-33da-40f7-b8b6-76e66f68eb60]
[2026-02-11T17:01:21.249Z] INFO pool-12-thread-1 UnProvisionedRmProcessor:68 [] Processing Unprovisioned Resource metering and Instance costing for customer: [59d5de78-a964-5746-8c6e-677c4c7a79df] , batch : [c85ab078-33da-40f7-b8b6-76e66f68eb60]
[2026-02-11T17:01:21.249Z] INFO pool-12-thread-1 UnProvisionedRmProcessor:122 [] Successfully processed Unprovisioned RM and IC for customer: [59d5de78-a964-5746-8c6e-677c4c7a79df] , batch : [c85ab078-33da-40f7-b8b6-76e66f68eb60]
[2026-02-11T17:01:21.249Z] INFO pool-12-thread-1 OverProvisionedRmProcessor:56 [] Processing OverProvisioned Resource metering and Instance costing for customer: [59d5de78-a964-5746-8c6e-677c4c7a79df] , batch : [c85ab078-33da-40f7-b8b6-76e66f68eb60]
[2026-02-11T17:01:21.249Z] INFO pool-12-thread-1 OverProvisionedRmProcessor:93 [] Successfully processed OverProvisioned RM and IC for customer: [59d5de78-a964-5746-8c6e-677c4c7a79df] , batch : [c85ab078-33da-40f7-b8b6-76e66f68eb60]
[2026-02-11T17:01:21.250Z] INFO pool-12-thread-1 MeteringManager:44 [] Successfully processed metering for task : RmUnitTask{customerHash='59d5de78-a964-5746-8c6e-677c4c7a79df', clusterId='0006437f-fcaf-c4c4-0000-0000000193e2', batchId='c85ab078-33da-40f7-b8b6-76e66f68eb60', timePeriod=RmUnitTask.TimePeriod(start=1769904000, end=1770854399), taskId=ec66dd78-55a6-454b-97bb-a56c5c2fe41c}
[2026-02-11T17:01:21.550Z] WARN Activity Executor taskQueue="hydra-billing-tasks", namespace="ncm-cg": 4 FilesMeteringLicenceUsageProvider:57 [] storage config not provided for the requested clusters : [[cd3caa79-323c-4844-9041-a007cbb87a86]]
[2026-02-11T17:01:21.551Z] WARN Activity Executor taskQueue="hydra-billing-tasks", namespace="ncm-cg": 4 ObjectsMeteringLicenceUsageProvider:52 [] storage config not provided for the requested clusters : [[cd3caa79-323c-4844-9041-a007cbb87a86]]
[2026-02-11T17:01:21.551Z] WARN Activity Executor taskQueue="hydra-billing-tasks", namespace="ncm-cg": 4 NUSMeteringLicenceUsageProvider:53 [] storage config not provided for the requested clusters : [[cd3caa79-323c-4844-9041-a007cbb87a86]]
[2026-02-11T17:01:21.552Z] INFO pool-12-thread-1 GuestVmRmProcessor:69 [] Processing GuestVM Resource metering and Instance costing for customer: [59d5de78-a964-5746-8c6e-677c4c7a79df] , batch : [c85ab078-33da-40f7-b8b6-76e66f68eb60]
[2026-02-11T17:01:21.552Z] INFO pool-12-thread-1 GuestVmRmProcessor:112 [] Computed IC for date : [10-02-2026] for customer: [59d5de78-a964-5746-8c6e-677c4c7a79df] , batch : [c85ab078-33da-40f7-b8b6-76e66f68eb60]
[2026-02-11T17:01:21.553Z] INFO pool-12-thread-1 GuestVmRmProcessor:112 [] Computed IC for date : [08-02-2026] for customer: [59d5de78-a964-5746-8c6e-677c4c7a79df] , batch : [c85ab078-33da-40f7-b8b6-76e66f68eb60]
[2026-02-11T17:01:21.553Z] INFO pool-12-thread-1 GuestVmRmProcessor:112 [] Computed IC for date : [07-02-2026] for customer: [59d5de78-a964-5746-8c6e-677c4c7a79df] , batch : [c85ab078-33da-40f7-b8b6-76e66f68eb60]
[2026-02-11T17:01:21.553Z] INFO pool-12-thread-1 GuestVmRmProcessor:112 [] Computed IC for date : [11-02-2026] for customer: [59d5de78-a964-5746-8c6e-677c4c7a79df] , batch : [c85ab078-33da-40f7-b8b6-76e66f68eb60]
[2026-02-11T17:01:21.553Z] INFO pool-12-thread-1 GuestVmRmProcessor:112 [] Computed IC for date : [09-02-2026] for customer: [59d5de78-a964-5746-8c6e-677c4c7a79df] , batch : [c85ab078-33da-40f7-b8b6-76e66f68eb60]
[2026-02-11T17:01:21.568Z] INFO pool-12-thread-1 GuestVmRmProcessor:121 [] Successfully processed RM and IC for customer: [59d5de78-a964-5746-8c6e-677c4c7a79df] , batch : [c85ab078-33da-40f7-b8b6-76e66f68eb60]
[2026-02-11T17:01:21.568Z] INFO pool-12-thread-1 UnProvisionedRmProcessor:68 [] Processing Unprovisioned Resource metering and Instance costing for customer: [59d5de78-a964-5746-8c6e-677c4c7a79df] , batch : [c85ab078-33da-40f7-b8b6-76e66f68eb60]
[2026-02-11T17:01:21.568Z] INFO pool-12-thread-1 UnProvisionedRmProcessor:113 [] Computed Unprovisioned IC for date : [10-02-2026] for customer: [59d5de78-a964-5746-8c6e-677c4c7a79df] , batch : [c85ab078-33da-40f7-b8b6-76e66f68eb60]
[2026-02-11T17:01:21.569Z] INFO pool-12-thread-1 UnProvisionedRmProcessor:113 [] Computed Unprovisioned IC for date : [08-02-2026] for customer: [59d5de78-a964-5746-8c6e-677c4c7a79df] , batch : [c85ab078-33da-40f7-b8b6-76e66f68eb60]
[2026-02-11T17:01:21.569Z] INFO pool-12-thread-1 UnProvisionedRmProcessor:113 [] Computed Unprovisioned IC for date : [07-02-2026] for customer: [59d5de78-a964-5746-8c6e-677c4c7a79df] , batch : [c85ab078-33da-40f7-b8b6-76e66f68eb60]
[2026-02-11T17:01:21.569Z] INFO pool-12-thread-1 UnProvisionedRmProcessor:113 [] Computed Unprovisioned IC for date : [11-02-2026] for customer: [59d5de78-a964-5746-8c6e-677c4c7a79df] , batch : [c85ab078-33da-40f7-b8b6-76e66f68eb60]
[2026-02-11T17:01:21.569Z] INFO pool-12-thread-1 UnProvisionedRmProcessor:113 [] Computed Unprovisioned IC for date : [09-02-2026] for customer: [59d5de78-a964-5746-8c6e-677c4c7a79df] , batch : [c85ab078-33da-40f7-b8b6-76e66f68eb60]
[2026-02-11T17:01:21.659Z] INFO pool-12-thread-1 UnProvisionedRmProcessor:122 [] Successfully processed Unprovisioned RM and IC for customer: [59d5de78-a964-5746-8c6e-677c4c7a79df] , batch : [c85ab078-33da-40f7-b8b6-76e66f68eb60]
[2026-02-11T17:01:21.659Z] INFO pool-12-thread-1 OverProvisionedRmProcessor:56 [] Processing OverProvisioned Resource metering and Instance costing for customer: [59d5de78-a964-5746-8c6e-677c4c7a79df] , batch : [c85ab078-33da-40f7-b8b6-76e66f68eb60]
[2026-02-11T17:01:21.659Z] INFO pool-12-thread-1 OverProvisionedRmProcessor:84 [] Computed OverProvisioned IC for date : [10-02-2026] for customer: [59d5de78-a964-5746-8c6e-677c4c7a79df] , batch : [c85ab078-33da-40f7-b8b6-76e66f68eb60]
[2026-02-11T17:01:21.659Z] INFO pool-12-thread-1 OverProvisionedRmProcessor:84 [] Computed OverProvisioned IC for date : [08-02-2026] for customer: [59d5de78-a964-5746-8c6e-677c4c7a79df] , batch : [c85ab078-33da-40f7-b8b6-76e66f68eb60]
[2026-02-11T17:01:21.659Z] INFO pool-12-thread-1 OverProvisionedRmProcessor:84 [] Computed OverProvisioned IC for date : [07-02-2026] for customer: [59d5de78-a964-5746-8c6e-677c4c7a79df] , batch : [c85ab078-33da-40f7-b8b6-76e66f68eb60]
[2026-02-11T17:01:21.659Z] INFO pool-12-thread-1 OverProvisionedRmProcessor:84 [] Computed OverProvisioned IC for date : [11-02-2026] for customer: [59d5de78-a964-5746-8c6e-677c4c7a79df] , batch : [c85ab078-33da-40f7-b8b6-76e66f68eb60]
[2026-02-11T17:01:21.660Z] INFO pool-12-thread-1 OverProvisionedRmProcessor:84 [] Computed OverProvisioned IC for date : [09-02-2026] for customer: [59d5de78-a964-5746-8c6e-677c4c7a79df] , batch : [c85ab078-33da-40f7-b8b6-76e66f68eb60]
[2026-02-11T17:01:21.675Z] INFO pool-12-thread-1 OverProvisionedRmProcessor:93 [] Successfully processed OverProvisioned RM and IC for customer: [59d5de78-a964-5746-8c6e-677c4c7a79df] , batch : [c85ab078-33da-40f7-b8b6-76e66f68eb60]
[2026-02-11T17:01:21.675Z] INFO pool-12-thread-1 MeteringManager:44 [] Successfully processed metering for task : RmUnitTask{customerHash='59d5de78-a964-5746-8c6e-677c4c7a79df', clusterId='00063fb0-c3eb-3105-0000-00000001c483', batchId='c85ab078-33da-40f7-b8b6-76e66f68eb60', timePeriod=RmUnitTask.TimePeriod(start=1769904000, end=1770854399), taskId=a9781acd-3a79-4a90-a7ea-69ecd8739fcc}
[2026-02-11T17:01:21.675Z] INFO pool-12-thread-1 GuestVmRmProcessor:69 [] Processing GuestVM Resource metering and Instance costing for customer: [59d5de78-a964-5746-8c6e-677c4c7a79df] , batch : [c85ab078-33da-40f7-b8b6-76e66f68eb60]
[2026-02-11T17:01:21.676Z] INFO pool-12-thread-1 GuestVmRmProcessor:112 [] Computed IC for date : [10-02-2026] for customer: [59d5de78-a964-5746-8c6e-677c4c7a79df] , batch : [c85ab078-33da-40f7-b8b6-76e66f68eb60]
[2026-02-11T17:01:21.676Z] INFO pool-12-thread-1 GuestVmRmProcessor:112 [] Computed IC for date : [08-02-2026] for customer: [59d5de78-a964-5746-8c6e-677c4c7a79df] , batch : [c85ab078-33da-40f7-b8b6-76e66f68eb60]
[2026-02-11T17:01:21.676Z] INFO pool-12-thread-1 GuestVmRmProcessor:112 [] Computed IC for date : [07-02-2026] for customer: [59d5de78-a964-5746-8c6e-677c4c7a79df] , batch : [c85ab078-33da-40f7-b8b6-76e66f68eb60]
[2026-02-11T17:01:21.676Z] INFO pool-12-thread-1 GuestVmRmProcessor:112 [] Computed IC for date : [11-02-2026] for customer: [59d5de78-a964-5746-8c6e-677c4c7a79df] , batch : [c85ab078-33da-40f7-b8b6-76e66f68eb60]
[2026-02-11T17:01:21.676Z] INFO pool-12-thread-1 GuestVmRmProcessor:112 [] Computed IC for date : [09-02-2026] for customer: [59d5de78-a964-5746-8c6e-677c4c7a79df] , batch : [c85ab078-33da-40f7-b8b6-76e66f68eb60]
[2026-02-11T17:01:21.761Z] INFO pool-12-thread-1 GuestVmRmProcessor:121 [] Successfully processed RM and IC for customer: [59d5de78-a964-5746-8c6e-677c4c7a79df] , batch : [c85ab078-33da-40f7-b8b6-76e66f68eb60]
[2026-02-11T17:01:21.761Z] INFO pool-12-thread-1 UnProvisionedRmProcessor:68 [] Processing Unprovisioned Resource metering and Instance costing for customer: [59d5de78-a964-5746-8c6e-677c4c7a79df] , batch : [c85ab078-33da-40f7-b8b6-76e66f68eb60]
[2026-02-11T17:01:21.762Z] INFO pool-12-thread-1 UnProvisionedRmProcessor:113 [] Computed Unprovisioned IC for date : [10-02-2026] for customer: [59d5de78-a964-5746-8c6e-677c4c7a79df] , batch : [c85ab078-33da-40f7-b8b6-76e66f68eb60]
[2026-02-11T17:01:21.762Z] INFO pool-12-thread-1 UnProvisionedRmProcessor:113 [] Computed Unprovisioned IC for date : [08-02-2026] for customer: [59d5de78-a964-5746-8c6e-677c4c7a79df] , batch : [c85ab078-33da-40f7-b8b6-76e66f68eb60]
[2026-02-11T17:01:21.762Z] INFO pool-12-thread-1 UnProvisionedRmProcessor:113 [] Computed Unprovisioned IC for date : [07-02-2026] for customer: [59d5de78-a964-5746-8c6e-677c4c7a79df] , batch : [c85ab078-33da-40f7-b8b6-76e66f68eb60]
[2026-02-11T17:01:21.762Z] INFO pool-12-thread-1 UnProvisionedRmProcessor:113 [] Computed Unprovisioned IC for date : [09-02-2026] for customer: [59d5de78-a964-5746-8c6e-677c4c7a79df] , batch : [c85ab078-33da-40f7-b8b6-76e66f68eb60]
[2026-02-11T17:01:21.776Z] INFO pool-12-thread-1 UnProvisionedRmProcessor:122 [] Successfully processed Unprovisioned RM and IC for customer: [59d5de78-a964-5746-8c6e-677c4c7a79df] , batch : [c85ab078-33da-40f7-b8b6-76e66f68eb60]
[2026-02-11T17:01:21.776Z] INFO pool-12-thread-1 OverProvisionedRmProcessor:56 [] Processing OverProvisioned Resource metering and Instance costing for customer: [59d5de78-a964-5746-8c6e-677c4c7a79df] , batch : [c85ab078-33da-40f7-b8b6-76e66f68eb60]
[2026-02-11T17:01:21.848Z] INFO pool-12-thread-1 OverProvisionedRmProcessor:84 [] Computed OverProvisioned IC for date : [10-02-2026] for customer: [59d5de78-a964-5746-8c6e-677c4c7a79df] , batch : [c85ab078-33da-40f7-b8b6-76e66f68eb60]
[2026-02-11T17:01:21.848Z] INFO pool-12-thread-1 OverProvisionedRmProcessor:84 [] Computed OverProvisioned IC for date : [08-02-2026] for customer: [59d5de78-a964-5746-8c6e-677c4c7a79df] , batch : [c85ab078-33da-40f7-b8b6-76e66f68eb60]
[2026-02-11T17:01:21.849Z] INFO pool-12-thread-1 OverProvisionedRmProcessor:84 [] Computed OverProvisioned IC for date : [07-02-2026] for customer: [59d5de78-a964-5746-8c6e-677c4c7a79df] , batch : [c85ab078-33da-40f7-b8b6-76e66f68eb60]
[2026-02-11T17:01:21.849Z] INFO pool-12-thread-1 OverProvisionedRmProcessor:84 [] Computed OverProvisioned IC for date : [09-02-2026] for customer: [59d5de78-a964-5746-8c6e-677c4c7a79df] , batch : [c85ab078-33da-40f7-b8b6-76e66f68eb60]
[2026-02-11T17:01:21.862Z] INFO pool-12-thread-1 OverProvisionedRmProcessor:93 [] Successfully processed OverProvisioned RM and IC for customer: [59d5de78-a964-5746-8c6e-677c4c7a79df] , batch : [c85ab078-33da-40f7-b8b6-76e66f68eb60]
[2026-02-11T17:01:21.862Z] INFO pool-12-thread-1 MeteringManager:44 [] Successfully processed metering for task : RmUnitTask{customerHash='59d5de78-a964-5746-8c6e-677c4c7a79df', clusterId='0006437f-fcaf-c4c4-0000-0000000193e2', batchId='c85ab078-33da-40f7-b8b6-76e66f68eb60', timePeriod=RmUnitTask.TimePeriod(start=1769904000, end=1770854399), taskId=4898bd0d-4033-4378-991d-3a8cea674f6a}
[2026-02-11T17:01:21.875Z] INFO Activity Executor taskQueue="hydra-billing-tasks", namespace="ncm-cg": 4 MeteringTaskHandler:234 [] Processed metering for customerHash: [59d5de78-a964-5746-8c6e-677c4c7a79df] with batchId : [c85ab078-33da-40f7-b8b6-76e66f68eb60] in time: [1] secs!
[2026-02-11T17:01:21.999Z] INFO Activity Executor taskQueue="hydra-billing-tasks", namespace="ncm-cg": 4 HydraModuleRoutineActivitiesImpl:34 [] Billing Activity Starts for jobId ce9e6284-b308-4261-9346-48e6c53c88d0
[2026-02-11T17:01:22.000Z] INFO Activity Executor taskQueue="hydra-billing-tasks", namespace="ncm-cg": 4 DailyBillGenerator:99 [] Starting generating bills for customerHash: [59d5de78-a964-5746-8c6e-677c4c7a79df] from [2026-02-01] to [2026-02-11], workflowId: [ce9e6284-b308-4261-9346-48e6c53c88d0]
[2026-02-11T17:01:22.025Z] INFO Activity Executor taskQueue="hydra-billing-tasks", namespace="ncm-cg": 4 DailyBillGenerator:277 [] Found un-metered clusters on dates: [[2026-02-11]] for customerHash: [59d5de78-a964-5746-8c6e-677c4c7a79df]
[2026-02-11T17:01:22.052Z] INFO Activity Executor taskQueue="hydra-billing-tasks", namespace="ncm-cg": 4 DailyBillGenerator:119 [] Starting writing bill entities for segment start: [2026-02-01], end: [2026-02-11]
[2026-02-11T17:01:24.998Z] INFO Activity Executor taskQueue="hydra-billing-tasks", namespace="ncm-cg": 4 DailyBillGenerator:188 [] Found [2] clusters for customerHash : [59d5de78-a964-5746-8c6e-677c4c7a79df]
[2026-02-11T17:01:25.101Z] INFO Activity Executor taskQueue="hydra-billing-tasks", namespace="ncm-cg": 4 UnMeteredEntityWriter:107 [] Un-metered clustersId: [[0006437f-fcaf-c4c4-0000-0000000193e2]] found on date: [2026-02-11] for customerHash: [59d5de78-a964-5746-8c6e-677c4c7a79df]
[2026-02-11T17:01:25.102Z] INFO Activity Executor taskQueue="hydra-billing-tasks", namespace="ncm-cg": 4 UnprovisionedEntityWriter:117 [] Un-provisioned entity found for clusterIds: [[00063fb0-c3eb-3105-0000-00000001c483, 0006437f-fcaf-c4c4-0000-0000000193e2]] on date: [2026-02-07]
[2026-02-11T17:01:25.103Z] WARN Activity Executor taskQueue="hydra-billing-tasks", namespace="ncm-cg": 4 EntitiesWriter:259 [] Optional Target model exclusive hardware exists for clusterId : [00063fb0-c3eb-3105-0000-00000001c483] , date : [2026-02-07], hardware: [UNPROVISIONED_VCPU]
[2026-02-11T17:01:25.103Z] WARN Activity Executor taskQueue="hydra-billing-tasks", namespace="ncm-cg": 4 UnprovisionedEntityWriter:180 [] [Found selective Target model exclusive Hardware] : [Returning null.]
[2026-02-11T17:01:25.104Z] WARN Activity Executor taskQueue="hydra-billing-tasks", namespace="ncm-cg": 4 EntitiesWriter:259 [] Optional Target model exclusive hardware exists for clusterId : [0006437f-fcaf-c4c4-0000-0000000193e2] , date : [2026-02-07], hardware: [UNPROVISIONED_VCPU]
[2026-02-11T17:01:25.104Z] WARN Activity Executor taskQueue="hydra-billing-tasks", namespace="ncm-cg": 4 UnprovisionedEntityWriter:180 [] [Found selective Target model exclusive Hardware] : [Returning null.]
[2026-02-11T17:01:25.104Z] INFO Activity Executor taskQueue="hydra-billing-tasks", namespace="ncm-cg": 4 UnprovisionedEntityWriter:117 [] Un-provisioned entity found for clusterIds: [[00063fb0-c3eb-3105-0000-00000001c483, 0006437f-fcaf-c4c4-0000-0000000193e2]] on date: [2026-02-08]
[2026-02-11T17:01:25.105Z] WARN Activity Executor taskQueue="hydra-billing-tasks", namespace="ncm-cg": 4 EntitiesWriter:259 [] Optional Target model exclusive hardware exists for clusterId : [00063fb0-c3eb-3105-0000-00000001c483] , date : [2026-02-08], hardware: [UNPROVISIONED_VCPU]
[2026-02-11T17:01:25.105Z] WARN Activity Executor taskQueue="hydra-billing-tasks", namespace="ncm-cg": 4 UnprovisionedEntityWriter:180 [] [Found selective Target model exclusive Hardware] : [Returning null.]
[2026-02-11T17:01:25.105Z] WARN Activity Executor taskQueue="hydra-billing-tasks", namespace="ncm-cg": 4 EntitiesWriter:259 [] Optional Target model exclusive hardware exists for clusterId : [0006437f-fcaf-c4c4-0000-0000000193e2] , date : [2026-02-08], hardware: [UNPROVISIONED_VCPU]
[2026-02-11T17:01:25.105Z] WARN Activity Executor taskQueue="hydra-billing-tasks", namespace="ncm-cg": 4 UnprovisionedEntityWriter:180 [] [Found selective Target model exclusive Hardware] : [Returning null.]
[2026-02-11T17:01:25.105Z] INFO Activity Executor taskQueue="hydra-billing-tasks", namespace="ncm-cg": 4 UnprovisionedEntityWriter:117 [] Un-provisioned entity found for clusterIds: [[00063fb0-c3eb-3105-0000-00000001c483, 0006437f-fcaf-c4c4-0000-0000000193e2]] on date: [2026-02-09]
[2026-02-11T17:01:25.106Z] WARN Activity Executor taskQueue="hydra-billing-tasks", namespace="ncm-cg": 4 EntitiesWriter:259 [] Optional Target model exclusive hardware exists for clusterId : [00063fb0-c3eb-3105-0000-00000001c483] , date : [2026-02-09], hardware: [UNPROVISIONED_VCPU]
[2026-02-11T17:01:25.106Z] WARN Activity Executor taskQueue="hydra-billing-tasks", namespace="ncm-cg": 4 UnprovisionedEntityWriter:180 [] [Found selective Target model exclusive Hardware] : [Returning null.]
[2026-02-11T17:01:25.106Z] WARN Activity Executor taskQueue="hydra-billing-tasks", namespace="ncm-cg": 4 EntitiesWriter:259 [] Optional Target model exclusive hardware exists for clusterId : [0006437f-fcaf-c4c4-0000-0000000193e2] , date : [2026-02-09], hardware: [UNPROVISIONED_VCPU]
[2026-02-11T17:01:25.106Z] WARN Activity Executor taskQueue="hydra-billing-tasks", namespace="ncm-cg": 4 UnprovisionedEntityWriter:180 [] [Found selective Target model exclusive Hardware] : [Returning null.]
[2026-02-11T17:01:25.106Z] INFO Activity Executor taskQueue="hydra-billing-tasks", namespace="ncm-cg": 4 UnprovisionedEntityWriter:117 [] Un-provisioned entity found for clusterIds: [[00063fb0-c3eb-3105-0000-00000001c483, 0006437f-fcaf-c4c4-0000-0000000193e2]] on date: [2026-02-10]
[2026-02-11T17:01:25.107Z] WARN Activity Executor taskQueue="hydra-billing-tasks", namespace="ncm-cg": 4 EntitiesWriter:259 [] Optional Target model exclusive hardware exists for clusterId : [00063fb0-c3eb-3105-0000-00000001c483] , date : [2026-02-10], hardware: [UNPROVISIONED_VCPU]
[2026-02-11T17:01:25.107Z] WARN Activity Executor taskQueue="hydra-billing-tasks", namespace="ncm-cg": 4 UnprovisionedEntityWriter:180 [] [Found selective Target model exclusive Hardware] : [Returning null.]
[2026-02-11T17:01:25.107Z] WARN Activity Executor taskQueue="hydra-billing-tasks", namespace="ncm-cg": 4 EntitiesWriter:259 [] Optional Target model exclusive hardware exists for clusterId : [00063fb0-c3eb-3105-0000-00000001c483] , date : [2026-02-10], hardware: [UNPROVISIONED_VDISK]
[2026-02-11T17:01:25.107Z] WARN Activity Executor taskQueue="hydra-billing-tasks", namespace="ncm-cg": 4 UnprovisionedEntityWriter:198 [] [Found selective Target model exclusive Hardware] : [Returning null.]
[2026-02-11T17:01:25.107Z] WARN Activity Executor taskQueue="hydra-billing-tasks", namespace="ncm-cg": 4 EntitiesWriter:259 [] Optional Target model exclusive hardware exists for clusterId : [0006437f-fcaf-c4c4-0000-0000000193e2] , date : [2026-02-10], hardware: [UNPROVISIONED_VCPU]
[2026-02-11T17:01:25.107Z] WARN Activity Executor taskQueue="hydra-billing-tasks", namespace="ncm-cg": 4 UnprovisionedEntityWriter:180 [] [Found selective Target model exclusive Hardware] : [Returning null.]
[2026-02-11T17:01:25.108Z] INFO Activity Executor taskQueue="hydra-billing-tasks", namespace="ncm-cg": 4 UnprovisionedEntityWriter:117 [] Un-provisioned entity found for clusterIds: [[00063fb0-c3eb-3105-0000-00000001c483]] on date: [2026-02-11]
[2026-02-11T17:01:25.108Z] WARN Activity Executor taskQueue="hydra-billing-tasks", namespace="ncm-cg": 4 EntitiesWriter:259 [] Optional Target model exclusive hardware exists for clusterId : [00063fb0-c3eb-3105-0000-00000001c483] , date : [2026-02-11], hardware: [UNPROVISIONED_VCPU]
[2026-02-11T17:01:25.108Z] WARN Activity Executor taskQueue="hydra-billing-tasks", namespace="ncm-cg": 4 UnprovisionedEntityWriter:180 [] [Found selective Target model exclusive Hardware] : [Returning null.]
[2026-02-11T17:01:25.108Z] WARN Activity Executor taskQueue="hydra-billing-tasks", namespace="ncm-cg": 4 EntitiesWriter:259 [] Optional Target model exclusive hardware exists for clusterId : [00063fb0-c3eb-3105-0000-00000001c483] , date : [2026-02-11], hardware: [UNPROVISIONED_VDISK]
[2026-02-11T17:01:25.108Z] WARN Activity Executor taskQueue="hydra-billing-tasks", namespace="ncm-cg": 4 UnprovisionedEntityWriter:198 [] [Found selective Target model exclusive Hardware] : [Returning null.]
[2026-02-11T17:01:25.108Z] INFO Activity Executor taskQueue="hydra-billing-tasks", namespace="ncm-cg": 4 OverprovisionedEntityWriter:117 [] Over-provisioned entity found for clusterIds: [[00063fb0-c3eb-3105-0000-00000001c483, 0006437f-fcaf-c4c4-0000-0000000193e2]] on date: [2026-02-07] for customerHash: [59d5de78-a964-5746-8c6e-677c4c7a79df]
[2026-02-11T17:01:25.108Z] WARN Activity Executor taskQueue="hydra-billing-tasks", namespace="ncm-cg": 4 EntitiesWriter:259 [] Optional Target model exclusive hardware exists for clusterId : [00063fb0-c3eb-3105-0000-00000001c483] , date : [2026-02-07], hardware: [OVERPROVISIONED_VRAM]
[2026-02-11T17:01:25.109Z] WARN Activity Executor taskQueue="hydra-billing-tasks", namespace="ncm-cg": 4 OverprovisionedEntityWriter:190 [] [Found selective Target model exclusive Hardware] : [Returning null.]
[2026-02-11T17:01:25.109Z] WARN Activity Executor taskQueue="hydra-billing-tasks", namespace="ncm-cg": 4 EntitiesWriter:259 [] Optional Target model exclusive hardware exists for clusterId : [00063fb0-c3eb-3105-0000-00000001c483] , date : [2026-02-07], hardware: [OVERPROVISIONED_VDISK]
[2026-02-11T17:01:25.109Z] WARN Activity Executor taskQueue="hydra-billing-tasks", namespace="ncm-cg": 4 OverprovisionedEntityWriter:199 [] [Found selective Target model exclusive Hardware] : [Returning null.]
[2026-02-11T17:01:25.109Z] WARN Activity Executor taskQueue="hydra-billing-tasks", namespace="ncm-cg": 4 EntitiesWriter:259 [] Optional Target model exclusive hardware exists for clusterId : [0006437f-fcaf-c4c4-0000-0000000193e2] , date : [2026-02-07], hardware: [OVERPROVISIONED_VRAM]
[2026-02-11T17:01:25.109Z] WARN Activity Executor taskQueue="hydra-billing-tasks", namespace="ncm-cg": 4 OverprovisionedEntityWriter:190 [] [Found selective Target model exclusive Hardware] : [Returning null.]
[2026-02-11T17:01:25.109Z] WARN Activity Executor taskQueue="hydra-billing-tasks", namespace="ncm-cg": 4 EntitiesWriter:259 [] Optional Target model exclusive hardware exists for clusterId : [0006437f-fcaf-c4c4-0000-0000000193e2] , date : [2026-02-07], hardware: [OVERPROVISIONED_VDISK]
[2026-02-11T17:01:25.109Z] WARN Activity Executor taskQueue="hydra-billing-tasks", namespace="ncm-cg": 4 OverprovisionedEntityWriter:199 [] [Found selective Target model exclusive Hardware] : [Returning null.]
[2026-02-11T17:01:25.109Z] INFO Activity Executor taskQueue="hydra-billing-tasks", namespace="ncm-cg": 4 OverprovisionedEntityWriter:117 [] Over-provisioned entity found for clusterIds: [[00063fb0-c3eb-3105-0000-00000001c483, 0006437f-fcaf-c4c4-0000-0000000193e2]] on date: [2026-02-08] for customerHash: [59d5de78-a964-5746-8c6e-677c4c7a79df]
[2026-02-11T17:01:25.109Z] WARN Activity Executor taskQueue="hydra-billing-tasks", namespace="ncm-cg": 4 EntitiesWriter:259 [] Optional Target model exclusive hardware exists for clusterId : [00063fb0-c3eb-3105-0000-00000001c483] , date : [2026-02-08], hardware: [OVERPROVISIONED_VRAM]
[2026-02-11T17:01:25.110Z] WARN Activity Executor taskQueue="hydra-billing-tasks", namespace="ncm-cg": 4 OverprovisionedEntityWriter:190 [] [Found selective Target model exclusive Hardware] : [Returning null.]
[2026-02-11T17:01:25.110Z] WARN Activity Executor taskQueue="hydra-billing-tasks", namespace="ncm-cg": 4 EntitiesWriter:259 [] Optional Target model exclusive hardware exists for clusterId : [00063fb0-c3eb-3105-0000-00000001c483] , date : [2026-02-08], hardware: [OVERPROVISIONED_VDISK]
[2026-02-11T17:01:25.110Z] WARN Activity Executor taskQueue="hydra-billing-tasks", namespace="ncm-cg": 4 OverprovisionedEntityWriter:199 [] [Found selective Target model exclusive Hardware] : [Returning null.]
[2026-02-11T17:01:25.110Z] WARN Activity Executor taskQueue="hydra-billing-tasks", namespace="ncm-cg": 4 EntitiesWriter:259 [] Optional Target model exclusive hardware exists for clusterId : [0006437f-fcaf-c4c4-0000-0000000193e2] , date : [2026-02-08], hardware: [OVERPROVISIONED_VRAM]
[2026-02-11T17:01:25.110Z] WARN Activity Executor taskQueue="hydra-billing-tasks", namespace="ncm-cg": 4 OverprovisionedEntityWriter:190 [] [Found selective Target model exclusive Hardware] : [Returning null.]
[2026-02-11T17:01:25.110Z] WARN Activity Executor taskQueue="hydra-billing-tasks", namespace="ncm-cg": 4 EntitiesWriter:259 [] Optional Target model exclusive hardware exists for clusterId : [0006437f-fcaf-c4c4-0000-0000000193e2] , date : [2026-02-08], hardware: [OVERPROVISIONED_VDISK]
[2026-02-11T17:01:25.110Z] WARN Activity Executor taskQueue="hydra-billing-tasks", namespace="ncm-cg": 4 OverprovisionedEntityWriter:199 [] [Found selective Target model exclusive Hardware] : [Returning null.]
[2026-02-11T17:01:25.110Z] INFO Activity Executor taskQueue="hydra-billing-tasks", namespace="ncm-cg": 4 OverprovisionedEntityWriter:117 [] Over-provisioned entity found for clusterIds: [[00063fb0-c3eb-3105-0000-00000001c483, 0006437f-fcaf-c4c4-0000-0000000193e2]] on date: [2026-02-09] for customerHash: [59d5de78-a964-5746-8c6e-677c4c7a79df]
[2026-02-11T17:01:25.110Z] WARN Activity Executor taskQueue="hydra-billing-tasks", namespace="ncm-cg": 4 EntitiesWriter:259 [] Optional Target model exclusive hardware exists for clusterId : [00063fb0-c3eb-3105-0000-00000001c483] , date : [2026-02-09], hardware: [OVERPROVISIONED_VRAM]
[2026-02-11T17:01:25.110Z] WARN Activity Executor taskQueue="hydra-billing-tasks", namespace="ncm-cg": 4 OverprovisionedEntityWriter:190 [] [Found selective Target model exclusive Hardware] : [Returning null.]
[2026-02-11T17:01:25.110Z] WARN Activity Executor taskQueue="hydra-billing-tasks", namespace="ncm-cg": 4 EntitiesWriter:259 [] Optional Target model exclusive hardware exists for clusterId : [00063fb0-c3eb-3105-0000-00000001c483] , date : [2026-02-09], hardware: [OVERPROVISIONED_VDISK]
[2026-02-11T17:01:25.110Z] WARN Activity Executor taskQueue="hydra-billing-tasks", namespace="ncm-cg": 4 OverprovisionedEntityWriter:199 [] [Found selective Target model exclusive Hardware] : [Returning null.]
[2026-02-11T17:01:25.111Z] WARN Activity Executor taskQueue="hydra-billing-tasks", namespace="ncm-cg": 4 EntitiesWriter:259 [] Optional Target model exclusive hardware exists for clusterId : [0006437f-fcaf-c4c4-0000-0000000193e2] , date : [2026-02-09], hardware: [OVERPROVISIONED_VRAM]
[2026-02-11T17:01:25.111Z] WARN Activity Executor taskQueue="hydra-billing-tasks", namespace="ncm-cg": 4 OverprovisionedEntityWriter:190 [] [Found selective Target model exclusive Hardware] : [Returning null.]
[2026-02-11T17:01:25.111Z] WARN Activity Executor taskQueue="hydra-billing-tasks", namespace="ncm-cg": 4 EntitiesWriter:259 [] Optional Target model exclusive hardware exists for clusterId : [0006437f-fcaf-c4c4-0000-0000000193e2] , date : [2026-02-09], hardware: [OVERPROVISIONED_VDISK]
[2026-02-11T17:01:25.111Z] WARN Activity Executor taskQueue="hydra-billing-tasks", namespace="ncm-cg": 4 OverprovisionedEntityWriter:199 [] [Found selective Target model exclusive Hardware] : [Returning null.]
[2026-02-11T17:01:25.111Z] INFO Activity Executor taskQueue="hydra-billing-tasks", namespace="ncm-cg": 4 OverprovisionedEntityWriter:117 [] Over-provisioned entity found for clusterIds: [[00063fb0-c3eb-3105-0000-00000001c483, 0006437f-fcaf-c4c4-0000-0000000193e2]] on date: [2026-02-10] for customerHash: [59d5de78-a964-5746-8c6e-677c4c7a79df]
[2026-02-11T17:01:25.111Z] WARN Activity Executor taskQueue="hydra-billing-tasks", namespace="ncm-cg": 4 EntitiesWriter:259 [] Optional Target model exclusive hardware exists for clusterId : [00063fb0-c3eb-3105-0000-00000001c483] , date : [2026-02-10], hardware: [OVERPROVISIONED_VRAM]
[2026-02-11T17:01:25.111Z] WARN Activity Executor taskQueue="hydra-billing-tasks", namespace="ncm-cg": 4 OverprovisionedEntityWriter:190 [] [Found selective Target model exclusive Hardware] : [Returning null.]
[2026-02-11T17:01:25.111Z] WARN Activity Executor taskQueue="hydra-billing-tasks", namespace="ncm-cg": 4 EntitiesWriter:259 [] Optional Target model exclusive hardware exists for clusterId : [0006437f-fcaf-c4c4-0000-0000000193e2] , date : [2026-02-10], hardware: [OVERPROVISIONED_VRAM]
[2026-02-11T17:01:25.111Z] WARN Activity Executor taskQueue="hydra-billing-tasks", namespace="ncm-cg": 4 OverprovisionedEntityWriter:190 [] [Found selective Target model exclusive Hardware] : [Returning null.]
[2026-02-11T17:01:25.111Z] WARN Activity Executor taskQueue="hydra-billing-tasks", namespace="ncm-cg": 4 EntitiesWriter:259 [] Optional Target model exclusive hardware exists for clusterId : [0006437f-fcaf-c4c4-0000-0000000193e2] , date : [2026-02-10], hardware: [OVERPROVISIONED_VDISK]
[2026-02-11T17:01:25.111Z] WARN Activity Executor taskQueue="hydra-billing-tasks", namespace="ncm-cg": 4 OverprovisionedEntityWriter:199 [] [Found selective Target model exclusive Hardware] : [Returning null.]
[2026-02-11T17:01:25.112Z] INFO Activity Executor taskQueue="hydra-billing-tasks", namespace="ncm-cg": 4 OverprovisionedEntityWriter:117 [] Over-provisioned entity found for clusterIds: [[00063fb0-c3eb-3105-0000-00000001c483]] on date: [2026-02-11] for customerHash: [59d5de78-a964-5746-8c6e-677c4c7a79df]
[2026-02-11T17:01:25.112Z] WARN Activity Executor taskQueue="hydra-billing-tasks", namespace="ncm-cg": 4 EntitiesWriter:259 [] Optional Target model exclusive hardware exists for clusterId : [00063fb0-c3eb-3105-0000-00000001c483] , date : [2026-02-11], hardware: [OVERPROVISIONED_VRAM]
[2026-02-11T17:01:25.112Z] WARN Activity Executor taskQueue="hydra-billing-tasks", namespace="ncm-cg": 4 OverprovisionedEntityWriter:190 [] [Found selective Target model exclusive Hardware] : [Returning null.]
[2026-02-11T17:01:25.452Z] INFO Activity Executor taskQueue="hydra-billing-tasks", namespace="ncm-cg": 4 VmEntitiesWriter:176 [] [0] :: VMs found for cluster : [00063fb0-c3eb-3105-0000-00000001c483]
[2026-02-11T17:01:26.195Z] INFO Activity Executor taskQueue="hydra-billing-tasks", namespace="ncm-cg": 4 EntitiesWriter:152 [] Row count for day: [2026-02-07] is count: [12255], parts: [0]
[2026-02-11T17:01:27.791Z] INFO Activity Executor taskQueue="hydra-billing-tasks", namespace="ncm-cg": 4 EntitiesWriter:152 [] Row count for day: [2026-02-08] is count: [12255], parts: [0]
[2026-02-11T17:01:28.610Z] INFO Activity Executor taskQueue="hydra-billing-tasks", namespace="ncm-cg": 4 EntitiesWriter:152 [] Row count for day: [2026-02-09] is count: [12255], parts: [0]
[2026-02-11T17:01:29.367Z] INFO Activity Executor taskQueue="hydra-billing-tasks", namespace="ncm-cg": 4 EntitiesWriter:152 [] Row count for day: [2026-02-10] is count: [12264], parts: [0]
[2026-02-11T17:01:30.352Z] INFO Activity Executor taskQueue="hydra-billing-tasks", namespace="ncm-cg": 4 EntitiesWriter:152 [] Row count for day: [2026-02-11] is count: [6976], parts: [0]
[2026-02-11T17:01:30.449Z] INFO Activity Executor taskQueue="hydra-billing-tasks", namespace="ncm-cg": 4 VmEntitiesWriter:176 [] [1] :: VMs found for cluster : [0006437f-fcaf-c4c4-0000-0000000193e2]
[2026-02-11T17:01:30.449Z] INFO Activity Executor taskQueue="hydra-billing-tasks", namespace="ncm-cg": 4 EntitiesWriter:152 [] Row count for day: [2026-02-11] is count: [6976], parts: [0]
[2026-02-11T17:01:30.457Z] INFO Activity Executor taskQueue="hydra-billing-tasks", namespace="ncm-cg": 4 EntitiesWriter:152 [] Row count for day: [2026-02-07] is count: [12408], parts: [0]
[2026-02-11T17:01:30.465Z] INFO Activity Executor taskQueue="hydra-billing-tasks", namespace="ncm-cg": 4 EntitiesWriter:152 [] Row count for day: [2026-02-08] is count: [12408], parts: [0]
[2026-02-11T17:01:30.472Z] INFO Activity Executor taskQueue="hydra-billing-tasks", namespace="ncm-cg": 4 EntitiesWriter:152 [] Row count for day: [2026-02-09] is count: [12408], parts: [0]
[2026-02-11T17:01:30.480Z] INFO Activity Executor taskQueue="hydra-billing-tasks", namespace="ncm-cg": 4 EntitiesWriter:169 [] No configuration found clusterId: [0006437f-fcaf-c4c4-0000-0000000193e2] on date: [2026-02-11]
[2026-02-11T17:01:30.480Z] INFO Activity Executor taskQueue="hydra-billing-tasks", namespace="ncm-cg": 4 EntitiesWriter:169 [] No configuration found clusterId: [0006437f-fcaf-c4c4-0000-0000000193e2] on date: [2026-02-11]
[2026-02-11T17:01:30.480Z] INFO Activity Executor taskQueue="hydra-billing-tasks", namespace="ncm-cg": 4 EntitiesWriter:169 [] No configuration found clusterId: [0006437f-fcaf-c4c4-0000-0000000193e2] on date: [2026-02-11]
[2026-02-11T17:01:30.480Z] INFO Activity Executor taskQueue="hydra-billing-tasks", namespace="ncm-cg": 4 EntitiesWriter:169 [] No configuration found clusterId: [0006437f-fcaf-c4c4-0000-0000000193e2] on date: [2026-02-11]
[2026-02-11T17:01:30.480Z] INFO Activity Executor taskQueue="hydra-billing-tasks", namespace="ncm-cg": 4 EntitiesWriter:169 [] No configuration found clusterId: [0006437f-fcaf-c4c4-0000-0000000193e2] on date: [2026-02-11]
[2026-02-11T17:01:30.480Z] INFO Activity Executor taskQueue="hydra-billing-tasks", namespace="ncm-cg": 4 EntitiesWriter:169 [] No configuration found clusterId: [0006437f-fcaf-c4c4-0000-0000000193e2] on date: [2026-02-11]
[2026-02-11T17:01:30.480Z] INFO Activity Executor taskQueue="hydra-billing-tasks", namespace="ncm-cg": 4 EntitiesWriter:169 [] No configuration found clusterId: [0006437f-fcaf-c4c4-0000-0000000193e2] on date: [2026-02-11]
[2026-02-11T17:01:30.481Z] INFO Activity Executor taskQueue="hydra-billing-tasks", namespace="ncm-cg": 4 EntitiesWriter:169 [] No configuration found clusterId: [0006437f-fcaf-c4c4-0000-0000000193e2] on date: [2026-02-11]
[2026-02-11T17:01:30.481Z] INFO Activity Executor taskQueue="hydra-billing-tasks", namespace="ncm-cg": 4 EntitiesWriter:169 [] No configuration found clusterId: [0006437f-fcaf-c4c4-0000-0000000193e2] on date: [2026-02-11]
[2026-02-11T17:01:30.481Z] INFO Activity Executor taskQueue="hydra-billing-tasks", namespace="ncm-cg": 4 EntitiesWriter:169 [] No configuration found clusterId: [0006437f-fcaf-c4c4-0000-0000000193e2] on date: [2026-02-11]
[2026-02-11T17:01:30.481Z] INFO Activity Executor taskQueue="hydra-billing-tasks", namespace="ncm-cg": 4 EntitiesWriter:169 [] No configuration found clusterId: [0006437f-fcaf-c4c4-0000-0000000193e2] on date: [2026-02-11]
[2026-02-11T17:01:30.481Z] INFO Activity Executor taskQueue="hydra-billing-tasks", namespace="ncm-cg": 4 EntitiesWriter:169 [] No configuration found clusterId: [0006437f-fcaf-c4c4-0000-0000000193e2] on date: [2026-02-11]
[2026-02-11T17:01:30.481Z] INFO Activity Executor taskQueue="hydra-billing-tasks", namespace="ncm-cg": 4 EntitiesWriter:169 [] No configuration found clusterId: [0006437f-fcaf-c4c4-0000-0000000193e2] on date: [2026-02-11]
[2026-02-11T17:01:30.481Z] INFO Activity Executor taskQueue="hydra-billing-tasks", namespace="ncm-cg": 4 EntitiesWriter:169 [] No configuration found clusterId: [0006437f-fcaf-c4c4-0000-0000000193e2] on date: [2026-02-11]
[2026-02-11T17:01:30.481Z] INFO Activity Executor taskQueue="hydra-billing-tasks", namespace="ncm-cg": 4 EntitiesWriter:169 [] No configuration found clusterId: [0006437f-fcaf-c4c4-0000-0000000193e2] on date: [2026-02-11]
[2026-02-11T17:01:30.481Z] INFO Activity Executor taskQueue="hydra-billing-tasks", namespace="ncm-cg": 4 EntitiesWriter:169 [] No configuration found clusterId: [0006437f-fcaf-c4c4-0000-0000000193e2] on date: [2026-02-11]
[2026-02-11T17:01:30.481Z] INFO Activity Executor taskQueue="hydra-billing-tasks", namespace="ncm-cg": 4 EntitiesWriter:169 [] No configuration found clusterId: [0006437f-fcaf-c4c4-0000-0000000193e2] on date: [2026-02-11]
[2026-02-11T17:01:30.481Z] INFO Activity Executor taskQueue="hydra-billing-tasks", namespace="ncm-cg": 4 EntitiesWriter:169 [] No configuration found clusterId: [0006437f-fcaf-c4c4-0000-0000000193e2] on date: [2026-02-11]
[2026-02-11T17:01:30.481Z] INFO Activity Executor taskQueue="hydra-billing-tasks", namespace="ncm-cg": 4 EntitiesWriter:169 [] No configuration found clusterId: [0006437f-fcaf-c4c4-0000-0000000193e2] on date: [2026-02-11]
[2026-02-11T17:01:30.481Z] INFO Activity Executor taskQueue="hydra-billing-tasks", namespace="ncm-cg": 4 EntitiesWriter:169 [] No configuration found clusterId: [0006437f-fcaf-c4c4-0000-0000000193e2] on date: [2026-02-11]
[2026-02-11T17:01:30.481Z] INFO Activity Executor taskQueue="hydra-billing-tasks", namespace="ncm-cg": 4 EntitiesWriter:169 [] No configuration found clusterId: [0006437f-fcaf-c4c4-0000-0000000193e2] on date: [2026-02-11]
[2026-02-11T17:01:30.481Z] INFO Activity Executor taskQueue="hydra-billing-tasks", namespace="ncm-cg": 4 EntitiesWriter:169 [] No configuration found clusterId: [0006437f-fcaf-c4c4-0000-0000000193e2] on date: [2026-02-11]
[2026-02-11T17:01:30.482Z] INFO Activity Executor taskQueue="hydra-billing-tasks", namespace="ncm-cg": 4 EntitiesWriter:169 [] No configuration found clusterId: [0006437f-fcaf-c4c4-0000-0000000193e2] on date: [2026-02-11]
[2026-02-11T17:01:30.482Z] INFO Activity Executor taskQueue="hydra-billing-tasks", namespace="ncm-cg": 4 EntitiesWriter:152 [] Row count for day: [2026-02-10] is count: [12417], parts: [0]
[2026-02-11T17:01:30.482Z] INFO Activity Executor taskQueue="hydra-billing-tasks", namespace="ncm-cg": 4 VmEntitiesWriter:238 [] Total VM config rows scanned: [18863] for customerHash: [59d5de78-a964-5746-8c6e-677c4c7a79df], startDate: [2026-02-01], endDate: [2026-02-11]
[2026-02-11T17:01:30.482Z] INFO Activity Executor taskQueue="hydra-billing-tasks", namespace="ncm-cg": 4 DailyBillGenerator:141 [] Generated bills for customerHash: [59d5de78-a964-5746-8c6e-677c4c7a79df] in time: [8] secs!
[2026-02-11T17:01:30.490Z] INFO Activity Executor taskQueue="hydra-billing-tasks", namespace="ncm-cg": 4 DailyBillPublisher:91 [] Max current Publish Date: [2026-02-11], Max published date: [2026-02-11], Max date for bill to be published: [2026-02-11]
[2026-02-11T17:01:30.490Z] INFO Activity Executor taskQueue="hydra-billing-tasks", namespace="ncm-cg": 4 DailyBillPublisher:174 [] No dates to remove found for startPublishDate: [2025-02-01]
[2026-02-11T17:01:30.496Z] INFO Activity Executor taskQueue="hydra-billing-tasks", namespace="ncm-cg": 4 DailyBillPublisher:101 [] Publishing new bills for date(s): [[20260209, 20260208, 20260211, 20260210, 20260205, 20260204, 20260207, 20260206, 20260201, 20260203, 20260202]], bills for date(s): [[20260209, 20260208, 20260211, 20260210, 20260207]] already exist.
[2026-02-11T17:01:30.576Z] INFO Activity Executor taskQueue="hydra-billing-tasks", namespace="ncm-cg": 4 AwsClient:67 [] Putting object at path: /tmp/ce9e6284-b308-4261-9346-48e6c53c88d0/59d5de78-a964-5746-8c6e-677c4c7a79df/2026/FEBRUARY/9/bill-0.csv.gz, to S3 bucket: nx-bills at key: v2/59d5de78-a964-5746-8c6e-677c4c7a79df/2026/2/9/ce9e6284-b308-4261-9346-48e6c53c88d0/part-0.csv.gz
[2026-02-11T17:01:30.689Z] INFO Activity Executor taskQueue="hydra-billing-tasks", namespace="ncm-cg": 4 AwsClient:79 [] Object uploaded to bucket: nx-bills, with key: v2/59d5de78-a964-5746-8c6e-677c4c7a79df/2026/2/9/ce9e6284-b308-4261-9346-48e6c53c88d0/part-0.csv.gz from path: /tmp/ce9e6284-b308-4261-9346-48e6c53c88d0/59d5de78-a964-5746-8c6e-677c4c7a79df/2026/FEBRUARY/9/bill-0.csv.gz with version: 1
[2026-02-11T17:01:30.697Z] INFO Activity Executor taskQueue="hydra-billing-tasks", namespace="ncm-cg": 4 AwsClient:67 [] Putting object at path: /tmp/ce9e6284-b308-4261-9346-48e6c53c88d0/59d5de78-a964-5746-8c6e-677c4c7a79df/2026/FEBRUARY/8/bill-0.csv.gz, to S3 bucket: nx-bills at key: v2/59d5de78-a964-5746-8c6e-677c4c7a79df/2026/2/8/ce9e6284-b308-4261-9346-48e6c53c88d0/part-0.csv.gz
[2026-02-11T17:01:30.849Z] INFO Activity Executor taskQueue="hydra-billing-tasks", namespace="ncm-cg": 4 AwsClient:79 [] Object uploaded to bucket: nx-bills, with key: v2/59d5de78-a964-5746-8c6e-677c4c7a79df/2026/2/8/ce9e6284-b308-4261-9346-48e6c53c88d0/part-0.csv.gz from path: /tmp/ce9e6284-b308-4261-9346-48e6c53c88d0/59d5de78-a964-5746-8c6e-677c4c7a79df/2026/FEBRUARY/8/bill-0.csv.gz with version: 1
[2026-02-11T17:01:30.858Z] INFO Activity Executor taskQueue="hydra-billing-tasks", namespace="ncm-cg": 4 AwsClient:67 [] Putting object at path: /tmp/ce9e6284-b308-4261-9346-48e6c53c88d0/59d5de78-a964-5746-8c6e-677c4c7a79df/2026/FEBRUARY/11/bill-0.csv.gz, to S3 bucket: nx-bills at key: v2/59d5de78-a964-5746-8c6e-677c4c7a79df/2026/2/11/ce9e6284-b308-4261-9346-48e6c53c88d0/part-0.csv.gz
[2026-02-11T17:01:30.900Z] INFO Activity Executor taskQueue="hydra-billing-tasks", namespace="ncm-cg": 4 AwsClient:79 [] Object uploaded to bucket: nx-bills, with key: v2/59d5de78-a964-5746-8c6e-677c4c7a79df/2026/2/11/ce9e6284-b308-4261-9346-48e6c53c88d0/part-0.csv.gz from path: /tmp/ce9e6284-b308-4261-9346-48e6c53c88d0/59d5de78-a964-5746-8c6e-677c4c7a79df/2026/FEBRUARY/11/bill-0.csv.gz with version: 1
[2026-02-11T17:01:30.955Z] INFO Activity Executor taskQueue="hydra-billing-tasks", namespace="ncm-cg": 4 AwsClient:67 [] Putting object at path: /tmp/ce9e6284-b308-4261-9346-48e6c53c88d0/59d5de78-a964-5746-8c6e-677c4c7a79df/2026/FEBRUARY/10/bill-0.csv.gz, to S3 bucket: nx-bills at key: v2/59d5de78-a964-5746-8c6e-677c4c7a79df/2026/2/10/ce9e6284-b308-4261-9346-48e6c53c88d0/part-0.csv.gz
[2026-02-11T17:01:31.048Z] INFO Activity Executor taskQueue="hydra-billing-tasks", namespace="ncm-cg": 4 AwsClient:79 [] Object uploaded to bucket: nx-bills, with key: v2/59d5de78-a964-5746-8c6e-677c4c7a79df/2026/2/10/ce9e6284-b308-4261-9346-48e6c53c88d0/part-0.csv.gz from path: /tmp/ce9e6284-b308-4261-9346-48e6c53c88d0/59d5de78-a964-5746-8c6e-677c4c7a79df/2026/FEBRUARY/10/bill-0.csv.gz with version: 1
[2026-02-11T17:01:31.049Z] INFO Activity Executor taskQueue="hydra-billing-tasks", namespace="ncm-cg": 4 DailyBillPublisher:271 [] No Bill paths present for customerHash: [59d5de78-a964-5746-8c6e-677c4c7a79df] for date: [20260205] in workflowId: [ce9e6284-b308-4261-9346-48e6c53c88d0]
[2026-02-11T17:01:31.049Z] INFO Activity Executor taskQueue="hydra-billing-tasks", namespace="ncm-cg": 4 DailyBillPublisher:271 [] No Bill paths present for customerHash: [59d5de78-a964-5746-8c6e-677c4c7a79df] for date: [20260204] in workflowId: [ce9e6284-b308-4261-9346-48e6c53c88d0]
[2026-02-11T17:01:31.056Z] INFO Activity Executor taskQueue="hydra-billing-tasks", namespace="ncm-cg": 4 AwsClient:67 [] Putting object at path: /tmp/ce9e6284-b308-4261-9346-48e6c53c88d0/59d5de78-a964-5746-8c6e-677c4c7a79df/2026/FEBRUARY/7/bill-0.csv.gz, to S3 bucket: nx-bills at key: v2/59d5de78-a964-5746-8c6e-677c4c7a79df/2026/2/7/ce9e6284-b308-4261-9346-48e6c53c88d0/part-0.csv.gz
[2026-02-11T17:01:31.096Z] INFO Activity Executor taskQueue="hydra-billing-tasks", namespace="ncm-cg": 4 AwsClient:79 [] Object uploaded to bucket: nx-bills, with key: v2/59d5de78-a964-5746-8c6e-677c4c7a79df/2026/2/7/ce9e6284-b308-4261-9346-48e6c53c88d0/part-0.csv.gz from path: /tmp/ce9e6284-b308-4261-9346-48e6c53c88d0/59d5de78-a964-5746-8c6e-677c4c7a79df/2026/FEBRUARY/7/bill-0.csv.gz with version: 1
[2026-02-11T17:01:31.148Z] INFO Activity Executor taskQueue="hydra-billing-tasks", namespace="ncm-cg": 4 DailyBillPublisher:271 [] No Bill paths present for customerHash: [59d5de78-a964-5746-8c6e-677c4c7a79df] for date: [20260206] in workflowId: [ce9e6284-b308-4261-9346-48e6c53c88d0]
[2026-02-11T17:01:31.148Z] INFO Activity Executor taskQueue="hydra-billing-tasks", namespace="ncm-cg": 4 DailyBillPublisher:271 [] No Bill paths present for customerHash: [59d5de78-a964-5746-8c6e-677c4c7a79df] for date: [20260201] in workflowId: [ce9e6284-b308-4261-9346-48e6c53c88d0]
[2026-02-11T17:01:31.148Z] INFO Activity Executor taskQueue="hydra-billing-tasks", namespace="ncm-cg": 4 DailyBillPublisher:271 [] No Bill paths present for customerHash: [59d5de78-a964-5746-8c6e-677c4c7a79df] for date: [20260203] in workflowId: [ce9e6284-b308-4261-9346-48e6c53c88d0]
[2026-02-11T17:01:31.148Z] INFO Activity Executor taskQueue="hydra-billing-tasks", namespace="ncm-cg": 4 DailyBillPublisher:271 [] No Bill paths present for customerHash: [59d5de78-a964-5746-8c6e-677c4c7a79df] for date: [20260202] in workflowId: [ce9e6284-b308-4261-9346-48e6c53c88d0]
[2026-02-11T17:01:31.149Z] INFO Activity Executor taskQueue="hydra-billing-tasks", namespace="ncm-cg": 4 DailyBillPublisher:290 [] Successfully uploaded all bills for days(s): [[20260209, 20260208, 20260211, 20260210, 20260205, 20260204, 20260207, 20260206, 20260201, 20260203, 20260202]] for customerHash: [59d5de78-a964-5746-8c6e-677c4c7a79df] to bucket: [nx-bills]
[2026-02-11T17:01:31.149Z] INFO Activity Executor taskQueue="hydra-billing-tasks", namespace="ncm-cg": 4 DailyBillPublisher:108 [] Generating new manifest for customerHash: [59d5de78-a964-5746-8c6e-677c4c7a79df] with publishEpoch: [1770829291149]
[2026-02-11T17:01:31.149Z] INFO Activity Executor taskQueue="hydra-billing-tasks", namespace="ncm-cg": 4 DailyBillPublisher:326 [] Adding new bills metadata for date: [20260209] in manifest for customerHash: [59d5de78-a964-5746-8c6e-677c4c7a79df]
[2026-02-11T17:01:31.149Z] INFO Activity Executor taskQueue="hydra-billing-tasks", namespace="ncm-cg": 4 DailyBillPublisher:326 [] Adding new bills metadata for date: [20260208] in manifest for customerHash: [59d5de78-a964-5746-8c6e-677c4c7a79df]
[2026-02-11T17:01:31.149Z] INFO Activity Executor taskQueue="hydra-billing-tasks", namespace="ncm-cg": 4 DailyBillPublisher:326 [] Adding new bills metadata for date: [20260211] in manifest for customerHash: [59d5de78-a964-5746-8c6e-677c4c7a79df]
[2026-02-11T17:01:31.149Z] INFO Activity Executor taskQueue="hydra-billing-tasks", namespace="ncm-cg": 4 DailyBillPublisher:326 [] Adding new bills metadata for date: [20260210] in manifest for customerHash: [59d5de78-a964-5746-8c6e-677c4c7a79df]
[2026-02-11T17:01:31.149Z] INFO Activity Executor taskQueue="hydra-billing-tasks", namespace="ncm-cg": 4 DailyBillPublisher:326 [] Adding new bills metadata for date: [20260207] in manifest for customerHash: [59d5de78-a964-5746-8c6e-677c4c7a79df]
[2026-02-11T17:01:31.173Z] INFO Activity Executor taskQueue="hydra-billing-tasks", namespace="ncm-cg": 4 AwsClient:101 [] Object uploaded to bucket: nx-bills, with key: v2/59d5de78-a964-5746-8c6e-677c4c7a79df/manifest.json with version: 4
[2026-02-11T17:01:31.174Z] INFO Activity Executor taskQueue="hydra-billing-tasks", namespace="ncm-cg": 4 DailyBillPublisher:113 [] Successfully uploaded manifest to s3 bucket with versionId: [4] for customerHash: [59d5de78-a964-5746-8c6e-677c4c7a79df]
[2026-02-11T17:01:31.259Z] INFO Activity Executor taskQueue="hydra-billing-tasks", namespace="ncm-cg": 4 DailyBillPublisher:243 [] Successfully persisted updates for yearMonth(s): [[20260209, 20260208, 20260211, 20260210, 20260207]] for customerHash: [59d5de78-a964-5746-8c6e-677c4c7a79df], publishEpoch: [1770829291149], manifestVersionId: [4]
[2026-02-11T17:01:31.259Z] INFO Activity Executor taskQueue="hydra-billing-tasks", namespace="ncm-cg": 4 DailyBillPublisher:118 [] Published bills for customerHash: [59d5de78-a964-5746-8c6e-677c4c7a79df] in [1] secs!
[2026-02-11T17:01:31.259Z] INFO Activity Executor taskQueue="hydra-billing-tasks", namespace="ncm-cg": 4 DailyBillPublisher:155 [] Raising billing end event for customerHash: [59d5de78-a964-5746-8c6e-677c4c7a79df], event: [NXCBillingEndEventEntity(super=NXCEventBaseEntity(customerHash=59d5de78-a964-5746-8c6e-677c4c7a79df, updatedAtEpochMillis=1770829291259), manifestVersionId=1770829291149, clusterIds=null)]
[2026-02-11T17:01:31.261Z] INFO Activity Executor taskQueue="hydra-billing-tasks", namespace="ncm-cg": 4 StatusTracker:25 [] Successfully added event for customerHash: [59d5de78-a964-5746-8c6e-677c4c7a79df], with eventEntity: [NXCBillingEndEventEntity(super=NXCEventBaseEntity(customerHash=59d5de78-a964-5746-8c6e-677c4c7a79df, updatedAtEpochMillis=1770829291259), manifestVersionId=1770829291149, clusterIds=null)]
[2026-02-11T17:01:41.268Z] INFO Activity Executor taskQueue="hydra-billing-tasks", namespace="ncm-cg": 4 BillingTaskConsumer:64 [] Marking payload: [BillingTaskPayload(customerHash=59d5de78-a964-5746-8c6e-677c4c7a79df, workflowId=ce9e6284-b308-4261-9346-48e6c53c88d0, startDate=2026-02-01, endDate=2026-02-11, clusterIds=null, isOnboardingOrDeletion=false, deletionPCs=[], activePcs=[cd3caa79-323c-4844-9041-a007cbb87a86], onboardingPCs=[])] as COMPLETE
[2026-02-11T17:01:41.322Z] INFO Activity Executor taskQueue="hydra-billing-tasks", namespace="ncm-cg": 4 HydraModuleRoutineActivitiesImpl:55 [] Trigger Ingestion Activity Starts for jobId ce9e6284-b308-4261-9346-48e6c53c88d0
[2026-02-11T17:01:51.323Z] INFO Activity Executor taskQueue="hydra-billing-tasks", namespace="ncm-cg": 4 TriggerIngestionTaskHandler:21 [] Handling ingestion task for customerHash: 59d5de78-a964-5746-8c6e-677c4c7a79df
